{"type":"FeatureCollection","name":"admin2_chn_cn-gs","adm0A3":"CHN","parentCode":"CN-GS","parentName":"Gansu","bbox":[92.78866470800006,32.58700487900006,108.67953176400005,42.793518540000036],"features":[{"type":"Feature","properties":{"code":"CN062010","name":"Baiyin","label":"Baiyin · 白银市","type":"Prefecture-level city","parentCode":"CN-GS"},"geometry":{"type":"Polygon","coordinates":[[[104.22649195600007,37.41893224700004],[104.27983749000003,37.42069170700006],[104.36128940400005,37.42782458100004],[104.43119673600006,37.41119547000005],[104.52291684200009,37.42303467500005],[104.59997410300008,37.40294615800008],[104.66199446600007,37.399519962000056],[104.73139399800004,37.40236255900004],[104.79995493600006,37.417490015000055],[104.81597896100004,37.41813015400004],[104.82750034200006,37.406239337000045],[104.81317641100009,37.380954521000035],[104.76741116600004,37.34616054900005],[104.74693011400007,37.33297871700006],[104.70598281600007,37.306593974000066],[104.68282015900007,37.30399474200004],[104.64762664800008,37.30007489600007],[104.61767740500005,37.26999806400005],[104.64104243800006,37.242137967000076],[104.66911908200007,37.22270239300008],[104.74901844700008,37.22597494100006],[104.85600352900008,37.21045174400007],[104.89405271100009,37.12248307300007],[104.93064185100008,37.08937161400007],[104.95915351600007,37.05682275800007],[105.02034171300005,37.03173574300007],[105.11715471200006,37.00353911700006],[105.15365568200008,36.964767994000056],[105.16868486400006,36.94878758200008],[105.16120808300008,36.86878597500004],[105.18838581300008,36.87246070500004],[105.25971190400008,36.900789091000036],[105.29148531100009,36.867410998000025],[105.31970362000004,36.81706258300005],[105.32318109100004,36.741900464000025],[105.23807948700005,36.69891674100006],[105.22291295500008,36.66823666300007],[105.24824907600004,36.60893563900004],[105.25898377100003,36.527838476000056],[105.34956933500007,36.51520743200007],[105.39738582300004,36.47618493700003],[105.42764255500003,36.40729137500006],[105.46910030800007,36.32677353300005],[105.48661498800004,36.296405899000035],[105.48687926500008,36.252520193000066],[105.49710139300004,36.198007877000066],[105.50369830000005,36.165317970000046],[105.50691061900005,36.11055868500006],[105.49272293400008,36.07347578300005],[105.45525724000004,36.03555904600006],[105.41628942500006,36.02318709700006],[105.35747588000004,35.99178843900006],[105.33240652900008,35.943302722000055],[105.32321193700005,35.902719099000024],[105.33284806700004,35.85917097400005],[105.38330799400006,35.83357140600003],[105.38397787300005,35.82261793400005],[105.37135035300008,35.800204250000036],[105.37730028300007,35.77846948200005],[105.41025245400004,35.772349002000055],[105.44763711800005,35.770035601000075],[105.48565348400007,35.75676268800004],[105.51538677800005,35.73196715100005],[105.52956609600005,35.721729337000056],[105.54835102100009,35.71872974200005],[105.57029222200003,35.701204000000075],[105.58928506300003,35.69454956800007],[105.60469090400005,35.70971837800005],[105.62031963900006,35.721236575000034],[105.63150076700003,35.72893895400006],[105.65704187300008,35.729816354000036],[105.69902164700005,35.72758900800005],[105.73193569400007,35.72138482300005],[105.74183294900007,35.71074093300007],[105.73294543900005,35.70312576300006],[105.70763480600004,35.69861522600007],[105.71307708400008,35.68416203900006],[105.74061472900007,35.64850596600007],[105.78954970400008,35.60841050200003],[105.36155361300007,35.492058204000045],[105.31230967800008,35.486058995000064],[105.28052537200006,35.47610462000006],[105.25474460500004,35.44329730000004],[105.20913219300007,35.45516784900008],[105.17300059500008,35.43917978300004],[105.13765298000004,35.41219176900006],[105.10018792800008,35.408539474000065],[105.06221187800008,35.430069840000044],[104.99581240500004,35.428831428000024],[104.97389391500008,35.47156556900006],[104.94755913700004,35.496417536000024],[104.94231002300006,35.53163299100004],[104.94899081100004,35.55966887000005],[104.96304911500005,35.58459497300004],[104.97756170900004,35.61457137100007],[104.99103218700009,35.64177643700003],[105.00507455800005,35.668528122000055],[105.00486095500008,35.70563895600003],[104.97397751400007,35.72952199400004],[104.94018209400008,35.73091084600003],[104.89838998600004,35.73813906000004],[104.86185314700003,35.761460689000046],[104.85774912400007,35.793019411000046],[104.84736405800004,35.82815043000005],[104.82029726700006,35.85342634500006],[104.77539074900005,35.86927421100006],[104.76951001800006,35.90309270900008],[104.75403592700007,35.93631109900008],[104.71776199700008,35.96554532400006],[104.68404841900008,35.982443801000045],[104.65174597300006,36.009439978000046],[104.62963987400008,36.03474973900006],[104.59480603900005,36.02732925200007],[104.55840479100004,36.01620523300005],[104.49544529900004,36.02189686600008],[104.49990401800005,36.06930273800003],[104.53098303500008,36.11012939200003],[104.56775169700006,36.13088769600006],[104.59502067800008,36.14735946900004],[104.58842217400007,36.18298592200006],[104.55508082800009,36.202147800000034],[104.54069091700006,36.23169186900003],[104.53204909800007,36.25765995100005],[104.51954863200007,36.30005460600006],[104.51495709100004,36.34304491800003],[104.50280768500005,36.37261938200004],[104.46802110500005,36.39906276800008],[104.42480038200006,36.42412027200004],[104.41722156500003,36.39537834600003],[104.40448802300006,36.38426072300007],[104.36697283400008,36.38789191500007],[104.31350013700006,36.33272110900003],[104.26113017200004,36.354138963000025],[104.24049246400006,36.35849022200006],[104.19803919800006,36.33808332500007],[104.18138918800008,36.289802587000054],[104.13198798500008,36.27933479100005],[104.10532971900005,36.297139997000045],[104.08026700200008,36.33512527000005],[104.06679139600004,36.36509122600006],[104.06947251900004,36.403630709000026],[104.06368051700008,36.441083122000066],[104.04928468300005,36.48064819800004],[104.03269618100006,36.51741922600007],[104.01615357700007,36.55235716800007],[103.99590649600003,36.57897306700005],[103.97188043900007,36.61558564400008],[103.95397890400005,36.655530645000056],[103.94433537100008,36.686940148000076],[103.95708225100009,36.71331681200007],[103.97521817900008,36.74896821700003],[103.94449254000006,36.76344922900006],[103.90266912600003,36.78455787400003],[103.85749344300007,36.803746302000036],[103.81384121400004,36.81150439600003],[103.77292519500008,36.80693716900004],[103.73570920200007,36.79511388700007],[103.70339805800006,36.77514191300003],[103.66365963700008,36.79942536100003],[103.63855218200007,36.82331172900007],[103.60790200900004,36.85243950200004],[103.59464284400008,36.913726471000075],[103.58836873000007,36.94198655400004],[103.57899617800007,36.99078454800008],[103.58005738700007,37.035706677000064],[103.59265857800006,37.06394807600003],[103.60874992900006,37.09089921000003],[103.62999918200006,37.11888457200007],[103.64974368800006,37.14133015200008],[103.66764149400007,37.16739535100004],[103.69080449100005,37.205946234000066],[103.70846186500006,37.23887314500007],[103.75314992600005,37.255907286000024],[103.78725849100005,37.264453279000065],[103.79591854800009,37.29396070200005],[103.79250925500008,37.32365864800005],[103.77173116700004,37.35664434300003],[103.75752654000007,37.38290071100005],[103.76315143200009,37.416469059000065],[103.77916271000004,37.44934293500006],[103.78222980200007,37.49018544300003],[103.78917311800006,37.53522845900005],[103.79509785000005,37.57704656300007],[103.83265700000004,37.62307130900007],[103.85635253000004,37.591128232000074],[103.92140634500004,37.56291897800003],[103.98019777600007,37.52098609600006],[104.04222544800007,37.482734348000065],[104.10435363300007,37.441765875000044],[104.20164428600003,37.418109378000054],[104.22649195600007,37.41893224700004]]]}},{"type":"Feature","properties":{"code":"CN062020","name":"Dingxi","label":"Dingxi · 定西市","type":"Prefecture-level city","parentCode":"CN-GS"},"geometry":{"type":"Polygon","coordinates":[[[104.62963987400008,36.03474973900006],[104.65174597300006,36.009439978000046],[104.68404841900008,35.982443801000045],[104.71776199700008,35.96554532400006],[104.75403592700007,35.93631109900008],[104.76951001800006,35.90309270900008],[104.77539074900005,35.86927421100006],[104.82029726700006,35.85342634500006],[104.84736405800004,35.82815043000005],[104.85774912400007,35.793019411000046],[104.86185314700003,35.761460689000046],[104.89838998600004,35.73813906000004],[104.94018209400008,35.73091084600003],[104.97397751400007,35.72952199400004],[105.00486095500008,35.70563895600003],[105.00507455800005,35.668528122000055],[104.99103218700009,35.64177643700003],[104.97756170900004,35.61457137100007],[104.96304911500005,35.58459497300004],[104.94899081100004,35.55966887000005],[104.94231002300006,35.53163299100004],[104.94755913700004,35.496417536000024],[104.97389391500008,35.47156556900006],[104.99581240500004,35.428831428000024],[105.06221187800008,35.430069840000044],[105.10018792800008,35.408539474000065],[105.13765298000004,35.41219176900006],[105.17300059500008,35.43917978300004],[105.20913219300007,35.45516784900008],[105.25474460500004,35.44329730000004],[105.28052537200006,35.47610462000006],[105.31230967800008,35.486058995000064],[105.36155361300007,35.492058204000045],[105.38404002400006,35.45516744100007],[105.40567128700008,35.43384595600003],[105.44074344500007,35.37644329400007],[105.47354540100008,35.35475449100005],[105.51164636100003,35.35280207200003],[105.54227281400006,35.325112501000035],[105.56113484400004,35.29640434500004],[105.56939881400007,35.265317700000026],[105.56648552600006,35.23275464900007],[105.58373595700004,35.19761441400004],[105.63096354400005,35.149537751000025],[105.58460622800004,35.13346254600003],[105.54333891300007,35.12990825800006],[105.53596643000009,35.09914237400005],[105.52311952900004,35.061449509000056],[105.48843675900008,35.068474249000076],[105.46803240100007,35.09028631900003],[105.44257567700004,35.11250548900006],[105.42737563200006,35.08532204200003],[105.41564711700005,35.05038225000004],[105.34769160300004,35.051070021000044],[105.29313995000007,35.03952470300004],[105.27742024000008,35.014146622000055],[105.26925521300006,34.97097848100003],[105.24875004000006,34.93362611300006],[105.21478786000006,34.93325146700005],[105.15605999900004,34.946786839000026],[105.11859024000006,34.92571601000003],[105.05657834400006,34.93890004200006],[104.97395046900004,34.94590260800004],[104.92506397600005,34.94020995000005],[104.87637381200005,34.95008371400007],[104.87784271100008,34.915016439000055],[104.86059375600007,34.86047739400004],[104.82222752900009,34.85947045800003],[104.77612048500004,34.856963746000076],[104.73161214000004,34.856301536000046],[104.67810172500003,34.86052459800004],[104.63421982700004,34.85754370400008],[104.59336088500004,34.845432806000076],[104.58981567300003,34.81099057700004],[104.59667572200004,34.78221494500008],[104.60308142800005,34.74930677300006],[104.60078080800008,34.70984447600006],[104.62539590500006,34.68090138900004],[104.65934519800004,34.677764790000026],[104.70214042500004,34.67614009700003],[104.72549553800008,34.65127931100005],[104.72135632500004,34.615915345000076],[104.70264341900008,34.58765833100006],[104.71198012500008,34.54561559000007],[104.74824222600006,34.53607833900003],[104.77680113200006,34.499822437000034],[104.78194745300004,34.469632165000064],[104.80704290400007,34.414512380000076],[104.84525890800006,34.41231620900004],[104.88195457600006,34.428880623000055],[104.91271853600006,34.43893821200004],[104.94583241500004,34.443515027000046],[104.99128807400007,34.439991802000065],[105.04584957800006,34.42372903900008],[105.01594874000006,34.39812507000005],[104.98645476800004,34.38031313100004],[104.94782321000008,34.37659226200003],[104.90648030900007,34.370984349000025],[104.85921362500005,34.35748582100007],[104.85768484600004,34.32765246100007],[104.85225298300008,34.29960017700006],[104.83383682500005,34.258977913000024],[104.80228702100004,34.23833561600003],[104.75381865300005,34.23349342400007],[104.71063995600008,34.23880033100005],[104.68120537000004,34.22366333900004],[104.63710131400006,34.22159044600005],[104.60319141700006,34.209578487000044],[104.56911038200008,34.20397303000004],[104.51496809400004,34.20673627100007],[104.48109229900007,34.21394805500006],[104.45184958500005,34.23408656500004],[104.42863005500004,34.274499064000054],[104.41364677000007,34.31643005900003],[104.37746137200008,34.32541331300007],[104.35041431000008,34.34372633500004],[104.30076801900009,34.35886278500004],[104.26331856400009,34.35356666100006],[104.23456459300007,34.371825596000065],[104.20079942500007,34.37300604500007],[104.17117177900008,34.34765849900003],[104.14415039900007,34.31042933500004],[104.15529086200007,34.27257567600003],[104.17129882400008,34.23711729900003],[104.18720555100003,34.20486204800005],[104.15334846900004,34.193641412000034],[104.12021594600009,34.19435414600008],[104.09210853600007,34.17589847800008],[104.06736166800005,34.15657862000006],[104.02091732100007,34.143223815000056],[103.98486849400007,34.16586040400006],[103.95876436200007,34.18731999500005],[103.93445992700003,34.22074566400005],[103.91585066200008,34.247869138000056],[103.87841096500006,34.27639956100006],[103.83958428500006,34.28058524200003],[103.79702563100005,34.280995662000066],[103.75465192900003,34.27681486700004],[103.71572449900003,34.28370460800005],[103.73109039500008,34.31663848100004],[103.75766713500008,34.34569122400006],[103.77998568600003,34.38611570300003],[103.79760678600007,34.419080131000044],[103.81285501300005,34.45703736400003],[103.81541666700008,34.49378685800008],[103.81773912100005,34.52181699800008],[103.81947496400005,34.550755037000044],[103.82510437300004,34.579313343000024],[103.84042926300003,34.616341609000074],[103.85747724600009,34.65203456200004],[103.85972240800004,34.68280647700004],[103.86227499300009,34.72047078400004],[103.89621211300005,34.75102249500003],[103.93782664900004,34.73679351800007],[103.97835906700004,34.72114922700007],[104.02161238600007,34.75690501300005],[104.00304364100003,34.780361466000045],[103.98353042700006,34.81479586200004],[103.99098262300004,34.84154534500004],[104.02385123500005,34.873412786000074],[104.03811546700007,34.913131699000076],[103.97357414900006,34.91132681000005],[103.93773926300008,34.933486885000036],[103.91167659700005,34.96226916200004],[103.82907978000009,34.99200925300005],[103.79530384000009,34.99826882200006],[103.78099328400003,35.010770543000035],[103.75336870600006,35.06489822300006],[103.75583839900008,35.07559024200003],[103.72554178500008,35.11260931800007],[103.71471503100008,35.148574428000074],[103.70325477300008,35.18590265200004],[103.70525198600006,35.22216243200006],[103.71741639400005,35.255913734000046],[103.73582293000004,35.287044191000064],[103.75617465900007,35.326933317000055],[103.77900664200007,35.360915085000045],[103.80054793200009,35.39990145400003],[103.81309092400005,35.424932229000035],[103.84181802500007,35.46295360100004],[103.83932205400004,35.494538083000066],[103.82052343900006,35.520032024000045],[103.78484450100007,35.54734315800005],[103.77499879400006,35.586484633000055],[103.76933459400004,35.615263550000066],[103.75490236500008,35.62776187400004],[103.75113510200003,35.632859532000055],[103.73023503500008,35.64238999500003],[103.65682467800008,35.67835663300008],[103.64927408200003,35.68854580500005],[103.65046991200006,35.71501945800003],[103.64203729500008,35.73573419000007],[103.59658527400006,35.75721729600008],[103.58188524900004,35.772322848000044],[103.57322222500005,35.79566291000003],[103.55873642900008,35.80813824400008],[103.52458681000007,35.81432190400005],[103.46251606300007,35.898349745000075],[103.49278729100007,35.916973393000035],[103.54015082600006,35.94562799600004],[103.56969977700004,35.91197353300004],[103.58259394600009,35.91039993900006],[103.61050780500005,35.90699335200003],[103.64942169500006,35.92165845200003],[103.69392890500006,35.92361301600005],[103.71674934800006,35.90168044300003],[103.74555495800007,35.88537824800005],[103.78345334500005,35.86698867000007],[103.79930785200008,35.83389518600006],[103.83159119700008,35.813986030000024],[103.85341656600008,35.78651131300006],[103.91766584400006,35.753070895000064],[103.95495518300004,35.73278161300004],[103.99614618600003,35.71302386100007],[104.03345762300006,35.70737285700005],[104.07763906400004,35.68077586900006],[104.10300544300009,35.64462346700003],[104.12077246000007,35.59960971000004],[104.12555136000009,35.57312113800003],[104.15608418500005,35.54897404900004],[104.19343267300007,35.55702945400003],[104.20880987900006,35.53211735000008],[104.25077795900006,35.536580240000035],[104.24231189800008,35.574461247000045],[104.25523567600004,35.61090335100005],[104.27135248700006,35.63503399000007],[104.30234458300004,35.66951764400005],[104.33274098100009,35.70626838600003],[104.36409792600006,35.73019944500004],[104.39242447600009,35.76231832900004],[104.40690217700006,35.78731509100004],[104.41896037800007,35.818684501000064],[104.43600803300006,35.85288379700006],[104.44187104100007,35.884599525000056],[104.44633329900006,35.92591161800004],[104.45734106200007,35.95541888200006],[104.49544529900004,36.02189686600008],[104.55840479100004,36.01620523300005],[104.59480603900005,36.02732925200007],[104.62963987400008,36.03474973900006]]]}},{"type":"Feature","properties":{"code":"CN062030","name":"Gannan Tibetan Autonomous Prefecture","label":"Gannan Tibetan Autonomous Prefecture · 甘南藏族自治州","type":"Autonomous prefecture","parentCode":"CN-GS"},"geometry":{"type":"Polygon","coordinates":[[[102.71497385900005,35.51410152200003],[102.76494641300008,35.476976044000025],[102.81126658000005,35.49351709700005],[102.87047873500006,35.48749608800006],[102.89917567600008,35.46267488800004],[102.93263971000005,35.443025886000044],[102.95703367000004,35.40155718900007],[102.95895574600007,35.372729124000045],[102.96278610400009,35.33891050900007],[102.96606804500004,35.30461719700003],[102.96333948600005,35.26785622700004],[102.96858349900003,35.23912337300004],[103.00318598100006,35.25296542500007],[103.03319950800005,35.26941604700005],[103.09094585900004,35.25454481300005],[103.14079732600004,35.22842560700008],[103.17988811000004,35.229503117000036],[103.22736784500006,35.23079256900007],[103.27823950900006,35.217943529000024],[103.30809169300005,35.18664214300003],[103.33104433100004,35.146438069000055],[103.38320533300003,35.11924309500006],[103.45125454100008,35.11606598800006],[103.49907515300004,35.121389847000046],[103.52977525800009,35.135446183000056],[103.56382352400004,35.10785393500004],[103.60642330600007,35.08871267600006],[103.66837546800008,35.074603179000064],[103.71240748700006,35.03115836300003],[103.72944632700006,34.992583496000066],[103.73305779800006,34.95552690400007],[103.79077496500008,34.977016511000045],[103.81703647400008,34.959727576000034],[103.82907978000009,34.99200925300005],[103.91167659700005,34.96226916200004],[103.93773926300008,34.933486885000036],[103.97357414900006,34.91132681000005],[104.03811546700007,34.913131699000076],[104.02385123500005,34.873412786000074],[103.99098262300004,34.84154534500004],[103.98353042700006,34.81479586200004],[104.00304364100003,34.780361466000045],[104.02161238600007,34.75690501300005],[103.97835906700004,34.72114922700007],[103.93782664900004,34.73679351800007],[103.89621211300005,34.75102249500003],[103.86227499300009,34.72047078400004],[103.85972240800004,34.68280647700004],[103.85747724600009,34.65203456200004],[103.84042926300003,34.616341609000074],[103.82510437300004,34.579313343000024],[103.81947496400005,34.550755037000044],[103.81773912100005,34.52181699800008],[103.81541666700008,34.49378685800008],[103.81285501300005,34.45703736400003],[103.79760678600007,34.419080131000044],[103.77998568600003,34.38611570300003],[103.75766713500008,34.34569122400006],[103.73109039500008,34.31663848100004],[103.71572449900003,34.28370460800005],[103.75465192900003,34.27681486700004],[103.79702563100005,34.280995662000066],[103.83958428500006,34.28058524200003],[103.87841096500006,34.27639956100006],[103.91585066200008,34.247869138000056],[103.93445992700003,34.22074566400005],[103.95876436200007,34.18731999500005],[103.98486849400007,34.16586040400006],[104.02091732100007,34.143223815000056],[104.04292270900004,34.09459858900004],[104.04850623200008,34.05846561300007],[104.05836948500007,34.01574425500007],[104.12646844500006,33.97977305000006],[104.17792038900006,33.95327286700007],[104.22207678700005,33.930276613000046],[104.27236253100006,33.90371078100003],[104.31311236700009,33.882456869000066],[104.34933321600005,33.86569533900007],[104.39950354000007,33.84045159100003],[104.43336378400005,33.80801795900004],[104.45232545000005,33.77715032200007],[104.48955989500007,33.75990470900007],[104.52347892600005,33.743505639000034],[104.51449940700007,33.709853621000036],[104.50367086000006,33.68442950200006],[104.51910474500005,33.640173805000074],[104.53810711800008,33.605162688000064],[104.56615988000004,33.56068443700008],[104.57207369700006,33.52036074200004],[104.60751736100008,33.50350330300006],[104.64356427200005,33.483893986000055],[104.67316829100008,33.45866271400007],[104.70228618000004,33.43020252200006],[104.71653439700003,33.40609630400007],[104.72481036900007,33.37959977300005],[104.74272614900008,33.338561439000046],[104.72183990600007,33.29829742100003],[104.67294650900004,33.28972627500008],[104.65194934600004,33.25679405200003],[104.63469162300004,33.22713090600007],[104.59995518300008,33.22104866500007],[104.56089358500009,33.23508947700003],[104.52632668200005,33.245457335000026],[104.51028760200006,33.261460587000045],[104.50254465200004,33.27594073300003],[104.48649149100004,33.29245853400005],[104.46408800800003,33.30324558500007],[104.43621367300005,33.31213715600006],[104.38035490900006,33.33002042500004],[104.32797444100004,33.32938768500003],[104.27682572300006,33.37231472000008],[104.22678393000007,33.399288144000025],[104.20010611000004,33.45043953600003],[104.18978756900003,33.51750541500007],[104.18137406400007,33.572124065000025],[104.05536546600007,33.679809817000034],[104.05144680300003,33.68314568400007],[104.02043762300008,33.686972609000065],[104.00579760500005,33.67738019500007],[103.90126161100005,33.68113428000004],[103.84168524100005,33.68528192800005],[103.78184769600006,33.66451257800003],[103.70489779100006,33.680147419000036],[103.62791707000008,33.695735969000054],[103.54174317400003,33.67790168800008],[103.53615045200007,33.676740394000035],[103.50834118900008,33.72147520800007],[103.51915929800003,33.83130474300003],[103.47703294600007,33.82198101500006],[103.45178052700004,33.781554698000036],[103.39109895000007,33.74456365900005],[103.32816158100007,33.76161022700006],[103.19281042500006,33.77642391400008],[103.17845389400009,33.81561071200008],[103.19005671400004,33.85978423300003],[103.19184614400007,33.91585141500008],[103.12297138200006,33.96090002400007],[103.16077851000006,34.020734092000055],[103.15360435500008,34.03988150400005],[103.18333875000008,34.07882771800007],[103.14119869600006,34.14489753700008],[103.08793278900004,34.17302265100005],[103.05345725100005,34.17553802000003],[103.00117328400006,34.19214047000003],[102.98224587200008,34.25591034900003],[102.96303980200008,34.27454880100004],[102.93985390800003,34.297029415000054],[102.90187178700006,34.30108321400007],[102.89614698600008,34.27854721600005],[102.87832168200003,34.25532019100007],[102.78221750000006,34.27819429400006],[102.77202682700005,34.26892856200004],[102.73525612100008,34.235477923000076],[102.72747421100007,34.211925877000056],[102.61972264300005,34.13447910100007],[102.65799464300005,34.10298746800004],[102.65842242500008,34.07457947700004],[102.57655775800004,34.08835495400007],[102.51343570200004,34.055230900000026],[102.47227083400008,34.082058575000076],[102.45588930200006,34.09172476900005],[102.40945661500007,34.06933528500008],[102.36896888600006,34.03129246800006],[102.33295663700005,34.015731876000075],[102.30471748000008,33.99975839700005],[102.26247798900005,34.00014519200005],[102.19714304500008,33.97143328900006],[102.18240923500008,33.96428072900005],[102.15323359900003,33.94687692800005],[102.15415326800007,33.93760362200004],[102.18788992100008,33.90864488100004],[102.22252269700004,33.87040225700002],[102.23937185700004,33.85591187800003],[102.26267574500008,33.854263669000034],[102.26417747400006,33.83881001300006],[102.26689108600004,33.81098864300003],[102.26900647300005,33.78934540400007],[102.30084237500006,33.77890100500008],[102.30969628300005,33.76701289700003],[102.29032482000008,33.728472812000064],[102.29182727300008,33.713015136000024],[102.31568301600004,33.70517498700008],[102.33804412200004,33.71279328300005],[102.35402689300008,33.62668876200007],[102.37139741500005,33.60599448500005],[102.39668727400004,33.58267655100008],[102.48483752300007,33.544553837000024],[102.48629455900004,33.52908828500006],[102.46602597000003,33.499848978000045],[102.47803055800006,33.453922533000025],[102.47127724400008,33.444175879000056],[102.44164055200008,33.433012803000054],[102.39207975800008,33.38950121400006],[102.36921904500008,33.388078965000034],[102.32931782600008,33.40425354900003],[102.30615872600004,33.40591377900006],[102.26250790500006,33.381382881000036],[102.24265260100003,33.34900745300007],[102.22772566700007,33.30520456900007],[102.22731881600004,33.27022981300007],[102.21450786100007,33.24451573700003],[102.19929069400007,33.24354760800003],[102.17223069600004,33.28539157800003],[102.15548779600005,33.299877183000035],[102.13325625900006,33.29222430900006],[102.11346914400008,33.25982648400003],[102.09493050600008,33.215050606000034],[102.05721321000004,33.20948980700007],[102.01313174500007,33.19105082200008],[101.98829889100006,33.13338712800004],[101.95883719100004,33.12210954300008],[101.92752830400008,33.12937897900002],[101.90285991700006,33.146425632000046],[101.86776629500008,33.190798518000065],[101.82597943900004,33.22536576600004],[101.82407952400007,33.24391918800006],[101.84626538400005,33.25163071900005],[101.90524248900005,33.27422835800007],[101.93068845500005,33.325719744000025],[101.94948013000004,33.36742423000004],[101.94324257300008,33.429266821000056],[101.94167913100006,33.44472491300007],[101.92172705200005,33.490092986000036],[101.91514452300004,33.55501601100008],[101.89579012200005,33.59419702500003],[101.86270454000004,33.616902423000056],[101.84520460800007,33.63752668300003],[101.82449803200006,33.61436455100005],[101.80539281100005,33.575744292000024],[101.79672596800003,33.525015824000036],[101.76195627400006,33.521798259000036],[101.71150629900006,33.50060435600005],[101.66378856500006,33.48491679600005],[101.63509046400009,33.49720054800002],[101.60296701300007,33.531489011000076],[101.61194500200008,33.57125164000007],[101.60480518100007,33.59745477600006],[101.59846932000005,33.65752298600006],[101.58966592000007,33.68876811800004],[101.56508253900006,33.70264240500006],[101.53449545800004,33.70054160700005],[101.46799176500008,33.67415165800003],[101.45752694300006,33.664086835000035],[101.42313027900008,33.66168977500007],[101.35764266100006,33.65862613300004],[101.30480219900005,33.65934887800006],[101.26171031300004,33.671422749000044],[101.17828823600007,33.66012302000007],[101.18380635000005,33.69967898400006],[101.20472727500004,33.74923442100004],[101.19726771400008,33.78892761000003],[101.16452824000004,33.83356020200006],[101.05881662300004,33.89179018600004],[100.98367712100008,33.95127935900007],[100.91731044000005,34.02058141900005],[100.91599158500009,34.02195815700003],[100.88137068200007,34.09237580800004],[100.82923264600004,34.160600362000025],[100.83986566700008,34.250366169000074],[100.83995724700009,34.26364668400004],[100.84050915600005,34.34027736300004],[100.93047226500005,34.35845342400006],[101.00997620000004,34.371356493000064],[101.01681382000004,34.36653697100007],[101.05459546100008,34.339891754000064],[101.21820082200009,34.331966101000035],[101.24225895700005,34.29010702100004],[101.31917992300004,34.26129966700006],[101.34396896600003,34.24747475400005],[101.36806924300004,34.23982453900004],[101.45894988800006,34.22434907500008],[101.50878883500008,34.19355953400003],[101.57166939100006,34.185412891000055],[101.63263949000009,34.158442740000055],[101.65031484100007,34.137859899000034],[101.66862639900006,34.11110017100003],[101.69716448000008,34.09746487600006],[101.73270967900004,34.09051425000007],[101.77628599300004,34.043648974000064],[101.79613217100007,34.038749489000054],[101.83774194500006,34.04772811200007],[101.87370395800008,34.07174796800007],[101.91794881900006,34.135990580000055],[101.93040320800009,34.14391705700007],[101.96857219400005,34.10550432000008],[102.01722833700006,34.10509378000006],[102.02704046600007,34.150177359000054],[102.00236551200004,34.16458399700008],[102.01307488100008,34.172870164000074],[102.03621478800005,34.190766686000075],[102.04789181300004,34.23951619300004],[102.08111391900007,34.28341678700008],[102.15877922200008,34.27057419700003],[102.19125999800008,34.27795557300004],[102.18587133300008,34.32116128800004],[102.17305728100007,34.327463710000075],[102.24450305600004,34.34438763700007],[102.22097217800007,34.36957659600006],[102.19638651900004,34.42757218100007],[102.18460058700003,34.489894925000044],[102.10804304200008,34.52329423500004],[102.02833702500004,34.520883877000074],[102.01721543700006,34.52680765900004],[101.96726490200007,34.553392975000065],[101.92893959200006,34.62378501200004],[101.93693407200004,34.67584017000007],[101.89613731100007,34.67230473700005],[101.85441795800006,34.64327039300008],[101.82219558100007,34.60960221800008],[101.80769283600006,34.59931938900007],[101.79222395000005,34.59829770400006],[101.75514781700008,34.61761543600005],[101.72350800400005,34.65904472400007],[101.72220557100007,34.67139552300006],[101.74413598500007,34.685286046000044],[101.76046327300008,34.68997471000006],[101.79342637000008,34.70735517400004],[101.83547703700003,34.74416112100005],[101.86469049200008,34.76089876000003],[101.90679483000008,34.73075814900005],[101.95588025500007,34.751696483000046],[101.93948378600004,34.878586072000076],[102.00664886600003,34.930873304000045],[102.03069899100007,34.96882929000003],[102.08653981000003,34.96882001200004],[102.11987646000006,34.98481969900007],[102.19737515300005,35.02195978900005],[102.26650820700007,35.05733208300006],[102.29471927600008,35.05462721200007],[102.31591571900009,35.11187605300006],[102.38131895100008,35.15227427900004],[102.43240487200006,35.19087896000008],[102.40362850400004,35.23353977200003],[102.34601165600009,35.261120961000074],[102.34650391300005,35.278911384000025],[102.29120988800008,35.28263732600004],[102.31679544300005,35.36506081300007],[102.31213700200004,35.433973329000025],[102.43900622700005,35.41942419800006],[102.44388321600007,35.418863239000075],[102.51243307400006,35.523266842000055],[102.58923145700004,35.53135075300003],[102.71352723400008,35.51284723600003],[102.71497385900005,35.51410152200003]]]}},{"type":"Feature","properties":{"code":"CN062040","name":"Jiayuguan","label":"Jiayuguan · 嘉峪关市","type":"Prefecture-level city","parentCode":"CN-GS"},"geometry":{"type":"Polygon","coordinates":[[[98.37204557600006,39.51394029100004],[98.39129454600004,39.46363639000003],[98.33429174800006,39.46973659300005],[98.29775223500008,39.483536523000055],[98.25864388600007,39.49901071600004],[98.22679028700009,39.51308944400006],[98.17785818600004,39.53113884000004],[98.13665547800008,39.54368606200006],[98.10239002000009,39.55252376300007],[98.06635161100007,39.55618524300007],[98.02767702700004,39.561956045000045],[97.98910860100005,39.576936868000075],[97.95561878000007,39.589010005000034],[97.91895625000006,39.60270272500003],[97.87896580600005,39.60421762400006],[97.82879234400008,39.606416237000076],[97.77892277500007,39.61092431600008],[97.79392434600004,39.63953463200005],[97.84146493900005,39.65464928200004],[97.88705044600005,39.66639759800006],[97.91740448900003,39.68633722800007],[97.93639392600005,39.711965199000076],[97.95447927700008,39.74535201000003],[97.96758589500007,39.780717982000056],[97.97382337500005,39.82391131000003],[97.99125240400008,39.858173142000055],[98.00697499400007,39.89185923500003],[98.02007318600005,39.91754651400004],[98.03646951300004,39.945757627000035],[98.04964143100005,39.976056914000026],[98.06498390700006,40.00833232800005],[98.08972812100006,40.042128913000056],[98.12152993700005,40.06191147700008],[98.17288427800008,40.04650467600004],[98.21799213600008,40.03877701700003],[98.27195352100006,40.021458463000045],[98.32046317600003,40.00976499700005],[98.37580376800008,40.01688041700004],[98.41635043400004,40.028121860000056],[98.45253743600006,40.030341985000064],[98.49740844000007,40.024338509000074],[98.52711676300004,39.95531548800005],[98.52964904500004,39.92695260600004],[98.52626034300005,39.89823567500008],[98.51170432600009,39.851814553000054],[98.48650181400006,39.83187770700005],[98.43714960500006,39.825635841000064],[98.39454626700007,39.81242711800007],[98.37034338300003,39.78931363200007],[98.36780973800006,39.75879384800004],[98.38079914600007,39.727862008000045],[98.39818181800007,39.699969871000064],[98.40864047900004,39.670264891000045],[98.41362940600004,39.63608698100006],[98.41798653800004,39.602318136000065],[98.41046753900008,39.57380483000003],[98.39248422800006,39.54877449900005],[98.37204557600006,39.51394029100004]]]}},{"type":"Feature","properties":{"code":"CN062050","name":"Jinchang","label":"Jinchang · 金昌市","type":"Prefecture-level city","parentCode":"CN-GS"},"geometry":{"type":"Polygon","coordinates":[[[102.07819521800008,38.010428226000045],[102.03202524000005,38.023493905000066],[101.99458475500006,38.02858597900007],[101.95723881000004,38.041463677000024],[101.91831161600004,38.06069997800006],[101.88565214600004,38.072352710000075],[101.85054471500007,38.07657499700008],[101.81231581200007,38.075164907000044],[101.75751810900005,38.078638015000024],[101.71314436100005,38.082474630000036],[101.69381254900009,38.05835988700005],[101.65799044700003,38.04691161300008],[101.63603679300007,38.071752823000054],[101.59173255800005,38.07417513900003],[101.55148476000005,38.059775829000046],[101.52210715500007,38.03936978200005],[101.48607519600006,38.022820298000056],[101.44420758500007,38.01565982300008],[101.40290593300006,38.01721956600005],[101.40939332000005,38.04912505100003],[101.42861608000004,38.090246113000035],[101.44414564800007,38.12617581100005],[101.47435856200008,38.15167192100006],[101.50112732600007,38.177035286000034],[101.50655826400003,38.216682657000035],[101.48959688900004,38.251788228000066],[101.47696807700004,38.291650693000065],[101.45966069000008,38.331779993000055],[101.41898578400009,38.35539157200003],[101.39261099800007,38.38231536700005],[101.42681218400008,38.40202398100007],[101.46977418600005,38.41335504600005],[101.51384287200005,38.43434293900003],[101.51962471900003,38.46070668500005],[101.51358678500009,38.48936637300005],[101.51334986500007,38.52696205500007],[101.50813367400008,38.568957246000025],[101.51041073100004,38.59564096100007],[101.51220325500009,38.629193875000055],[101.51611914300008,38.666037336000045],[101.56843316300007,38.69727354400004],[101.64403606500008,38.641000218000045],[101.73868615100008,38.67290615200005],[101.76525870300009,38.65887642800004],[101.80001734400008,38.64041593200005],[101.86004743100005,38.64002509000005],[101.88623873800009,38.64990053400004],[101.90210634500005,38.704545222000036],[101.94965878900007,38.769381312000064],[102.01269816000007,38.805469526000024],[102.09856854800006,38.87354012800006],[101.98921225000004,38.98418518200003],[102.03128063400004,38.98587844700006],[102.07213437400009,38.98087514500003],[102.11590483600008,38.96632346600006],[102.18193158600008,38.94288706900005],[102.22879113600004,38.934826875000056],[102.26486695400007,38.930522420000045],[102.31087846000008,38.92653567200006],[102.36044763600006,38.912095270000066],[102.39403666600003,38.899425456000074],[102.42441279600007,38.87059344700003],[102.41513792900008,38.837743542000055],[102.39759476300009,38.806005388000074],[102.40759711200008,38.77422777800007],[102.40929182700006,38.73394224200007],[102.40457223600004,38.70352605000005],[102.42454192600007,38.671157090000065],[102.42201345300003,38.633026818000076],[102.42949261200005,38.60392628300008],[102.44311661900008,38.56951995700007],[102.46897828900006,38.54558706800003],[102.49578297300008,38.52580331200005],[102.52795281300007,38.503432401000055],[102.53563159200007,38.459207562000074],[102.55967248300004,38.42466152700007],[102.59371267300008,38.40966905500005],[102.64224511900005,38.40702567000005],[102.68533454900006,38.39687235100007],[102.72247018400009,38.35535129300007],[102.73009728400007,38.32074738100005],[102.74128308300004,38.27341574700006],[102.74379110200005,38.23636521900005],[102.71223368000005,38.20562998300005],[102.65623900200006,38.17644352800005],[102.59945791900009,38.18387371600005],[102.54157236400005,38.17932464200004],[102.48605573600008,38.16383124500004],[102.43660804300004,38.15445955400003],[102.38170957700004,38.14902432200006],[102.32276393000006,38.13334445400005],[102.28133138500004,38.12646497700007],[102.24313996900008,38.11418878500007],[102.21645094000007,38.08395092200004],[102.17746262900005,38.05604158700004],[102.11953332600007,38.034801136000056],[102.07819521800008,38.010428226000045]]]}},{"type":"Feature","properties":{"code":"CN062060","name":"Jiuquan","label":"Jiuquan · 酒泉市","type":"Prefecture-level city","parentCode":"CN-GS"},"geometry":{"type":"Polygon","coordinates":[[[99.54272473900005,39.89767469000003],[99.48384240100006,39.90013247100006],[99.44005675400007,39.89088056600008],[99.40092537500004,39.87083687900008],[99.35110223000004,39.85066342500005],[99.29561622500006,39.83383215600003],[99.24761897600007,39.819691540000065],[99.20911212500005,39.80008552500004],[99.17778691000007,39.77443832900008],[99.13241935800005,39.770049121000056],[99.08622106400009,39.79134409100004],[99.04865862900004,39.82092744800008],[99.03152793700008,39.785014803000024],[98.99397533500007,39.76263746300003],[98.95965851600005,39.75515016000003],[98.92453251500007,39.72692017900005],[98.91809660800004,39.697588360000054],[98.90614292400005,39.66976719000007],[98.88215556800009,39.643545018000054],[98.84390505800008,39.62889487500007],[98.85337689300007,39.578424434000055],[98.89258618400004,39.57244060000005],[98.94730331900007,39.56550606700006],[98.98347584600003,39.577247758000055],[99.01589535700003,39.59657709000004],[99.06205633600007,39.58634826200006],[99.08943152400008,39.56813682100005],[99.12572626100007,39.55549110900006],[99.15592761600004,39.538355015000036],[99.18363292900005,39.51647062700005],[99.20697393000006,39.490666590000046],[99.22242722200008,39.45476722300003],[99.24614820500005,39.41887328000007],[99.26427812900005,39.39139097100008],[99.30131046000008,39.37001268800003],[99.35208923900007,39.370976566000024],[99.39157202200005,39.34235369500004],[99.37314146400007,39.28896899800003],[99.31866061800008,39.27219278900003],[99.28475365800006,39.256525983000074],[99.24288042700005,39.232147962000056],[99.21949953400008,39.21199918800005],[99.19919119000008,39.16407385400004],[99.14937991200009,39.198859079000044],[99.11907096900006,39.24170501800006],[99.08865094900005,39.27949288700006],[99.04759978200008,39.293692296000074],[99.01372067800008,39.30690644800006],[98.97097856700003,39.32006735900006],[98.93310673300005,39.331656871000064],[98.89419242000008,39.34180037400006],[98.85139672900004,39.35492191000003],[98.80923927900005,39.37311506400005],[98.77318590300007,39.389371563000054],[98.72995407700006,39.406103001000076],[98.68935312600007,39.420224682000025],[98.62637310700006,39.44401510300003],[98.59338410300006,39.45856975800007],[98.56067888700005,39.470376755000075],[98.52158854900006,39.48087016300008],[98.47451518700007,39.49912819100007],[98.42840369000004,39.50317727700008],[98.37204557600006,39.51394029100004],[98.39248422800006,39.54877449900005],[98.41046753900008,39.57380483000003],[98.41798653800004,39.602318136000065],[98.41362940600004,39.63608698100006],[98.40864047900004,39.670264891000045],[98.39818181800007,39.699969871000064],[98.38079914600007,39.727862008000045],[98.36780973800006,39.75879384800004],[98.37034338300003,39.78931363200007],[98.39454626700007,39.81242711800007],[98.43714960500006,39.825635841000064],[98.48650181400006,39.83187770700005],[98.51170432600009,39.851814553000054],[98.52626034300005,39.89823567500008],[98.52964904500004,39.92695260600004],[98.52711676300004,39.95531548800005],[98.49740844000007,40.024338509000074],[98.45253743600006,40.030341985000064],[98.41635043400004,40.028121860000056],[98.37580376800008,40.01688041700004],[98.32046317600003,40.00976499700005],[98.27195352100006,40.021458463000045],[98.21799213600008,40.03877701700003],[98.17288427800008,40.04650467600004],[98.12152993700005,40.06191147700008],[98.08972812100006,40.042128913000056],[98.06498390700006,40.00833232800005],[98.04964143100005,39.976056914000026],[98.03646951300004,39.945757627000035],[98.02007318600005,39.91754651400004],[98.00697499400007,39.89185923500003],[97.99125240400008,39.858173142000055],[97.97382337500005,39.82391131000003],[97.96758589500007,39.780717982000056],[97.95447927700008,39.74535201000003],[97.93639392600005,39.711965199000076],[97.91740448900003,39.68633722800007],[97.88705044600005,39.66639759800006],[97.84146493900005,39.65464928200004],[97.79392434600004,39.63953463200005],[97.75697288400005,39.65547962200003],[97.67832804900007,39.674553349000064],[97.62687918700004,39.670837326000026],[97.59577658700005,39.652113574000055],[97.58159829700008,39.62222674600008],[97.54447345800008,39.608425692000026],[97.50869144600006,39.60392989600007],[97.52804279700007,39.547290614000076],[97.51196664400004,39.51925722800007],[97.47857103000007,39.48856484600003],[97.45928143300006,39.46539983000008],[97.47180250800005,39.438733900000045],[97.51194223200008,39.43411776100004],[97.53340130200007,39.40565916800006],[97.52683961400004,39.370510172000024],[97.52396707100007,39.331844885000066],[97.54084558500006,39.307477051000035],[97.57192234600006,39.292378177000046],[97.61115057600006,39.27966225000006],[97.63236696300004,39.25230755200005],[97.60910002200006,39.22997883000005],[97.56515283600004,39.22067124100005],[97.52587107900007,39.219506479000074],[97.48285371900005,39.22040009800003],[97.44178996700003,39.20620106900003],[97.40839374300003,39.18746064700008],[97.38084859600008,39.158544506000055],[97.38061423500005,39.15457630100008],[97.34512068700008,39.177691854000045],[97.18224139000006,39.221133456000075],[97.14616144200005,39.23072375700008],[96.98730256600004,39.18923111000004],[96.96385434300004,39.127094139000064],[96.92989969700005,39.08443536500005],[97.00882804700007,39.01280076000006],[96.99907795100006,38.96719735100004],[97.00553264200005,38.91694690400004],[96.99549107800004,38.873108054000056],[96.97056615600007,38.77957569200004],[97.00008914900008,38.71198951500003],[96.95148641000009,38.67323141700007],[96.96396422600009,38.628951294000046],[97.00130776500004,38.57019106900003],[96.98744489300003,38.50811283100006],[96.98697648000007,38.43423783700007],[96.99388208400006,38.39465197000004],[96.99117175600009,38.36339918800007],[96.97620123700005,38.35571083600007],[96.90113337000008,38.34197709000006],[96.81993267900003,38.33997771200006],[96.76169361600006,38.34645893900006],[96.71220659100004,38.37240841400006],[96.67471401300008,38.39956420400006],[96.63536947700004,38.41413535500004],[96.58507109400006,38.421357956000065],[96.53729191900004,38.45983334400006],[96.52487164400009,38.483349677000035],[96.52282495900005,38.51723777800004],[96.52882741100007,38.53389949800004],[96.36943498700003,38.58166707600003],[96.30507386200009,38.61781384100004],[96.26177570100003,38.61656695100004],[96.24645966000008,38.616123482000035],[96.16270353000004,38.62838725600005],[96.04314047000008,38.70716113000003],[95.99289293100009,38.75452952100005],[95.90670084000004,38.77923620000007],[95.87257315600004,38.809531658000026],[95.77231762300005,38.851423888000056],[95.72977630900004,38.84500838300005],[95.69668287400003,38.88163825500004],[95.67645646900007,38.92503853800008],[95.61458776000006,38.99966048400006],[95.54978277000004,39.01579456700006],[95.49874180000006,39.02805041000005],[95.48632277300004,39.04904329200008],[95.41252451100007,39.08022954300003],[95.34681526600008,39.13017828100004],[95.27100176000005,39.21836388000003],[95.26151419900003,39.21819882900007],[95.21788765100007,39.20434459100005],[95.11083412300007,39.18062364700006],[95.04836449000004,39.201285228000074],[95.02557131300006,39.21391120000004],[95.00303505600004,39.219396878000055],[94.89753310900005,39.252095772000075],[94.86075638600005,39.239800149000075],[94.81771090500007,39.23483672300006],[94.76938023400004,39.23820077100004],[94.69230075700006,39.24805602400005],[94.65510618300004,39.26074314300007],[94.63084356400003,39.28568677900006],[94.60766983900004,39.29703962600007],[94.59099948300008,39.30521685400004],[94.52478286500008,39.308186430000035],[94.44123510200006,39.302813075000074],[94.40271314200004,39.30452007700006],[94.30404809400005,39.31967005700005],[94.20673758700008,39.33939816900005],[94.13000161600007,39.30774561100003],[94.12361839000005,39.27648366000005],[94.08568786700005,39.28086614000006],[94.05776349200005,39.27209809400006],[93.99832413400009,39.27114491800006],[93.85427361500007,39.269667628000036],[93.80510855100005,39.276170130000025],[93.69164257700004,39.271100398000044],[93.62426714500003,39.27348898200006],[93.46390410100008,39.29108521300003],[93.45369556600008,39.27274241600003],[93.44202878700008,39.22908096500004],[93.36108484000005,39.196398326000065],[93.32794383700008,39.21103999700006],[93.29190293200008,39.18580235100006],[93.20299047700007,39.17803229700007],[93.15695256500004,39.18110414600005],[93.11322181900005,39.15841394100005],[93.06741730300007,39.18124691100007],[93.04336640400004,39.16645857800006],[93.01277546200004,39.12835883200006],[92.92421493900008,39.17286627100003],[92.92772841800007,39.28440958200008],[92.97145691200006,39.38982215300007],[92.93133919600007,39.46459214300006],[92.88526381300005,39.50803026300008],[92.85558035800005,39.52214281200003],[92.85453594400008,39.52392851600007],[92.81950948400004,39.58394699000007],[92.81627735200004,39.694986216000075],[92.79519211600007,39.83068323300006],[92.78866470800006,39.935031577000075],[92.90193166800003,40.06928347400003],[92.95093766600007,40.179888445000074],[92.89723233200004,40.25390700300005],[92.89166593500005,40.462737952000055],[92.89064368000004,40.50307726600005],[92.90002877400008,40.509679592000055],[93.05891562900007,40.50014739300008],[93.36227505200009,40.47019160700006],[93.46508657000004,40.50365138500007],[93.57464767200008,40.56660436900006],[93.65522633200004,40.60794143000004],[93.76457561900008,40.72188177100003],[93.80957006700004,40.81986543700003],[93.81844769000008,40.83500086500004],[93.82544341900007,40.846936922000054],[93.82942327800004,40.856398854000076],[93.87620712700004,40.892581103000055],[93.94460346600005,40.97984045800007],[93.95411379700005,41.03038107500004],[94.02933902000007,41.08785342900006],[94.11103440800008,41.14424805500005],[94.20382896700005,41.20637345700004],[94.37187727700007,41.340031950000025],[94.44469376100005,41.371801256000026],[94.51240566500007,41.438855818000036],[94.62120784400008,41.55544839000004],[94.68549837200004,41.58249787400007],[94.78351326700005,41.64203747500005],[94.83098370100004,41.661795151000035],[94.88984281400008,41.686258672000065],[94.96332380500007,41.71148639000006],[95.20308052000007,41.78452238600005],[95.28020788600008,41.79290101300006],[95.39121938700004,41.79232771000005],[95.53599711100009,41.84999039100006],[95.59293756800008,41.84885544400004],[95.59834746100006,41.84842950900003],[95.70940985800007,41.83962193100007],[95.79910902100005,41.834674524000036],[95.92035525000006,41.832041669000034],[96.08680381900007,41.96392961300006],[96.10446073800006,41.98724901800006],[96.05746973000004,42.006664803000035],[96.05581701200003,42.07823674800005],[96.07407164100005,42.14288401300007],[96.08494555700008,42.23907034300004],[96.08607991600007,42.30287909000003],[96.07367174500007,42.378778502000046],[96.05257922100009,42.48611051300003],[96.04083906000005,42.602499986000055],[96.10607897800008,42.631554306000055],[96.21655972200006,42.65884035100004],[96.28733263000004,42.68567322900003],[96.34752643500008,42.71589008400008],[96.39555374700006,42.71846936000003],[96.44382425200007,42.722463352000034],[96.58372922000007,42.732983810000064],[96.69313050600005,42.74395562500007],[96.77821931200003,42.74969293500004],[96.84058455200005,42.75495672100004],[96.97287804000007,42.75247521600005],[97.02178442300004,42.761806111000055],[97.09974858800007,42.778486687000054],[97.13040433700007,42.78603183800004],[97.17141844400004,42.793518540000036],[97.41892455600004,42.359127648000026],[97.66427245700004,41.97290114300006],[97.85628111900007,41.64313388700003],[97.74594712900006,41.566552957000056],[97.61290977500005,41.48122546900004],[97.99826737300003,41.06897010200004],[98.24463076000006,40.92595242400006],[98.38203494300006,40.90221754300006],[98.40279869200003,40.80709472500007],[98.28881247900006,40.52747794600003],[98.28614249300006,40.520904708000046],[98.65779055300004,40.51533825900003],[98.88045813600007,40.72654718500007],[99.20553782900004,40.84062894200008],[99.59875732400008,40.829325710000035],[99.68220510000003,40.91965596600005],[99.97047570700005,40.88318506600007],[100.08025840800008,40.87927476200008],[100.18773647700004,40.81018116800004],[100.26875037000008,40.66004597400007],[100.23388717200004,40.55870728600007],[100.10203832400003,40.420658238000044],[100.01784688900005,40.34772026500008],[100.00192007300006,40.267055062000054],[99.98884170600007,40.200711487000035],[99.70963395100006,40.06447620200004],[99.59985744500005,40.00849236800008],[99.55844381100007,39.91103347500007],[99.54272473900005,39.89767469000003]]]}},{"type":"Feature","properties":{"code":"CN062070","name":"Lanzhou","label":"Lanzhou · 兰州市","type":"Prefecture-level city","parentCode":"CN-GS"},"geometry":{"type":"Polygon","coordinates":[[[103.35784956100008,36.918467769000074],[103.38124364400005,36.892945378000036],[103.38844341700008,36.85784586400007],[103.41391649500008,36.82229188700006],[103.45163386000007,36.84888607400006],[103.48009195300006,36.86470509500003],[103.52966558400004,36.86773730700003],[103.57184995100005,36.85500519400006],[103.60790200900004,36.85243950200004],[103.63855218200007,36.82331172900007],[103.66365963700008,36.79942536100003],[103.70339805800006,36.77514191300003],[103.73570920200007,36.79511388700007],[103.77292519500008,36.80693716900004],[103.81384121400004,36.81150439600003],[103.85749344300007,36.803746302000036],[103.90266912600003,36.78455787400003],[103.94449254000006,36.76344922900006],[103.97521817900008,36.74896821700003],[103.95708225100009,36.71331681200007],[103.94433537100008,36.686940148000076],[103.95397890400005,36.655530645000056],[103.97188043900007,36.61558564400008],[103.99590649600003,36.57897306700005],[104.01615357700007,36.55235716800007],[104.03269618100006,36.51741922600007],[104.04928468300005,36.48064819800004],[104.06368051700008,36.441083122000066],[104.06947251900004,36.403630709000026],[104.06679139600004,36.36509122600006],[104.08026700200008,36.33512527000005],[104.10532971900005,36.297139997000045],[104.13198798500008,36.27933479100005],[104.18138918800008,36.289802587000054],[104.19803919800006,36.33808332500007],[104.24049246400006,36.35849022200006],[104.26113017200004,36.354138963000025],[104.31350013700006,36.33272110900003],[104.36697283400008,36.38789191500007],[104.40448802300006,36.38426072300007],[104.41722156500003,36.39537834600003],[104.42480038200006,36.42412027200004],[104.46802110500005,36.39906276800008],[104.50280768500005,36.37261938200004],[104.51495709100004,36.34304491800003],[104.51954863200007,36.30005460600006],[104.53204909800007,36.25765995100005],[104.54069091700006,36.23169186900003],[104.55508082800009,36.202147800000034],[104.58842217400007,36.18298592200006],[104.59502067800008,36.14735946900004],[104.56775169700006,36.13088769600006],[104.53098303500008,36.11012939200003],[104.49990401800005,36.06930273800003],[104.49544529900004,36.02189686600008],[104.45734106200007,35.95541888200006],[104.44633329900006,35.92591161800004],[104.44187104100007,35.884599525000056],[104.43600803300006,35.85288379700006],[104.41896037800007,35.818684501000064],[104.40690217700006,35.78731509100004],[104.39242447600009,35.76231832900004],[104.36409792600006,35.73019944500004],[104.33274098100009,35.70626838600003],[104.30234458300004,35.66951764400005],[104.27135248700006,35.63503399000007],[104.25523567600004,35.61090335100005],[104.24231189800008,35.574461247000045],[104.25077795900006,35.536580240000035],[104.20880987900006,35.53211735000008],[104.19343267300007,35.55702945400003],[104.15608418500005,35.54897404900004],[104.12555136000009,35.57312113800003],[104.12077246000007,35.59960971000004],[104.10300544300009,35.64462346700003],[104.07763906400004,35.68077586900006],[104.03345762300006,35.70737285700005],[103.99614618600003,35.71302386100007],[103.95495518300004,35.73278161300004],[103.91766584400006,35.753070895000064],[103.85341656600008,35.78651131300006],[103.83159119700008,35.813986030000024],[103.79930785200008,35.83389518600006],[103.78345334500005,35.86698867000007],[103.74555495800007,35.88537824800005],[103.71674934800006,35.90168044300003],[103.69392890500006,35.92361301600005],[103.64942169500006,35.92165845200003],[103.61050780500005,35.90699335200003],[103.58259394600009,35.91039993900006],[103.59010397700007,35.909484055000064],[103.60437684300007,35.914263031000075],[103.61015014400004,35.919920029000025],[103.61335997100008,35.92818091000004],[103.61773880700008,35.94155432800005],[103.61164351600007,35.953826063000065],[103.60814743800006,35.96151973600007],[103.60805326800005,35.966783056000054],[103.60863883200005,35.96925715000003],[103.61133821600004,35.97093187300004],[103.61516249500005,35.98018630000007],[103.61750920500003,35.989917983000055],[103.61274340200004,35.99809135100003],[103.61015013200006,36.00217565500003],[103.60946427000005,36.00529379100004],[103.61135427600004,36.00531451200004],[103.61658674300008,36.00635877700006],[103.62425503300005,36.01220000700005],[103.62626514000004,36.01732153200004],[103.62404836000007,36.02387777000007],[103.61548812600006,36.03266793800003],[103.60745224900006,36.035541056000056],[103.60412377900008,36.045374827000046],[103.60591444100004,36.05098771400003],[103.60164386800005,36.06640417400007],[103.59696379200005,36.069478084000025],[103.58572279500004,36.074946418000025],[103.56673914000004,36.078352480000035],[103.55402325200004,36.08380135700003],[103.54088203900005,36.08940858300008],[103.52752245100004,36.095340934000035],[103.51502072300008,36.10029490200003],[103.51098488900004,36.10238617400006],[103.50692037500005,36.10595752100005],[103.48319033100006,36.11488840700008],[103.47204481000006,36.11475473300004],[103.46407322700009,36.11367149600005],[103.45703779500008,36.10782848200006],[103.45448756600007,36.09858512500006],[103.44943497000008,36.08832408300003],[103.44698468000007,36.084674961000076],[103.44243261800005,36.08099999900003],[103.43326676100008,36.07677444800004],[103.42951662400009,36.075082999000074],[103.42279075300007,36.07499956100003],[103.41750267100008,36.076578795000046],[103.41160734200008,36.076998649000075],[103.40217307800003,36.08537851300008],[103.39222944300008,36.109491984000044],[103.37604138700004,36.11480212200007],[103.33189956600006,36.12481334000006],[103.28773566800004,36.13480195900007],[103.26207959100009,36.158076890000075],[103.24194479100004,36.163166156000045],[103.17842033500006,36.169010693000075],[103.12673380500007,36.21857136500006],[103.07100426200009,36.224790093000024],[103.02983155100009,36.227581272000066],[103.00322610100005,36.23339678900004],[102.95335141900006,36.261440348000065],[102.93596710100007,36.278952754000045],[102.90032379100006,36.32316173900006],[102.88376040900005,36.33147697600003],[102.86777221200003,36.33365927600005],[102.85206728100007,36.33277943300004],[102.83321099700004,36.36559743600003],[102.79804353100008,36.40364998600006],[102.75665706500007,36.44483218500005],[102.78620050400008,36.48155709300005],[102.81224853600008,36.51390361600005],[102.81139279100006,36.54275166700006],[102.80376360200006,36.570021746000066],[102.78379196600008,36.59371687100003],[102.76640807400008,36.622522219000075],[102.76292661300005,36.65770849300003],[102.79207612300007,36.67829220700003],[102.82869754300003,36.62942848700004],[102.87637339300005,36.62120684300004],[102.86886072900006,36.65810553500006],[102.84930582100009,36.68502706800007],[102.82265450500006,36.71677637700003],[102.82263262300006,36.751604341000075],[102.84414342300005,36.777903183000035],[102.85758302600004,36.806254428000045],[102.86856582000007,36.83819863000008],[102.90264793400007,36.830021834000036],[102.93566389400007,36.80852268900003],[102.96815491300003,36.821366942000054],[102.96093468600009,36.85278042900006],[102.96295095000005,36.88216767900008],[102.99021322100003,36.90951843300007],[103.03609569600007,36.930510310000045],[103.08512089300007,36.94561395900007],[103.14445584000003,36.93577938200008],[103.17155621800003,36.91818094000007],[103.21126753300007,36.924744962000034],[103.19806057500006,36.95142169600007],[103.17603431700007,36.98336753600006],[103.17025699600003,37.00978947200008],[103.21006772500004,37.01543278100007],[103.22545244900004,36.99109577200005],[103.26934374400008,36.94276427800003],[103.32304132200005,36.930865159000064],[103.35784956100008,36.918467769000074]]]}},{"type":"Feature","properties":{"code":"CN062080","name":"Linxia Hui Autonomous Prefecture","label":"Linxia Hui Autonomous Prefecture · 临夏回族自治州","type":"Autonomous prefecture","parentCode":"CN-GS"},"geometry":{"type":"Polygon","coordinates":[[[103.41750267100008,36.076578795000046],[103.42279075300007,36.07499956100003],[103.42951662400009,36.075082999000074],[103.43326676100008,36.07677444800004],[103.44243261800005,36.08099999900003],[103.44698468000007,36.084674961000076],[103.44943497000008,36.08832408300003],[103.45448756600007,36.09858512500006],[103.45703779500008,36.10782848200006],[103.46407322700009,36.11367149600005],[103.47204481000006,36.11475473300004],[103.48319033100006,36.11488840700008],[103.50692037500005,36.10595752100005],[103.51098488900004,36.10238617400006],[103.51502072300008,36.10029490200003],[103.52752245100004,36.095340934000035],[103.54088203900005,36.08940858300008],[103.55402325200004,36.08380135700003],[103.56673914000004,36.078352480000035],[103.58572279500004,36.074946418000025],[103.59696379200005,36.069478084000025],[103.60164386800005,36.06640417400007],[103.60591444100004,36.05098771400003],[103.60412377900008,36.045374827000046],[103.60745224900006,36.035541056000056],[103.61548812600006,36.03266793800003],[103.62404836000007,36.02387777000007],[103.62626514000004,36.01732153200004],[103.62425503300005,36.01220000700005],[103.61658674300008,36.00635877700006],[103.61135427600004,36.00531451200004],[103.60946427000005,36.00529379100004],[103.61015013200006,36.00217565500003],[103.61274340200004,35.99809135100003],[103.61750920500003,35.989917983000055],[103.61516249500005,35.98018630000007],[103.61133821600004,35.97093187300004],[103.60863883200005,35.96925715000003],[103.60805326800005,35.966783056000054],[103.60814743800006,35.96151973600007],[103.61164351600007,35.953826063000065],[103.61773880700008,35.94155432800005],[103.61335997100008,35.92818091000004],[103.61015014400004,35.919920029000025],[103.60437684300007,35.914263031000075],[103.59010397700007,35.909484055000064],[103.58259394600009,35.91039993900006],[103.56969977700004,35.91197353300004],[103.54015082600006,35.94562799600004],[103.49278729100007,35.916973393000035],[103.46251606300007,35.898349745000075],[103.52458681000007,35.81432190400005],[103.55873642900008,35.80813824400008],[103.57322222500005,35.79566291000003],[103.58188524900004,35.772322848000044],[103.59658527400006,35.75721729600008],[103.64203729500008,35.73573419000007],[103.65046991200006,35.71501945800003],[103.64927408200003,35.68854580500005],[103.65682467800008,35.67835663300008],[103.73023503500008,35.64238999500003],[103.75113510200003,35.632859532000055],[103.75490236500008,35.62776187400004],[103.76933459400004,35.615263550000066],[103.77499879400006,35.586484633000055],[103.78484450100007,35.54734315800005],[103.82052343900006,35.520032024000045],[103.83932205400004,35.494538083000066],[103.84181802500007,35.46295360100004],[103.81309092400005,35.424932229000035],[103.80054793200009,35.39990145400003],[103.77900664200007,35.360915085000045],[103.75617465900007,35.326933317000055],[103.73582293000004,35.287044191000064],[103.71741639400005,35.255913734000046],[103.70525198600006,35.22216243200006],[103.70325477300008,35.18590265200004],[103.71471503100008,35.148574428000074],[103.72554178500008,35.11260931800007],[103.75583839900008,35.07559024200003],[103.75336870600006,35.06489822300006],[103.78099328400003,35.010770543000035],[103.79530384000009,34.99826882200006],[103.82907978000009,34.99200925300005],[103.81703647400008,34.959727576000034],[103.79077496500008,34.977016511000045],[103.73305779800006,34.95552690400007],[103.72944632700006,34.992583496000066],[103.71240748700006,35.03115836300003],[103.66837546800008,35.074603179000064],[103.60642330600007,35.08871267600006],[103.56382352400004,35.10785393500004],[103.52977525800009,35.135446183000056],[103.49907515300004,35.121389847000046],[103.45125454100008,35.11606598800006],[103.38320533300003,35.11924309500006],[103.33104433100004,35.146438069000055],[103.30809169300005,35.18664214300003],[103.27823950900006,35.217943529000024],[103.22736784500006,35.23079256900007],[103.17988811000004,35.229503117000036],[103.14079732600004,35.22842560700008],[103.09094585900004,35.25454481300005],[103.03319950800005,35.26941604700005],[103.00318598100006,35.25296542500007],[102.96858349900003,35.23912337300004],[102.96333948600005,35.26785622700004],[102.96606804500004,35.30461719700003],[102.96278610400009,35.33891050900007],[102.95895574600007,35.372729124000045],[102.95703367000004,35.40155718900007],[102.93263971000005,35.443025886000044],[102.89917567600008,35.46267488800004],[102.87047873500006,35.48749608800006],[102.81126658000005,35.49351709700005],[102.76494641300008,35.476976044000025],[102.71497385900005,35.51410152200003],[102.75096068000005,35.54518023000003],[102.74885717100005,35.58344336600004],[102.74775560500007,35.60357280200003],[102.73814443800006,35.73474113200007],[102.70323416500008,35.80157961100008],[102.70743004300004,35.81945222400003],[102.72361076200008,35.81420074000005],[102.74339386700007,35.81225522400007],[102.77345393100006,35.82629809200006],[102.81075721300004,35.846902484000054],[102.82941284300006,35.857199181000055],[102.84416318200005,35.86017249300005],[102.89603454500008,35.857897018000074],[102.93534706500009,35.85701503300004],[102.95374902300006,35.87035895100007],[102.95485832600008,35.90122185000007],[102.93972659100007,36.02356641500006],[102.93804692900005,36.04195014000004],[102.91202323600004,36.06821712300007],[102.89020059200004,36.091631764000056],[102.89242224300006,36.11023335800007],[102.91507018500005,36.120739815000036],[102.93744209100004,36.13430260000007],[102.95141341200008,36.15355424200004],[102.96904732200005,36.176084536000076],[102.99424661700004,36.202108742000064],[103.02983155100009,36.227581272000066],[103.07100426200009,36.224790093000024],[103.12673380500007,36.21857136500006],[103.17842033500006,36.169010693000075],[103.24194479100004,36.163166156000045],[103.26207959100009,36.158076890000075],[103.28773566800004,36.13480195900007],[103.33189956600006,36.12481334000006],[103.37604138700004,36.11480212200007],[103.39222944300008,36.109491984000044],[103.40217307800003,36.08537851300008],[103.41160734200008,36.076998649000075],[103.41750267100008,36.076578795000046]]]}},{"type":"Feature","properties":{"code":"CN062090","name":"Longnan","label":"Longnan · 陇南市","type":"Prefecture-level city","parentCode":"CN-GS"},"geometry":{"type":"Polygon","coordinates":[[[106.50714437500005,34.220415236000065],[106.55785030100009,34.19098674300005],[106.59231453400008,34.15496330900004],[106.60307889300009,34.134131285000024],[106.59074636500009,34.11530445300008],[106.55159100400004,34.10894162300008],[106.51548836300009,34.10793438400003],[106.45271714400008,34.04277074700008],[106.44233789300006,33.98171852200005],[106.44739841200004,33.94224363300003],[106.43876624800004,33.91557798100007],[106.44031845700005,33.88128157500006],[106.45738915900006,33.86591952200007],[106.47434366300007,33.85319481600004],[106.46819082900004,33.771118459000036],[106.48758674000004,33.702976543000034],[106.55078653900006,33.67833798600003],[106.57288882400007,33.62081983400003],[106.56683401500004,33.57767242500006],[106.56271804200009,33.554475188000026],[106.55059250900007,33.53299690600005],[106.54151155200009,33.51688788400003],[106.52208230200006,33.513699451000036],[106.50544338800006,33.52115628200005],[106.47722166500006,33.529601282000044],[106.44196530300007,33.54001560000006],[106.42694444100005,33.606117047000055],[106.40572484200004,33.615260386000045],[106.40259362200004,33.61434032400007],[106.37173883200006,33.59129102600008],[106.34263429200007,33.58514361600004],[106.29335176400008,33.59159749600008],[106.23904407000003,33.566172305000066],[106.16254210900007,33.54850563100007],[106.13311081100005,33.59106727600005],[106.04003445200004,33.61295891700007],[105.96040429900006,33.58907093800008],[105.91979573800006,33.55337156000007],[105.88891347900005,33.52506824100004],[105.87157545200006,33.50362380800004],[105.85186421300006,33.46213512200006],[105.85596757900004,33.40458936400006],[105.80401672600004,33.37442975000005],[105.74439438400009,33.36616863800003],[105.77129484900007,33.31206383800003],[105.79098501500005,33.27408658200005],[105.85743260300006,33.24726167000006],[105.95211598400005,33.239849701000026],[105.99968166700006,33.19910396700004],[106.01372241800004,33.17840428000005],[105.99518655600008,33.15929248400005],[105.96222442200008,33.168786555000054],[105.94952502400008,33.16307855200006],[105.94327714900004,33.14919579000008],[105.94791072600003,33.057908603000044],[105.93798744700007,32.99631245100005],[105.87834597400007,32.930387676000066],[105.83308679800007,32.92352582400002],[105.72298813700007,32.89041954800007],[105.65579507300004,32.87604355700006],[105.62855658100005,32.870205164000026],[105.58154467400004,32.87650799600004],[105.50419954900008,32.90392201900005],[105.49293455300005,32.90791293600006],[105.43347012100008,32.90304430100008],[105.40283755800004,32.85037321500005],[105.40177097200007,32.83717874200005],[105.41632385300005,32.77390107200006],[105.43245532800006,32.77450698900003],[105.46869603900006,32.762629822000065],[105.45038823900006,32.743428022000046],[105.35683965200008,32.684315490000074],[105.29806122500008,32.639711598000076],[105.27230551200006,32.63871496400003],[105.20049331700005,32.65178129800006],[105.10855372800006,32.603469319000055],[105.05747095900006,32.62451681300007],[105.04565055300009,32.640918516000056],[104.92346139600005,32.58700487900006],[104.85145467500007,32.647079759000064],[104.74295852600005,32.63355525800006],[104.67411640200004,32.675892023000074],[104.65627690100007,32.67672764800005],[104.62781531600007,32.704077289000054],[104.58514472700006,32.72618579700003],[104.48750498100009,32.74313676100007],[104.41321616400006,32.78241600600006],[104.31301165200006,32.83378067800004],[104.29244963000008,32.89222985400005],[104.28715986800006,32.90722766700003],[104.36529280100007,32.955294550000076],[104.39138562100004,32.939608349000025],[104.42490892600006,32.989130482000064],[104.41466877000005,33.026871766000056],[104.37093337100004,33.04530181000007],[104.35474805100006,33.05877366500005],[104.38388916600007,33.10898170200005],[104.35571182000007,33.18409259400005],[104.32131734900008,33.284668311000075],[104.34440644900008,33.29789430500006],[104.42142827200007,33.289260641000055],[104.43621367300005,33.31213715600006],[104.46408800800003,33.30324558500007],[104.48649149100004,33.29245853400005],[104.50254465200004,33.27594073300003],[104.51028760200006,33.261460587000045],[104.52632668200005,33.245457335000026],[104.56089358500009,33.23508947700003],[104.59995518300008,33.22104866500007],[104.63469162300004,33.22713090600007],[104.65194934600004,33.25679405200003],[104.67294650900004,33.28972627500008],[104.72183990600007,33.29829742100003],[104.74272614900008,33.338561439000046],[104.72481036900007,33.37959977300005],[104.71653439700003,33.40609630400007],[104.70228618000004,33.43020252200006],[104.67316829100008,33.45866271400007],[104.64356427200005,33.483893986000055],[104.60751736100008,33.50350330300006],[104.57207369700006,33.52036074200004],[104.56615988000004,33.56068443700008],[104.53810711800008,33.605162688000064],[104.51910474500005,33.640173805000074],[104.50367086000006,33.68442950200006],[104.51449940700007,33.709853621000036],[104.52347892600005,33.743505639000034],[104.48955989500007,33.75990470900007],[104.45232545000005,33.77715032200007],[104.43336378400005,33.80801795900004],[104.39950354000007,33.84045159100003],[104.34933321600005,33.86569533900007],[104.31311236700009,33.882456869000066],[104.27236253100006,33.90371078100003],[104.22207678700005,33.930276613000046],[104.17792038900006,33.95327286700007],[104.12646844500006,33.97977305000006],[104.05836948500007,34.01574425500007],[104.04850623200008,34.05846561300007],[104.04292270900004,34.09459858900004],[104.02091732100007,34.143223815000056],[104.06736166800005,34.15657862000006],[104.09210853600007,34.17589847800008],[104.12021594600009,34.19435414600008],[104.15334846900004,34.193641412000034],[104.18720555100003,34.20486204800005],[104.17129882400008,34.23711729900003],[104.15529086200007,34.27257567600003],[104.14415039900007,34.31042933500004],[104.17117177900008,34.34765849900003],[104.20079942500007,34.37300604500007],[104.23456459300007,34.371825596000065],[104.26331856400009,34.35356666100006],[104.30076801900009,34.35886278500004],[104.35041431000008,34.34372633500004],[104.37746137200008,34.32541331300007],[104.41364677000007,34.31643005900003],[104.42863005500004,34.274499064000054],[104.45184958500005,34.23408656500004],[104.48109229900007,34.21394805500006],[104.51496809400004,34.20673627100007],[104.56911038200008,34.20397303000004],[104.60319141700006,34.209578487000044],[104.63710131400006,34.22159044600005],[104.68120537000004,34.22366333900004],[104.71063995600008,34.23880033100005],[104.75381865300005,34.23349342400007],[104.80228702100004,34.23833561600003],[104.83383682500005,34.258977913000024],[104.85225298300008,34.29960017700006],[104.85768484600004,34.32765246100007],[104.85921362500005,34.35748582100007],[104.90648030900007,34.370984349000025],[104.94782321000008,34.37659226200003],[104.98645476800004,34.38031313100004],[105.01594874000006,34.39812507000005],[105.04584957800006,34.42372903900008],[105.07705093400006,34.44108515700003],[105.10657480400005,34.45978912800007],[105.13433521800005,34.48396833700008],[105.16637206900003,34.51781442400005],[105.16570283700008,34.55357262700005],[105.23409239500006,34.541056354000034],[105.29937363600004,34.51470934900004],[105.32736519700006,34.49666405100004],[105.34342576500006,34.46335851900005],[105.36645858400004,34.442044449000036],[105.41803453000006,34.435675736000064],[105.46112236900007,34.40353048900005],[105.50243137000007,34.377309807000074],[105.56080637800005,34.35489108400003],[105.58428036300006,34.33537234000005],[105.59243750300004,34.30379901200007],[105.56510209200007,34.28293561700008],[105.55278971400008,34.25485399300004],[105.55401573600005,34.205797862000054],[105.55605135600007,34.17875424400006],[105.55927260900006,34.14438530800004],[105.55703226400004,34.106759872000055],[105.59614522900006,34.10754513000006],[105.63283559800004,34.082617017000075],[105.65788335200006,34.106207117000054],[105.69164218400005,34.14040057900007],[105.72557721000004,34.16083077800005],[105.76588197400008,34.15652675700005],[105.79525740500009,34.142969512000036],[105.83768452100009,34.14461616300002],[105.88135439800004,34.13296173400005],[105.91829719600008,34.130880827000055],[105.95618042000007,34.148974432000045],[106.00293627900004,34.16205806800008],[106.04428944100005,34.16317124700004],[106.08964842000006,34.14273688700007],[106.12223674100005,34.13369725000007],[106.16031840600004,34.126050761000045],[106.19563418000007,34.118381115000034],[106.24386773000003,34.16989590400004],[106.26084619000005,34.192876341000044],[106.28775016200007,34.22092555300003],[106.31470509600007,34.24071465500003],[106.33636638400009,34.20728842500006],[106.34253941400004,34.18070129700004],[106.32175403400004,34.14029876600006],[106.33348116200006,34.10317393200006],[106.39849326700005,34.10514032200007],[106.44802678200006,34.124024715000076],[106.47001771200007,34.149274158000026],[106.48869733400005,34.18185360700005],[106.50714437500005,34.220415236000065]]]}},{"type":"Feature","properties":{"code":"CN062100","name":"Pingliang","label":"Pingliang · 平凉市","type":"Prefecture-level city","parentCode":"CN-GS"},"geometry":{"type":"Polygon","coordinates":[[[106.74660777500009,35.713620193000054],[106.76041910600009,35.671401539000044],[106.81657228200004,35.64337771000004],[106.85978922800007,35.624060144000055],[106.90969191400006,35.59921684700004],[106.93990842100004,35.56936564400007],[106.97119574200008,35.533084201000065],[106.99799156600005,35.50185427400004],[107.02530790800006,35.466945182000075],[107.06898987800008,35.45900821300006],[107.12290527700009,35.474840451000034],[107.18113506800006,35.46405292900005],[107.20316402200007,35.48777757100004],[107.20504343400006,35.515716147000035],[107.23979915700005,35.51279868900008],[107.27900781600005,35.50526886100005],[107.32149834200004,35.48945904100003],[107.36575702000005,35.48507942600003],[107.40898772900005,35.49123017800008],[107.45263324100006,35.480412684000044],[107.49668966100006,35.45857700800008],[107.51830391900006,35.48682624400004],[107.55301520100005,35.48199485400005],[107.57679909500007,35.45432631500006],[107.61935730200008,35.45170135600006],[107.70529498000008,35.31859448000006],[107.69358394200009,35.25830945100006],[107.65326745000004,35.22306012200005],[107.63871323400008,35.22366752900007],[107.65083603600004,35.20050979800004],[107.66483533700006,35.173735083000054],[107.69005649100006,35.114930310000034],[107.73230733500009,35.04493451400003],[107.77321134800007,35.01943630900007],[107.79269532500007,35.00726485400003],[107.80781090300007,34.99866515000008],[107.80808323900004,34.98980223900003],[107.78421476000005,34.97113206000006],[107.73330640200004,34.95991684300003],[107.68398124200007,34.951141310000025],[107.64338149400004,34.941524902000026],[107.60178085900009,34.923994392000054],[107.59314060400004,34.922840517000054],[107.58547019800005,34.93057758100008],[107.58849673000009,34.95230653500005],[107.57833465300007,34.959993147000034],[107.56344504500004,34.96069076300006],[107.52265090700007,34.95694136800006],[107.48920029100009,34.956279134000056],[107.47827794600005,34.949163903000056],[107.47298453700006,34.92147585300006],[107.47610597400006,34.901833587000056],[107.47640100800004,34.89297498500002],[107.46417440200008,34.887803477000034],[107.42170220600008,34.89876146100005],[107.36093903100004,34.90301846800003],[107.23598820900008,34.91631488100006],[107.20425815600004,34.869585975000064],[107.12363988300007,34.88190411200003],[107.11832091100007,34.91872426400005],[107.11764736600009,34.92336053300005],[107.07475347800005,34.93828832600008],[107.04943424100009,34.95980915600006],[107.05783513400007,35.00248979600008],[107.03722301700009,35.01508908400007],[106.97558505700005,35.05272557200004],[106.88363696900007,35.09972553100005],[106.82367918500006,35.083456958000056],[106.75118498500007,35.08158572100007],[106.67032446900004,35.06706270900003],[106.55115348100009,35.06116050300005],[106.52304062600007,35.06569196200007],[106.48603080400005,35.041551163000065],[106.45728594400003,35.07024544800004],[106.42321412400008,35.08760955500003],[106.37298030800008,35.09348017700006],[106.35167258700005,35.121388909000075],[106.31924129900005,35.135065774000054],[106.28732304800008,35.15744102000008],[106.24875486900004,35.16374588800005],[106.20301774000006,35.155359170000054],[106.17293416200005,35.143339680000054],[106.13633686700007,35.10517143200008],[106.09407444000004,35.084839388000034],[106.05559522100003,35.08237914500006],[106.00525629800006,35.08514454300007],[105.94292839100007,35.08045094800008],[105.89167397600005,35.07282757300004],[105.84984862100004,35.072126909000076],[105.79904463200006,35.07500882200003],[105.76083019300006,35.100418011000045],[105.72455148800009,35.10062215600004],[105.68943243200005,35.09853542600007],[105.66018373600008,35.11664840900005],[105.63096354400005,35.149537751000025],[105.58373595700004,35.19761441400004],[105.56648552600006,35.23275464900007],[105.56939881400007,35.265317700000026],[105.56113484400004,35.29640434500004],[105.54227281400006,35.325112501000035],[105.51164636100003,35.35280207200003],[105.47354540100008,35.35475449100005],[105.44074344500007,35.37644329400007],[105.40567128700008,35.43384595600003],[105.38404002400006,35.45516744100007],[105.36155361300007,35.492058204000045],[105.78954970400008,35.60841050200003],[105.81340735900005,35.58886244400003],[105.84092890400007,35.55489115600005],[105.85891663900009,35.52254981700003],[105.86491453200006,35.49713986200004],[105.87899776800003,35.49393907700005],[105.88747716100005,35.50885066600006],[105.90754608500004,35.524134729000025],[105.93532753300008,35.52503045100008],[105.96350984600008,35.51861647700008],[105.98373820400008,35.48633009200006],[106.02345684500006,35.480271266000045],[106.03791075300006,35.469746110000074],[106.03365601000007,35.46229855800004],[106.00664558200003,35.44681300800005],[105.96807618000008,35.43095286700003],[105.92644153600008,35.429619581000054],[105.92152101400006,35.41467216900003],[105.93684133400006,35.408001744000046],[105.96690864300007,35.40896537700007],[106.01026568600008,35.42131718300004],[106.05810073500004,35.43745370400006],[106.07697968500008,35.43072256600004],[106.07883137900006,35.39419559800007],[106.11090539400004,35.35494417900003],[106.13365335000009,35.362961581000036],[106.15974540800005,35.39668358700004],[106.18215348000007,35.41199290700007],[106.21640946000008,35.40459625300008],[106.25035511600004,35.36941507500006],[106.28382581400007,35.30218841900006],[106.32808249200008,35.24146746500003],[106.37181099200006,35.22003140900006],[106.42304380900003,35.24959847700006],[106.44578613800007,35.314848220000044],[106.46388520600004,35.38438376800008],[106.46229240100007,35.39650731800003],[106.45529444000005,35.44962091600007],[106.41682441400008,35.50515591200008],[106.43226608100008,35.55957384300007],[106.41045345700007,35.61488523500003],[106.38539803200007,35.68863175300004],[106.44770538100005,35.73696073900004],[106.55960909600009,35.726803423000035],[106.61035969800008,35.69898810800004],[106.68096972400008,35.679644762000066],[106.72069382200004,35.724032427000054],[106.74660777500009,35.713620193000054]]]}},{"type":"Feature","properties":{"code":"CN062110","name":"Qingyang","label":"Qingyang · 庆阳市","type":"Prefecture-level city","parentCode":"CN-GS"},"geometry":{"type":"Polygon","coordinates":[[[107.28361901800008,37.09579045700008],[107.27153642900004,37.06975416800003],[107.27332195700006,37.020431399000074],[107.26837485800007,36.97755958600004],[107.26373047300007,36.92652614800005],[107.28388917100006,36.90808704600005],[107.34299948100005,36.89013801800007],[107.41493859200006,36.876187085000026],[107.46659439100006,36.88475614300006],[107.48619434300008,36.88136928600005],[107.49305954700009,36.870182802000045],[107.49384487600008,36.846618662000026],[107.50108332000008,36.824121330000025],[107.51426965000007,36.81777181500007],[107.56949068400007,36.815908913000044],[107.65615896100007,36.82415408500003],[107.71426851000007,36.821244266000065],[107.81666534300007,36.792985592000036],[107.85930739300005,36.77779693800005],[107.87415541600006,36.73649534800006],[107.88622546900007,36.71282826000004],[107.90186571500004,36.68302796200004],[107.91297289300007,36.652270448000024],[107.96665757200009,36.646068358000036],[108.02539795900009,36.57715811500003],[108.11843511900008,36.541438895000056],[108.14696551600008,36.58341334900007],[108.19797528800007,36.56623532000003],[108.23756078500008,36.552883086000065],[108.32462708500009,36.52400547600007],[108.38845134000007,36.463838457000065],[108.45344015500007,36.451391185000034],[108.55492836200006,36.42536405300007],[108.59836021900009,36.41418780400005],[108.67953176400005,36.369224494000036],[108.67409665600007,36.30450681000008],[108.60924715900006,36.256952898000065],[108.61049639700008,36.188892374000034],[108.66307261900005,36.09663161000003],[108.66701396000008,36.00207508400007],[108.63175919000008,35.953952548000075],[108.50466141700008,35.933047739000074],[108.46421980800005,35.86978178000004],[108.47141998500007,35.835858409000025],[108.48163915400005,35.78776091800006],[108.47376186800005,35.72753291300006],[108.46993321700006,35.698311595000064],[108.49860062000005,35.61376719900005],[108.50805692600005,35.601901112000064],[108.54465392800006,35.55594780700005],[108.56827941800009,35.50277058200004],[108.56302661600006,35.460484965000035],[108.56398140900006,35.41028426100007],[108.57951492600006,35.379937951000045],[108.58025684500006,35.34055877900005],[108.57304235000004,35.32669489700004],[108.52969414600005,35.31438458200006],[108.49863827600007,35.31107161400007],[108.45561208100008,35.28396883800008],[108.42094828700004,35.27468256000003],[108.36733244100009,35.279912954000054],[108.32601090900005,35.29119094400005],[108.29636917700009,35.280947525000045],[108.26682120900006,35.266763268000034],[108.23696737100005,35.26635439700004],[108.21646140000007,35.29166839900006],[108.20479830000005,35.31119630100005],[108.16013548000006,35.30464903600006],[108.11557439100005,35.29414784700003],[108.07730900800004,35.28077323400004],[108.05766424000007,35.27062624200005],[108.01079039100006,35.254145623000056],[107.97524962800009,35.233888970000066],[107.94459054200007,35.21763413800005],[107.93472484500006,35.214520478000054],[107.92951498100007,35.22329707800003],[107.92906980700008,35.24003305600007],[107.90378581800007,35.254389382000056],[107.88886645100007,35.254139413000075],[107.86373104000006,35.262583997000036],[107.82244179400004,35.27074028900006],[107.79108859700005,35.27906341700003],[107.76586745100008,35.29044022900007],[107.75049676700007,35.30494044900007],[107.70529498000008,35.31859448000006],[107.61935730200008,35.45170135600006],[107.57679909500007,35.45432631500006],[107.55301520100005,35.48199485400005],[107.51830391900006,35.48682624400004],[107.49668966100006,35.45857700800008],[107.45263324100006,35.480412684000044],[107.40898772900005,35.49123017800008],[107.36575702000005,35.48507942600003],[107.32149834200004,35.48945904100003],[107.27900781600005,35.50526886100005],[107.23979915700005,35.51279868900008],[107.20504343400006,35.515716147000035],[107.20316402200007,35.48777757100004],[107.18113506800006,35.46405292900005],[107.12290527700009,35.474840451000034],[107.06898987800008,35.45900821300006],[107.02530790800006,35.466945182000075],[106.99799156600005,35.50185427400004],[106.97119574200008,35.533084201000065],[106.93990842100004,35.56936564400007],[106.90969191400006,35.59921684700004],[106.85978922800007,35.624060144000055],[106.81657228200004,35.64337771000004],[106.76041910600009,35.671401539000044],[106.74660777500009,35.713620193000054],[106.78480056200004,35.69826694100004],[106.81513000100006,35.75388320800005],[106.89516997000004,35.75146386500006],[106.87477194400009,35.810226510000064],[106.83521647200007,35.89503820500005],[106.91927898400007,35.96434435300006],[106.91646173900006,36.09075846300004],[106.87989302100004,36.12788742500004],[106.86031765400008,36.16366874900007],[106.83519426800007,36.19995342900006],[106.82781164100004,36.21061214700006],[106.73062468500007,36.20548536500007],[106.65106078300005,36.23789862800004],[106.57591554400005,36.27126659900006],[106.49148515000007,36.26446813800004],[106.43540750500006,36.27004170500004],[106.45701018300008,36.29275897100007],[106.46446277200005,36.30358447200007],[106.48503702800008,36.34926440600003],[106.46581886000007,36.42126121800004],[106.42223511000009,36.45453184400003],[106.33011050900006,36.52708658100005],[106.42605574900006,36.56697075300008],[106.42789611000006,36.57239875700003],[106.43906053200004,36.60536521500006],[106.46594210900008,36.68837140800008],[106.51062558800004,36.73293733600008],[106.57597812300008,36.724981961000026],[106.61702242400008,36.77648596600005],[106.59188904200005,36.82799749900005],[106.60127539000007,36.89899566200006],[106.55469381100005,36.867676224000036],[106.50495045200006,36.88136022300006],[106.54675853000003,36.94175349500006],[106.60257132000004,36.921140207000064],[106.61361143200008,36.98068440700007],[106.60488448600006,37.09895350700003],[106.61245961200007,37.10888247100007],[106.61879204000007,37.108187937000025],[106.67757486200009,37.101779074000035],[106.71028065000007,37.09883807700004],[106.72947679700007,37.106872218000035],[106.73515598200004,37.12619904100006],[106.74084308500005,37.145209496000064],[106.75355510300005,37.153076217000034],[106.77991605200003,37.14618748500004],[106.81345795100003,37.123748256000056],[106.84696880000007,37.10161618600006],[106.86649006500005,37.10209044000004],[106.87872232800004,37.12125237500004],[106.89809629200005,37.12549270900007],[106.92479063300004,37.110087375000035],[106.93191751900008,37.09516507500007],[106.95810094800004,37.09200875000005],[106.99033430000009,37.10031136600003],[107.01560320200008,37.12007817800003],[107.08708000200005,37.12547590400004],[107.16562248900004,37.11590032600003],[107.18557814200005,37.105015035000065],[107.22546646300009,37.08323722600005],[107.24498023600006,37.083653920000074],[107.25759074000007,37.09524411900003],[107.28361901800008,37.09579045700008]]]}},{"type":"Feature","properties":{"code":"CN062120","name":"Tianshui","label":"Tianshui · 天水市","type":"Prefecture-level city","parentCode":"CN-GS"},"geometry":{"type":"Polygon","coordinates":[[[106.48603080400005,35.041551163000065],[106.46481099200008,35.01471142500003],[106.46708240500004,34.96462742400007],[106.48640610800004,34.90446617500004],[106.51813836900004,34.86312137300007],[106.53682114500003,34.81612483400005],[106.53480483900006,34.78703343300003],[106.52935765900008,34.76048727700004],[106.49222368900007,34.752292182000076],[106.44085813300006,34.73952706100005],[106.40899317500003,34.71222015300003],[106.40028503000008,34.685571923000055],[106.35927848200004,34.64214573000004],[106.33494572300003,34.59655613600006],[106.34103341000008,34.56097845200003],[106.37812899300008,34.52124532300007],[106.43163711400007,34.506942937000076],[106.45814063800009,34.50506027000006],[106.48853789500004,34.49007625400003],[106.52245134300006,34.469904315000065],[106.54671390100003,34.44417574800008],[106.59387239500006,34.42170875800008],[106.64194307600008,34.37812259000003],[106.65351128600008,34.33882864100008],[106.65475598600005,34.309816298000044],[106.63671384800006,34.26972316400003],[106.59759098800004,34.26074134600003],[106.51888929700004,34.25328177800003],[106.50714437500005,34.220415236000065],[106.48869733400005,34.18185360700005],[106.47001771200007,34.149274158000026],[106.44802678200006,34.124024715000076],[106.39849326700005,34.10514032200007],[106.33348116200006,34.10317393200006],[106.32175403400004,34.14029876600006],[106.34253941400004,34.18070129700004],[106.33636638400009,34.20728842500006],[106.31470509600007,34.24071465500003],[106.28775016200007,34.22092555300003],[106.26084619000005,34.192876341000044],[106.24386773000003,34.16989590400004],[106.19563418000007,34.118381115000034],[106.16031840600004,34.126050761000045],[106.12223674100005,34.13369725000007],[106.08964842000006,34.14273688700007],[106.04428944100005,34.16317124700004],[106.00293627900004,34.16205806800008],[105.95618042000007,34.148974432000045],[105.91829719600008,34.130880827000055],[105.88135439800004,34.13296173400005],[105.83768452100009,34.14461616300002],[105.79525740500009,34.142969512000036],[105.76588197400008,34.15652675700005],[105.72557721000004,34.16083077800005],[105.69164218400005,34.14040057900007],[105.65788335200006,34.106207117000054],[105.63283559800004,34.082617017000075],[105.59614522900006,34.10754513000006],[105.55703226400004,34.106759872000055],[105.55927260900006,34.14438530800004],[105.55605135600007,34.17875424400006],[105.55401573600005,34.205797862000054],[105.55278971400008,34.25485399300004],[105.56510209200007,34.28293561700008],[105.59243750300004,34.30379901200007],[105.58428036300006,34.33537234000005],[105.56080637800005,34.35489108400003],[105.50243137000007,34.377309807000074],[105.46112236900007,34.40353048900005],[105.41803453000006,34.435675736000064],[105.36645858400004,34.442044449000036],[105.34342576500006,34.46335851900005],[105.32736519700006,34.49666405100004],[105.29937363600004,34.51470934900004],[105.23409239500006,34.541056354000034],[105.16570283700008,34.55357262700005],[105.16637206900003,34.51781442400005],[105.13433521800005,34.48396833700008],[105.10657480400005,34.45978912800007],[105.07705093400006,34.44108515700003],[105.04584957800006,34.42372903900008],[104.99128807400007,34.439991802000065],[104.94583241500004,34.443515027000046],[104.91271853600006,34.43893821200004],[104.88195457600006,34.428880623000055],[104.84525890800006,34.41231620900004],[104.80704290400007,34.414512380000076],[104.78194745300004,34.469632165000064],[104.77680113200006,34.499822437000034],[104.74824222600006,34.53607833900003],[104.71198012500008,34.54561559000007],[104.70264341900008,34.58765833100006],[104.72135632500004,34.615915345000076],[104.72549553800008,34.65127931100005],[104.70214042500004,34.67614009700003],[104.65934519800004,34.677764790000026],[104.62539590500006,34.68090138900004],[104.60078080800008,34.70984447600006],[104.60308142800005,34.74930677300006],[104.59667572200004,34.78221494500008],[104.58981567300003,34.81099057700004],[104.59336088500004,34.845432806000076],[104.63421982700004,34.85754370400008],[104.67810172500003,34.86052459800004],[104.73161214000004,34.856301536000046],[104.77612048500004,34.856963746000076],[104.82222752900009,34.85947045800003],[104.86059375600007,34.86047739400004],[104.87784271100008,34.915016439000055],[104.87637381200005,34.95008371400007],[104.92506397600005,34.94020995000005],[104.97395046900004,34.94590260800004],[105.05657834400006,34.93890004200006],[105.11859024000006,34.92571601000003],[105.15605999900004,34.946786839000026],[105.21478786000006,34.93325146700005],[105.24875004000006,34.93362611300006],[105.26925521300006,34.97097848100003],[105.27742024000008,35.014146622000055],[105.29313995000007,35.03952470300004],[105.34769160300004,35.051070021000044],[105.41564711700005,35.05038225000004],[105.42737563200006,35.08532204200003],[105.44257567700004,35.11250548900006],[105.46803240100007,35.09028631900003],[105.48843675900008,35.068474249000076],[105.52311952900004,35.061449509000056],[105.53596643000009,35.09914237400005],[105.54333891300007,35.12990825800006],[105.58460622800004,35.13346254600003],[105.63096354400005,35.149537751000025],[105.66018373600008,35.11664840900005],[105.68943243200005,35.09853542600007],[105.72455148800009,35.10062215600004],[105.76083019300006,35.100418011000045],[105.79904463200006,35.07500882200003],[105.84984862100004,35.072126909000076],[105.89167397600005,35.07282757300004],[105.94292839100007,35.08045094800008],[106.00525629800006,35.08514454300007],[106.05559522100003,35.08237914500006],[106.09407444000004,35.084839388000034],[106.13633686700007,35.10517143200008],[106.17293416200005,35.143339680000054],[106.20301774000006,35.155359170000054],[106.24875486900004,35.16374588800005],[106.28732304800008,35.15744102000008],[106.31924129900005,35.135065774000054],[106.35167258700005,35.121388909000075],[106.37298030800008,35.09348017700006],[106.42321412400008,35.08760955500003],[106.45728594400003,35.07024544800004],[106.48603080400005,35.041551163000065]]]}},{"type":"Feature","properties":{"code":"CN062130","name":"Wuwei","label":"Wuwei · 武威市","type":"Prefecture-level city","parentCode":"CN-GS"},"geometry":{"type":"Polygon","coordinates":[[[103.83265700000004,37.62307130900007],[103.79509785000005,37.57704656300007],[103.78917311800006,37.53522845900005],[103.78222980200007,37.49018544300003],[103.77916271000004,37.44934293500006],[103.76315143200009,37.416469059000065],[103.75752654000007,37.38290071100005],[103.77173116700004,37.35664434300003],[103.79250925500008,37.32365864800005],[103.79591854800009,37.29396070200005],[103.78725849100005,37.264453279000065],[103.75314992600005,37.255907286000024],[103.70846186500006,37.23887314500007],[103.69080449100005,37.205946234000066],[103.66764149400007,37.16739535100004],[103.64974368800006,37.14133015200008],[103.62999918200006,37.11888457200007],[103.60874992900006,37.09089921000003],[103.59265857800006,37.06394807600003],[103.58005738700007,37.035706677000064],[103.57899617800007,36.99078454800008],[103.58836873000007,36.94198655400004],[103.59464284400008,36.913726471000075],[103.60790200900004,36.85243950200004],[103.57184995100005,36.85500519400006],[103.52966558400004,36.86773730700003],[103.48009195300006,36.86470509500003],[103.45163386000007,36.84888607400006],[103.41391649500008,36.82229188700006],[103.38844341700008,36.85784586400007],[103.38124364400005,36.892945378000036],[103.35784956100008,36.918467769000074],[103.32304132200005,36.930865159000064],[103.26934374400008,36.94276427800003],[103.22545244900004,36.99109577200005],[103.21006772500004,37.01543278100007],[103.17025699600003,37.00978947200008],[103.17603431700007,36.98336753600006],[103.19806057500006,36.95142169600007],[103.21126753300007,36.924744962000034],[103.17155621800003,36.91818094000007],[103.14445584000003,36.93577938200008],[103.08512089300007,36.94561395900007],[103.03609569600007,36.930510310000045],[102.99021322100003,36.90951843300007],[102.96295095000005,36.88216767900008],[102.96093468600009,36.85278042900006],[102.96815491300003,36.821366942000054],[102.93566389400007,36.80852268900003],[102.90264793400007,36.830021834000036],[102.86856582000007,36.83819863000008],[102.85758302600004,36.806254428000045],[102.84414342300005,36.777903183000035],[102.82263262300006,36.751604341000075],[102.82265450500006,36.71677637700003],[102.84930582100009,36.68502706800007],[102.86886072900006,36.65810553500006],[102.87637339300005,36.62120684300004],[102.82869754300003,36.62942848700004],[102.79207612300007,36.67829220700003],[102.76292661300005,36.65770849300003],[102.76640807400008,36.622522219000075],[102.78379196600008,36.59371687100003],[102.80376360200006,36.570021746000066],[102.81139279100006,36.54275166700006],[102.81224853600008,36.51390361600005],[102.78620050400008,36.48155709300005],[102.75665706500007,36.44483218500005],[102.75005095600005,36.49332139000006],[102.72762837700009,36.56287410600004],[102.69085198200008,36.61620826500007],[102.64791452900005,36.65070276200004],[102.60671082200008,36.66680904300006],[102.59765061900004,36.678606381000066],[102.61104629800008,36.704017674000056],[102.64728854000003,36.73870358400006],[102.69168424400004,36.773317063000036],[102.69840509600004,36.78601776900007],[102.68055401100008,36.80655700600005],[102.67672715200007,36.84636792600003],[102.65914459300006,36.863842085000044],[102.62633388200004,36.87427899000005],[102.60142476300007,36.88516371700007],[102.58292961100005,36.91181176600003],[102.56471071200008,36.93539967800007],[102.53185426400006,36.94581438700004],[102.49839235000007,36.96234321600008],[102.49687411100007,36.97765243900005],[102.51641466100006,37.021906141000045],[102.51490410800005,37.03722022300008],[102.49694614900005,37.05773323100004],[102.49572706700008,37.06998120800006],[102.51038774300008,37.08315225400003],[102.56432933300005,37.10869881100007],[102.59471691100003,37.12272430300004],[102.57556311100006,37.154449269000054],[102.51069175000003,37.19506170300008],[102.49007384900005,37.24089040400003],[102.42518776800006,37.280576849000056],[102.40213699000009,37.292531875000066],[102.34458326500004,37.30421631200005],[102.26418177400006,37.37041916000004],[102.19457914400004,37.40883598000005],[102.16287568900003,37.40336935300007],[102.09167078400009,37.445183660000055],[102.03290647900008,37.455782373000034],[102.07887404900004,37.52339537800003],[102.07927227900007,37.580773607000026],[102.07946260100005,37.60597684900006],[102.05534185500005,37.65970843800005],[102.07266959800006,37.69715168500005],[102.10887933400005,37.709876294000026],[102.14726261300007,37.744668656000044],[102.15651908700005,37.78348874300008],[102.15722608100003,37.81056224500003],[102.14710818800006,37.84459109000005],[102.12726846000004,37.87645719200003],[102.09964476700009,37.902540662000035],[102.07404043400004,37.95253859800005],[102.11187766200004,37.959350294000046],[102.14786229400005,37.97801819700004],[102.11997517500004,37.998598094000045],[102.07819521800008,38.010428226000045],[102.11953332600007,38.034801136000056],[102.17746262900005,38.05604158700004],[102.21645094000007,38.08395092200004],[102.24313996900008,38.11418878500007],[102.28133138500004,38.12646497700007],[102.32276393000006,38.13334445400005],[102.38170957700004,38.14902432200006],[102.43660804300004,38.15445955400003],[102.48605573600008,38.16383124500004],[102.54157236400005,38.17932464200004],[102.59945791900009,38.18387371600005],[102.65623900200006,38.17644352800005],[102.71223368000005,38.20562998300005],[102.74379110200005,38.23636521900005],[102.74128308300004,38.27341574700006],[102.73009728400007,38.32074738100005],[102.72247018400009,38.35535129300007],[102.68533454900006,38.39687235100007],[102.64224511900005,38.40702567000005],[102.59371267300008,38.40966905500005],[102.55967248300004,38.42466152700007],[102.53563159200007,38.459207562000074],[102.52795281300007,38.503432401000055],[102.49578297300008,38.52580331200005],[102.46897828900006,38.54558706800003],[102.44311661900008,38.56951995700007],[102.42949261200005,38.60392628300008],[102.42201345300003,38.633026818000076],[102.42454192600007,38.671157090000065],[102.40457223600004,38.70352605000005],[102.40929182700006,38.73394224200007],[102.40759711200008,38.77422777800007],[102.39759476300009,38.806005388000074],[102.41513792900008,38.837743542000055],[102.42441279600007,38.87059344700003],[102.39403666600003,38.899425456000074],[102.36044763600006,38.912095270000066],[102.31087846000008,38.92653567200006],[102.26486695400007,38.930522420000045],[102.22879113600004,38.934826875000056],[102.18193158600008,38.94288706900005],[102.11590483600008,38.96632346600006],[102.07213437400009,38.98087514500003],[102.03128063400004,38.98587844700006],[101.98921225000004,38.98418518200003],[101.86080968400006,39.113582594000036],[102.08801086000005,39.10325987600004],[102.17918827000005,39.142739110000036],[102.33853089400009,39.18445940000004],[102.52440484700008,39.22628694600007],[102.63929879000005,39.15411698500003],[102.75416402600007,39.12501455100005],[102.90139949800005,39.093592528000045],[103.03002807300004,39.085513278000064],[103.18081591700007,39.16629803500007],[103.28033713400004,39.21431778300007],[103.37437520900005,39.29080490200005],[103.51371932700005,39.35725708700005],[103.66845942000003,39.39446827900008],[103.84205223200007,39.43934349800003],[104.09353103100005,39.39828473800003],[104.09598873700008,39.39232352500005],[104.07927529000006,39.273159140000075],[104.20707059900008,39.07350761200007],[104.17973941000008,38.93599883200005],[104.09379718000008,38.87745153800006],[104.02293067700003,38.84720361900003],[103.97419864800008,38.74941524700006],[103.89639664300006,38.60567345000004],[103.80606516700004,38.56922551800005],[103.68878073400003,38.51106650400004],[103.55627284300004,38.45221606400003],[103.42430807000005,38.388752606000025],[103.50567625900004,38.32451468700003],[103.53741465400009,38.24038509500008],[103.53315552400005,38.11086643300007],[103.43073192500003,38.10691664500007],[103.37709291100003,38.063487449000036],[103.37557520900003,38.053701069000056],[103.36813909600005,38.00564060600004],[103.41899694000006,37.83497372200003],[103.42025679300008,37.83072253600005],[103.56870246600005,37.791547715000036],[103.71255588000008,37.74844318600003],[103.77390690600004,37.70758961200005],[103.80636834300009,37.658474786000056],[103.83265700000004,37.62307130900007]]]}},{"type":"Feature","properties":{"code":"CN062140","name":"Zhangye","label":"Zhangye · 张掖市","type":"Prefecture-level city","parentCode":"CN-GS"},"geometry":{"type":"Polygon","coordinates":[[[99.54272473900005,39.89767469000003],[99.48933730500005,39.85225660800006],[99.79358889700006,39.840998737000064],[100.13035955700008,39.713962121000066],[100.14784090400008,39.71192507400008],[100.28102569500004,39.69635029800003],[100.33665465700005,39.631318846000056],[100.33909341700007,39.523368858000026],[100.54077053300006,39.453700053000034],[100.53072820500006,39.369330888000036],[100.54855192600007,39.36869017600003],[100.89532996200006,39.355713973000036],[100.87571656900008,39.15202541800005],[100.91741747400005,39.08512012400007],[100.85776905000006,39.048360874000025],[100.85876062800008,38.973874711000065],[100.85882521400003,38.96920739700005],[100.95702506700007,39.014486559000034],[100.97957036600008,38.934772757000076],[100.99861734800004,38.93919360700005],[101.07404539300006,38.94235338400006],[101.12944597600006,38.94928521600008],[101.17174086900008,38.96710226300007],[101.21770100400005,38.99591907200005],[101.25634487900004,39.00359421400003],[101.26548593100006,38.99603651700005],[101.25447284500007,38.97560882300007],[101.22893532500007,38.95701028700006],[101.21966296300008,38.94296779300004],[101.23795282000003,38.92786293200004],[101.24726336000003,38.93020910700005],[101.26633555900008,38.93044132600005],[101.27533018500009,38.90129146700008],[101.25957811500007,38.880576752000024],[101.26518387900006,38.86112439800007],[101.30112742500006,38.84795248900008],[101.33752408700008,38.830300743000066],[101.34511616200007,38.802868654000065],[101.33055199300009,38.78223267100003],[101.33403335500009,38.75996115300006],[101.34044597500008,38.75296950500007],[101.46553658300007,38.72777909500007],[101.53905203700003,38.71911138300004],[101.56843316300007,38.69727354400004],[101.51611914300008,38.666037336000045],[101.51220325500009,38.629193875000055],[101.51041073100004,38.59564096100007],[101.50813367400008,38.568957246000025],[101.51334986500007,38.52696205500007],[101.51358678500009,38.48936637300005],[101.51962471900003,38.46070668500005],[101.51384287200005,38.43434293900003],[101.46977418600005,38.41335504600005],[101.42681218400008,38.40202398100007],[101.39261099800007,38.38231536700005],[101.41898578400009,38.35539157200003],[101.45966069000008,38.331779993000055],[101.47696807700004,38.291650693000065],[101.48959688900004,38.251788228000066],[101.50655826400003,38.216682657000035],[101.50112732600007,38.177035286000034],[101.47435856200008,38.15167192100006],[101.44414564800007,38.12617581100005],[101.42861608000004,38.090246113000035],[101.40939332000005,38.04912505100003],[101.40290593300006,38.01721956600005],[101.44420758500007,38.01565982300008],[101.48607519600006,38.022820298000056],[101.52210715500007,38.03936978200005],[101.55148476000005,38.059775829000046],[101.59173255800005,38.07417513900003],[101.63603679300007,38.071752823000054],[101.65799044700003,38.04691161300008],[101.69381254900009,38.05835988700005],[101.71314436100005,38.082474630000036],[101.75751810900005,38.078638015000024],[101.81231581200007,38.075164907000044],[101.85054471500007,38.07657499700008],[101.88565214600004,38.072352710000075],[101.91831161600004,38.06069997800006],[101.95723881000004,38.041463677000024],[101.99458475500006,38.02858597900007],[102.03202524000005,38.023493905000066],[102.07819521800008,38.010428226000045],[102.11997517500004,37.998598094000045],[102.14786229400005,37.97801819700004],[102.11187766200004,37.959350294000046],[102.07404043400004,37.95253859800005],[102.09964476700009,37.902540662000035],[102.12726846000004,37.87645719200003],[102.14710818800006,37.84459109000005],[102.15722608100003,37.81056224500003],[102.15651908700005,37.78348874300008],[102.14726261300007,37.744668656000044],[102.10887933400005,37.709876294000026],[102.07266959800006,37.69715168500005],[102.05534185500005,37.65970843800005],[101.99587965500007,37.68993936500004],[101.97492697200005,37.697888327000044],[101.97166191900004,37.72849473500003],[101.96938559100005,37.749924785000076],[101.95118375000004,37.75785290300007],[101.91473986700004,37.74138830100003],[101.91766805200007,37.714051590000054],[101.86551768100009,37.650427910000076],[101.83782789900005,37.57500376300004],[101.86713249600007,37.51737355600005],[101.79051674000004,37.51075648700004],[101.74947830800005,37.58006033400005],[101.64305284100004,37.622961185000065],[101.53397556600004,37.67804221400007],[101.46987468100008,37.75376001700005],[101.29531209100008,37.83099154100006],[101.25012384100006,37.85767183400003],[101.20447091400007,37.884582340000065],[101.15201826500004,37.915467586000034],[101.01103277800007,37.98753549400004],[100.95139598200007,37.990510269000026],[100.90180872800005,37.99682504000003],[100.80718726100008,38.04985729100008],[100.75946907400004,38.07655219800006],[100.63018622200008,38.07709065100005],[100.63882199700004,38.147924903000046],[100.60880351100008,38.22751466200003],[100.60391090800005,38.240515162000065],[100.39185679100007,38.292642887000056],[100.29405224100003,38.380542201000026],[100.22440483800005,38.46605550700008],[100.16296031800005,38.497019100000045],[100.12273553500006,38.482426788000055],[100.12206055300004,38.452140850000035],[100.10530336000005,38.41591097400004],[100.11773391400004,38.36311201400008],[100.18559774900007,38.30208933700004],[100.18344183600004,38.27712457200005],[100.20064707600005,38.22881896100006],[100.18180885700008,38.206730769000046],[100.14739527300009,38.22066861600007],[100.04944246900004,38.26283745200004],[99.92251641100006,38.33463484400005],[99.76135265600004,38.39326265100004],[99.62705292800007,38.484102853000024],[99.57285364100005,38.578562169000065],[99.51233937100005,38.60843908600003],[99.27112574200004,38.79186140500008],[99.06798185900004,38.90065268600006],[99.07561774200008,38.92544503600004],[99.04868459600004,38.94357053900006],[98.83754619000007,39.053194778000034],[98.81913632300007,39.07701270900003],[98.80559077600009,39.08513634500008],[98.77719243600006,39.08271821200003],[98.75378807900006,39.07453842000007],[98.73490398200005,39.063647736000064],[98.72240797600006,39.03783476500007],[98.70945270000004,39.01507862100004],[98.60748919000008,38.93548146300003],[98.56014895500005,38.92870060800004],[98.51406178800005,38.92913432300003],[98.43818644500004,38.93138941900003],[98.45908056100006,38.956395464000025],[98.36735970600006,39.01425716600005],[98.29386180300008,39.01576145800004],[98.28982055100005,38.94410013100003],[98.24421581400009,38.88922048100005],[98.13901213700007,38.838758717000076],[98.11363151600005,38.80809125900004],[98.09357393600004,38.78383347300007],[98.01361562000005,38.78278797100006],[98.00425358800004,38.84077063900003],[97.92200267400005,38.87513388700006],[97.70797267200004,38.92750094500008],[97.67698468400005,38.95760213300008],[97.64159372800003,38.99976742300004],[97.54006054300004,39.04103050500004],[97.44777477900004,39.11077160600007],[97.38061423500005,39.15457630100008],[97.38084859600008,39.158544506000055],[97.40839374300003,39.18746064700008],[97.44178996700003,39.20620106900003],[97.48285371900005,39.22040009800003],[97.52587107900007,39.219506479000074],[97.56515283600004,39.22067124100005],[97.60910002200006,39.22997883000005],[97.63236696300004,39.25230755200005],[97.61115057600006,39.27966225000006],[97.57192234600006,39.292378177000046],[97.54084558500006,39.307477051000035],[97.52396707100007,39.331844885000066],[97.52683961400004,39.370510172000024],[97.53340130200007,39.40565916800006],[97.51194223200008,39.43411776100004],[97.47180250800005,39.438733900000045],[97.45928143300006,39.46539983000008],[97.47857103000007,39.48856484600003],[97.51196664400004,39.51925722800007],[97.52804279700007,39.547290614000076],[97.50869144600006,39.60392989600007],[97.54447345800008,39.608425692000026],[97.58159829700008,39.62222674600008],[97.59577658700005,39.652113574000055],[97.62687918700004,39.670837326000026],[97.67832804900007,39.674553349000064],[97.75697288400005,39.65547962200003],[97.79392434600004,39.63953463200005],[97.77892277500007,39.61092431600008],[97.82879234400008,39.606416237000076],[97.87896580600005,39.60421762400006],[97.91895625000006,39.60270272500003],[97.95561878000007,39.589010005000034],[97.98910860100005,39.576936868000075],[98.02767702700004,39.561956045000045],[98.06635161100007,39.55618524300007],[98.10239002000009,39.55252376300007],[98.13665547800008,39.54368606200006],[98.17785818600004,39.53113884000004],[98.22679028700009,39.51308944400006],[98.25864388600007,39.49901071600004],[98.29775223500008,39.483536523000055],[98.33429174800006,39.46973659300005],[98.39129454600004,39.46363639000003],[98.37204557600006,39.51394029100004],[98.42840369000004,39.50317727700008],[98.47451518700007,39.49912819100007],[98.52158854900006,39.48087016300008],[98.56067888700005,39.470376755000075],[98.59338410300006,39.45856975800007],[98.62637310700006,39.44401510300003],[98.68935312600007,39.420224682000025],[98.72995407700006,39.406103001000076],[98.77318590300007,39.389371563000054],[98.80923927900005,39.37311506400005],[98.85139672900004,39.35492191000003],[98.89419242000008,39.34180037400006],[98.93310673300005,39.331656871000064],[98.97097856700003,39.32006735900006],[99.01372067800008,39.30690644800006],[99.04759978200008,39.293692296000074],[99.08865094900005,39.27949288700006],[99.11907096900006,39.24170501800006],[99.14937991200009,39.198859079000044],[99.19919119000008,39.16407385400004],[99.21949953400008,39.21199918800005],[99.24288042700005,39.232147962000056],[99.28475365800006,39.256525983000074],[99.31866061800008,39.27219278900003],[99.37314146400007,39.28896899800003],[99.39157202200005,39.34235369500004],[99.35208923900007,39.370976566000024],[99.30131046000008,39.37001268800003],[99.26427812900005,39.39139097100008],[99.24614820500005,39.41887328000007],[99.22242722200008,39.45476722300003],[99.20697393000006,39.490666590000046],[99.18363292900005,39.51647062700005],[99.15592761600004,39.538355015000036],[99.12572626100007,39.55549110900006],[99.08943152400008,39.56813682100005],[99.06205633600007,39.58634826200006],[99.01589535700003,39.59657709000004],[98.98347584600003,39.577247758000055],[98.94730331900007,39.56550606700006],[98.89258618400004,39.57244060000005],[98.85337689300007,39.578424434000055],[98.84390505800008,39.62889487500007],[98.88215556800009,39.643545018000054],[98.90614292400005,39.66976719000007],[98.91809660800004,39.697588360000054],[98.92453251500007,39.72692017900005],[98.95965851600005,39.75515016000003],[98.99397533500007,39.76263746300003],[99.03152793700008,39.785014803000024],[99.04865862900004,39.82092744800008],[99.08622106400009,39.79134409100004],[99.13241935800005,39.770049121000056],[99.17778691000007,39.77443832900008],[99.20911212500005,39.80008552500004],[99.24761897600007,39.819691540000065],[99.29561622500006,39.83383215600003],[99.35110223000004,39.85066342500005],[99.40092537500004,39.87083687900008],[99.44005675400007,39.89088056600008],[99.48384240100006,39.90013247100006],[99.54272473900005,39.89767469000003]]]}}]}
