{"type":"FeatureCollection","name":"admin2_chn_cn-gd","adm0A3":"CHN","parentCode":"CN-GD","parentName":"Guangdong","bbox":[109.65558497100005,20.228813477000074,117.17200695200006,25.508794112000032],"features":[{"type":"Feature","properties":{"code":"CN044010","name":"Chaozhou","label":"Chaozhou · 潮州市","type":"Prefecture-level city","parentCode":"CN-GD"},"geometry":{"type":"Polygon","coordinates":[[[117.17200695200006,23.62511611900004],[117.14093828700004,23.60105420000008],[117.11807824300001,23.58680128900005],[117.08622355000011,23.571133262000046],[117.08696088300007,23.572222957000065],[117.08603540500008,23.57516258100003],[117.09576336000009,23.593736101000047],[117.08792216500001,23.622832536000033],[117.0686736130001,23.63508030500003],[117.06472919400005,23.646884107000062],[117.05489355400005,23.654532593000056],[117.04737930900001,23.656713198000034],[117.04255644000011,23.661912597000025],[117.0388042290001,23.663232092000044],[117.02748865900003,23.655488654000067],[117.02868046100002,23.64472642100003],[117.02670285600004,23.644467761000044],[117.01895941800001,23.659257237000077],[117.01693597400003,23.66059965100004],[117.01500093300001,23.658045790000074],[117.02043934700009,23.646206351000046],[117.0279160660001,23.634730157000035],[117.01451156100006,23.637533805000032],[117.0083720340001,23.63634905600003],[117.00689733500008,23.638426897000045],[117.00142617800009,23.63742499800003],[116.99765104800008,23.640578034000043],[116.99289693700007,23.64141949800006],[116.98959328800004,23.64595751300004],[116.98494722500004,23.64083669400003],[116.98071370900004,23.641000403000078],[116.97419808900008,23.643420023000033],[116.9688808190001,23.648609600000043],[116.96537744500006,23.649244791000058],[116.96498126900008,23.643963537000047],[116.96881206100011,23.638751041000035],[116.96939159100009,23.634402929000032],[116.95983098300007,23.612917753000033],[116.95610823900006,23.612400432000072],[116.95490988900008,23.613467815000035],[116.94751023900005,23.62006529000007],[116.94300169200005,23.62159760700007],[116.93179417100009,23.621879186000058],[116.92716427200003,23.624920419000034],[116.92699701600009,23.641129939000052],[116.93038299900002,23.644101053000043],[116.93802493700002,23.647892554000066],[116.94586332600011,23.65467010900005],[116.95551233800006,23.65826516000004],[116.954232133,23.65984658900004],[116.9447926690001,23.658553288000064],[116.94077197500008,23.660553812000046],[116.93258652200007,23.658815222000044],[116.9213167910001,23.66276388500006],[116.91784615900008,23.661791453000035],[116.91143858700002,23.655452638000042],[116.91100966900001,23.655030269000065],[116.90885853300006,23.65018120700006],[116.90959849700005,23.637575610000056],[116.90453988800004,23.628551967000078],[116.89967445500008,23.623198681000076],[116.89564814200003,23.621919327000057],[116.83905333100006,23.653796988000067],[116.79784106900001,23.618004169000073],[116.7668204250001,23.603354413000034],[116.72949519600002,23.608439343000043],[116.70182811300003,23.59227794900005],[116.7089455140001,23.54936441500007],[116.71710826000003,23.517292964000035],[116.70390165000003,23.47742449100008],[116.682977273,23.448740258000043],[116.65292260800004,23.452162802000032],[116.62050466700009,23.457028276000074],[116.59785960600004,23.482385858000043],[116.56757329400011,23.491237985000055],[116.539608326,23.518141035000042],[116.54164351300005,23.56025064000005],[116.51157941500003,23.594924382000045],[116.52556473800007,23.63204932900004],[116.50874087300008,23.658062677000032],[116.47901271100011,23.64917515700006],[116.44261904100006,23.664556378000043],[116.43134043700002,23.694883977000075],[116.40662300500003,23.720253598000056],[116.36878873100011,23.73701556800006],[116.37838431500006,23.77519852200004],[116.41757491400006,23.78694199800003],[116.46056769500001,23.785845022000046],[116.49584158300001,23.79724847600005],[116.49456564500008,23.83219177500007],[116.49566029000005,23.865228493000075],[116.51275865100001,23.894956966000052],[116.54416186900005,23.906486321000045],[116.57389900100009,23.913536066000063],[116.61045999400005,23.939803690000076],[116.6456259680001,23.99690977800003],[116.67092604600009,24.03468232700004],[116.72274192000009,24.04830776400007],[116.73949689900007,24.07890373300006],[116.7495016690001,24.121081502000038],[116.75917972100001,24.147419273000025],[116.77937144500004,24.177412506000053],[116.80822435900006,24.18443327700004],[116.83980011200003,24.18680729600004],[116.8753573680001,24.208934314000032],[116.93017791300008,24.25998671700006],[116.95066486000007,24.23812980100007],[116.9548304000001,24.186651694000034],[116.95772289900003,24.150873168000032],[116.91204800900005,24.082866996000064],[116.9536902750001,24.014435183000046],[116.9464113030001,23.947850431000063],[116.99455530900002,23.87537362100005],[117.01649979900003,23.807081405000076],[117.05524517200001,23.712427309000077],[117.12281090900001,23.670419947000028],[117.17200695200006,23.62511611900004]]]}},{"type":"Feature","properties":{"code":"CN044020","name":"Dongguan","label":"Dongguan · 东莞市","type":"Prefecture-level city","parentCode":"CN-GD"},"geometry":{"type":"MultiPolygon","coordinates":[[[[113.97666255100012,23.07276560100007],[114.00957832800009,23.06451944500003],[114.04743246400005,23.08435008600003],[114.07428834000007,23.064782550000075],[114.10609280100005,23.053654214000062],[114.12805761600009,23.01705080000005],[114.16238247800004,22.99485303800003],[114.18842713200002,23.01126619300004],[114.19967005600006,22.97530315700004],[114.2026987270001,22.93894640800005],[114.22369602100002,22.901305595000053],[114.22922516100004,22.86291417900003],[114.22718192600007,22.835154540000076],[114.19720931400002,22.795702001000052],[114.17290513500006,22.772579953000047],[114.18610548400011,22.73882936900003],[114.19216286000005,22.70972157800003],[114.17766720000009,22.669111619000034],[114.14279149100003,22.665579154000056],[114.13675541000009,22.69791539700003],[114.1141556560001,22.724602135000055],[114.08726356900002,22.755446582000047],[114.05229384200004,22.772337976000074],[114.0236223180001,22.766400030000057],[113.99461935500005,22.767255395000063],[113.96743598500007,22.786706309000067],[113.95002666300002,22.811474840000074],[113.94099498500009,22.84522049900005],[113.90975359000004,22.857434139000077],[113.87271239200004,22.84195767500006],[113.83928407000008,22.83913562500004],[113.81618541900002,22.812945021000075],[113.78984636700011,22.790832245000047],[113.76632021400007,22.76595925600003],[113.75637620300006,22.753426312000045],[113.75198487300008,22.75839907200003],[113.73042439100004,22.765297771000064],[113.72506783100005,22.76526175500004],[113.71900077400005,22.769799770000077],[113.7131203450001,22.767304844000023],[113.71174518900011,22.760321016000034],[113.70612996800003,22.758850909000046],[113.70018078100009,22.754496248000066],[113.67994532700004,22.747529195000027],[113.67055126600007,22.748203056000023],[113.65898700900004,22.765713620000042],[113.65985924200004,22.77211789000006],[113.66387338800007,22.77818822200004],[113.66420735400004,22.78726752600005],[113.66715084300006,22.800603265000063],[113.6667644900001,22.808055301000024],[113.66171897700008,22.81647976900007],[113.64935239500005,22.831341276000046],[113.64614042400001,22.82875794800003],[113.63728376400002,22.830070894000073],[113.6333612950001,22.832677142000023],[113.62618101600003,22.843442649000053],[113.62406916900011,22.834419007000065],[113.62104710000006,22.824802737000027],[113.61731780800005,22.820585592000043],[113.61438741600011,22.81943635400006],[113.60826797200002,22.834713683000075],[113.60022658300011,22.846540025000024],[113.59879904000002,22.856087537000064],[113.60151661000009,22.875627849000068],[113.6000890680001,22.879186884000035],[113.601182644,22.884730072000025],[113.60375287600004,22.88795514000003],[113.61799556400001,22.895819723000045],[113.61842448100003,22.899057888000073],[113.61538604100008,22.907626420000042],[113.61396832100002,22.91139172800007],[113.61303845300006,22.904188530000056],[113.60971843400011,22.898717373000068],[113.59774148000008,22.888145043000065],[113.59546592400011,22.88077813600006],[113.5966577260001,22.870618352000065],[113.595803165,22.865481162000037],[113.59336717400004,22.86597228900007],[113.58690721500011,22.872167039000033],[113.58278502100006,22.881387133000032],[113.58448104700005,22.891045967000025],[113.59456552400002,22.91097263300003],[113.58873093400007,22.915906824000047],[113.58503765700004,22.90651974700006],[113.57939951800006,22.898435794000022],[113.57507432500006,22.895678933000056],[113.57122061400003,22.900347915000054],[113.56786457800001,22.91801212200005],[113.56874860700009,22.924183953000068],[113.56150939300005,22.927300974000048],[113.55909228100006,22.930757005000032],[113.55875424200008,22.931669106000072],[113.55233086500004,22.94570931800007],[113.55035885300003,22.959392450000053],[113.55532119100008,22.96571693900006],[113.55209284800003,22.96891581400007],[113.5493392620001,22.966728661000047],[113.54929941300009,22.966743544000053],[113.54752082800007,22.97908455000004],[113.5350415690001,23.019140196000023],[113.52134293400002,23.045307902000047],[113.53127233100008,23.052607155000032],[113.5267572350001,23.057502056000033],[113.51918486800002,23.049430330000064],[113.51835988000005,23.05100625600005],[113.50151880200008,23.058675153000024],[113.49808159800011,23.061854915000026],[113.49882392500001,23.061873869000067],[113.64262559600002,23.088688240000067],[113.68104795500005,23.115003225000066],[113.72286149900003,23.126916626000025],[113.75973150900006,23.134402300000033],[113.76829875500005,23.130038230000025],[113.79747631800001,23.100097434000077],[113.83833863100006,23.09390468500004],[113.86974955000005,23.092729236000025],[113.91239998100002,23.09181170900007],[113.94783405100009,23.09089755800005],[113.97666255100012,23.07276560100007]]],[[[113.66053044900002,22.80226327500003],[113.65799623300006,22.788086071000066],[113.65518043700001,22.78404573200004],[113.65202412700012,22.782906317000027],[113.63726739300012,22.787509815000078],[113.63587914000004,22.788747456000067],[113.62906557000008,22.794798142000047],[113.61971123400008,22.794270999000048],[113.6149669460001,22.798756627000046],[113.61295987300002,22.80481386200006],[113.61377841800004,22.808919685000035],[113.62357476800003,22.82059214000003],[113.62928166600011,22.83073882700006],[113.63252310500002,22.827952499000048],[113.64633032600011,22.821931280000058],[113.655661742,22.815229032000047],[113.65928626000004,22.81077287100004],[113.66053044900002,22.80226327500003]]]]}},{"type":"Feature","properties":{"code":"CN044030","name":"Foshan","label":"Foshan · 佛山市","type":"Prefecture-level city","parentCode":"CN-GD"},"geometry":{"type":"Polygon","coordinates":[[[112.92434316100002,23.48746349700008],[112.9479887010001,23.427396333000047],[112.9679507190001,23.388205028000073],[112.97780401600005,23.35727311100004],[112.9978012250001,23.323959781000042],[113.00557928,23.283067326000037],[113.0459031260001,23.287594112000022],[113.09007860800011,23.329787288000034],[113.13665164400004,23.28786527500006],[113.1597662040001,23.238145278000047],[113.16349364200005,23.19092833600007],[113.16248445300005,23.152387022000028],[113.16252449800004,23.11881367500007],[113.21617421600001,23.00648449600004],[113.23902495800007,22.980306149000057],[113.24576443900003,22.943901279000045],[113.24814462400002,22.90845544000007],[113.26357196700008,22.870559533000062],[113.28393200200003,22.842575645000068],[113.31754333200001,22.81475081900004],[113.31081598300011,22.797434064000072],[113.27786789700008,22.77893341200007],[113.31611906700005,22.783271498000033],[113.30728489,22.757765997000035],[113.2730173870001,22.756879105000053],[113.23834311000007,22.761443489000044],[113.20815450600003,22.740947082000048],[113.18695626600004,22.70851630900006],[113.14963188200011,22.694454853000025],[113.11549026300008,22.701245173000075],[113.08143569100002,22.71574361100005],[113.056796856,22.751473176000047],[113.02395773100011,22.804145447000053],[112.9902662510001,22.839443827000025],[112.9523153350001,22.813971811000044],[112.90795496400006,22.819891160000054],[112.85802847000002,22.848100001000034],[112.82552789500005,22.833428738000066],[112.8031196170001,22.81320467000006],[112.78346236800007,22.776596879000067],[112.77118360000009,22.75172814800004],[112.75241589000007,22.704195150000032],[112.71226488400009,22.68864283100004],[112.67283911400011,22.701239822000048],[112.66400904000011,22.74355885500006],[112.64444210600004,22.770517312000038],[112.60932125400006,22.783958953000024],[112.60380294000004,22.75583735300006],[112.57955624200008,22.738756257000034],[112.56672147900008,22.69796058000003],[112.56265310800006,22.665274854000074],[112.53317547300003,22.655030659000033],[112.49317673400003,22.686038586000052],[112.411425914,22.68759687100004],[112.37966598900005,22.700495072000024],[112.37214730000005,22.741420124000058],[112.37524405900001,22.78137767800007],[112.40424247700003,22.789847878000046],[112.44531183000004,22.797331049000036],[112.47625408700003,22.80440858000003],[112.49186162000001,22.832464395000045],[112.53246635800008,22.83946289000005],[112.55145228800006,22.86203772400006],[112.58404303200007,22.89449548300007],[112.63633414600008,22.90726980100004],[112.6760884680001,22.923296437000033],[112.70375041600005,22.937138851000043],[112.7344248390001,22.961388011000054],[112.76469882900005,22.994257196000035],[112.77040050300002,23.035958847000074],[112.76633800600007,23.068212989000074],[112.74478265800008,23.093816335000042],[112.74360154400006,23.12376953300003],[112.75798529400004,23.160384522000072],[112.74617147900005,23.195416058000035],[112.71646322100003,23.235130063000042],[112.79601682600003,23.23759890300005],[112.81289067000012,23.27734474600004],[112.81612747600002,23.310867616000053],[112.79865863100008,23.36225775500003],[112.77012913400006,23.376114337000047],[112.75979229300003,23.41382644600003],[112.78160734900007,23.46166792500003],[112.80900868700007,23.478180676000022],[112.83256619000008,23.501065012000026],[112.83877986200002,23.539515447000042],[112.87974203800002,23.547267715000032],[112.90039794000006,23.522143275000076],[112.92434316100002,23.48746349700008]]]}},{"type":"Feature","properties":{"code":"CN044040","name":"Guangzhou","label":"Guangzhou · 广州市","type":"Prefecture-level city","parentCode":"CN-GD"},"geometry":{"type":"MultiPolygon","coordinates":[[[[113.85324925500004,23.70335551900007],[113.82742005800003,23.682536491000064],[113.81353099000012,23.648915807000037],[113.83817342200007,23.621599828000058],[113.84723745200006,23.58472962700006],[113.8594233870001,23.552738688000034],[113.87780961900012,23.52544014700004],[113.90722754100011,23.502781136000067],[113.93138515700002,23.48421093500008],[113.93438672600007,23.45639826000007],[113.97189776300002,23.447131218000038],[113.98217884100006,23.414583656000048],[113.9687000020001,23.353093430000058],[113.93254774000002,23.357917417000067],[113.89864656000009,23.356341667000038],[113.87525374000006,23.340043791000028],[113.87027757200008,23.310641391000047],[113.86412624200011,23.270339703000047],[113.85763795600008,23.23221955200006],[113.84943877500007,23.20268947900007],[113.83460703100002,23.178651650000063],[113.76829875500005,23.130038230000025],[113.75973150900006,23.134402300000033],[113.72286149900003,23.126916626000025],[113.68104795500005,23.115003225000066],[113.64262559600002,23.088688240000067],[113.49882392500001,23.061873869000067],[113.49808159800011,23.061854915000026],[113.49640557700002,23.063405404000036],[113.49059390600007,23.075562438000077],[113.48607553600004,23.080247791000033],[113.47580770500008,23.08614459100005],[113.4652321000001,23.089981932000057],[113.43277841800011,23.09325283800007],[113.436095163,23.08654076700003],[113.43994232600005,23.087663811000027],[113.44615999500002,23.086851815000045],[113.45017086700011,23.086933669000075],[113.45411625500003,23.08495606400004],[113.45810748200006,23.084212825000066],[113.45823517500003,23.08172772100005],[113.45313400100008,23.082091155000057],[113.44864509900003,23.081816124000056],[113.4381415260001,23.08110890100005],[113.44077396800003,23.07359138100003],[113.44593080300001,23.074259314000074],[113.47102412600009,23.064810028000068],[113.47731021000004,23.062022633000026],[113.46551703500006,23.060380991000045],[113.49155551600006,23.04440233300005],[113.49434000200006,23.008326926000052],[113.49247946500009,22.980694107000033],[113.48805979200006,22.96605179000005],[113.48246961000007,22.944978194000043],[113.49206745700008,22.906848515000036],[113.46719244400003,22.89740885200007],[113.48359600800006,22.887702783000066],[113.49873857600005,22.869719263000036],[113.51349886900005,22.839738430000068],[113.52959460200009,22.820796660000042],[113.5398224170001,22.80294704000005],[113.56708336200006,22.795674131000055],[113.58311867000009,22.775797268000076],[113.59997934600005,22.751276481000048],[113.59811238600003,22.74065577600004],[113.57448266400002,22.739108286000032],[113.55313241600004,22.750567398000044],[113.5263676080001,22.775107217000027],[113.52134828800001,22.777949207000063],[113.51756988300008,22.77806707700006],[113.51110010200011,22.777857529000073],[113.50251847300001,22.78060456700007],[113.49098353400007,22.787987846000078],[113.48494594400006,22.79375367800003],[113.48316806300011,22.800007364000066],[113.48745069200004,22.813716360000058],[113.48547963500005,22.82101123500007],[113.48249030800002,22.824616109000033],[113.47696021600007,22.813012411000045],[113.47604344600006,22.799817462000078],[113.46032082800002,22.80877234700006],[113.4655988080001,22.800550878000024],[113.45157549100009,22.800986344000023],[113.43546324600004,22.804787668000074],[113.42626279700005,22.809204539000064],[113.42085385000007,22.81370981200007],[113.41251451100004,22.829664896000054],[113.4092861690001,22.833070044000067],[113.4084381560001,22.82793285400004],[113.40998029500008,22.821066896000048],[113.41462635800008,22.81389971400006],[113.42519541400009,22.803864349000037],[113.45323877500005,22.795999766000023],[113.4789803860001,22.788773649000063],[113.48431143900007,22.785913252000057],[113.47357965900005,22.78917547900005],[113.49673962000008,22.76384028700005],[113.49566561200004,22.763667229000077],[113.48655684100004,22.764158356000053],[113.4747468700001,22.769897995000065],[113.46988798500001,22.770873701000028],[113.46798568600002,22.76762898800007],[113.46055002100002,22.76517007800004],[113.45958741200002,22.76334308500003],[113.47057228900007,22.763772003000042],[113.4743114040001,22.763919341000076],[113.47782787400001,22.76277665200007],[113.45411625500003,22.74718827600003],[113.43647550200001,22.741705944000046],[113.41823569600001,22.745910827000046],[113.39170711300005,22.758871492000026],[113.37994830900004,22.777976309000053],[113.3661056200001,22.78800003500004],[113.34615341000006,22.804623959000025],[113.34496492000005,22.80204220400003],[113.31826624600001,22.816628361000028],[113.31754333200001,22.81475081900004],[113.28393200200003,22.842575645000068],[113.26357196700008,22.870559533000062],[113.24814462400002,22.90845544000007],[113.24576443900003,22.943901279000045],[113.23902495800007,22.980306149000057],[113.21617421600001,23.00648449600004],[113.16252449800004,23.11881367500007],[113.16248445300005,23.152387022000028],[113.16349364200005,23.19092833600007],[113.1597662040001,23.238145278000047],[113.13665164400004,23.28786527500006],[113.09007860800011,23.329787288000034],[113.0459031260001,23.287594112000022],[113.00557928,23.283067326000037],[112.9978012250001,23.323959781000042],[112.97780401600005,23.35727311100004],[112.9679507190001,23.388205028000073],[112.9479887010001,23.427396333000047],[112.92434316100002,23.48746349700008],[112.99913212000001,23.478500362000034],[113.02948174400001,23.496285905000036],[113.0604225290001,23.519938196000055],[113.09853196600011,23.53308151600004],[113.12760747200002,23.524116819000028],[113.16288687200006,23.542705805000026],[113.17653793600005,23.580582080000056],[113.209956121,23.60325283900005],[113.27618783000003,23.63769561400005],[113.30725778200008,23.662626587000034],[113.32035729900008,23.690967897000064],[113.35455331600008,23.726706703000048],[113.36907225000004,23.75094726100008],[113.40356545500003,23.742289723000056],[113.4343782300001,23.71873523900007],[113.45899898100004,23.70387242100003],[113.49315864800008,23.706508545000077],[113.52927694800007,23.708651788000054],[113.54937491300007,23.687047282000037],[113.5807344860001,23.696494142000063],[113.5937783810001,23.743819474000077],[113.59021129300004,23.789153167000052],[113.60738575700009,23.821006216000058],[113.66225763700004,23.82253649000006],[113.69510391100005,23.844707994000032],[113.71955770500006,23.872469185000057],[113.75929507000001,23.889854256000035],[113.81270948300005,23.90908047100004],[113.85645662700006,23.923485678000077],[113.8947925220001,23.939483820000078],[113.93367607700009,23.943004320000057],[113.96900750800012,23.933739195000044],[114.0082504720001,23.920255826000073],[114.0601374150001,23.88814648400006],[114.05324572200004,23.850389263000068],[114.045926011,23.815346696000063],[114.03390887800003,23.786195538000072],[114.00689993300011,23.76401746700003],[113.97820049800009,23.75314086000003],[113.94614731200011,23.744096546000037],[113.91507866300003,23.732728520000023],[113.88362804700012,23.72265495000005],[113.85324925500004,23.70335551900007]]],[[[113.59960776300011,22.63435345000005],[113.59129461700002,22.632136829000046],[113.58714950400008,22.63433380500004],[113.5859969920001,22.633338454000068],[113.57585030500002,22.63572533200005],[113.55638202500006,22.650806209000052],[113.539222042,22.668496609000044],[113.5370111090001,22.66995709200006],[113.51845965400003,22.68901653100005],[113.4937203500001,22.712839393000024],[113.47538767100002,22.725360463000072],[113.49643831900005,22.735129467000036],[113.51358847900008,22.74162216800005],[113.5221590320001,22.743289977000074],[113.54137575100003,22.72992230500006],[113.55440975400006,22.708285983000053],[113.58387615800007,22.67968961100007],[113.59870302700006,22.653366599000037],[113.60031611400007,22.63531772500005],[113.59960776300011,22.63435345000005]]],[[[113.49387463500011,22.738102424000033],[113.4739676150001,22.729422570000054],[113.46775639400005,22.729852477000065],[113.4543589330001,22.734060106000072],[113.449284336,22.738469097000063],[113.48253614700002,22.757259657000077],[113.50045914400005,22.75977141800007],[113.5039400070001,22.75596362600004],[113.5176613540001,22.746418684000048],[113.50878853000006,22.74445760900005],[113.49387463500011,22.738102424000033]]],[[[113.48622942300005,23.07198048400005],[113.48526681300007,23.070153491000042],[113.48261145300012,23.070647893000057],[113.47678341000005,23.07599135600003],[113.4753427710001,23.079340843000068],[113.47631192800009,23.081583657000067],[113.4791866590001,23.081082708000054],[113.4839473190001,23.07680335300006],[113.48622942300005,23.07198048400005]]]]}},{"type":"Feature","properties":{"code":"CN044050","name":"Heyuan","label":"Heyuan · 河源市","type":"Prefecture-level city","parentCode":"CN-GD"},"geometry":{"type":"Polygon","coordinates":[[[115.5449881180001,24.635790127000064],[115.50267327900008,24.59495692300004],[115.48163129500006,24.572930021000047],[115.48144303200002,24.541301574000045],[115.48907374500004,24.507649472000026],[115.52271370300002,24.511259937000034],[115.55233916200007,24.49959788900003],[115.57776067200007,24.46860993300004],[115.57658867100008,24.437900752000075],[115.56453608400011,24.40567896500005],[115.54246637800009,24.38187182400003],[115.5397333300001,24.34848220200007],[115.55202344600002,24.322366231000046],[115.56964817300002,24.294289691000074],[115.58490970300011,24.268986256000062],[115.58191335800007,24.22925992300003],[115.52052578900009,24.216931260000024],[115.4946370560001,24.180985383000063],[115.50634884600004,24.152610878000075],[115.51839100300003,24.120153303000052],[115.48533069000007,24.115169002000073],[115.47424141600004,24.147148315000038],[115.4435446760001,24.153398794000054],[115.42380971300008,24.123603288000027],[115.41742387500005,24.096167386000047],[115.42320031000008,24.05256147600005],[115.42494005800006,24.019470857000044],[115.41471921100003,23.98080531100004],[115.40344087900007,23.95348404200007],[115.38823846100001,23.92580898400007],[115.37740363600005,23.896656208000024],[115.36153225500004,23.86481946300006],[115.33295182300003,23.804232979000062],[115.38074676100007,23.770639225000025],[115.38709400900007,23.74328711900006],[115.42028668900002,23.72836187400003],[115.45125829400001,23.706690588000072],[115.45185739500005,23.669510457000058],[115.44078172600007,23.633093709000036],[115.43933268100011,23.593240966000053],[115.44000642200001,23.557858663000047],[115.44117533300005,23.522914288000038],[115.44201514300005,23.492055031000064],[115.44391900800008,23.450728554000023],[115.44612352700005,23.417105397000057],[115.45622827500006,23.38689140100007],[115.44273150600009,23.346548532000043],[115.42548988300007,23.31343008700003],[115.36532709500011,23.303660740000055],[115.3392864860001,23.323844915000052],[115.29467671100008,23.32769976900005],[115.28323594900007,23.362467409000033],[115.25756969000008,23.39440742000005],[115.22162546900006,23.396195716000022],[115.16652656000008,23.392522787000075],[115.13764158100003,23.387301852000064],[115.10044470200012,23.37998967300007],[115.0726557590001,23.362464862000024],[115.05327008900008,23.333854598000073],[115.02381602100002,23.324054397000054],[114.98712983900009,23.315749655000047],[114.94414838300008,23.323424599000077],[114.9152419400001,23.330806073000076],[114.90233961800004,23.304244065000034],[114.89222882700005,23.27307311100003],[114.8779238510001,23.24788574400003],[114.84947799400004,23.204391007000027],[114.80461550200005,23.180802898000024],[114.78722441100001,23.214168581000024],[114.78239820500005,23.248283550000053],[114.77351973800012,23.27986561800003],[114.7519912350001,23.312656812000057],[114.7250618380001,23.341839012000037],[114.70255234000001,23.370823665000046],[114.69122204500002,23.398175335000076],[114.6718475780001,23.450588507000077],[114.65279485300005,23.48440802600004],[114.6501134770001,23.511695216000078],[114.65381780000007,23.539262679000046],[114.64770715400005,23.581610014000034],[114.57207819100006,23.566431696000052],[114.54880877100004,23.591395615000067],[114.53726567400008,23.617478031000076],[114.51074451900001,23.667375743000036],[114.48132467300002,23.679637282000044],[114.44876943600002,23.68375869600004],[114.416093251,23.70099137400007],[114.38635288900002,23.714074294000056],[114.36496121100004,23.747634462000065],[114.342447719,23.76892170600007],[114.3324482810001,23.801744773000053],[114.33530769400011,23.855958317000045],[114.32616770600009,23.92078980200006],[114.35997005600007,23.92111797700005],[114.38607664400001,23.949728006000043],[114.39502332200004,23.977265703000057],[114.39962522300004,24.007124228000066],[114.38502752000011,24.03184222400006],[114.42071866100002,24.048449111000025],[114.4515611710001,24.084092892000058],[114.48821288300007,24.114130938000073],[114.52703535300009,24.13189109900003],[114.5554796240001,24.14851438000005],[114.57910627800004,24.168890087000023],[114.58629071100006,24.199551564000046],[114.58208492200004,24.227722890000052],[114.57492283800002,24.25504882100006],[114.5493624610001,24.274544637000076],[114.5239197520001,24.259160833000067],[114.50939669400009,24.228622899000072],[114.47473349100005,24.199405401000035],[114.4636468860001,24.169758700000045],[114.46086674200001,24.138612426000066],[114.43969392600002,24.118221633000076],[114.40182081600005,24.135190306000027],[114.36079731000007,24.144036640000024],[114.32905643400011,24.150438635000057],[114.30305422800006,24.169827111000075],[114.27947352800004,24.206290052000043],[114.26218159500002,24.239025927000057],[114.24623960800011,24.26953383600005],[114.26127786000006,24.305072929000062],[114.255929562,24.331896435000033],[114.24633313400011,24.36603141300003],[114.23669227200003,24.397403764000046],[114.24278847500011,24.425306638000052],[114.26661788500007,24.45153447000007],[114.29329914000004,24.473202532000073],[114.31299967500001,24.582256851000068],[114.34177842700001,24.572437921000073],[114.35875903600004,24.552035617000058],[114.36134542400009,24.546145239000055],[114.36602225500008,24.535555243000033],[114.38379780200012,24.51060504800006],[114.39232192600002,24.501300703000027],[114.41497616200002,24.501459123000075],[114.44469206300005,24.50589604000004],[114.46223723000003,24.526977526000053],[114.48992701600002,24.52966354600005],[114.50994782300006,24.538016182000035],[114.53522823100002,24.52903794100007],[114.5549559530001,24.530172453000034],[114.57204311800001,24.53861302200005],[114.58410243500009,24.54451761100006],[114.59227515300006,24.551457131000063],[114.60250367600008,24.561034978000066],[114.62820506100002,24.562848359000043],[114.64365503300007,24.55509031300005],[114.65983220100009,24.540984878000074],[114.67571088500006,24.54403456500006],[114.68729953200011,24.546133567000027],[114.69656484100005,24.547810318000074],[114.70594606000009,24.56011576700007],[114.72258444500005,24.581187242000055],[114.74509830900001,24.601139715000045],[114.78027638000003,24.593555308000077],[114.79786744800003,24.586132908000025],[114.80837015200007,24.581701071000055],[114.82243812900003,24.564940895000063],[114.83670942100002,24.552682394000044],[114.86105407600007,24.568937994000066],[114.8686424980001,24.584905766000077],[114.874528553,24.60725087700007],[114.87893463000012,24.61791795000005],[114.89113740100004,24.626492557000063],[114.88968322000005,24.63827886400003],[114.8980667840001,24.649697589000027],[114.92612596700008,24.659481812000024],[114.96164990000011,24.659942957000055],[114.98730661700006,24.659872361000055],[115.00831135800001,24.66629219300006],[115.01674779600012,24.678601093000054],[115.02113931400004,24.688361851000025],[115.03792592700006,24.68861957000007],[115.0643322200001,24.68308404800007],[115.08424529400008,24.665162487000032],[115.11219917000005,24.67219570800006],[115.12332122700002,24.678073236000046],[115.15481569400004,24.67592927800007],[115.16648009900007,24.693514623000056],[115.17416717800006,24.710357223000074],[115.1763156070001,24.710647607000055],[115.20497259500007,24.71454195800004],[115.22694571500006,24.719975520000048],[115.24606001500001,24.72732492800003],[115.26706497800001,24.732792911000047],[115.27430023400007,24.739716690000023],[115.29655255000011,24.750541076000047],[115.31583626600002,24.740725846000032],[115.33997179100004,24.74965626100004],[115.35727816100007,24.774494682000068],[115.3601484940001,24.778599669000073],[115.38839312100004,24.77020830200007],[115.41941296000005,24.75808015100006],[115.45993162500008,24.738323155000046],[115.46028887700004,24.725671517000023],[115.5245411410001,24.667871330000025],[115.5449881180001,24.635790127000064]]]}},{"type":"Feature","properties":{"code":"CN044060","name":"Huizhou","label":"Huizhou · 惠州市","type":"Prefecture-level city","parentCode":"CN-GD"},"geometry":{"type":"Polygon","coordinates":[[[114.32616770600009,23.92078980200006],[114.33530769400011,23.855958317000045],[114.3324482810001,23.801744773000053],[114.342447719,23.76892170600007],[114.36496121100004,23.747634462000065],[114.38635288900002,23.714074294000056],[114.416093251,23.70099137400007],[114.44876943600002,23.68375869600004],[114.48132467300002,23.679637282000044],[114.51074451900001,23.667375743000036],[114.53726567400008,23.617478031000076],[114.54880877100004,23.591395615000067],[114.57207819100006,23.566431696000052],[114.64770715400005,23.581610014000034],[114.65381780000007,23.539262679000046],[114.6501134770001,23.511695216000078],[114.65279485300005,23.48440802600004],[114.6718475780001,23.450588507000077],[114.69122204500002,23.398175335000076],[114.70255234000001,23.370823665000046],[114.7250618380001,23.341839012000037],[114.7519912350001,23.312656812000057],[114.77351973800012,23.27986561800003],[114.78239820500005,23.248283550000053],[114.78722441100001,23.214168581000024],[114.80461550200005,23.180802898000024],[114.84947799400004,23.204391007000027],[114.8779238510001,23.24788574400003],[114.89222882700005,23.27307311100003],[114.90233961800004,23.304244065000034],[114.9152419400001,23.330806073000076],[114.94414838300008,23.323424599000077],[114.98712983900009,23.315749655000047],[115.02381602100002,23.324054397000054],[115.05327008900008,23.333854598000073],[115.0726557590001,23.362464862000024],[115.10044470200012,23.37998967300007],[115.13764158100003,23.387301852000064],[115.16652656000008,23.392522787000075],[115.22162546900006,23.396195716000022],[115.25756969000008,23.39440742000005],[115.28323594900007,23.362467409000033],[115.29467671100008,23.32769976900005],[115.3392864860001,23.323844915000052],[115.36532709500011,23.303660740000055],[115.42548988300007,23.31343008700003],[115.4119313540001,23.27430878000007],[115.38190513800009,23.222447502000023],[115.34195443300007,23.205322306000028],[115.30503537700008,23.191285744000027],[115.28747953800007,23.160403407000047],[115.27766591400007,23.128865112000028],[115.26126560800003,23.103390318000038],[115.22838338200006,23.077408586000047],[115.20075275700003,23.063092594000068],[115.17217716400012,23.049242806000052],[115.14910831400005,23.025716265000028],[115.1244042410001,23.010847375000026],[115.08897882100007,23.024389421000024],[115.05459759000007,22.99427592400008],[115.02247449300012,22.973638463000043],[114.98645057400006,22.951710943000023],[114.95456001000002,22.937863918000062],[114.91615831800004,22.91641640200004],[114.91823123600011,22.871330974000045],[114.91728044600006,22.838580654000054],[114.93139346400005,22.807752712000024],[114.9296367820001,22.756836168000063],[114.91569406000008,22.75250247300005],[114.8977969450001,22.747721214000023],[114.88143295100008,22.75488340900006],[114.85412803600002,22.75880422700004],[114.86250324000002,22.72794884700005],[114.87518716700004,22.70522914600008],[114.89738556200007,22.718155976000048],[114.91936096200004,22.705204237000032],[114.9390458260001,22.685873473000072],[114.95175232100007,22.664063008000028],[114.94934314000011,22.660968398000023],[114.94291583100005,22.655318031000036],[114.94229042500001,22.653817545000038],[114.91507619400011,22.635118289000047],[114.8974764730001,22.615524062000077],[114.89584525100008,22.601721172000055],[114.89965943100003,22.57843828700004],[114.90202783900008,22.56631340000007],[114.894657058,22.555527020000056],[114.88048861300001,22.545951702000025],[114.8779493940001,22.54680957000005],[114.87818854700004,22.552037265000024],[114.88419994300011,22.55725303500003],[114.88437020000003,22.559787251000046],[114.8809814230001,22.56520602100005],[114.88314893100005,22.567101772000058],[114.89276847500003,22.56782209100004],[114.89296820000004,22.568977877000066],[114.88902281200001,22.576907944000027],[114.88655080500007,22.576842460000023],[114.88215685400007,22.58269014700005],[114.8760832480001,22.587349307000068],[114.8627638800001,22.59387147600006],[114.85956449000003,22.59465731800003],[114.85959604600009,22.60232735200003],[114.83908925900005,22.604116411000064],[114.8091781710001,22.59334003200007],[114.79692067700012,22.587935623000078],[114.79482135,22.591988822000076],[114.79282409900009,22.59262073800005],[114.78691092800011,22.591995370000063],[114.78289023400009,22.59395005600004],[114.77426931500008,22.592790996000076],[114.76715124600003,22.591212841000072],[114.76113985000006,22.58599052200003],[114.75733197700004,22.58909772000004],[114.75287581700002,22.581393572000025],[114.748740526,22.579438886000048],[114.74523085400006,22.579701725000064],[114.74169090400005,22.583060665000062],[114.74771243300006,22.588367577000042],[114.73948769000003,22.597551655000075],[114.73684542600006,22.602760877000037],[114.73819766300005,22.605773124000052],[114.74146202200006,22.612995967000074],[114.73948769000003,22.620520035000027],[114.74072205700008,22.635712235000028],[114.73304737600006,22.64330833500003],[114.72832607700002,22.64654022900004],[114.72750763800002,22.657170740000026],[114.7317966390001,22.666466617000026],[114.74307291900004,22.677349995000043],[114.7449031860001,22.68199605800004],[114.74426144600011,22.686340896000047],[114.73336824600005,22.709227421000037],[114.73558814100011,22.713847291000036],[114.73683887800007,22.716446990000065],[114.73551938300011,22.72651509700006],[114.73932725600002,22.73121354700004],[114.74363607800001,22.74327890400008],[114.75219806100006,22.753851234000024],[114.75586841800009,22.755334438000034],[114.77043852400004,22.756202096000038],[114.77557243900003,22.758412168000064],[114.78105132400003,22.76483945800004],[114.78273210300006,22.765469895000024],[114.79483382500007,22.772362292000025],[114.80267938400004,22.769734286000073],[114.81336303700004,22.77623026200007],[114.81984591500009,22.782153255000026],[114.82161724700006,22.78749017000007],[114.78401982600008,22.827870645000075],[114.77609958300002,22.833289414000035],[114.77645974300003,22.82227834300005],[114.77062842600003,22.826475843000026],[114.76664047400004,22.82728456600006],[114.76403750000009,22.823535629000048],[114.77180025200005,22.80973231300004],[114.75956307400008,22.817249297000046],[114.7605871510001,22.79687915100004],[114.75537398800009,22.782120285000076],[114.74762730400005,22.77990389300004],[114.73611530400001,22.774044727000046],[114.73050948800005,22.77499731000006],[114.7260962900001,22.779753280000023],[114.71856567400005,22.782988171000056],[114.71967234700003,22.786923737000052],[114.71833648100005,22.789870500000063],[114.71523910600001,22.79125547800004],[114.71205987600001,22.79267647300003],[114.70834368100009,22.792571699000064],[114.7075415060001,22.78680914000006],[114.70076067700006,22.789831209000056],[114.69380304300012,22.790551529000027],[114.68324380900003,22.787955104000048],[114.6796258390001,22.785096744000043],[114.68345663100001,22.781531161000032],[114.68430464400001,22.778338834000067],[114.68416280200006,22.777774132000047],[114.6760195280001,22.773480558000074],[114.67085103400007,22.773591272000033],[114.6686493630001,22.769594608000034],[114.66769107700009,22.769089348000023],[114.66078292700001,22.77100794300003],[114.64898605300004,22.768372227000043],[114.64093811600003,22.764698596000073],[114.63224880700011,22.754719115000057],[114.63196942700006,22.754625042000043],[114.62209193000001,22.758412168000064],[114.61640795200003,22.758019267000066],[114.6153045530001,22.757063206000055],[114.60063260700008,22.744505681000078],[114.59872890000008,22.743901443000027],[114.58943197400004,22.743229791000033],[114.58638428900008,22.74114730100007],[114.58225209600005,22.74028389700004],[114.5781581660001,22.738552687000038],[114.57566076900002,22.740531866000026],[114.57193802500001,22.740653011000063],[114.57001566000008,22.735109445000035],[114.56424990700009,22.732671267000057],[114.54268442300008,22.733513596000023],[114.527242924,22.739658846000054],[114.49979468200002,22.740723115000037],[114.51163212100005,22.71900760500006],[114.52661878700007,22.70716632400007],[114.52558217,22.706454190000045],[114.51892248600006,22.705799354000078],[114.51419784300003,22.699231347000023],[114.51992766000001,22.698019900000077],[114.53170816300008,22.701123823000046],[114.53446174900012,22.700056440000026],[114.53530976200011,22.697093306000056],[114.52716032600006,22.696395906000078],[114.52504847900002,22.693118451000032],[114.53275262700004,22.69219513200005],[114.53323364700009,22.691775435000068],[114.50742558700006,22.68959282900005],[114.4978087070001,22.675602721000075],[114.47010580200003,22.667956428000025],[114.43393759600008,22.673722031000068],[114.41241795500002,22.70419150300006],[114.40221006400009,22.743084624000062],[114.39975940800002,22.782262696000032],[114.36977729700004,22.761390564000067],[114.35210656900006,22.790309447000027],[114.32764747400006,22.81701393800006],[114.2853774890001,22.804383400000063],[114.24619672800009,22.80035291400003],[114.22718192600007,22.835154540000076],[114.22922516100004,22.86291417900003],[114.22369602100002,22.901305595000053],[114.2026987270001,22.93894640800005],[114.19967005600006,22.97530315700004],[114.18842713200002,23.01126619300004],[114.16238247800004,22.99485303800003],[114.12805761600009,23.01705080000005],[114.10609280100005,23.053654214000062],[114.07428834000007,23.064782550000075],[114.04743246400005,23.08435008600003],[114.00957832800009,23.06451944500003],[113.97666255100012,23.07276560100007],[113.94783405100009,23.09089755800005],[113.91239998100002,23.09181170900007],[113.86974955000005,23.092729236000025],[113.83833863100006,23.09390468500004],[113.79747631800001,23.100097434000077],[113.76829875500005,23.130038230000025],[113.83460703100002,23.178651650000063],[113.84943877500007,23.20268947900007],[113.85763795600008,23.23221955200006],[113.86412624200011,23.270339703000047],[113.87027757200008,23.310641391000047],[113.87525374000006,23.340043791000028],[113.89864656000009,23.356341667000038],[113.93254774000002,23.357917417000067],[113.9687000020001,23.353093430000058],[113.98217884100006,23.414583656000048],[113.97189776300002,23.447131218000038],[113.93438672600007,23.45639826000007],[113.93138515700002,23.48421093500008],[113.90722754100011,23.502781136000067],[113.87780961900012,23.52544014700004],[113.8594233870001,23.552738688000034],[113.84723745200006,23.58472962700006],[113.83817342200007,23.621599828000058],[113.81353099000012,23.648915807000037],[113.82742005800003,23.682536491000064],[113.85324925500004,23.70335551900007],[113.88362804700012,23.72265495000005],[113.91507866300003,23.732728520000023],[113.94614731200011,23.744096546000037],[113.97820049800009,23.75314086000003],[114.00689993300011,23.76401746700003],[114.03390887800003,23.786195538000072],[114.045926011,23.815346696000063],[114.05324572200004,23.850389263000068],[114.0601374150001,23.88814648400006],[114.08117325500007,23.908645457000034],[114.11441855700002,23.910977288000026],[114.13864968900009,23.92655892600004],[114.15235288300005,23.951324297000042],[114.18375301100002,23.95588349700006],[114.21177358300008,23.938243684000042],[114.24187602200004,23.946801365000056],[114.27161024800012,23.959870730000034],[114.29252798300001,23.930020416000048],[114.32616770600009,23.92078980200006]]]}},{"type":"Feature","properties":{"code":"CN044070","name":"Jiangmen","label":"Jiangmen · 江门市","type":"Prefecture-level city","parentCode":"CN-GD"},"geometry":{"type":"MultiPolygon","coordinates":[[[[112.90795496400006,22.819891160000054],[112.9523153350001,22.813971811000044],[112.9902662510001,22.839443827000025],[113.02395773100011,22.804145447000053],[113.056796856,22.751473176000047],[113.08143569100002,22.71574361100005],[113.11549026300008,22.701245173000075],[113.12468279600012,22.66568825400003],[113.12080084800004,22.626654366000025],[113.14173572100003,22.60684543900004],[113.16248010600009,22.57249465800004],[113.15668449600003,22.534833134000053],[113.17933360900008,22.50089890000004],[113.20684914600008,22.472345395000048],[113.2280420300001,22.439772867000045],[113.20166800300001,22.41010800400005],[113.17239676000008,22.414127740000026],[113.14211406900006,22.414518430000044],[113.1344573670001,22.38049699800007],[113.14515446300004,22.353070340000045],[113.14960314400003,22.325714898000058],[113.14828329300008,22.297977625000044],[113.1492535540001,22.262470118000067],[113.13156770100011,22.230382212000052],[113.15180034200012,22.24419437800003],[113.13503984300007,22.227469411000072],[113.13056168700007,22.225794594000035],[113.12746038000012,22.22346293800007],[113.10125530300002,22.212206756000057],[113.08907454000007,22.225558853000052],[113.08457908900004,22.257518134000065],[113.08001202900005,22.269835586000056],[113.08031621800001,22.27193496900003],[113.08432777300004,22.31161674300006],[113.0830954600001,22.337554529000045],[113.07749488600007,22.383018075000052],[113.07617968300008,22.392773502000068],[113.07631833000005,22.404090121000024],[113.0731738500001,22.415069066000058],[113.0726151340001,22.41921330300005],[113.07120158700002,22.42195521700006],[113.07034949800004,22.424930284000027],[113.08023752500003,22.462046400000077],[113.08000833200003,22.468460520000065],[113.0778277280001,22.469557371000064],[113.06952767900009,22.44044990200007],[113.06685594700002,22.43370836300005],[113.06504297400011,22.433901328000047],[113.0605406300001,22.442634705000046],[113.0489064200001,22.441098299000032],[113.02384303100007,22.44961760800004],[113.01732741100011,22.454348800000048],[113.01627312500011,22.462645575000067],[113.01743218500008,22.484723377000023],[113.01345732900006,22.49227691300007],[113.00067820000004,22.50256111500005],[112.98483116400007,22.50714169500003],[112.96318882800006,22.50465659100007],[112.96452469400003,22.497594183000047],[112.97144303800007,22.498429099000077],[112.9790489610001,22.49346216600003],[112.9804241170001,22.48763739800006],[112.97918647600011,22.48436649200005],[112.97099447500011,22.484805232000042],[112.96914783700004,22.48299461000005],[112.97614148800005,22.479078689000062],[112.9842909240001,22.470169643000077],[112.99144828400006,22.450953474000073],[112.99706350500003,22.44583265500006],[113.00515728000005,22.44229654000003],[113.0219734740001,22.440161774000046],[113.03208605600003,22.436960192000072],[113.04320971700008,22.417175447000034],[113.05502274900005,22.383583396000063],[113.05933855500007,22.362202298000057],[113.05379543200002,22.338292221000074],[113.05304719800006,22.310555032000025],[113.05447422100008,22.29109082900004],[113.05950360100007,22.260430201000077],[113.0683445740001,22.226894999000024],[113.0646321590001,22.198295377000022],[113.0532452440001,22.173594724000054],[113.04110778800009,22.16348365500005],[113.03370813900005,22.153526871000054],[113.00862791200007,22.119763516000035],[113.00126125800011,22.101064895000036],[112.99652831000003,22.09445774200003],[112.99556635900001,22.086609655000075],[112.99485670700005,22.08480835900008],[112.995004601,22.08202654100006],[112.99403899900005,22.074148663000074],[112.994446229,22.05191512600004],[113.00338430800002,22.022061240000028],[112.99414980000006,22.003765663000024],[113.0112154410001,21.98118443000004],[113.01374873100008,21.97738902900005],[113.01493071000004,21.966191330000072],[113.01814268200008,21.962792730000047],[113.01868028000001,21.96274311700006],[113.02410218300008,21.94348726000004],[113.01944580600002,21.941873987000065],[113.01573288500003,21.936193283000023],[113.00573681000003,21.93544349600006],[113.00009212200007,21.93209073400004],[112.99413966100008,21.92605969300007],[112.9894641300001,21.924953020000032],[112.98327592800001,21.918925252000065],[112.98158972500005,21.91463280100004],[112.98211686800005,21.91048114000006],[112.9842555030001,21.906790000000058],[112.98147440700006,21.889592338000057],[112.9758926500001,21.88895339900006],[112.96278282900005,21.88064025400007],[112.95857223300004,21.873522184000024],[112.95291772200005,21.869959875000063],[112.95050792500001,21.86983218200004],[112.94027610900002,21.86928539400003],[112.92508063500009,21.86454438000004],[112.91989105800008,21.85456140200006],[112.91584744500005,21.85281298900003],[112.90286859100001,21.855245706000062],[112.89510223400009,21.861460101000034],[112.89375327100004,21.867491143000052],[112.89077049200012,21.871505289000027],[112.89276774300004,21.885711960000037],[112.88910066000005,21.888504837000028],[112.87496929500003,21.88993238000006],[112.86898081700008,21.896506935000048],[112.87506097200003,21.89964687500003],[112.87637391800001,21.905930028000057],[112.8774118340001,21.910952622000025],[112.87602358100003,21.91615857000005],[112.87666204600009,21.922343497000043],[112.87365634800005,21.925529276000077],[112.87272648100009,21.930928400000028],[112.8638010630001,21.93572507500005],[112.8534611990001,21.958961938000073],[112.8487627500001,21.964465836000045],[112.83965397800011,21.97030042700004],[112.83886817500002,21.974042816000065],[112.843131158,21.98260807300005],[112.84349786700011,21.98714608800003],[112.83834758000012,22.006719142000065],[112.83307614800003,22.015133787000025],[112.8303225620001,22.01914138500007],[112.81387307700004,22.024347333000037],[112.80325163400005,22.02505128200005],[112.80560904400011,22.02230097000006],[112.81333938500006,22.021675601000027],[112.82644593200007,22.01573296300006],[112.83335772800001,22.00996058100003],[112.83479181900009,22.00599227400005],[112.83820351600002,21.987912246000064],[112.83740134200002,21.98663859000004],[112.83680871500007,21.985679255000036],[112.82382331300005,21.98148830300005],[112.81775625500006,21.971524970000075],[112.81955050700003,21.96527128500003],[112.82589586900008,21.95600207800004],[112.82319794400007,21.954423923000036],[112.81662666300008,21.95667001100003],[112.81218687400008,21.95637860900007],[112.79840912000009,21.94786901300006],[112.79461761800007,21.946939145000044],[112.78540079900006,21.949673086000075],[112.7744224700001,21.945426474000044],[112.76620295900011,21.938388220000036],[112.76180993300011,21.937891405000073],[112.7582512780001,21.93157930500007],[112.75804174200005,21.93139988200005],[112.75245598900005,21.92307364000004],[112.75088579400006,21.918514909000066],[112.75061533100006,21.91803518100005],[112.74622194900007,21.914354496000044],[112.74714542700008,21.911880500000052],[112.7348982640001,21.890157315000067],[112.72825651700009,21.89912955400007],[112.72563062400002,21.900026680000053],[112.72093217400004,21.89829463800004],[112.69840908300012,21.878639729000042],[112.69558019100009,21.872723284000074],[112.69323722800004,21.862382962000027],[112.68604982400007,21.858953529000075],[112.67058068400002,21.85143172100004],[112.66356524900004,21.853733034000072],[112.65847717200006,21.853661002000024],[112.65268841900001,21.85152623600004],[112.65220711500001,21.851346156000034],[112.65197792200001,21.843704218000028],[112.65269529000011,21.84273501900003],[112.64772151700004,21.84031654200004],[112.65099744100007,21.817352224000047],[112.64893293400007,21.808844012000066],[112.65139839200003,21.80237095700005],[112.65108801200006,21.796065058000067],[112.64989879500001,21.789715354000066],[112.6478720990001,21.788197027000024],[112.64087517400003,21.791071758000044],[112.63062371400008,21.788449139000022],[112.62698282400004,21.784827895000035],[112.62963818500009,21.77772619600006],[112.62642621400005,21.77429485400006],[112.61714063600004,21.774127871000076],[112.61213768800008,21.769711001000076],[112.61255023400008,21.768460264000055],[112.60936773000003,21.76565101700004],[112.60427965300005,21.765575710000064],[112.58818705300007,21.760212602000024],[112.56699982800001,21.76180385400005],[112.56178405800006,21.757390258000044],[112.55785504100004,21.75894222000005],[112.55766186400001,21.76721607500008],[112.55123137200007,21.774412725000047],[112.54640195500008,21.775781333000054],[112.54036764000011,21.781311424000023],[112.52554214800011,21.788517897000077],[112.50273092900011,21.802754036000067],[112.49963355400007,21.803539839000052],[112.49548189200004,21.804597400000034],[112.4512771740001,21.829091548000065],[112.43891059300006,21.830027964000067],[112.4286722280001,21.835456556000054],[112.42515738100008,21.838175643000056],[112.41974302500012,21.860671516000025],[112.41746447800006,21.892216779000023],[112.42543082000009,21.90133110000005],[112.44902473500008,21.913844545000075],[112.47844113100007,21.925314542000024],[112.50108249300001,21.937833660000024],[112.50312593400008,21.942253960000073],[112.50552380500005,21.943468513000028],[112.50832323000009,21.948150592000047],[112.50637718000007,21.95069644000006],[112.50738886600004,21.95994106200004],[112.49220769100009,21.97876590000004],[112.48409053500006,21.96568736100005],[112.48264382800005,21.96390267700008],[112.48284913200007,21.963687186000072],[112.47528503700005,21.95149974900005],[112.47190778900006,21.952809752000064],[112.46328687000005,21.953235395000036],[112.45616225200001,21.951762014000053],[112.45389247500009,21.946335932000068],[112.4497095800001,21.94717914900008],[112.42422438800008,21.93748160000007],[112.40980525200007,21.933011626000052],[112.39345410700003,21.948187821000033],[112.38863496900001,21.958533301000045],[112.38437547900003,21.98917494500006],[112.38878273500006,22.015023045000078],[112.39790323000011,22.032445718000076],[112.40211716800002,22.048104909000074],[112.39697698300006,22.045382219000032],[112.39855303700006,22.051205440000047],[112.40749482600006,22.053873897000074],[112.4139318660001,22.054126009000072],[112.40701352100007,22.06029456600004],[112.40366403400003,22.05934505400006],[112.39954511400003,22.054901990000076],[112.39710257500008,22.05496420000003],[112.39440137600002,22.061234256000034],[112.39518717900012,22.07320138800003],[112.39174601500008,22.077009260000068],[112.389716023,22.075817458000074],[112.39211272300008,22.066456575000075],[112.3908226960001,22.05966919800005],[112.39331762200004,22.054230783000037],[112.3909372920001,22.048504240000057],[112.39127453300011,22.044362401000058],[112.38963416800004,22.041716863000033],[112.38565931200003,22.042227635000074],[112.37954641700003,22.037627411000074],[112.37626568700011,22.03915645400008],[112.37433148000002,22.02902923700003],[112.373506797,22.02772716900006],[112.36852224900008,22.023849657000028],[112.36886877300003,22.02040432700005],[112.36704840200002,22.017530195000063],[112.36340874000007,22.01179234700004],[112.36013338200007,21.993332043000066],[112.36067717500009,21.972020558000054],[112.36494934900009,21.946600751000062],[112.26893533400005,21.974518013000022],[112.23741031300005,21.989685690000044],[112.21261460300002,22.01938794600005],[112.1998214460001,22.06361075700005],[112.17738316500004,22.087825387000066],[112.14722050400007,22.09065617400006],[112.12378570800001,22.111220580000065],[112.09649783300006,22.12586469000007],[112.06247321700005,22.125950958000033],[112.02892230900011,22.123294575000045],[112.00498696800003,22.138820748000057],[112.0045307480001,22.167956107000066],[112.01511547200005,22.198887541000033],[112.00793859400005,22.227119925000068],[111.99932232600008,22.25352766700007],[112.00751834500011,22.291736253000067],[112.03252488900011,22.329449732000057],[112.06907397400005,22.35620503900003],[112.10512174700011,22.363845923000042],[112.1373273700001,22.374667043000045],[112.16139857600001,22.392784738000046],[112.198476002,22.41403100900004],[112.21443307600009,22.444441081000036],[112.21982759600007,22.476704900000072],[112.24739934700006,22.519788556000037],[112.28409210400002,22.548270149000075],[112.32311818800008,22.558087770000043],[112.34640175300001,22.59660611100003],[112.35809253700006,22.624725050000052],[112.389042227,22.647735304000037],[112.41205870200008,22.625794003000067],[112.43359071700002,22.600675761000048],[112.47550259200011,22.59996577900006],[112.51272380800003,22.622447720000025],[112.4974641880001,22.64572534200005],[112.49317673400003,22.686038586000052],[112.53317547300003,22.655030659000033],[112.56265310800006,22.665274854000074],[112.56672147900008,22.69796058000003],[112.57955624200008,22.738756257000034],[112.60380294000004,22.75583735300006],[112.60932125400006,22.783958953000024],[112.64444210600004,22.770517312000038],[112.66400904000011,22.74355885500006],[112.67283911400011,22.701239822000048],[112.71226488400009,22.68864283100004],[112.75241589000007,22.704195150000032],[112.77118360000009,22.75172814800004],[112.78346236800007,22.776596879000067],[112.8031196170001,22.81320467000006],[112.82552789500005,22.833428738000066],[112.85802847000002,22.848100001000034],[112.90795496400006,22.819891160000054]]],[[[113.01019297100004,22.446700313000065],[113.007072676,22.446376169000075],[113.00266235400011,22.44711940800005],[112.99873988500008,22.449918833000027],[112.99752189000003,22.453317433000052],[112.9932392610001,22.465160146000073],[112.98416978000012,22.48009041100005],[112.98535830700007,22.489356343000054],[112.98314823500004,22.496651219000057],[112.98371139400001,22.50014804400007],[112.98779429800004,22.50230900300005],[112.99485670700005,22.501280911000038],[113.00010521900003,22.498648469000045],[113.00743938400001,22.491622077000045],[113.01122433800003,22.48510645600004],[113.01274028300008,22.477212406000035],[113.01062843700004,22.46011790700004],[113.0128024930001,22.45179166500003],[113.01019297100004,22.446700313000065]]],[[[112.8311247370001,21.967022972000052],[112.82840716600003,21.965441542000065],[112.82491361500001,21.966780682000035],[112.82264788200007,21.97221909700005],[112.82684210800005,21.978508799000053],[112.83286987500003,21.980411098000047],[112.83502101200008,21.978286154000045],[112.8311247370001,21.967022972000052]]],[[[112.47347820700008,21.948588546000053],[112.47005763600009,21.943077247000076],[112.46027677900008,21.94504894000005],[112.46558534500002,21.948422349000055],[112.47347820700008,21.948588546000053]]],[[[113.08328251300009,22.225103742000044],[113.08545758600008,22.215504758000066],[113.08269858800008,22.216349927000067],[113.07983352800011,22.231031012000074],[113.08328251300009,22.225103742000044]]]]}},{"type":"Feature","properties":{"code":"CN044080","name":"Jieyang","label":"Jieyang · 揭阳市","type":"Prefecture-level city","parentCode":"CN-GD"},"geometry":{"type":"Polygon","coordinates":[[[116.37838431500006,23.77519852200004],[116.36878873100011,23.73701556800006],[116.40662300500003,23.720253598000056],[116.43134043700002,23.694883977000075],[116.44261904100006,23.664556378000043],[116.47901271100011,23.64917515700006],[116.50874087300008,23.658062677000032],[116.52556473800007,23.63204932900004],[116.51157941500003,23.594924382000045],[116.54164351300005,23.56025064000005],[116.539608326,23.518141035000042],[116.56757329400011,23.491237985000055],[116.59785960600004,23.482385858000043],[116.62050466700009,23.457028276000074],[116.56687869300004,23.43636234300004],[116.53540057300006,23.45069739400003],[116.50876852700003,23.46484057500004],[116.45980723800005,23.47026519600007],[116.446978005,23.508387542000037],[116.40959791300008,23.501572354000075],[116.4145577910001,23.54539377900005],[116.38030721000007,23.542993942000066],[116.36256598700004,23.518221046000065],[116.34055623600011,23.495413493000058],[116.31365710600005,23.482751059000066],[116.33136553100007,23.454452813000046],[116.350115286,23.417037288000074],[116.37454034900009,23.397564276000026],[116.36804431100006,23.361945509000066],[116.33030342500001,23.34603763000007],[116.31034310200005,23.324497490000056],[116.29294532300003,23.284254859000043],[116.2815929840001,23.23743343600006],[116.26125798900011,23.217709867000053],[116.23723672800008,23.18039793500003],[116.24927943600005,23.145467514000075],[116.2855640350001,23.120588474000044],[116.31935378800006,23.11622026400005],[116.35109041500004,23.088293316000033],[116.3786189440001,23.06414005700003],[116.40762377200008,23.07218190100008],[116.42952021700012,23.09410313500007],[116.45940437600007,23.11027434600004],[116.4875252170001,23.119690304000073],[116.53368965800007,23.134058245000062],[116.53191516900006,23.130955033000077],[116.52858860100002,23.111617720000027],[116.5294267910001,23.107727993000026],[116.53247832800002,23.104113297000026],[116.5386272400001,23.100406924000026],[116.542327064,23.095570959000042],[116.54412131600009,23.094032094000056],[116.54966123000008,23.089277983000045],[116.54995590600004,23.08653094500005],[116.54483181300009,23.08299482900003],[116.54033636200006,23.061110203000055],[116.542327064,23.048753444000056],[116.54972016500005,23.03947441500003],[116.5524213650001,23.028738376000035],[116.55554865700003,23.024976629000037],[116.537260446,23.001726874000042],[116.5343478850001,23.004309711000076],[116.52739025100004,23.00532798100005],[116.52409989800003,23.004587894000053],[116.50821804500004,23.010234231000027],[116.50065710900003,22.984786530000065],[116.48837791800008,22.962385032000043],[116.47576544500009,22.950162428000056],[116.46534725600009,22.948001050000073],[116.45249336000006,22.950236612000026],[116.44441268100002,22.94572151600005],[116.44292457600011,22.943769642000063],[116.41081926000004,22.93987165300007],[116.40489331600008,22.93992621600006],[116.40327016100002,22.938955097000076],[116.36884798100004,22.934775812000055],[116.35858002600003,22.93904218700004],[116.3476573580001,22.93975268400004],[116.32607395700006,22.95264968300006],[116.32195176300002,22.959456705000036],[116.31739082900003,22.963497045000054],[116.31215541300003,22.96477397500007],[116.30969461100005,22.964430999000058],[116.30088185700004,22.972958420000055],[116.28181907200008,22.98325875300003],[116.26693895300002,22.965597170000024],[116.27607558200009,22.955306010000072],[116.26951844500002,22.952803779000078],[116.25649693300011,22.956003917000032],[116.23031265500003,22.930640018000076],[116.2237364990001,22.924360404000026],[116.21219794100011,22.91457095800007],[116.202264076,22.906130119000068],[116.19660696100004,22.897404280000046],[116.18731251000008,22.88769718700007],[116.17256840000005,22.87185610800003],[116.15282634100004,22.85443850000007],[116.14990363300001,22.851558539000052],[116.14444858700006,22.84733892500003],[116.13728467900012,22.846504009000057],[116.12951504800003,22.839919631000043],[116.12117898300005,22.83653412700005],[116.11253514500004,22.836124855000037],[116.10817066200002,22.83190443600006],[116.09935001800011,22.828047450000042],[116.09665564300008,22.82451796600003],[116.08813863000012,22.825378245000024],[116.08385567500011,22.828058576000046],[116.08068262800009,22.849076754000066],[116.08728366200012,22.86074361200008],[116.09640121400002,22.881517074000044],[116.1168930020001,22.878566531000047],[116.12672233300009,22.894677947000048],[116.12237371700007,22.904156257000068],[116.10170804400002,22.904341224000063],[116.07969569700003,22.91476667300003],[116.05189916800009,22.92734196600003],[116.03069759100003,22.931714030000023],[116.00136184900009,22.943882702000053],[115.97742552900002,22.962376541000026],[115.94749517800005,22.98878088600003],[115.93908926300003,23.019944769000062],[115.95205673500004,23.052240555000026],[115.9304991030001,23.08245030200004],[115.90594623900006,23.09912053200003],[115.88389274300005,23.12978547000006],[115.85308172600003,23.13619438300003],[115.8100643680001,23.14114518200006],[115.78215005000004,23.15970273100004],[115.75731182000004,23.18269977700004],[115.74065209800006,23.216337284000076],[115.7354566460001,23.25734955000007],[115.79280700800007,23.267176801000062],[115.77650103000008,23.323745450000047],[115.79205619600009,23.347782204000055],[115.76564996700006,23.38124756800005],[115.72722156600003,23.38239315100003],[115.69273137300002,23.37161194500004],[115.6556609060001,23.36996753300008],[115.64627028000007,23.404264527000066],[115.65509532200008,23.43077668600006],[115.65013855900008,23.46675325800004],[115.59825957200007,23.499529778000067],[115.62242056000002,23.53240386600004],[115.64511763000007,23.55215787700007],[115.67472353900007,23.548129096000025],[115.70314336800004,23.539136674000076],[115.73304097800008,23.530546693000076],[115.76495857700002,23.536401192000028],[115.77876601600008,23.564552682000055],[115.78692471800002,23.59740872200007],[115.79488050000009,23.625730719000046],[115.81294932700007,23.65012094000008],[115.84658637900009,23.660881421000056],[115.86759205600003,23.637117618000048],[115.89988464600003,23.638837764000073],[115.94368016500005,23.64698928300004],[115.97688784000002,23.64729395200004],[116.0193018110001,23.645483650000074],[116.09080352100011,23.639076101000057],[116.15984423100008,23.632247275000054],[116.17995570100004,23.65650752700003],[116.18409386300004,23.683568774000037],[116.19010147100005,23.720081782000022],[116.21024373500006,23.74432895900003],[116.23636426700011,23.75975337500006],[116.265657798,23.76962756300003],[116.30150978400002,23.783793954000032],[116.34205386800011,23.771952386000066],[116.37838431500006,23.77519852200004]]]}},{"type":"Feature","properties":{"code":"CN044090","name":"Maoming","label":"Maoming · 茂名市","type":"Prefecture-level city","parentCode":"CN-GD"},"geometry":{"type":"MultiPolygon","coordinates":[[[[111.23906992700006,22.605026671000076],[111.28583912100004,22.598454108000055],[111.30002191800008,22.564435340000045],[111.27178203300008,22.51555303400005],[111.32146206700008,22.52453183800003],[111.35895882800008,22.53061105100005],[111.38414153300005,22.504350120000026],[111.38819812500009,22.46799197000007],[111.42388455800005,22.45130479000005],[111.44833087200004,22.466397779000033],[111.45106815400004,22.49414275600003],[111.45955471500008,22.53054288900006],[111.49050107800008,22.49881784100006],[111.52892946700007,22.516206084000032],[111.56920908400008,22.549947823000025],[111.60102044000007,22.541379249000045],[111.62515867200005,22.516421112000046],[111.66895118000008,22.519220782000048],[111.64356564200006,22.477354846000026],[111.62970283900006,22.44913693600006],[111.59666524900007,22.409510873000045],[111.55781390400006,22.38440791900007],[111.51654961000008,22.369287729000064],[111.48346032200004,22.357363537000026],[111.46050336100006,22.335453485000073],[111.44049334200008,22.30217116600005],[111.40943810900006,22.275666430000058],[111.38115436400005,22.26963980100004],[111.34806166600004,22.264492493000034],[111.33626590100005,22.232128998000064],[111.32687814300004,22.199770486000034],[111.31229099500007,22.156004292000034],[111.29190814900005,22.121304164000037],[111.27584558000007,22.08753332300006],[111.27368328700004,22.052001276000055],[111.26961521300007,22.017823407000037],[111.24441052600008,21.99491555900005],[111.26050214000009,21.952639031000047],[111.26500496900007,21.92259189500004],[111.28818680700005,21.889449599000045],[111.32365960200008,21.873673181000072],[111.35432209700008,21.861506322000025],[111.38020756100008,21.847490180000023],[111.39089905800006,21.815631551000024],[111.37480181900008,21.790037350000034],[111.35973930600005,21.752137338000068],[111.37565658500006,21.723940581000022],[111.40114887200008,21.68756096000004],[111.39181698300007,21.649216546000048],[111.41550186000006,21.583878093000067],[111.39741717700008,21.571150807000038],[111.42509955900005,21.528225724000038],[111.41525397100008,21.530864244000043],[111.41446846500008,21.531920330000048],[111.41288625900006,21.531498767000073],[111.39998722700005,21.53495558000003],[111.37584229800007,21.542599774000053],[111.36055993300005,21.565923164000026],[111.31278869900007,21.532024384000067],[111.30955292600004,21.494017325000073],[111.32995731900007,21.500338170000077],[111.35157941700004,21.52511727800004],[111.35225575200008,21.52445847200005],[111.35441638800006,21.52490063700003],[111.37844104800007,21.510108582000043],[111.28743412300008,21.44865689200003],[111.28381227200003,21.452380651000055],[111.28172334400006,21.45800242000007],[111.28241747100009,21.460261605000028],[111.28576695800007,21.461852857000054],[111.28755793500005,21.464806168000052],[111.29035081100005,21.46941294100003],[111.29528827600006,21.47325028100005],[111.29470219800004,21.476773300000048],[111.29744596100005,21.481268750000027],[111.30735690700004,21.480047481000042],[111.31069984600003,21.481635458000028],[111.30790042100006,21.484791769000026],[111.29605116000005,21.488327884000057],[111.29367083100004,21.49064600500003],[111.29450247300008,21.498487668000053],[111.29163429000005,21.497921235000035],[111.28620897200005,21.492649803000063],[111.26952374600006,21.496896416000027],[111.25769841800007,21.492540937000058],[111.25091339300008,21.494578157000035],[111.24836598800005,21.498949328000037],[111.25045164100004,21.50304532800004],[111.25492089800008,21.505854575000058],[111.26220595100006,21.506129607000048],[111.25797243500006,21.514272495000057],[111.24572699800007,21.50954130300005],[111.23696856400005,21.502472346000047],[111.23188048700007,21.50194847700004],[111.23103247400007,21.50382458300004],[111.23470937900004,21.520912534000047],[111.23278088600006,21.52363665200005],[111.22458561100007,21.512006762000055],[111.22453626500004,21.51198683900003],[111.21587589100005,21.525380834000032],[111.14029291600008,21.517579203000025],[111.17781905200007,21.499517824000066],[111.17373758000008,21.498481120000065],[111.17015890000005,21.495858501000043],[111.17759783900004,21.493239156000072],[111.18578329200005,21.493501090000052],[111.18854297100006,21.49435638700004],[111.21072906000006,21.48367819300006],[111.21039749200008,21.483584043000064],[111.20478663900008,21.483845531000043],[111.17861938400006,21.478128811000033],[111.15475209000004,21.467783315000077],[111.14380821100008,21.464675758000055],[111.13983883800006,21.464478039000028],[111.12441204300006,21.472091221000028],[111.11347300400007,21.46588009900006],[111.10305128600004,21.46338189900007],[111.09886033400005,21.463663479000047],[111.08775431200007,21.47109914400005],[111.08692267000004,21.473803617000044],[111.09293406700004,21.475967851000064],[111.10575903400007,21.477185846000054],[111.11199962300009,21.480171899000027],[111.12052231600006,21.487047680000046],[111.12980789300008,21.487705790000064],[111.13610741800005,21.493586219000065],[111.14473815900004,21.494669973000043],[111.14633268500006,21.496916061000036],[111.14330406700009,21.499659825000037],[111.14211226600008,21.499820260000035],[111.13977777500008,21.500137855000048],[111.12909739600008,21.496402015000058],[111.13037105200004,21.504237130000035],[111.12754216000008,21.50635552500006],[111.12577082800004,21.505972446000044],[111.12399949600007,21.495049778000066],[111.11908822500004,21.492243805000044],[111.11241871800007,21.490295667000055],[111.10694101300004,21.492256902000065],[111.10558407400003,21.488659103000032],[111.08520436100008,21.490092977000074],[111.08461109900009,21.490590343000065],[111.08447860600006,21.490144040000075],[111.07539037500004,21.490783469000064],[111.07514216700008,21.491795242000023],[111.07843926700008,21.50186662300007],[111.08599935100005,21.50462675800003],[111.08566211100003,21.510006237000027],[111.08910327500007,21.51184960100005],[111.09013464200007,21.51240621200003],[111.08557043400003,21.516207536000024],[111.07775168900008,21.511800488000063],[111.05692135000004,21.518790865000028],[111.03753819800005,21.520991114000026],[111.03275462000005,21.53596394400006],[111.03096691700006,21.53495877000006],[111.02998466200006,21.53141610700004],[111.02896585900004,21.52777301800006],[111.01548320100005,21.539690155000073],[111.00280352300007,21.522140501000024],[110.96014156200005,21.51216089600007],[110.97652544700009,21.496306837000077],[110.97933178900007,21.475882139000078],[110.97828766300006,21.460116823000078],[110.97337142300006,21.44622598600006],[111.00148593900008,21.456280623000055],[111.00617497900004,21.459177603000057],[111.00550688500005,21.45312389000003],[111.01101301400007,21.462166634000027],[111.02380716300007,21.470071107000024],[111.05675527000005,21.475444439000057],[111.06156007500005,21.467064917000073],[111.04585588000003,21.45613532400006],[111.03600260700006,21.451522816000022],[111.01522138000007,21.441788675000055],[111.00602748000006,21.434506897000063],[110.99848049300005,21.432159309000042],[110.99324199000006,21.427702216000057],[110.98922861800008,21.42584030200004],[110.98052161000004,21.428132066000046],[110.96494305700008,21.420752062000076],[110.95857522700004,21.418505457000037],[110.94489387300007,21.417237046000025],[110.94223661100006,21.42217633100006],[110.92819364900004,21.426344364000045],[110.92331839300005,21.425601124000025],[110.92247568100004,21.42404430000005],[110.90442057500007,21.433010103000072],[110.86963877800008,21.437719746000027],[110.87314122700008,21.50849520400004],[110.84225840200008,21.50273195400007],[110.81041863600007,21.538478273000067],[110.78766460600008,21.56974133800003],[110.76036730200008,21.620103053000037],[110.70768552700008,21.640082132000032],[110.72555969000007,21.582793136000078],[110.70935316200007,21.546124839000072],[110.68444677300005,21.519845202000056],[110.67205753500008,21.484113656000034],[110.64365456000007,21.471472641000048],[110.60879463100008,21.48020169800003],[110.57192729100007,21.49574043900003],[110.53816244700005,21.49304888300003],[110.50457034700008,21.47939579000007],[110.45776079700005,21.48974529800006],[110.44357547700008,21.51374617700003],[110.42654821600007,21.53679647000007],[110.40280629300008,21.56202637100006],[110.40379144700006,21.589868437000064],[110.36924113200007,21.604451659000063],[110.35868646200004,21.637605412000028],[110.36533989600008,21.66825721400005],[110.37135609200004,21.708928667000066],[110.37535747100009,21.755953155000043],[110.37251693300004,21.784179591000054],[110.36610401200005,21.82511693300006],[110.37610990100006,21.85670758200007],[110.40924948700007,21.87630108700006],[110.44284514100008,21.898167028000046],[110.43802894400005,21.93045529500006],[110.36091626000007,21.95002882500006],[110.36136524900007,21.951321698000072],[110.36407404800008,21.97590176700004],[110.36213629000008,21.980443768000043],[110.35150655400008,21.99495452700006],[110.33896403900007,22.00944949700005],[110.33786483100005,22.029462957000078],[110.33186507000005,22.066737233000026],[110.33250505300003,22.114953412000034],[110.33520533900008,22.14134365600006],[110.33127434400006,22.154964438000036],[110.31857837400008,22.18763874600006],[110.31747867600006,22.208549615000038],[110.34534054800008,22.205049861000077],[110.36167104700007,22.20513051300003],[110.37029733000008,22.205171583000038],[110.38183549800004,22.203406577000067],[110.39332399200003,22.209823779000033],[110.42884261700004,22.209975856000028],[110.44328674000008,22.20276338900004],[110.46159699400005,22.19010481400005],[110.48183607700008,22.17562283500007],[110.50100768400006,22.178425745000027],[110.50578307000006,22.18389663100004],[110.52203885400007,22.196686036000074],[110.52770648400008,22.216704995000043],[110.54689199400008,22.222217586000056],[110.56128557700004,22.224986976000025],[110.58245434100007,22.210498130000076],[110.59022018700006,22.193241413000067],[110.62092989400008,22.194221498000047],[110.63906552600008,22.227907493000032],[110.64093403700008,22.240636276000032],[110.63415164500009,22.256988430000035],[110.64754973700008,22.269745589000024],[110.65611760400009,22.29612561600004],[110.68114861100008,22.284356805000073],[110.72247743300005,22.277145291000068],[110.74579463300006,22.279624959000046],[110.76570560300007,22.281742585000075],[110.76856523000004,22.293560166000077],[110.76759525300008,22.298108546000037],[110.75601871200007,22.316271959000062],[110.73002495600008,22.33350821500005],[110.70784679700006,22.35529384800003],[110.72402913700006,22.425286878000065],[110.71725791500006,22.434360020000042],[110.69217723800006,22.454307296000025],[110.68743945200004,22.46578869800004],[110.68055019100007,22.482451886000035],[110.70169817400006,22.49520145200006],[110.72579640100008,22.489785769000036],[110.74503650700007,22.492531748000033],[110.74116811000005,22.502522430000056],[110.73437586100005,22.523402970000063],[110.73142123600007,22.550646801000028],[110.74486107000007,22.57154853700007],[110.75736835300006,22.582458141000075],[110.76986460200004,22.600626053000042],[110.78431905200006,22.603367887000047],[110.80167060900004,22.60337717300007],[110.83829860400004,22.609746937000068],[110.85663758600003,22.60066702000006],[110.86916948500004,22.60793107300003],[110.87803610600008,22.615095180000026],[110.89614257900007,22.629719772000044],[110.90674440600009,22.641517302000068],[110.92699839900007,22.643321902000025],[110.95497895400007,22.646022134000077],[110.99259527600009,22.656875037000077],[111.01286320500009,22.66139090300004],[111.03795213000006,22.67133530500007],[111.04855925600003,22.67222397300003],[111.07751475500004,22.675797717000023],[111.08717977200007,22.686671387000047],[111.09201912300006,22.701179296000078],[111.08721120700005,22.71571978000003],[111.08012811000009,22.723523800000066],[111.10283809600008,22.70507189700004],[111.11855172600008,22.672918754000023],[111.12218728500005,22.640224964000026],[111.15322117100004,22.616793349000034],[111.19278148700005,22.610215268000047],[111.23906992700006,22.605026671000076]]],[[[111.26963228700004,21.436636346000057],[111.25724964500006,21.428275067000072],[111.25731759900009,21.431586327000048],[111.24832987700006,21.446407258000022],[111.25420321900003,21.447353150000026],[111.26867573300007,21.436746437000068],[111.26963228700004,21.436636346000057]]],[[[110.93912570800006,21.416702274000045],[110.93755425700004,21.416556583000045],[110.92998052100006,21.42031754800007],[110.93270874400008,21.420270758000072],[110.93905738100005,21.41747460700003],[110.93912570800006,21.416702274000045]]]]}},{"type":"Feature","properties":{"code":"CN044100","name":"Meizhou","label":"Meizhou · 梅州市","type":"Prefecture-level city","parentCode":"CN-GD"},"geometry":{"type":"Polygon","coordinates":[[[116.86890976100005,24.364516194000032],[116.88168676300006,24.311653211000078],[116.93017791300008,24.25998671700006],[116.8753573680001,24.208934314000032],[116.83980011200003,24.18680729600004],[116.80822435900006,24.18443327700004],[116.77937144500004,24.177412506000053],[116.75917972100001,24.147419273000025],[116.7495016690001,24.121081502000038],[116.73949689900007,24.07890373300006],[116.72274192000009,24.04830776400007],[116.67092604600009,24.03468232700004],[116.6456259680001,23.99690977800003],[116.61045999400005,23.939803690000076],[116.57389900100009,23.913536066000063],[116.54416186900005,23.906486321000045],[116.51275865100001,23.894956966000052],[116.49566029000005,23.865228493000075],[116.49456564500008,23.83219177500007],[116.49584158300001,23.79724847600005],[116.46056769500001,23.785845022000046],[116.41757491400006,23.78694199800003],[116.37838431500006,23.77519852200004],[116.34205386800011,23.771952386000066],[116.30150978400002,23.783793954000032],[116.265657798,23.76962756300003],[116.23636426700011,23.75975337500006],[116.21024373500006,23.74432895900003],[116.19010147100005,23.720081782000022],[116.18409386300004,23.683568774000037],[116.17995570100004,23.65650752700003],[116.15984423100008,23.632247275000054],[116.09080352100011,23.639076101000057],[116.0193018110001,23.645483650000074],[115.97688784000002,23.64729395200004],[115.94368016500005,23.64698928300004],[115.89988464600003,23.638837764000073],[115.86759205600003,23.637117618000048],[115.84658637900009,23.660881421000056],[115.81294932700007,23.65012094000008],[115.79488050000009,23.625730719000046],[115.78692471800002,23.59740872200007],[115.77876601600008,23.564552682000055],[115.76495857700002,23.536401192000028],[115.73304097800008,23.530546693000076],[115.70314336800004,23.539136674000076],[115.67472353900007,23.548129096000025],[115.64511763000007,23.55215787700007],[115.62242056000002,23.53240386600004],[115.59825957200007,23.499529778000067],[115.56525325000007,23.464180686000077],[115.53979544600008,23.448107895000078],[115.51474315400003,23.429296432000058],[115.494980338,23.408065345000068],[115.45622827500006,23.38689140100007],[115.44612352700005,23.417105397000057],[115.44391900800008,23.450728554000023],[115.44201514300005,23.492055031000064],[115.44117533300005,23.522914288000038],[115.44000642200001,23.557858663000047],[115.43933268100011,23.593240966000053],[115.44078172600007,23.633093709000036],[115.45185739500005,23.669510457000058],[115.45125829400001,23.706690588000072],[115.42028668900002,23.72836187400003],[115.38709400900007,23.74328711900006],[115.38074676100007,23.770639225000025],[115.33295182300003,23.804232979000062],[115.36153225500004,23.86481946300006],[115.37740363600005,23.896656208000024],[115.38823846100001,23.92580898400007],[115.40344087900007,23.95348404200007],[115.41471921100003,23.98080531100004],[115.42494005800006,24.019470857000044],[115.42320031000008,24.05256147600005],[115.41742387500005,24.096167386000047],[115.42380971300008,24.123603288000027],[115.4435446760001,24.153398794000054],[115.47424141600004,24.147148315000038],[115.48533069000007,24.115169002000073],[115.51839100300003,24.120153303000052],[115.50634884600004,24.152610878000075],[115.4946370560001,24.180985383000063],[115.52052578900009,24.216931260000024],[115.58191335800007,24.22925992300003],[115.58490970300011,24.268986256000062],[115.56964817300002,24.294289691000074],[115.55202344600002,24.322366231000046],[115.5397333300001,24.34848220200007],[115.54246637800009,24.38187182400003],[115.56453608400011,24.40567896500005],[115.57658867100008,24.437900752000075],[115.57776067200007,24.46860993300004],[115.55233916200007,24.49959788900003],[115.52271370300002,24.511259937000034],[115.48907374500004,24.507649472000026],[115.48144303200002,24.541301574000045],[115.48163129500006,24.572930021000047],[115.50267327900008,24.59495692300004],[115.5449881180001,24.635790127000064],[115.5647708140001,24.604739623000057],[115.65818254600003,24.579874673000063],[115.7401087830001,24.543699445000073],[115.74385260000008,24.55376046300006],[115.76654224700007,24.61474832300007],[115.75430564700002,24.68211187000003],[115.72336886400001,24.751199211000028],[115.75436796500003,24.832829521000065],[115.79530582600012,24.895936647000042],[115.85796634000008,24.865106560000072],[115.8697052120001,24.88545807500003],[115.89293086000009,24.92574311900006],[115.96718175800004,24.90784831800005],[116.0206346550001,24.854794346000062],[116.06928333700012,24.84887798400007],[116.10612051200007,24.84438202800004],[116.1766776610001,24.849977743000068],[116.24394449500005,24.79882784700004],[116.31127586100001,24.850525855000058],[116.3238883570001,24.84729549700006],[116.37861525800008,24.833263032000048],[116.38143485800003,24.832542730000057],[116.33930534700005,24.789545743000076],[116.36112602800006,24.78059257600006],[116.40203119700004,24.763790457000027],[116.45756806300005,24.717598440000074],[116.48672209600011,24.661002505000056],[116.51524842300012,24.610745417000032],[116.52959222100003,24.61927010900007],[116.5767211320001,24.647255346000065],[116.64580220900007,24.66255998400004],[116.72215865400005,24.667485846000034],[116.79858378300003,24.657903455000053],[116.75592926700006,24.531035934000045],[116.82303950800008,24.485784784000032],[116.85373451400005,24.427135685000053],[116.86890976100005,24.364516194000032]]]}},{"type":"Feature","properties":{"code":"CN044110","name":"Qingyuan","label":"Qingyuan · 清远市","type":"Prefecture-level city","parentCode":"CN-GD"},"geometry":{"type":"Polygon","coordinates":[[[112.97235601300008,24.924835791000078],[112.97980043100006,24.882398266000052],[112.94782867700008,24.849357352000027],[112.92672363600002,24.815741353000078],[112.9303283700001,24.78592493700006],[112.90198522900005,24.76455777600006],[112.86720508600001,24.73962967800003],[112.87472181800001,24.704358266000042],[112.8654891860001,24.669696522000038],[112.86210488600011,24.62820395400007],[112.89737222500003,24.610702507000042],[112.93900865500007,24.567037062000054],[112.98061808700004,24.531276904000038],[113.00336529300012,24.49986923700004],[113.04697394200002,24.488090706000037],[113.0630826250001,24.51725839200003],[113.09155616900011,24.55169562800006],[113.11385792200008,24.52704740000007],[113.12434913700008,24.501631101000044],[113.17175373200007,24.515950541000052],[113.2293443420001,24.520177688000047],[113.24373655200009,24.495602916000053],[113.27758794400006,24.49018171700004],[113.30970120000006,24.500130929000022],[113.35930231100008,24.49672288100004],[113.396893395,24.479919291000044],[113.43171198800007,24.47533634000007],[113.46939896200001,24.49419115300003],[113.50421860400002,24.545133416000056],[113.53915634200007,24.54593807400005],[113.56813607700008,24.515664599000047],[113.59914061800009,24.49031936700004],[113.63990432300011,24.482825108000043],[113.65671972400003,24.44347136600004],[113.69138899100005,24.433155670000076],[113.72753144,24.446611851000057],[113.7572206860001,24.44413313000007],[113.78739355200003,24.405801487000076],[113.80205806900005,24.370240694000074],[113.82505461400001,24.342868027000065],[113.83567586800007,24.316656858000044],[113.83662878400003,24.286739003000037],[113.86002159400005,24.245113523000043],[113.89188893900007,24.230427665000036],[113.90153338700009,24.19177453100008],[113.87260955400006,24.173746273000063],[113.84544756500009,24.15220609200003],[113.83177264900007,24.116879949000065],[113.82258246300012,24.088743186000045],[113.80048437700009,24.059500833000072],[113.76427523600012,24.04184385700006],[113.73299465900004,24.056407386000046],[113.71601090600007,24.009928914000056],[113.71617362100005,23.975959683000042],[113.7452103810001,23.95339696800005],[113.7710771300001,23.930793618000052],[113.81270948300005,23.90908047100004],[113.75929507000001,23.889854256000035],[113.71955770500006,23.872469185000057],[113.69510391100005,23.844707994000032],[113.66225763700004,23.82253649000006],[113.60738575700009,23.821006216000058],[113.59021129300004,23.789153167000052],[113.5937783810001,23.743819474000077],[113.5807344860001,23.696494142000063],[113.54937491300007,23.687047282000037],[113.52927694800007,23.708651788000054],[113.49315864800008,23.706508545000077],[113.45899898100004,23.70387242100003],[113.4343782300001,23.71873523900007],[113.40356545500003,23.742289723000056],[113.36907225000004,23.75094726100008],[113.35455331600008,23.726706703000048],[113.32035729900008,23.690967897000064],[113.30725778200008,23.662626587000034],[113.27618783000003,23.63769561400005],[113.209956121,23.60325283900005],[113.17653793600005,23.580582080000056],[113.16288687200006,23.542705805000026],[113.12760747200002,23.524116819000028],[113.09853196600011,23.53308151600004],[113.0604225290001,23.519938196000055],[113.02948174400001,23.496285905000036],[112.99913212000001,23.478500362000034],[112.92434316100002,23.48746349700008],[112.90039794000006,23.522143275000076],[112.87974203800002,23.547267715000032],[112.83877986200002,23.539515447000042],[112.79533444900005,23.574807201000056],[112.75803845400003,23.595525587000054],[112.72703798400005,23.613456296000038],[112.72778500200002,23.642889093000065],[112.73535224000011,23.67135251600007],[112.71218120300011,23.697357907000026],[112.69288190500004,23.72196837900003],[112.69605264000006,23.75046351900005],[112.6704349370001,23.777832598000032],[112.66827604100001,23.81179773100007],[112.63720597800011,23.83195366600006],[112.63946408300001,23.871307229000024],[112.65092510000011,23.900631662000023],[112.65608177000001,23.934520037000027],[112.62749024000004,23.965509170000075],[112.59140272800005,23.977084803000025],[112.5284798030001,23.997875754000063],[112.48949144100004,24.019383978000064],[112.48282453700006,24.047467434000055],[112.48299335800004,24.075053945000036],[112.48464572300009,24.106696596000063],[112.45443555600002,24.129032694000045],[112.4187167990001,24.134664979000036],[112.398790856,24.162805279000054],[112.41364236000004,24.192556384000056],[112.43092070000012,24.215511951000053],[112.44185740900002,24.241663790000075],[112.43957182300005,24.27014795900004],[112.42599451700005,24.295982698000046],[112.3995555780001,24.34888102700006],[112.355704919,24.371813540000062],[112.31653210500008,24.396399409000026],[112.27288242000009,24.413756352000064],[112.23216292000006,24.42340975600007],[112.22075420400006,24.396349470000075],[112.22211915500009,24.365175950000037],[112.22592673400004,24.32585451500006],[112.23463954100009,24.290574697000068],[112.2124591590001,24.25722102800006],[112.18101955200007,24.24015822900003],[112.14763855900003,24.219476617000055],[112.10992200200008,24.22771928800006],[112.09331374300007,24.264823793000062],[112.06197306600006,24.292015913000057],[112.04036026000006,24.266305629000044],[112.03638640800011,24.229254125000068],[112.0025463400001,24.212145891000034],[111.97658324300005,24.228911152000023],[111.94888578200005,24.269496111000024],[111.95128589600006,24.27005372700006],[111.99284739000007,24.29761285400008],[112.00968885500004,24.310978282000065],[112.02655314800006,24.324337901000035],[112.03070341600005,24.344153671000072],[112.02217722600005,24.37222656600005],[112.01659329300003,24.398457361000055],[112.0138702800001,24.418344171000058],[111.99159622800005,24.448358221000035],[111.98517381200008,24.48993030300005],[111.99639524300005,24.524998821000054],[111.98973978600009,24.545817534000037],[111.95251368800007,24.56333724600006],[111.92804533500004,24.578014150000058],[111.90763294900006,24.603466026000035],[111.90197322100005,24.628775363000045],[111.90216865800005,24.648610443000052],[111.90331181200008,24.66302789200006],[111.91053465700008,24.69451663700005],[111.92551513100005,24.710601706000034],[111.97220394400006,24.739886108000064],[111.97892133800008,24.746784279000053],[111.99916495300005,24.767555085000026],[112.01903990000005,24.779060790000074],[112.0408814000001,24.78964482400005],[112.07474813100009,24.813607175000072],[112.11053794800011,24.83212966700006],[112.1141183530001,24.834206014000074],[112.13641578600004,24.847150828000053],[112.15748815300003,24.871230917000048],[112.15487552700006,24.89829781000003],[112.13660321300006,24.911116398000047],[112.11960409700009,24.92303975300007],[112.09699690200011,24.934110152000073],[112.09026780600004,24.949503312000047],[112.12358546300004,25.00317492100004],[112.13033476700002,25.065245636000043],[112.13131481700009,25.07078176300007],[112.13781843800007,25.107486581000046],[112.14227914000003,25.145253511000078],[112.15746088900005,25.16938423000005],[112.18035571400003,25.17631220900006],[112.21411889300009,25.179500502000053],[112.25753860300006,25.164550957000074],[112.27939188200003,25.166967988000067],[112.30622018600002,25.171121578000054],[112.3308539090001,25.160886248000054],[112.36237045900009,25.146952113000054],[112.37725222400002,25.147645612000076],[112.38069146300006,25.157154253000044],[112.39766948800002,25.185176702000035],[112.41363087400009,25.19035117100003],[112.42445386000009,25.18569439500004],[112.45485416700001,25.16454784700005],[112.48339074800003,25.15152106900007],[112.51885415700008,25.138383840000074],[112.54661395500011,25.138859917000048],[112.57725708300006,25.13387687900007],[112.60794451800007,25.131592744000045],[112.63553371300009,25.123042093000038],[112.63643329700005,25.122160862000044],[112.65791797800011,25.10106046800007],[112.65969163800003,25.090225796000027],[112.67495589600003,25.059348689000046],[112.69319917000007,25.029319391000058],[112.70983924900008,25.019129940000028],[112.72239047900007,25.00270026000004],[112.73377332300004,24.977280739000037],[112.75007133700001,24.950868558000025],[112.76355804500008,24.93812569200003],[112.7704577500001,24.931593673000066],[112.7766940250001,24.897235419000026],[112.8052939580001,24.894026883000038],[112.84204177400011,24.901473942000052],[112.87285291500007,24.90991980800004],[112.8909215010001,24.922199249000073],[112.91579757800002,24.92894512400005],[112.93840948100001,24.923107618000074],[112.96908003800002,24.92341812500007],[112.97235601300008,24.924835791000078]]]}},{"type":"Feature","properties":{"code":"CN044120","name":"Shantou","label":"Shantou · 汕头市","type":"Prefecture-level city","parentCode":"CN-GD"},"geometry":{"type":"MultiPolygon","coordinates":[[[[116.87264281600005,23.605099008000025],[116.87299315400003,23.60006004400003],[116.88036333500008,23.591920430000073],[116.87940072600009,23.589841325000066],[116.87000382600002,23.587395512000057],[116.8668376930001,23.583443575000047],[116.8834672590001,23.585319681000044],[116.88500939800008,23.582592288000058],[116.88366698400012,23.575002737000034],[116.88641402200005,23.574360997000042],[116.88771059700002,23.571397863000072],[116.88677090700003,23.568401988000062],[116.88958670300008,23.564545002000045],[116.88694771300004,23.559456925000063],[116.88011122300009,23.552695741000036],[116.88417120800011,23.548403290000067],[116.88474418900012,23.544971948000068],[116.87201744800007,23.533754604000023],[116.86702759600007,23.534360328000048],[116.86659213000007,23.53114180800003],[116.86814081700004,23.528185222000047],[116.86425763900002,23.523306692000062],[116.85558433300002,23.522016665000024],[116.8621687110001,23.515700770000024],[116.85826916200006,23.51128062600003],[116.8569038280001,23.50483376300008],[116.85291260200006,23.505685050000068],[116.84400028100004,23.503245785000047],[116.85228723300008,23.498566981000067],[116.85752919700008,23.497964531000036],[116.86007651000011,23.49479185000007],[116.85015246700004,23.49371464400008],[116.86170050300007,23.487938989000043],[116.85859658000004,23.480775081000047],[116.85186158900001,23.482500574000028],[116.8613599890001,23.466827070000022],[116.86459487900004,23.467341116000057],[116.86471960900008,23.46749277300006],[116.86307447000002,23.461997429000064],[116.85295844000007,23.464394353000046],[116.84500218000005,23.464495853000074],[116.84464202000004,23.457148591000077],[116.8464199010001,23.455112050000025],[116.85146213900009,23.45152354800007],[116.84583382200003,23.447303129000034],[116.82494454700009,23.421725226000035],[116.81991928200011,23.409792646000028],[116.81047887300008,23.411848426000063],[116.80956049800011,23.39833697000006],[116.8048476240001,23.39454952400007],[116.80342008100001,23.391540552000038],[116.80636592300004,23.38262381900006],[116.80264351800008,23.379894611000054],[116.79669818800005,23.379498114000057],[116.79177054500008,23.377121058000057],[116.78717686900006,23.37085100200005],[116.76983025800007,23.35610409000003],[116.76738470100008,23.354846592000058],[116.75326034300008,23.356179128000065],[116.73841640100011,23.37091128800006],[116.7317386200001,23.367029518000038],[116.72785198300005,23.36824148000005],[116.71745318400008,23.366682969000067],[116.71029582500012,23.364037431000042],[116.69910323800002,23.35658035800003],[116.67045846100007,23.37584454100005],[116.63466906400004,23.373323121000055],[116.60724995300006,23.377688156000033],[116.5902883330001,23.390672314000028],[116.5757842810001,23.410894432000077],[116.56707184200002,23.416174169000044],[116.55387748700002,23.424158987000055],[116.54123411,23.42765465800005],[116.54597935900006,23.420051614000045],[116.53954401100009,23.42617811300005],[116.53269115,23.420775714000058],[116.53280574600001,23.414813430000038],[116.529168131,23.399375667000072],[116.52789447500004,23.389716833000023],[116.53298255200002,23.372144303000027],[116.53730774500002,23.355472174000056],[116.54017592800005,23.349100617000033],[116.54651801600005,23.343020463000073],[116.56189029600012,23.332746083000075],[116.56561304000002,23.332579100000032],[116.57248554600005,23.336377150000033],[116.57598237100001,23.335751781000056],[116.58161068800007,23.328050908000023],[116.58915767600001,23.32313636200007],[116.59179666500006,23.303681178000033],[116.5940918660001,23.301199349000058],[116.6003586490001,23.310488201000055],[116.60605572400004,23.310818893000032],[116.6094215820001,23.31638500100007],[116.61313777700002,23.316908870000077],[116.62658811300003,23.314623491000077],[116.63224917200012,23.31747857700003],[116.63926574200002,23.314620217000027],[116.64354837100007,23.323414667000065],[116.64795541800004,23.32647275200003],[116.65448740900001,23.335077300000023],[116.66626791300007,23.342165902000033],[116.6699906560001,23.342460578000043],[116.6784969790001,23.33916675200004],[116.68331002500008,23.334661479000033],[116.6842431660001,23.325729513000056],[116.69078170600005,23.321715367000024],[116.7062063730001,23.320143760000065],[116.72000049700011,23.31349717300003],[116.72447957700001,23.31334656100006],[116.72663071400007,23.317282126000066],[116.72743288800007,23.32693441200007],[116.73264211000003,23.327481200000022],[116.7342366360001,23.326744509000036],[116.74893116100009,23.31995713200007],[116.75398977000009,23.315455133000057],[116.75453983300008,23.31294056200005],[116.75215295500004,23.30785248500007],[116.76078697000003,23.29813471600005],[116.76577027400003,23.284907024000063],[116.76689986600002,23.253032872000063],[116.77414562900003,23.237781737000034],[116.77815977500006,23.236016953000046],[116.78211171100008,23.236999208000043],[116.78772693200006,23.241681286000073],[116.78996319700002,23.24194976900003],[116.79113862800011,23.24518138600007],[116.7920619470001,23.245341821000068],[116.79411158500011,23.24568888400006],[116.80042420600012,23.24028648500007],[116.80148176600005,23.236635774000035],[116.79663925200009,23.230129976000057],[116.79377047700007,23.21862490700005],[116.77340990200003,23.224882472000047],[116.77089764100003,23.226711731000023],[116.76861147800003,23.227094887000078],[116.75607466800011,23.236882625000078],[116.76114069500011,23.253205498000057],[116.74976790300002,23.275126552000074],[116.73136265800008,23.280836720000025],[116.69924023700003,23.288280936000035],[116.71758482000007,23.28165297700008],[116.73548370800006,23.26858616800007],[116.74120062800012,23.250698982000074],[116.7283029350001,23.246919224000067],[116.72482336600001,23.246579461000067],[116.71449557800008,23.24292887100006],[116.68798164000009,23.23814717700003],[116.6781970620001,23.22487028000006],[116.6781348610001,23.22475196700003],[116.67662742100003,23.22394832200007],[116.67562879600007,23.22307739000007],[116.66857948400002,23.216925204000063],[116.66084914300006,23.206235003000074],[116.655243745,23.18984117800005],[116.64861352900004,23.185823758000026],[116.64553907300001,23.178656576000037],[116.64303742400011,23.176448331000074],[116.63961146300005,23.179101124000056],[116.62441999500004,23.188304767000034],[116.6222493890001,23.200440644000025],[116.6253716330001,23.217808496000032],[116.62080381100009,23.238394412000048],[116.60016763400006,23.25529421300007],[116.57832953700006,23.253792000000033],[116.5430696300001,23.258599684000046],[116.50404339700003,23.266379855000025],[116.51149918800002,23.259487915000022],[116.52015054500009,23.240522389000034],[116.51931923300003,23.227641818000052],[116.5291955020001,23.21229700300006],[116.55797498000004,23.214331290000075],[116.57955575900007,23.21216069600007],[116.60686868700009,23.20687851100007],[116.6003686250001,23.195682918000045],[116.59700916200006,23.197073844000045],[116.59532295800011,23.194749176000073],[116.57935477800004,23.18711706000005],[116.57253138400006,23.18125955000005],[116.54411476700011,23.15228959600006],[116.53368965800007,23.134058245000062],[116.4875252170001,23.119690304000073],[116.45940437600007,23.11027434600004],[116.42952021700012,23.09410313500007],[116.40762377200008,23.07218190100008],[116.3786189440001,23.06414005700003],[116.35109041500004,23.088293316000033],[116.31935378800006,23.11622026400005],[116.2855640350001,23.120588474000044],[116.24927943600005,23.145467514000075],[116.23723672800008,23.18039793500003],[116.26125798900011,23.217709867000053],[116.2815929840001,23.23743343600006],[116.29294532300003,23.284254859000043],[116.31034310200005,23.324497490000056],[116.33030342500001,23.34603763000007],[116.36804431100006,23.361945509000066],[116.37454034900009,23.397564276000026],[116.350115286,23.417037288000074],[116.33136553100007,23.454452813000046],[116.31365710600005,23.482751059000066],[116.34055623600011,23.495413493000058],[116.36256598700004,23.518221046000065],[116.38030721000007,23.542993942000066],[116.4145577910001,23.54539377900005],[116.40959791300008,23.501572354000075],[116.446978005,23.508387542000037],[116.45980723800005,23.47026519600007],[116.50876852700003,23.46484057500004],[116.53540057300006,23.45069739400003],[116.56687869300004,23.43636234300004],[116.62050466700009,23.457028276000074],[116.65292260800004,23.452162802000032],[116.682977273,23.448740258000043],[116.70390165000003,23.47742449100008],[116.71710826000003,23.517292964000035],[116.7089455140001,23.54936441500007],[116.70182811300003,23.59227794900005],[116.72949519600002,23.608439343000043],[116.7668204250001,23.603354413000034],[116.79784106900001,23.618004169000073],[116.83905333100006,23.653796988000067],[116.89564814200003,23.621919327000057],[116.8890300920001,23.619816452000066],[116.88247518200001,23.61076334200004],[116.87457130900009,23.60811125500004],[116.87264281600005,23.605099008000025]]],[[[117.1232846470001,23.48743803900004],[117.12442733600005,23.47828015500005],[117.12920436700006,23.47559860100006],[117.13052386200002,23.471489504000033],[117.12959399400006,23.467806050000036],[117.12465652900005,23.465209625000057],[117.12468599700003,23.463605276000067],[117.12719074500001,23.462721247000047],[117.13260624100008,23.465098302000058],[117.13561193900011,23.46422737000006],[117.13675790200011,23.45552459700008],[117.14528714400001,23.451061888000027],[117.14042825900003,23.444339995000064],[117.13413200900004,23.44929055600005],[117.13075960300012,23.443275886000038],[117.1320725490001,23.43939925600006],[117.13025537900012,23.429504681000026],[117.13406980000002,23.42428891000003],[117.13799226800006,23.421885661000033],[117.13847914400003,23.419603737000045],[117.13793548600006,23.41802886800008],[117.11835044500003,23.407263972000067],[117.03914124100004,23.421475481000073],[117.02491251800006,23.41725650500007],[117.02409333300011,23.418031950000056],[117.01957823800001,23.42002592600005],[117.00618683700009,23.41844122300006],[116.99844339900005,23.42061527900006],[116.98924295100005,23.420700408000073],[116.98232133200008,23.418755544000078],[116.97086497300006,23.42017981300006],[116.96441811000011,23.418932350000034],[116.94517925100001,23.424389618000077],[116.94002544300008,23.42711003900007],[116.98018023100008,23.463663026000063],[116.98298599100008,23.463500502000045],[116.9862961880001,23.45942414700005],[116.99401998100006,23.458625246000054],[116.99754300000006,23.456388981000032],[117.000679665,23.44794814200003],[117.0059510960001,23.444818025000075],[117.00875707000012,23.440731847000052],[117.01158268800009,23.435958091000032],[117.01410708100002,23.43324706900006],[117.01759408400005,23.43398703400004],[117.02092065200009,23.441838520000033],[117.02258393600005,23.443144919000076],[117.02509195900006,23.445115976000068],[117.03003597200006,23.446337245000052],[117.03515024300009,23.45238465700004],[117.03531722600007,23.456513400000063],[117.04070325400005,23.46141484900005],[117.04234361800002,23.466944940000076],[117.04505136600005,23.46836266100007],[117.04720250300011,23.472985804000075],[117.05409138000005,23.476990128000068],[117.06051532300012,23.479380280000044],[117.06699492700011,23.478561735000028],[117.0804288920001,23.464083306000077],[117.09168880100003,23.45966971000007],[117.09565710800007,23.459957838000037],[117.09760197100002,23.463199277000058],[117.09793921200003,23.47214761400005],[117.10207450300004,23.477716996000026],[117.1026262260001,23.480165476000025],[117.10959921900007,23.485120164000023],[117.11016173000007,23.48380369800003],[117.1128694780001,23.485221419000027],[117.11366365200001,23.488008164000064],[117.11879238100005,23.491652402000057],[117.1232846470001,23.48743803900004]]],[[[116.84768287200006,23.428026501000033],[116.8449101330001,23.423746633000064],[116.84375799100007,23.425703356000042],[116.84420655400004,23.428237572000057],[116.84768287200006,23.428026501000033]]]]}},{"type":"Feature","properties":{"code":"CN044130","name":"Shanwei","label":"Shanwei · 汕尾市","type":"Prefecture-level city","parentCode":"CN-GD"},"geometry":{"type":"Polygon","coordinates":[[[116.03069759100003,22.931714030000023],[116.02174358000002,22.933561945000065],[116.04894338200006,22.910860875000026],[116.06223728900011,22.902757861000055],[116.07640774300012,22.89275899100005],[116.07557695600008,22.87893691200003],[116.06277573200009,22.878694395000025],[116.03312706600002,22.876575298000034],[116.04893166600004,22.860943889000055],[116.05425016100003,22.85014924500007],[116.02631286200005,22.847875891000058],[116.0220669790001,22.84561433400006],[116.02047862000006,22.845810029000063],[115.99842259100001,22.838656248000063],[115.99055438300002,22.833046700000068],[115.9875563810001,22.832592014000056],[115.97827080400009,22.827801887000078],[115.97534336600006,22.824914139000043],[115.96509497800002,22.828502340000057],[115.96729247500002,22.831698162000066],[115.96547857900009,22.834186540000076],[115.95850457300003,22.83633112800004],[115.9450214960001,22.84063667600003],[115.94537510700002,22.836511208000047],[115.94957798100006,22.833199425000032],[115.93628271800003,22.811290451000048],[115.9353626620001,22.81127054700005],[115.92725251500008,22.808798540000055],[115.91697813500002,22.803527109000072],[115.91480248900007,22.801283510000076],[115.89497678700002,22.801536319000036],[115.8772305330001,22.800602257000037],[115.85791189700001,22.789578818000052],[115.84443048900005,22.777325790000077],[115.83112348100008,22.767835792000028],[115.81296123300001,22.759518700000058],[115.80082568900002,22.753665648000037],[115.79484365300004,22.761098682000068],[115.79818757400005,22.763945534000072],[115.7956762770001,22.784324037000033],[115.8002306630001,22.789935983000078],[115.79483153800004,22.797852953000074],[115.79268695000007,22.804001865000032],[115.79330682300008,22.808040606000077],[115.79787245700004,22.805594364000058],[115.80312867100008,22.794234052000036],[115.81008652300011,22.778158348000034],[115.81036447400004,22.800336781000055],[115.80634807600006,22.816257845000052],[115.79418876000011,22.827046746000065],[115.77740207200009,22.827898923000078],[115.77340857200011,22.831351099000074],[115.76524276400005,22.84081020800005],[115.7531806820001,22.84628136400005],[115.75270920000003,22.846497460000023],[115.72752419900007,22.853275015000065],[115.69732642800011,22.852125777000026],[115.69526041900008,22.85552437700005],[115.69818753700008,22.866381562000072],[115.6975392490001,22.87210483000007],[115.6929161060001,22.877968888000055],[115.68715682100003,22.88036231500007],[115.67700358600007,22.88081742600008],[115.65924770200002,22.877654567000036],[115.65369422900005,22.877436635000038],[115.65341220300002,22.87754909800003],[115.6859763110001,22.914749851000067],[115.70369291000009,22.914792458000022],[115.7158362240001,22.92065599800003],[115.73132841400002,22.933740408000062],[115.67811829200002,22.93269898500006],[115.6333285070001,22.887783373000048],[115.52550453900005,22.858845045000066],[115.52506452500006,22.869030929000076],[115.55345500300007,22.902777264000065],[115.51351564000004,22.89266131900007],[115.51055167300001,22.891911176000065],[115.51206710200006,22.86503751500004],[115.5205912990001,22.84059438500003],[115.53180619200009,22.82988443100004],[115.59659968100004,22.85733531300008],[115.58643319100008,22.850472316000037],[115.57925920000002,22.84419300600007],[115.57163885500006,22.839044406000028],[115.56970589600007,22.835831110000072],[115.56514119200006,22.83183567800006],[115.55866158700007,22.824334529000055],[115.55631400000004,22.81968846600006],[115.55613708300007,22.81223773200003],[115.55115308000006,22.80252372600006],[115.53971062800008,22.793347680000068],[115.53546150400007,22.782588721000025],[115.53494356300007,22.78207573000003],[115.53399718200001,22.781704692000062],[115.52967853700011,22.780021763000036],[115.52558908500009,22.77579152100003],[115.52159103000008,22.769750464000026],[115.50637680800003,22.759005056000035],[115.5105893330001,22.745858975000033],[115.5231911300001,22.737822313000038],[115.52422375100002,22.736033141000064],[115.54234306900003,22.716027895000025],[115.5488979800001,22.711362187000077],[115.5526109010001,22.71122139700003],[115.56510845000003,22.72483544200003],[115.56767213400008,22.730866484000046],[115.562233719,22.73969367600006],[115.55368155800011,22.744542738000064],[115.55162864700003,22.747250485000052],[115.55191360600008,22.748440980000055],[115.57153425500007,22.746601505000058],[115.57157035400007,22.74660457400006],[115.57370644900004,22.745243412000036],[115.58067390600002,22.74426115800003],[115.58510042300009,22.747754671000052],[115.59226021300003,22.74836327500003],[115.57397199500008,22.72559531400003],[115.57010812400006,22.723116497000035],[115.5626528140001,22.715134044000024],[115.55909976300006,22.70708009200007],[115.55223514800002,22.698533973000053],[115.55774578500007,22.688270201000023],[115.55893661900006,22.684874063000052],[115.55930332700007,22.683823051000047],[115.56110336300003,22.682016584000053],[115.5629436590001,22.67858896200005],[115.56267122400004,22.65831136500003],[115.55992869500005,22.661106783000037],[115.55750252700011,22.659440225000026],[115.55357351000009,22.667612580000025],[115.54855419100011,22.670022378000056],[115.54136736300006,22.670539698000027],[115.53278246100001,22.667809031000047],[115.52468868500011,22.674275539000064],[115.51365796900006,22.679524051000044],[115.5112612690001,22.68566641500007],[115.50232602900007,22.686370364000027],[115.49249272700001,22.68535341300003],[115.48648188900006,22.68792256100005],[115.4650429300001,22.701775385000076],[115.45015850300001,22.70279365500005],[115.44185518000006,22.69891702500007],[115.43219634600007,22.699372136000022],[115.42902366400006,22.697915126000055],[115.42185975600012,22.688786709000055],[115.41892281600008,22.687794632000077],[115.40740097300011,22.692565114000047],[115.40122914200003,22.692185309000024],[115.3946382150001,22.689038821000054],[115.39288325400003,22.68893077300004],[115.38204244100007,22.688266114000044],[115.37682339600008,22.689284385000065],[115.37213149500008,22.697437095000055],[115.36515748900001,22.699103653000066],[115.35523344700005,22.708729746000074],[115.34979175800004,22.708595504000073],[115.34422237600006,22.712819198000034],[115.34256891400003,22.718748740000024],[115.33638726100003,22.72709135300005],[115.33624319700004,22.73214014000007],[115.34043742300003,22.740970606000076],[115.34147533800001,22.747885676000067],[115.34131931500008,22.74836920200005],[115.34484257500003,22.75094069200003],[115.35822765800003,22.743845410000063],[115.37684364000006,22.742973539000047],[115.39874867800006,22.748415563000037],[115.42068341000004,22.754775519000077],[115.40837258500005,22.763678036000044],[115.39028410000003,22.774698097000055],[115.37563755400004,22.77631099300004],[115.34697623000011,22.770150541000078],[115.34181257900002,22.77912136300006],[115.32073995000007,22.790990270000066],[115.31916834300011,22.79187429800004],[115.3097223310001,22.793475373000035],[115.294569421,22.794703191000053],[115.27651886100011,22.79401888700005],[115.26072748600006,22.79224100700003],[115.2284158440001,22.783237763000045],[115.22204750500009,22.78295115700007],[115.2216108450001,22.783898393000072],[115.22325121000006,22.786927011000046],[115.23008770000001,22.790086596000037],[115.2255343170001,22.795634453000048],[115.2453054130001,22.802675530000045],[115.25632988900009,22.80679347800003],[115.2586449800001,22.810925073000078],[115.26600546600002,22.81442030900007],[115.26889656700007,22.81747512000004],[115.268097667,22.819521483000074],[115.26364218600008,22.819843268000056],[115.26390430900005,22.820311063000077],[115.28403201800006,22.82955511600005],[115.29020131000004,22.83437292900004],[115.29287012100008,22.835990613000035],[115.30158271700009,22.834602361000066],[115.31101235800008,22.84241455700004],[115.32289108700002,22.842712507000044],[115.32576909200009,22.845996511000067],[115.33331935300009,22.850318430000073],[115.33394472200007,22.854008432000057],[115.32961952900007,22.858261593000066],[115.33051338000007,22.861958143000038],[115.32891230500002,22.865821677000042],[115.33004844600009,22.869295583000053],[115.32898106300001,22.871793783000044],[115.31743630100004,22.877016102000027],[115.31487916600008,22.879707478000057],[115.31860190900011,22.88806646300003],[115.31675854600007,22.89169425500006],[115.31735117200003,22.896988606000036],[115.32396829200002,22.916211323000027],[115.3208250780001,22.913834267000027],[115.31281315700005,22.908124095000062],[115.30715209800007,22.906834068000023],[115.30239143900008,22.90878220600007],[115.30040728600011,22.906683456000053],[115.30320016200005,22.898013424000055],[115.29885859800004,22.89399927900007],[115.28893128100003,22.88594479300008],[115.27752076000002,22.87830940300006],[115.2690209860001,22.872356942000067],[115.25987292500008,22.863398783000036],[115.25784293200002,22.85668998600005],[115.25980570700006,22.84774270500003],[115.25404200300011,22.83924568300006],[115.246731479,22.830264747000058],[115.235513018,22.83293252800007],[115.21317982900007,22.83419963600005],[115.19908775400006,22.833381091000035],[115.18633154500003,22.829609235000078],[115.173896205,22.822628681000026],[115.17162014600001,22.82122581400006],[115.16956785200011,22.820892917000037],[115.16940429800002,22.817669735000038],[115.16825806600002,22.812838879000026],[115.16219428200009,22.80900808800004],[115.16033127300011,22.80459776600003],[115.16715139200005,22.79191686300004],[115.16985089200011,22.79086207000006],[115.1707521730001,22.78571809400006],[115.16865051800005,22.782668675000025],[115.16535059300008,22.785898918000044],[115.16068161100009,22.785090195000066],[115.15226696500008,22.792908940000075],[115.14800398200009,22.79486362600005],[115.15186424100011,22.798409564000053],[115.14775841800008,22.80289519200005],[115.14980478100006,22.80541303700005],[115.15062005200002,22.806414936000067],[115.14755214500008,22.80977752000007],[115.1371304270001,22.810425808000048],[115.1285029600001,22.809283119000042],[115.11453728000004,22.804494416000068],[115.10892702900003,22.806963738000036],[115.08609913900011,22.80242665000003],[115.06028533200003,22.797093450000034],[115.0474914130001,22.79672823900006],[115.03906657900006,22.80541581400007],[115.024766709,22.814356109000073],[115.00421430800009,22.816173787000025],[115.01553536300003,22.806439105000038],[115.02284879400008,22.795031171000062],[115.02008371400007,22.77851654500006],[115.02641432700011,22.767149523000057],[115.02791998200007,22.757837520000066],[115.00346919100002,22.73948946200005],[115.0118361420001,22.709544309000023],[114.9919428610001,22.703936172000056],[114.96991052100009,22.694718419000026],[114.95844639800009,22.70168518500003],[114.95163794000007,22.723240326000052],[114.94587281500003,22.746596201000045],[114.93663086600009,22.759005805000072],[114.9296367820001,22.756836168000063],[114.93139346400005,22.807752712000024],[114.91728044600006,22.838580654000054],[114.91823123600011,22.871330974000045],[114.91615831800004,22.91641640200004],[114.95456001000002,22.937863918000062],[114.98645057400006,22.951710943000023],[115.02247449300012,22.973638463000043],[115.05459759000007,22.99427592400008],[115.08897882100007,23.024389421000024],[115.1244042410001,23.010847375000026],[115.14910831400005,23.025716265000028],[115.17217716400012,23.049242806000052],[115.20075275700003,23.063092594000068],[115.22838338200006,23.077408586000047],[115.26126560800003,23.103390318000038],[115.27766591400007,23.128865112000028],[115.28747953800007,23.160403407000047],[115.30503537700008,23.191285744000027],[115.34195443300007,23.205322306000028],[115.38190513800009,23.222447502000023],[115.4119313540001,23.27430878000007],[115.42548988300007,23.31343008700003],[115.44273150600009,23.346548532000043],[115.45622827500006,23.38689140100007],[115.494980338,23.408065345000068],[115.51474315400003,23.429296432000058],[115.53979544600008,23.448107895000078],[115.56525325000007,23.464180686000077],[115.59825957200007,23.499529778000067],[115.65013855900008,23.46675325800004],[115.65509532200008,23.43077668600006],[115.64627028000007,23.404264527000066],[115.6556609060001,23.36996753300008],[115.69273137300002,23.37161194500004],[115.72722156600003,23.38239315100003],[115.76564996700006,23.38124756800005],[115.79205619600009,23.347782204000055],[115.77650103000008,23.323745450000047],[115.79280700800007,23.267176801000062],[115.7354566460001,23.25734955000007],[115.74065209800006,23.216337284000076],[115.75731182000004,23.18269977700004],[115.78215005000004,23.15970273100004],[115.8100643680001,23.14114518200006],[115.85308172600003,23.13619438300003],[115.88389274300005,23.12978547000006],[115.90594623900006,23.09912053200003],[115.9304991030001,23.08245030200004],[115.95205673500004,23.052240555000026],[115.93908926300003,23.019944769000062],[115.94749517800005,22.98878088600003],[115.97742552900002,22.962376541000026],[116.00136184900009,22.943882702000053],[116.03069759100003,22.931714030000023]]]}},{"type":"Feature","properties":{"code":"CN044140","name":"Shaoguan","label":"Shaoguan · 韶关市","type":"Prefecture-level city","parentCode":"CN-GD"},"geometry":{"type":"Polygon","coordinates":[[[113.97270710300006,25.439366020000023],[113.97434547900002,25.43882387800005],[113.98997139000005,25.430277138000065],[114.01795085800006,25.404276174000074],[114.02719739700001,25.38420644300004],[114.02670211400005,25.36981891100004],[114.0292320850001,25.32743312100007],[114.01190359500004,25.314429506000067],[114.01440147500011,25.289563052000062],[114.01561934300003,25.277404266000076],[114.0473725700001,25.276486746000046],[114.07168067500004,25.290181464000057],[114.096799368,25.298442874000045],[114.10405632900006,25.307233722000035],[114.12316386300006,25.31386610000004],[114.15771638300009,25.307431958000052],[114.19224608800005,25.300982958000077],[114.22023965800008,25.30552837700003],[114.2647582730001,25.300551791000032],[114.28056399100001,25.32526920300006],[114.33003640100003,25.319210114000043],[114.35810484600006,25.325519646000032],[114.3902634860001,25.33529294400006],[114.40889151300007,25.354498182000043],[114.42848779700012,25.37276704900006],[114.44785146100003,25.384738147000064],[114.4692936670001,25.399337759000048],[114.49433803400007,25.40391186100004],[114.52329259700002,25.406550133000053],[114.53710183400005,25.40292962500007],[114.55085022200001,25.39931885200008],[114.58070357200006,25.374904506000064],[114.60392285300009,25.358807796000065],[114.61977121100006,25.333052473000066],[114.63712895800006,25.31984503500007],[114.64950557200007,25.331123916000024],[114.67520947500009,25.327530887000023],[114.6931369560001,25.304390521000073],[114.7026443850001,25.294150869000077],[114.71166325600007,25.272219449000033],[114.69777744600003,25.24838905100006],[114.66878402900011,25.219679017000033],[114.66770863600004,25.19358931100004],[114.6876617260001,25.172171347000074],[114.70306803000005,25.160819165000078],[114.70833459800008,25.144417316000045],[114.70401152000011,25.135560447000046],[114.70293074100005,25.132975437000027],[114.69739840800003,25.119572466000022],[114.67098801300006,25.104279018000057],[114.63634495300005,25.08115453700003],[114.59447624800009,25.07538422600004],[114.56216949300006,25.085499089000052],[114.54688191000002,25.075203888000033],[114.5214779370001,25.058935387000076],[114.49684657600005,25.03723065400004],[114.47504426900002,25.011819630000048],[114.457753679,24.999773411000035],[114.43986132500004,24.972419776000038],[114.39281521100008,24.958633339000073],[114.38526469300007,24.94284146700005],[114.37669428400011,24.92489914400005],[114.38583380800003,24.904768880000063],[114.39274417700005,24.878398428000025],[114.38981656900012,24.853247159000034],[114.36616173400012,24.828763527000035],[114.33714897000004,24.792723141000067],[114.32313729200007,24.761601092000035],[114.30574210000009,24.745018410000057],[114.27033679400006,24.72178236800005],[114.24431204900009,24.71177072100005],[114.21263697200004,24.709145569000043],[114.18534390400009,24.691043442000023],[114.16302665900002,24.673684241000046],[114.15670047000003,24.662147611000023],[114.15921424600003,24.649437945000045],[114.17879234800012,24.645234413000026],[114.18413493600008,24.64373220500005],[114.21492456700003,24.63509713700006],[114.23624342200003,24.624510987000065],[114.25419219300011,24.60319433600006],[114.2694028620001,24.587375181000027],[114.30090460100007,24.58637994000003],[114.31299967500001,24.582256851000068],[114.29329914000004,24.473202532000073],[114.26661788500007,24.45153447000007],[114.24278847500011,24.425306638000052],[114.23669227200003,24.397403764000046],[114.24633313400011,24.36603141300003],[114.255929562,24.331896435000033],[114.26127786000006,24.305072929000062],[114.24623960800011,24.26953383600005],[114.26218159500002,24.239025927000057],[114.27947352800004,24.206290052000043],[114.30305422800006,24.169827111000075],[114.32905643400011,24.150438635000057],[114.36079731000007,24.144036640000024],[114.40182081600005,24.135190306000027],[114.43969392600002,24.118221633000076],[114.46086674200001,24.138612426000066],[114.4636468860001,24.169758700000045],[114.47473349100005,24.199405401000035],[114.50939669400009,24.228622899000072],[114.5239197520001,24.259160833000067],[114.5493624610001,24.274544637000076],[114.57492283800002,24.25504882100006],[114.58208492200004,24.227722890000052],[114.58629071100006,24.199551564000046],[114.57910627800004,24.168890087000023],[114.5554796240001,24.14851438000005],[114.52703535300009,24.13189109900003],[114.48821288300007,24.114130938000073],[114.4515611710001,24.084092892000058],[114.42071866100002,24.048449111000025],[114.38502752000011,24.03184222400006],[114.39962522300004,24.007124228000066],[114.39502332200004,23.977265703000057],[114.38607664400001,23.949728006000043],[114.35997005600007,23.92111797700005],[114.32616770600009,23.92078980200006],[114.29252798300001,23.930020416000048],[114.27161024800012,23.959870730000034],[114.24187602200004,23.946801365000056],[114.21177358300008,23.938243684000042],[114.18375301100002,23.95588349700006],[114.15235288300005,23.951324297000042],[114.13864968900009,23.92655892600004],[114.11441855700002,23.910977288000026],[114.08117325500007,23.908645457000034],[114.0601374150001,23.88814648400006],[114.0082504720001,23.920255826000073],[113.96900750800012,23.933739195000044],[113.93367607700009,23.943004320000057],[113.8947925220001,23.939483820000078],[113.85645662700006,23.923485678000077],[113.81270948300005,23.90908047100004],[113.7710771300001,23.930793618000052],[113.7452103810001,23.95339696800005],[113.71617362100005,23.975959683000042],[113.71601090600007,24.009928914000056],[113.73299465900004,24.056407386000046],[113.76427523600012,24.04184385700006],[113.80048437700009,24.059500833000072],[113.82258246300012,24.088743186000045],[113.83177264900007,24.116879949000065],[113.84544756500009,24.15220609200003],[113.87260955400006,24.173746273000063],[113.90153338700009,24.19177453100008],[113.89188893900007,24.230427665000036],[113.86002159400005,24.245113523000043],[113.83662878400003,24.286739003000037],[113.83567586800007,24.316656858000044],[113.82505461400001,24.342868027000065],[113.80205806900005,24.370240694000074],[113.78739355200003,24.405801487000076],[113.7572206860001,24.44413313000007],[113.72753144,24.446611851000057],[113.69138899100005,24.433155670000076],[113.65671972400003,24.44347136600004],[113.63990432300011,24.482825108000043],[113.59914061800009,24.49031936700004],[113.56813607700008,24.515664599000047],[113.53915634200007,24.54593807400005],[113.50421860400002,24.545133416000056],[113.46939896200001,24.49419115300003],[113.43171198800007,24.47533634000007],[113.396893395,24.479919291000044],[113.35930231100008,24.49672288100004],[113.30970120000006,24.500130929000022],[113.27758794400006,24.49018171700004],[113.24373655200009,24.495602916000053],[113.2293443420001,24.520177688000047],[113.17175373200007,24.515950541000052],[113.12434913700008,24.501631101000044],[113.11385792200008,24.52704740000007],[113.09155616900011,24.55169562800006],[113.0630826250001,24.51725839200003],[113.04697394200002,24.488090706000037],[113.00336529300012,24.49986923700004],[112.98061808700004,24.531276904000038],[112.93900865500007,24.567037062000054],[112.89737222500003,24.610702507000042],[112.86210488600011,24.62820395400007],[112.8654891860001,24.669696522000038],[112.87472181800001,24.704358266000042],[112.86720508600001,24.73962967800003],[112.90198522900005,24.76455777600006],[112.9303283700001,24.78592493700006],[112.92672363600002,24.815741353000078],[112.94782867700008,24.849357352000027],[112.97980043100006,24.882398266000052],[112.97235601300008,24.924835791000078],[112.97906016600007,24.927732074000062],[112.99129701100003,24.943712185000038],[112.984854315,24.965463602000057],[112.98102231200005,24.978123544000027],[112.97471712700008,24.99899709300007],[112.96571139100001,25.039710539000055],[112.97910266400004,25.06287255700005],[112.98343002600006,25.07900148400006],[112.97972780300006,25.09078245200004],[112.969292515,25.111700803000076],[112.95295057300007,25.13453262200005],[112.95130404700001,25.149872240000036],[112.95540774200003,25.156093783000074],[112.97344770900008,25.164753052000037],[112.9815216930001,25.170900544000062],[112.98888779200001,25.189664831000073],[112.99606778400005,25.200330068000028],[112.99724450600002,25.208409293000045],[112.98655583300001,25.218524822000063],[112.94999107000001,25.22553222600004],[112.9045254460001,25.233593213000063],[112.87604171300006,25.247628089000045],[112.85347188900005,25.25974079100007],[112.83891704100006,25.27530936200003],[112.83159288700006,25.306048184000076],[112.84683221800003,25.32197313200004],[112.87650789700001,25.31602699700005],[112.9151145510001,25.309909988000072],[112.93737821200011,25.328388594000046],[112.96156357500001,25.344129372000054],[112.98543631300004,25.345466833000046],[113.01744336700006,25.35474269200006],[113.03951407400007,25.363304490000075],[113.06748370900004,25.36994640300003],[113.08281354400003,25.387632960000076],[113.11415843100008,25.40949115500007],[113.1206762060001,25.432750181000074],[113.11932828200008,25.459773088000077],[113.1277009910001,25.476690611000038],[113.14383582700009,25.485354571000073],[113.17078635100006,25.488388582000027],[113.19967325800008,25.489576777000025],[113.25265072800005,25.498328913000023],[113.25401408100004,25.499275176000026],[113.26783948500008,25.508794112000032],[113.28658064400008,25.502083767000045],[113.29510881600004,25.485701129000063],[113.30535721100011,25.458483584000078],[113.31309611400002,25.450211971000044],[113.33057027200005,25.433621110000047],[113.3459207300001,25.412579297000036],[113.37152152100009,25.402996694000024],[113.39990022400002,25.386143682000068],[113.42129169100008,25.368546167000034],[113.45276123800011,25.35610452700007],[113.46785306100003,25.362947011000074],[113.49976372000003,25.36668236500003],[113.52828381500001,25.356092200000035],[113.54279011800008,25.345876799000052],[113.56140520500003,25.33277393900005],[113.58888949400011,25.32129154300003],[113.61566694800001,25.31971714200006],[113.65355142300007,25.32416068200007],[113.6598323710001,25.33480638800006],[113.67782850800006,25.33884217900004],[113.70689493100008,25.34619176700005],[113.72370600900001,25.343953922000026],[113.75018433600007,25.332458485000075],[113.77954418800005,25.318172557000025],[113.81664795400002,25.328878329000077],[113.82722882000007,25.34929661500007],[113.8354838350001,25.358976679000023],[113.84880448100012,25.37121640400005],[113.85730692800007,25.388084477000064],[113.87009411100007,25.414736530000027],[113.88636425600009,25.42598838200007],[113.90549468200004,25.43265813000005],[113.9247747170001,25.44382087300005],[113.97270710300006,25.439366020000023]]]}},{"type":"Feature","properties":{"code":"CN044150","name":"Shenzhen","label":"Shenzhen · 深圳市","type":"Prefecture-level city","parentCode":"CN-GD"},"geometry":{"type":"Polygon","coordinates":[[[114.22718192600007,22.835154540000076],[114.24619672800009,22.80035291400003],[114.2853774890001,22.804383400000063],[114.32764747400006,22.81701393800006],[114.35210656900006,22.790309447000027],[114.36977729700004,22.761390564000067],[114.39975940800002,22.782262696000032],[114.40221006400009,22.743084624000062],[114.41241795500002,22.70419150300006],[114.43393759600008,22.673722031000068],[114.47010580200003,22.667956428000025],[114.4978087070001,22.675602721000075],[114.47710487900008,22.64546449200003],[114.49400264200005,22.65026146500003],[114.49099044800005,22.647329029000048],[114.49035525700003,22.643864946000065],[114.49181226700011,22.64172690500004],[114.49218879800003,22.641160472000024],[114.50232566300008,22.641000037000026],[114.5068964190001,22.645040377000043],[114.51528159700001,22.64574760000005],[114.51718062200007,22.648098462000064],[114.51891851800008,22.64824800300005],[114.53475374900006,22.64046028000007],[114.55256763900002,22.644385188000058],[114.56513528200003,22.640197416000035],[114.56419393700003,22.61804202600007],[114.55786678800007,22.608121064000045],[114.54673784800002,22.60023564200003],[114.5327202310001,22.593384392000075],[114.51591939500008,22.590338573000054],[114.50864100400008,22.58824684600006],[114.50554745700003,22.59033536000004],[114.50263936800002,22.58652204300006],[114.49607972100011,22.584636875000058],[114.4790870060001,22.553848063000032],[114.49040097000011,22.543240058000038],[114.49889746400004,22.54706177500003],[114.49938872200005,22.54651044700006],[114.50443423500008,22.543904199000053],[114.50962053800004,22.543825619000074],[114.51299949300005,22.54622559300003],[114.51625730300009,22.552063458000077],[114.5204155130001,22.55333384000005],[114.52324767900006,22.55732179300003],[114.52314771100009,22.557969521000075],[114.52636715800008,22.559417626000027],[114.55393920100005,22.539841531000036],[114.58059593300004,22.52214512300003],[114.59646250600008,22.503945057000067],[114.5872166260001,22.49413425700004],[114.56558406800002,22.49221172800003],[114.53402441200001,22.486974520000047],[114.52011254800004,22.48196620300007],[114.51086671700011,22.472150627000076],[114.4946357010001,22.45217767300005],[114.49418604900006,22.452862322000044],[114.49212658900001,22.46245239800004],[114.49009659700005,22.46423027800006],[114.4831455100001,22.46494077600005],[114.48011689300006,22.467150848000074],[114.48066695500006,22.479799009000033],[114.47634176200006,22.490698758000065],[114.47708827500003,22.49761055400006],[114.47564763600008,22.503769288000058],[114.47968142700006,22.512671786000055],[114.48092561600004,22.515412276000063],[114.48223201400003,22.527854164000075],[114.47872209200011,22.536478357000078],[114.47559197500004,22.541212822000034],[114.46723953900005,22.546932817000027],[114.45614661400009,22.56015723400003],[114.45036441000002,22.563198948000036],[114.44676554700004,22.56403910100005],[114.43373587400004,22.57351238800004],[114.431105677,22.583528338000065],[114.42613219600003,22.591645033000077],[114.41945614100007,22.59833745900005],[114.40634959500005,22.605753479000043],[114.40164787100002,22.60584188100006],[114.39187771400009,22.609220836000077],[114.38025764600002,22.60909969200003],[114.37613545200009,22.607704890000036],[114.34530576400005,22.597247156000037],[114.33695332800005,22.588950382000064],[114.33129881700006,22.594981423000036],[114.3252874210001,22.596864077000077],[114.32083780900007,22.59695902800007],[114.31530116900001,22.592882673000076],[114.30828787300004,22.595197519000067],[114.30368110000006,22.592758254000046],[114.29318080200005,22.58186832800004],[114.28801087000011,22.58124950800004],[114.281485427,22.58380664300006],[114.272812122,22.584458205000033],[114.26290117600001,22.57818160000005],[114.26056668500007,22.576429913000027],[114.23888113900011,22.560137002000033],[114.23587152700009,22.56107700000007],[114.21645298500005,22.56548445100003],[114.19386768000004,22.564450317000023],[114.18851302600001,22.562683282000023],[114.1660891360001,22.555283403000033],[114.132029278,22.536160211000038],[114.11008816100002,22.525841486000047],[114.07625416100007,22.512239919000024],[114.05782399800012,22.507436944000062],[114.05747290400006,22.507345447000034],[114.04958921000002,22.50423440800006],[114.04256018700005,22.501460636000047],[114.0399621900001,22.502007779000053],[114.03761525100003,22.503699993000055],[114.03691065400005,22.50420802800005],[114.03692702500007,22.50504294500007],[114.03703179800004,22.51432197400004],[114.0347660650001,22.515395905000048],[114.02983842300011,22.508346593000056],[114.02613205000011,22.50845464100007],[114.01790730700009,22.516692481000064],[114.01113957500002,22.51922669700008],[114.00247281800011,22.519639244000075],[114.00000081100006,22.518856714000037],[113.96983250700009,22.53169477800003],[113.96592640900008,22.52893464400006],[113.9605862200001,22.52870217700007],[113.95245315400007,22.525048191000053],[113.94714243300007,22.525640817000067],[113.94020116900003,22.53021484800007],[113.93573846000004,22.52994964000004],[113.93119717100001,22.527418698000076],[113.9267410110001,22.52136801100005],[113.92481094300001,22.515157416000022],[113.91881061400011,22.50364707400007],[113.90161969600001,22.488497100000075],[113.88968887800002,22.483339604000037],[113.87073255700011,22.48567487100007],[113.87044014600008,22.48700520400007],[113.87913237600003,22.49515520700004],[113.88816788400004,22.495377562000044],[113.89160250000009,22.497951069000067],[113.89285978600003,22.507622999000034],[113.89691322200008,22.50893267200007],[113.9001775800001,22.512956640000027],[113.90807490500003,22.51579208100003],[113.9091259170001,22.520307177000063],[113.90667028100006,22.532906225000033],[113.90653276600005,22.533619997000073],[113.8912816300001,22.54834726300004],[113.8815540390001,22.554708996000045],[113.87332929600007,22.55805848400007],[113.86885021600006,22.559885477000023],[113.86614246900001,22.56472799000005],[113.86578230900011,22.56409934800007],[113.86044211900003,22.554997124000067],[113.85611692600003,22.558654385000068],[113.85204384500003,22.56808730000006],[113.83426504200008,22.580457156000023],[113.82824709800002,22.59181856400005],[113.82546076900007,22.606169300000033],[113.80644105200008,22.63841343400003],[113.79572138300011,22.650393663000045],[113.7870087880001,22.660131077000074],[113.76830339100002,22.695046943000023],[113.76902043700011,22.720235218000028],[113.76365732900001,22.719786655000064],[113.76074330800009,22.730837016000066],[113.76183361000005,22.736173931000053],[113.77662636000002,22.74478175300004],[113.78418644400006,22.75073094000004],[113.7838295580001,22.752810045000047],[113.77269734200001,22.74697545400005],[113.76618172200006,22.745331815000043],[113.76267180000002,22.746684052000035],[113.76017687400008,22.751516743000025],[113.75668332300006,22.75307852800006],[113.75637620300006,22.753426312000045],[113.76632021400007,22.76595925600003],[113.78984636700011,22.790832245000047],[113.81618541900002,22.812945021000075],[113.83928407000008,22.83913562500004],[113.87271239200004,22.84195767500006],[113.90975359000004,22.857434139000077],[113.94099498500009,22.84522049900005],[113.95002666300002,22.811474840000074],[113.96743598500007,22.786706309000067],[113.99461935500005,22.767255395000063],[114.0236223180001,22.766400030000057],[114.05229384200004,22.772337976000074],[114.08726356900002,22.755446582000047],[114.1141556560001,22.724602135000055],[114.13675541000009,22.69791539700003],[114.14279149100003,22.665579154000056],[114.17766720000009,22.669111619000034],[114.19216286000005,22.70972157800003],[114.18610548400011,22.73882936900003],[114.17290513500006,22.772579953000047],[114.19720931400002,22.795702001000052],[114.22718192600007,22.835154540000076]]]}},{"type":"Feature","properties":{"code":"CN044160","name":"Yangjiang","label":"Yangjiang · 阳江市","type":"Prefecture-level city","parentCode":"CN-GD"},"geometry":{"type":"MultiPolygon","coordinates":[[[[111.81854540300009,22.596593556000073],[111.85803149700007,22.585674293000068],[111.89558271300007,22.60428679200004],[111.93605913700009,22.640148272000033],[111.97072231600004,22.596930155000052],[111.95145470300008,22.557867832000056],[111.95672726900006,22.528313110000056],[111.97837361600006,22.503279183000075],[112.00288219700008,22.46867988200006],[112.04418725200003,22.431308898000054],[112.09272187700003,22.413911417000065],[112.12395430700008,22.40472603300003],[112.1373273700001,22.374667043000045],[112.10512174700011,22.363845923000042],[112.06907397400005,22.35620503900003],[112.03252488900011,22.329449732000057],[112.00751834500011,22.291736253000067],[111.99932232600008,22.25352766700007],[112.00793859400005,22.227119925000068],[112.01511547200005,22.198887541000033],[112.0045307480001,22.167956107000066],[112.00498696800003,22.138820748000057],[112.02892230900011,22.123294575000045],[112.06247321700005,22.125950958000033],[112.09649783300006,22.12586469000007],[112.12378570800001,22.111220580000065],[112.14722050400007,22.09065617400006],[112.17738316500004,22.087825387000066],[112.1998214460001,22.06361075700005],[112.21261460300002,22.01938794600005],[112.23741031300005,21.989685690000044],[112.26893533400005,21.974518013000022],[112.36494934900009,21.946600751000062],[112.37227117400005,21.918080574000044],[112.38397623200001,21.87061571600003],[112.39578471100003,21.82962274500005],[112.40116075300011,21.806356269000048],[112.39888995000001,21.79064262600008],[112.39280045900011,21.776853034000055],[112.39437159400006,21.758287981000024],[112.39701450500002,21.74525899300005],[112.39221524000004,21.732898430000034],[112.37867875900008,21.727352921000033],[112.36518258400008,21.727071342000045],[112.35069433300009,21.72288366400005],[112.34684062200006,21.719465419000073],[112.34612174600011,21.717651956000054],[112.33921323700008,21.716014302000076],[112.33836376800002,21.71699013800003],[112.32620345900011,21.716878816000076],[112.3235982970001,21.712312798000028],[112.27389302900008,21.700530223000044],[112.2600781000001,21.700521008000067],[112.25089402200001,21.703847576000044],[112.24443733700002,21.702557548000073],[112.23568872500005,21.706080567000072],[112.23964721000004,21.71321828200007],[112.2376335890001,21.720503334000057],[112.23982401600006,21.72768688800005],[112.23596048200011,21.731917130000056],[112.22506728200005,21.737967816000037],[112.21083114300006,21.73500795600006],[112.20842134600002,21.735685712000077],[112.20694796400005,21.738822377000076],[112.20768138100004,21.74107828800004],[112.20603119400005,21.74525286900007],[112.20184351600005,21.74597318900004],[112.19510525100009,21.742414154000073],[112.19180160300004,21.74270228200004],[112.19209300500006,21.744761742000037],[112.19686021300004,21.74960753000005],[112.19188673200006,21.754070238000054],[112.1911172990001,21.758431447000078],[112.1948924300001,21.766816625000047],[112.1952362190001,21.771564187000024],[112.19264306700006,21.781547165000063],[112.19461085000012,21.788943540000048],[112.20844426500003,21.800809172000072],[112.2090532630001,21.80740664700005],[112.20741289800003,21.819851809000056],[112.20244444800005,21.829750236000052],[112.21235804000003,21.842186880000042],[112.19866534300002,21.840643517000046],[112.1989196720001,21.841350082000076],[112.2045676350001,21.84555413000004],[112.20533051900009,21.849050955000052],[112.19904409100002,21.845894645000044],[112.19407715900002,21.84249931900007],[112.19232637900006,21.83992902500006],[112.19093855800008,21.839772598000025],[112.18593604300008,21.831518028000062],[112.18669623900007,21.819459927000025],[112.18670733500005,21.81938016500004],[112.17356114000006,21.820044986000028],[112.16774619500006,21.817910220000044],[112.16834864400005,21.81562156700005],[112.17829233200007,21.816096323000068],[112.18562977200008,21.816446661000043],[112.18727796700011,21.81527832000006],[112.18928095400008,21.800880349000067],[112.18397658900005,21.799435733000053],[112.18319705500005,21.800589802000047],[112.1716228250001,21.805412671000056],[112.15014747200007,21.805514170000038],[112.13127181800007,21.80244953700003],[112.11100591200011,21.796526064000034],[112.10858391300007,21.79665449400005],[112.06377243800011,21.789023929000052],[112.06138819400007,21.788349394000022],[112.05834925900001,21.789074508000056],[112.04308175300002,21.788809299000036],[112.03389767500005,21.792744864000042],[112.01847955700009,21.795377306000034],[112.02159985100002,21.80460394800008],[112.01986780900006,21.814570555000046],[112.0168981270001,21.819599697000058],[112.00119842900006,21.833488773000056],[111.99938125900007,21.835093122000046],[111.99820582800004,21.83264076000006],[112.00247863400011,21.82654423500003],[112.00072196700012,21.822119213000065],[111.97392920400006,21.82004835500004],[111.95745250100003,21.823074235000036],[111.91982264100005,21.840297457000077],[111.92520177200004,21.810568144000058],[111.93619207400008,21.79977222800005],[111.93617974200004,21.79978107900007],[111.93261088500009,21.798779180000054],[111.92973942800006,21.798861035000073],[111.92075507600003,21.807462308000026],[111.91744160500008,21.809443188000046],[111.91548037000007,21.811230890000047],[111.91517587100009,21.817219368000053],[111.91465855100006,21.822114268000064],[111.91179691600007,21.822196123000026],[111.91258272000005,21.810212620000073],[111.91383345700007,21.807341163000046],[111.91748744300008,21.805504348000056],[111.92479868900006,21.797112622000043],[111.93065619900005,21.796002675000068],[111.93417267000007,21.795115371000065],[111.93646132200007,21.787964560000034],[111.93876634500003,21.786481356000024],[111.94329126400004,21.785407425000074],[111.94782273000004,21.78335123900007],[111.95088145000005,21.78351653200008],[111.95866466200005,21.774869382000077],[111.98091830600004,21.769902264000052],[112.01187550300006,21.762949413000058],[111.98846933000004,21.75588984600006],[111.95915944500007,21.74427453800007],[111.93086995700008,21.734488475000035],[111.92085132400007,21.714239019000047],[111.92070388300004,21.704367495000042],[111.91874800300008,21.701729181000076],[111.90702970900008,21.692482893000033],[111.90408294600007,21.680764599000042],[111.89848409600006,21.67778836900004],[111.89724794300008,21.67738633600004],[111.89416563700007,21.68124629600004],[111.87374481400008,21.677823588000024],[111.84548321200003,21.67371948500005],[111.84049180200009,21.683839055000078],[111.83624659500003,21.68431341400003],[111.83220071700003,21.68951787800006],[111.82562429600006,21.705364270000075],[111.82781053600007,21.722947457000032],[111.84547553000004,21.73661205600007],[111.83429547300005,21.770130192000067],[111.80019122000004,21.761316416000057],[111.78872785900006,21.76975718500006],[111.78898566100008,21.773659663000046],[111.78664978100005,21.771123272000068],[111.77830623500006,21.776585046000037],[111.77736559200008,21.778047066000056],[111.77982450200005,21.787293353000052],[111.77311570500007,21.78516841000004],[111.77216291900004,21.781881132000024],[111.77236603400007,21.77806610500005],[111.75461902100005,21.766542624000067],[111.72734159300006,21.759472456000026],[111.72520198300003,21.759423250000054],[111.71971053900006,21.762547093000023],[111.71418044700005,21.762458690000074],[111.70622091300004,21.771724622000022],[111.70601791400009,21.781445666000025],[111.70496362700004,21.783328320000066],[111.70295655400008,21.782958337000025],[111.70034048400004,21.775365512000064],[111.69609714500007,21.773800453000035],[111.68813433700006,21.773558164000065],[111.68158597500008,21.77741842300003],[111.67859664800005,21.781822197000054],[111.67755218400004,21.793625619000068],[111.67517185400004,21.79574728800003],[111.67320407200003,21.787519272000054],[111.66446528200004,21.783154788000047],[111.66242219400004,21.780512524000073],[111.66393159100005,21.77862004800005],[111.67127885300005,21.78094471600008],[111.67571864300004,21.772376184000052],[111.68058080100008,21.772271411000077],[111.69094031000009,21.761715451000043],[111.69757707500008,21.761780935000047],[111.70004284400005,21.758961571000043],[111.67589600600007,21.76102639100003],[111.69169049100009,21.751590419000024],[111.69135285700008,21.75116276600005],[111.69197822600006,21.749702481000043],[111.69549092100004,21.749319958000058],[111.69806227300006,21.747783776000063],[111.71238275800005,21.72814224700005],[111.72065351200007,21.715976872000056],[111.71990044100005,21.715614982000034],[111.72186167600006,21.713918956000043],[111.72651756100004,21.715058371000055],[111.72744088000007,21.71402700400006],[111.73082638300008,21.710212584000033],[111.73210459500007,21.716509449000057],[111.74819449200004,21.720280195000043],[111.75966185800007,21.707157902000063],[111.76225674700004,21.68302202900003],[111.76660298400009,21.645878496000023],[111.76111731800006,21.644206147000034],[111.75843755200009,21.646149958000024],[111.75404360100003,21.64665745600007],[111.75114373700006,21.641165622000074],[111.72864401000004,21.63430640200005],[111.75721188000006,21.61812027900004],[111.74294412700004,21.61774643700005],[111.73095735100009,21.615729542000054],[111.71714030700008,21.610651287000053],[111.71033526500008,21.606538447000048],[111.69140289400008,21.603238143000056],[111.66992010800004,21.58958525500003],[111.66090905800007,21.56557972300004],[111.65490421200008,21.54988485000007],[111.64885573900006,21.529548169000066],[111.64392817000004,21.52290231300003],[111.64301939700005,21.522500512000022],[111.64214473300007,21.52049697500007],[111.63999134900007,21.517592687000047],[111.63734651400006,21.51941013900006],[111.63730595100009,21.523859297000058],[111.63407106000005,21.526822431000028],[111.63407106000005,21.536333926000054],[111.63169727900004,21.53844904700003],[111.62975241500004,21.539555721000056],[111.62602967200007,21.54167084200003],[111.61939037400003,21.542198781000025],[111.61327305500004,21.552219767000054],[111.59991362200009,21.56999456400007],[111.59749850000009,21.57103175700007],[111.59610693100007,21.57475316700004],[111.59219181300006,21.573310755000023],[111.57774147200007,21.57951656700004],[111.57253709300005,21.54711203100004],[111.59665914200008,21.53942459900003],[111.59656110300006,21.53114835300005],[111.57264087600004,21.525001986000063],[111.56684113800009,21.520798636000052],[111.53826880500009,21.51409175400005],[111.53730723500007,21.51484479000004],[111.54000711400005,21.517608885000072],[111.54622805800005,21.519547200000034],[111.54567799500006,21.524108135000063],[111.53163830700004,21.537836776000063],[111.52429104500004,21.53509301200006],[111.53798039600008,21.52550621000006],[111.53946687400008,21.522994913000048],[111.53832091000004,21.521158097000068],[111.52767982200004,21.52861340800007],[111.52059864300008,21.527929821000043],[111.51905837600009,21.52913605300006],[111.51226696600008,21.525092681000046],[111.50055650700006,21.521102436000035],[111.49624768400008,21.518411060000062],[111.49317322800005,21.516495664000047],[111.49282883000006,21.51608111300004],[111.46509403300007,21.514392762000057],[111.45818205600006,21.521334903000024],[111.45913811700007,21.524828454000044],[111.46137110800004,21.526026805000072],[111.47411422100004,21.522667495000064],[111.48449664900005,21.523286315000064],[111.48677220500008,21.52613485300003],[111.48396295700007,21.528878616000043],[111.46808645300007,21.530440401000078],[111.46724826300004,21.532110233000026],[111.47084004000004,21.53472630400006],[111.47460862200006,21.535269818000074],[111.48297088000004,21.54357968900007],[111.47819686600008,21.547720267000045],[111.47856229100006,21.54810378600007],[111.47746881000006,21.54835177500007],[111.47516523300004,21.550350695000077],[111.47356650800003,21.549236773000075],[111.45330168300006,21.553832604000036],[111.44699090500006,21.573862589000043],[111.44236776200006,21.57478263400003],[111.43965821300009,21.57770877300004],[111.43831448600008,21.581132730000036],[111.43834051900006,21.58230670200004],[111.44175876400004,21.58678578200005],[111.44122179800007,21.59237808300003],[111.44393936800009,21.595426345000078],[111.44000380300008,21.59736466100003],[111.43668378300003,21.596811324000043],[111.43463907000006,21.590498070000024],[111.43253531100004,21.595858665000037],[111.42775865600004,21.592498979000027],[111.42623259800007,21.594123221000075],[111.42117398800008,21.594843541000046],[111.41871507800005,21.59365173900005],[111.42346539200008,21.589479287000074],[111.41550186000006,21.583878093000067],[111.39181698300007,21.649216546000048],[111.40114887200008,21.68756096000004],[111.37565658500006,21.723940581000022],[111.35973930600005,21.752137338000068],[111.37480181900008,21.790037350000034],[111.39089905800006,21.815631551000024],[111.38020756100008,21.847490180000023],[111.35432209700008,21.861506322000025],[111.32365960200008,21.873673181000072],[111.28818680700005,21.889449599000045],[111.26500496900007,21.92259189500004],[111.26050214000009,21.952639031000047],[111.24441052600008,21.99491555900005],[111.26961521300007,22.017823407000037],[111.27368328700004,22.052001276000055],[111.27584558000007,22.08753332300006],[111.29190814900005,22.121304164000037],[111.31229099500007,22.156004292000034],[111.32687814300004,22.199770486000034],[111.33626590100005,22.232128998000064],[111.34806166600004,22.264492493000034],[111.38115436400005,22.26963980100004],[111.40943810900006,22.275666430000058],[111.44049334200008,22.30217116600005],[111.46050336100006,22.335453485000073],[111.48346032200004,22.357363537000026],[111.51654961000008,22.369287729000064],[111.55781390400006,22.38440791900007],[111.59666524900007,22.409510873000045],[111.62970283900006,22.44913693600006],[111.64356564200006,22.477354846000026],[111.66895118000008,22.519220782000048],[111.68617882800004,22.55424547000007],[111.71549336600009,22.586547128000063],[111.75300301400006,22.612482726000053],[111.77176155000006,22.633396137000034],[111.80785610000004,22.66975659700006],[111.84975828600005,22.704281366000032],[111.84980115800005,22.648392476000026],[111.83247037000007,22.622040930000026],[111.81854540300009,22.596593556000073]]],[[[111.93395984800009,21.64804570900003],[111.93850768500005,21.644221465000044],[111.94183425300008,21.64476497900006],[111.94307262600006,21.64868449100004],[111.94411764100005,21.64808163300006],[111.96863418700008,21.64861984600003],[111.97109888300008,21.648232337000024],[111.97250453200007,21.649000062000027],[111.99071451500004,21.65109919300005],[112.00609655100004,21.642523007000023],[112.0019885590001,21.62774809800004],[111.99861243800007,21.621537129000046],[111.99481050200006,21.625155909000057],[111.99017426200004,21.62526068300008],[111.97511957700004,21.61588997700005],[111.97000203200008,21.614351112000065],[111.96360283800004,21.608469755000044],[111.96022279200008,21.608186095000065],[111.93132085800005,21.61378467800006],[111.92839701400004,21.611784154000077],[111.92198944200004,21.611721944000067],[111.91828961700008,21.610435191000022],[111.91084413000004,21.607838766000043],[111.90197109900004,21.606591303000073],[111.89473843300004,21.600344165000024],[111.88514835700005,21.597043791000033],[111.87748677400003,21.590600203000065],[111.86842384100004,21.581497979000062],[111.86396562900006,21.56915390300003],[111.85372376700008,21.567279443000075],[111.85238690200003,21.567589258000055],[111.84853973900005,21.57284431900007],[111.84480389900006,21.573338720000038],[111.82689740300009,21.56402040100005],[111.81874796600005,21.56502557500005],[111.81114204400006,21.561263541000073],[111.80928885700007,21.56143052400006],[111.80667712900004,21.561662703000025],[111.81805885600005,21.57753266700007],[111.82639972700008,21.57953674500004],[111.82824636500004,21.583010651000052],[111.82724119200009,21.586753040000076],[111.82556585900005,21.587999960000047],[111.82594725200005,21.588531750000072],[111.83578747000007,21.599529086000075],[111.85064238200005,21.61335204900007],[111.85088405300007,21.613522744000022],[111.85090600000007,21.613597354000035],[111.85641407700007,21.618722793000074],[111.84893111300005,21.629787157000067],[111.84381837000006,21.640141836000055],[111.84097310700008,21.640668979000054],[111.83933038200007,21.640973160000044],[111.83737433700009,21.643089702000054],[111.85296302400008,21.648439586000052],[111.87124885500003,21.63891596600007],[111.89644983300008,21.63763694100004],[111.90342388900007,21.65052053100004],[111.90405495100003,21.659577908000074],[111.90754703000005,21.661253755000075],[111.91616794800007,21.669534159000023],[111.92823657900004,21.66616175200005],[111.92842975600007,21.664347856000063],[111.92912388200006,21.657665252000072],[111.93395984800009,21.64804570900003]]],[[[112.01540510100006,21.804541739000058],[112.01392604400007,21.802012842000067],[112.00668591700003,21.816991268000038],[112.00929875300005,21.816672579000056],[112.01110937500005,21.815539713000078],[112.01409215400008,21.813670155000068],[112.01571614800002,21.80846093300005],[112.01540510100006,21.804541739000058]]],[[[112.20272099700003,21.802393876000053],[112.20188423200011,21.801756547000025],[112.20014264100007,21.81089255100005],[112.20085505000009,21.820627479000052],[112.20332344600001,21.816024291000076],[112.20464948900008,21.808133515000065],[112.20272099700003,21.802393876000053]]],[[[111.93926667000005,21.796420556000044],[111.94742035100006,21.787361814000064],[111.94390026100007,21.78752582000004],[111.93990248600005,21.789755537000076],[111.93926667000005,21.796420556000044]]],[[[111.62988338300005,21.526701286000048],[111.62920165400004,21.526126592000026],[111.62713332500005,21.529514791000054],[111.62988338300005,21.526701286000048]]],[[[112.02978338000003,21.77940796400003],[112.02962286200011,21.779362551000077],[112.02903392400003,21.779884511000034],[112.02978338000003,21.77940796400003]]]]}},{"type":"Feature","properties":{"code":"CN044170","name":"Yunfu","label":"Yunfu · 云浮市","type":"Prefecture-level city","parentCode":"CN-GD"},"geometry":{"type":"Polygon","coordinates":[[[112.37524405900001,22.78137767800007],[112.37214730000005,22.741420124000058],[112.37966598900005,22.700495072000024],[112.411425914,22.68759687100004],[112.49317673400003,22.686038586000052],[112.4974641880001,22.64572534200005],[112.51272380800003,22.622447720000025],[112.47550259200011,22.59996577900006],[112.43359071700002,22.600675761000048],[112.41205870200008,22.625794003000067],[112.389042227,22.647735304000037],[112.35809253700006,22.624725050000052],[112.34640175300001,22.59660611100003],[112.32311818800008,22.558087770000043],[112.28409210400002,22.548270149000075],[112.24739934700006,22.519788556000037],[112.21982759600007,22.476704900000072],[112.21443307600009,22.444441081000036],[112.198476002,22.41403100900004],[112.16139857600001,22.392784738000046],[112.1373273700001,22.374667043000045],[112.12395430700008,22.40472603300003],[112.09272187700003,22.413911417000065],[112.04418725200003,22.431308898000054],[112.00288219700008,22.46867988200006],[111.97837361600006,22.503279183000075],[111.95672726900006,22.528313110000056],[111.95145470300008,22.557867832000056],[111.97072231600004,22.596930155000052],[111.93605913700009,22.640148272000033],[111.89558271300007,22.60428679200004],[111.85803149700007,22.585674293000068],[111.81854540300009,22.596593556000073],[111.83247037000007,22.622040930000026],[111.84980115800005,22.648392476000026],[111.84975828600005,22.704281366000032],[111.80785610000004,22.66975659700006],[111.77176155000006,22.633396137000034],[111.75300301400006,22.612482726000053],[111.71549336600009,22.586547128000063],[111.68617882800004,22.55424547000007],[111.66895118000008,22.519220782000048],[111.62515867200005,22.516421112000046],[111.60102044000007,22.541379249000045],[111.56920908400008,22.549947823000025],[111.52892946700007,22.516206084000032],[111.49050107800008,22.49881784100006],[111.45955471500008,22.53054288900006],[111.45106815400004,22.49414275600003],[111.44833087200004,22.466397779000033],[111.42388455800005,22.45130479000005],[111.38819812500009,22.46799197000007],[111.38414153300005,22.504350120000026],[111.35895882800008,22.53061105100005],[111.32146206700008,22.52453183800003],[111.27178203300008,22.51555303400005],[111.30002191800008,22.564435340000045],[111.28583912100004,22.598454108000055],[111.23906992700006,22.605026671000076],[111.19278148700005,22.610215268000047],[111.15322117100004,22.616793349000034],[111.12218728500005,22.640224964000026],[111.11855172600008,22.672918754000023],[111.10283809600008,22.70507189700004],[111.08012811000009,22.723523800000066],[111.08822345400006,22.749293279000028],[111.10754064100007,22.750159025000073],[111.11527480400008,22.751044222000075],[111.14714222600008,22.752782797000066],[111.16840170000006,22.755443054000068],[111.21095091600006,22.77618269100003],[111.22353348700005,22.78884452500006],[111.23611113800007,22.796064658000034],[111.25161228500008,22.80870802100003],[111.26331756800005,22.838602851000076],[111.27590066800008,22.850347097000054],[111.29048287100005,22.872062391000043],[111.30213603200008,22.883804661000056],[111.32544937600005,22.90910328900003],[111.35841984400008,22.92981320000007],[111.35848807300005,22.94613511400007],[111.34697682900008,22.970674880000047],[111.35024253400007,22.977724567000053],[111.35576891800008,22.98967446100005],[111.36506027500008,23.000600296000073],[111.37036099600004,23.006836390000046],[111.39174348300008,23.022145438000052],[111.40630958200006,23.030228441000077],[111.41222024300004,23.051047337000057],[111.40745037400006,23.06558204600003],[111.40458097600003,23.073754507000046],[111.39881554900006,23.082843945000036],[111.38918437600006,23.09649001400004],[111.38346686800008,23.116460867000058],[111.37482946700004,23.139160135000054],[111.37009901100004,23.166369454000062],[111.36732479600005,23.19809772800005],[111.37132752300005,23.224356655000065],[111.35506784200004,23.281507300000044],[111.35320269600004,23.293440476000058],[111.39414417900008,23.297991783000043],[111.43008429100007,23.292233837000026],[111.47564893700007,23.301456474000076],[111.51202580200004,23.30609908300005],[111.52918464100009,23.264432769000052],[111.53758197600007,23.249547645000064],[111.55025451600005,23.17297781800005],[111.62634410900006,23.170871823000027],[111.66422232500008,23.144625140000073],[111.71218304700005,23.146948804000033],[111.74175622900009,23.13381746400006],[111.77568136800005,23.119318813000064],[111.82217676000005,23.12613004800005],[111.87751604500005,23.124412304000032],[111.92874483900005,23.128790484000035],[111.96359729100004,23.10334042200003],[111.97182257700007,23.06703290100006],[112.00907631700011,23.055171569000038],[112.04781184400008,23.06689209700005],[112.07879956200009,23.074531302000025],[112.11075281900003,23.071271469000067],[112.13928281200003,23.056667074000075],[112.18141038700003,23.06605845300004],[112.21486157400011,23.084541130000048],[112.27616268200006,23.13764485200005],[112.28931449400011,23.13902779500006],[112.3008077180001,23.104950254000073],[112.2885692860001,23.07506272200004],[112.2734375230001,23.040644403000044],[112.25145156500002,22.983100066000077],[112.25277982500006,22.94769129200006],[112.268161727,22.92401946700005],[112.27431416500008,22.887673663000044],[112.27559266000003,22.845439068000076],[112.30835396900011,22.826220355000032],[112.30146572000001,22.79491494100006],[112.33184327100003,22.788410678000048],[112.37524405900001,22.78137767800007]]]}},{"type":"Feature","properties":{"code":"CN044180","name":"Zhanjiang","label":"Zhanjiang · 湛江市","type":"Prefecture-level city","parentCode":"CN-GD"},"geometry":{"type":"MultiPolygon","coordinates":[[[[110.43802894400005,21.93045529500006],[110.44284514100008,21.898167028000046],[110.40924948700007,21.87630108700006],[110.37610990100006,21.85670758200007],[110.36610401200005,21.82511693300006],[110.37251693300004,21.784179591000054],[110.37535747100009,21.755953155000043],[110.37135609200004,21.708928667000066],[110.36533989600008,21.66825721400005],[110.35868646200004,21.637605412000028],[110.36924113200007,21.604451659000063],[110.40379144700006,21.589868437000064],[110.40280629300008,21.56202637100006],[110.42654821600007,21.53679647000007],[110.44357547700008,21.51374617700003],[110.45776079700005,21.48974529800006],[110.50457034700008,21.47939579000007],[110.53816244700005,21.49304888300003],[110.57192729100007,21.49574043900003],[110.60879463100008,21.48020169800003],[110.64365456000007,21.471472641000048],[110.67205753500008,21.484113656000034],[110.68444677300005,21.519845202000056],[110.70935316200007,21.546124839000072],[110.72555969000007,21.582793136000078],[110.70768552700008,21.640082132000032],[110.76036730200008,21.620103053000037],[110.78766460600008,21.56974133800003],[110.81041863600007,21.538478273000067],[110.84225840200008,21.50273195400007],[110.87314122700008,21.50849520400004],[110.86963877800008,21.437719746000027],[110.90442057500007,21.433010103000072],[110.92247568100004,21.42404430000005],[110.92149467500008,21.422231992000036],[110.92278142800006,21.42044101500005],[110.92998052100006,21.42031754800007],[110.93755425700004,21.416556583000045],[110.92969796700004,21.41582506700007],[110.91710271600004,21.413101122000057],[110.88509351800008,21.388192502000038],[110.87785152800006,21.38524905500003],[110.86829250700004,21.385178086000053],[110.85917718700006,21.38202504900005],[110.84916801600008,21.389221699000075],[110.83989553500004,21.38958185900003],[110.82747656700008,21.385859115000073],[110.82405177300006,21.391290982000044],[110.82055822200005,21.393209652000053],[110.80185610000007,21.396408527000062],[110.79708889300008,21.40041612400006],[110.79518004500005,21.40499670300005],[110.79612628300004,21.408493529000054],[110.80355867400004,21.416436692000048],[110.80185610000007,21.420391902000063],[110.79556967300005,21.426079155000025],[110.78809471700004,21.43922499200005],[110.78073108400008,21.447407170000076],[110.78302628500006,21.452331538000067],[110.77876985000006,21.460877151000034],[110.77607847300004,21.458647433000067],[110.77165178000007,21.45768482400007],[110.76734295800009,21.463751882000054],[110.77120976600008,21.470097245000034],[110.77523046000005,21.472719864000055],[110.77504055800006,21.474170326000035],[110.77086597700008,21.47527045100003],[110.77118029800005,21.480640107000056],[110.77539089500004,21.481605991000038],[110.77704763100007,21.49997742000005],[110.78249259400008,21.507334505000074],[110.78077692300008,21.510461348000035],[110.77060076800007,21.497187818000043],[110.76473343600009,21.47785050500005],[110.76598417300005,21.461499245000027],[110.76484803200009,21.45965588100006],[110.76627230100007,21.453225390000057],[110.76535880400007,21.45137875200004],[110.75679682100008,21.449149034000072],[110.76172773800005,21.44606148200006],[110.76277220100008,21.442734914000027],[110.75908547400007,21.434732815000075],[110.75171529200009,21.429474481000057],[110.74600184600007,21.418198201000052],[110.73533783900007,21.414233168000067],[110.71727745600003,21.41617475700008],[110.69706593700005,21.408847140000034],[110.67961782600008,21.394856565000055],[110.67613082300005,21.393828472000052],[110.67297451300004,21.39289205600005],[110.66507064000007,21.395495030000063],[110.65908871100004,21.394349067000064],[110.64742280400009,21.383161190000067],[110.63632987900007,21.379196157000024],[110.63073757800004,21.375145995000025],[110.62460176200005,21.36449181000006],[110.62153712900005,21.366191110000045],[110.61888831700008,21.36582112700006],[110.61558641800008,21.343587185000047],[110.61331204100009,21.353758570000025],[110.60459406800004,21.337995059000036],[110.60745519000005,21.298075832000052],[110.61899326800005,21.290124474000038],[110.62199869900007,21.275835663000066],[110.62572312300006,21.229334808000033],[110.62102289800004,21.222121405000053],[110.61486107400009,21.22053261900004],[110.60452121000009,21.221105601000033],[110.60398751900004,21.228970184000048],[110.60009779200004,21.233370683000032],[110.59744243100005,21.232997426000054],[110.60044158100004,21.227781656000047],[110.59908279600006,21.225941566000074],[110.59229214400006,21.22769980100003],[110.58298804100008,21.234030802000063],[110.58132290300006,21.236838126000066],[110.57703670300003,21.23808040600005],[110.57550869200008,21.239120145000072],[110.57549875700005,21.238526152000077],[110.56201009500006,21.242435604000036],[110.55529727500004,21.240722740000024],[110.54753298900005,21.238738701000045],[110.54654927500007,21.223880505000068],[110.54363374900004,21.218284393000033],[110.53942066900004,21.216089555000053],[110.51996871100005,21.208804935000046],[110.51866630900008,21.208746191000046],[110.50588323300008,21.21348658200003],[110.49928248400005,21.214203627000074],[110.49516356400005,21.217988580000053],[110.49163727100006,21.21824724100003],[110.49034724400008,21.220332894000023],[110.49152267500006,21.224658087000023],[110.49069103300008,21.227768559000026],[110.48352057700004,21.220431119000068],[110.47601942800009,21.219920347000027],[110.46936956600007,21.217330470000036],[110.46663313700009,21.211188997000022],[110.46546610800004,21.210939883000037],[110.46545796700008,21.210935966000022],[110.45773967500008,21.209416775000022],[110.45491078300006,21.20885689000005],[110.44716069800006,21.202133638000078],[110.44231274500004,21.19980141700006],[110.43374574200004,21.18964758100003],[110.43102235800006,21.188936772000034],[110.42457584700009,21.18994821700005],[110.42109283300005,21.19330033700004],[110.42879147300005,21.205373809000037],[110.43447127000007,21.220584864000045],[110.44429916200005,21.234441340000046],[110.43917179500005,21.244643688000053],[110.43232875600006,21.24412309300004],[110.43070296000008,21.244818776000045],[110.42862588200006,21.249807221000026],[110.43067856900007,21.251175679000028],[110.43415902400005,21.251332840000032],[110.44458074200008,21.251804322000055],[110.44904345100008,21.254839488000073],[110.44686939400009,21.25714778500003],[110.42722430800006,21.255360083000028],[110.42202818300007,21.261430414000074],[110.42035835100006,21.267242085000078],[110.42175315200006,21.271357731000023],[110.42316560500007,21.271948130000055],[110.42657222300005,21.272135207000076],[110.43274785200003,21.270788023000023],[110.43573572300005,21.27263842700006],[110.44516666000004,21.273156334000078],[110.47191452500005,21.271542655000076],[110.47325274500008,21.266482475000032],[110.47608163700005,21.264373903000035],[110.48071132900009,21.264305145000037],[110.48359588300008,21.26570976900007],[110.47721123000008,21.27986405300004],[110.47905132000005,21.284176150000064],[110.48639530800006,21.289444307000053],[110.48892297500004,21.294784496000034],[110.49159143300005,21.296398667000062],[110.50195421600006,21.296248055000035],[110.50440985200004,21.298278047000053],[110.50158750700007,21.30080244100003],[110.50121425100008,21.30494428000003],[110.48908995900007,21.305121086000042],[110.48354349600004,21.302927384000043],[110.48017763800004,21.296981472000027],[110.47831790300006,21.293700742000055],[110.47474577200006,21.291061752000076],[110.47100010800006,21.291117413000052],[110.47036819100003,21.29278069700007],[110.47350158300009,21.295422961000043],[110.47109833400003,21.29731871200005],[110.46714639700008,21.297996468000065],[110.46379036200005,21.294944931000032],[110.46069953500006,21.29478122200004],[110.45824242100008,21.296312314000033],[110.47605148800005,21.307499068000027],[110.47849124400005,21.316270493000047],[110.48377923700008,21.317602264000072],[110.48835654200008,21.327873370000077],[110.48621522800005,21.33183185400003],[110.48336669000008,21.333115333000023],[110.47811938600006,21.32476031400006],[110.46637813800004,21.346490345000063],[110.46340608600008,21.345159986000056],[110.46373797500007,21.34642487900004],[110.46775866900003,21.34967614100003],[110.46669128600007,21.35155224700003],[110.46381982900004,21.351388538000037],[110.45847309200008,21.348363194000058],[110.45643350700004,21.342038900000034],[110.45187186700008,21.339997005000043],[110.43834838700008,21.31771836200005],[110.42387427700004,21.307507788000066],[110.42160959200004,21.319035472000053],[110.42281398600005,21.32468431700005],[110.42598666800006,21.330014684000048],[110.42803957900009,21.34838611400005],[110.42765220500007,21.349063527000055],[110.43955739600005,21.396540791000064],[110.44051420900007,21.39741042600008],[110.45670176000004,21.40214161800003],[110.45762507900008,21.403549515000066],[110.45873175200006,21.405212799000026],[110.45908209000004,21.41347683200007],[110.45584065000008,21.41745168800003],[110.45382702900008,21.416033968000022],[110.45147616700007,21.406971035000026],[110.44835587300008,21.405569685000046],[110.44051420900007,21.410435118000066],[110.43134322800006,21.40333014500004],[110.42994729100008,21.399129909000067],[110.42281906800008,21.39661086800004],[110.40930561400006,21.385474473000045],[110.40107353800005,21.380202703000066],[110.39476080300005,21.391860689000055],[110.38887055200007,21.39607783400004],[110.38394945800007,21.405864361000056],[110.38109503300007,21.40847591200003],[110.37305738900005,21.42803168200004],[110.37486360500009,21.43121307100006],[110.37449689700009,21.436386277000054],[110.37608487500006,21.43905146000003],[110.38211919100007,21.444136263000075],[110.39747510000007,21.452187474000027],[110.40194763100004,21.456466829000078],[110.39887317500006,21.456925214000023],[110.38841216600008,21.451077527000052],[110.38400184500006,21.451136462000022],[110.38101251700004,21.457796146000078],[110.38133338700004,21.463994171000024],[110.37954568400005,21.46318872300003],[110.37609797200008,21.45414216000006],[110.37364888400003,21.452524715000038],[110.37132421600006,21.445115243000032],[110.36286045800006,21.440063182000074],[110.35642996600006,21.437879303000045],[110.34609337700005,21.44008937500007],[110.34364428900005,21.438468656000055],[110.34336925800005,21.43558082800007],[110.32634024300006,21.433125192000034],[110.32565266500006,21.430859459000033],[110.34571029800009,21.429965608000032],[110.35726160800004,21.434559284000045],[110.35897073100006,21.433901173000038],[110.35991749400006,21.433538682000062],[110.34830588900007,21.42998651000005],[110.35325803700005,21.416258047000042],[110.35898845900005,21.40029908300005],[110.36773234600008,21.37710566000004],[110.38031891000008,21.365975517000038],[110.38904586100006,21.346486965000054],[110.39679515600005,21.33163753200006],[110.39276995000006,21.325185968000028],[110.38871011700007,21.329300912000065],[110.38291809100008,21.339928904000033],[110.37747967600006,21.34475832100003],[110.37483086400005,21.344381790000057],[110.37586877900009,21.340439676000074],[110.38083571200008,21.33437589300007],[110.38033148800008,21.329006236000055],[110.38160841800004,21.326508036000064],[110.38704028500007,21.321469071000024],[110.39014362300009,21.32097651500004],[110.38810674600006,21.31771182800003],[110.37491665600004,21.31593523600003],[110.37312174100003,21.31918369300007],[110.36544706100005,21.32239239000006],[110.36414393700005,21.337502736000033],[110.35571292100008,21.348576016000038],[110.34928242900008,21.34659841100006],[110.35685888400008,21.337191689000065],[110.36134451200007,21.328030530000035],[110.35846650700006,21.32724472700005],[110.34760277400005,21.331677968000065],[110.34378180500005,21.33323647800006],[110.34201702100006,21.33305312400006],[110.34220037600005,21.330983841000034],[110.34851954500004,21.325728781000066],[110.36055870900009,21.319979319000026],[110.36533645500003,21.314644865000048],[110.34657023200003,21.312117215000058],[110.36397471000004,21.29727702200006],[110.36397828700007,21.295256336000023],[110.35917700400006,21.288157554000065],[110.35780184800007,21.28425145600005],[110.35865640900005,21.282791171000042],[110.35996280800003,21.281736885000043],[110.36399866200009,21.283746637000036],[110.36400577700005,21.279727527000034],[110.36401776300005,21.270350268000072],[110.38625096500004,21.261079632000076],[110.39518788300006,21.25421431600006],[110.40110616600003,21.248494125000036],[110.40360109200009,21.238949887000047],[110.40760856100007,21.23874790700006],[110.40960037400004,21.235497072000044],[110.40989079400003,21.232244365000042],[110.41004721300004,21.23186653600004],[110.40755821700009,21.21657655200005],[110.40223575900006,21.208987857000068],[110.40152853600006,21.205274936000023],[110.40313615800005,21.19553424700007],[110.40171843800005,21.189352593000024],[110.38623156200003,21.157111733000022],[110.38378247400004,21.15528474000007],[110.37828839900004,21.15618841400004],[110.37621911600007,21.157272168000077],[110.37259787200009,21.15916137000005],[110.36547980300008,21.154092938000076],[110.36609534900003,21.152017107000063],[110.37442813900009,21.149004861000037],[110.37418257600007,21.146735853000052],[110.36728715100008,21.142695514000025],[110.35162346900006,21.12637372100005],[110.34507879600005,21.114359413000045],[110.32955802600009,21.10686546000005],[110.31413505300009,21.104991463000033],[110.31453423500005,21.10439540300007],[110.30393829600007,21.104904916000066],[110.29136544100004,21.10362798600005],[110.28814363600009,21.10217152100006],[110.27267340700007,21.10214746200006],[110.21792807800006,21.036079108000024],[110.20919272800006,21.057433428000024],[110.20899354000005,21.061561397000048],[110.21018212300004,21.062733465000065],[110.20862942000008,21.06910743000003],[110.20852642200003,21.07124196600006],[110.21275235500008,21.08771874000007],[110.21157037600005,21.09745288000005],[110.20835185600004,21.103490470000054],[110.19158150000004,21.116115712000067],[110.18340259600006,21.11374193100005],[110.17812461600005,21.11421996100006],[110.17553801300005,21.118803815000035],[110.16227758000008,21.131173671000056],[110.15985796100006,21.130584318000047],[110.17500432200006,21.111368150000033],[110.18025938200009,21.109645931000045],[110.19019324800007,21.110965426000064],[110.19696098000009,21.107570100000032],[110.20480264300005,21.100851480000074],[110.20883316000004,21.091081324000072],[110.20693086100005,21.081386474000055],[110.20607677200007,21.079799747000038],[110.19615677100006,21.084554258000026],[110.18112587000007,21.09174610100007],[110.18699044500005,21.06574480200004],[110.18854091400004,21.050826543000028],[110.18686668000004,21.048772357000075],[110.18435538300008,21.043013073000054],[110.18828841900006,21.03087741300004],[110.18426986700007,21.01648700800007],[110.18134410100004,21.00957102900003],[110.18123508800005,21.009557491000066],[110.17604878600008,20.99990520500006],[110.17225728400007,20.996231574000035],[110.16539787500005,20.99404442100007],[110.16355083600007,20.989330831000075],[110.13904034400008,21.004286679000074],[110.12534202000006,21.013668575000054],[110.11875580900005,21.018167378000044],[110.10142815800003,21.01532572700006],[110.11978428100008,21.00237042200007],[110.13022194000007,20.991037944000027],[110.16063160100003,20.957978793000052],[110.15862359400006,20.950501088000067],[110.15818158000008,20.934588568000038],[110.16054302300006,20.918257192000056],[110.16057389500008,20.90952889600004],[110.16737821300006,20.894670935000022],[110.17802623300008,20.873309781000046],[110.18094203700008,20.863088274000063],[110.16083508300005,20.838856776000057],[110.21180215200008,20.83618869700007],[110.22041490900006,20.849228379000067],[110.25701071200007,20.827905612000052],[110.29159444600003,20.84004935100006],[110.31276671600006,20.834494435000067],[110.32527707900005,20.82334759400004],[110.36181899400009,20.819658928000024],[110.37150405300008,20.771295916000042],[110.38019545600008,20.729434198000035],[110.37676453900008,20.71378143900006],[110.37515173300005,20.71413141200003],[110.36649479900007,20.722729411000046],[110.36557148000009,20.72570891600003],[110.36377722800006,20.731455104000077],[110.35553611500006,20.73839309300007],[110.35405618500005,20.742345030000024],[110.35640049900007,20.751823784000067],[110.35627608000004,20.75823463000006],[110.34929552600005,20.776118207000025],[110.34108060600005,20.78450338500005],[110.33959085300006,20.78783322700008],[110.34163721600004,20.792145323000057],[110.34607700600009,20.795187037000062],[110.34726553400009,20.801375239000038],[110.33702717000006,20.792417080000064],[110.33544246600007,20.78933607600004],[110.33923396800009,20.778325005000056],[110.33903200200007,20.770309844000053],[110.33207603100004,20.78707933000004],[110.31378765900007,20.801942196000027],[110.31958862700009,20.78148525100005],[110.32252607300006,20.757301770000026],[110.30238478000007,20.741463665000026],[110.31973679100008,20.70798804800006],[110.31209182400005,20.694953184000042],[110.30553835500007,20.68618381300007],[110.30532000100004,20.686353260000033],[110.30466201400009,20.685011159000055],[110.28146106000008,20.653965347000053],[110.30661519500006,20.66213622600003],[110.30534292000004,20.65864059200004],[110.30526761400006,20.654092755000022],[110.30861710100004,20.657353839000052],[110.31093746800008,20.66334775000007],[110.32750693800006,20.664259101000027],[110.31701284800005,20.632602951000024],[110.32913641200008,20.633973360000027],[110.34087250900006,20.635296767000057],[110.34100202500008,20.635194182000077],[110.34451194700006,20.63555761600003],[110.34491262300008,20.63575234600006],[110.36689396900005,20.638231046000044],[110.37159176700004,20.646543824000048],[110.37190374600004,20.646552316000054],[110.37447397800008,20.641552642000022],[110.37574108600006,20.63905444100004],[110.38057705100005,20.63939823000004],[110.38286222000005,20.640552555000056],[110.38705486200007,20.62800308800007],[110.39572329900005,20.602874876000044],[110.42644331800005,20.56564138500005],[110.45041106100007,20.562848607000035],[110.45637267100005,20.56236394800004],[110.45771020800004,20.561773947000063],[110.45771759200005,20.562254610000025],[110.47341814600009,20.56097820800005],[110.48397723200009,20.55073251600004],[110.50889145700006,20.478082590000042],[110.50985598800008,20.452004017000036],[110.49549784100009,20.421273975000076],[110.47348824700003,20.391474266000046],[110.45052525800008,20.36352813600007],[110.43046775400006,20.330916853000076],[110.41230898700007,20.312278288000073],[110.39422877300007,20.305531124000026],[110.38509214700008,20.308846737000067],[110.37654980900004,20.309170881000057],[110.37367180400008,20.30755671000003],[110.37006365600007,20.300163609000037],[110.36796217900007,20.299318864000043],[110.36497625800007,20.29910907900006],[110.36216633100008,20.30048120500004],[110.35974998600005,20.299479306000023],[110.35887828400007,20.298680647000026],[110.35305074600006,20.298271216000046],[110.33586611900006,20.282411593000063],[110.31582292900003,20.268407637000053],[110.29931462400003,20.261941232000027],[110.29720330600009,20.26290997800004],[110.29216106700005,20.26256618900004],[110.28706316700004,20.258499656000026],[110.28655056900004,20.25694147300004],[110.28239771000005,20.255314773000066],[110.27939655900008,20.25198383000003],[110.27866489300004,20.25323477300003],[110.27662507800005,20.264222924000023],[110.27469003700008,20.266112127000042],[110.26902897800005,20.268256715000064],[110.26268034100008,20.26854811800007],[110.25736307100004,20.264275311000063],[110.25343405400008,20.264949793000028],[110.25237321900005,20.267860540000072],[110.25359448900008,20.27632429700003],[110.25166272200005,20.27841649900006],[110.24488219900007,20.276385912000023],[110.24410209800004,20.27762477500005],[110.23092272300005,20.276430712000035],[110.22711946100009,20.278125097000043],[110.22360953900005,20.277964662000045],[110.22577479200004,20.27596430500006],[110.22307037600007,20.27571928200007],[110.21572044400006,20.27174171200005],[110.21256900100008,20.27211042600004],[110.20559826900006,20.274683933000063],[110.19748812300008,20.273963613000035],[110.19651896500005,20.267565863000073],[110.19996667800007,20.26441610100005],[110.19771009400006,20.261995032000073],[110.19539943200004,20.260744569000053],[110.18303136000009,20.24393574800007],[110.17825640600006,20.241330082000047],[110.17622231700005,20.241356044000042],[110.16676320800008,20.238789086000054],[110.16001839500007,20.242393960000072],[110.14534024200009,20.241545947000077],[110.14407968200004,20.245907156000044],[110.14275363900003,20.244682612000076],[110.13552097300004,20.244361742000024],[110.13066208800007,20.241320028000075],[110.12891375300006,20.241135735000057],[110.12690222400005,20.241493194000043],[110.12418248400007,20.247403457000075],[110.11871460200007,20.247884761000023],[110.12380267900005,20.252164116000074],[110.12695244100007,20.257707304000064],[110.12653989500006,20.259779861000027],[110.11762102500006,20.264651842000035],[110.11128875900005,20.26576506400005],[110.10141710400006,20.264854841000044],[110.09642070300004,20.265932047000035],[110.09530748200007,20.26617106200007],[110.09120820700008,20.270980834000056],[110.08379218700009,20.272935520000033],[110.07990900900006,20.277326197000036],[110.07570496000005,20.27427466000006],[110.07198221600004,20.273701678000066],[110.07376991900009,20.27698568200003],[110.07055794800004,20.28261072500004],[110.06977869200006,20.289447215000052],[110.06697926800007,20.29299642700005],[110.06349226500004,20.294486180000035],[110.05386289900008,20.295432418000075],[110.04197762100006,20.29102864400005],[110.03012836000005,20.289519247000044],[110.01912711200004,20.286137018000034],[110.01225133200006,20.279601753000065],[110.01152381400004,20.273217903000045],[110.00791567900006,20.271386187000076],[110.00689804600006,20.272218474000056],[110.00507432700005,20.27789917900003],[110.00395128300005,20.281353439000043],[109.99999934700008,20.283877833000076],[109.98679457500003,20.292315398000028],[109.98284263800008,20.291948689000037],[109.97796738300008,20.287662786000055],[109.97522034500008,20.278180758000076],[109.94819525500009,20.255543071000034],[109.93723329700003,20.23602240300005],[109.93189310700006,20.22988004000007],[109.92854105200007,20.228813477000074],[109.92523655200006,20.232999438000036],[109.92394994400007,20.242181138000035],[109.92355376800003,20.24507224000007],[109.92098353600005,20.25068746000005],[109.92278433600006,20.254184285000065],[109.92288256100005,20.262248593000038],[109.92539058400007,20.269870887000025],[109.93541612600006,20.283612624000057],[109.93816316400006,20.292060011000046],[109.93776698800008,20.29640812400004],[109.92842902400008,20.319677728000045],[109.92662167600008,20.332728614000075],[109.92888740900008,20.338288173000024],[109.92561977600008,20.34018392400003],[109.92265991700003,20.34849052100003],[109.91310258200008,20.354983222000044],[109.90809636000006,20.358378548000076],[109.90661643000004,20.362739757000043],[109.90466174400007,20.363797317000035],[109.89759933500005,20.360153154000045],[109.88751158400004,20.359236383000052],[109.88649658700007,20.366072873000064],[109.88519346300006,20.366914338000072],[109.88421832900008,20.36635350000006],[109.87824609300009,20.383465670000078],[109.87313666200004,20.38862357200003],[109.87671006000005,20.389964572000054],[109.88834322600007,20.391074520000075],[109.89143405200008,20.39310778600003],[109.88926654500005,20.394993714000066],[109.88288844000004,20.393412285000068],[109.87808194200005,20.39449931300004],[109.87616654600004,20.39948589100004],[109.87335075100009,20.401997187000063],[109.86768314300008,20.40392240600005],[109.86626473800004,20.405630391000045],[109.86997385700005,20.40700798100005],[109.88170646100008,20.40417779200004],[109.88849711200004,20.40368993900006],[109.89618816300003,20.405461271000036],[109.89819196200006,20.40750763400007],[109.89825071300004,20.407875429000057],[109.96143456200008,20.394130724000036],[109.95772464500004,20.37454639300006],[109.97309265200005,20.36343657200007],[109.98662205200009,20.340199702000064],[109.99867847600007,20.350874443000066],[109.99999934700008,20.35123101100004],[110.00247135300003,20.351895669000044],[110.00758235000006,20.35680039300007],[110.00769239700008,20.35815844800004],[110.03332900200007,20.372074586000053],[110.02305767100006,20.37294319600005],[110.02445093000006,20.373760650000065],[110.01616725200006,20.37758489400005],[110.01178639800008,20.37701518600005],[110.00360094600006,20.371324660000028],[110.00332773600007,20.369454225000027],[109.99317992300007,20.364456398000073],[109.98856504800005,20.369462076000048],[109.98932551700005,20.36963190800003],[109.99004256200004,20.372935557000062],[109.98792416700007,20.37833468100007],[109.98314713700006,20.382735180000054],[109.99241634300006,20.38738124300005],[109.99508220600006,20.392261253000072],[109.99971196300004,20.395231095000042],[109.99992186800006,20.39726397900006],[109.99999934700008,20.397298738000075],[110.00969747100004,20.401653398000064],[110.01215310700007,20.404518307000046],[110.01299129700004,20.40829016300006],[110.01495253100006,20.417100984000058],[110.01052911300008,20.431628526000054],[110.01258857300007,20.437810179000053],[110.01133128700008,20.442374388000076],[110.00859607500007,20.44397879400003],[110.00990055000005,20.46234335200006],[109.98127157600004,20.442661720000046],[109.97908479700004,20.445739326000023],[109.97619605100004,20.455408902000045],[109.96887825600004,20.46624971600005],[109.97380917300006,20.474052089000054],[109.97051862100005,20.474503926000068],[109.96720187500006,20.47205811300006],[109.96449412800007,20.465886282000042],[109.96552222100007,20.460500254000067],[109.96106606000006,20.456001529000048],[109.96123812300004,20.453861766000045],[109.95814768500009,20.45120593300004],[109.95578808000005,20.454200730000025],[109.95434425500008,20.447937376000027],[109.95347747300008,20.44719248800004],[109.94527846900007,20.446313024000062],[109.94322832200004,20.449590683000054],[109.94284196900009,20.45311042700007],[109.94776961100007,20.461531621000063],[109.94503894400009,20.471079133000046],[109.93966601300008,20.48024029100003],[109.93894896700004,20.492037165000056],[109.93122844900006,20.489021645000037],[109.92857308800006,20.48636628400004],[109.92759083300007,20.478724345000046],[109.92923774600007,20.470227846000057],[109.93570752800008,20.461672411000052],[109.93567806100003,20.458778035000023],[109.93332750800005,20.45360916800007],[109.93135596900004,20.461989936000066],[109.92261315000007,20.483368202000065],[109.91579152100007,20.50289106200006],[109.91205745700006,20.486109787000032],[109.91386178400006,20.467962886000066],[109.91211705400008,20.46918338200004],[109.91084339800005,20.47230040200003],[109.91191732900006,20.47970332500006],[109.91204174800004,20.480561161000026],[109.90926524200006,20.485966834000067],[109.90189506100006,20.49287535600007],[109.89840805800009,20.494777655000064],[109.89292053100007,20.495046138000077],[109.88696152100005,20.491185878000067],[109.86920236300006,20.492626518000066],[109.85784095500009,20.496270681000055],[109.83966925100009,20.498952236000036],[109.83051136600005,20.50318902600003],[109.82269262200003,20.509478728000033],[109.81880944300008,20.51531331800004],[109.81739827100006,20.525669553000057],[109.81399790200004,20.533523065000054],[109.84751894800007,20.536977724000053],[109.83902380700005,20.54976376700006],[109.85109614200007,20.55466242600005],[109.85288384500006,20.557124610000074],[109.84763205900003,20.558008639000036],[109.84255380400003,20.555792018000034],[109.83907335000004,20.557897317000027],[109.83759342000008,20.562048978000064],[109.83960704100008,20.566992991000063],[109.85141701200007,20.56272345900004],[109.85516267500009,20.563715536000075],[109.84338217200008,20.569638530000077],[109.84208559600006,20.571927182000024],[109.84279609300006,20.576468471000055],[109.84726862500008,20.582208111000057],[109.84848007200009,20.59212233100004],[109.84250796600008,20.588671344000034],[109.84092653600004,20.584349425000028],[109.83693858400005,20.58128806600007],[109.83373462900005,20.564010429000064],[109.83275541500007,20.592753771000048],[109.82700435000004,20.583687763000057],[109.82324268400004,20.592194363000033],[109.81310909400008,20.60760593300006],[109.79557912900009,20.628272563000053],[109.78796993200007,20.635177811000062],[109.77857958100009,20.639208328000052],[109.77155973700008,20.639283634000037],[109.76180267800004,20.63049245800005],[109.75760517800006,20.62991620200006],[109.75126636300007,20.631638421000048],[109.74890240400003,20.635181085000056],[109.74904646800007,20.637509028000068],[109.74968820800007,20.64675204100007],[109.74607023800007,20.65650910000005],[109.74021927600006,20.66339470300005],[109.74025856700007,20.667117447000066],[109.74034019400005,20.667196098000034],[109.75347201300008,20.675100761000067],[109.77748509900005,20.67339675100004],[109.79379297900005,20.673498713000072],[109.81959640200006,20.689477467000074],[109.85308887800005,20.705490578000024],[109.79163715100009,20.705123470000046],[109.78800167700007,20.703100497000037],[109.78616258400007,20.704472578000036],[109.77784616500008,20.70745535700007],[109.77002742000008,20.71477642600007],[109.75904909100007,20.734539382000037],[109.74932804800005,20.746054677000075],[109.75733996900004,20.75751103600004],[109.76598380700005,20.78202483000007],[109.76157348500004,20.799443473000053],[109.75504149400007,20.805923077000045],[109.75367616000005,20.82062087500003],[109.75676698700005,20.84126458700007],[109.75395119200005,20.844397978000075],[109.75485159100003,20.84624789000003],[109.74781865100005,20.845907375000024],[109.74839163200005,20.857481605000032],[109.74685604100006,20.858945164000033],[109.74488171000007,20.858552263000036],[109.73911260300008,20.854063360000055],[109.73298661100006,20.838000228000055],[109.73671590300006,20.81831585200007],[109.74315621700003,20.804806581000037],[109.74025856700007,20.801116579000052],[109.73308841800008,20.801556040000037],[109.72885605000005,20.80817193000007],[109.72788216200007,20.813653418000058],[109.72051852900006,20.826596256000073],[109.71948388800007,20.82841997500003],[109.70211763200007,20.848448140000073],[109.70012693000007,20.84805523800003],[109.70812248000004,20.834742418000076],[109.71852127900007,20.821812677000025],[109.72184036800007,20.814776787000028],[109.69545091400005,20.838440379000076],[109.69593522400004,20.83653234600007],[109.68678136800008,20.84784241600005],[109.68412928100008,20.851116597000043],[109.67252231000003,20.875633665000066],[109.66703150800004,20.89574368500007],[109.66396360100003,20.91604033300007],[109.66429489600006,20.92537506700006],[109.66486749500007,20.926554174000046],[109.69133796600005,20.98345442300007],[109.70815028700008,20.996851845000037],[109.68766340600007,21.00324133500004],[109.68735509000004,21.010818334000078],[109.69850293600007,21.035200877000023],[109.69877469300008,21.04016453500003],[109.70585019800006,21.04277733200007],[109.70742835400006,21.046071158000075],[109.70884607400006,21.05453164200003],[109.70738251500006,21.061161858000048],[109.70832875300005,21.06694406200006],[109.70555879600005,21.075244111000075],[109.69474745000008,21.092927962000033],[109.68039671500009,21.109406915000022],[109.67580017300008,21.118284069000026],[109.67606363100003,21.122133270000063],[109.68813778000003,21.145863591000023],[109.69834250100007,21.15781240700005],[109.70720570900005,21.16268438900005],[109.71322692800004,21.168823478000036],[109.71531442800006,21.16816238800004],[109.73080437300007,21.149457506000033],[109.73646629000007,21.16621996300006],[109.73981168800009,21.173337205000053],[109.74340832900003,21.169131251000067],[109.74668251000008,21.166822954000054],[109.74890240400003,21.16783467600004],[109.74720637900003,21.174258619000057],[109.74343845600004,21.181053053000028],[109.74776151400005,21.190250239000022],[109.75607286100006,21.197528223000063],[109.76365586400004,21.205926498000053],[109.76817423400007,21.21414796600004],[109.77272862000007,21.22753936600003],[109.77416925900008,21.237859585000024],[109.77129452800006,21.27386575400004],[109.77469640200007,21.30215140300004],[109.77395643800008,21.31394500300007],[109.77126178700007,21.32720216200005],[109.76658335000008,21.336756837000053],[109.76796649200008,21.337321616000054],[109.77858048600007,21.34017084100003],[109.78230310000004,21.340448817000038],[109.78437160700008,21.33657614300006],[109.78634593900006,21.33614067700006],[109.78901767000008,21.337970944000062],[109.79012434300006,21.340328354000064],[109.79046220300006,21.34105807700007],[109.79210640900004,21.341180854000072],[109.80853568100008,21.342207657000074],[109.82788536700008,21.339533334000066],[109.84138710900004,21.343321423000077],[109.86456773000003,21.345305259000042],[109.88872327400009,21.34821672000004],[109.90900853400007,21.349244572000032],[109.90636113300008,21.358702583000024],[109.91211050600003,21.35873252600004],[109.91242155300006,21.36596191700005],[109.90564727200007,21.371000882000033],[109.90178701300005,21.380348669000057],[109.90184922200007,21.384068138000032],[109.90519870900005,21.388373686000023],[109.90756266800008,21.399921723000034],[109.90944083700003,21.404060413000025],[109.91837907400009,21.41562275800004],[109.92611745200008,21.419556986000032],[109.93351710100006,21.428773806000038],[109.94016368900009,21.430558235000035],[109.94048455800004,21.438203447000035],[109.95073601900003,21.447181252000064],[109.95054611700004,21.449456807000047],[109.94412872200007,21.447462831000053],[109.93444696800009,21.44964343600003],[109.93044264500008,21.447001172000057],[109.92725359300005,21.438976154000045],[109.92201162900005,21.443789200000026],[109.91607553900008,21.44551141900007],[109.91726734100007,21.451909169000032],[109.91197299000004,21.452380651000055],[109.91090822600006,21.456366478000064],[109.91417909500007,21.465609244000063],[109.91928096200007,21.471937334000074],[109.92204437100008,21.48100026700007],[109.92716846400003,21.484457802000065],[109.93469908000009,21.486435408000034],[109.94460347800003,21.484048530000052],[109.95298865600006,21.484366125000065],[109.94069738000007,21.490295667000055],[109.93518693300007,21.490151603000072],[109.92455239300006,21.486965825000027],[109.91564334700007,21.48045347900006],[109.91314842100007,21.475316289000034],[109.90054937200006,21.474425712000027],[109.89124415000003,21.47122028900003],[109.88700736000004,21.46796247800006],[109.88413917700007,21.467785673000037],[109.88152965500007,21.471125337000046],[109.87782328200007,21.48379314400006],[109.87539711400007,21.47511983800007],[109.87162853100006,21.473299394000037],[109.85176080100007,21.472903218000056],[109.84979301800007,21.474576324000054],[109.84989124400005,21.48243108400004],[109.84195790300004,21.483966675000033],[109.83746245300006,21.494764924000037],[109.83547829900004,21.495612937000033],[109.83368077400007,21.492531933000066],[109.83667010100004,21.484231884000053],[109.83306195300008,21.478276149000067],[109.83261592400004,21.47504695400005],[109.82496164400004,21.48153609900004],[109.81439811000007,21.46848532100006],[109.81131316900007,21.460173362000035],[109.79847677900005,21.46542171400006],[109.79521896900008,21.469589746000054],[109.79762876600006,21.486723536000056],[109.79708197800005,21.496650853000062],[109.79515021100008,21.501218335000033],[109.80668515100007,21.506054300000073],[109.79929205000008,21.514609735000022],[109.79926258300009,21.515997988000038],[109.79915780900006,21.522055223000052],[109.79441024600004,21.531409558000064],[109.79496685700008,21.54132377800005],[109.79234423800006,21.543212981000067],[109.78740677300004,21.53685779500006],[109.78363164200005,21.534831077000035],[109.77308550500004,21.539490237000052],[109.76413716900004,21.548887136000076],[109.76490005300008,21.556735348000075],[109.76342012300006,21.562743471000033],[109.76502119800006,21.567068664000033],[109.77369777700005,21.573590832000036],[109.78199782600007,21.583423198000048],[109.78027233300008,21.586749766000025],[109.77937193300005,21.584899853000024],[109.77426093600008,21.583298779000074],[109.76088590700004,21.572899980000045],[109.75536236400006,21.57171472700003],[109.75205871500003,21.57340420400004],[109.74947211200003,21.57798150900004],[109.74939025700007,21.590384107000034],[109.74680365400008,21.595370684000045],[109.74413192300005,21.593330870000045],[109.74249155800004,21.58632084800007],[109.73779965700004,21.580800579000027],[109.73622805000008,21.578944118000038],[109.74172212500008,21.577028722000023],[109.74608006000005,21.571400405000077],[109.74378813400006,21.564603205000026],[109.74404805700004,21.56109312600006],[109.73318743900006,21.581178399000066],[109.73037394600004,21.568171820000032],[109.72571296500007,21.545874857000058],[109.73164906300008,21.530143920000057],[109.74245674200006,21.509800287000076],[109.74836864000008,21.496846841000036],[109.74847376600007,21.48385677500005],[109.74849193600005,21.481611607000048],[109.74500285500005,21.478597018000073],[109.74352320100007,21.46791190500005],[109.73902238500006,21.46528197500004],[109.72553130000006,21.474252180000065],[109.70838768900006,21.48125237900007],[109.68319614000006,21.497629833000076],[109.67505652600005,21.500399790000074],[109.67027294700006,21.50665020100007],[109.66663205800006,21.50909274000003],[109.65558497100005,21.516512035000062],[109.66474940400008,21.52613485300003],[109.66573493200008,21.535014432000025],[109.66448092100006,21.542469742000037],[109.66832808400005,21.550904032000062],[109.67225710100007,21.566780536000067],[109.67279734100003,21.575457115000063],[109.67117989500008,21.58870445200006],[109.67372066000007,21.598599027000034],[109.68153285600005,21.60493129300005],[109.68048839200009,21.611142414000028],[109.68303570500007,21.621449536000057],[109.68217032400008,21.621257442000058],[109.69636970600004,21.653366077000044],[109.75568525200003,21.69076016100007],[109.79121982800007,21.67382795000003],[109.82953244200007,21.664192057000037],[109.88659295000008,21.68387468800006],[109.90454662700006,21.700437540000053],[109.90050602900004,21.720444345000033],[109.90768764200004,21.76241241100007],[109.92596441900008,21.837255049000078],[109.94661343200005,21.874767397000028],[109.96838991700008,21.896806780000077],[109.97407216500005,21.90231678600003],[110.01326986600009,21.906287045000056],[110.04970610500004,21.900201176000053],[110.08224574100007,21.89954295700005],[110.08797583900008,21.900494569000045],[110.10413273800003,21.91335992100005],[110.10406025300006,21.921551946000022],[110.11935311900004,21.924388600000043],[110.14132064300009,21.929093257000034],[110.15283680500005,21.92553285500003],[110.18263950400006,21.911167300000045],[110.20659219900006,21.907682949000048],[110.21954240800005,21.917238826000073],[110.22275707600005,21.919613299000048],[110.23613593800007,21.925158759000055],[110.25906316100009,21.930754784000044],[110.30217441300005,21.925534139000035],[110.32515841500003,21.923830930000065],[110.35666230500004,21.937643527000034],[110.36091626000007,21.95002882500006],[110.43802894400005,21.93045529500006]]],[[[110.40109307000006,21.079775577000078],[110.40696222400004,21.069668483000044],[110.40993320700005,21.061388608000073],[110.39894848100005,21.055199574000028],[110.39581181600005,21.05131639600006],[110.39862106300006,21.04838273000007],[110.40411513900006,21.047888328000056],[110.41034590500004,21.052144764000047],[110.41861648600008,21.046028593000074],[110.41581051300005,21.05233794000003],[110.41436005100007,21.055602299000043],[110.41439493400009,21.057700253000064],[110.43181327700006,21.049308804000077],[110.45878883500006,21.051162823000027],[110.47999656600007,21.05115582600007],[110.49925678100004,21.060436610000068],[110.52432265500005,21.055770146000043],[110.53298424100007,21.045540458000062],[110.53587887300006,21.031597014000056],[110.52238879700008,21.002799999000047],[110.51948615200007,20.968411631000038],[110.52237622000007,20.94796023200007],[110.52237983500004,20.932191721000038],[110.52105578800007,20.93163525700004],[110.50785756400006,20.93121288800006],[110.50372227300005,20.933341105000068],[110.49484924300003,20.956217808000076],[110.48623814700005,20.968338826000036],[110.48784577000004,20.972241650000058],[110.48309165900008,20.977071067000054],[110.47648763600006,20.977578565000044],[110.47492257700009,20.980607183000075],[110.47009316000003,20.989873115000023],[110.46275244600008,20.998251744000072],[110.45162350500004,21.00420093100007],[110.44106427100007,21.003938996000045],[110.43041336100003,20.998922951000054],[110.42511901000006,20.99796361600005],[110.40216045300008,21.007389983000053],[110.39533378500005,21.007281935000037],[110.38533116200006,21.001011879000032],[110.35798520200007,21.00256384000005],[110.34662706800009,21.003205580000042],[110.33291479800005,20.998641372000066],[110.30692434900004,20.981212906000053],[110.29939373300004,20.977801209000063],[110.28058683700004,20.971852022000064],[110.27044669900005,20.970748623000077],[110.25495982200005,20.96454405000003],[110.25014431700004,20.965074401000038],[110.24990538500003,20.966434024000023],[110.26910581500005,20.98970083200004],[110.29217961400008,21.008325524000043],[110.31430126500004,21.02600910800004],[110.33641448100008,21.04554833900005],[110.34217664000005,21.059491811000044],[110.31203190900004,21.057036553000046],[110.31469725500006,21.05926610700004],[110.31802382300003,21.060048637000023],[110.32679862800006,21.058896125000047],[110.33281002400008,21.063362108000035],[110.33241384900003,21.06605675900005],[110.31034914300005,21.062841513000023],[110.30062062100006,21.065130577000048],[110.30821181500005,21.080327873000044],[110.32047291000003,21.07655705700006],[110.32662182200005,21.07605938200004],[110.33303921700008,21.078246535000062],[110.33453841200009,21.078196392000052],[110.34889861300007,21.07436374100007],[110.37008890900006,21.07902364000006],[110.39961939900007,21.086153697000043],[110.40109307000006,21.079775577000078]]],[[[110.79128377000006,21.408575383000027],[110.78932253500005,21.398268261000055],[110.76698279800007,21.39449640500004],[110.75610269500004,21.390744193000046],[110.74537647800008,21.383888058000025],[110.73214878600004,21.37210755500007],[110.72192250600006,21.360623604000068],[110.67030268600007,21.326724015000025],[110.64329876300008,21.261245324000072],[110.64132627900005,21.27346957800006],[110.64549103700006,21.284156505000055],[110.64512760300005,21.28871089000006],[110.63896232000008,21.301830534000032],[110.65615177100005,21.313967923000064],[110.65128961200008,21.326242827000044],[110.66165894300008,21.339313358000027],[110.66104012300008,21.34180501000003],[110.65821123100005,21.339883065000038],[110.65657741400008,21.338773118000063],[110.65128306400004,21.338236152000036],[110.64467576600003,21.326760148000062],[110.63961715700009,21.327251275000037],[110.62676927000007,21.336752948000026],[110.62333792900006,21.34259736200005],[110.62444460200004,21.354777315000035],[110.62721128500004,21.36217696400007],[110.63258421600005,21.36622712600007],[110.65588983600009,21.375172188000022],[110.66639668300007,21.383279061000053],[110.67257833700006,21.383593382000072],[110.67526971400008,21.385826374000033],[110.68367781100005,21.38734886800006],[110.69534371800006,21.39853674400007],[110.70736651000004,21.404754414000024],[110.71420954900009,21.40505891300006],[110.72825578500004,21.40111679900008],[110.73763304000005,21.406961212000056],[110.75316575400007,21.411672758000066],[110.76238257400007,21.42124319000004],[110.76407532500008,21.429896850000034],[110.76776860200005,21.438314769000044],[110.77268969600004,21.442161932000033],[110.77973900700005,21.44142851600003],[110.78572748400006,21.43579365000005],[110.78711573700008,21.434487252000054],[110.79724277900004,21.420879755000044],[110.79672873300007,21.416960561000053],[110.79128377000006,21.408575383000027]]],[[[110.60023810400008,21.18996861000005],[110.56773810500005,21.13376456700007],[110.56412500800008,21.100939725000046],[110.55993668700006,21.099581098000044],[110.54872261700007,21.099957629000073],[110.54380807200005,21.098363103000054],[110.53653611600004,21.09600241800007],[110.52953264200005,21.097348107000073],[110.52761724700008,21.102131685000074],[110.53089797600006,21.114075897000077],[110.52942786900007,21.11802783400003],[110.52638942900006,21.12117432200006],[110.51956931000007,21.12127582200003],[110.51696633600005,21.12379366700003],[110.51484794100008,21.129408887000068],[110.51963151900009,21.138229531000036],[110.51612814500004,21.152963345000046],[110.51621982200004,21.158752097000047],[110.51360375200005,21.160029028000054],[110.50718635700008,21.159089338000058],[110.50161766500008,21.152754152000057],[110.48768287100006,21.155203190000066],[110.46833726000006,21.147062874000028],[110.45323505100004,21.151676510000073],[110.44908944300005,21.16264829000005],[110.48669837900007,21.174708860000067],[110.53592303500005,21.182101292000027],[110.56407832800005,21.189199059000032],[110.56227772700004,21.186389459000054],[110.56109574700008,21.181445446000055],[110.56255275800004,21.176255869000045],[110.55959289800006,21.17071595500005],[110.54772071800005,21.158693162000077],[110.54694473700005,21.151676592000058],[110.54863748900004,21.147927655000046],[110.55106365700004,21.147685366000076],[110.55045465900008,21.15058956400003],[110.55277932800004,21.15841158300003],[110.55838800000004,21.164324754000063],[110.56416365500007,21.167340274000026],[110.56642284000009,21.170611181000027],[110.56775543200007,21.184650869000052],[110.56934340900006,21.18690350600008],[110.57554470800005,21.189702931000056],[110.57922488800006,21.184686885000076],[110.58457817400006,21.189152868000065],[110.59612293600009,21.194145994000053],[110.60023810400008,21.18996861000005]]],[[[110.34519952500006,20.70917102800007],[110.34247045100005,20.70217062100005],[110.33413695600007,20.71358626800003],[110.34017588700004,20.725338935000025],[110.34013436700008,20.722061479000047],[110.34519952500006,20.70917102800007]]],[[[109.75536236400006,20.794754845000057],[109.75684229300003,20.789774816000033],[109.75331927500008,20.789810832000057],[109.75586003900008,20.781098236000048],[109.75558284300007,20.77898857200006],[109.75229779700004,20.78107465000005],[109.75063444600005,20.785705009000026],[109.75334219400008,20.791464294000036],[109.74815261700007,20.798552895000057],[109.75079488100005,20.799351796000053],[109.75536236400006,20.794754845000057]]],[[[110.64824789800008,21.316161624000074],[110.64086134500008,21.309865374000026],[110.63733832700007,21.31012403400007],[110.64008209000008,21.31587349600005],[110.64454807300007,21.318699114000026],[110.64674504900006,21.31804427800006],[110.64824789800008,21.316161624000074]]],[[[109.74566751400005,20.793615430000045],[109.74708659100008,20.784383881000053],[109.74201270000009,20.78760591500003],[109.74015253800007,20.79051365500004],[109.74196768900003,20.796755370000028],[109.74566751400005,20.793615430000045]]],[[[109.77824431000005,20.69767097400006],[109.76964991100004,20.692888589000063],[109.76676903200007,20.69673907200007],[109.77071499800007,20.698641262000024],[109.77620580000007,20.698788600000057],[109.77824431000005,20.69767097400006]]],[[[110.62188746600009,21.33538106700007],[110.61997898400006,21.323942915000032],[110.61785652800006,21.333434883000052],[110.61907167100009,21.337699187000055],[110.62062690700009,21.338295088000052],[110.62188746600009,21.33538106700007]]],[[[110.30379238800003,21.056365452000023],[110.29592216100008,21.055724430000055],[110.29800634800006,21.059896897000044],[110.30379238800003,21.056365452000023]]],[[[110.62674635100007,21.322281068000052],[110.62766530900007,21.317558870000028],[110.62459451600006,21.31840732300003],[110.62496847100005,21.321482168000045],[110.62674635100007,21.322281068000052]]],[[[110.36362898300007,20.689917181000055],[110.36101161400006,20.686671353000065],[110.35981874400005,20.688288301000057],[110.36073224000006,20.69096330700006],[110.36362898300007,20.689917181000055]]],[[[110.61145694400005,21.207440602000077],[110.60754345500004,21.20143459700006],[110.60753018300005,21.203896505000046],[110.60955690100008,21.206761414000027],[110.61145694400005,21.207440602000077]]],[[[110.59087442400005,21.221933969000077],[110.58919566400004,21.22093780700004],[110.58904091300008,21.223826020000047],[110.58865035700006,21.224484473000075],[110.59001004000004,21.223806800000034],[110.59087442400005,21.221933969000077]]],[[[109.75198995700003,21.548186462000047],[109.75137513400006,21.54754266900005],[109.74766066900008,21.55441207900003],[109.75198995700003,21.548186462000047]]],[[[110.37988483300006,20.64946450700006],[110.38088552900007,20.646469210000078],[110.37983708600007,20.648094455000034],[110.37988483300006,20.64946450700006]]],[[[109.91806541400007,20.44609054800003],[109.91786007100006,20.445651637000026],[109.91754237200007,20.446787984000025],[109.91771948000007,20.44779241200007],[109.91806541400007,20.44609054800003]]]]}},{"type":"Feature","properties":{"code":"CN044190","name":"Zhaoqing","label":"Zhaoqing · 肇庆市","type":"Prefecture-level city","parentCode":"CN-GD"},"geometry":{"type":"Polygon","coordinates":[[[112.83877986200002,23.539515447000042],[112.83256619000008,23.501065012000026],[112.80900868700007,23.478180676000022],[112.78160734900007,23.46166792500003],[112.75979229300003,23.41382644600003],[112.77012913400006,23.376114337000047],[112.79865863100008,23.36225775500003],[112.81612747600002,23.310867616000053],[112.81289067000012,23.27734474600004],[112.79601682600003,23.23759890300005],[112.71646322100003,23.235130063000042],[112.74617147900005,23.195416058000035],[112.75798529400004,23.160384522000072],[112.74360154400006,23.12376953300003],[112.74478265800008,23.093816335000042],[112.76633800600007,23.068212989000074],[112.77040050300002,23.035958847000074],[112.76469882900005,22.994257196000035],[112.7344248390001,22.961388011000054],[112.70375041600005,22.937138851000043],[112.6760884680001,22.923296437000033],[112.63633414600008,22.90726980100004],[112.58404303200007,22.89449548300007],[112.55145228800006,22.86203772400006],[112.53246635800008,22.83946289000005],[112.49186162000001,22.832464395000045],[112.47625408700003,22.80440858000003],[112.44531183000004,22.797331049000036],[112.40424247700003,22.789847878000046],[112.37524405900001,22.78137767800007],[112.33184327100003,22.788410678000048],[112.30146572000001,22.79491494100006],[112.30835396900011,22.826220355000032],[112.27559266000003,22.845439068000076],[112.27431416500008,22.887673663000044],[112.268161727,22.92401946700005],[112.25277982500006,22.94769129200006],[112.25145156500002,22.983100066000077],[112.2734375230001,23.040644403000044],[112.2885692860001,23.07506272200004],[112.3008077180001,23.104950254000073],[112.28931449400011,23.13902779500006],[112.27616268200006,23.13764485200005],[112.21486157400011,23.084541130000048],[112.18141038700003,23.06605845300004],[112.13928281200003,23.056667074000075],[112.11075281900003,23.071271469000067],[112.07879956200009,23.074531302000025],[112.04781184400008,23.06689209700005],[112.00907631700011,23.055171569000038],[111.97182257700007,23.06703290100006],[111.96359729100004,23.10334042200003],[111.92874483900005,23.128790484000035],[111.87751604500005,23.124412304000032],[111.82217676000005,23.12613004800005],[111.77568136800005,23.119318813000064],[111.74175622900009,23.13381746400006],[111.71218304700005,23.146948804000033],[111.66422232500008,23.144625140000073],[111.62634410900006,23.170871823000027],[111.55025451600005,23.17297781800005],[111.53758197600007,23.249547645000064],[111.52918464100009,23.264432769000052],[111.51202580200004,23.30609908300005],[111.47564893700007,23.301456474000076],[111.43008429100007,23.292233837000026],[111.39414417900008,23.297991783000043],[111.35320269600004,23.293440476000058],[111.34939559900005,23.31776439600003],[111.34460872000005,23.33589347000003],[111.36614845600008,23.372021333000077],[111.37892710700004,23.40365076200004],[111.37828843400007,23.416116515000056],[111.37624129400007,23.45617838100003],[111.38408386300006,23.46881387600007],[111.38705092800006,23.47875390200005],[111.40174084200004,23.49768671700008],[111.41461744300005,23.516296243000056],[111.42233122600004,23.527450419000047],[111.43604769000007,23.54276244500005],[111.46736094300007,23.569742106000035],[111.47619463300003,23.581452780000063],[111.47625730500005,23.59321529600004],[111.48822026600004,23.640195713000026],[111.52626656500007,23.643582970000068],[111.57008058500008,23.633351338000068],[111.59841536400006,23.64311280900006],[111.61315995300004,23.65929423800003],[111.61425630900004,23.676477513000066],[111.62226623500004,23.704459056000076],[111.63889057500006,23.710672070000044],[111.66427325500007,23.71138763700003],[111.66041461500004,23.716846325000063],[111.65563697000005,23.731354703000022],[111.64210952200006,23.749540769000077],[111.61490399700006,23.766919075000033],[111.60529111600005,23.789596990000064],[111.60937085100005,23.81398057100006],[111.62516377300005,23.83647107400003],[111.63987783800007,23.852870298000028],[111.64289375200008,23.856237876000023],[111.69178397500008,23.858581430000072],[111.72293475200007,23.844772747000036],[111.75606566300007,23.83365222900005],[111.79031551900005,23.839688645000024],[111.81298277300004,23.86028381500006],[111.81803441300008,23.876512475000027],[111.81332974300005,23.89734680400005],[111.81464486700008,23.933492295000065],[111.84712666900003,23.95489072500004],[111.87067765800003,23.960997219000035],[111.90301479300007,23.967013878000046],[111.91185994500006,23.97054440200003],[111.94036847500007,23.982915121000076],[111.93651351500006,23.996229972000037],[111.93564325300008,23.999228706000054],[111.91542579600008,24.031058107000035],[111.88743166400008,24.071082474000036],[111.86704539900006,24.090243935000046],[111.85958088600006,24.128255030000048],[111.85695812400007,24.16079761000003],[111.85604047700008,24.16712662200007],[111.84840157600007,24.188875600000074],[111.84280824800004,24.218726358000026],[111.86365943700008,24.243818438000062],[111.89913946900003,24.257929370000056],[111.94888578200005,24.269496111000024],[111.97658324300005,24.228911152000023],[112.0025463400001,24.212145891000034],[112.03638640800011,24.229254125000068],[112.04036026000006,24.266305629000044],[112.06197306600006,24.292015913000057],[112.09331374300007,24.264823793000062],[112.10992200200008,24.22771928800006],[112.14763855900003,24.219476617000055],[112.18101955200007,24.24015822900003],[112.2124591590001,24.25722102800006],[112.23463954100009,24.290574697000068],[112.22592673400004,24.32585451500006],[112.22211915500009,24.365175950000037],[112.22075420400006,24.396349470000075],[112.23216292000006,24.42340975600007],[112.27288242000009,24.413756352000064],[112.31653210500008,24.396399409000026],[112.355704919,24.371813540000062],[112.3995555780001,24.34888102700006],[112.42599451700005,24.295982698000046],[112.43957182300005,24.27014795900004],[112.44185740900002,24.241663790000075],[112.43092070000012,24.215511951000053],[112.41364236000004,24.192556384000056],[112.398790856,24.162805279000054],[112.4187167990001,24.134664979000036],[112.45443555600002,24.129032694000045],[112.48464572300009,24.106696596000063],[112.48299335800004,24.075053945000036],[112.48282453700006,24.047467434000055],[112.48949144100004,24.019383978000064],[112.5284798030001,23.997875754000063],[112.59140272800005,23.977084803000025],[112.62749024000004,23.965509170000075],[112.65608177000001,23.934520037000027],[112.65092510000011,23.900631662000023],[112.63946408300001,23.871307229000024],[112.63720597800011,23.83195366600006],[112.66827604100001,23.81179773100007],[112.6704349370001,23.777832598000032],[112.69605264000006,23.75046351900005],[112.69288190500004,23.72196837900003],[112.71218120300011,23.697357907000026],[112.73535224000011,23.67135251600007],[112.72778500200002,23.642889093000065],[112.72703798400005,23.613456296000038],[112.75803845400003,23.595525587000054],[112.79533444900005,23.574807201000056],[112.83877986200002,23.539515447000042]]]}},{"type":"Feature","properties":{"code":"CN044200","name":"Zhongshan","label":"Zhongshan · 中山市","type":"Prefecture-level city","parentCode":"CN-GD"},"geometry":{"type":"MultiPolygon","coordinates":[[[[113.36088186800009,22.764654088000043],[113.38553208500002,22.736250691000066],[113.40583745100002,22.726442614000064],[113.43611470600001,22.72188656700007],[113.44890283200004,22.719740415000047],[113.45348433800007,22.716627070000072],[113.47794561800004,22.703001915000073],[113.48518855400005,22.691834182000036],[113.4907016190001,22.68493218900005],[113.51160937400005,22.658722520000026],[113.51963105100003,22.647967015000063],[113.54260637300001,22.61714818400003],[113.5489718130001,22.60906800400005],[113.548576378,22.607449504000044],[113.55413168200005,22.60251815400005],[113.56050211400009,22.59443163700007],[113.5545762050001,22.582839767000053],[113.54004058800001,22.58043751100007],[113.50617900800012,22.57881351700007],[113.48667143700004,22.574255857000026],[113.4791179020001,22.574491598000066],[113.46147006600006,22.58474960700005],[113.45220085900007,22.59309876900005],[113.44606177000003,22.589153381000074],[113.4657821620001,22.57469787200006],[113.45755087100008,22.574540711000054],[113.45790120900006,22.571842786000047],[113.47627263800007,22.569619617000058],[113.52020887300012,22.57320811900007],[113.53755221000006,22.573077152000053],[113.54837470100006,22.57070879500003],[113.547933822,22.569846378000022],[113.56774535900001,22.554448543000035],[113.5683295120001,22.55102881700003],[113.56247855000004,22.530755088000035],[113.56561194100004,22.524868111000046],[113.57021216600003,22.51686928600003],[113.57045772900005,22.504407754000056],[113.57068692200005,22.493295183000043],[113.56803811000009,22.48779783300006],[113.55724313500002,22.47801130600004],[113.5553146420001,22.47393822500004],[113.55825158300001,22.462891138000032],[113.54468178400009,22.439106993000053],[113.46846746000006,22.438987949000023],[113.45960369000011,22.39682890100005],[113.4521872150001,22.355090931000063],[113.45667675700008,22.306791619000023],[113.46282835700003,22.27211106900006],[113.43538253700001,22.237040794000052],[113.4165118620001,22.228115744000036],[113.42091278600003,22.242499466000027],[113.42877082000007,22.251352851000036],[113.4240429030001,22.249430907000033],[113.41950161400007,22.246471047000057],[113.4147573250001,22.237728984000057],[113.4123360320001,22.226140749000024],[113.3986160390001,22.219651758000055],[113.39588299100001,22.219822451000027],[113.39296765100005,22.223722037000073],[113.39251581400003,22.22424918100006],[113.37544845100001,22.244624953000027],[113.35496774800004,22.280360621000057],[113.35313756800008,22.28313072900005],[113.35611674300003,22.293475190000038],[113.35452876500005,22.298690960000044],[113.33731419600008,22.313984591000064],[113.33292956000003,22.327237788000048],[113.32880343500005,22.333335675000058],[113.32865946100003,22.333786907000047],[113.30969213100002,22.363090827000065],[113.3073281720001,22.37184598700003],[113.30750170400006,22.38299784700007],[113.30457458600006,22.37544103700003],[113.30355959000008,22.371957309000038],[113.30696801200008,22.36131622100004],[113.30820140200001,22.359331576000045],[113.30279553900004,22.36507117000008],[113.28360937200011,22.377618939000058],[113.26581211100006,22.385686355000075],[113.2280420300001,22.439772867000045],[113.20684914600008,22.472345395000048],[113.17933360900008,22.50089890000004],[113.15668449600003,22.534833134000053],[113.16248010600009,22.57249465800004],[113.14173572100003,22.60684543900004],[113.12080084800004,22.626654366000025],[113.12468279600012,22.66568825400003],[113.11549026300008,22.701245173000075],[113.14963188200011,22.694454853000025],[113.18695626600004,22.70851630900006],[113.20815450600003,22.740947082000048],[113.23834311000007,22.761443489000044],[113.2730173870001,22.756879105000053],[113.30728489,22.757765997000035],[113.31611906700005,22.783271498000033],[113.33698190500002,22.78563587700006],[113.35281677500006,22.780421601000057],[113.35468265200006,22.77481908900006],[113.3571612070001,22.769167853000056],[113.359786858,22.768597059000058],[113.36088186800009,22.764654088000043]]],[[[113.35117273000003,22.291559794000023],[113.34968786700006,22.288352098000075],[113.34188922600003,22.30015589900006],[113.33982611900001,22.306391939000036],[113.34784616200011,22.298275139000054],[113.35117273000003,22.291559794000023]]]]}},{"type":"Feature","properties":{"code":"CN044210","name":"Zhuhai","label":"Zhuhai · 珠海市","type":"Prefecture-level city","parentCode":"CN-GD"},"geometry":{"type":"MultiPolygon","coordinates":[[[[113.2280420300001,22.439772867000045],[113.26581211100006,22.385686355000075],[113.25756501600006,22.389422987000046],[113.24869776500009,22.353585434000024],[113.24575043700008,22.319437122000068],[113.24771022400012,22.286074512000027],[113.25554507300001,22.253476291000027],[113.27033452400008,22.225311351000073],[113.28561876100002,22.21379038500004],[113.29961278200005,22.192121427000075],[113.30092629100011,22.170792753000057],[113.28976236900007,22.15628827100005],[113.27955896900005,22.14082875200006],[113.27337745000011,22.129424069000038],[113.26732750200006,22.12479593200004],[113.25643757600005,22.111273565000033],[113.25499402000003,22.10434807100006],[113.25105668700007,22.099936799000034],[113.25231075800002,22.07582757800003],[113.25755586500009,22.054163001000063],[113.25538001600012,22.054037606000065],[113.25323675700008,22.049935382000058],[113.24177032700004,22.04832869300003],[113.23138384100002,22.041082542000026],[113.22583708100001,22.039212115000055],[113.21983223300003,22.038357553000026],[113.21459354300009,22.04078372200007],[113.2083889700001,22.047377922000067],[113.20745910300002,22.05278359500005],[113.21193818200004,22.067327507000073],[113.21172208600001,22.07374162800005],[113.20575652800005,22.080948100000057],[113.20178822100002,22.081684791000043],[113.20192573700001,22.079405961000077],[113.20791748800002,22.073027856000067],[113.2086869200001,22.069285467000043],[113.20580891500003,22.06295975000006],[113.20388697100009,22.06132920700003],[113.19851076600003,22.056768273000046],[113.18965414900003,22.05409808400003],[113.1845678740001,22.058186869000053],[113.16646049400003,22.054198952000036],[113.1329256460001,22.070690091000074],[113.11512065000011,22.075139703000048],[113.11418317000005,22.075823657000058],[113.11311694500012,22.08134355100003],[113.11337607000007,22.09065996100003],[113.11625679000008,22.09619268700004],[113.11953752000011,22.10808451200006],[113.12152167300007,22.114230150000026],[113.13513244400008,22.136776161000057],[113.13152429600007,22.14825216500003],[113.13137695800003,22.157144841000047],[113.12581739900008,22.163509849000036],[113.12513315500007,22.16595979600004],[113.1252514900001,22.16713351800007],[113.12960216900001,22.183682144000045],[113.13499563100004,22.20205485500003],[113.15304726800002,22.219173037000076],[113.16703980700004,22.230839226000057],[113.18019178500003,22.247152718000052],[113.18443012400007,22.259072180000032],[113.18218563100004,22.283189501000038],[113.18596552700001,22.31269747600004],[113.1824516910001,22.36089757700006],[113.17017735600007,22.341790616000026],[113.16551939200008,22.315083337000033],[113.16781645800006,22.292816955000035],[113.16610746600008,22.266955892000055],[113.15180034200012,22.24419437800003],[113.13156770100011,22.230382212000052],[113.1492535540001,22.262470118000067],[113.14828329300008,22.297977625000044],[113.14960314400003,22.325714898000058],[113.14515446300004,22.353070340000045],[113.1344573670001,22.38049699800007],[113.14211406900006,22.414518430000044],[113.17239676000008,22.414127740000026],[113.20166800300001,22.41010800400005],[113.2280420300001,22.439772867000045]]],[[[113.61110416500003,22.358129700000063],[113.60756074900007,22.352610173000073],[113.60069151700009,22.353242090000037],[113.59633685600011,22.355655162000062],[113.59475870100005,22.354875906000075],[113.58751621200008,22.338986306000038],[113.58908127100005,22.33314844100005],[113.59655622600008,22.324851667000075],[113.59835047700005,22.31921025300005],[113.59880876400007,22.318794553000032],[113.59895486700009,22.313098386000036],[113.59742715800007,22.312419601000045],[113.5869825210001,22.311718926000026],[113.58268679500009,22.30978716000004],[113.57554580700003,22.30298341200006],[113.57008447300007,22.292617354000072],[113.56977015100006,22.29035162100007],[113.57013635800001,22.289640000000077],[113.569129352,22.28897063000005],[113.5750265260001,22.260106474000054],[113.58717475700007,22.242999548000057],[113.5871429560001,22.24287927100005],[113.58157357400012,22.242227709000076],[113.57425577900005,22.236671423000075],[113.56326435400001,22.23288647000004],[113.55892279000011,22.229713789000073],[113.55438150100008,22.221115789000066],[113.55089105400009,22.214520049000043],[113.55010869400007,22.213041659000055],[113.55238425000005,22.208215516000053],[113.55116952900005,22.20536043000004],[113.55397034800001,22.201322357000038],[113.551926234,22.19834097200004],[113.54538153700003,22.188795387000027],[113.54308554400006,22.186746853000045],[113.53766680600006,22.18800727100006],[113.530296625,22.180384978000063],[113.52934383800005,22.18434018800008],[113.53427148100002,22.192044336000038],[113.53523409000002,22.20028217600003],[113.53898630100002,22.206156056000054],[113.53219023400004,22.207921069000065],[113.53173726500006,22.20803871000004],[113.52895421100004,22.21359499600004],[113.5265738810001,22.218332736000036],[113.51789730100006,22.23038827000005],[113.51274046600008,22.235096542000065],[113.5076523890001,22.235463251000056],[113.49372729700008,22.230935058000057],[113.48175689100003,22.231105316000026],[113.47152835000009,22.235633508000035],[113.45342212900005,22.239218736000055],[113.44933267700003,22.236455327000044],[113.44761700600009,22.23216615000007],[113.44880553400003,22.228201117000026],[113.4518439740001,22.22583061000006],[113.45336974200006,22.231573524000055],[113.4572005340001,22.233109114000058],[113.46520263200011,22.233479097000043],[113.47312942400004,22.231786345000046],[113.47721887700004,22.228351729000053],[113.45430615800001,22.220382373000064],[113.45352035400003,22.21709836900004],[113.45577299100012,22.19717825200007],[113.45741335600007,22.18266380800003],[113.45519346100002,22.17653126600004],[113.45153947500012,22.173541939000074],[113.44773815100007,22.172834716000068],[113.42938964000007,22.180843363000065],[113.42357796900001,22.185777554000026],[113.4202615050001,22.19067096400005],[113.41973590200007,22.196161309000047],[113.41848258300001,22.21841103400004],[113.41452673800006,22.21865808800004],[113.41439716500008,22.221204192000073],[113.4165118620001,22.228115744000036],[113.43538253700001,22.237040794000052],[113.46282835700003,22.27211106900006],[113.45667675700008,22.306791619000023],[113.4521872150001,22.355090931000063],[113.45960369000011,22.39682890100005],[113.46846746000006,22.438987949000023],[113.54468178400009,22.439106993000053],[113.54354068700002,22.437106963000076],[113.534621818,22.41155198000007],[113.53360682200002,22.401870227000074],[113.53478225300012,22.397492647000036],[113.53817103000006,22.392840035000063],[113.54164166200007,22.392162280000036],[113.54324273700001,22.391854507000062],[113.54242746600005,22.387745410000036],[113.54369457400003,22.385846385000036],[113.54611589700005,22.384484056000076],[113.54757302000007,22.37751117700003],[113.57459995800002,22.36652644800006],[113.59888751500011,22.36209578100005],[113.61110416500003,22.358129700000063]]],[[[113.51360157600004,22.178427017000047],[113.50962017200004,22.172762684000077],[113.50621829800002,22.170598450000057],[113.4879974800001,22.17592226900007],[113.47868243500011,22.17580112400003],[113.4738759380001,22.172019445000046],[113.46582145200011,22.16978972800007],[113.46034374800001,22.16541214800003],[113.45677816400007,22.165110923000043],[113.45420138400004,22.167258786000048],[113.45494789700001,22.169714422000027],[113.45787828900006,22.171073207000063],[113.46183677400006,22.176321719000043],[113.46298273700006,22.183521643000063],[113.45883107600002,22.204116242000055],[113.45977731400001,22.218352381000045],[113.46251780400007,22.220539534000068],[113.48651100200004,22.22764778100003],[113.50670615100012,22.230581447000077],[113.50993449300006,22.23104965500005],[113.51403049400005,22.227615039000057],[113.52557525600002,22.202858956000057],[113.5265738810001,22.193730539000057],[113.5221799300001,22.18270637200004],[113.51830330000007,22.179520594000053],[113.51360157600004,22.178427017000047]]],[[[113.4123360320001,22.226140749000024],[113.41082093300008,22.218889527000044],[113.3986160390001,22.219651758000055],[113.4123360320001,22.226140749000024]]],[[[113.26572478700007,22.116370506000067],[113.26292302500008,22.113231495000036],[113.26342795300002,22.114577213000075],[113.26572478700007,22.116370506000067]]]]}}]}
