{"type":"FeatureCollection","name":"admin2_chn_cn-gx","adm0A3":"CHN","parentCode":"CN-GX","parentName":"Guangxi","bbox":[104.50494003000006,21.401719248000063,112.03070341600005,26.391066115000058],"features":[{"type":"Feature","properties":{"code":"CN045010","name":"Baise","label":"Baise · 百色市","type":"Prefecture-level city","parentCode":"CN-GX"},"geometry":{"type":"Polygon","coordinates":[[[107.80866598000006,23.73430362000005],[107.78793730000007,23.688313368000024],[107.75569957700009,23.678485049000074],[107.71772468300009,23.66661289800004],[107.68493239600008,23.637249224000072],[107.68150286200006,23.605842988000063],[107.68817691300006,23.577089483000066],[107.70347582800008,23.551386913000044],[107.72315412100005,23.514963995000073],[107.73636633400008,23.470579694000037],[107.76704955300005,23.448166249000053],[107.80946120200008,23.457024583000077],[107.85824083900008,23.487415588000033],[107.85996660200004,23.448028488000034],[107.83353213000004,23.42981020800005],[107.81410796100005,23.39642366100003],[107.78039333200007,23.36748224200005],[107.73547835200009,23.350344926000048],[107.69680892200006,23.324354334000077],[107.65050733200007,23.306217901000025],[107.60894974900003,23.31229585600005],[107.57604833900007,23.319610759000057],[107.56493483000008,23.27696708600007],[107.56346320200004,23.246498856000073],[107.53043278500007,23.236547467000037],[107.49357041100006,23.256388481000045],[107.43748359600005,23.27133975600003],[107.40759336900004,23.276910240000063],[107.36685510500007,23.290347224000072],[107.33940112900007,23.30038489900005],[107.32978606400007,23.32811514100007],[107.33918829200007,23.36390356100003],[107.32729731700005,23.402573929000027],[107.26498683700004,23.396462349000046],[107.24257343500005,23.366894873000035],[107.22017525600006,23.337319705000027],[107.19779228600004,23.307736843000043],[107.17496799800006,23.292636052000034],[107.12888628400009,23.276907993000066],[107.08189919100005,23.29013937700006],[107.05863376500008,23.28950250400004],[107.01115986900004,23.317190410000023],[106.98822482900005,23.343687872000032],[106.93619597900005,23.317594117000056],[106.91447587900007,23.28799775500005],[106.90145811000008,23.25924974000003],[106.84977394600008,23.245041208000032],[106.82281071400007,23.231973152000023],[106.78532133000004,23.207499432000077],[106.76194505000007,23.18277580000006],[106.75888898300008,23.15038550400004],[106.80015040600006,23.110192468000037],[106.79529909300004,23.070803515000023],[106.76428429800006,23.035709964000034],[106.73026584900003,23.002724999000066],[106.70135103600006,22.974065406000022],[106.67793194500007,22.942930514000068],[106.68004834200008,22.88714686000003],[106.67810854000004,22.88804215400006],[106.67670512400008,22.892673425000055],[106.66968804700008,22.893796157000054],[106.66758292300005,22.891410351000047],[106.66561814100004,22.88144610100005],[106.66968804700008,22.87667448800005],[106.66912668100008,22.87485004800004],[106.66281131100004,22.875271072000032],[106.65860106300005,22.871762533000037],[106.65228569500005,22.866148871000064],[106.65032091300009,22.86783297000005],[106.64709305600007,22.872043216000066],[106.64498793400008,22.87597278000004],[106.63536533200005,22.879865068000072],[106.62795799100007,22.88682416100005],[106.62842763000003,22.892392742000027],[106.61874406300007,22.898988795000037],[106.61270937500007,22.908391679000033],[106.61004288700008,22.91667183100003],[106.60709571400008,22.91625080600005],[106.60527127400007,22.921303102000024],[106.60527127300008,22.926636081000026],[106.59348258300008,22.932109402000037],[106.58758823700003,22.93196906000003],[106.58422004100004,22.93098666900005],[106.57201032600005,22.925092324000047],[106.56895625000004,22.92219353100006],[106.55912695600006,22.924995453000065],[106.55163436900006,22.92472194000004],[106.54342717600008,22.930375784000034],[106.54115053000004,22.94308705000003],[106.52938786700008,22.942707609000024],[106.52236821300005,22.95067586600004],[106.51003638600008,22.94289733000005],[106.50130924800004,22.93549823400008],[106.49979148500006,22.93246270800006],[106.49770456100003,22.924494452000033],[106.49884288300007,22.919561722000026],[106.50282701200007,22.916526195000074],[106.50168869000004,22.91273178700004],[106.49675596000009,22.906281294000053],[106.49030546600005,22.90362520900004],[106.48214749000005,22.904573811000034],[106.47797364100006,22.90969626100008],[106.47512783500008,22.910644863000073],[106.46583153500006,22.905901853000046],[106.46469321300003,22.89774387700004],[106.46165768700007,22.893570028000056],[106.45577635500007,22.89129338300006],[106.45160250700008,22.898313038000026],[106.44685949700005,22.902676607000046],[106.44344453000008,22.89907191900005],[106.44458285200005,22.895467232000044],[106.44363424900007,22.89319058700005],[106.44059872400004,22.890724222000074],[106.43187158500007,22.88996534100005],[106.42504165200006,22.885222331000023],[106.42238556600006,22.889206459000036],[106.42181640400008,22.89319058700005],[106.40872569700008,22.887119535000068],[106.40967429900007,22.881427923000047],[106.40853597700004,22.876874634000046],[106.40644905400006,22.875356870000076],[106.40151632400006,22.881997084000034],[106.39373778800007,22.880669041000033],[106.39278918500008,22.878012956000077],[106.38956393900008,22.876684913000076],[106.37381714600008,22.876874634000046],[106.36774609400004,22.881238203000066],[106.36452084600006,22.879910160000065],[106.36603861000003,22.875926032000052],[106.36338252400009,22.867768055000056],[106.36205448200008,22.865870851000068],[106.35522454800008,22.860368960000073],[106.34782545300004,22.858661476000066],[106.34422076400006,22.85961007800006],[106.33682167000006,22.86416336700006],[106.32505900500007,22.87175218300007],[106.32031599500004,22.87004469900006],[106.31822907200007,22.867009173000042],[106.30931221200007,22.865111969000054],[106.30343088000006,22.871562463000032],[106.29413458200008,22.876874634000046],[106.29052989400009,22.873649387000057],[106.28977101300006,22.868526936000023],[106.28692520600003,22.86890637700003],[106.27723432800008,22.87305961000004],[106.27615467000004,22.89679655300006],[106.25900919800006,22.927533117000053],[106.24463061000006,22.940825200000063],[106.23675491800009,22.951420490000032],[106.23721846400008,22.953142231000072],[106.23404928800005,22.955060416000038],[106.22995936700005,22.960562651000032],[106.22065002800008,22.970355521000045],[106.21858382800008,22.97040733800003],[106.21862586600008,22.97059650700004],[106.21635865500008,22.97046314200003],[106.20829732900006,22.970665307000047],[106.20060242900007,22.97818532200006],[106.18599395800004,22.981790010000054],[106.18125094900006,22.979892806000066],[106.16341723200009,22.980272247000073],[106.16152002900009,22.983307773000035],[106.15108540600005,22.988999385000056],[106.14748071900004,22.988240503000043],[106.14178910800007,22.989568546000044],[106.13249280900004,22.992793793000033],[106.12661147600005,22.997157362000053],[106.12243762700007,22.992414352000026],[106.12148902600006,22.98861994400005],[106.12224790700009,22.986343299000055],[106.12528343400004,22.985963858000048],[106.12376567000007,22.981790010000054],[106.10155511200009,22.992713569000045],[106.08980572100006,22.992793793000033],[106.07956082000004,22.991086309000025],[106.06798787600007,22.99431155600007],[106.05736353400005,22.98861994400005],[106.05243080400004,22.99450127600005],[106.04721381600007,22.994960302000038],[106.03573932700004,22.993736323000064],[106.02853756000007,22.99403639600007],[106.01843507900008,22.991035659000033],[106.01053313800008,22.991935880000028],[106.00233112200004,22.99283610200007],[106.00083075400005,22.991735831000028],[106.00203104900004,22.988034922000054],[106.00163095100004,22.981533326000033],[105.99532940400007,22.976932196000064],[106.00556986600009,22.967940421000037],[106.00594930700004,22.96148992800005],[106.00082685700005,22.956936639000048],[106.00006797500004,22.95048614500007],[105.99646328900008,22.943656211000075],[105.99380720200008,22.941948728000057],[105.98887447200008,22.94175900700003],[105.98223425900005,22.947071178000044],[105.96079585400008,22.951055306000057],[105.95605284500004,22.95067586600004],[105.95510424300005,22.940620685000056],[105.93157891500005,22.937585159000037],[105.92228261500009,22.943466491000038],[105.91108911300006,22.94612257600005],[105.90672554400004,22.94308705000003],[105.89078903100005,22.938723481000068],[105.88311802600003,22.925680154000077],[105.88444744400005,22.920628367000063],[105.88405403500008,22.920459763000053],[105.86840187400009,22.948477252000032],[105.83402775100006,22.976588066000033],[105.83102710800006,22.98425637500003],[105.80370717600005,22.994570922000037],[105.79406993600008,23.001798853000025],[105.78487075200007,23.01844499500004],[105.77939504800008,23.023920700000076],[105.75743916300007,23.029709069000035],[105.73653529600006,23.044349323000063],[105.73210416500007,23.04727471700005],[105.73515135300005,23.05743201300004],[105.73821774700008,23.06049840700007],[105.72726633900004,23.06597411200005],[105.71565784500007,23.066412168000056],[105.70996311200008,23.064002858000038],[105.69200279900008,23.062688689000026],[105.67688985400008,23.064002858000038],[105.66856678400006,23.071668845000033],[105.66133885400006,23.074735240000052],[105.65345383800008,23.074954268000056],[105.64359756900006,23.08196317000005],[105.63680769600006,23.081744142000048],[105.63045587900007,23.079772888000036],[105.62695142700005,23.07210690100004],[105.62278989200007,23.070135648000075],[105.61775224300004,23.06925953500007],[105.60964820000004,23.072325930000034],[105.60767694600008,23.076268437000067],[105.59716359300006,23.077582606000078],[105.59256400200007,23.07583038100006],[105.58840246700004,23.063783830000034],[105.58280676600003,23.064801230000057],[105.58523586700005,23.07359939500003],[105.58191510500006,23.13623482400004],[105.57557802700006,23.16271863000003],[105.55857632800007,23.170925500000067],[105.55664337900004,23.180744883000045],[105.54393974400006,23.19322949000008],[105.53386444700004,23.198924223000063],[105.53057902400008,23.195200744000033],[105.53123610900008,23.191039208000063],[105.52926485400008,23.18775378500004],[105.52181789700006,23.19213434900007],[105.51546607900008,23.19804811000006],[105.51393288200006,23.196514913000044],[105.50636313900009,23.199678387000063],[105.51720801800008,23.20251580100006],[105.51204582000008,23.20863728300003],[105.54602671000004,23.241803051000034],[105.56263763100009,23.279763242000058],[105.59323630700004,23.310111728000038],[105.63161682500004,23.320771619000027],[105.69260094000003,23.346869410000068],[105.65572155800004,23.386265182000045],[105.68134348600006,23.400023775000022],[105.74268864100009,23.419739425000046],[105.78674988900008,23.455993616000058],[105.84156150200005,23.513534409000044],[105.88012588100008,23.522283129000073],[105.92999993100005,23.49603694800004],[105.99070956800006,23.488334209000072],[106.00764949300009,23.45718004300005],[106.02005304100004,23.463088860000028],[106.03804777800008,23.47465435600003],[106.05753898500006,23.496256626000047],[106.07321630300004,23.509382704000075],[106.09609209100006,23.52853814200006],[106.12989753100004,23.577558364000026],[106.13463414400007,23.58440045100008],[106.12605396900005,23.616166518000057],[106.11958037500006,23.640131093000036],[106.15255094600008,23.71391359200004],[106.13761286000005,23.766907584000023],[106.15465093500006,23.80289534800005],[106.17574478700004,23.83539247500005],[106.19189992500009,23.869516946000033],[106.15898345800008,23.90825055600004],[106.08414051400007,23.94273994100007],[106.10098792700006,23.979072452000025],[106.11280321100008,24.00451491000007],[106.07432041200008,24.03394633000005],[106.02410239700004,24.062022699000067],[106.02711043000005,24.082977936000077],[105.96162285800006,24.123145519000047],[105.87306518100007,24.087179148000075],[105.86518991000008,24.04518747700007],[105.73295257200004,24.086277685000027],[105.65090772400004,24.03949979400005],[105.64985358100006,24.061212458000057],[105.60623965600007,24.112020236000035],[105.57101126200007,24.091589003000024],[105.54237324100006,24.07496500800005],[105.49622311500008,24.04058800300004],[105.47150279500005,24.022156837000068],[105.40929678500004,24.05126645400003],[105.35530111700007,24.091564751000078],[105.26005746400006,24.075647332000074],[105.18441819400005,24.13394934200005],[105.19806405900005,24.172625363000066],[105.23874485900006,24.20161094200006],[105.20056809700009,24.310467836000043],[105.19225453200005,24.37441325900005],[105.12151934900004,24.391184898000063],[105.07671878900004,24.437163242000054],[105.02182911700004,24.432849240000053],[104.94608019700007,24.41485952000005],[104.91122714500005,24.422290286000077],[104.83176783700009,24.45204786000005],[104.79653185100005,24.431343242000025],[104.77801455000008,24.46215780600005],[104.73602715800007,24.43929815200005],[104.72327122800004,24.38794910000007],[104.67288937900008,24.324782036000045],[104.61487300300007,24.37446554400003],[104.57729364000005,24.410647840000024],[104.54049212300004,24.445529770000064],[104.54271779300007,24.494060766000075],[104.50494003000006,24.548307015000034],[104.50537127700005,24.57057631200007],[104.50755950200005,24.683338715000048],[104.53395592900006,24.71996768100007],[104.55901562700006,24.73027155400007],[104.56288877700007,24.742376941000032],[104.60428151900004,24.699940171000037],[104.62039416300007,24.678107930000067],[104.66728823500006,24.653261824000026],[104.69058979100004,24.642632797000033],[104.70452882600006,24.64059476700004],[104.70660282400007,24.605391361000045],[104.75239868400007,24.61485170000003],[104.78292627300004,24.649810050000042],[104.81586590400008,24.658525953000037],[104.89568292800004,24.679592383000056],[104.91189338800007,24.741884671000037],[104.99215343400004,24.80802044400008],[105.02393975400008,24.82304305300005],[105.04668610000004,24.858449134000068],[105.08652629700003,24.923950637000075],[105.09954915600008,24.925681132000022],[105.12281857200009,24.933939588000044],[105.14570371100007,24.94939396700005],[105.16031707000008,24.971694158000048],[105.18323279000003,24.98713722900004],[105.19823827900007,25.002231730000062],[105.20537931300004,25.01697413900007],[105.22905613500006,25.018012084000077],[105.24600671100006,24.99710271500004],[105.25580855500004,24.96144687700007],[105.26561027600007,24.925788803000046],[105.28965649900005,24.91961024400007],[105.32122036200008,24.920967184000062],[105.35276912000006,24.92231428100007],[105.37606889500006,24.930521259000045],[105.42341505700006,24.932512990000077],[105.45445515700004,24.929504631000043],[105.45607903300004,24.912227616000052],[105.47331488400005,24.884074631000033],[105.49053571200005,24.855916266000065],[105.50811063700007,24.820547839000028],[105.53247986900004,24.80711314000007],[105.57293961900007,24.78710447900005],[105.62021719400008,24.78901377300008],[105.64420963400005,24.782754500000067],[105.66031521900004,24.776178558000026],[105.66819475700004,24.776489646000073],[105.68463910200006,24.76270291700007],[105.70039800000006,24.763325611000027],[105.73190863300005,24.76456608700005],[105.74834514300005,24.750769352000077],[105.79042238500006,24.694641314000023],[105.83733065400008,24.703661172000068],[105.86061538300004,24.711769769000057],[105.89965152300005,24.72046680300008],[105.93901855600006,24.721940833000076],[105.96491419300008,24.672360095000045],[105.99045585500005,24.629976291000048],[106.03043948900006,24.616998283000044],[106.07573005700004,24.661967729000025],[106.10595430800004,24.691933488000075],[106.13713364600005,24.700264057000027],[106.19041050400006,24.745453009000073],[106.20433509200006,24.789246053000056],[106.21159790600007,24.803930640000033],[106.21856792000005,24.825823884000044],[106.23312428500009,24.85519402400007],[106.20004205700008,24.89012500900003],[106.16842970600004,24.94224355700004],[106.20518486200007,24.955234655000027],[106.23644789200006,24.963529294000068],[106.28293746300005,24.98675643100006],[106.32301265800004,24.973686618000045],[106.37831411800005,24.97552825200006],[106.40112677900004,24.997916923000048],[106.44795481800008,25.013869759000045],[106.49365620200007,25.05861114000004],[106.53206450400006,25.08867375400007],[106.59392174000004,25.100855272000047],[106.61125627800004,25.08967146300006],[106.64906667500009,25.09553262000003],[106.67973445100006,25.10510805200005],[106.71079783300007,25.116493244000026],[106.74253472800007,25.090444668000032],[106.73965993800005,25.062781992000055],[106.71304830900004,25.017300739000063],[106.75104916700008,24.97618348000003],[106.78342008900006,24.946534607000046],[106.83157238400008,24.934752720000063],[106.86210082400004,24.901830397000026],[106.82910258500004,24.873225688000048],[106.78754093800006,24.85641055700006],[106.77581147800004,24.827865505000034],[106.73695947100003,24.833280854000066],[106.68911421500007,24.840519192000045],[106.64682323200009,24.802828163000072],[106.67099249500006,24.77777375100004],[106.70887011100007,24.754714186000058],[106.76013772200008,24.730008078000026],[106.79886788100004,24.708313529000066],[106.77313004500007,24.683620895000047],[106.71331377200005,24.657861799000045],[106.73665305000009,24.631300743000054],[106.75248687500005,24.586844115000076],[106.76871582300004,24.561383011000032],[106.77636637100005,24.53054509900005],[106.78574143500003,24.495261347000053],[106.81137460800005,24.468416817000048],[106.85402164400006,24.462694276000036],[106.87258195200008,24.438223598000036],[106.86063340700008,24.40556872800005],[106.84092800100007,24.37073898700004],[106.85195865700007,24.331441906000066],[106.87372508300007,24.311177204000046],[106.88856573300006,24.287560420000034],[106.90085777600007,24.25540998200006],[106.86841351400005,24.247140135000052],[106.85974960300007,24.182026059000066],[106.88121738600006,24.148612075000074],[106.95236845300008,24.12062193400004],[106.98275359000007,24.084420898000076],[107.01312264700005,24.066313732000026],[107.04505237200004,24.083125350000046],[107.07599875100004,24.100338700000066],[107.10629517400008,24.074057408000044],[107.12432707900007,24.038627035000047],[107.15073350700004,24.020308356000044],[107.18658596600005,24.008729534000054],[107.21959555500007,24.014221056000054],[107.26264657500008,24.024657859000058],[107.28602373900009,23.99802836300006],[107.30160290200007,23.960650372000032],[107.34519275000008,23.959755356000073],[107.36840848200006,23.935813793000023],[107.39217416200006,23.910078860000056],[107.41094722800005,23.88639329700004],[107.44211881700005,23.878612728000064],[107.48236500200005,23.90561052000004],[107.51798284800009,23.922556607000047],[107.53265930800006,23.876379567000072],[107.54939954900004,23.832659285000034],[107.56858126600008,23.798994207000078],[107.60737672900007,23.784216908000076],[107.64653726700004,23.80296362000007],[107.68344647100008,23.796692980000046],[107.71378929300005,23.78472401700003],[107.75348353700008,23.77083460500006],[107.78073634100008,23.751025853000044],[107.80866598000006,23.73430362000005]]]}},{"type":"Feature","properties":{"code":"CN045020","name":"Beihai","label":"Beihai · 北海市","type":"Prefecture-level city","parentCode":"CN-GX"},"geometry":{"type":"MultiPolygon","coordinates":[[[[109.32502391600008,21.896729838000056],[109.36382856600005,21.894456690000027],[109.41437971600004,21.917506098000047],[109.44186314500007,21.909019492000027],[109.46539800100004,21.886762458000078],[109.49528236900005,21.87740185000007],[109.50849939500006,21.903217331000064],[109.53194686700004,21.921047695000027],[109.58908776800007,21.931848916000035],[109.63823332000004,21.913189982000063],[109.66343319900005,21.899130184000057],[109.67185392500005,21.86648817500003],[109.66842660900005,21.829948858000023],[109.67327040900005,21.787194455000076],[109.67229069200005,21.747501855000053],[109.65882706400004,21.711198586000023],[109.66542051500005,21.67484404100003],[109.69636970600004,21.653366077000044],[109.68217032400008,21.621257442000058],[109.67859591500007,21.620464008000056],[109.67299706600005,21.61349000200005],[109.66902221000004,21.612910472000067],[109.66245420300004,21.618352161000075],[109.65981193900006,21.618168807000075],[109.65844660500005,21.61590962200006],[109.66371803700008,21.612550312000053],[109.66457259800006,21.610061935000033],[109.66005127500006,21.607484766000027],[109.65349582800008,21.606595457000026],[109.64093182500005,21.601865598000074],[109.62556822100004,21.58690977300006],[109.62528681300006,21.58590921600006],[109.62052460300004,21.56880470400006],[109.61752261700008,21.569183785000064],[109.61382279200006,21.574596006000036],[109.61316795600004,21.574946343000022],[109.60547690500005,21.57901615000003],[109.60418032900009,21.58130152900003],[109.60552929200009,21.583976534000044],[109.61239524900009,21.58514869100003],[109.61878317700007,21.583845567000026],[109.62036788000006,21.587345667000022],[109.61628825100007,21.597927820000052],[109.62610752000006,21.607547364000027],[109.62412991400004,21.608185829000035],[109.61165528500004,21.599627120000036],[109.60775900900006,21.60607070800006],[109.60379070200008,21.60714463900007],[109.60250067400005,21.610258385000066],[109.60299835000006,21.61624686300007],[109.59974708800007,21.621652535000067],[109.60241554600009,21.622867257000053],[109.60275933500009,21.634438212000077],[109.60102074500008,21.63693641200007],[109.60437678000005,21.641451508000046],[109.60965803400006,21.643668129000048],[109.61015243600008,21.64387440200005],[109.61238870100004,21.646333312000024],[109.61398322700006,21.650864778000027],[109.61226755600006,21.655635260000054],[109.61004766200006,21.65524563300005],[109.60735955900009,21.651755356000024],[109.59848652900007,21.647914741000022],[109.59600047800006,21.639389299000072],[109.59592711000005,21.646969426000055],[109.58378367300008,21.63908388400006],[109.57858043900006,21.63570288300008],[109.57644235600009,21.639484593000077],[109.57620900100005,21.651847033000024],[109.57491242500004,21.654960779000078],[109.56873404600009,21.654400894000048],[109.56719845500004,21.656479999000055],[109.57010592700004,21.65996700200003],[109.57563929300005,21.66053670900004],[109.57816368700009,21.668777823000028],[109.57752194700004,21.671266200000048],[109.57373699400006,21.668614114000036],[109.56822327300006,21.66990741500007],[109.56288963300005,21.66726842500003],[109.56069265700006,21.668322712000077],[109.55874779400006,21.67309646800004],[109.55944192000004,21.67536220100004],[109.56149155700007,21.674835058000042],[109.56693324600008,21.67343370800006],[109.56894686700008,21.676308439000024],[109.56680227900006,21.68149474200004],[109.56796133900008,21.686442029000034],[109.56307298700006,21.684218860000044],[109.55975951500005,21.685073422000073],[109.55800782900008,21.686540255000068],[109.56226426400008,21.691045528000075],[109.55727089800007,21.694078724000065],[109.55764987700007,21.69488204700008],[109.60474639800009,21.739762404000032],[109.58403197500007,21.73179376300004],[109.58525883700008,21.73443824900005],[109.58748528000007,21.736484612000027],[109.59147650700004,21.73706741600006],[109.59438398000009,21.73993232500004],[109.59133899100004,21.745125176000045],[109.58554041700006,21.74043000000006],[109.58180130200009,21.742325751000067],[109.57848455700008,21.741736398000057],[109.57853694400006,21.74773142400005],[109.57724036800005,21.749604255000065],[109.57507776800009,21.74876286500006],[109.57314880400008,21.762597244000062],[109.57138429800005,21.755230492000067],[109.56589693400008,21.740676351000047],[109.56638318400007,21.746811379000064],[109.57024999100008,21.757937046000052],[109.56976213800004,21.76038285900006],[109.56941180100006,21.76207888500005],[109.56244761800008,21.752636147000032],[109.55803729600007,21.752884985000037],[109.55387908600005,21.757056291000026],[109.51795804600005,21.72514612300006],[109.51815122300007,21.722045474000026],[109.52189688600004,21.72200945800006],[109.52184449900005,21.714776792000066],[109.51452670500004,21.713398362000078],[109.51248034200006,21.708041802000025],[109.50849893700007,21.707871544000056],[109.50881980700007,21.717789038000035],[109.50549978800007,21.717199686000072],[109.50171810900008,21.714753873000063],[109.49742893100006,21.706316308000055],[109.50429595900005,21.698307637000028],[109.49692861400007,21.697414311000045],[109.49455114600005,21.69712492000008],[109.49840832000007,21.69455364600003],[109.50345914900004,21.69117023800004],[109.50235002600004,21.690151676000028],[109.50254975100006,21.687257300000056],[109.50583702800009,21.685780645000023],[109.50816376800009,21.688018747000058],[109.50823419100004,21.687971572000038],[109.51907067400003,21.67137519700003],[109.50946515000004,21.662945343000047],[109.50101895200004,21.662332595000066],[109.49527124600007,21.667065426000022],[109.49017334600006,21.664632710000035],[109.48464325500004,21.664681822000034],[109.48359551700008,21.665120563000073],[109.46923823300006,21.67122691000003],[109.46703470900007,21.671040282000035],[109.46410431700008,21.665693544000078],[109.46497197500008,21.664236534000054],[109.47598959400005,21.661659753000038],[109.47757746600007,21.660577113000045],[109.45716933100005,21.655058831000076],[109.47761851100006,21.647826587000054],[109.50171214700003,21.63657742600003],[109.50880074100007,21.633262476000027],[109.54003213800007,21.611269853000067],[109.54696562300006,21.597415116000036],[109.55101988000007,21.580749324000067],[109.55110037200006,21.571474479000074],[109.55024488500004,21.559408612000027],[109.54457409500009,21.545443548000037],[109.54374992900006,21.53152076400005],[109.54961711500005,21.516957322000053],[109.54469173400008,21.509934205000036],[109.53623125100006,21.502364298000032],[109.48361843600009,21.472664202000033],[109.47876610000009,21.473535135000077],[109.47637922200005,21.47707125000005],[109.47505317800005,21.488010289000044],[109.47495167900007,21.488864850000027],[109.47279399300004,21.493019786000048],[109.46949034500005,21.494496441000024],[109.46450049300006,21.480895494000038],[109.46214264100007,21.479200740000067],[109.45904791200007,21.482522476000042],[109.44761655000008,21.46167117600004],[109.43360204700008,21.45822179000004],[109.42456203300009,21.458716191000065],[109.42165456000004,21.454397547000042],[109.41636020900006,21.45506547900004],[109.40955318700009,21.458431338000025],[109.39742234600004,21.459154932000047],[109.38818260800008,21.461918340000068],[109.36824939400009,21.455265205000046],[109.36144237100007,21.454047209000066],[109.35608581100007,21.453091148000055],[109.33927649900005,21.45205396800003],[109.33735920400005,21.459059405000062],[109.33497097700007,21.459635099000025],[109.33653240200005,21.461728438000023],[109.33744917300004,21.46564763300006],[109.33528821300007,21.470627662000027],[109.33046861900004,21.47459269500007],[109.32656906900007,21.48248019700003],[109.32565229900007,21.479179823000038],[109.32710276100005,21.46759577000006],[109.32587011500004,21.46182890600005],[109.31891547300006,21.46350535600004],[109.30715666800006,21.448800908000067],[109.30706804700009,21.448736488000065],[109.30648667900005,21.447963083000047],[109.29795590100008,21.437295301000063],[109.28255812200007,21.43598760200007],[109.28073053500009,21.439644087000033],[109.27896247700005,21.439038363000066],[109.27789675400004,21.435591722000026],[109.27261314500004,21.43514299700007],[109.27143186100005,21.436202923000053],[109.26812821200008,21.436851210000043],[109.26616733100008,21.434595568000077],[109.26093905300007,21.434151542000052],[109.25752314000005,21.435482603000025],[109.25528986600006,21.433671769000057],[109.24769296700003,21.433026581000036],[109.24462354100007,21.445988827000065],[109.24395699700005,21.45362896300003],[109.24348968600009,21.458968698000035],[109.24100308900006,21.463178308000067],[109.24166955600003,21.465785148000066],[109.24127338000005,21.470752081000057],[109.23795336000006,21.468915265000078],[109.23782683300004,21.468555456000047],[109.23259909000006,21.477405607000037],[109.22809714800007,21.473427670000035],[109.22303156900006,21.468943041000045],[109.20880682800004,21.44650464600005],[109.20600410800006,21.443003734000058],[109.19454176000005,21.428702353000062],[109.18698714900006,21.416008284000043],[109.18189283300006,21.413725670000076],[109.16072197800008,21.415120471000023],[109.15738558800007,21.412046015000044],[109.16174352300004,21.404983607000077],[109.16040110900008,21.402305327000022],[109.15576159400007,21.401719248000063],[109.14650875800004,21.404266561000043],[109.13202050700005,21.412638642000047],[109.12695207500008,21.411846290000028],[109.12474855100004,21.413100301000043],[109.12213248100005,21.417874057000063],[109.11766977200006,21.41800175000003],[109.11242780800006,21.418149088000064],[109.09639741800004,21.428181179000035],[109.07968272400007,21.434703348000028],[109.06580347100004,21.438101948000053],[109.06078415100006,21.446198997000067],[109.05790614600005,21.44580609600007],[109.05258887600007,21.441706821000025],[109.04862606900008,21.436145617000022],[109.04551343300005,21.437465932000066],[109.04575238600006,21.441749385000037],[109.04250439800006,21.451280526000062],[109.04341789500006,21.45540926800004],[109.05010397800004,21.460891081000057],[109.06817522100005,21.467978753000068],[109.11377188000006,21.486958877000063],[109.11802665800008,21.487771274000067],[109.12339230400005,21.490963487000045],[109.15093357100005,21.50242785000006],[109.15854980300008,21.511800578000077],[109.15864238000006,21.51437977300003],[109.15885242100006,21.514563897000073],[109.16510610700004,21.524232553000047],[109.16783022500005,21.532896036000068],[109.16774837100007,21.53359671100003],[109.16678576100009,21.54199826000007],[109.16422207800008,21.551938673000052],[109.15263475100005,21.564835672000072],[109.15354169900007,21.56896441400005],[109.15136109500008,21.572906528000033],[109.15129888500007,21.589454239000077],[109.14766781900005,21.58161585000005],[109.14639416200004,21.58761742400003],[109.14823097800007,21.596700002000034],[109.14672158000008,21.60043256800003],[109.14092955400008,21.595098927000038],[109.13957076900004,21.590560912000058],[109.14074620000008,21.585538319000023],[109.14106707000008,21.584143518000076],[109.13970828400005,21.579395955000052],[109.13156212200005,21.58296808700004],[109.12960088800008,21.586497654000027],[109.13050128700007,21.58876338700003],[109.12564240300009,21.588799403000053],[109.12322933100006,21.590262962000054],[109.12281023600008,21.59336361100003],[109.11817072200006,21.593190080000056],[109.11509626600008,21.596104101000037],[109.11398304400007,21.593838368000036],[109.11525670100008,21.588455614000054],[109.11325945000004,21.58681524900004],[109.09982221100006,21.591248490000055],[109.09410876500004,21.594804251000028],[109.09120129300004,21.589863512000022],[109.08283248600009,21.593226096000024],[109.07823881000007,21.60007895700005],[109.07985625500004,21.60936780800006],[109.07787210200007,21.610209273000066],[109.07678834800004,21.612903924000022],[109.07515780600005,21.632342736000055],[109.07227325200006,21.62926173200003],[109.07005990600004,21.629071830000044],[109.06919879600008,21.631763206000073],[109.07325878100005,21.643104969000035],[109.07221104300004,21.651585098000055],[109.07578972300007,21.65734765700006],[109.07379247200004,21.656329387000028],[109.06980779400004,21.65490839200004],[109.06800044600004,21.649961104000056],[109.06994531000004,21.64395298200003],[109.06864218600003,21.640639511000074],[109.06791531700009,21.63879614700005],[109.06414018700008,21.635518692000062],[109.02205713800004,21.62049675000003],[109.01674641600005,21.620116945000063],[109.01125234100004,21.622837789000073],[109.00576808700004,21.628453009000054],[109.00399020700007,21.626603097000043],[109.00507396100005,21.624117994000073],[109.01275519000006,21.616420394000045],[109.00630832700006,21.61026166000005],[108.98793689800004,21.605209598000044],[108.97754792100005,21.605271808000055],[108.97180173400005,21.603241816000036],[108.97041348100004,21.60319597700004],[108.96098383900005,21.602894752000054],[108.95104997400006,21.60564179000005],[108.94335892300006,21.61126683300006],[108.93916469700008,21.610052112000062],[108.92767232200003,21.610327143000063],[108.92195232800009,21.614907723000044],[108.90915682800005,21.61787740500006],[108.90770371500008,21.61905815600005],[108.90532768000008,21.624235936000048],[108.90244148300008,21.63899914600006],[108.90233465800009,21.639132965000044],[108.90262940700006,21.64383642400003],[108.89692448400007,21.646459717000027],[108.89675750500004,21.648536836000062],[108.90097137600009,21.650373651000052],[108.89833893400004,21.654315765000035],[108.89968789700004,21.658234960000073],[108.89643008700006,21.666521912000064],[108.89604045900006,21.674998767000034],[108.89070027000008,21.669861577000063],[108.87766248100007,21.66972733500006],[108.87214548600008,21.671619812000074],[108.86203154100008,21.679114412000047],[108.85926522800008,21.680166925000037],[108.86560458400004,21.710377897000058],[108.86641566900005,21.71133562800003],[108.86622515300007,21.713335294000046],[108.86651348800007,21.714709390000053],[108.87505096600006,21.725964471000054],[108.90010992500004,21.73653130300005],[108.92227367500004,21.74612475600003],[108.93759246100007,21.759321408000062],[108.91856231900005,21.760445376000064],[108.91845550200009,21.76146661300004],[108.91191023700009,21.761563573000046],[108.91120085900008,21.76287847800006],[108.93790977800006,21.797885698000073],[108.95677523800003,21.820746660000054],[108.99989420700007,21.83285902800003],[109.02807494600006,21.849117575000037],[109.03896374700008,21.884052937000035],[109.06464276200006,21.904786923000074],[109.09068535100005,21.881313302000024],[109.10684666700007,21.852555136000035],[109.14387825800009,21.844849359000023],[109.18546357400004,21.844536521000066],[109.21465036600006,21.860311240000044],[109.24106454000008,21.88968515700003],[109.25640459300007,21.922419182000056],[109.24383569000008,21.96084501400003],[109.25710773400004,21.99944610400007],[109.28708559300009,21.93683668700004],[109.32502391600008,21.896729838000056]]],[[[109.07227980100004,21.60011824700007],[109.06584930900004,21.59664761500005],[109.06054841000008,21.597302451000076],[109.05330592200005,21.603965410000058],[109.04824076400007,21.605651613000077],[109.05136105800005,21.609351437000043],[109.06376693000004,21.614642514000025],[109.06733578700005,21.61978625200004],[109.06910711900008,21.61977643000006],[109.07227980100004,21.60011824700007]]],[[[109.04300534800007,21.614986303000023],[109.03566136000006,21.606764834000046],[109.03323519200006,21.607609573000047],[109.03370012600004,21.61029112700004],[109.03726243500006,21.614403499000048],[109.04569999900008,21.620961683000075],[109.05568625100005,21.62730377200006],[109.06210364600008,21.62767702800005],[109.05542104300008,21.62110574700006],[109.05077498000009,21.620103848000042],[109.04300534800007,21.614986303000023]]],[[[108.89193791000008,21.655180149000046],[108.89434115900008,21.650619215000063],[108.88860479400006,21.65189287100003],[108.88377537700006,21.655638534000047],[108.88356910400006,21.659151731000065],[108.88665665600007,21.659341633000054],[108.89193791000008,21.655180149000046]]]]}},{"type":"Feature","properties":{"code":"CN045030","name":"Chongzuo","label":"Chongzuo · 崇左市","type":"Prefecture-level city","parentCode":"CN-GX"},"geometry":{"type":"Polygon","coordinates":[[[107.81410796100005,23.39642366100003],[107.82933590700009,23.359797941000068],[107.84854526600009,23.331935737000038],[107.84829674500008,23.29336165600006],[107.86980640000007,23.267843174000063],[107.87282571400004,23.232105361000038],[107.92908469800005,23.255506225000033],[107.95211945100004,23.227755913000067],[107.98319951500008,23.203923676000045],[108.01685918500004,23.18833921600003],[108.05004108800006,23.183621380000034],[108.07048131800008,23.147122152000065],[108.07707237000005,23.116484567000043],[108.03167113400008,23.112607042000036],[107.99263813500005,23.13027373500006],[107.96270826200004,23.13872456200005],[107.93381101500006,23.12314441700005],[107.95533433200006,23.084430197000074],[107.96104968400005,23.05239985700007],[107.93206261400007,23.016827764000027],[107.89408017100004,22.988174423000032],[107.86049729200005,22.970119537000073],[107.82347413100007,22.97554238500004],[107.79244790500007,22.965736656000047],[107.75618196300007,22.965260080000064],[107.72630312100006,22.962293009000064],[107.73578089600005,22.934492212000066],[107.76836317300007,22.908936668000024],[107.80988941100009,22.888708106000024],[107.83913190500004,22.88345206500003],[107.87487711300008,22.872976281000035],[107.91994627300005,22.87055648200004],[107.95592261200005,22.854609206000077],[107.98128964300008,22.82599462400003],[108.00526498100004,22.807319214000074],[108.00875740500004,22.770175487000074],[107.99614559900004,22.736991575000047],[107.98566452600005,22.710696252000048],[108.00089644200006,22.681243504000065],[108.04965522800006,22.692087081000068],[108.07143992200008,22.713777269000047],[108.10370998200005,22.70355199200003],[108.09228223800005,22.66450253200003],[108.06144558200003,22.64021759600007],[107.98372584700007,22.619226929000035],[107.95950178700008,22.599242077000042],[107.99019646700003,22.56852170800005],[108.00285884400006,22.542144457000063],[108.03209816900005,22.510898815000076],[108.05991532500008,22.490056028000026],[108.07452696500008,22.450989314000026],[108.07396325300004,22.417748578000044],[108.07915294300005,22.38471061200005],[108.05165461300004,22.375533223000048],[108.02551726100006,22.35638622600004],[107.98832789100004,22.325899750000076],[107.95932028800007,22.28431431100006],[107.93643284600006,22.257513622000033],[107.90872126700003,22.23143636700007],[107.88085779300008,22.22082744000005],[107.82752605200005,22.210612336000054],[107.78293850500006,22.20936036300003],[107.74461536400008,22.207421663000048],[107.69909081500003,22.205640175000042],[107.66350205300006,22.206967617000032],[107.60978634700007,22.20287711900005],[107.62250471400006,22.13745063500005],[107.64513021100004,22.10417864300007],[107.64212015000004,22.05392736700003],[107.61207266700006,22.019446366000068],[107.58481622000005,21.99737470200006],[107.56190082700004,21.964527831000055],[107.54540357700006,21.927831765000064],[107.53567713200005,21.900070205000077],[107.53201958500006,21.86571110500006],[107.53383584800008,21.826554241000053],[107.53528288600006,21.795134158000053],[107.54065535900008,21.761594178000053],[107.54561695400008,21.726657498000066],[107.52315753500005,21.696068788000048],[107.49640316800009,21.675789080000072],[107.48351155500006,21.65338364200005],[107.48299944800004,21.653647834000026],[107.48260217800004,21.657223257000055],[107.47353629600008,21.662792299000046],[107.47094604400007,21.663180837000027],[107.46537700100004,21.663828400000057],[107.46136211000004,21.663439862000075],[107.44478449800005,21.65450349300005],[107.43960399400004,21.651395190000073],[107.43804984200005,21.650747627000044],[107.43209226100004,21.65010006400007],[107.42419199200003,21.64349492100007],[107.41797538800006,21.640386619000026],[107.41616221100008,21.63818490400007],[107.41706879900005,21.63300440000006],[107.40865048100005,21.627176333000023],[107.40761437900005,21.622772904000044],[107.39621727000008,21.618498988000056],[107.39440409400004,21.616167761000042],[107.39879975200006,21.610642754000025],[107.39125693700004,21.602934163000043],[107.38539653000004,21.598636531000068],[107.36964335100004,21.603881675000025],[107.37613402000005,21.642103142000053],[107.37356487900007,21.66150519300004],[107.32269592900008,21.731424997000033],[107.30939438000007,21.729753548000076],[107.30802314000005,21.73092533500005],[107.30386335700007,21.741981602000067],[107.28744413500004,21.737194470000077],[107.28621030300008,21.732464781000033],[107.28250880800005,21.732053504000078],[107.28024678100007,21.735138084000027],[107.27087207400007,21.731528153000056],[107.26420696500008,21.72835200800006],[107.25474758800004,21.721771571000033],[107.24919534300005,21.717041881000057],[107.24857098100006,21.710045449000063],[107.24529742700008,21.707181089000073],[107.24467951800005,21.70701989500003],[107.23032227400006,21.707665075000023],[107.22463311000007,21.708613269000068],[107.22033657000009,21.710454644000038],[107.21665382000003,21.715160379000054],[107.20669139500006,21.719667190000052],[107.19764053400007,21.726315250000027],[107.18719182600006,21.745645359000036],[107.17537106400005,21.749327152000035],[107.16836888600005,21.75321545500003],[107.16468613600006,21.751578677000055],[107.14781548300004,21.76804027000003],[107.14308579200008,21.76804027000003],[107.13568280100009,21.779761674000042],[107.12252192700004,21.785108279000042],[107.11758659900005,21.79395074200005],[107.11301507500008,21.79395074200005],[107.10051907700006,21.808074033000025],[107.06426419000007,21.816189475000044],[107.02376740000005,21.834354654000037],[107.02421836200006,21.848274675000027],[107.05655159400004,21.867853713000045],[107.06890414000009,21.90254077800006],[107.07291723300006,21.925839309000025],[107.04346029000004,21.933236211000064],[107.03670936800006,21.93379948300003],[107.03348038400009,21.93789780700007],[107.02710558600006,21.937075252000056],[107.02134770400005,21.944272605000037],[107.00633608200008,21.94653463000003],[107.00037256000007,21.94488952100005],[106.99214701400007,21.951469958000075],[106.98947371100007,21.95023612600005],[106.98741732400003,21.94653463000003],[106.98741732400003,21.941804941000044],[106.98453838300009,21.93584142000003],[106.98421212100004,21.93538945000006],[106.97140616300004,21.934599864000063],[106.95598817900009,21.92050795800003],[106.95389822200008,21.92288618400005],[106.94814033900008,21.92884970500006],[106.94258809500008,21.930700453000043],[106.93553093500009,21.929903677000027],[106.92822310500009,21.94429215300005],[106.92371887300004,21.96126790200003],[106.92449189300004,21.962985724000077],[106.92284678300007,21.968743606000032],[106.91976220400005,21.973884573000078],[106.91606070800009,21.97573532100006],[106.91341413900005,21.975505184000042],[106.91074152600004,21.977343812000072],[106.90340829600007,21.982385257000033],[106.88616984600009,22.00033745500008],[106.86505672800007,21.992213401000072],[106.83491717900006,21.99118843900004],[106.81413199500008,21.99974302800007],[106.78938298500009,22.01000740300003],[106.78454146600006,22.00413229700007],[106.78408362100004,22.00499075600004],[106.77061216800007,22.004028509000022],[106.76580093400008,22.006273751000037],[106.75425397600009,22.008198245000074],[106.74538061600003,22.014806667000073],[106.73404679600009,22.010764236000057],[106.73139718800007,22.001645792000033],[106.72892952400008,21.99218641400006],[106.72810696800008,21.98498906100008],[106.72605058100004,21.980670649000047],[106.71989423700006,21.973309802000074],[106.71681229800004,21.974118375000046],[106.70843830700005,21.988648934000025],[106.71569573100004,22.050054447000036],[106.72536988300004,22.076329370000053],[106.70976362300007,22.124870759000032],[106.72062904000006,22.14562522500006],[106.70781724600005,22.14888003300007],[106.70421714000008,22.189497043000074],[106.70233115900004,22.197348090000048],[106.69954449600004,22.208774686000027],[106.70603783000007,22.241405186000065],[106.68799123800005,22.276870663000068],[106.68606895500005,22.285188633000075],[106.68646161000004,22.288403859000027],[106.68522063700004,22.288859416000037],[106.68205064300008,22.302576395000074],[106.66554953000008,22.324202464000052],[106.65778535100009,22.32531711300004],[106.65723073200007,22.328922137000063],[106.65870030500008,22.332087373000036],[106.65802204100004,22.334687389000067],[106.65123939200004,22.340339596000035],[106.64163063900008,22.339322199000037],[106.63552625500006,22.340226552000047],[106.63337841600008,22.33773958100005],[106.62094356000006,22.334009124000033],[106.61777832400008,22.334800433000055],[106.61027445300005,22.338279932000034],[106.60812469300004,22.337866517000066],[106.59733620900005,22.34303966500005],[106.61551932800006,22.37608245000007],[106.60506381800008,22.39236233400004],[106.58385599600007,22.408249712000043],[106.57887277900005,22.457098591000033],[106.58795632900006,22.474078361000068],[106.61114112900009,22.551681003000056],[106.61729871700004,22.568546858000047],[106.64374984500006,22.56856769700005],[106.67306907700004,22.54649273800004],[106.69918138800006,22.554809990000024],[106.72964225000004,22.552179016000025],[106.72724435400005,22.563189806000025],[106.71772090900004,22.582131489000062],[106.72085338800008,22.583562375000042],[106.72714105000006,22.58852631700006],[106.73020214800005,22.595724034000057],[106.72978848500009,22.602259892000063],[106.72409714300005,22.60584096100007],[106.73823256900005,22.631063914000038],[106.76359336000007,22.682781186000057],[106.79092730300005,22.735469342000044],[106.80714296900004,22.73755690300004],[106.81046540600005,22.737984226000037],[106.83372755500005,22.79513289700003],[106.83335774600005,22.804355561000023],[106.83171486700007,22.804893150000055],[106.83179750800008,22.805781543000023],[106.83047378900005,22.81074548600003],[106.82666313700008,22.81619093100005],[106.81819134200003,22.820267983000065],[106.80791928800005,22.82137990600006],[106.79928864800007,22.819632598000055],[106.79672061200006,22.816559375000054],[106.76937692800004,22.83266553800007],[106.73726376800005,22.849108569000066],[106.71202514000004,22.871111817000042],[106.71361495300005,22.873727315000053],[106.71894793300004,22.879200636000064],[106.71150983000007,22.88298985800003],[106.70617685000008,22.88902454400005],[106.69144098700008,22.887621129000024],[106.68540630000007,22.88467395600003],[106.68004834200008,22.88714686000003],[106.67793194500007,22.942930514000068],[106.70135103600006,22.974065406000022],[106.73026584900003,23.002724999000066],[106.76428429800006,23.035709964000034],[106.79529909300004,23.070803515000023],[106.80015040600006,23.110192468000037],[106.75888898300008,23.15038550400004],[106.76194505000007,23.18277580000006],[106.78532133000004,23.207499432000077],[106.82281071400007,23.231973152000023],[106.84977394600008,23.245041208000032],[106.90145811000008,23.25924974000003],[106.91447587900007,23.28799775500005],[106.93619597900005,23.317594117000056],[106.98822482900005,23.343687872000032],[107.01115986900004,23.317190410000023],[107.05863376500008,23.28950250400004],[107.08189919100005,23.29013937700006],[107.12888628400009,23.276907993000066],[107.17496799800006,23.292636052000034],[107.19779228600004,23.307736843000043],[107.22017525600006,23.337319705000027],[107.24257343500005,23.366894873000035],[107.26498683700004,23.396462349000046],[107.32729731700005,23.402573929000027],[107.33918829200007,23.36390356100003],[107.32978606400007,23.32811514100007],[107.33940112900007,23.30038489900005],[107.36685510500007,23.290347224000072],[107.40759336900004,23.276910240000063],[107.43748359600005,23.27133975600003],[107.49357041100006,23.256388481000045],[107.53043278500007,23.236547467000037],[107.56346320200004,23.246498856000073],[107.56493483000008,23.27696708600007],[107.57604833900007,23.319610759000057],[107.60894974900003,23.31229585600005],[107.65050733200007,23.306217901000025],[107.69680892200006,23.324354334000077],[107.73547835200009,23.350344926000048],[107.78039333200007,23.36748224200005],[107.81410796100005,23.39642366100003]]]}},{"type":"Feature","properties":{"code":"CN045040","name":"Fangchenggang","label":"Fangchenggang · 防城港市","type":"Prefecture-level city","parentCode":"CN-GX"},"geometry":{"type":"MultiPolygon","coordinates":[[[[108.25650886100004,22.214682178000032],[108.21319391200007,22.197424871000067],[108.18894598100007,22.179738461000056],[108.17773364300007,22.13562297200008],[108.17642797200006,22.108241813000063],[108.18443491600004,22.063415363000047],[108.19318843300005,22.03592389800008],[108.17231825700009,21.997154221000073],[108.21267361500009,21.954558809000048],[108.23278809000004,21.92972084300004],[108.25847911900007,21.908714795000037],[108.29446472600006,21.90583311900008],[108.32235180500004,21.914975162000076],[108.35222105800005,21.922350834000042],[108.39503025100004,21.929231317000074],[108.43023295700004,21.921715971000026],[108.46275047400007,21.88797816500005],[108.46320355100005,21.886504312000056],[108.45364294300003,21.87310308900004],[108.46174654100008,21.853235359000053],[108.46639260300009,21.850534159000063],[108.47687445900004,21.837707760000058],[108.47838113500006,21.802785675000052],[108.48799864700004,21.802153153000063],[108.50754981000006,21.800868210000033],[108.50932366500007,21.792934767000077],[108.51035324000009,21.790821633000064],[108.50719023200008,21.762529596000036],[108.50672719500005,21.758517738000023],[108.50572546900008,21.74951648800004],[108.52888880300009,21.756427443000064],[108.54380184400009,21.756698261000054],[108.55048994300006,21.74835024400005],[108.55213959800005,21.744152589000066],[108.53854881800004,21.73696225900005],[108.53211196500007,21.740567516000056],[108.52768854600004,21.740168066000024],[108.52127461500004,21.73210075700007],[108.51003269500006,21.729198084000075],[108.50972329200005,21.72891405400003],[108.50710377000007,21.73114769700004],[108.50337120400008,21.73984064800004],[108.50234965900006,21.762786108000057],[108.50060124700008,21.76837186100005],[108.49726158200008,21.761977385000023],[108.49562776600004,21.739041747000044],[108.48834926100005,21.743818778000048],[108.48708215300007,21.743772939000053],[108.47773764100003,21.74344552100007],[108.47441762100004,21.741389335000065],[108.47219117800006,21.736851320000028],[108.47306865900003,21.734985037000058],[108.47792754300008,21.734968666000043],[108.48325463600008,21.73701830400006],[108.49053968800007,21.736579563000078],[108.49537565400004,21.73180908200004],[108.49559175000007,21.726642424000033],[108.49977942700008,21.724563319000026],[108.50064439500005,21.72057968400003],[108.49766223300009,21.717842078000047],[108.48872778700007,21.708967760000064],[108.48713781400005,21.713028379000036],[108.48046175900004,21.70023942800003],[108.48088740300005,21.696722958000066],[108.48243609000008,21.697338504000072],[108.48489847300004,21.702181867000036],[108.49066870500008,21.696473453000067],[108.49083109100008,21.695655575000046],[108.49149743600009,21.69565360000007],[108.49627999000006,21.690922284000067],[108.50402079200006,21.678072401000065],[108.50402931400004,21.677834207000046],[108.50710377000007,21.672657727000058],[108.50718511600007,21.67281956200003],[108.50733062800003,21.672578009000063],[108.51045974300007,21.662432162000073],[108.51755513100005,21.694094005000068],[108.53089311900004,21.706392965000077],[108.53473835200003,21.704729961000055],[108.52976110300006,21.70296027300003],[108.53085467900007,21.69964680100003],[108.52951881300004,21.697587342000077],[108.52288859700008,21.697819808000077],[108.52464355800004,21.69491888400006],[108.52263648500008,21.69161851000007],[108.52462063900003,21.68913013200006],[108.53058619600006,21.688904213000058],[108.52835975300007,21.683947103000037],[108.52900804100005,21.68084645400006],[108.53234115800007,21.68372773300007],[108.53546145200005,21.69136312300003],[108.53765842700005,21.688255926000068],[108.53894845500008,21.679156977000048],[108.54093915700008,21.680181795000067],[108.54208512000008,21.682411513000034],[108.54717974600004,21.692355200000065],[108.54859537800007,21.692812092000054],[108.54567100400004,21.68635684800006],[108.55944516200009,21.66975212600005],[108.55790596300005,21.669579997000028],[108.54688179500005,21.673548305000054],[108.54596829900004,21.665284272000065],[108.54041201400008,21.65724615700003],[108.54350284100008,21.65578587300007],[108.54830933800008,21.66004885600006],[108.55346617300006,21.66463598400003],[108.55545032700007,21.661735059000023],[108.53459052000005,21.638039811000056],[108.53083830800006,21.63909082400005],[108.53350676600007,21.644660205000037],[108.53130979000008,21.646942310000043],[108.52754120800006,21.642823390000046],[108.52423101100004,21.644074127000067],[108.52156910200006,21.640570753000077],[108.51361939000009,21.642047409000043],[108.51294818300005,21.64018767400006],[108.51735850500006,21.636658107000073],[108.52749537000005,21.633933988000024],[108.52926670200009,21.631452159000048],[108.52703698400006,21.627529690000074],[108.52922741100008,21.622765757000025],[108.51991891500006,21.613293551000027],[108.51760079500008,21.604260086000068],[108.51701471600006,21.60193541700005],[108.51500764300005,21.59987595700005],[108.50527350300007,21.596398777000047],[108.49222977600004,21.589538060000052],[108.48279028600007,21.594204843000057],[108.48479175100005,21.585815595000042],[108.48005576100007,21.58490640200006],[108.47609072800009,21.58636996100006],[108.47544244000005,21.59092107200007],[108.48011142200005,21.600203376000024],[108.48742594200007,21.608238216000075],[108.49008130300007,21.610091402000023],[108.49360759600006,21.609665759000052],[108.49933741300003,21.605304550000028],[108.50266398100007,21.605088454000054],[108.50509669700006,21.60796973300006],[108.50401294300008,21.610661110000024],[108.49957970200006,21.609852387000046],[108.49253039100006,21.61504523800005],[108.49099807400006,21.620008897000048],[108.48168957700005,21.60908295400003],[108.48088740300005,21.608788278000077],[108.47725633600004,21.607445864000056],[108.47415241200008,21.601463935000027],[108.47104521500006,21.600026570000068],[108.46948997900006,21.59445391400004],[108.47164111600006,21.579356665000034],[108.46941467300007,21.57295564100008],[108.46720132600007,21.572343369000066],[108.46013564400005,21.575051117000044],[108.45771929800009,21.574442119000025],[108.45372152300007,21.568460191000042],[108.45481837400007,21.567628549000062],[108.46520080200008,21.56924926800008],[108.47160182500005,21.56695406700004],[108.47247930600008,21.565506879000054],[108.46981739700004,21.562412778000066],[108.44685229100008,21.562075538000045],[108.43888948300008,21.557141347000027],[108.42534747000008,21.557972989000064],[108.42475811800006,21.55800900500003],[108.39671475700004,21.556646946000058],[108.39320890300007,21.558002448000025],[108.40171442100007,21.578751711000052],[108.42801574900005,21.572761953000054],[108.43503523900006,21.584386837000068],[108.43919398200006,21.584215550000067],[108.43900407900009,21.589794754000025],[108.44122397400008,21.593926771000042],[108.44076247900006,21.593871641000078],[108.44671774700004,21.603734080000038],[108.43602532100005,21.605385417000036],[108.42972921000006,21.605264300000044],[108.42888686000003,21.605949563000024],[108.42888686000003,21.60822184500006],[108.43553017300007,21.611096576000023],[108.44037596100009,21.61004883800007],[108.44259585600008,21.61169575100007],[108.43995686600005,21.615628042000026],[108.44463239600009,21.622435065000047],[108.44197048700005,21.622857434000025],[108.43466906400005,21.61957343000006],[108.42962682500007,21.616004573000055],[108.42449290900004,21.612370232000046],[108.41851752900004,21.610530142000073],[108.41477186600008,21.61322806800007],[108.41368156300007,21.618604273000074],[108.41150021500005,21.61873079700007],[108.41129710100006,21.620939960000044],[108.43071119300004,21.62754841700007],[108.44311318400008,21.637061747000075],[108.46014362300008,21.656861564000053],[108.43959270900007,21.65499459600005],[108.44142042500005,21.657789671000046],[108.44606648800004,21.659636309000064],[108.45600035300004,21.656918739000048],[108.45976238700007,21.657730736000076],[108.45536188800008,21.66291376500004],[108.45691712400009,21.665595319000033],[108.46201174900006,21.666613589000065],[108.46662179600008,21.669933609000054],[108.47086186100006,21.672988420000024],[108.46800350100006,21.675892618000034],[108.46336398600005,21.67611198800006],[108.45606256200006,21.674068899000076],[108.44830275300006,21.66768752100006],[108.44056586400006,21.668332534000058],[108.43879780600008,21.666479348000053],[108.43525841600007,21.666286171000024],[108.42973487300009,21.66051379000004],[108.42546360300008,21.658135135000066],[108.43153979200008,21.665333531000044],[108.43654372200007,21.671253815000057],[108.42359681400006,21.672459135000054],[108.42401815300008,21.672726485000055],[108.42669643300007,21.684294167000076],[108.43312692400008,21.690266273000077],[108.43579865600009,21.694804288000057],[108.43492117600005,21.697701938000023],[108.43116896400005,21.698124307000057],[108.42991495300004,21.697338504000072],[108.42208966000004,21.692365023000036],[108.41828833600005,21.679562975000067],[108.41673964800009,21.67832860900006],[108.41301690500006,21.689500114000055],[108.40902567800003,21.687031382000043],[108.40126914300004,21.677133533000074],[108.40923195100004,21.677113888000065],[108.40988023900007,21.67524760400005],[108.40145904600007,21.667831584000055],[108.39637751700008,21.66846677600006],[108.39173145400008,21.666207591000045],[108.38777951700007,21.67407217300007],[108.38513070500005,21.674907090000033],[108.38291081000006,21.671397168000055],[108.38092010800005,21.671406990000037],[108.37785220000006,21.67719901600003],[108.37474827700004,21.676177472000063],[108.37320613800006,21.681553677000068],[108.36924765300006,21.684873697000057],[108.36969621600008,21.688177345000042],[108.36815735000005,21.691074996000054],[108.36151731100006,21.685512162000066],[108.35786014000007,21.684384101000035],[108.34577171700005,21.69545647800004],[108.34308375300009,21.690156358000024],[108.33743898400007,21.691569397000023],[108.33392251400005,21.69716169800006],[108.33505210600003,21.70645382400005],[108.33972108800003,21.719468693000067],[108.34372868600008,21.729173366000055],[108.35504098100006,21.742571315000077],[108.35772581000003,21.756620825000027],[108.35440906400004,21.75456136500003],[108.34973026000006,21.741553044000057],[108.34242228800008,21.73537466500005],[108.33775985400007,21.72877064200003],[108.33241311600005,21.713490039000078],[108.32998040000007,21.712877767000066],[108.32756078000006,21.715362870000035],[108.32707947500006,21.701310085000046],[108.33215445600007,21.695717784000067],[108.31198222700004,21.67199961700004],[108.31506323100007,21.663725761000023],[108.31416283100003,21.658765377000066],[108.31739772200007,21.655527212000038],[108.32099277300006,21.651928887000054],[108.32360884400003,21.63869464800007],[108.31540047200008,21.62652124300007],[108.31781681700005,21.619072481000046],[108.31603893700009,21.617013021000048],[108.31118660100009,21.618676305000065],[108.30297822900008,21.602989704000038],[108.30384916100007,21.599679507000076],[108.30650452200007,21.59781322300006],[108.30893069000007,21.59760040200007],[108.31092794000006,21.602347964000046],[108.31622229100009,21.596755663000067],[108.31847583200005,21.598330757000042],[108.32160918500006,21.59326467300008],[108.32039687200006,21.590128721000042],[108.31263706300007,21.58415661400005],[108.31572789000006,21.577326673000073],[108.31482749000008,21.575882759000024],[108.31263051500008,21.57561755000006],[108.30975250900008,21.575277035000056],[108.30444178800008,21.568054192000034],[108.29138108000006,21.55630315600007],[108.29070987300008,21.551964867000038],[108.29378299500007,21.545272097000066],[108.29030919100006,21.54387844400003],[108.27942704500003,21.542689112000062],[108.27368085700004,21.540426653000054],[108.25974921700004,21.531569993000062],[108.25775196700005,21.524131054000065],[108.25002162500004,21.52228769000004],[108.23809051000006,21.516525131000037],[108.23584795800008,21.514896230000033],[108.21510320400006,21.506880617000036],[108.21407470800006,21.50686427900007],[108.23426761500008,21.527967939000064],[108.25792597500003,21.55266517900003],[108.27108657300005,21.56963806400006],[108.27068217000004,21.58725972600007],[108.26749247900005,21.592782000000057],[108.26850765100005,21.59707325900007],[108.26785281500008,21.59914254100005],[108.26476198800009,21.599145815000043],[108.26407489700006,21.59869881700007],[108.25956268100003,21.606510762000028],[108.24752174300005,21.62388621100007],[108.22095667500008,21.64002832400007],[108.21091517000008,21.61815436300003],[108.20805262000005,21.611922831000072],[108.19749884900006,21.61040468400006],[108.16264444000007,21.60538387200006],[108.16830435000008,21.593527433000077],[108.17184370100006,21.58609794700004],[108.15480584800008,21.582352945000025],[108.14744163700004,21.580732560000058],[108.14507430100008,21.586592605000078],[108.14437035200007,21.58834101800005],[108.14015975500007,21.58366876100007],[108.13956803500008,21.57900009100007],[108.13907087200005,21.578890698000066],[108.13994322300005,21.577260969000065],[108.14279219700006,21.569193607000045],[108.13770412000008,21.556182012000022],[108.13725228300007,21.54749888400005],[108.13281904100006,21.539860219000047],[108.12796015700008,21.537797485000056],[108.12464013700009,21.53387501700007],[108.10989280700005,21.53546715300007],[108.10961900200004,21.53975818500004],[108.11625823400004,21.54215542000003],[108.12354328700007,21.539454221000028],[108.12399184900005,21.543176965000043],[108.11892014300008,21.547318804000042],[108.12312419100004,21.55041290500003],[108.12809767200008,21.550766516000067],[108.13459692200007,21.551224902000058],[108.13327742700005,21.555153919000077],[108.12666358100006,21.556401382000047],[108.12732824000005,21.561983861000044],[108.12512144200008,21.56674124600005],[108.12600547100004,21.571492082000077],[108.12183416400006,21.57997221100004],[108.11298405300005,21.566757616000075],[108.10723786500006,21.565729524000062],[108.10546980700008,21.566767439000046],[108.11055788500005,21.573374736000062],[108.10945121200007,21.575234471000044],[108.10172414400006,21.572146918000044],[108.09884613900005,21.575663389000056],[108.09620714900007,21.576079210000046],[108.09089642800006,21.571950468000068],[108.08516006300005,21.572369563000052],[108.08867653300007,21.565752443000065],[108.08625691300006,21.56513689700006],[108.07544556800008,21.572588933000077],[108.07301285100004,21.571456066000053],[108.07897186000008,21.56349325800005],[108.07610367800004,21.55977378800003],[108.08293034500008,21.551912480000055],[108.08183349500007,21.548399284000027],[108.08448526400008,21.544735309000032],[108.07413812300007,21.54033005100007],[108.05753034800006,21.545520856000053],[108.05419409900009,21.54714430000007],[108.05048321100008,21.552567316000022],[108.05048321100008,21.55566469100006],[108.03788743700005,21.556918703000065],[108.02906024500004,21.556512704000056],[108.02752792800004,21.554967291000025],[108.02413915100004,21.551516304000074],[108.02358050900006,21.548871862000055],[108.01253376600005,21.548571270000025],[108.00783149800009,21.556442790000062],[107.99517248000006,21.55893161000006],[107.96493039800004,21.566575816000068],[107.94277006300007,21.56943253700007],[107.93013443200005,21.578083960000072],[107.92561605000009,21.584029202000067],[107.92525933400009,21.588904300000024],[107.92288123800006,21.58949882400003],[107.91586585300007,21.585812774000033],[107.91313548800008,21.587192636000054],[107.90903781800006,21.590295136000066],[107.90863478800009,21.605130625000072],[107.90237074000004,21.62167860200003],[107.89808880100009,21.636420931000032],[107.88131096500007,21.647144987000047],[107.87193194700006,21.645323821000034],[107.87222777900007,21.646692048000034],[107.86747158600008,21.649545764000038],[107.85712686600004,21.65501538600006],[107.85427315100009,21.65168605100007],[107.84511747900007,21.648594525000078],[107.84511747900007,21.643005998000035],[107.84460318300006,21.642648227000052],[107.84167068900007,21.64245883500007],[107.83573298100004,21.643149579000067],[107.83310809100004,21.643957237000052],[107.82918423200005,21.65132933600006],[107.81776936700004,21.65644224400006],[107.80564107500004,21.658820340000034],[107.80409531200007,21.65846362600007],[107.80314407400004,21.655253195000057],[107.80215862500006,21.65500159100003],[107.80141861000004,21.65916055400004],[107.79419401300004,21.655266994000044],[107.79256154400008,21.65596662400003],[107.78744863600008,21.656561149000026],[107.78055215500007,21.653588528000057],[107.78036093600008,21.649572927000065],[107.74754018300007,21.643889673000047],[107.72951591900005,21.630443453000055],[107.72838152400004,21.629882852000037],[107.72194396500004,21.62917736600008],[107.71804388600003,21.62546753500004],[107.71782063100005,21.624663817000055],[107.70179064300004,21.61674203700005],[107.69809818000004,21.61536036700005],[107.69568977700004,21.616430768000043],[107.69026771700004,21.614528291000056],[107.68892885800005,21.611929329000077],[107.68738040500006,21.61134991800003],[107.67942359700004,21.611103832000026],[107.67913822500009,21.613196557000038],[107.67495277500007,21.614338043000032],[107.66553551300007,21.613481928000056],[107.66249154800005,21.611769699000035],[107.65206047600009,21.60493873200005],[107.64369407400005,21.60401897400004],[107.62208725400006,21.606454316000054],[107.61870831600004,21.606246025000075],[107.60799956100004,21.608699414000057],[107.58938720900005,21.614693345000035],[107.58406500500007,21.612965968000026],[107.58219737300004,21.616944837000062],[107.57727589300004,21.618239963000065],[107.57339051500009,21.617333375000044],[107.56859854900006,21.611893845000054],[107.55849656600009,21.613447997000037],[107.55409313600006,21.605677240000034],[107.55308200300004,21.60457622800004],[107.53357230800009,21.601109649000023],[107.52095223300006,21.60168793300005],[107.51159259600007,21.62183613600007],[107.48836697300004,21.65087101900008],[107.48351155500006,21.65338364200005],[107.49640316800009,21.675789080000072],[107.52315753500005,21.696068788000048],[107.54561695400008,21.726657498000066],[107.54065535900008,21.761594178000053],[107.53528288600006,21.795134158000053],[107.53383584800008,21.826554241000053],[107.53201958500006,21.86571110500006],[107.53567713200005,21.900070205000077],[107.54540357700006,21.927831765000064],[107.56190082700004,21.964527831000055],[107.58481622000005,21.99737470200006],[107.61207266700006,22.019446366000068],[107.64212015000004,22.05392736700003],[107.64513021100004,22.10417864300007],[107.62250471400006,22.13745063500005],[107.60978634700007,22.20287711900005],[107.66350205300006,22.206967617000032],[107.69909081500003,22.205640175000042],[107.74461536400008,22.207421663000048],[107.78293850500006,22.20936036300003],[107.82752605200005,22.210612336000054],[107.88085779300008,22.22082744000005],[107.90872126700003,22.23143636700007],[107.93643284600006,22.257513622000033],[107.95932028800007,22.28431431100006],[107.98832789100004,22.325899750000076],[108.02551726100006,22.35638622600004],[108.05165461300004,22.375533223000048],[108.07915294300005,22.38471061200005],[108.11153783000009,22.357182011000077],[108.12245023900005,22.324789903000067],[108.14528001300005,22.29508828300004],[108.17752875700006,22.281642186000056],[108.19427399100005,22.258999795000022],[108.22452376900009,22.234542300000044],[108.25650886100004,22.214682178000032]]],[[[108.37120888700008,21.67412128600006],[108.37449616500004,21.668322712000077],[108.38423030500007,21.668915338000033],[108.38620791000005,21.66622396200006],[108.38332990500004,21.663133135000066],[108.38175175000003,21.653628187000038],[108.37776052300006,21.649090172000058],[108.37003345600004,21.647253357000068],[108.36712598300005,21.638373778000073],[108.36337377200005,21.63817732700005],[108.35591565900006,21.628684392000025],[108.35078212300004,21.636957666000058],[108.35498204600009,21.638200246000054],[108.35720848900007,21.646667278000052],[108.36430363900007,21.656155855000065],[108.36432001000009,21.660909966000077],[108.36334705400009,21.661043670000026],[108.36492922200006,21.66337455200005],[108.36856671300006,21.674577428000077],[108.36280744700008,21.679852621000066],[108.36570826300004,21.683226784000055],[108.36591453600005,21.67744130600005],[108.37120888700008,21.67412128600006]]],[[[108.48255068700007,21.85357914800005],[108.47812726800004,21.85256087700003],[108.46507965700005,21.85653245900005],[108.46199865300008,21.86005547800005],[108.46025024000005,21.866466324000044],[108.46070862500005,21.871426708000058],[108.46679524800004,21.883781602000056],[108.48616472300006,21.863685246000045],[108.48544178900005,21.856463701000052],[108.48255068700007,21.85357914800005]]],[[[108.16305143700004,21.529383917000075],[108.12870550200006,21.521942139000032],[108.12547372000006,21.523352788000068],[108.13242286600007,21.525915482000073],[108.14273981000008,21.529716807000057],[108.15268677200004,21.536933102000035],[108.15754565700007,21.54395622000004],[108.16280192000005,21.547412362000046],[108.18673598900006,21.538840073000074],[108.18723628000004,21.538033872000028],[108.17210277900006,21.535998045000042],[108.16305143700004,21.529383917000075]]],[[[108.33559987500007,21.675399672000026],[108.32874225200004,21.661877833000062],[108.32698779800006,21.663902567000036],[108.32436517900004,21.676930534000064],[108.33236072900007,21.69055112700005],[108.33500626800009,21.68868156900004],[108.33719669500005,21.68309909100003],[108.33564145900004,21.67772943400007],[108.33559987500007,21.675399672000026]]]]}},{"type":"Feature","properties":{"code":"CN045050","name":"Guigang","label":"Guigang · 贵港市","type":"Prefecture-level city","parentCode":"CN-GX"},"geometry":{"type":"Polygon","coordinates":[[[110.54597165000007,23.13024689200006],[110.51659287900009,23.119458330000043],[110.48195090700005,23.103604592000067],[110.44158784800004,23.084036783000045],[110.41264118600009,23.07776246900005],[110.38570823400005,23.067420652000067],[110.35835820700004,23.052982548000045],[110.31925979000005,23.049573612000074],[110.28403361200009,23.01245817800003],[110.27162281600005,22.975515683000026],[110.25072281700005,22.954328486000065],[110.25321461000004,22.92303987500003],[110.26788660700004,22.88602332800008],[110.21131174300007,22.88836539700003],[110.17810834000005,22.90692997000008],[110.14342301500005,22.90139295800003],[110.10413648600007,22.90848706400004],[110.08284014400004,22.934472775000074],[110.03977635500007,22.936486100000025],[110.00268747700005,22.953112026000042],[109.95747031000008,23.01134343800004],[109.91575822200008,23.038746325000034],[109.88162868200004,23.04992981500004],[109.85793281200006,23.026804191000053],[109.83758094900008,23.006457182000077],[109.82528297400006,22.97218213700006],[109.82174922000007,22.936252677000027],[109.82481924800004,22.906796882000037],[109.79887771200003,22.878607337000062],[109.77082120100005,22.85899792600003],[109.73911080000005,22.831133985000065],[109.73992773800006,22.796172950000027],[109.74302839700005,22.76625051700006],[109.73306666300005,22.738342611000064],[109.70789690200007,22.721486019000054],[109.68075253600006,22.70640323300006],[109.65063621600007,22.675344652000035],[109.59187504300007,22.707236229000046],[109.58120197800008,22.748360811000055],[109.55530777200005,22.780070410000064],[109.52147841600004,22.80069172000003],[109.51579296700004,22.833728003000033],[109.48643198000008,22.848529303000078],[109.45721748800008,22.875588633000064],[109.45144710900007,22.91088134900008],[109.43169407800008,22.944496843000024],[109.39626417700003,22.94959393700003],[109.36365282700007,22.95701635300003],[109.33668453500007,22.987719334000076],[109.31776843100005,23.024045641000043],[109.31557569600005,23.06756847500003],[109.31318171000004,23.101550864000046],[109.28372208900004,23.11537652100003],[109.22432380200007,23.14079902700007],[109.23420057500005,23.202662382000028],[109.23928588000007,23.24497365700006],[109.23580084500009,23.281629819000045],[109.21992053100007,23.31184064400003],[109.21997372600003,23.375115108000045],[109.25749033500006,23.388264863000074],[109.28801557200006,23.408488513000066],[109.32906995400003,23.417614583000045],[109.36126922100004,23.395693607000055],[109.39544966800008,23.389676359000077],[109.44377074600004,23.405305638000073],[109.48969994100008,23.371824150000066],[109.50684995200004,23.34771513800007],[109.55191524100007,23.35140282900005],[109.58668142100004,23.37888416100003],[109.61561772700009,23.406687645000034],[109.66399283900006,23.43623122300005],[109.68649393400005,23.455739274000052],[109.73851228900008,23.468072221000057],[109.79130625800008,23.468178804000047],[109.81770321800008,23.46822229000003],[109.84476733900004,23.490908827000055],[109.86066436300007,23.488964939000027],[109.87318623900006,23.516833596000026],[109.87155627200008,23.546255141000074],[109.88251350800005,23.57907127900006],[109.89587019800007,23.613742401000025],[109.90386957500004,23.64876202800008],[109.91612559200007,23.690192033000073],[109.89740683400004,23.727439539000045],[109.94734738700004,23.78039211600003],[109.98247334900009,23.80363331700005],[110.04419967900009,23.81598782100008],[110.06212255600008,23.847060304000024],[110.09382534000008,23.873372739000047],[110.13646772400006,23.890789652000024],[110.17015672900004,23.891765160000034],[110.19807424600003,23.913909871000044],[110.23301470000007,23.926645945000075],[110.26374440100005,23.90220605500008],[110.28740487800007,23.91883582300005],[110.28287676300005,23.952706530000057],[110.27407659400006,23.980629158000056],[110.27643830400007,24.012328592000074],[110.29242273900007,24.048739242000067],[110.31134055600006,24.08609106800003],[110.34482228000007,24.074794139000062],[110.37796577600005,24.053985872000055],[110.37770556800007,24.01056473400007],[110.37539185200006,23.97434346500006],[110.35486998200008,23.944660188000057],[110.35780250500005,23.916648750000036],[110.38987088900006,23.89716724400006],[110.42868029000005,23.88365004900004],[110.45973403000005,23.86639530700006],[110.47092720700005,23.83802589800007],[110.50614314600006,23.833031969000047],[110.53026729500004,23.85187820400006],[110.55459734700008,23.824560088000055],[110.54195004900004,23.78910379900003],[110.53996103400004,23.758752207000043],[110.55084157000005,23.715417623000064],[110.56345227100007,23.686588287000063],[110.58614087600006,23.63477389800005],[110.60534563900006,23.58562160400004],[110.61207323300005,23.557159254000055],[110.61857317400006,23.511477081000066],[110.60631082600008,23.48324683100003],[110.57997353800005,23.455303471000036],[110.57653701200007,23.423994605000075],[110.56093754900007,23.394347839000034],[110.55160026300007,23.368403933000025],[110.56512512300009,23.340002396000045],[110.60400539300008,23.337277851000067],[110.63385473100004,23.320842312000025],[110.63237771500008,23.287272207000058],[110.60287724800008,23.245223061000047],[110.57893645200005,23.224992933000067],[110.54117272600007,23.219559049000054],[110.53003264000006,23.186768572000062],[110.52949014700005,23.158638929000062],[110.54597165000007,23.13024689200006]]]}},{"type":"Feature","properties":{"code":"CN045060","name":"Guilin","label":"Guilin · 桂林市","type":"Prefecture-level city","parentCode":"CN-GX"},"geometry":{"type":"Polygon","coordinates":[[[110.97600588900008,26.384713632000057],[111.07517532400004,26.297604343000046],[111.14451760800006,26.32795542200006],[111.19163166000004,26.287448178000034],[111.25279395000007,26.267507179000063],[111.26368429900003,26.222597785000062],[111.24754580500007,26.20674699700004],[111.22545134800004,26.185035257000038],[111.24033121800005,26.13202234000005],[111.23916317600003,26.079057127000056],[111.20202256300007,26.050447360000078],[111.15988130300008,26.011052885000026],[111.17474539500006,25.94455630500005],[111.24147527000008,25.858108488000028],[111.25551687900008,25.876924288000055],[111.30163737300006,25.91358176400007],[111.39457580300007,25.90778193600005],[111.43864018000005,25.870217893000074],[111.44333629800008,25.86621163600006],[111.44171451600005,25.86367725200006],[111.41815738200006,25.826807554000027],[111.35296876800004,25.766013718000067],[111.29200409200007,25.743800975000056],[111.27892217700008,25.71149792400007],[111.27940489200006,25.70647050900004],[111.28853048400003,25.61167847400003],[111.29612653400005,25.512733147000063],[111.29348186700008,25.499035169000024],[111.28395978500004,25.44982234300005],[111.23906283300005,25.404107038000063],[111.16939594000007,25.366536804000077],[111.10372512800006,25.30821796500004],[111.10104005800008,25.284262598000055],[111.09667119500006,25.24523275100006],[111.08868247100008,25.206543751000027],[111.05097241700008,25.187713448000068],[110.98948651800004,25.16979720200004],[110.96272313600008,25.142815532000043],[110.93301050500008,25.05729510200007],[110.95281910000006,24.961807269000076],[110.98940558100009,24.914022502000023],[111.07347850600007,24.945423334000054],[111.07325360100003,24.952904241000056],[111.11659210200008,24.91889406000007],[111.15793950200003,24.91872961200005],[111.14621069200007,24.862251064000077],[111.15438893300006,24.829370203000053],[111.15563947600003,24.798248777000026],[111.13264548700005,24.776000341000042],[111.09630543100008,24.759524802000044],[111.07442199600007,24.726436557000056],[111.04661637500004,24.695557455000028],[111.00536763400004,24.681719591000046],[110.97299578100007,24.668834581000056],[110.95350631800005,24.64791903100007],[110.96467106800009,24.615956926000024],[110.99056407500007,24.58726662500004],[111.01255055200005,24.55356987300007],[111.02618611900004,24.51800090000006],[111.02311159300007,24.48004452600003],[111.00580219800008,24.442886084000065],[110.99144297600009,24.403026345000058],[111.00741152100005,24.38010874300005],[110.99451392000009,24.343416841000078],[110.95102707500007,24.324553902000048],[110.91297427100005,24.349091103000035],[110.89459974100004,24.323182031000044],[110.86269245900007,24.325617747000024],[110.85969737100004,24.371224657000027],[110.84444970600003,24.415359719000037],[110.81436761200007,24.425021472000026],[110.78506736200006,24.410745296000073],[110.77063916400004,24.38666223100006],[110.75284560000006,24.35712549400006],[110.72108233200004,24.34596355700006],[110.67656734100007,24.370805120000057],[110.65217025200008,24.394942437000054],[110.62234345800005,24.427065498000047],[110.57025423100004,24.42113493100004],[110.50754523900008,24.409552847000043],[110.49073208500005,24.384953967000058],[110.45314806400006,24.371386777000055],[110.41803362200005,24.386751205000053],[110.40171487000003,24.36394735700003],[110.36175556900008,24.34579799100004],[110.33169790700003,24.35216527600005],[110.27623778200007,24.351389183000038],[110.25173356900007,24.376341366000077],[110.23164955800007,24.400441885000077],[110.19922516100007,24.400417611000023],[110.16333156600007,24.434607604000064],[110.18674203000006,24.463020716000074],[110.15884190100007,24.482468452000035],[110.12282253200004,24.46384470600003],[110.10178040800008,24.483839954000075],[110.10663584100007,24.511465181000062],[110.13018370700007,24.539381941000045],[110.15069599700007,24.572662275000027],[110.15003877400005,24.606514747000062],[110.13122293800006,24.66936668900007],[110.06006263900008,24.67326501200006],[110.07770431300008,24.70198225400003],[110.05177252500005,24.71691140200005],[110.02316994700004,24.693874295000057],[109.98710084400005,24.698239886000067],[109.96187135900004,24.725794113000063],[109.93370130300008,24.751483406000034],[109.93056933500009,24.78166692700006],[109.90541090700009,24.804237998000076],[109.87624330800008,24.82854008700008],[109.86517818500005,24.859473792000074],[109.83992718500008,24.88427822400007],[109.80355897100009,24.877298274000054],[109.77442212100004,24.85600484400004],[109.74374908300007,24.85858261100003],[109.70244795100007,24.87177329800005],[109.63586322000003,24.86865404100007],[109.59807662500003,24.878717809000022],[109.60630084200005,24.90505014400003],[109.60894411300006,24.937131605000047],[109.60168867900006,24.969008923000047],[109.60627438200004,25.002473442000053],[109.62211236800005,25.041576142000054],[109.63897240800009,25.07888453700008],[109.64584001100008,25.12049614700004],[109.63502355800006,25.156794742000045],[109.63314654500005,25.19146244500007],[109.65749989000005,25.208621185000027],[109.68875619800008,25.227712559000054],[109.69649168300003,25.25579781700003],[109.70476635600005,25.302369154000075],[109.71859012900006,25.345882420000066],[109.72390026800008,25.39283345700005],[109.73158070200009,25.424053428000036],[109.75241548300005,25.466780521000032],[109.76055957500006,25.500255821000053],[109.76267466400009,25.53631401800004],[109.75199845900005,25.566278847000035],[109.72745185600007,25.61398140800003],[109.73252309100008,25.650984735000065],[109.75105155100005,25.68823995100007],[109.76223644800007,25.72084639700006],[109.76130224800005,25.759071353000024],[109.74425069700004,25.78350123100006],[109.71626507300005,25.805916558000035],[109.71388440400005,25.84140589100008],[109.72379301300003,25.866430748000028],[109.75143789900005,25.88372348000007],[109.78216804500005,25.90289449000005],[109.78962193600006,25.944287661000033],[109.77797588400006,25.99267648500006],[109.80845041300006,26.034281726000074],[109.85140074600008,26.043662491000077],[109.87410339100006,26.069008284000063],[109.87681876000005,26.093276311000068],[109.87940700300004,26.127417904000026],[109.89107275400005,26.15803930000004],[109.93287869700004,26.184432556000047],[109.95692753300006,26.18552803500006],[109.96088232700004,26.18574231300005],[109.99601055000005,26.18763530500007],[110.05639661900005,26.16654752200003],[110.08362430800008,26.049132541000063],[110.12583385300007,26.03236047100006],[110.15679860000006,26.039746781000076],[110.17759563200008,26.06591496200008],[110.21574079100009,26.054470115000072],[110.23516727600008,26.006093496000062],[110.24941732300005,25.976534580000077],[110.27400473600005,25.98228986600003],[110.30833718700006,25.99031840200007],[110.33211702900007,26.024561087000052],[110.34685707500006,26.063241555000047],[110.38739100000004,26.146017339000025],[110.43834002900007,26.174050263000026],[110.49540659600007,26.190414030000056],[110.51430317200004,26.221886020000056],[110.51513954000006,26.254197962000035],[110.52100564300008,26.28562194400007],[110.53983412700006,26.301800855000067],[110.54300265800003,26.304530510000063],[110.57409579300008,26.313587227000028],[110.60718440500005,26.324436913000056],[110.64432935200006,26.330794797000067],[110.71363513100005,26.330012460000034],[110.74693963700008,26.264547322000055],[110.77605107100004,26.26008831200005],[110.82321931200005,26.26101164100004],[110.88142639600005,26.267299868000066],[110.88843146400006,26.277451426000027],[110.90248742500006,26.297801437000032],[110.91951199400006,26.381234032000066],[110.96875569600007,26.391066115000058],[110.97600588900008,26.384713632000057]]]}},{"type":"Feature","properties":{"code":"CN045070","name":"Hechi","label":"Hechi · 河池市","type":"Prefecture-level city","parentCode":"CN-GX"},"geometry":{"type":"Polygon","coordinates":[[[108.30377861700003,25.52328397900004],[108.31157944400007,25.52804470800004],[108.35926016700006,25.497652807000065],[108.42816215400006,25.455117100000052],[108.49109589200003,25.44570195600005],[108.52946730700006,25.42492787300006],[108.57203050100009,25.35743207300004],[108.60745470500007,25.33296668500003],[108.60559573600005,25.347412320000046],[108.61161079600004,25.34207513700005],[108.63131335300005,25.319217440000045],[108.63792103200007,25.28741443000007],[108.63997011900005,25.258624345000044],[108.66054007500009,25.238484949000053],[108.69077674500005,25.224931267000045],[108.67366350000009,25.190629969000042],[108.65881408200005,25.13986793400005],[108.71602655000004,25.142247818000044],[108.74796728900009,25.14991140400008],[108.78397112100004,25.154525714000044],[108.82238223400009,25.175870731000032],[108.85124249600005,25.187025541000025],[108.89494656000005,25.16927090300004],[108.93119749900006,25.152199947000042],[108.95486473800008,25.170404501000064],[109.01294033500005,25.213831092000078],[109.05035968600004,25.221995658000026],[109.06378793600004,25.18942795600003],[109.07410539700004,25.145063143000073],[109.07884286200004,25.104602786000044],[109.06635978400004,25.076332026000046],[109.04656256400006,25.045166793000078],[109.00251703300006,25.014725054000053],[108.97526590500007,25.00093920100005],[108.99070659700004,24.96705955300007],[109.02360011800005,24.958884927000042],[109.04931123600005,24.973976039000036],[109.08034658400004,24.99370371300006],[109.10124444400009,24.957689551000044],[109.11406212200006,24.926882817000035],[109.13324964400005,24.897581304000028],[109.15339708000005,24.868750486000067],[109.11449792600007,24.833045560000073],[109.06778792100005,24.842706003000046],[109.03038895300006,24.854388929000038],[108.99870988300006,24.84139112200006],[108.97573813400004,24.81913216600003],[108.94674443900004,24.784971074000055],[108.94143455300008,24.751429384000062],[108.92896539200007,24.72536866200005],[108.94863257700007,24.696997898000063],[108.93157305600005,24.66132658300006],[108.89763251200009,24.64461503900003],[108.82647734300008,24.560003393000045],[108.82695192400007,24.524990882000054],[108.82718920200006,24.507485420000023],[108.85412059200007,24.49025793100003],[108.90750112300009,24.49080050500004],[108.93440199000008,24.473554266000065],[108.96108846400006,24.473806800000034],[109.00803742300008,24.458890886000063],[108.99198432500003,24.43753045400007],[108.94784844200007,24.41919845500007],[108.91245081000005,24.390233048000027],[108.89899760800006,24.365918627000042],[108.89631070200005,24.328782024000077],[108.86030086700003,24.289380664000078],[108.84267630900007,24.317377346000058],[108.83400030800004,24.356460449000053],[108.80262906700005,24.383161167000026],[108.77478703500009,24.392775570000026],[108.73566788500005,24.41562278600003],[108.71998435900008,24.38624681700003],[108.71140604400006,24.350747135000063],[108.66267624100004,24.298681929000054],[108.67950070900008,24.239513978000048],[108.65587278500004,24.186821597000062],[108.60613035400007,24.17947243800006],[108.58118828400006,24.164705920000074],[108.57177244800005,24.127332316000036],[108.56948542300006,24.08247498000003],[108.55091270000008,24.054765755000062],[108.51570552000004,24.040569018000042],[108.43517050600008,24.02943547800004],[108.42377791500007,24.029271060000042],[108.38989689400006,24.014742944000034],[108.35615638100006,23.99319218900007],[108.33405135800007,23.95777332600005],[108.31130455200008,23.957422072000043],[108.27774267800004,23.928825423000035],[108.26665408200006,23.914609705000032],[108.22945310600005,23.878919170000074],[108.20736155000009,23.84696937600006],[108.17343877800005,23.839381282000033],[108.15058182000007,23.84601278100007],[108.12771724600009,23.852641449000032],[108.10529712900006,23.838210668000045],[108.09438717700004,23.816959954000026],[108.07212287600004,23.795502560000045],[108.03838640400005,23.78085461300003],[108.02765509400007,23.752572084000064],[108.01315155000009,23.724216383000055],[107.99078477000006,23.70975551600003],[107.95675960900007,23.709117223000078],[107.91746128000005,23.707999528000073],[107.88888781400004,23.700786420000043],[107.85142482300006,23.68600070800005],[107.82858310900008,23.692569137000078],[107.81639648800007,23.72744008500007],[107.80866598000006,23.73430362000005],[107.78073634100008,23.751025853000044],[107.75348353700008,23.77083460500006],[107.71378929300005,23.78472401700003],[107.68344647100008,23.796692980000046],[107.64653726700004,23.80296362000007],[107.60737672900007,23.784216908000076],[107.56858126600008,23.798994207000078],[107.54939954900004,23.832659285000034],[107.53265930800006,23.876379567000072],[107.51798284800009,23.922556607000047],[107.48236500200005,23.90561052000004],[107.44211881700005,23.878612728000064],[107.41094722800005,23.88639329700004],[107.39217416200006,23.910078860000056],[107.36840848200006,23.935813793000023],[107.34519275000008,23.959755356000073],[107.30160290200007,23.960650372000032],[107.28602373900009,23.99802836300006],[107.26264657500008,24.024657859000058],[107.21959555500007,24.014221056000054],[107.18658596600005,24.008729534000054],[107.15073350700004,24.020308356000044],[107.12432707900007,24.038627035000047],[107.10629517400008,24.074057408000044],[107.07599875100004,24.100338700000066],[107.04505237200004,24.083125350000046],[107.01312264700005,24.066313732000026],[106.98275359000007,24.084420898000076],[106.95236845300008,24.12062193400004],[106.88121738600006,24.148612075000074],[106.85974960300007,24.182026059000066],[106.86841351400005,24.247140135000052],[106.90085777600007,24.25540998200006],[106.88856573300006,24.287560420000034],[106.87372508300007,24.311177204000046],[106.85195865700007,24.331441906000066],[106.84092800100007,24.37073898700004],[106.86063340700008,24.40556872800005],[106.87258195200008,24.438223598000036],[106.85402164400006,24.462694276000036],[106.81137460800005,24.468416817000048],[106.78574143500003,24.495261347000053],[106.77636637100005,24.53054509900005],[106.76871582300004,24.561383011000032],[106.75248687500005,24.586844115000076],[106.73665305000009,24.631300743000054],[106.71331377200005,24.657861799000045],[106.77313004500007,24.683620895000047],[106.79886788100004,24.708313529000066],[106.76013772200008,24.730008078000026],[106.70887011100007,24.754714186000058],[106.67099249500006,24.77777375100004],[106.64682323200009,24.802828163000072],[106.68911421500007,24.840519192000045],[106.73695947100003,24.833280854000066],[106.77581147800004,24.827865505000034],[106.78754093800006,24.85641055700006],[106.82910258500004,24.873225688000048],[106.86210082400004,24.901830397000026],[106.83157238400008,24.934752720000063],[106.78342008900006,24.946534607000046],[106.75104916700008,24.97618348000003],[106.71304830900004,25.017300739000063],[106.73965993800005,25.062781992000055],[106.74253472800007,25.090444668000032],[106.71079783300007,25.116493244000026],[106.67973445100006,25.10510805200005],[106.64906667500009,25.09553262000003],[106.61125627800004,25.08967146300006],[106.59392174000004,25.100855272000047],[106.61740709200006,25.13459378600004],[106.64797371100008,25.164366697000048],[106.69519385200005,25.173002246000067],[106.73502926900005,25.166989459000035],[106.75087185600006,25.167459273000077],[106.79835454900007,25.16885132300007],[106.82186009300005,25.17674231500007],[106.85351505900007,25.177653428000042],[106.87752281000007,25.171130043000062],[106.91711074900007,25.172247939000044],[106.91561132600003,25.215445614000032],[106.93069654200008,25.237486497000077],[106.93860668400004,25.237706954000032],[106.93911663300008,25.223309612000037],[106.96287696600007,25.22396838900005],[106.97773784900005,25.253199791000043],[106.98468115200006,25.28220969700004],[106.99114486300005,25.32561084500003],[106.98197498000007,25.361377110000035],[106.95694727400007,25.396700107000072],[107.04858212900007,25.507202543000062],[107.06439708400006,25.578998397000078],[107.13411379100006,25.55413016600005],[107.15599379100007,25.581482463000043],[107.21577163700005,25.605977246000066],[107.22951723200003,25.56324777900005],[107.25797111400004,25.549786205000032],[107.29286983500003,25.524832961000072],[107.30134420800005,25.50894399300006],[107.32305211700009,25.468211104000034],[107.31174041700007,25.428243167000062],[107.35179341800006,25.397126436000065],[107.38876227400004,25.392903008000076],[107.43826931300003,25.32244023100003],[107.42868180900007,25.262709765000068],[107.48710051200004,25.21589560700005],[107.55803993700005,25.22977456700005],[107.59373764100008,25.283975334000047],[107.62978047600006,25.30305704600005],[107.63677767200005,25.299627721000036],[107.64192282100004,25.297111827000037],[107.67143517800008,25.223237968000035],[107.68149408900007,25.19290823600005],[107.74053188600004,25.234237363000034],[107.76225598600007,25.237557064000043],[107.75387234800007,25.19408958200006],[107.77269308600006,25.16670351600004],[107.76319502000007,25.12680180600006],[107.83912040800004,25.136012374000074],[107.85009307300004,25.137341094000078],[107.89204880100004,25.157407183000032],[107.96790229500004,25.172953625000048],[108.06083604500009,25.18258345000004],[108.12889485400007,25.226631789000066],[108.14658585700005,25.26398905600007],[108.13877587900004,25.323209011000074],[108.12933332900008,25.370684449000066],[108.15375670400005,25.41628888300005],[108.17321216400006,25.43026446400006],[108.18096539700008,25.469149065000067],[108.22601385700005,25.460343384000055],[108.26561993900003,25.499975051000035],[108.30377861700003,25.52328397900004]]]}},{"type":"Feature","properties":{"code":"CN045080","name":"Hezhou","label":"Hezhou · 贺州市","type":"Prefecture-level city","parentCode":"CN-GX"},"geometry":{"type":"Polygon","coordinates":[[[111.97892133800008,24.746784279000053],[111.97220394400006,24.739886108000064],[111.92551513100005,24.710601706000034],[111.91053465700008,24.69451663700005],[111.90331181200008,24.66302789200006],[111.90216865800005,24.648610443000052],[111.90197322100005,24.628775363000045],[111.90763294900006,24.603466026000035],[111.92804533500004,24.578014150000058],[111.95251368800007,24.56333724600006],[111.98973978600009,24.545817534000037],[111.99639524300005,24.524998821000054],[111.98517381200008,24.48993030300005],[111.99159622800005,24.448358221000035],[112.0138702800001,24.418344171000058],[112.01659329300003,24.398457361000055],[112.02217722600005,24.37222656600005],[112.03070341600005,24.344153671000072],[112.02655314800006,24.324337901000035],[112.00968885500004,24.310978282000065],[111.99284739000007,24.29761285400008],[111.95128589600006,24.27005372700006],[111.94888578200005,24.269496111000024],[111.89913946900003,24.257929370000056],[111.86365943700008,24.243818438000062],[111.84280824800004,24.218726358000026],[111.84840157600007,24.188875600000074],[111.85604047700008,24.16712662200007],[111.85695812400007,24.16079761000003],[111.85958088600006,24.128255030000048],[111.86704539900006,24.090243935000046],[111.88743166400008,24.071082474000036],[111.91542579600008,24.031058107000035],[111.93564325300008,23.999228706000054],[111.93651351500006,23.996229972000037],[111.94036847500007,23.982915121000076],[111.91185994500006,23.97054440200003],[111.90301479300007,23.967013878000046],[111.87067765800003,23.960997219000035],[111.84712666900003,23.95489072500004],[111.81464486700008,23.933492295000065],[111.81332974300005,23.89734680400005],[111.81803441300008,23.876512475000027],[111.81298277300004,23.86028381500006],[111.79031551900005,23.839688645000024],[111.75606566300007,23.83365222900005],[111.72293475200007,23.844772747000036],[111.69178397500008,23.858581430000072],[111.64289375200008,23.856237876000023],[111.63987783800007,23.852870298000028],[111.63406415900005,23.86664891600003],[111.62858468900004,23.89786005900004],[111.63045003300005,23.930887992000066],[111.62397568400007,23.970234959000038],[111.58624220400009,23.996397844000057],[111.55832392600007,24.007189883000024],[111.53378360200009,24.02838648200003],[111.53852807500004,24.064122215000054],[111.55262014300007,24.08948262900003],[111.56571920300007,24.119807947000027],[111.56704971700009,24.155525647000047],[111.53458511400004,24.190253212000073],[111.49772234000005,24.212299458000075],[111.46150086600005,24.202244961000076],[111.45729943200007,24.16290284300004],[111.45795672600008,24.128997003000052],[111.42612680300005,24.12934125700008],[111.39344804200005,24.10570912600008],[111.37358464800008,24.070812183000044],[111.36550393900006,24.031887281000024],[111.37991860300008,23.992595851000033],[111.38216080300003,23.943751710000072],[111.36964108000006,23.912936416000036],[111.32673099200008,23.898724713000036],[111.29455445000008,23.891332187000046],[111.25787541300008,23.896581366000078],[111.22600562900004,23.91541384800007],[111.19990135200004,23.940149983000026],[111.17770126600004,23.974771473000033],[111.13866314500007,23.958783048000043],[111.11392373900009,23.936455238000065],[111.09175828800005,23.90237735900007],[111.07193423400008,23.879618162000043],[111.04630507600007,23.85364469900003],[111.00538958300007,23.842936759000054],[110.99791570500008,23.809389796000062],[110.98115095200006,23.779388330000074],[110.97370850000004,23.743565356000033],[110.94904368800007,23.72435689200006],[110.94071291900008,23.682181554000067],[110.91165358900008,23.67328021700007],[110.87920883000004,23.69881037500005],[110.86768885000004,23.72542287600004],[110.87902678500006,23.758113037000044],[110.86056805800007,23.79326218400007],[110.85574824500009,23.83123210900004],[110.82572140200006,23.852231921000055],[110.85575764400005,23.87331848200006],[110.84802868300005,23.90763699400003],[110.81609997500004,23.922277070000064],[110.78494003800006,23.95365115800007],[110.75000733700006,23.97140780600006],[110.72280180400008,23.958469188000038],[110.68701256100007,23.967149819000042],[110.67330014600009,24.004552086000047],[110.68760536400004,24.030931919000068],[110.71071856000009,24.05966204300006],[110.67784896000006,24.06610631800004],[110.66430315700006,24.09037859700004],[110.67173310300007,24.120300366000038],[110.69684821000004,24.183403786000042],[110.69546936100005,24.212767177000046],[110.66968655900007,24.23464891200007],[110.63567058900009,24.247841575000052],[110.59859475200005,24.269125148000057],[110.57460573900005,24.300032299000065],[110.57932202700005,24.346626653000044],[110.57025423100004,24.42113493100004],[110.62234345800005,24.427065498000047],[110.65217025200008,24.394942437000054],[110.67656734100007,24.370805120000057],[110.72108233200004,24.34596355700006],[110.75284560000006,24.35712549400006],[110.77063916400004,24.38666223100006],[110.78506736200006,24.410745296000073],[110.81436761200007,24.425021472000026],[110.84444970600003,24.415359719000037],[110.85969737100004,24.371224657000027],[110.86269245900007,24.325617747000024],[110.89459974100004,24.323182031000044],[110.91297427100005,24.349091103000035],[110.95102707500007,24.324553902000048],[110.99451392000009,24.343416841000078],[111.00741152100005,24.38010874300005],[110.99144297600009,24.403026345000058],[111.00580219800008,24.442886084000065],[111.02311159300007,24.48004452600003],[111.02618611900004,24.51800090000006],[111.01255055200005,24.55356987300007],[110.99056407500007,24.58726662500004],[110.96467106800009,24.615956926000024],[110.95350631800005,24.64791903100007],[110.97299578100007,24.668834581000056],[111.00536763400004,24.681719591000046],[111.04661637500004,24.695557455000028],[111.07442199600007,24.726436557000056],[111.09630543100008,24.759524802000044],[111.13264548700005,24.776000341000042],[111.15563947600003,24.798248777000026],[111.15438893300006,24.829370203000053],[111.14621069200007,24.862251064000077],[111.15793950200003,24.91872961200005],[111.11659210200008,24.91889406000007],[111.07325360100003,24.952904241000056],[111.07253249700005,24.976952522000033],[111.08446050600008,25.01656138900006],[111.11914320500006,25.039904765000074],[111.16180341500007,25.07942052800007],[111.21044556200007,25.118895276000046],[111.26999107800009,25.145702484000026],[111.27887369500007,25.135764298000026],[111.32142626000007,25.11848494700007],[111.34725125800009,25.132778141000074],[111.38692639200008,25.138896269000043],[111.41237308800004,25.074836658000038],[111.41641406100007,25.056017229000076],[111.41914108700007,25.043283355000028],[111.43868883200008,24.995445739000047],[111.42066625600006,24.953201969000077],[111.41830514100008,24.87752848200006],[111.42201092300007,24.82885034800006],[111.44046740200008,24.76926521100006],[111.40750419900007,24.691907537000077],[111.42417944400006,24.672886766000033],[111.46232687400004,24.686263378000035],[111.46468868900007,24.687093619000052],[111.48031658700006,24.659955559000025],[111.51317789400008,24.65423873800006],[111.52857205800007,24.651553936000028],[111.54054708800004,24.674024888000076],[111.57221544400005,24.690951448000078],[111.60193933500005,24.710588490000077],[111.64170962600008,24.75358088100006],[111.68426153900003,24.766789221000067],[111.73483095900008,24.792535414000042],[111.81366955400006,24.77744930700004],[111.86304039000004,24.777909240000042],[111.91229451700008,24.76842921800005],[111.94691033100008,24.773494467000035],[111.96355901400005,24.761610141000062],[111.97892133800008,24.746784279000053]]]}},{"type":"Feature","properties":{"code":"CN045090","name":"Laibin","label":"Laibin · 来宾市","type":"Prefecture-level city","parentCode":"CN-GX"},"geometry":{"type":"Polygon","coordinates":[[[108.89631070200005,24.328782024000077],[108.95082686100005,24.267407952000042],[108.93417640900009,24.236222342000076],[108.93799197600003,24.19427220400007],[108.92609388300008,24.16863071100005],[108.95143675300005,24.143076676000078],[108.99329907000003,24.15141870900004],[109.03603609100008,24.132176576000063],[109.07772029700004,24.13098258800005],[109.11907177800003,24.124336775000074],[109.10211222900006,24.08636034500006],[109.11633271600004,24.053703883000026],[109.15126755200004,24.047791193000023],[109.18366283200004,24.061255329000062],[109.21390605200008,24.080989483000053],[109.25638000600009,24.08517242000005],[109.28628378900004,24.066882648000046],[109.30796817800007,24.02712690800007],[109.32763308500006,23.971934345000022],[109.34694079200005,23.94568272500004],[109.38258135000007,23.93020510100007],[109.41174937300008,23.935840682000048],[109.47134370900005,23.976203268000063],[109.49757748700006,24.028935342000068],[109.55049110700008,24.064231754000048],[109.57687826300008,24.099397168000053],[109.60328060000006,24.134556555000074],[109.68296371700006,24.15583955200003],[109.70962837800005,24.138382085000046],[109.73609922500009,24.17350439100005],[109.73604478600004,24.19103001600007],[109.73592238900005,24.222575824000046],[110.23301470000007,23.926645945000075],[110.19807424600003,23.913909871000044],[110.17015672900004,23.891765160000034],[110.13646772400006,23.890789652000024],[110.09382534000008,23.873372739000047],[110.06212255600008,23.847060304000024],[110.04419967900009,23.81598782100008],[109.98247334900009,23.80363331700005],[109.94734738700004,23.78039211600003],[109.89740683400004,23.727439539000045],[109.91612559200007,23.690192033000073],[109.90386957500004,23.64876202800008],[109.89587019800007,23.613742401000025],[109.88251350800005,23.57907127900006],[109.87155627200008,23.546255141000074],[109.87318623900006,23.516833596000026],[109.86066436300007,23.488964939000027],[109.84476733900004,23.490908827000055],[109.81770321800008,23.46822229000003],[109.79130625800008,23.468178804000047],[109.73851228900008,23.468072221000057],[109.68649393400005,23.455739274000052],[109.66399283900006,23.43623122300005],[109.61561772700009,23.406687645000034],[109.58668142100004,23.37888416100003],[109.55191524100007,23.35140282900005],[109.50684995200004,23.34771513800007],[109.48969994100008,23.371824150000066],[109.44377074600004,23.405305638000073],[109.39544966800008,23.389676359000077],[109.36126922100004,23.395693607000055],[109.32906995400003,23.417614583000045],[109.28801557200006,23.408488513000066],[109.25749033500006,23.388264863000074],[109.21997372600003,23.375115108000045],[109.21992053100007,23.31184064400003],[109.17001679800006,23.30677505500006],[109.13200387300009,23.311266657000033],[109.10768626600009,23.328787673000022],[109.09339450900006,23.367423866000024],[109.05890437800008,23.36744162900004],[109.03039121600006,23.37803479100006],[108.99773627600007,23.396674456000028],[108.95377837900008,23.403209512000046],[108.91153884800008,23.402068490000033],[108.87663919300007,23.413806796000074],[108.85916678800004,23.442789955000023],[108.85870332900004,23.471335724000028],[108.85534506200008,23.513851405000025],[108.82822763400009,23.553432903000044],[108.81229642900007,23.57836221900004],[108.79927630600008,23.60337149000003],[108.78641146600006,23.63789468300007],[108.77706125100008,23.66934165200007],[108.76587701900007,23.711153841000055],[108.77349609800007,23.745336577000046],[108.76893809900008,23.778721009000037],[108.72022930200006,23.823567165000043],[108.68685897200004,23.808958742000073],[108.65074395700009,23.781179818000055],[108.62690737700007,23.76507620600006],[108.60011241100005,23.736645714000076],[108.57838839500005,23.71696797900006],[108.54527582000009,23.68878237200005],[108.50919950600007,23.675440667000032],[108.47631698300006,23.707490547000077],[108.47930124200008,23.745179919000066],[108.44614772300008,23.77041108000003],[108.42805136000004,23.797013366000044],[108.41614087600004,23.827883069000052],[108.41958243500005,23.865572696000072],[108.43604324900008,23.895522510000035],[108.41949684500008,23.932121779000056],[108.42981343900004,23.982236581000052],[108.43517050600008,24.02943547800004],[108.51570552000004,24.040569018000042],[108.55091270000008,24.054765755000062],[108.56948542300006,24.08247498000003],[108.57177244800005,24.127332316000036],[108.58118828400006,24.164705920000074],[108.60613035400007,24.17947243800006],[108.65587278500004,24.186821597000062],[108.67950070900008,24.239513978000048],[108.66267624100004,24.298681929000054],[108.71140604400006,24.350747135000063],[108.71998435900008,24.38624681700003],[108.73566788500005,24.41562278600003],[108.77478703500009,24.392775570000026],[108.80262906700005,24.383161167000026],[108.83400030800004,24.356460449000053],[108.84267630900007,24.317377346000058],[108.86030086700003,24.289380664000078],[108.89631070200005,24.328782024000077]]]}},{"type":"Feature","properties":{"code":"CN045100","name":"Liuzhou","label":"Liuzhou · 柳州市","type":"Prefecture-level city","parentCode":"CN-GX"},"geometry":{"type":"Polygon","coordinates":[[[109.72379301300003,25.866430748000028],[109.71388440400005,25.84140589100008],[109.71626507300005,25.805916558000035],[109.74425069700004,25.78350123100006],[109.76130224800005,25.759071353000024],[109.76223644800007,25.72084639700006],[109.75105155100005,25.68823995100007],[109.73252309100008,25.650984735000065],[109.72745185600007,25.61398140800003],[109.75199845900005,25.566278847000035],[109.76267466400009,25.53631401800004],[109.76055957500006,25.500255821000053],[109.75241548300005,25.466780521000032],[109.73158070200009,25.424053428000036],[109.72390026800008,25.39283345700005],[109.71859012900006,25.345882420000066],[109.70476635600005,25.302369154000075],[109.69649168300003,25.25579781700003],[109.68875619800008,25.227712559000054],[109.65749989000005,25.208621185000027],[109.63314654500005,25.19146244500007],[109.63502355800006,25.156794742000045],[109.64584001100008,25.12049614700004],[109.63897240800009,25.07888453700008],[109.62211236800005,25.041576142000054],[109.60627438200004,25.002473442000053],[109.60168867900006,24.969008923000047],[109.60894411300006,24.937131605000047],[109.60630084200005,24.90505014400003],[109.59807662500003,24.878717809000022],[109.63586322000003,24.86865404100007],[109.70244795100007,24.87177329800005],[109.74374908300007,24.85858261100003],[109.77442212100004,24.85600484400004],[109.80355897100009,24.877298274000054],[109.83992718500008,24.88427822400007],[109.86517818500005,24.859473792000074],[109.87624330800008,24.82854008700008],[109.90541090700009,24.804237998000076],[109.93056933500009,24.78166692700006],[109.93370130300008,24.751483406000034],[109.96187135900004,24.725794113000063],[109.98710084400005,24.698239886000067],[110.02316994700004,24.693874295000057],[110.05177252500005,24.71691140200005],[110.07770431300008,24.70198225400003],[110.06006263900008,24.67326501200006],[110.13122293800006,24.66936668900007],[110.15003877400005,24.606514747000062],[110.15069599700007,24.572662275000027],[110.13018370700007,24.539381941000045],[110.10663584100007,24.511465181000062],[110.10178040800008,24.483839954000075],[110.12282253200004,24.46384470600003],[110.15884190100007,24.482468452000035],[110.18674203000006,24.463020716000074],[110.16333156600007,24.434607604000064],[110.19922516100007,24.400417611000023],[110.23164955800007,24.400441885000077],[110.25173356900007,24.376341366000077],[110.27623778200007,24.351389183000038],[110.32453161100005,24.313207430000034],[110.36169884700007,24.29202117600005],[110.38581159500006,24.257545377000042],[110.40484356800005,24.234292993000054],[110.40089490000008,24.206666307000035],[110.40525992600004,24.17914696500003],[110.42538612600003,24.146858954000038],[110.38763425300004,24.148623333000046],[110.34830921400004,24.157139788000052],[110.31615527800005,24.119168931000047],[110.31134055600006,24.08609106800003],[110.29242273900007,24.048739242000067],[110.27643830400007,24.012328592000074],[110.27407659400006,23.980629158000056],[110.28287676300005,23.952706530000057],[110.28740487800007,23.91883582300005],[110.26374440100005,23.90220605500008],[110.23301470000007,23.926645945000075],[109.73592238900005,24.222575824000046],[109.73604478600004,24.19103001600007],[109.73609922500009,24.17350439100005],[109.70962837800005,24.138382085000046],[109.68296371700006,24.15583955200003],[109.60328060000006,24.134556555000074],[109.57687826300008,24.099397168000053],[109.55049110700008,24.064231754000048],[109.49757748700006,24.028935342000068],[109.47134370900005,23.976203268000063],[109.41174937300008,23.935840682000048],[109.38258135000007,23.93020510100007],[109.34694079200005,23.94568272500004],[109.32763308500006,23.971934345000022],[109.30796817800007,24.02712690800007],[109.28628378900004,24.066882648000046],[109.25638000600009,24.08517242000005],[109.21390605200008,24.080989483000053],[109.18366283200004,24.061255329000062],[109.15126755200004,24.047791193000023],[109.11633271600004,24.053703883000026],[109.10211222900006,24.08636034500006],[109.11907177800003,24.124336775000074],[109.07772029700004,24.13098258800005],[109.03603609100008,24.132176576000063],[108.99329907000003,24.15141870900004],[108.95143675300005,24.143076676000078],[108.92609388300008,24.16863071100005],[108.93799197600003,24.19427220400007],[108.93417640900009,24.236222342000076],[108.95082686100005,24.267407952000042],[108.89631070200005,24.328782024000077],[108.89899760800006,24.365918627000042],[108.91245081000005,24.390233048000027],[108.94784844200007,24.41919845500007],[108.99198432500003,24.43753045400007],[109.00803742300008,24.458890886000063],[108.96108846400006,24.473806800000034],[108.93440199000008,24.473554266000065],[108.90750112300009,24.49080050500004],[108.85412059200007,24.49025793100003],[108.82718920200006,24.507485420000023],[108.82695192400007,24.524990882000054],[108.82647734300008,24.560003393000045],[108.89763251200009,24.64461503900003],[108.93157305600005,24.66132658300006],[108.94863257700007,24.696997898000063],[108.92896539200007,24.72536866200005],[108.94143455300008,24.751429384000062],[108.94674443900004,24.784971074000055],[108.97573813400004,24.81913216600003],[108.99870988300006,24.84139112200006],[109.03038895300006,24.854388929000038],[109.06778792100005,24.842706003000046],[109.11449792600007,24.833045560000073],[109.15339708000005,24.868750486000067],[109.13324964400005,24.897581304000028],[109.11406212200006,24.926882817000035],[109.10124444400009,24.957689551000044],[109.08034658400004,24.99370371300006],[109.04931123600005,24.973976039000036],[109.02360011800005,24.958884927000042],[108.99070659700004,24.96705955300007],[108.97526590500007,25.00093920100005],[109.00251703300006,25.014725054000053],[109.04656256400006,25.045166793000078],[109.06635978400004,25.076332026000046],[109.07884286200004,25.104602786000044],[109.07410539700004,25.145063143000073],[109.06378793600004,25.18942795600003],[109.05035968600004,25.221995658000026],[109.01294033500005,25.213831092000078],[108.95486473800008,25.170404501000064],[108.93119749900006,25.152199947000042],[108.89494656000005,25.16927090300004],[108.85124249600005,25.187025541000025],[108.82238223400009,25.175870731000032],[108.78397112100004,25.154525714000044],[108.74796728900009,25.14991140400008],[108.71602655000004,25.142247818000044],[108.65881408200005,25.13986793400005],[108.67366350000009,25.190629969000042],[108.69077674500005,25.224931267000045],[108.66054007500009,25.238484949000053],[108.63997011900005,25.258624345000044],[108.63792103200007,25.28741443000007],[108.63131335300005,25.319217440000045],[108.61161079600004,25.34207513700005],[108.60559573600005,25.347412320000046],[108.59622416500008,25.420028478000063],[108.59939759300005,25.488475777000076],[108.66431539600006,25.518582321000054],[108.65956011500003,25.549067585000046],[108.68691726100008,25.608972141000038],[108.74209842300007,25.634333077000065],[108.76242226700003,25.618534604000047],[108.77932125700005,25.579286298000056],[108.76808076500004,25.55029227800003],[108.81507191200006,25.54218512700004],[108.87869920100007,25.546949470000072],[108.92564361800004,25.54059161300006],[108.97676861700006,25.52529346600005],[109.01961864500004,25.523323477000076],[109.05289021700008,25.550855752000075],[109.02306488600004,25.594429192000064],[109.03188493600004,25.647626889000037],[109.03653962700008,25.709740273000023],[109.04228942500004,25.716676757000073],[109.05014867900007,25.726144649000048],[109.00816694300005,25.729040891000068],[108.95577311200009,25.707471729000076],[108.92209654700008,25.696992669000053],[108.87765830700005,25.720473653000056],[108.94878508300008,25.75229385500006],[109.00420424000004,25.773919384000067],[109.10302189000004,25.82317234900006],[109.11546206800006,25.80090246800006],[109.14697082300006,25.773536915000022],[109.15766302200007,25.771785499000032],[109.17201321400006,25.769429839000054],[109.21050256900008,25.74125086400005],[109.30243725000008,25.734504901000037],[109.33100296200007,25.754677258000072],[109.32334852600007,25.79142001200006],[109.31993069800006,25.81384003200003],[109.33622612800008,25.851804839000067],[109.35355884500007,25.88798721200004],[109.39098073500008,25.919935335000048],[109.41086695900009,25.983973479000042],[109.44434917000007,26.015842487000043],[109.48204789500005,26.04257277800008],[109.53462515300004,26.003492909000045],[109.56644014100004,26.01734286800007],[109.58526314800008,26.030134559000032],[109.63223175800005,26.03515829400004],[109.64954705700006,26.016489362000073],[109.68448243500006,26.023152184000025],[109.71597122100007,25.990254063000066],[109.67847606000004,25.953031945000077],[109.64468792700006,25.938294769000038],[109.64388715800004,25.92481039200004],[109.65615026700004,25.906080796000026],[109.65437460300006,25.891688075000047],[109.69772476200006,25.865199502000053],[109.72379301300003,25.866430748000028]]]}},{"type":"Feature","properties":{"code":"CN045110","name":"NanNing","label":"NanNing · 南宁市","type":"Prefecture-level city","parentCode":"CN-GX"},"geometry":{"type":"Polygon","coordinates":[[[109.21992053100007,23.31184064400003],[109.23580084500009,23.281629819000045],[109.23928588000007,23.24497365700006],[109.23420057500005,23.202662382000028],[109.22432380200007,23.14079902700007],[109.28372208900004,23.11537652100003],[109.31318171000004,23.101550864000046],[109.31557569600005,23.06756847500003],[109.31776843100005,23.024045641000043],[109.33668453500007,22.987719334000076],[109.36365282700007,22.95701635300003],[109.39626417700003,22.94959393700003],[109.43169407800008,22.944496843000024],[109.45144710900007,22.91088134900008],[109.45721748800008,22.875588633000064],[109.48643198000008,22.848529303000078],[109.51579296700004,22.833728003000033],[109.52147841600004,22.80069172000003],[109.55530777200005,22.780070410000064],[109.58120197800008,22.748360811000055],[109.59187504300007,22.707236229000046],[109.56177349000006,22.677059260000078],[109.53122910900004,22.664586064000048],[109.49911797000004,22.66168248500003],[109.46727379100008,22.658179345000065],[109.43417461100006,22.633802154000023],[109.39743336700008,22.656147743000076],[109.32678031000006,22.648140571000056],[109.29873680500003,22.616564262000054],[109.29398401100008,22.57962388800007],[109.29654037300008,22.540126721000036],[109.25562668100008,22.522768479000035],[109.21116614000005,22.528500278000024],[109.16004672000008,22.53131409100007],[109.11609738100009,22.535654124000075],[109.08521047500005,22.538040866000074],[109.03325465400007,22.53667859500007],[108.99961930400008,22.549883978000025],[108.96750926500005,22.559934041000076],[108.92501536700007,22.54831625500003],[108.87789837900004,22.531092073000025],[108.84180112700005,22.54508585700006],[108.81372423600004,22.53519436700003],[108.77929756200007,22.51328613800007],[108.75434057700005,22.49664369800007],[108.73158958800008,22.472324624000066],[108.70294651700004,22.45100734700003],[108.65697465600005,22.445087363000027],[108.61887862600008,22.447574227000075],[108.60040920300008,22.425625394000065],[108.55926916200008,22.418899271000043],[108.53791864300007,22.39775576200003],[108.52560354000008,22.365971873000035],[108.51907735900005,22.307049255000038],[108.48648236300005,22.278703472000075],[108.45371875700005,22.26855348500004],[108.42390075100008,22.282616906000044],[108.39413510300005,22.282104676000074],[108.36297373200006,22.267879848000064],[108.32734285600009,22.245298048000052],[108.29721840800005,22.229722034000076],[108.25650886100004,22.214682178000032],[108.22452376900009,22.234542300000044],[108.19427399100005,22.258999795000022],[108.17752875700006,22.281642186000056],[108.14528001300005,22.29508828300004],[108.12245023900005,22.324789903000067],[108.11153783000009,22.357182011000077],[108.07915294300005,22.38471061200005],[108.07396325300004,22.417748578000044],[108.07452696500008,22.450989314000026],[108.05991532500008,22.490056028000026],[108.03209816900005,22.510898815000076],[108.00285884400006,22.542144457000063],[107.99019646700003,22.56852170800005],[107.95950178700008,22.599242077000042],[107.98372584700007,22.619226929000035],[108.06144558200003,22.64021759600007],[108.09228223800005,22.66450253200003],[108.10370998200005,22.70355199200003],[108.07143992200008,22.713777269000047],[108.04965522800006,22.692087081000068],[108.00089644200006,22.681243504000065],[107.98566452600005,22.710696252000048],[107.99614559900004,22.736991575000047],[108.00875740500004,22.770175487000074],[108.00526498100004,22.807319214000074],[107.98128964300008,22.82599462400003],[107.95592261200005,22.854609206000077],[107.91994627300005,22.87055648200004],[107.87487711300008,22.872976281000035],[107.83913190500004,22.88345206500003],[107.80988941100009,22.888708106000024],[107.76836317300007,22.908936668000024],[107.73578089600005,22.934492212000066],[107.72630312100006,22.962293009000064],[107.75618196300007,22.965260080000064],[107.79244790500007,22.965736656000047],[107.82347413100007,22.97554238500004],[107.86049729200005,22.970119537000073],[107.89408017100004,22.988174423000032],[107.93206261400007,23.016827764000027],[107.96104968400005,23.05239985700007],[107.95533433200006,23.084430197000074],[107.93381101500006,23.12314441700005],[107.96270826200004,23.13872456200005],[107.99263813500005,23.13027373500006],[108.03167113400008,23.112607042000036],[108.07707237000005,23.116484567000043],[108.07048131800008,23.147122152000065],[108.05004108800006,23.183621380000034],[108.01685918500004,23.18833921600003],[107.98319951500008,23.203923676000045],[107.95211945100004,23.227755913000067],[107.92908469800005,23.255506225000033],[107.87282571400004,23.232105361000038],[107.86980640000007,23.267843174000063],[107.84829674500008,23.29336165600006],[107.84854526600009,23.331935737000038],[107.82933590700009,23.359797941000068],[107.81410796100005,23.39642366100003],[107.83353213000004,23.42981020800005],[107.85996660200004,23.448028488000034],[107.85824083900008,23.487415588000033],[107.80946120200008,23.457024583000077],[107.76704955300005,23.448166249000053],[107.73636633400008,23.470579694000037],[107.72315412100005,23.514963995000073],[107.70347582800008,23.551386913000044],[107.68817691300006,23.577089483000066],[107.68150286200006,23.605842988000063],[107.68493239600008,23.637249224000072],[107.71772468300009,23.66661289800004],[107.75569957700009,23.678485049000074],[107.78793730000007,23.688313368000024],[107.80866598000006,23.73430362000005],[107.81639648800007,23.72744008500007],[107.82858310900008,23.692569137000078],[107.85142482300006,23.68600070800005],[107.88888781400004,23.700786420000043],[107.91746128000005,23.707999528000073],[107.95675960900007,23.709117223000078],[107.99078477000006,23.70975551600003],[108.01315155000009,23.724216383000055],[108.02765509400007,23.752572084000064],[108.03838640400005,23.78085461300003],[108.07212287600004,23.795502560000045],[108.09438717700004,23.816959954000026],[108.10529712900006,23.838210668000045],[108.12771724600009,23.852641449000032],[108.15058182000007,23.84601278100007],[108.17343877800005,23.839381282000033],[108.20736155000009,23.84696937600006],[108.22945310600005,23.878919170000074],[108.26665408200006,23.914609705000032],[108.27774267800004,23.928825423000035],[108.31130455200008,23.957422072000043],[108.33405135800007,23.95777332600005],[108.35615638100006,23.99319218900007],[108.38989689400006,24.014742944000034],[108.42377791500007,24.029271060000042],[108.43517050600008,24.02943547800004],[108.42981343900004,23.982236581000052],[108.41949684500008,23.932121779000056],[108.43604324900008,23.895522510000035],[108.41958243500005,23.865572696000072],[108.41614087600004,23.827883069000052],[108.42805136000004,23.797013366000044],[108.44614772300008,23.77041108000003],[108.47930124200008,23.745179919000066],[108.47631698300006,23.707490547000077],[108.50919950600007,23.675440667000032],[108.54527582000009,23.68878237200005],[108.57838839500005,23.71696797900006],[108.60011241100005,23.736645714000076],[108.62690737700007,23.76507620600006],[108.65074395700009,23.781179818000055],[108.68685897200004,23.808958742000073],[108.72022930200006,23.823567165000043],[108.76893809900008,23.778721009000037],[108.77349609800007,23.745336577000046],[108.76587701900007,23.711153841000055],[108.77706125100008,23.66934165200007],[108.78641146600006,23.63789468300007],[108.79927630600008,23.60337149000003],[108.81229642900007,23.57836221900004],[108.82822763400009,23.553432903000044],[108.85534506200008,23.513851405000025],[108.85870332900004,23.471335724000028],[108.85916678800004,23.442789955000023],[108.87663919300007,23.413806796000074],[108.91153884800008,23.402068490000033],[108.95377837900008,23.403209512000046],[108.99773627600007,23.396674456000028],[109.03039121600006,23.37803479100006],[109.05890437800008,23.36744162900004],[109.09339450900006,23.367423866000024],[109.10768626600009,23.328787673000022],[109.13200387300009,23.311266657000033],[109.17001679800006,23.30677505500006],[109.21992053100007,23.31184064400003]]]}},{"type":"Feature","properties":{"code":"CN045120","name":"Qinzhou","label":"Qinzhou · 钦州市","type":"Prefecture-level city","parentCode":"CN-GX"},"geometry":{"type":"MultiPolygon","coordinates":[[[[109.65063621600007,22.675344652000035],[109.66416149800006,22.62965740800007],[109.68251433700004,22.607755465000025],[109.71300839100007,22.582003304000068],[109.75082388700008,22.591842420000035],[109.77926112700004,22.61239747600007],[109.81915474800007,22.594977200000073],[109.84032127000006,22.55355240800003],[109.84585428900004,22.520463477000078],[109.82868019000006,22.467698305000056],[109.82213737400008,22.397219367000048],[109.83351669300004,22.361037585000076],[109.82137212000004,22.32395200700006],[109.79118910000005,22.320645094000042],[109.76171492300006,22.34919295800006],[109.72888077900006,22.37629944200006],[109.69378831700004,22.376960489000055],[109.66435986100004,22.34133040300003],[109.62584619900008,22.325062390000028],[109.57250413400004,22.306642286000056],[109.55318717100005,22.272549327000036],[109.54996156100009,22.228785204000076],[109.53511247700004,22.18976529500003],[109.52104459800006,22.158497778000026],[109.54314255400004,22.08065106400005],[109.56653080500007,22.046082304000038],[109.58233869700007,22.007246316000078],[109.55893089700004,21.986240723000037],[109.54953972800007,21.959607778000077],[109.58908776800007,21.931848916000035],[109.53194686700004,21.921047695000027],[109.50849939500006,21.903217331000064],[109.49528236900005,21.87740185000007],[109.46539800100004,21.886762458000078],[109.44186314500007,21.909019492000027],[109.41437971600004,21.917506098000047],[109.36382856600005,21.894456690000027],[109.32502391600008,21.896729838000056],[109.28708559300009,21.93683668700004],[109.25710773400004,21.99944610400007],[109.24383569000008,21.96084501400003],[109.25640459300007,21.922419182000056],[109.24106454000008,21.88968515700003],[109.21465036600006,21.860311240000044],[109.18546357400004,21.844536521000066],[109.14387825800009,21.844849359000023],[109.10684666700007,21.852555136000035],[109.09068535100005,21.881313302000024],[109.06464276200006,21.904786923000074],[109.03896374700008,21.884052937000035],[109.02807494600006,21.849117575000037],[108.99989420700007,21.83285902800003],[108.95677523800003,21.820746660000054],[108.93790977800006,21.797885698000073],[108.91120085900008,21.76287847800006],[108.90519624100006,21.773910373000035],[108.90527364900004,21.773944517000075],[108.90838739600008,21.778266436000024],[108.90776857500003,21.78384891500008],[108.90396725100004,21.777464262000024],[108.89708819700007,21.77399035600007],[108.89089344600006,21.77278873100005],[108.88473094000005,21.76239754200003],[108.86971090300005,21.754627497000058],[108.86282540800005,21.762802279000027],[108.86298432700005,21.76386658800004],[108.86482114300009,21.77603017000007],[108.86199225100006,21.784107575000064],[108.86846858100006,21.794198601000062],[108.87206363100006,21.804099724000025],[108.87098642600006,21.809269656000026],[108.86537775400006,21.795043340000063],[108.86004738700007,21.791143790000035],[108.85632464300005,21.79550499900006],[108.85446818300005,21.783528045000025],[108.85050969800005,21.787064160000057],[108.84835856100005,21.796169658000053],[108.85060792300004,21.80359550000003],[108.85796500800006,21.812236064000047],[108.85975598500005,21.817599173000076],[108.85600377400004,21.817206271000032],[108.84599460200008,21.807341163000046],[108.83450222700009,21.80988192800004],[108.82568485700006,21.815303972000038],[108.81487351200008,21.818460282000046],[108.79939318400005,21.820814418000055],[108.78058628800005,21.820703096000045],[108.77813720100005,21.81802809000004],[108.78608691200009,21.815716518000045],[108.81881562600006,21.81265515900003],[108.82035121600006,21.811198149000063],[108.81967018700004,21.808516594000025],[108.81855041700004,21.805006672000047],[108.81939843000004,21.79942419400004],[108.80980835400004,21.784389154000053],[108.81378975800004,21.784159962000047],[108.81781045200006,21.791785529000038],[108.82424050500003,21.791222865000066],[108.83260878200008,21.76612161500003],[108.84375467900009,21.739404756000056],[108.84486118400008,21.73477988700006],[108.84477988100008,21.734693635000042],[108.84178073100009,21.73151440500004],[108.83338245700008,21.730322603000047],[108.83026871100009,21.727444598000034],[108.83817913200005,21.720375641000032],[108.83970490000007,21.71664634900003],[108.83812674500007,21.711902061000046],[108.83422295700007,21.709011135000026],[108.82950546800004,21.708639290000065],[108.82949927800007,21.708640977000073],[108.82466003900004,21.71341800700003],[108.82317835400005,21.71374995700006],[108.81428884200005,21.721964096000022],[108.81223452200004,21.743245796000053],[108.80695981600007,21.749885835000043],[108.79859100900006,21.755510878000052],[108.79725514400008,21.75448278500005],[108.80336804000007,21.73977843800003],[108.80657346300006,21.73807259000006],[108.80223844700004,21.735030876000053],[108.79670835500008,21.735060343000043],[108.78633247600004,21.738007106000055],[108.78588063900008,21.735528551000073],[108.79226529200008,21.732807707000063],[108.79049723400004,21.73075152100006],[108.78475104600005,21.730987262000042],[108.78208258900008,21.728728077000028],[108.78428611300006,21.72685524600007],[108.79091632900008,21.727028777000044],[108.80531290300007,21.730676215000074],[108.80578894900009,21.72981821600007],[108.80508467400006,21.730468984000026],[108.80185405800006,21.721333223000045],[108.79329011000004,21.716685639000048],[108.79371575400006,21.71502563000007],[108.79935419300006,21.714263929000026],[108.79585303100004,21.704363099000034],[108.82327076300004,21.689950186000033],[108.82942944100006,21.670568665000076],[108.83639974800008,21.65954544600004],[108.83650991400003,21.65937685800003],[108.82782617200007,21.64974500900007],[108.82981032500004,21.648081725000054],[108.83400782500007,21.64971226700004],[108.83934801500004,21.654643183000076],[108.83959518700004,21.65465544500006],[108.84240130200004,21.650361230000044],[108.85522316100008,21.635521604000076],[108.85093534100008,21.633704796000075],[108.84426910900004,21.62712696600005],[108.84028770800006,21.62557864400003],[108.83794642900006,21.627105741000037],[108.82335955900004,21.629664355000045],[108.81971075000007,21.629170971000065],[108.81910047900004,21.629536763000033],[108.81165171800006,21.64094073600006],[108.79532010300005,21.643713967000053],[108.78603452500005,21.640662430000077],[108.77980048500007,21.63387177900006],[108.77361228200004,21.632869880000044],[108.76914957400004,21.62565685900006],[108.75721845800007,21.624684427000034],[108.74858116900003,21.620179154000027],[108.74368954200008,21.61503541600007],[108.74347979300006,21.613677302000042],[108.72905967200006,21.62586423500005],[108.72850716500005,21.62688795100007],[108.73209239300007,21.636586075000025],[108.73056662500005,21.640934187000028],[108.72453734000004,21.649196886000027],[108.73472248900003,21.651460196000073],[108.74817727900006,21.658167001000038],[108.74829456600008,21.65828305200006],[108.74855170100005,21.657796220000023],[108.75251018600005,21.654469652000046],[108.75405887300008,21.65466937700006],[108.75473662900004,21.65714465800005],[108.75232683200005,21.661289771000042],[108.75521793400009,21.664996144000042],[108.75516457700007,21.665080715000045],[108.75865844200007,21.66853778600006],[108.75059881100009,21.672572752000065],[108.75216639700005,21.674108189000037],[108.75202888100006,21.688576795000074],[108.74871868400004,21.68858989200004],[108.74355202700008,21.67373493300005],[108.73293385800008,21.670064576000073],[108.72540979000007,21.66948177200004],[108.72522643500008,21.67588934400004],[108.71925432900008,21.674677897000038],[108.71612066400007,21.67624746900003],[108.71579604900006,21.678045827000062],[108.72428699300008,21.691169342000023],[108.72785318900009,21.707918885000026],[108.72467628800007,21.722704072000056],[108.71874577400007,21.728849456000034],[108.72041338900004,21.72964812200007],[108.72617267400005,21.730447022000078],[108.72331103900007,21.734182863000058],[108.72798002200005,21.739326601000073],[108.71978802100006,21.73688406200006],[108.71386316300004,21.731588739000074],[108.71303176200007,21.73178137600007],[108.71204458300008,21.733822703000044],[108.71630756600007,21.749096757000075],[108.71499789400008,21.751169314000038],[108.71008989700005,21.742924926000057],[108.70588584800004,21.743357118000063],[108.70543728500007,21.740259743000024],[108.70703181100004,21.73659920800003],[108.70805335600005,21.73425489500005],[108.70782327400008,21.73298819200005],[108.69432505800006,21.736115751000057],[108.67198089300007,21.737598068000068],[108.66255234800008,21.736149494000074],[108.65701214800004,21.738616104000073],[108.65148860500005,21.739467391000062],[108.64529467600005,21.738399558000026],[108.64566482600009,21.742717708000043],[108.65611496700006,21.75401893800006],[108.66843768200005,21.769988242000068],[108.68372600400005,21.783223344000078],[108.69905337500006,21.794599594000033],[108.70263528000004,21.810417851000068],[108.66979932900006,21.798868368000058],[108.67456830700007,21.804053886000077],[108.68192211700006,21.816630015000044],[108.67861192000004,21.817055658000072],[108.67527880400007,21.81438392700005],[108.67430964600004,21.813054609000062],[108.66199180600006,21.796122205000074],[108.66114053500007,21.79582278500004],[108.65115053600005,21.79881324300004],[108.65006106200008,21.811649986000077],[108.64839777800006,21.81457382900004],[108.64642344700007,21.814328266000075],[108.64495006500005,21.810644812000078],[108.64748009500005,21.799911972000075],[108.64062321700004,21.801964546000022],[108.64120082000005,21.772307540000043],[108.61788163200004,21.772837328000037],[108.62030085600009,21.748773724000046],[108.62042458700006,21.742435315000023],[108.61234249600005,21.736327451000022],[108.61830150600008,21.734028976000047],[108.61917243800008,21.730306232000032],[108.61760738000004,21.726796310000054],[108.60917636300007,21.719393387000025],[108.60607898800004,21.718990663000056],[108.60078702300007,21.72094250400005],[108.59644238300007,21.72888739600006],[108.59129170300008,21.743632210000044],[108.58515801900006,21.75836051600004],[108.57521541800008,21.770235484000068],[108.57498169600007,21.78135792200004],[108.58644614800005,21.79083094600003],[108.60350621600008,21.81244945900005],[108.60424797000007,21.82358305500003],[108.60594938500009,21.835663753000063],[108.62074600200003,21.873921618000054],[108.60147947600007,21.86243414300003],[108.60672727600007,21.869442555000035],[108.61428081200006,21.87499229200006],[108.61650725500004,21.879320759000052],[108.60122010400005,21.87421958500005],[108.59478633800006,21.869697941000027],[108.59322455400007,21.86640084100003],[108.58699634500005,21.853798719000054],[108.58231852200004,21.851009614000077],[108.59039604400004,21.884514852000052],[108.56408524200003,21.881956342000024],[108.56427097100004,21.885790541000063],[108.55891354000005,21.88145343700006],[108.55546510800008,21.88111810500004],[108.54631105200008,21.901339739000036],[108.54027032700009,21.89999317400003],[108.54383025900006,21.910193012000036],[108.53629309400009,21.904640001000075],[108.53284430500008,21.898337807000075],[108.53274786200006,21.89831630900005],[108.51742819000003,21.886920060000023],[108.50997502300004,21.871029070000077],[108.50271931100008,21.86588123200005],[108.49632189200008,21.868204914000046],[108.48857845400005,21.86864692900008],[108.48635201100006,21.865556102000028],[108.48616472300006,21.863685246000045],[108.46679524800004,21.883781602000056],[108.46762042100005,21.885456574000045],[108.46785616200003,21.89020413700007],[108.46392714500007,21.90737394200005],[108.47752481900005,21.931920477000062],[108.47730872300008,21.93543039900004],[108.47065886100006,21.93297476300006],[108.45997520900005,21.917098259000056],[108.45818423200006,21.90759986000006],[108.45881614900009,21.90077646700007],[108.46275047400007,21.88797816500005],[108.43023295700004,21.921715971000026],[108.39503025100004,21.929231317000074],[108.35222105800005,21.922350834000042],[108.32235180500004,21.914975162000076],[108.29446472600006,21.90583311900008],[108.25847911900007,21.908714795000037],[108.23278809000004,21.92972084300004],[108.21267361500009,21.954558809000048],[108.17231825700009,21.997154221000073],[108.19318843300005,22.03592389800008],[108.18443491600004,22.063415363000047],[108.17642797200006,22.108241813000063],[108.17773364300007,22.13562297200008],[108.18894598100007,22.179738461000056],[108.21319391200007,22.197424871000067],[108.25650886100004,22.214682178000032],[108.29721840800005,22.229722034000076],[108.32734285600009,22.245298048000052],[108.36297373200006,22.267879848000064],[108.39413510300005,22.282104676000074],[108.42390075100008,22.282616906000044],[108.45371875700005,22.26855348500004],[108.48648236300005,22.278703472000075],[108.51907735900005,22.307049255000038],[108.52560354000008,22.365971873000035],[108.53791864300007,22.39775576200003],[108.55926916200008,22.418899271000043],[108.60040920300008,22.425625394000065],[108.61887862600008,22.447574227000075],[108.65697465600005,22.445087363000027],[108.70294651700004,22.45100734700003],[108.73158958800008,22.472324624000066],[108.75434057700005,22.49664369800007],[108.77929756200007,22.51328613800007],[108.81372423600004,22.53519436700003],[108.84180112700005,22.54508585700006],[108.87789837900004,22.531092073000025],[108.92501536700007,22.54831625500003],[108.96750926500005,22.559934041000076],[108.99961930400008,22.549883978000025],[109.03325465400007,22.53667859500007],[109.08521047500005,22.538040866000074],[109.11609738100009,22.535654124000075],[109.16004672000008,22.53131409100007],[109.21116614000005,22.528500278000024],[109.25562668100008,22.522768479000035],[109.29654037300008,22.540126721000036],[109.29398401100008,22.57962388800007],[109.29873680500003,22.616564262000054],[109.32678031000006,22.648140571000056],[109.39743336700008,22.656147743000076],[109.43417461100006,22.633802154000023],[109.46727379100008,22.658179345000065],[109.49911797000004,22.66168248500003],[109.53122910900004,22.664586064000048],[109.56177349000006,22.677059260000078],[109.59187504300007,22.707236229000046],[109.65063621600007,22.675344652000035]]],[[[108.82868073300006,21.79772162000006],[108.82404449300009,21.797541540000054],[108.82166416300004,21.807059584000058],[108.82544584200008,21.811584502000073],[108.82720080300004,21.80992449200005],[108.83135246500007,21.800809172000072],[108.82868073300006,21.79772162000006]]],[[[108.89797586300006,21.770725499000037],[108.89244045200007,21.76652785700003],[108.89240284400006,21.766783883000073],[108.89462928700004,21.769249341000034],[108.89797586300006,21.770725499000037]]],[[[108.82842862100006,21.792558236000048],[108.82869222400006,21.792020255000068],[108.82786372900006,21.792297287000054],[108.82842862100006,21.792558236000048]]]]}},{"type":"Feature","properties":{"code":"CN045130","name":"Wuzhou","label":"Wuzhou · 梧州市","type":"Prefecture-level city","parentCode":"CN-GX"},"geometry":{"type":"Polygon","coordinates":[[[111.63987783800007,23.852870298000028],[111.62516377300005,23.83647107400003],[111.60937085100005,23.81398057100006],[111.60529111600005,23.789596990000064],[111.61490399700006,23.766919075000033],[111.64210952200006,23.749540769000077],[111.65563697000005,23.731354703000022],[111.66041461500004,23.716846325000063],[111.66427325500007,23.71138763700003],[111.63889057500006,23.710672070000044],[111.62226623500004,23.704459056000076],[111.61425630900004,23.676477513000066],[111.61315995300004,23.65929423800003],[111.59841536400006,23.64311280900006],[111.57008058500008,23.633351338000068],[111.52626656500007,23.643582970000068],[111.48822026600004,23.640195713000026],[111.47625730500005,23.59321529600004],[111.47619463300003,23.581452780000063],[111.46736094300007,23.569742106000035],[111.43604769000007,23.54276244500005],[111.42233122600004,23.527450419000047],[111.41461744300005,23.516296243000056],[111.40174084200004,23.49768671700008],[111.38705092800006,23.47875390200005],[111.38408386300006,23.46881387600007],[111.37624129400007,23.45617838100003],[111.37828843400007,23.416116515000056],[111.37892710700004,23.40365076200004],[111.36614845600008,23.372021333000077],[111.34460872000005,23.33589347000003],[111.34939559900005,23.31776439600003],[111.35320269600004,23.293440476000058],[111.35506784200004,23.281507300000044],[111.37132752300005,23.224356655000065],[111.36732479600005,23.19809772800005],[111.37009901100004,23.166369454000062],[111.37482946700004,23.139160135000054],[111.38346686800008,23.116460867000058],[111.38918437600006,23.09649001400004],[111.39881554900006,23.082843945000036],[111.40458097600003,23.073754507000046],[111.40745037400006,23.06558204600003],[111.41222024300004,23.051047337000057],[111.40630958200006,23.030228441000077],[111.39174348300008,23.022145438000052],[111.37036099600004,23.006836390000046],[111.36506027500008,23.000600296000073],[111.35576891800008,22.98967446100005],[111.35024253400007,22.977724567000053],[111.34697682900008,22.970674880000047],[111.35848807300005,22.94613511400007],[111.35841984400008,22.92981320000007],[111.32544937600005,22.90910328900003],[111.30213603200008,22.883804661000056],[111.29048287100005,22.872062391000043],[111.27590066800008,22.850347097000054],[111.26331756800005,22.838602851000076],[111.25161228500008,22.80870802100003],[111.23611113800007,22.796064658000034],[111.22353348700005,22.78884452500006],[111.21095091600006,22.77618269100003],[111.16840170000006,22.755443054000068],[111.14714222600008,22.752782797000066],[111.11527480400008,22.751044222000075],[111.10754064100007,22.750159025000073],[111.08822345400006,22.749293279000028],[111.08012811000009,22.723523800000066],[111.08721120700005,22.71571978000003],[111.09201912300006,22.701179296000078],[111.08717977200007,22.686671387000047],[111.07751475500004,22.675797717000023],[111.04855925600003,22.67222397300003],[111.03795213000006,22.67133530500007],[111.01286320500009,22.66139090300004],[110.99259527600009,22.656875037000077],[110.95497895400007,22.646022134000077],[110.92699839900007,22.643321902000025],[110.90674440600009,22.641517302000068],[110.89614257900007,22.629719772000044],[110.87803610600008,22.615095180000026],[110.86772759300004,22.642792179000025],[110.85684857100006,22.66814192100003],[110.84161037600006,22.694355820000055],[110.81531724100006,22.715916641000035],[110.78641494700008,22.71246189200008],[110.75797258800009,22.75034269100007],[110.75228043700008,22.781173091000028],[110.75912318500008,22.81303498500006],[110.78003545500007,22.840037007000035],[110.76472040400006,22.867584686000043],[110.73293156700004,22.86090798300006],[110.72091292900006,22.894840260000024],[110.71374278500008,22.924729606000028],[110.72162433100004,22.95159508200004],[110.73557886000009,22.994860370000026],[110.73327072500007,23.02433794700005],[110.71480350400009,23.077306531000033],[110.67945716300005,23.068248011000037],[110.65337227900005,23.10017860000005],[110.62738336300004,23.123031946000026],[110.59597466900004,23.11813747000008],[110.55946819200005,23.097296896000046],[110.54597165000007,23.13024689200006],[110.52949014700005,23.158638929000062],[110.53003264000006,23.186768572000062],[110.54117272600007,23.219559049000054],[110.57893645200005,23.224992933000067],[110.60287724800008,23.245223061000047],[110.63237771500008,23.287272207000058],[110.63385473100004,23.320842312000025],[110.60400539300008,23.337277851000067],[110.56512512300009,23.340002396000045],[110.55160026300007,23.368403933000025],[110.56093754900007,23.394347839000034],[110.57653701200007,23.423994605000075],[110.57997353800005,23.455303471000036],[110.60631082600008,23.48324683100003],[110.61857317400006,23.511477081000066],[110.61207323300005,23.557159254000055],[110.60534563900006,23.58562160400004],[110.58614087600006,23.63477389800005],[110.56345227100007,23.686588287000063],[110.55084157000005,23.715417623000064],[110.53996103400004,23.758752207000043],[110.54195004900004,23.78910379900003],[110.55459734700008,23.824560088000055],[110.53026729500004,23.85187820400006],[110.50614314600006,23.833031969000047],[110.47092720700005,23.83802589800007],[110.45973403000005,23.86639530700006],[110.42868029000005,23.88365004900004],[110.38987088900006,23.89716724400006],[110.35780250500005,23.916648750000036],[110.35486998200008,23.944660188000057],[110.37539185200006,23.97434346500006],[110.37770556800007,24.01056473400007],[110.37796577600005,24.053985872000055],[110.34482228000007,24.074794139000062],[110.31134055600006,24.08609106800003],[110.31615527800005,24.119168931000047],[110.34830921400004,24.157139788000052],[110.38763425300004,24.148623333000046],[110.42538612600003,24.146858954000038],[110.40525992600004,24.17914696500003],[110.40089490000008,24.206666307000035],[110.40484356800005,24.234292993000054],[110.38581159500006,24.257545377000042],[110.36169884700007,24.29202117600005],[110.32453161100005,24.313207430000034],[110.27623778200007,24.351389183000038],[110.33169790700003,24.35216527600005],[110.36175556900008,24.34579799100004],[110.40171487000003,24.36394735700003],[110.41803362200005,24.386751205000053],[110.45314806400006,24.371386777000055],[110.49073208500005,24.384953967000058],[110.50754523900008,24.409552847000043],[110.57025423100004,24.42113493100004],[110.57932202700005,24.346626653000044],[110.57460573900005,24.300032299000065],[110.59859475200005,24.269125148000057],[110.63567058900009,24.247841575000052],[110.66968655900007,24.23464891200007],[110.69546936100005,24.212767177000046],[110.69684821000004,24.183403786000042],[110.67173310300007,24.120300366000038],[110.66430315700006,24.09037859700004],[110.67784896000006,24.06610631800004],[110.71071856000009,24.05966204300006],[110.68760536400004,24.030931919000068],[110.67330014600009,24.004552086000047],[110.68701256100007,23.967149819000042],[110.72280180400008,23.958469188000038],[110.75000733700006,23.97140780600006],[110.78494003800006,23.95365115800007],[110.81609997500004,23.922277070000064],[110.84802868300005,23.90763699400003],[110.85575764400005,23.87331848200006],[110.82572140200006,23.852231921000055],[110.85574824500009,23.83123210900004],[110.86056805800007,23.79326218400007],[110.87902678500006,23.758113037000044],[110.86768885000004,23.72542287600004],[110.87920883000004,23.69881037500005],[110.91165358900008,23.67328021700007],[110.94071291900008,23.682181554000067],[110.94904368800007,23.72435689200006],[110.97370850000004,23.743565356000033],[110.98115095200006,23.779388330000074],[110.99791570500008,23.809389796000062],[111.00538958300007,23.842936759000054],[111.04630507600007,23.85364469900003],[111.07193423400008,23.879618162000043],[111.09175828800005,23.90237735900007],[111.11392373900009,23.936455238000065],[111.13866314500007,23.958783048000043],[111.17770126600004,23.974771473000033],[111.19990135200004,23.940149983000026],[111.22600562900004,23.91541384800007],[111.25787541300008,23.896581366000078],[111.29455445000008,23.891332187000046],[111.32673099200008,23.898724713000036],[111.36964108000006,23.912936416000036],[111.38216080300003,23.943751710000072],[111.37991860300008,23.992595851000033],[111.36550393900006,24.031887281000024],[111.37358464800008,24.070812183000044],[111.39344804200005,24.10570912600008],[111.42612680300005,24.12934125700008],[111.45795672600008,24.128997003000052],[111.45729943200007,24.16290284300004],[111.46150086600005,24.202244961000076],[111.49772234000005,24.212299458000075],[111.53458511400004,24.190253212000073],[111.56704971700009,24.155525647000047],[111.56571920300007,24.119807947000027],[111.55262014300007,24.08948262900003],[111.53852807500004,24.064122215000054],[111.53378360200009,24.02838648200003],[111.55832392600007,24.007189883000024],[111.58624220400009,23.996397844000057],[111.62397568400007,23.970234959000038],[111.63045003300005,23.930887992000066],[111.62858468900004,23.89786005900004],[111.63406415900005,23.86664891600003],[111.63987783800007,23.852870298000028]]]}},{"type":"Feature","properties":{"code":"CN045140","name":"Yulin","label":"Yulin · 玉林市","type":"Prefecture-level city","parentCode":"CN-GX"},"geometry":{"type":"Polygon","coordinates":[[[110.87803610600008,22.615095180000026],[110.86916948500004,22.60793107300003],[110.85663758600003,22.60066702000006],[110.83829860400004,22.609746937000068],[110.80167060900004,22.60337717300007],[110.78431905200006,22.603367887000047],[110.76986460200004,22.600626053000042],[110.75736835300006,22.582458141000075],[110.74486107000007,22.57154853700007],[110.73142123600007,22.550646801000028],[110.73437586100005,22.523402970000063],[110.74116811000005,22.502522430000056],[110.74503650700007,22.492531748000033],[110.72579640100008,22.489785769000036],[110.70169817400006,22.49520145200006],[110.68055019100007,22.482451886000035],[110.68743945200004,22.46578869800004],[110.69217723800006,22.454307296000025],[110.71725791500006,22.434360020000042],[110.72402913700006,22.425286878000065],[110.70784679700006,22.35529384800003],[110.73002495600008,22.33350821500005],[110.75601871200007,22.316271959000062],[110.76759525300008,22.298108546000037],[110.76856523000004,22.293560166000077],[110.76570560300007,22.281742585000075],[110.74579463300006,22.279624959000046],[110.72247743300005,22.277145291000068],[110.68114861100008,22.284356805000073],[110.65611760400009,22.29612561600004],[110.64754973700008,22.269745589000024],[110.63415164500009,22.256988430000035],[110.64093403700008,22.240636276000032],[110.63906552600008,22.227907493000032],[110.62092989400008,22.194221498000047],[110.59022018700006,22.193241413000067],[110.58245434100007,22.210498130000076],[110.56128557700004,22.224986976000025],[110.54689199400008,22.222217586000056],[110.52770648400008,22.216704995000043],[110.52203885400007,22.196686036000074],[110.50578307000006,22.18389663100004],[110.50100768400006,22.178425745000027],[110.48183607700008,22.17562283500007],[110.46159699400005,22.19010481400005],[110.44328674000008,22.20276338900004],[110.42884261700004,22.209975856000028],[110.39332399200003,22.209823779000033],[110.38183549800004,22.203406577000067],[110.37029733000008,22.205171583000038],[110.36167104700007,22.20513051300003],[110.34534054800008,22.205049861000077],[110.31747867600006,22.208549615000038],[110.31857837400008,22.18763874600006],[110.33127434400006,22.154964438000036],[110.33520533900008,22.14134365600006],[110.33250505300003,22.114953412000034],[110.33186507000005,22.066737233000026],[110.33786483100005,22.029462957000078],[110.33896403900007,22.00944949700005],[110.35150655400008,21.99495452700006],[110.36213629000008,21.980443768000043],[110.36407404800008,21.97590176700004],[110.36136524900007,21.951321698000072],[110.36091626000007,21.95002882500006],[110.35666230500004,21.937643527000034],[110.32515841500003,21.923830930000065],[110.30217441300005,21.925534139000035],[110.25906316100009,21.930754784000044],[110.23613593800007,21.925158759000055],[110.22275707600005,21.919613299000048],[110.21954240800005,21.917238826000073],[110.20659219900006,21.907682949000048],[110.18263950400006,21.911167300000045],[110.15283680500005,21.92553285500003],[110.14132064300009,21.929093257000034],[110.11935311900004,21.924388600000043],[110.10406025300006,21.921551946000022],[110.10413273800003,21.91335992100005],[110.08797583900008,21.900494569000045],[110.08224574100007,21.89954295700005],[110.04970610500004,21.900201176000053],[110.01326986600009,21.906287045000056],[109.97407216500005,21.90231678600003],[109.96838991700008,21.896806780000077],[109.94661343200005,21.874767397000028],[109.92596441900008,21.837255049000078],[109.90768764200004,21.76241241100007],[109.90050602900004,21.720444345000033],[109.90454662700006,21.700437540000053],[109.88659295000008,21.68387468800006],[109.82953244200007,21.664192057000037],[109.79121982800007,21.67382795000003],[109.75568525200003,21.69076016100007],[109.69636970600004,21.653366077000044],[109.66542051500005,21.67484404100003],[109.65882706400004,21.711198586000023],[109.67229069200005,21.747501855000053],[109.67327040900005,21.787194455000076],[109.66842660900005,21.829948858000023],[109.67185392500005,21.86648817500003],[109.66343319900005,21.899130184000057],[109.63823332000004,21.913189982000063],[109.58908776800007,21.931848916000035],[109.54953972800007,21.959607778000077],[109.55893089700004,21.986240723000037],[109.58233869700007,22.007246316000078],[109.56653080500007,22.046082304000038],[109.54314255400004,22.08065106400005],[109.52104459800006,22.158497778000026],[109.53511247700004,22.18976529500003],[109.54996156100009,22.228785204000076],[109.55318717100005,22.272549327000036],[109.57250413400004,22.306642286000056],[109.62584619900008,22.325062390000028],[109.66435986100004,22.34133040300003],[109.69378831700004,22.376960489000055],[109.72888077900006,22.37629944200006],[109.76171492300006,22.34919295800006],[109.79118910000005,22.320645094000042],[109.82137212000004,22.32395200700006],[109.83351669300004,22.361037585000076],[109.82213737400008,22.397219367000048],[109.82868019000006,22.467698305000056],[109.84585428900004,22.520463477000078],[109.84032127000006,22.55355240800003],[109.81915474800007,22.594977200000073],[109.77926112700004,22.61239747600007],[109.75082388700008,22.591842420000035],[109.71300839100007,22.582003304000068],[109.68251433700004,22.607755465000025],[109.66416149800006,22.62965740800007],[109.65063621600007,22.675344652000035],[109.68075253600006,22.70640323300006],[109.70789690200007,22.721486019000054],[109.73306666300005,22.738342611000064],[109.74302839700005,22.76625051700006],[109.73992773800006,22.796172950000027],[109.73911080000005,22.831133985000065],[109.77082120100005,22.85899792600003],[109.79887771200003,22.878607337000062],[109.82481924800004,22.906796882000037],[109.82174922000007,22.936252677000027],[109.82528297400006,22.97218213700006],[109.83758094900008,23.006457182000077],[109.85793281200006,23.026804191000053],[109.88162868200004,23.04992981500004],[109.91575822200008,23.038746325000034],[109.95747031000008,23.01134343800004],[110.00268747700005,22.953112026000042],[110.03977635500007,22.936486100000025],[110.08284014400004,22.934472775000074],[110.10413648600007,22.90848706400004],[110.14342301500005,22.90139295800003],[110.17810834000005,22.90692997000008],[110.21131174300007,22.88836539700003],[110.26788660700004,22.88602332800008],[110.25321461000004,22.92303987500003],[110.25072281700005,22.954328486000065],[110.27162281600005,22.975515683000026],[110.28403361200009,23.01245817800003],[110.31925979000005,23.049573612000074],[110.35835820700004,23.052982548000045],[110.38570823400005,23.067420652000067],[110.41264118600009,23.07776246900005],[110.44158784800004,23.084036783000045],[110.48195090700005,23.103604592000067],[110.51659287900009,23.119458330000043],[110.54597165000007,23.13024689200006],[110.55946819200005,23.097296896000046],[110.59597466900004,23.11813747000008],[110.62738336300004,23.123031946000026],[110.65337227900005,23.10017860000005],[110.67945716300005,23.068248011000037],[110.71480350400009,23.077306531000033],[110.73327072500007,23.02433794700005],[110.73557886000009,22.994860370000026],[110.72162433100004,22.95159508200004],[110.71374278500008,22.924729606000028],[110.72091292900006,22.894840260000024],[110.73293156700004,22.86090798300006],[110.76472040400006,22.867584686000043],[110.78003545500007,22.840037007000035],[110.75912318500008,22.81303498500006],[110.75228043700008,22.781173091000028],[110.75797258800009,22.75034269100007],[110.78641494700008,22.71246189200008],[110.81531724100006,22.715916641000035],[110.84161037600006,22.694355820000055],[110.85684857100006,22.66814192100003],[110.86772759300004,22.642792179000025],[110.87803610600008,22.615095180000026]]]}}]}
