{"type":"FeatureCollection","name":"admin2_chn_cn-hn","adm0A3":"CHN","parentCode":"CN-HN","parentName":"Hunan","bbox":[108.79271460700005,24.651553936000028,114.2467645050001,30.134730988000058],"features":[{"type":"Feature","properties":{"code":"CN043010","name":"Changde","label":"Changde · 常德市","type":"Prefecture-level city","parentCode":"CN-HN"},"geometry":{"type":"Polygon","coordinates":[[[111.26402424100007,29.997717959000056],[111.27709807600007,29.98816596900008],[111.28853388900006,29.964997543000038],[111.33037499000005,29.951497956000026],[111.33761852200007,29.931013015000076],[111.36998470800006,29.91041732700006],[111.43083694600006,29.936819092000064],[111.46847044300006,29.925956215000042],[111.52277496400006,29.904311629000063],[111.62426692800005,29.900134258000037],[111.67777313100004,29.91400610000005],[111.72902745700009,29.909188080000035],[111.76655073200004,29.891111668000065],[111.79139271200006,29.876408026000036],[111.80919909100004,29.86586617200004],[111.88307398700005,29.826987649000046],[111.99727515100005,29.75919946700003],[112.05129994100002,29.720739113000036],[112.06663067800002,29.708666376000053],[112.09546713000009,29.67810765200005],[112.11292128000002,29.65745183100006],[112.13776341800008,29.64204987900007],[112.14409307200003,29.646430511000062],[112.1536927630001,29.661453504000065],[112.2016299710001,29.64774596500007],[112.20877858300003,29.645698795000044],[112.24563357000011,29.598089859000027],[112.25974183000005,29.56587504500004],[112.2448493070001,29.545578853000052],[112.25484000900008,29.517860572000075],[112.27052743800004,29.52123550300007],[112.29613645900008,29.536390852000068],[112.26741833300002,29.49560311500005],[112.26680109600011,29.444118896000077],[112.24559937700008,29.397873235000077],[112.22996682500002,29.365759711000067],[112.22853655100005,29.33620884900006],[112.25005246900002,29.314796425000054],[112.21486029000005,29.294793811000034],[112.20380909400001,29.246831154000063],[112.18854716600003,29.206522635000056],[112.17585974200006,29.128684933000045],[112.20194602700008,29.10989772100004],[112.24406963700005,29.09536061400007],[112.27800532100002,29.06213155100005],[112.29791682000007,29.06098756500006],[112.31055828600006,29.04767570100006],[112.33734911800002,28.99675140200003],[112.33673778000002,28.97362356800005],[112.32228116400006,28.95040645200004],[112.32691835800006,28.92978372600004],[112.30487928600007,28.88133243300007],[112.31231810500003,28.852064710000036],[112.31683630900011,28.826585443000056],[112.30956717100003,28.812921019000044],[112.28411575400003,28.81455296300004],[112.28750250600001,28.79544246300003],[112.31198979300007,28.774412640000037],[112.31034425500002,28.760632417000068],[112.27875155100003,28.774709726000026],[112.26690696700007,28.767104827000026],[112.2600723270001,28.75305405200004],[112.25758775300005,28.740778999000042],[112.26516767800001,28.717937453000047],[112.24740959300004,28.68454724700007],[112.21185764400002,28.666819899000075],[112.18807390000006,28.64362982600005],[112.1218224270001,28.636991849000026],[112.05773911100005,28.623145472000033],[112.01102506400002,28.64277246000006],[111.97618442600009,28.606981834000067],[111.94166983600007,28.62698234900006],[111.90674816000006,28.639313791000063],[111.88417068000007,28.61197245900007],[111.84767179600004,28.610596013000077],[111.80920849400007,28.59334651200004],[111.77403311400008,28.60959880200005],[111.74115423500007,28.594091095000067],[111.71803378300007,28.623396059000072],[111.68327854400007,28.61095676900004],[111.67913121600009,28.574746923000077],[111.65065083000007,28.55585839200006],[111.63546988600007,28.585926534000066],[111.59914122500004,28.606857431000037],[111.55678925000007,28.60721342200003],[111.47796481300009,28.599556472000074],[111.45283868700005,28.551450878000026],[111.42219600200008,28.52936270600003],[111.38869833400008,28.52992279600005],[111.35513322800006,28.52815029100003],[111.32549513700008,28.508347080000078],[111.28505501600006,28.496061721000046],[111.24924552000004,28.501688441000056],[111.21595133800008,28.505949517000033],[111.18309376400003,28.50614994700004],[111.14273408300005,28.486534040000038],[111.11466105900007,28.461195718000056],[111.09286443700006,28.44039828800004],[111.06179336000008,28.434283098000037],[111.00842857100008,28.423908440000048],[110.96596421700008,28.420349529000077],[110.91536517500003,28.41046605200006],[110.85308754200008,28.409016757000074],[110.86361009900008,28.43727356200003],[110.89492731700005,28.452765181000075],[110.92486480000008,28.469166336000058],[110.94668464600005,28.489547018000053],[110.97489225000004,28.505975271000068],[111.01441072100005,28.50413913500006],[111.04477707400008,28.51655336300007],[111.03569816000004,28.549680083000055],[111.00486819500009,28.575427276000028],[110.97263272800006,28.56700558700004],[110.94073068100005,28.548264276000054],[110.91237702800004,28.561008921000052],[110.92711729200005,28.595754085000067],[110.96873936500003,28.606535546000032],[111.01434583000008,28.618715483000074],[111.03215131900004,28.649995774000047],[111.05474608800006,28.674135428000056],[111.09170314400006,28.687500615000033],[111.10443997900006,28.720973617000027],[111.09549567700009,28.758382246000053],[111.06872456500008,28.788754195000024],[111.05786534800006,28.816877525000052],[111.03787396300004,28.837415787000054],[111.01573422900009,28.857131731000038],[110.98409344100008,28.874954591000062],[110.95221774400005,28.890533167000058],[110.93303448800003,28.92377251100004],[110.93172289400007,28.95216596700004],[110.93477522900008,28.984543262000045],[110.90965168600007,29.011911162000047],[110.88733665300003,29.031669168000064],[110.85504291600006,29.058716779000065],[110.83392032900008,29.098550270000032],[110.89749142000005,29.11624884500003],[110.93070969900003,29.124645772000065],[110.96994830200003,29.118956748000073],[111.00629640100004,29.117517019000047],[111.04005014300009,29.135569751000048],[111.06930587000005,29.15751195000007],[111.10034195400004,29.184030887000063],[111.13200708600004,29.20314334400007],[111.16616142500004,29.20042424600007],[111.20903593500009,29.205684833000078],[111.21492225700007,29.23879283200006],[111.23945331900006,29.260992486000077],[111.24588185900006,29.30524322000008],[111.24933424200009,29.343652434000035],[111.27249231700006,29.420660186000077],[111.28556782300006,29.44728374600004],[111.29380633100004,29.49757179900007],[111.27901424300006,29.539674219000062],[111.25445466500008,29.566963808000025],[111.20249081100008,29.599015992000034],[111.16152918000006,29.59365118100004],[111.12019423000004,29.601234585000043],[111.07339086500008,29.60393110800004],[111.03157502200008,29.612909218000027],[111.00800487300006,29.641993558000024],[110.98100121900006,29.665665379000075],[110.94489059300008,29.665197242000033],[110.91206959800007,29.66831297500005],[110.87054545700005,29.686577662000047],[110.81398632400004,29.680110912000032],[110.75579550500004,29.662155141000028],[110.72721913400005,29.704114326000024],[110.68285501500009,29.69219042800006],[110.64775646500004,29.707057461000034],[110.62317907100004,29.725318411000046],[110.58611845400009,29.759801752000044],[110.59699443900007,29.76888633200008],[110.57999678700008,29.830235342000037],[110.53182226700005,29.84523188000003],[110.51702403600007,29.87187417100006],[110.50130912200007,29.87627579800005],[110.47297747700009,29.89041882400005],[110.46759035000008,29.916196976000037],[110.48298922600009,29.970502818000057],[110.51326811200005,29.98838555900005],[110.51638970800008,29.992840912000077],[110.48584883100006,30.01909706200007],[110.46688851500005,30.035371290000057],[110.49514621600008,30.043467131000057],[110.55172564900005,30.054300202000036],[110.63557076200004,30.062495566000052],[110.65870717600006,30.04564502900007],[110.67234891800007,30.042111264000027],[110.71424154800007,30.058178093000038],[110.70051611400004,30.087502138000048],[110.71830795400007,30.101752781000073],[110.78121925200008,30.12581738600005],[110.83366959900007,30.134730988000058],[110.86096937800005,30.125845500000025],[110.91348986400004,30.04136104300005],[110.94704739500008,30.016442848000054],[111.03196712200008,30.036800906000053],[111.09382863000008,30.044699068000057],[111.14520311900009,30.04280876300004],[111.18920684300008,30.03201995300003],[111.23423289600004,30.01943499600003],[111.26402424100007,29.997717959000056]]]}},{"type":"Feature","properties":{"code":"CN043020","name":"Changsha","label":"Changsha · 长沙市","type":"Prefecture-level city","parentCode":"CN-HN"},"geometry":{"type":"Polygon","coordinates":[[[114.10287343400012,28.539765870000053],[114.11113640100007,28.53465171600004],[114.1473072660001,28.509515236000027],[114.19949345300006,28.49996994600008],[114.20073312400007,28.478509948000067],[114.18344880300003,28.45669390100005],[114.15719896500002,28.443166603000066],[114.1717665330001,28.41953217500003],[114.2055256220001,28.414088045000028],[114.21441644700008,28.40400466500006],[114.24125101800007,28.369141124000066],[114.2467645050001,28.361969361000035],[114.21727218000001,28.31640326100006],[114.19447734000005,28.284027096000045],[114.13511611100012,28.26252376900004],[114.09520963900002,28.23865303900004],[114.07291817700002,28.218738904000077],[114.05148291600005,28.193434522000075],[113.97177524000006,28.174197605000074],[113.97034952400008,28.162624830000027],[113.99158526800011,28.12451701200007],[114.02740162300006,28.093150481000066],[114.02308316400001,28.076949383000056],[114.02030792400001,28.06653924300008],[114.00534512800004,28.049082618000057],[113.98225819600009,28.03363356600005],[113.93260762400007,28.019794055000034],[113.89768709400005,28.017157903000054],[113.88600541700009,28.00495736700003],[113.83983381400003,27.996675027000038],[113.8252202540001,27.99405020200004],[113.78283832500006,27.98174153900004],[113.75989447000006,27.968921600000044],[113.72881219700002,27.957200933000024],[113.72313041200005,27.939467587000024],[113.70912241000008,27.917473550000068],[113.69731155600005,27.86451922400005],[113.67126097300002,27.86151685200008],[113.63204794400008,27.863588442000037],[113.59051087900002,27.87818952200007],[113.5751434870001,27.901713852000057],[113.57179932000008,27.939361104000056],[113.53193937800006,27.939977568000074],[113.49586813400003,27.92439624000008],[113.45974494400002,27.90655046100005],[113.4093261050001,27.88931182300007],[113.3797892,27.866847997000036],[113.35987877900004,27.839328934000036],[113.32130165500007,27.821938059000047],[113.2908031720001,27.82819575800005],[113.26401010100005,27.843783819000066],[113.25994410100009,27.878267406000077],[113.24965949400007,27.927598215000046],[113.23112823600002,27.966705835000027],[113.21357440400004,27.988863329000026],[113.16709259700008,28.029193219000035],[113.14070885100011,28.00890759300006],[113.1179145750001,27.988178133000076],[113.11438288200009,27.954240785000025],[113.08220946600011,27.918360870000072],[113.05590839600006,27.94010785300003],[113.0629482170001,27.96821843600003],[113.05925037400004,27.998238598000057],[113.02135909900005,28.033992114000057],[112.99762390400008,27.979195988000072],[112.97522504500012,27.94588015900007],[112.94418350800004,27.956041235000043],[112.89608881600009,27.951624423000055],[112.85981139600005,27.95020495800003],[112.82945120700003,27.98046037900008],[112.80841840500011,28.02400192700003],[112.78973517500003,28.04916991600004],[112.73568288100012,28.056090910000023],[112.72885315100007,27.993385422000074],[112.71916207000004,27.937632419000067],[112.70108442700007,27.91588342600005],[112.67086931100005,27.906288336000046],[112.63503050500003,27.896725117000074],[112.61341009900002,27.87452873500007],[112.5824013570001,27.893508504000067],[112.568770717,27.917718911000065],[112.53519757800007,27.94379998100004],[112.50919747300009,27.958661756000026],[112.48941039300007,27.98200594700006],[112.47682845800011,28.01118351100007],[112.44167517100004,28.02890555700003],[112.40487111400012,28.028264783000054],[112.38021693400003,28.007841666000047],[112.38055532900012,27.97563643600006],[112.3599960790001,27.949830087000066],[112.31908201500005,27.940657456000054],[112.27614442600009,27.939052342000025],[112.23068052200006,27.944583686000044],[112.18825747300002,27.949180513000044],[112.14371512800005,27.92870163400005],[112.12422179200007,27.904135602000053],[112.09095107300004,27.880471190000037],[112.05618621400004,27.871563260000073],[112.02246056400008,27.870709695000073],[111.97801967900006,27.87254640900005],[111.96478673000007,27.907929152000065],[111.95254909500005,27.934789118000026],[111.93568609800008,27.96163387100006],[111.90552191400008,27.96925766000004],[111.87430095400003,28.013069681000047],[111.88402739000009,28.04752594200005],[111.86920986600006,28.082004140000038],[111.89176106400004,28.116001147000077],[111.89482331800008,28.144610940000064],[111.89735739800005,28.17719703800003],[111.92957375900005,28.205692103000047],[111.96498681600008,28.227131022000037],[112.00664983900003,28.245974254000032],[112.05185039000003,28.247766772000034],[112.09291892100009,28.25308828800007],[112.12773994000008,28.24360546400004],[112.15068847100008,28.208651463000024],[112.18236882200006,28.187974931000042],[112.21569247100001,28.198527727000055],[112.24134375400001,28.220688437000035],[112.28146896800001,28.263324261000037],[112.34664333,28.261847197000066],[112.38678224300008,28.280109503000062],[112.43359466800007,28.30141126600006],[112.46339167000008,28.309303224000075],[112.5038586610001,28.300567276000038],[112.53425809700002,28.320919408000066],[112.54214326200008,28.34987926200006],[112.54899958400006,28.379268960000047],[112.5739193930001,28.414265357000033],[112.60724403400002,28.462552608000067],[112.64139604500008,28.489554012000042],[112.67164503200001,28.48000878700003],[112.71479305000003,28.486095084000056],[112.73700937300009,28.504807792000065],[112.778683881,28.502781261000052],[112.8037372440001,28.478392923000058],[112.84189582600004,28.481539320000024],[112.87394585700008,28.493162711000025],[112.91149613900006,28.494443981000074],[112.9396115290001,28.432196436000027],[112.98761310100008,28.452135846000033],[113.0177689520001,28.47158689300005],[113.05307364900011,28.481686258000025],[113.08836597100003,28.46083733000006],[113.11706222700002,28.447619599000063],[113.15111385600005,28.47680795200006],[113.15689912700009,28.512949252000055],[113.15070848200003,28.545139552000023],[113.14952350200008,28.577624361000062],[113.18073064200007,28.62389071000007],[113.21729170300011,28.596166907000054],[113.25087950900001,28.596953702000064],[113.2876433450001,28.587769571000024],[113.34971576100008,28.59908385400007],[113.37719247300004,28.573973043000024],[113.43348316100003,28.555914192000046],[113.45137271600004,28.533169859000054],[113.46774860500011,28.50605228300003],[113.51501152700007,28.49828380500003],[113.55528992100005,28.49825478300005],[113.59258404000002,28.481238552000036],[113.60587572200006,28.45067882400008],[113.62071414800005,28.420088150000026],[113.67493549000005,28.409798657000067],[113.72320606300002,28.412039918000062],[113.75882962200001,28.423850574000028],[113.77779604900002,28.44890596700003],[113.81961798900011,28.467378280000048],[113.8681048850001,28.46473777700004],[113.90517869100006,28.47167054600004],[113.93615892000003,28.488327863000052],[113.96886245200005,28.515512483000066],[114.00976695400004,28.513289582000027],[114.04321403900008,28.507618791000027],[114.10287343400012,28.539765870000053]]]}},{"type":"Feature","properties":{"code":"CN043030","name":"Chenzhou","label":"Chenzhou · 郴州市","type":"Prefecture-level city","parentCode":"CN-HN"},"geometry":{"type":"Polygon","coordinates":[[[113.93940619300008,26.17724491100006],[113.96083949500007,26.166502080000043],[114.009124971,26.170527396000068],[114.06871430400008,26.182289687000036],[114.10158246900005,26.203783987000065],[114.15907036100009,26.211963489000027],[114.21450971200011,26.218383177000078],[114.22542333000001,26.187520217000042],[114.21191255600002,26.14751279400008],[114.16493345200001,26.12377433200004],[114.10436131000006,26.112095004000025],[114.05545369400011,26.08926115400004],[114.03183339200007,26.072875244000045],[113.99069492300009,26.041706399000077],[114.00302769600012,26.021591602000058],[114.01110764400005,25.988926615000025],[114.01621683700012,25.968203840000058],[114.0038489320001,25.928117748000034],[113.99761910400002,25.92176029700005],[113.98416241300004,25.908008712000026],[113.97153090100005,25.889490727000066],[113.96509296200009,25.84652719500008],[113.94561764700006,25.802127789000053],[113.93027795300009,25.78969241300007],[113.89738942400004,25.763010260000044],[113.88101432400003,25.720302133000075],[113.87580027900003,25.682674673000065],[113.90150022800003,25.645095268000034],[113.9266888410001,25.62280826400007],[113.93777488800004,25.596414915000025],[113.94499606300008,25.573722695000072],[113.94811924100009,25.547543872000062],[113.939445094,25.496503779000022],[113.9315882730001,25.469728143000054],[113.97270710300006,25.439366020000023],[113.9247747170001,25.44382087300005],[113.90549468200004,25.43265813000005],[113.88636425600009,25.42598838200007],[113.87009411100007,25.414736530000027],[113.85730692800007,25.388084477000064],[113.84880448100012,25.37121640400005],[113.8354838350001,25.358976679000023],[113.82722882000007,25.34929661500007],[113.81664795400002,25.328878329000077],[113.77954418800005,25.318172557000025],[113.75018433600007,25.332458485000075],[113.72370600900001,25.343953922000026],[113.70689493100008,25.34619176700005],[113.67782850800006,25.33884217900004],[113.6598323710001,25.33480638800006],[113.65355142300007,25.32416068200007],[113.61566694800001,25.31971714200006],[113.58888949400011,25.32129154300003],[113.56140520500003,25.33277393900005],[113.54279011800008,25.345876799000052],[113.52828381500001,25.356092200000035],[113.49976372000003,25.36668236500003],[113.46785306100003,25.362947011000074],[113.45276123800011,25.35610452700007],[113.42129169100008,25.368546167000034],[113.39990022400002,25.386143682000068],[113.37152152100009,25.402996694000024],[113.3459207300001,25.412579297000036],[113.33057027200005,25.433621110000047],[113.31309611400002,25.450211971000044],[113.30535721100011,25.458483584000078],[113.29510881600004,25.485701129000063],[113.28658064400008,25.502083767000045],[113.26783948500008,25.508794112000032],[113.25401408100004,25.499275176000026],[113.25265072800005,25.498328913000023],[113.19967325800008,25.489576777000025],[113.17078635100006,25.488388582000027],[113.14383582700009,25.485354571000073],[113.1277009910001,25.476690611000038],[113.11932828200008,25.459773088000077],[113.1206762060001,25.432750181000074],[113.11415843100008,25.40949115500007],[113.08281354400003,25.387632960000076],[113.06748370900004,25.36994640300003],[113.03951407400007,25.363304490000075],[113.01744336700006,25.35474269200006],[112.98543631300004,25.345466833000046],[112.96156357500001,25.344129372000054],[112.93737821200011,25.328388594000046],[112.9151145510001,25.309909988000072],[112.87650789700001,25.31602699700005],[112.84683221800003,25.32197313200004],[112.83159288700006,25.306048184000076],[112.83891704100006,25.27530936200003],[112.85347188900005,25.25974079100007],[112.87604171300006,25.247628089000045],[112.9045254460001,25.233593213000063],[112.94999107000001,25.22553222600004],[112.98655583300001,25.218524822000063],[112.99724450600002,25.208409293000045],[112.99606778400005,25.200330068000028],[112.98888779200001,25.189664831000073],[112.9815216930001,25.170900544000062],[112.97344770900008,25.164753052000037],[112.95540774200003,25.156093783000074],[112.95130404700001,25.149872240000036],[112.95295057300007,25.13453262200005],[112.969292515,25.111700803000076],[112.97972780300006,25.09078245200004],[112.98343002600006,25.07900148400006],[112.97910266400004,25.06287255700005],[112.96571139100001,25.039710539000055],[112.97471712700008,24.99899709300007],[112.98102231200005,24.978123544000027],[112.984854315,24.965463602000057],[112.99129701100003,24.943712185000038],[112.97906016600007,24.927732074000062],[112.97235601300008,24.924835791000078],[112.96908003800002,24.92341812500007],[112.93840948100001,24.923107618000074],[112.91579757800002,24.92894512400005],[112.8909215010001,24.922199249000073],[112.87285291500007,24.90991980800004],[112.84204177400011,24.901473942000052],[112.8052939580001,24.894026883000038],[112.7766940250001,24.897235419000026],[112.7704577500001,24.931593673000066],[112.76355804500008,24.93812569200003],[112.75007133700001,24.950868558000025],[112.73377332300004,24.977280739000037],[112.72239047900007,25.00270026000004],[112.70983924900008,25.019129940000028],[112.69319917000007,25.029319391000058],[112.67495589600003,25.059348689000046],[112.65969163800003,25.090225796000027],[112.65791797800011,25.10106046800007],[112.63643329700005,25.122160862000044],[112.63553371300009,25.123042093000038],[112.60794451800007,25.131592744000045],[112.57725708300006,25.13387687900007],[112.54661395500011,25.138859917000048],[112.51885415700008,25.138383840000074],[112.48339074800003,25.15152106900007],[112.45485416700001,25.16454784700005],[112.42445386000009,25.18569439500004],[112.41363087400009,25.19035117100003],[112.39766948800002,25.185176702000035],[112.38069146300006,25.157154253000044],[112.31681781400005,25.24674979400004],[112.31297743800008,25.27515070800007],[112.30816674800008,25.308505942000068],[112.34644861900006,25.325892105000037],[112.37380458300004,25.340618905000042],[112.41365186900009,25.36607979300004],[112.44753416800006,25.388407440000037],[112.42840755500004,25.43174770400003],[112.3957786740001,25.45938978600003],[112.38699352200001,25.486609130000033],[112.37817000500002,25.51395467800006],[112.34091829400006,25.522691704000067],[112.3047173980001,25.547167270000045],[112.27539990900004,25.552696599000058],[112.24111307800001,25.560036618000026],[112.22477704200003,25.58575378000006],[112.21750719200008,25.643383809000056],[112.22063186700007,25.685217167000076],[112.21678502600003,25.725724008000043],[112.24923151400003,25.739543465000054],[112.28160512200009,25.73311518500003],[112.31142494200003,25.714538624000056],[112.34734209600003,25.72201811900004],[112.3614327040001,25.748491673000046],[112.3641502480001,25.79615909200004],[112.34783557500009,25.82457219300005],[112.34897794300002,25.854249339000035],[112.32943060900004,25.90000037200008],[112.27123737200009,25.88337892800007],[112.2463391330001,25.903714114000024],[112.26194394400011,25.934229636000055],[112.27508965200002,25.97463352500006],[112.27173437700003,26.007466280000074],[112.29386153900009,26.038384328000063],[112.32306827100001,26.08274719600007],[112.30514857500009,26.10575042200003],[112.26357778300007,26.097837241000036],[112.22551098400004,26.092144576000067],[112.19428711400008,26.114165614000058],[112.2191537440001,26.138217045000033],[112.25079265600004,26.16550205300007],[112.2904173170001,26.179260257000067],[112.33004319100007,26.190315157000043],[112.37161792900008,26.191005820000044],[112.4051703770001,26.188585647000025],[112.44621615400001,26.18116832000004],[112.49170158400011,26.164724413000044],[112.5191635110001,26.15196966700006],[112.55124835100003,26.15805344100005],[112.58042350900007,26.175820819000023],[112.65104654700008,26.174852703000056],[112.67175639900006,26.135612194000032],[112.70774175200006,26.129034997000076],[112.75203878500008,26.15381965200004],[112.75733846000003,26.202814615000023],[112.81028507300005,26.170380059000024],[112.83822596700008,26.15979076700006],[112.87580684300008,26.161679022000044],[112.90199699800007,26.175798405000023],[112.93210176800005,26.179539927000064],[112.95432906600001,26.151906489000055],[112.9855479790001,26.166852006000056],[112.99600524200002,26.20357107700005],[112.98739848500009,26.238248204000058],[112.9696081940001,26.26133737300006],[112.97046747800005,26.292759579000062],[113.00462582700004,26.29643714200006],[113.04940296300003,26.30671649900006],[113.06872377800005,26.327595431000077],[113.11049105200004,26.337884158000065],[113.13484156400011,26.35689795600007],[113.12977080900009,26.391062714000043],[113.15326190300004,26.420838785000058],[113.15869309000004,26.452175147000048],[113.17209033900008,26.477126025000075],[113.19454043700011,26.501960826000072],[113.15656023700001,26.51945266300004],[113.13364483400005,26.537203074000047],[113.135642329,26.576606466000044],[113.14159692600003,26.611468681000076],[113.14667051100002,26.655292983000038],[113.13742069300008,26.681374135000056],[113.08959037600005,26.72141401300007],[113.06986633500003,26.75526751500007],[113.08316937500001,26.785426536000045],[113.11136151000005,26.802383460000044],[113.11782266400007,26.830585160000055],[113.1514558880001,26.819397424000044],[113.18811363300006,26.80905726900005],[113.19975151900007,26.846580536000033],[113.24059240300005,26.809295727000062],[113.24263074200007,26.775212972000077],[113.27358334100006,26.78825764800007],[113.30242556600001,26.814601650000043],[113.3731426920001,26.766778852000073],[113.37066038400008,26.736348769000074],[113.3610632970001,26.701986566000073],[113.3520719280001,26.673879355000054],[113.36207503300011,26.636549700000046],[113.39046604400005,26.583719747000032],[113.43772704600008,26.57991476600006],[113.46675572900006,26.60012831100005],[113.50413489200002,26.608092432000035],[113.52834260300006,26.582586056000025],[113.52922322800009,26.547126278000064],[113.56285931800005,26.516956083000025],[113.55629993500008,26.48701398000003],[113.56291238600011,26.435319737000043],[113.55666376800002,26.394594596000047],[113.55999227100006,26.35594801800005],[113.56592387700005,26.32264235200006],[113.57950371700008,26.29315021700006],[113.63056564100009,26.26502507500004],[113.66334073400003,26.248317050000026],[113.69042832000002,26.22316199200003],[113.69381403000011,26.191658948000054],[113.68142530500006,26.14739232900007],[113.66568762700001,26.110364417000028],[113.65755148100004,26.07904024900006],[113.66251266400002,26.05064324400007],[113.71853036800007,26.058667166000077],[113.75114032400006,26.078673047000052],[113.76330759400003,26.109689440000068],[113.79387252000004,26.09407914600007],[113.83740084200008,26.102758918000063],[113.87635068600002,26.136143165000078],[113.93940619300008,26.17724491100006]]]}},{"type":"Feature","properties":{"code":"CN043040","name":"Hengyang","label":"Hengyang · 衡阳市","type":"Prefecture-level city","parentCode":"CN-HN"},"geometry":{"type":"Polygon","coordinates":[[[112.94236652300003,27.439261225000052],[112.96783040300011,27.375374454000053],[112.99203319800006,27.35858696300005],[113.00268048800001,27.314186707000033],[113.02107050100005,27.28177622900006],[113.04656166000007,27.250607856000045],[113.06031947600002,27.216860310000072],[113.11680275300012,27.236317330000077],[113.15621616300007,27.231299807000028],[113.19749271400008,27.246008024000048],[113.2175539640001,27.195609474000037],[113.21652427700008,27.156719336000037],[113.18177520300003,27.133441315000027],[113.14519022100001,27.122699201000046],[113.12656099700007,27.092924181000058],[113.13019086600002,27.06061855400003],[113.1736197350001,27.05561653700005],[113.18577008200009,27.021392991000027],[113.17772522200005,26.990534422000053],[113.18338675100006,26.963536090000048],[113.21433741200008,26.939799739000023],[113.21937003300002,26.906051637000076],[113.19562885000005,26.874015627000063],[113.19975151900007,26.846580536000033],[113.18811363300006,26.80905726900005],[113.1514558880001,26.819397424000044],[113.11782266400007,26.830585160000055],[113.11136151000005,26.802383460000044],[113.08316937500001,26.785426536000045],[113.06986633500003,26.75526751500007],[113.08959037600005,26.72141401300007],[113.13742069300008,26.681374135000056],[113.14667051100002,26.655292983000038],[113.14159692600003,26.611468681000076],[113.135642329,26.576606466000044],[113.13364483400005,26.537203074000047],[113.15656023700001,26.51945266300004],[113.19454043700011,26.501960826000072],[113.17209033900008,26.477126025000075],[113.15869309000004,26.452175147000048],[113.15326190300004,26.420838785000058],[113.12977080900009,26.391062714000043],[113.13484156400011,26.35689795600007],[113.11049105200004,26.337884158000065],[113.06872377800005,26.327595431000077],[113.04940296300003,26.30671649900006],[113.00462582700004,26.29643714200006],[112.97046747800005,26.292759579000062],[112.9696081940001,26.26133737300006],[112.98739848500009,26.238248204000058],[112.99600524200002,26.20357107700005],[112.9855479790001,26.166852006000056],[112.95432906600001,26.151906489000055],[112.93210176800005,26.179539927000064],[112.90199699800007,26.175798405000023],[112.87580684300008,26.161679022000044],[112.83822596700008,26.15979076700006],[112.81028507300005,26.170380059000024],[112.75733846000003,26.202814615000023],[112.75203878500008,26.15381965200004],[112.70774175200006,26.129034997000076],[112.67175639900006,26.135612194000032],[112.65104654700008,26.174852703000056],[112.58042350900007,26.175820819000023],[112.55124835100003,26.15805344100005],[112.5191635110001,26.15196966700006],[112.49170158400011,26.164724413000044],[112.44621615400001,26.18116832000004],[112.4051703770001,26.188585647000025],[112.37161792900008,26.191005820000044],[112.33004319100007,26.190315157000043],[112.2904173170001,26.179260257000067],[112.25079265600004,26.16550205300007],[112.2191537440001,26.138217045000033],[112.19428711400008,26.114165614000058],[112.18363281900008,26.145081557000026],[112.17622638900002,26.18688455000006],[112.16781438500004,26.22778916900006],[112.15737146100003,26.262405598000043],[112.14140004500007,26.28984590700003],[112.12140261400009,26.322233664000066],[112.10942177900006,26.354142052000043],[112.11300636600004,26.390491371000053],[112.13314020100006,26.41556975700007],[112.13370340900008,26.444737287000066],[112.10309777300006,26.465015658000027],[112.13178944000003,26.489164237000068],[112.16546971100001,26.489960948000032],[112.17609275200005,26.51639314600004],[112.19024901300008,26.547749509000028],[112.1359491830001,26.560474414000055],[112.13500804500006,26.595452901000044],[112.11390884500008,26.621960113000057],[112.09732193400009,26.64620444800005],[112.06458022300001,26.643143805000022],[112.01725020200001,26.64637842700006],[111.98199582700005,26.653610994000076],[111.97697409400007,26.625826974000063],[111.98804121800003,26.593085764000023],[111.95683845900004,26.59043725500004],[111.94524667300004,26.621388428000046],[111.94320979400004,26.653665275000037],[111.91447132700006,26.715091608000023],[111.90437071600007,26.750499551000075],[111.88567345700005,26.787699537000037],[111.86898433300007,26.817731397000045],[111.84024827900004,26.805208941000046],[111.80948810900009,26.801630250000073],[111.77615827300008,26.81506543300003],[111.75653409500006,26.791739793000033],[111.72931536300007,26.77735532500003],[111.70805937500006,26.79793535400006],[111.72066216300004,26.855079208000063],[111.67462234500005,26.84000353700003],[111.63418516900003,26.849315082000032],[111.61050561700006,26.828602357000022],[111.59291852000007,26.800724916000036],[111.55106579900007,26.792517759000077],[111.52715877800006,26.811770676000037],[111.51954111300006,26.849397405000047],[111.53710554700007,26.876825161000056],[111.53498673200005,26.905564468000023],[111.51519800300008,26.93245452000008],[111.54138611900004,26.950017606000074],[111.57579023600005,26.93708741000006],[111.61309194700004,26.962251620000075],[111.62307443600008,26.989562233000072],[111.64516485000007,27.031681192000065],[111.65318870800007,27.059513485000025],[111.69771722100006,27.06500048600003],[111.74381267900009,27.06196624300003],[111.78786512100004,27.046335732000045],[111.82734945800007,27.02393536900007],[111.85821315100009,26.991626953000036],[111.86680956700008,26.96200596600005],[111.87692712100005,26.923871595000037],[111.90466827700004,26.943971972000043],[111.94201698100005,26.93894692200007],[111.97085906400008,26.966288165000037],[111.99263392100005,26.98603130500004],[112.02653081900007,26.994533094000076],[112.05438958900004,27.008405329000027],[112.05496876200004,27.04966341000005],[112.04032495800004,27.07388738000003],[112.02921608300005,27.09943578800005],[112.0211133470001,27.145530419000067],[112.05102538300002,27.194231175000027],[112.08909095400008,27.21524430200003],[112.11757112200007,27.23539971100007],[112.13898067600007,27.267650638000077],[112.1289376090001,27.30845674300008],[112.16701176800007,27.313732035000044],[112.18011314700004,27.28188487500006],[112.22429278300001,27.297858577000056],[112.25026074800007,27.326855489000025],[112.28382916900011,27.349976817000027],[112.31939521700008,27.357398794000062],[112.36095009100006,27.35222933500006],[112.39793531800001,27.342588509000052],[112.42513218600004,27.326789636000058],[112.44983126000011,27.362923393000074],[112.45663929600005,27.397805407000078],[112.47004740000011,27.43040297300007],[112.5132174360001,27.42524178800005],[112.55901787500011,27.431268282000076],[112.59313596900006,27.438692673000048],[112.62475265300009,27.449696821000032],[112.66239352600007,27.453022340000075],[112.66108680600007,27.418995306000056],[112.66645122800003,27.392087695000043],[112.69939630400006,27.384663508000074],[112.73297347500011,27.391994371000067],[112.75614056600011,27.374312173000078],[112.76953208700002,27.341499877000047],[112.806463699,27.33217978600004],[112.89771904800011,27.34859470200007],[112.89751491200002,27.399356961000024],[112.94236652300003,27.439261225000052]]]}},{"type":"Feature","properties":{"code":"CN043050","name":"Huaihua","label":"Huaihua · 怀化市","type":"Prefecture-level city","parentCode":"CN-HN"},"geometry":{"type":"Polygon","coordinates":[[[110.85308754200008,28.409016757000074],[110.82258984800006,28.38598828000005],[110.79310287600003,28.367904920000058],[110.73360980700005,28.31952848700007],[110.71294620500004,28.28891039000007],[110.75901448800005,28.26618630200005],[110.79113516700005,28.24866174700003],[110.79007233900006,28.214275968000038],[110.79710588900008,28.186655828000028],[110.82394368700005,28.173042338000073],[110.83554970800009,28.14452656900005],[110.82828568600007,28.10733426400003],[110.84151345700008,28.06760070000007],[110.85620025300005,28.035041583000066],[110.86271807200006,28.002888364000057],[110.89445815300007,27.99819935000005],[110.93602291600007,28.03026937900006],[110.94893903900004,27.975393428000075],[110.95599119300005,27.941516027000034],[110.93997436800004,27.913258547000055],[110.91845237500007,27.877360965000037],[110.89535894500005,27.844557112000075],[110.85106157900009,27.83436374300004],[110.78418719300004,27.83558505900004],[110.74922163400004,27.816488092000043],[110.74047711200006,27.782842768000023],[110.77710926900005,27.750922785000057],[110.80964425800005,27.714440628000034],[110.82986086800008,27.685907739000072],[110.84649650500006,27.656471949000036],[110.84643190500009,27.621587774000034],[110.82434682800005,27.597727262000035],[110.80238027200005,27.566277928000034],[110.77470076600008,27.544579354000064],[110.73200956100004,27.578645449000078],[110.70468523800008,27.603909412000064],[110.67046657800006,27.612085758000035],[110.62858579300007,27.58568389900006],[110.60523647100007,27.54647331700005],[110.59813871900008,27.511016188000042],[110.62030914900004,27.49065269700003],[110.64806535800005,27.46989241400007],[110.64263515400006,27.42274360500005],[110.63146926600007,27.38539239100004],[110.61266653000007,27.35068543500006],[110.59303780000005,27.307533634000038],[110.58432747100005,27.280582864000053],[110.54936856500007,27.276574629000038],[110.49612580300004,27.306399644000066],[110.44958758800004,27.26825072200006],[110.43356919400009,27.227808381000045],[110.40305429400007,27.206886135000047],[110.37589494800005,27.223135857000045],[110.33742951800008,27.221337235000078],[110.31473954800003,27.187914527000032],[110.28515168300004,27.171855496000035],[110.23920665500009,27.163605348000033],[110.20149524400006,27.148265820000063],[110.18796409700008,27.115794934000064],[110.18078821900008,27.06908231400007],[110.14443521300007,27.064020370000037],[110.12059612900003,27.041679690000024],[110.11041182100007,27.006187875000023],[110.07621209400008,26.96439938700007],[110.06337693100005,26.92703656900005],[110.04894670400006,26.894122295000045],[110.03291842100003,26.84280554000003],[110.04095874000006,26.79812395500005],[110.04019206100008,26.764051143000074],[110.02579247800008,26.730645861000028],[110.00821884000004,26.704809010000076],[109.96167039800008,26.71301174900003],[109.91354698000004,26.730909147000034],[109.89931801200004,26.706132144000037],[109.87000480500006,26.688585145000047],[109.83218110300004,26.66863266400003],[109.81165077700007,26.64270034900005],[109.82904944600006,26.61071412000007],[109.83982501700007,26.580847090000077],[109.83303686000005,26.549317934000044],[109.85648730600008,26.514729000000045],[109.87371563000005,26.487651415000073],[109.90350186800003,26.504325016000053],[109.93018514300007,26.480543015000023],[109.94754685600009,26.44626905900003],[109.97375910300008,26.419772824000063],[109.99551503500004,26.390494997000076],[109.98820671100009,26.33379042200005],[109.99108510400004,26.294312153000078],[109.99669273800004,26.267006120000076],[109.96088232700004,26.18574231300005],[109.95692753300006,26.18552803500006],[109.93287869700004,26.184432556000047],[109.89107275400005,26.15803930000004],[109.87940700300004,26.127417904000026],[109.87681876000005,26.093276311000068],[109.87410339100006,26.069008284000063],[109.85140074600008,26.043662491000077],[109.80845041300006,26.034281726000074],[109.77797588400006,25.99267648500006],[109.78962193600006,25.944287661000033],[109.78216804500005,25.90289449000005],[109.75143789900005,25.88372348000007],[109.72379301300003,25.866430748000028],[109.69772476200006,25.865199502000053],[109.65437460300006,25.891688075000047],[109.65615026700004,25.906080796000026],[109.64388715800004,25.92481039200004],[109.64468792700006,25.938294769000038],[109.67847606000004,25.953031945000077],[109.71597122100007,25.990254063000066],[109.68448243500006,26.023152184000025],[109.64954705700006,26.016489362000073],[109.63223175800005,26.03515829400004],[109.58526314800008,26.030134559000032],[109.56644014100004,26.01734286800007],[109.53462515300004,26.003492909000045],[109.48204789500005,26.04257277800008],[109.47281620600006,26.04943374000004],[109.44959133600008,26.060812111000075],[109.46251971800007,26.125624086000073],[109.46405211000007,26.15347613700004],[109.42312918500005,26.20142756100006],[109.41825699000009,26.250730393000026],[109.45806221100008,26.270985161000056],[109.44233302700007,26.302095829000052],[109.43416327200003,26.318242097000052],[109.36717492300005,26.301207299000055],[109.35647076600009,26.282219284000064],[109.33687758500008,26.25592414500005],[109.30360354200008,26.26353729300007],[109.25419856100007,26.327447231000065],[109.27530217600008,26.379793711000048],[109.30163034700007,26.423229837000065],[109.34401860400004,26.472894180000026],[109.34888496700006,26.478597043000036],[109.36691276300007,26.539827329000047],[109.36733015900006,26.57211478800008],[109.36967260900008,26.609806870000057],[109.33689021700008,26.63895185000007],[109.28275948700008,26.675850039000068],[109.28627303000007,26.70369235800007],[109.32976467300006,26.71242903700005],[109.34859231100006,26.716204395000034],[109.37846775400004,26.73722073400006],[109.48285464400004,26.770823224000026],[109.49675684600004,26.779718625000044],[109.50285100300005,26.783615549000046],[109.48555518700005,26.851505875000043],[109.48612005900009,26.87839094700007],[109.42611506600008,26.899140398000043],[109.51324827200006,26.949494651000066],[109.52724129000006,26.95951485300003],[109.50992198300008,27.028273821000028],[109.48527540500004,27.048017048000077],[109.47963400100008,27.05253487300007],[109.46476068400005,27.064436555000043],[109.43393089700004,27.090016826000067],[109.45247974200004,27.130543259000035],[109.37603277600005,27.17543327900006],[109.36744209700004,27.180477291000045],[109.29693099200006,27.154448956000067],[109.24218734700008,27.154568836000067],[109.17670302500005,27.133010882000065],[109.15200755300003,27.10129861300004],[109.10203362600004,27.116644026000074],[109.08740717200004,27.137008310000056],[108.99726301400005,27.08808828000008],[108.94003333100005,27.062396559000035],[108.93508143100007,27.060170998000046],[108.79271460700005,27.04151427200003],[108.83084600400008,27.099914958000056],[108.86184289300007,27.147318279000046],[108.87088830800008,27.16113440400005],[108.90180736000008,27.183166219000043],[108.94811407400005,27.243050105000066],[108.98773122900008,27.286682385000063],[109.04534099800009,27.29926110100007],[109.09028887500006,27.334884085000056],[109.11245622900009,27.39160288000005],[109.14997095700005,27.419288266000024],[109.18057685600007,27.441852277000066],[109.23675917800006,27.430147094000063],[109.25092484900006,27.444965684000067],[109.28362756900009,27.479122610000047],[109.34412560900006,27.519099827000048],[109.37211980400008,27.537573271000042],[109.42851229600006,27.574075304000075],[109.42947137100003,27.576061707000065],[109.44030284000007,27.598373523000078],[109.44441772200008,27.65475845700007],[109.40568417500003,27.71148545400007],[109.39712372500009,27.717008715000077],[109.41859225800005,27.740476879000028],[109.44192799800004,27.76338888300006],[109.46214593900004,27.78846034700007],[109.48965916600008,27.80829931900007],[109.51223459500005,27.785943392000036],[109.54012302400008,27.77443508500005],[109.56071111300008,27.805297035000024],[109.60418294400006,27.82137879000004],[109.63667601200007,27.84795678900008],[109.60948987000006,27.871146922000037],[109.59596391700006,27.89951119500006],[109.61531505100004,27.920903619000057],[109.65697688600005,27.930169044000024],[109.69141009000003,27.962062735000075],[109.70552277000007,27.989558817000045],[109.76793621000007,28.008989744000075],[109.79150200200007,27.98708335300006],[109.82164248000004,27.967996690000064],[109.85633112800008,27.950745106000056],[109.89559183100005,27.933530450000035],[109.92259092600005,27.95948457800006],[109.95102941700009,27.94517802300004],[109.98449522600004,27.934514875000048],[110.02356470600006,27.946256207000033],[110.05407393900003,27.97710044100006],[110.08541339900006,27.99461086200006],[110.10724128100009,28.029005717000075],[110.14550491100005,28.106177247000062],[110.16654403100006,28.133634150000034],[110.18758316200007,28.161080897000033],[110.22968414200005,28.202221133000023],[110.21794322200009,28.226791758000047],[110.19497138400004,28.249342667000064],[110.17651602800004,28.275964027000043],[110.16977089600005,28.305847576000076],[110.17779824900003,28.340831109000078],[110.16641248500008,28.37057253100005],[110.13471194900006,28.38612044200005],[110.10712643000005,28.401281281000024],[110.07851339200005,28.441665957000055],[110.10691934100004,28.45840959900005],[110.13374373100004,28.482607932000064],[110.13522682500007,28.514947841000037],[110.13185656500008,28.559797151000055],[110.17055167200004,28.559080356000038],[110.20447212200008,28.56635934600007],[110.21372123200007,28.596494242000063],[110.18891637200005,28.626521414000024],[110.23366284900004,28.651037158000065],[110.25300784900008,28.69583700100003],[110.25587742500005,28.72857158000005],[110.28232177400008,28.75071610200007],[110.32024619200007,28.765199498000072],[110.33183527000006,28.794051844000023],[110.35076834100005,28.825846968000064],[110.36197456500008,28.85789035700003],[110.36035781900006,28.887163129000044],[110.42479269500006,28.887329457000078],[110.46482487500003,28.879997827000068],[110.48537963200005,28.900619764000055],[110.52173281700004,28.90405038600005],[110.50342763200007,28.934283531000062],[110.51837442900006,28.96758605900004],[110.55060715700006,28.994296845000065],[110.57354648300009,28.975492360000032],[110.60473844100005,28.956405886000027],[110.63225826400009,28.93603861500003],[110.64885816300006,28.903055935000054],[110.68421232700007,28.907889714000078],[110.71171263000008,28.92179387500005],[110.73613813500003,28.902421856000046],[110.76316523700007,28.91773889700005],[110.78156573300004,28.947731325000063],[110.82286736600008,28.95886174700007],[110.84478353200006,28.997064314000056],[110.88192416300006,28.99579095100006],[110.90965168600007,29.011911162000047],[110.93477522900008,28.984543262000045],[110.93172289400007,28.95216596700004],[110.93303448800003,28.92377251100004],[110.95221774400005,28.890533167000058],[110.98409344100008,28.874954591000062],[111.01573422900009,28.857131731000038],[111.03787396300004,28.837415787000054],[111.05786534800006,28.816877525000052],[111.06872456500008,28.788754195000024],[111.09549567700009,28.758382246000053],[111.10443997900006,28.720973617000027],[111.09170314400006,28.687500615000033],[111.05474608800006,28.674135428000056],[111.03215131900004,28.649995774000047],[111.01434583000008,28.618715483000074],[110.96873936500003,28.606535546000032],[110.92711729200005,28.595754085000067],[110.91237702800004,28.561008921000052],[110.94073068100005,28.548264276000054],[110.97263272800006,28.56700558700004],[111.00486819500009,28.575427276000028],[111.03569816000004,28.549680083000055],[111.04477707400008,28.51655336300007],[111.01441072100005,28.50413913500006],[110.97489225000004,28.505975271000068],[110.94668464600005,28.489547018000053],[110.92486480000008,28.469166336000058],[110.89492731700005,28.452765181000075],[110.86361009900008,28.43727356200003],[110.85308754200008,28.409016757000074]]]}},{"type":"Feature","properties":{"code":"CN043060","name":"Loudi","label":"Loudi · 娄底市","type":"Prefecture-level city","parentCode":"CN-HN"},"geometry":{"type":"Polygon","coordinates":[[[111.87430095400003,28.013069681000047],[111.90552191400008,27.96925766000004],[111.93568609800008,27.96163387100006],[111.95254909500005,27.934789118000026],[111.96478673000007,27.907929152000065],[111.97801967900006,27.87254640900005],[111.99994330300007,27.830466509000075],[112.0616676730001,27.78568337300004],[112.07846394600006,27.755250870000054],[112.0513711540001,27.721281660000045],[112.02430267800003,27.698043555000027],[112.02678228700006,27.665330641000025],[112.04050123100001,27.63309140100006],[112.07818931500003,27.620070197000075],[112.09911667200004,27.64240736000005],[112.12302470400004,27.621347490000062],[112.15212108700007,27.642776387000026],[112.18020635800008,27.660168013000032],[112.21750587600002,27.68781591100003],[112.25929419400006,27.687227972000073],[112.28008753300003,27.662974906000045],[112.28042132000007,27.62491827200006],[112.2935017320001,27.589923647000035],[112.29380675700008,27.548706552000056],[112.27385869500006,27.519701995000048],[112.29095824800004,27.478423930000076],[112.33058901100003,27.479990997000073],[112.3698135940001,27.49900272900004],[112.38931678000006,27.53338939400004],[112.41398594000009,27.48670884200004],[112.42750782600001,27.452607362000037],[112.47004740000011,27.43040297300007],[112.45663929600005,27.397805407000078],[112.44983126000011,27.362923393000074],[112.42513218600004,27.326789636000058],[112.39793531800001,27.342588509000052],[112.36095009100006,27.35222933500006],[112.31939521700008,27.357398794000062],[112.28382916900011,27.349976817000027],[112.25026074800007,27.326855489000025],[112.22429278300001,27.297858577000056],[112.18011314700004,27.28188487500006],[112.16701176800007,27.313732035000044],[112.1289376090001,27.30845674300008],[112.13898067600007,27.267650638000077],[112.11757112200007,27.23539971100007],[112.08909095400008,27.21524430200003],[112.05102538300002,27.194231175000027],[112.02115726300008,27.20372274400006],[112.01311388700003,27.23873393100007],[112.01013954500002,27.270599280000056],[111.98786732800005,27.29619620400007],[111.96403583300008,27.316386290000025],[111.92951655300004,27.345065212000065],[111.90004854600005,27.36117716700005],[111.86294428700006,27.392625009000028],[111.82666900700008,27.42733527000007],[111.79428174500003,27.458311753000032],[111.76330965700004,27.452515172000062],[111.73788754500004,27.469102056000054],[111.73782293400006,27.503143005000027],[111.70017575200006,27.51074981000005],[111.67112750800004,27.539374588000044],[111.63837449700009,27.597741573000064],[111.57481810800004,27.56644202800004],[111.53540396700004,27.613270915000044],[111.48778701300006,27.57114665000006],[111.45676637700006,27.570188150000035],[111.42417223600006,27.57591483300007],[111.38867385200007,27.556086856000036],[111.37508612900007,27.530513537000047],[111.32889531300009,27.513271444000054],[111.30477831300004,27.539978543000075],[111.28418491000008,27.574796074000062],[111.25192974700008,27.532561747000045],[111.20732445300007,27.513980230000072],[111.12083440900005,27.573493668000026],[111.07190013600007,27.583984745000066],[111.04973165900009,27.614759546000073],[111.02007494100008,27.62755267700004],[110.97516505100003,27.636180731000024],[110.93576892100003,27.650598917000025],[110.89864021200009,27.643529470000033],[110.84649650500006,27.656471949000036],[110.82986086800008,27.685907739000072],[110.80964425800005,27.714440628000034],[110.77710926900005,27.750922785000057],[110.74047711200006,27.782842768000023],[110.74922163400004,27.816488092000043],[110.78418719300004,27.83558505900004],[110.85106157900009,27.83436374300004],[110.89535894500005,27.844557112000075],[110.91845237500007,27.877360965000037],[110.93997436800004,27.913258547000055],[110.95599119300005,27.941516027000034],[110.94893903900004,27.975393428000075],[110.93602291600007,28.03026937900006],[110.96659331400008,28.046184277000066],[110.98729405600005,28.02399311000005],[111.00749219100004,28.00136745800006],[111.05219056500005,27.989234950000025],[111.09672166300004,27.990038623000032],[111.09852683900004,28.01866949600003],[111.09979833100004,28.047753189000048],[111.11329167800005,28.091696171000024],[111.14073564600005,28.124996793000037],[111.18934349000006,28.13918317200006],[111.21952000500005,28.150547391000032],[111.25526504200008,28.178479956000047],[111.29208139500008,28.19835365600005],[111.32593488600008,28.18866381400005],[111.38080556400007,28.177246937000064],[111.41970634500007,28.189458384000034],[111.46479294600005,28.177949743000056],[111.46946515500008,28.148862895000036],[111.47363819100008,28.113048604000028],[111.45839706500004,28.07450126300006],[111.46926193800005,28.036005413000055],[111.51010138100008,28.04277325700008],[111.53570177800009,28.020850634000055],[111.53579351100007,27.993085114000053],[111.55637062500006,27.96049348100007],[111.57771024100003,27.994966539000075],[111.61812590800008,28.00987643600007],[111.64992644000006,28.01958780500007],[111.68167293900007,27.97604016100007],[111.71179255900006,27.993503157000077],[111.74293108600006,28.014968613000065],[111.79351943900008,28.016262126000072],[111.83287030500009,28.01443054500004],[111.87430095400003,28.013069681000047]]]}},{"type":"Feature","properties":{"code":"CN043070","name":"Shaoyang","label":"Shaoyang · 邵阳市","type":"Prefecture-level city","parentCode":"CN-HN"},"geometry":{"type":"Polygon","coordinates":[[[112.05102538300002,27.194231175000027],[112.0211133470001,27.145530419000067],[112.02921608300005,27.09943578800005],[112.04032495800004,27.07388738000003],[112.05496876200004,27.04966341000005],[112.05438958900004,27.008405329000027],[112.02653081900007,26.994533094000076],[111.99263392100005,26.98603130500004],[111.97085906400008,26.966288165000037],[111.94201698100005,26.93894692200007],[111.90466827700004,26.943971972000043],[111.87692712100005,26.923871595000037],[111.86680956700008,26.96200596600005],[111.85821315100009,26.991626953000036],[111.82734945800007,27.02393536900007],[111.78786512100004,27.046335732000045],[111.74381267900009,27.06196624300003],[111.69771722100006,27.06500048600003],[111.65318870800007,27.059513485000025],[111.64516485000007,27.031681192000065],[111.62307443600008,26.989562233000072],[111.61309194700004,26.962251620000075],[111.57579023600005,26.93708741000006],[111.54138611900004,26.950017606000074],[111.51519800300008,26.93245452000008],[111.53498673200005,26.905564468000023],[111.53710554700007,26.876825161000056],[111.51954111300006,26.849397405000047],[111.48115473600006,26.856500078000067],[111.44841279300005,26.853762251000035],[111.41457593600006,26.86043205200008],[111.37969947700009,26.873361723000073],[111.35035553400007,26.88538447800005],[111.31764197900009,26.87226789300007],[111.30171708100005,26.842172951000066],[111.30043166500008,26.80989089700006],[111.30676922200007,26.772264519000032],[111.29746974600005,26.73547260600003],[111.27149341900008,26.706228201000044],[111.25211826700007,26.672970048000025],[111.24490179200006,26.631246369000053],[111.25682766300008,26.588258000000053],[111.26463307500006,26.555556867000064],[111.26987498000005,26.52867339000005],[111.26714438700009,26.49097894500005],[111.23065671000006,26.467473880000057],[111.18392265000006,26.467223682000053],[111.14666362300005,26.475090730000034],[111.10578172800007,26.545718770000065],[111.10645680500005,26.579805476000047],[111.10914379700006,26.613453282000023],[111.06477598500004,26.619892613000047],[111.04001620400004,26.581162481000035],[111.04338738200005,26.54710454700006],[111.04389335700006,26.49911146200003],[111.03010820400004,26.471198822000076],[111.00940196200008,26.432909000000052],[110.97600588900008,26.384713632000057],[110.96875569600007,26.391066115000058],[110.91951199400006,26.381234032000066],[110.90248742500006,26.297801437000032],[110.88843146400006,26.277451426000027],[110.88142639600005,26.267299868000066],[110.82321931200005,26.26101164100004],[110.77605107100004,26.26008831200005],[110.74693963700008,26.264547322000055],[110.71363513100005,26.330012460000034],[110.64432935200006,26.330794797000067],[110.60718440500005,26.324436913000056],[110.57409579300008,26.313587227000028],[110.54300265800003,26.304530510000063],[110.53983412700006,26.301800855000067],[110.52100564300008,26.28562194400007],[110.51513954000006,26.254197962000035],[110.51430317200004,26.221886020000056],[110.49540659600007,26.190414030000056],[110.43834002900007,26.174050263000026],[110.38739100000004,26.146017339000025],[110.34685707500006,26.063241555000047],[110.33211702900007,26.024561087000052],[110.30833718700006,25.99031840200007],[110.27400473600005,25.98228986600003],[110.24941732300005,25.976534580000077],[110.23516727600008,26.006093496000062],[110.21574079100009,26.054470115000072],[110.17759563200008,26.06591496200008],[110.15679860000006,26.039746781000076],[110.12583385300007,26.03236047100006],[110.08362430800008,26.049132541000063],[110.05639661900005,26.16654752200003],[109.99601055000005,26.18763530500007],[109.96088232700004,26.18574231300005],[109.99669273800004,26.267006120000076],[109.99108510400004,26.294312153000078],[109.98820671100009,26.33379042200005],[109.99551503500004,26.390494997000076],[109.97375910300008,26.419772824000063],[109.94754685600009,26.44626905900003],[109.93018514300007,26.480543015000023],[109.90350186800003,26.504325016000053],[109.87371563000005,26.487651415000073],[109.85648730600008,26.514729000000045],[109.83303686000005,26.549317934000044],[109.83982501700007,26.580847090000077],[109.82904944600006,26.61071412000007],[109.81165077700007,26.64270034900005],[109.83218110300004,26.66863266400003],[109.87000480500006,26.688585145000047],[109.89931801200004,26.706132144000037],[109.91354698000004,26.730909147000034],[109.96167039800008,26.71301174900003],[110.00821884000004,26.704809010000076],[110.02579247800008,26.730645861000028],[110.04019206100008,26.764051143000074],[110.04095874000006,26.79812395500005],[110.03291842100003,26.84280554000003],[110.04894670400006,26.894122295000045],[110.06337693100005,26.92703656900005],[110.07621209400008,26.96439938700007],[110.11041182100007,27.006187875000023],[110.12059612900003,27.041679690000024],[110.14443521300007,27.064020370000037],[110.18078821900008,27.06908231400007],[110.18796409700008,27.115794934000064],[110.20149524400006,27.148265820000063],[110.23920665500009,27.163605348000033],[110.28515168300004,27.171855496000035],[110.31473954800003,27.187914527000032],[110.33742951800008,27.221337235000078],[110.37589494800005,27.223135857000045],[110.40305429400007,27.206886135000047],[110.43356919400009,27.227808381000045],[110.44958758800004,27.26825072200006],[110.49612580300004,27.306399644000066],[110.54936856500007,27.276574629000038],[110.58432747100005,27.280582864000053],[110.59303780000005,27.307533634000038],[110.61266653000007,27.35068543500006],[110.63146926600007,27.38539239100004],[110.64263515400006,27.42274360500005],[110.64806535800005,27.46989241400007],[110.62030914900004,27.49065269700003],[110.59813871900008,27.511016188000042],[110.60523647100007,27.54647331700005],[110.62858579300007,27.58568389900006],[110.67046657800006,27.612085758000035],[110.70468523800008,27.603909412000064],[110.73200956100004,27.578645449000078],[110.77470076600008,27.544579354000064],[110.80238027200005,27.566277928000034],[110.82434682800005,27.597727262000035],[110.84643190500009,27.621587774000034],[110.84649650500006,27.656471949000036],[110.89864021200009,27.643529470000033],[110.93576892100003,27.650598917000025],[110.97516505100003,27.636180731000024],[111.02007494100008,27.62755267700004],[111.04973165900009,27.614759546000073],[111.07190013600007,27.583984745000066],[111.12083440900005,27.573493668000026],[111.20732445300007,27.513980230000072],[111.25192974700008,27.532561747000045],[111.28418491000008,27.574796074000062],[111.30477831300004,27.539978543000075],[111.32889531300009,27.513271444000054],[111.37508612900007,27.530513537000047],[111.38867385200007,27.556086856000036],[111.42417223600006,27.57591483300007],[111.45676637700006,27.570188150000035],[111.48778701300006,27.57114665000006],[111.53540396700004,27.613270915000044],[111.57481810800004,27.56644202800004],[111.63837449700009,27.597741573000064],[111.67112750800004,27.539374588000044],[111.70017575200006,27.51074981000005],[111.73782293400006,27.503143005000027],[111.73788754500004,27.469102056000054],[111.76330965700004,27.452515172000062],[111.79428174500003,27.458311753000032],[111.82666900700008,27.42733527000007],[111.86294428700006,27.392625009000028],[111.90004854600005,27.36117716700005],[111.92951655300004,27.345065212000065],[111.96403583300008,27.316386290000025],[111.98786732800005,27.29619620400007],[112.01013954500002,27.270599280000056],[112.01311388700003,27.23873393100007],[112.02115726300008,27.20372274400006],[112.05102538300002,27.194231175000027]]]}},{"type":"Feature","properties":{"code":"CN043080","name":"Xiangtan","label":"Xiangtan · 湘潭市","type":"Prefecture-level city","parentCode":"CN-HN"},"geometry":{"type":"Polygon","coordinates":[[[113.05590839600006,27.94010785300003],[113.02774764900005,27.89570458000003],[113.0095510000001,27.869063391000054],[112.98311944800002,27.83934535700007],[112.96640409700001,27.80731517600003],[112.98370515400006,27.76063485800006],[112.99959161600009,27.72249355100007],[112.99921369800006,27.69032210100005],[112.96129997000003,27.67193720100005],[112.97615662200008,27.635110093000037],[112.98755579700003,27.609041052000066],[112.96176247100004,27.581548791000046],[112.94048409400011,27.547722882000073],[112.92177285100001,27.514746686000024],[112.92899936200001,27.482839771000044],[112.94236652300003,27.439261225000052],[112.89751491200002,27.399356961000024],[112.89771904800011,27.34859470200007],[112.806463699,27.33217978600004],[112.76953208700002,27.341499877000047],[112.75614056600011,27.374312173000078],[112.73297347500011,27.391994371000067],[112.69939630400006,27.384663508000074],[112.66645122800003,27.392087695000043],[112.66108680600007,27.418995306000056],[112.66239352600007,27.453022340000075],[112.62475265300009,27.449696821000032],[112.59313596900006,27.438692673000048],[112.55901787500011,27.431268282000076],[112.5132174360001,27.42524178800005],[112.47004740000011,27.43040297300007],[112.42750782600001,27.452607362000037],[112.41398594000009,27.48670884200004],[112.38931678000006,27.53338939400004],[112.3698135940001,27.49900272900004],[112.33058901100003,27.479990997000073],[112.29095824800004,27.478423930000076],[112.27385869500006,27.519701995000048],[112.29380675700008,27.548706552000056],[112.2935017320001,27.589923647000035],[112.28042132000007,27.62491827200006],[112.28008753300003,27.662974906000045],[112.25929419400006,27.687227972000073],[112.21750587600002,27.68781591100003],[112.18020635800008,27.660168013000032],[112.15212108700007,27.642776387000026],[112.12302470400004,27.621347490000062],[112.09911667200004,27.64240736000005],[112.07818931500003,27.620070197000075],[112.04050123100001,27.63309140100006],[112.02678228700006,27.665330641000025],[112.02430267800003,27.698043555000027],[112.0513711540001,27.721281660000045],[112.07846394600006,27.755250870000054],[112.0616676730001,27.78568337300004],[111.99994330300007,27.830466509000075],[111.97801967900006,27.87254640900005],[112.02246056400008,27.870709695000073],[112.05618621400004,27.871563260000073],[112.09095107300004,27.880471190000037],[112.12422179200007,27.904135602000053],[112.14371512800005,27.92870163400005],[112.18825747300002,27.949180513000044],[112.23068052200006,27.944583686000044],[112.27614442600009,27.939052342000025],[112.31908201500005,27.940657456000054],[112.3599960790001,27.949830087000066],[112.38055532900012,27.97563643600006],[112.38021693400003,28.007841666000047],[112.40487111400012,28.028264783000054],[112.44167517100004,28.02890555700003],[112.47682845800011,28.01118351100007],[112.48941039300007,27.98200594700006],[112.50919747300009,27.958661756000026],[112.53519757800007,27.94379998100004],[112.568770717,27.917718911000065],[112.5824013570001,27.893508504000067],[112.61341009900002,27.87452873500007],[112.63503050500003,27.896725117000074],[112.67086931100005,27.906288336000046],[112.70108442700007,27.91588342600005],[112.71916207000004,27.937632419000067],[112.72885315100007,27.993385422000074],[112.73568288100012,28.056090910000023],[112.78973517500003,28.04916991600004],[112.80841840500011,28.02400192700003],[112.82945120700003,27.98046037900008],[112.85981139600005,27.95020495800003],[112.89608881600009,27.951624423000055],[112.94418350800004,27.956041235000043],[112.97522504500012,27.94588015900007],[112.99762390400008,27.979195988000072],[113.02135909900005,28.033992114000057],[113.05925037400004,27.998238598000057],[113.0629482170001,27.96821843600003],[113.05590839600006,27.94010785300003]]]}},{"type":"Feature","properties":{"code":"CN043090","name":"Xiangxi Tujia and Miao Autonomous Prefecture","label":"Xiangxi Tujia and Miao Autonomous Prefecture · 湘西土家族苗族自治州","type":"Autonomous prefecture","parentCode":"CN-HN"},"geometry":{"type":"Polygon","coordinates":[[[109.64354476100004,29.631566597000074],[109.67156839300009,29.609801125000047],[109.73485142700008,29.598879510000074],[109.74927249200005,29.56522447800006],[109.72973210200007,29.529711534000057],[109.74680416300004,29.497366227000043],[109.76791624100008,29.476001104000034],[109.78929107200008,29.448150602000055],[109.78432801700006,29.412237557000026],[109.79880078700006,29.381334983000045],[109.86276386500003,29.407291138000062],[109.90851553600004,29.432344563000072],[109.93012235900005,29.411857043000055],[109.93219532000006,29.38452398900006],[109.93739992700006,29.35756513000007],[109.94074203500008,29.322796492000066],[109.97139059800008,29.294636340000068],[110.00348070400008,29.290925480000055],[110.04290815500008,29.301785195000036],[110.11461431500004,29.32553045700007],[110.07022122600006,29.256586328000026],[110.05488524900005,29.210805324000034],[110.05305218900008,29.17802221200003],[110.06519503500004,29.143897656000036],[110.09868827700006,29.124855782000054],[110.13092108800004,29.151629768000078],[110.16699887100003,29.17041203000008],[110.18521684400008,29.146263314000066],[110.21767350200008,29.127677411000036],[110.23580082400008,29.102135300000043],[110.28640002100008,29.071388693000074],[110.31267491000006,29.042794684000057],[110.32110594100004,29.01013643500005],[110.31978235900004,28.97917817900003],[110.29858879200009,28.95625787700004],[110.32393218400006,28.930919644000028],[110.35181408100004,28.917059189000042],[110.36035781900006,28.887163129000044],[110.36197456500008,28.85789035700003],[110.35076834100005,28.825846968000064],[110.33183527000006,28.794051844000023],[110.32024619200007,28.765199498000072],[110.28232177400008,28.75071610200007],[110.25587742500005,28.72857158000005],[110.25300784900008,28.69583700100003],[110.23366284900004,28.651037158000065],[110.18891637200005,28.626521414000024],[110.21372123200007,28.596494242000063],[110.20447212200008,28.56635934600007],[110.17055167200004,28.559080356000038],[110.13185656500008,28.559797151000055],[110.13522682500007,28.514947841000037],[110.13374373100004,28.482607932000064],[110.10691934100004,28.45840959900005],[110.07851339200005,28.441665957000055],[110.10712643000005,28.401281281000024],[110.13471194900006,28.38612044200005],[110.16641248500008,28.37057253100005],[110.17779824900003,28.340831109000078],[110.16977089600005,28.305847576000076],[110.17651602800004,28.275964027000043],[110.19497138400004,28.249342667000064],[110.21794322200009,28.226791758000047],[110.22968414200005,28.202221133000023],[110.18758316200007,28.161080897000033],[110.16654403100006,28.133634150000034],[110.14550491100005,28.106177247000062],[110.10724128100009,28.029005717000075],[110.08541339900006,27.99461086200006],[110.05407393900003,27.97710044100006],[110.02356470600006,27.946256207000033],[109.98449522600004,27.934514875000048],[109.95102941700009,27.94517802300004],[109.92259092600005,27.95948457800006],[109.89559183100005,27.933530450000035],[109.85633112800008,27.950745106000056],[109.82164248000004,27.967996690000064],[109.79150200200007,27.98708335300006],[109.76793621000007,28.008989744000075],[109.70552277000007,27.989558817000045],[109.69141009000003,27.962062735000075],[109.65697688600005,27.930169044000024],[109.61531505100004,27.920903619000057],[109.59596391700006,27.89951119500006],[109.60948987000006,27.871146922000037],[109.63667601200007,27.84795678900008],[109.60418294400006,27.82137879000004],[109.56071111300008,27.805297035000024],[109.54012302400008,27.77443508500005],[109.51223459500005,27.785943392000036],[109.48965916600008,27.80829931900007],[109.46214593900004,27.78846034700007],[109.44192799800004,27.76338888300006],[109.41859225800005,27.740476879000028],[109.39712372500009,27.717008715000077],[109.35405472100007,27.744782887000042],[109.31336858300006,27.790715040000066],[109.30392096300005,27.844337085000063],[109.28584367100007,27.946730416000037],[109.32033239600008,28.016888684000037],[109.32700875100005,28.042888826000024],[109.32368667500003,28.056242394000037],[109.28454348500009,28.067319956000063],[109.28728511100007,28.084324946000038],[109.31490006000007,28.140975714000035],[109.32920688400009,28.175808412000038],[109.35218149000008,28.231664054000078],[109.34700608600008,28.28962803400003],[109.26896515400006,28.253562421000026],[109.27743570400008,28.328560742000036],[109.25587869000009,28.383370769000067],[109.24893282600004,28.487394626000025],[109.27105089400004,28.54831333100003],[109.27772169900004,28.556392195000058],[109.29118506100008,28.572678576000044],[109.29701978600008,28.590599518000033],[109.20488186600005,28.60982842800007],[109.19827149700006,28.630247892000057],[109.17704862400007,28.659375545000046],[109.22801819100005,28.68954947000003],[109.24723270000004,28.709444321000035],[109.27936407100009,28.755375138000034],[109.26734754100005,28.768468464000023],[109.24134722700006,28.79675645800006],[109.23114743800005,28.817815804000077],[109.20371735100008,28.86844501300004],[109.21122511800007,28.905997353000032],[109.24244396200004,28.948340603000076],[109.26334527300008,28.99052713100008],[109.28151321900003,29.014841192000063],[109.29245022900005,29.038166428000068],[109.28571439300003,29.064809490000073],[109.20470153800005,29.139390872000035],[109.23800451300008,29.160893049000038],[109.23786730100005,29.17460309200004],[109.23773766500005,29.188312774000053],[109.23747843200005,29.21573091600004],[109.23721919500008,29.243147432000058],[109.25834951800005,29.256989729000054],[109.27988403400008,29.22970486300005],[109.32242679200004,29.22995473800006],[109.30079318900005,29.270954853000035],[109.34312237400007,29.298610421000035],[109.34228838500007,29.39911339400004],[109.38470127800008,29.42674401000005],[109.38438089200008,29.467850093000038],[109.42683944200007,29.49546350600008],[109.45923644600003,29.528442876000042],[109.46827170200004,29.53210760500008],[109.50011581000007,29.55919270000004],[109.50160483300004,29.593927231000066],[109.45336163600007,29.608486451000033],[109.52886972700009,29.646758162000026],[109.57171134600009,29.64368065800005],[109.63347087000005,29.631891344000053],[109.64354476100004,29.631566597000074]]]}},{"type":"Feature","properties":{"code":"CN043100","name":"Yiyang","label":"Yiyang · 益阳市","type":"Prefecture-level city","parentCode":"CN-HN"},"geometry":{"type":"Polygon","coordinates":[[[112.64139604500008,28.489554012000042],[112.60724403400002,28.462552608000067],[112.5739193930001,28.414265357000033],[112.54899958400006,28.379268960000047],[112.54214326200008,28.34987926200006],[112.53425809700002,28.320919408000066],[112.5038586610001,28.300567276000038],[112.46339167000008,28.309303224000075],[112.43359466800007,28.30141126600006],[112.38678224300008,28.280109503000062],[112.34664333,28.261847197000066],[112.28146896800001,28.263324261000037],[112.24134375400001,28.220688437000035],[112.21569247100001,28.198527727000055],[112.18236882200006,28.187974931000042],[112.15068847100008,28.208651463000024],[112.12773994000008,28.24360546400004],[112.09291892100009,28.25308828800007],[112.05185039000003,28.247766772000034],[112.00664983900003,28.245974254000032],[111.96498681600008,28.227131022000037],[111.92957375900005,28.205692103000047],[111.89735739800005,28.17719703800003],[111.89482331800008,28.144610940000064],[111.89176106400004,28.116001147000077],[111.86920986600006,28.082004140000038],[111.88402739000009,28.04752594200005],[111.87430095400003,28.013069681000047],[111.83287030500009,28.01443054500004],[111.79351943900008,28.016262126000072],[111.74293108600006,28.014968613000065],[111.71179255900006,27.993503157000077],[111.68167293900007,27.97604016100007],[111.64992644000006,28.01958780500007],[111.61812590800008,28.00987643600007],[111.57771024100003,27.994966539000075],[111.55637062500006,27.96049348100007],[111.53579351100007,27.993085114000053],[111.53570177800009,28.020850634000055],[111.51010138100008,28.04277325700008],[111.46926193800005,28.036005413000055],[111.45839706500004,28.07450126300006],[111.47363819100008,28.113048604000028],[111.46946515500008,28.148862895000036],[111.46479294600005,28.177949743000056],[111.41970634500007,28.189458384000034],[111.38080556400007,28.177246937000064],[111.32593488600008,28.18866381400005],[111.29208139500008,28.19835365600005],[111.25526504200008,28.178479956000047],[111.21952000500005,28.150547391000032],[111.18934349000006,28.13918317200006],[111.14073564600005,28.124996793000037],[111.11329167800005,28.091696171000024],[111.09979833100004,28.047753189000048],[111.09852683900004,28.01866949600003],[111.09672166300004,27.990038623000032],[111.05219056500005,27.989234950000025],[111.00749219100004,28.00136745800006],[110.98729405600005,28.02399311000005],[110.96659331400008,28.046184277000066],[110.93602291600007,28.03026937900006],[110.89445815300007,27.99819935000005],[110.86271807200006,28.002888364000057],[110.85620025300005,28.035041583000066],[110.84151345700008,28.06760070000007],[110.82828568600007,28.10733426400003],[110.83554970800009,28.14452656900005],[110.82394368700005,28.173042338000073],[110.79710588900008,28.186655828000028],[110.79007233900006,28.214275968000038],[110.79113516700005,28.24866174700003],[110.75901448800005,28.26618630200005],[110.71294620500004,28.28891039000007],[110.73360980700005,28.31952848700007],[110.79310287600003,28.367904920000058],[110.82258984800006,28.38598828000005],[110.85308754200008,28.409016757000074],[110.91536517500003,28.41046605200006],[110.96596421700008,28.420349529000077],[111.00842857100008,28.423908440000048],[111.06179336000008,28.434283098000037],[111.09286443700006,28.44039828800004],[111.11466105900007,28.461195718000056],[111.14273408300005,28.486534040000038],[111.18309376400003,28.50614994700004],[111.21595133800008,28.505949517000033],[111.24924552000004,28.501688441000056],[111.28505501600006,28.496061721000046],[111.32549513700008,28.508347080000078],[111.35513322800006,28.52815029100003],[111.38869833400008,28.52992279600005],[111.42219600200008,28.52936270600003],[111.45283868700005,28.551450878000026],[111.47796481300009,28.599556472000074],[111.55678925000007,28.60721342200003],[111.59914122500004,28.606857431000037],[111.63546988600007,28.585926534000066],[111.65065083000007,28.55585839200006],[111.67913121600009,28.574746923000077],[111.68327854400007,28.61095676900004],[111.71803378300007,28.623396059000072],[111.74115423500007,28.594091095000067],[111.77403311400008,28.60959880200005],[111.80920849400007,28.59334651200004],[111.84767179600004,28.610596013000077],[111.88417068000007,28.61197245900007],[111.90674816000006,28.639313791000063],[111.94166983600007,28.62698234900006],[111.97618442600009,28.606981834000067],[112.01102506400002,28.64277246000006],[112.05773911100005,28.623145472000033],[112.1218224270001,28.636991849000026],[112.18807390000006,28.64362982600005],[112.21185764400002,28.666819899000075],[112.24740959300004,28.68454724700007],[112.26516767800001,28.717937453000047],[112.25758775300005,28.740778999000042],[112.2600723270001,28.75305405200004],[112.26690696700007,28.767104827000026],[112.27875155100003,28.774709726000026],[112.31034425500002,28.760632417000068],[112.31198979300007,28.774412640000037],[112.28750250600001,28.79544246300003],[112.28411575400003,28.81455296300004],[112.30956717100003,28.812921019000044],[112.31683630900011,28.826585443000056],[112.31231810500003,28.852064710000036],[112.30487928600007,28.88133243300007],[112.32691835800006,28.92978372600004],[112.32228116400006,28.95040645200004],[112.33673778000002,28.97362356800005],[112.33734911800002,28.99675140200003],[112.31055828600006,29.04767570100006],[112.29791682000007,29.06098756500006],[112.27800532100002,29.06213155100005],[112.24406963700005,29.09536061400007],[112.20194602700008,29.10989772100004],[112.17585974200006,29.128684933000045],[112.18854716600003,29.206522635000056],[112.20380909400001,29.246831154000063],[112.21486029000005,29.294793811000034],[112.25005246900002,29.314796425000054],[112.22853655100005,29.33620884900006],[112.22996682500002,29.365759711000067],[112.24559937700008,29.397873235000077],[112.26680109600011,29.444118896000077],[112.26741833300002,29.49560311500005],[112.29613645900008,29.536390852000068],[112.30519310200009,29.542011342000023],[112.30986156200004,29.481923220000056],[112.33028650000006,29.449793716000045],[112.36713076900003,29.446074887000066],[112.3928351620001,29.416021493000073],[112.41701631900003,29.37171495000007],[112.4518492420001,29.354669064000063],[112.47153059300001,29.330062268000063],[112.50623450800003,29.312103886000045],[112.54193875400006,29.31630480900003],[112.5781568650001,29.32787838400003],[112.62126995100004,29.340940895000074],[112.64885546900007,29.312261913000043],[112.65990141800012,29.278434435000065],[112.65470699100001,29.235740473000078],[112.64494677100004,29.20849357000003],[112.66957704200001,29.190633395000077],[112.73206279800002,29.185774038000034],[112.75330737900003,29.172204195000063],[112.749444702,29.145435930000076],[112.72541610700011,29.098620349000043],[112.7395714380001,29.025140538000073],[112.75457648300005,29.061351837000075],[112.7552424050001,29.082235406000052],[112.7682027840001,29.14908864100005],[112.7959089090001,29.17453414700003],[112.81515418800007,29.165855056000055],[112.83668311400004,29.160847541000066],[112.85568097800001,29.15813522700006],[112.87006608600007,29.147328857000048],[112.8826016920001,29.119775890000028],[112.88872759600008,29.081930544000045],[112.90344187700009,29.055436609000026],[112.90832407000005,29.045981484000038],[112.88291696700003,29.02460363000006],[112.86628609400009,29.005989335000038],[112.86066232900009,28.99306284900007],[112.81966583700012,28.95713020200003],[112.808673483,28.951801029000023],[112.7773661970001,28.946966219000046],[112.76100482300001,28.949229219000074],[112.73642942900005,28.938620701000048],[112.71964916200011,28.927448654000045],[112.74229312200009,28.918694877000064],[112.78551336200007,28.931089074000056],[112.81978607400004,28.933984141000053],[112.78465265500006,28.917670258000044],[112.70889731500006,28.901949883000043],[112.67887819000009,28.903233928000077],[112.67597027200009,28.897359734000077],[112.64817612500008,28.86746630400006],[112.61328328800005,28.770512772000075],[112.55236643,28.723814281000045],[112.52166290900004,28.702607129000057],[112.48713073300007,28.674151899000037],[112.47764861300004,28.63971966400004],[112.49658718800003,28.608189163000077],[112.53072287000009,28.610674147000054],[112.54440857400004,28.583953518000044],[112.5389614500001,28.555616169000075],[112.54261955000004,28.528141495000057],[112.57975436800007,28.52325680200005],[112.61220867800012,28.547678460000043],[112.6476317580001,28.564099121000027],[112.68058480600007,28.556244993000064],[112.6534032940001,28.519036907000043],[112.64139604500008,28.489554012000042]]]}},{"type":"Feature","properties":{"code":"CN043110","name":"Yongzhou","label":"Yongzhou · 永州市","type":"Prefecture-level city","parentCode":"CN-HN"},"geometry":{"type":"Polygon","coordinates":[[[111.51954111300006,26.849397405000047],[111.52715877800006,26.811770676000037],[111.55106579900007,26.792517759000077],[111.59291852000007,26.800724916000036],[111.61050561700006,26.828602357000022],[111.63418516900003,26.849315082000032],[111.67462234500005,26.84000353700003],[111.72066216300004,26.855079208000063],[111.70805937500006,26.79793535400006],[111.72931536300007,26.77735532500003],[111.75653409500006,26.791739793000033],[111.77615827300008,26.81506543300003],[111.80948810900009,26.801630250000073],[111.84024827900004,26.805208941000046],[111.86898433300007,26.817731397000045],[111.88567345700005,26.787699537000037],[111.90437071600007,26.750499551000075],[111.91447132700006,26.715091608000023],[111.94320979400004,26.653665275000037],[111.94524667300004,26.621388428000046],[111.95683845900004,26.59043725500004],[111.98804121800003,26.593085764000023],[111.97697409400007,26.625826974000063],[111.98199582700005,26.653610994000076],[112.01725020200001,26.64637842700006],[112.06458022300001,26.643143805000022],[112.09732193400009,26.64620444800005],[112.11390884500008,26.621960113000057],[112.13500804500006,26.595452901000044],[112.1359491830001,26.560474414000055],[112.19024901300008,26.547749509000028],[112.17609275200005,26.51639314600004],[112.16546971100001,26.489960948000032],[112.13178944000003,26.489164237000068],[112.10309777300006,26.465015658000027],[112.13370340900008,26.444737287000066],[112.13314020100006,26.41556975700007],[112.11300636600004,26.390491371000053],[112.10942177900006,26.354142052000043],[112.12140261400009,26.322233664000066],[112.14140004500007,26.28984590700003],[112.15737146100003,26.262405598000043],[112.16781438500004,26.22778916900006],[112.17622638900002,26.18688455000006],[112.18363281900008,26.145081557000026],[112.19428711400008,26.114165614000058],[112.22551098400004,26.092144576000067],[112.26357778300007,26.097837241000036],[112.30514857500009,26.10575042200003],[112.32306827100001,26.08274719600007],[112.29386153900009,26.038384328000063],[112.27173437700003,26.007466280000074],[112.27508965200002,25.97463352500006],[112.26194394400011,25.934229636000055],[112.2463391330001,25.903714114000024],[112.27123737200009,25.88337892800007],[112.32943060900004,25.90000037200008],[112.34897794300002,25.854249339000035],[112.34783557500009,25.82457219300005],[112.3641502480001,25.79615909200004],[112.3614327040001,25.748491673000046],[112.34734209600003,25.72201811900004],[112.31142494200003,25.714538624000056],[112.28160512200009,25.73311518500003],[112.24923151400003,25.739543465000054],[112.21678502600003,25.725724008000043],[112.22063186700007,25.685217167000076],[112.21750719200008,25.643383809000056],[112.22477704200003,25.58575378000006],[112.24111307800001,25.560036618000026],[112.27539990900004,25.552696599000058],[112.3047173980001,25.547167270000045],[112.34091829400006,25.522691704000067],[112.37817000500002,25.51395467800006],[112.38699352200001,25.486609130000033],[112.3957786740001,25.45938978600003],[112.42840755500004,25.43174770400003],[112.44753416800006,25.388407440000037],[112.41365186900009,25.36607979300004],[112.37380458300004,25.340618905000042],[112.34644861900006,25.325892105000037],[112.30816674800008,25.308505942000068],[112.31297743800008,25.27515070800007],[112.31681781400005,25.24674979400004],[112.38069146300006,25.157154253000044],[112.37725222400002,25.147645612000076],[112.36237045900009,25.146952113000054],[112.3308539090001,25.160886248000054],[112.30622018600002,25.171121578000054],[112.27939188200003,25.166967988000067],[112.25753860300006,25.164550957000074],[112.21411889300009,25.179500502000053],[112.18035571400003,25.17631220900006],[112.15746088900005,25.16938423000005],[112.14227914000003,25.145253511000078],[112.13781843800007,25.107486581000046],[112.13131481700009,25.07078176300007],[112.13033476700002,25.065245636000043],[112.12358546300004,25.00317492100004],[112.09026780600004,24.949503312000047],[112.09699690200011,24.934110152000073],[112.11960409700009,24.92303975300007],[112.13660321300006,24.911116398000047],[112.15487552700006,24.89829781000003],[112.15748815300003,24.871230917000048],[112.13641578600004,24.847150828000053],[112.1141183530001,24.834206014000074],[112.11053794800011,24.83212966700006],[112.07474813100009,24.813607175000072],[112.0408814000001,24.78964482400005],[112.01903990000005,24.779060790000074],[111.99916495300005,24.767555085000026],[111.97892133800008,24.746784279000053],[111.96355901400005,24.761610141000062],[111.94691033100008,24.773494467000035],[111.91229451700008,24.76842921800005],[111.86304039000004,24.777909240000042],[111.81366955400006,24.77744930700004],[111.73483095900008,24.792535414000042],[111.68426153900003,24.766789221000067],[111.64170962600008,24.75358088100006],[111.60193933500005,24.710588490000077],[111.57221544400005,24.690951448000078],[111.54054708800004,24.674024888000076],[111.52857205800007,24.651553936000028],[111.51317789400008,24.65423873800006],[111.48031658700006,24.659955559000025],[111.46468868900007,24.687093619000052],[111.46232687400004,24.686263378000035],[111.42417944400006,24.672886766000033],[111.40750419900007,24.691907537000077],[111.44046740200008,24.76926521100006],[111.42201092300007,24.82885034800006],[111.41830514100008,24.87752848200006],[111.42066625600006,24.953201969000077],[111.43868883200008,24.995445739000047],[111.41914108700007,25.043283355000028],[111.41641406100007,25.056017229000076],[111.41237308800004,25.074836658000038],[111.38692639200008,25.138896269000043],[111.34725125800009,25.132778141000074],[111.32142626000007,25.11848494700007],[111.27887369500007,25.135764298000026],[111.26999107800009,25.145702484000026],[111.21044556200007,25.118895276000046],[111.16180341500007,25.07942052800007],[111.11914320500006,25.039904765000074],[111.08446050600008,25.01656138900006],[111.07253249700005,24.976952522000033],[111.07325360100003,24.952904241000056],[111.07347850600007,24.945423334000054],[110.98940558100009,24.914022502000023],[110.95281910000006,24.961807269000076],[110.93301050500008,25.05729510200007],[110.96272313600008,25.142815532000043],[110.98948651800004,25.16979720200004],[111.05097241700008,25.187713448000068],[111.08868247100008,25.206543751000027],[111.09667119500006,25.24523275100006],[111.10104005800008,25.284262598000055],[111.10372512800006,25.30821796500004],[111.16939594000007,25.366536804000077],[111.23906283300005,25.404107038000063],[111.28395978500004,25.44982234300005],[111.29348186700008,25.499035169000024],[111.29612653400005,25.512733147000063],[111.28853048400003,25.61167847400003],[111.27940489200006,25.70647050900004],[111.27892217700008,25.71149792400007],[111.29200409200007,25.743800975000056],[111.35296876800004,25.766013718000067],[111.41815738200006,25.826807554000027],[111.44171451600005,25.86367725200006],[111.44333629800008,25.86621163600006],[111.43864018000005,25.870217893000074],[111.39457580300007,25.90778193600005],[111.30163737300006,25.91358176400007],[111.25551687900008,25.876924288000055],[111.24147527000008,25.858108488000028],[111.17474539500006,25.94455630500005],[111.15988130300008,26.011052885000026],[111.20202256300007,26.050447360000078],[111.23916317600003,26.079057127000056],[111.24033121800005,26.13202234000005],[111.22545134800004,26.185035257000038],[111.24754580500007,26.20674699700004],[111.26368429900003,26.222597785000062],[111.25279395000007,26.267507179000063],[111.19163166000004,26.287448178000034],[111.14451760800006,26.32795542200006],[111.07517532400004,26.297604343000046],[110.97600588900008,26.384713632000057],[111.00940196200008,26.432909000000052],[111.03010820400004,26.471198822000076],[111.04389335700006,26.49911146200003],[111.04338738200005,26.54710454700006],[111.04001620400004,26.581162481000035],[111.06477598500004,26.619892613000047],[111.10914379700006,26.613453282000023],[111.10645680500005,26.579805476000047],[111.10578172800007,26.545718770000065],[111.14666362300005,26.475090730000034],[111.18392265000006,26.467223682000053],[111.23065671000006,26.467473880000057],[111.26714438700009,26.49097894500005],[111.26987498000005,26.52867339000005],[111.26463307500006,26.555556867000064],[111.25682766300008,26.588258000000053],[111.24490179200006,26.631246369000053],[111.25211826700007,26.672970048000025],[111.27149341900008,26.706228201000044],[111.29746974600005,26.73547260600003],[111.30676922200007,26.772264519000032],[111.30043166500008,26.80989089700006],[111.30171708100005,26.842172951000066],[111.31764197900009,26.87226789300007],[111.35035553400007,26.88538447800005],[111.37969947700009,26.873361723000073],[111.41457593600006,26.86043205200008],[111.44841279300005,26.853762251000035],[111.48115473600006,26.856500078000067],[111.51954111300006,26.849397405000047]]]}},{"type":"Feature","properties":{"code":"CN043120","name":"Yueyang","label":"Yueyang · 岳阳市","type":"Prefecture-level city","parentCode":"CN-HN"},"geometry":{"type":"Polygon","coordinates":[[[113.4722017470001,29.770517907000055],[113.50245306400006,29.731219511000063],[113.51581296000006,29.68907716600006],[113.5327325940001,29.69581491400004],[113.55272410100008,29.700696613000048],[113.59625465700003,29.689888023000037],[113.63419960800002,29.667620296000052],[113.6645866560001,29.605459756000073],[113.66903598500005,29.581311266000057],[113.60282645900008,29.532135913000047],[113.59505575200001,29.51717904700007],[113.6414027400001,29.499155875000042],[113.66735011700007,29.495862145000046],[113.7022187340001,29.48216184900008],[113.72291135800003,29.474019954000028],[113.712611304,29.44577083300004],[113.68407413300008,29.409014023000054],[113.67461020200005,29.396821405000026],[113.6544702330001,29.385727915000075],[113.63065314200003,29.356010043000026],[113.60569532300008,29.322751199000038],[113.56994802300005,29.276370135000036],[113.56153140900005,29.270933494000076],[113.5741997450001,29.276514787000053],[113.6198393740001,29.243115597000042],[113.6463058280001,29.225550114000043],[113.65712969300012,29.206572540000025],[113.64822581800001,29.18807625100004],[113.61764880600003,29.172768177000023],[113.60230295200006,29.146395695000024],[113.6482945680001,29.12390407600003],[113.63212901700001,29.10468538500004],[113.66045026800009,29.081714903000034],[113.67353674900005,29.101900042000068],[113.70455838400005,29.09935745100006],[113.7077687310001,29.06986133600003],[113.71646908600007,29.07237746800007],[113.72765318300003,29.075607137000077],[113.73718183200003,29.081609270000058],[113.74926963200005,29.102703099000053],[113.75297000400008,29.120436961000053],[113.78049410200003,29.105483096000057],[113.78650971100001,29.09908880300003],[113.78775162200009,29.07410023400007],[113.80679013700001,29.054002831000048],[113.83303013400007,29.03282309100007],[113.85986147400001,29.029452866000042],[113.88358888200003,29.05646972900007],[113.8904130630001,29.07412283000008],[113.92184527000006,29.07361516000003],[113.92143490400008,29.071521209000025],[113.91103725300002,29.04059045500003],[113.91728013900001,29.011005519000037],[113.9223665510001,28.978770878000034],[113.9533599340001,28.946732086000054],[113.98191897200002,28.93437279400007],[114.03921046000005,28.886427068000046],[114.06402268200009,28.857197003000067],[114.08604066200007,28.83695623600005],[114.12669490000007,28.845622468000045],[114.1375534440001,28.831935505000047],[114.1405737560001,28.801517344000047],[114.1362157310001,28.762295669000025],[114.13592770200012,28.759722690000046],[114.13363135300006,28.72588268100003],[114.12886534300003,28.680511120000062],[114.11621441600005,28.645179401000064],[114.10802355200008,28.61863858600003],[114.09397551200004,28.60118605200006],[114.07777973700001,28.58111423200006],[114.08088995900005,28.553358152000044],[114.10287343400012,28.539765870000053],[114.04321403900008,28.507618791000027],[114.00976695400004,28.513289582000027],[113.96886245200005,28.515512483000066],[113.93615892000003,28.488327863000052],[113.90517869100006,28.47167054600004],[113.8681048850001,28.46473777700004],[113.81961798900011,28.467378280000048],[113.77779604900002,28.44890596700003],[113.75882962200001,28.423850574000028],[113.72320606300002,28.412039918000062],[113.67493549000005,28.409798657000067],[113.62071414800005,28.420088150000026],[113.60587572200006,28.45067882400008],[113.59258404000002,28.481238552000036],[113.55528992100005,28.49825478300005],[113.51501152700007,28.49828380500003],[113.46774860500011,28.50605228300003],[113.45137271600004,28.533169859000054],[113.43348316100003,28.555914192000046],[113.37719247300004,28.573973043000024],[113.34971576100008,28.59908385400007],[113.2876433450001,28.587769571000024],[113.25087950900001,28.596953702000064],[113.21729170300011,28.596166907000054],[113.18073064200007,28.62389071000007],[113.14952350200008,28.577624361000062],[113.15070848200003,28.545139552000023],[113.15689912700009,28.512949252000055],[113.15111385600005,28.47680795200006],[113.11706222700002,28.447619599000063],[113.08836597100003,28.46083733000006],[113.05307364900011,28.481686258000025],[113.0177689520001,28.47158689300005],[112.98761310100008,28.452135846000033],[112.9396115290001,28.432196436000027],[112.91149613900006,28.494443981000074],[112.87394585700008,28.493162711000025],[112.84189582600004,28.481539320000024],[112.8037372440001,28.478392923000058],[112.778683881,28.502781261000052],[112.73700937300009,28.504807792000065],[112.71479305000003,28.486095084000056],[112.67164503200001,28.48000878700003],[112.64139604500008,28.489554012000042],[112.6534032940001,28.519036907000043],[112.68058480600007,28.556244993000064],[112.6476317580001,28.564099121000027],[112.61220867800012,28.547678460000043],[112.57975436800007,28.52325680200005],[112.54261955000004,28.528141495000057],[112.5389614500001,28.555616169000075],[112.54440857400004,28.583953518000044],[112.53072287000009,28.610674147000054],[112.49658718800003,28.608189163000077],[112.47764861300004,28.63971966400004],[112.48713073300007,28.674151899000037],[112.52166290900004,28.702607129000057],[112.55236643,28.723814281000045],[112.61328328800005,28.770512772000075],[112.64817612500008,28.86746630400006],[112.67597027200009,28.897359734000077],[112.67887819000009,28.903233928000077],[112.70889731500006,28.901949883000043],[112.78465265500006,28.917670258000044],[112.81978607400004,28.933984141000053],[112.78551336200007,28.931089074000056],[112.74229312200009,28.918694877000064],[112.71964916200011,28.927448654000045],[112.73642942900005,28.938620701000048],[112.76100482300001,28.949229219000074],[112.7773661970001,28.946966219000046],[112.808673483,28.951801029000023],[112.81966583700012,28.95713020200003],[112.86066232900009,28.99306284900007],[112.86628609400009,29.005989335000038],[112.88291696700003,29.02460363000006],[112.90832407000005,29.045981484000038],[112.90344187700009,29.055436609000026],[112.88872759600008,29.081930544000045],[112.8826016920001,29.119775890000028],[112.87006608600007,29.147328857000048],[112.85568097800001,29.15813522700006],[112.83668311400004,29.160847541000066],[112.81515418800007,29.165855056000055],[112.7959089090001,29.17453414700003],[112.7682027840001,29.14908864100005],[112.7552424050001,29.082235406000052],[112.75457648300005,29.061351837000075],[112.7395714380001,29.025140538000073],[112.72541610700011,29.098620349000043],[112.749444702,29.145435930000076],[112.75330737900003,29.172204195000063],[112.73206279800002,29.185774038000034],[112.66957704200001,29.190633395000077],[112.64494677100004,29.20849357000003],[112.65470699100001,29.235740473000078],[112.65990141800012,29.278434435000065],[112.64885546900007,29.312261913000043],[112.62126995100004,29.340940895000074],[112.5781568650001,29.32787838400003],[112.54193875400006,29.31630480900003],[112.50623450800003,29.312103886000045],[112.47153059300001,29.330062268000063],[112.4518492420001,29.354669064000063],[112.41701631900003,29.37171495000007],[112.3928351620001,29.416021493000073],[112.36713076900003,29.446074887000066],[112.33028650000006,29.449793716000045],[112.30986156200004,29.481923220000056],[112.30519310200009,29.542011342000023],[112.31894884300004,29.551795063000043],[112.34314185100004,29.564843189000044],[112.37558273700006,29.57243672900006],[112.397813799,29.591727192000064],[112.42670599900009,29.63406896400005],[112.46638195300011,29.635304697000038],[112.49006713200004,29.61806658100005],[112.51723811800002,29.62035241600006],[112.56516895400011,29.616988545000027],[112.5827452320001,29.60871725100003],[112.61398852800005,29.605582982000044],[112.64884402100006,29.627305372000023],[112.68166393700005,29.65082748900005],[112.70722161300012,29.675348365000048],[112.72982551400003,29.707919590000074],[112.73332716000004,29.713625766000064],[112.74387789800005,29.730831401000046],[112.75877520300003,29.74304823800003],[112.79266308900003,29.76384844300003],[112.83930178600008,29.79332593600003],[112.85884008500011,29.778753906000077],[112.84112772700007,29.734559842000067],[112.86300508200009,29.720114736000028],[112.89160797600005,29.748819989000026],[112.94254199900001,29.78173656000007],[112.96708067700001,29.80265418500005],[112.99811683000007,29.788741609000056],[112.98738024300008,29.77647929400007],[112.97157546800008,29.72781559400005],[112.95600904800006,29.688045628000054],[112.95619848100011,29.651547093000033],[112.89818185900003,29.624981468000044],[112.86833630800004,29.59701369000004],[112.88309310200009,29.512178550000044],[112.93527603300004,29.470294977000037],[112.98372473800009,29.49257339600007],[113.01444605300003,29.47063668900006],[113.03830620000008,29.440910840000072],[113.04275183200002,29.435375383000064],[113.07923984600006,29.47920969100005],[113.11706380400005,29.442296835000036],[113.12136832400006,29.45613252100003],[113.14828420600008,29.490333916000054],[113.17429040800005,29.528999372000044],[113.18500510800004,29.53947147200006],[113.23480490300005,29.608803617000035],[113.25536206200002,29.635978799000043],[113.305846341,29.656586536000077],[113.31198639800004,29.65909086100004],[113.30977585800008,29.660353798000074],[113.3536523470001,29.69518744900006],[113.40950423000004,29.74827561500007],[113.43848171800005,29.77433786000006],[113.4722017470001,29.770517907000055]]]}},{"type":"Feature","properties":{"code":"CN043130","name":"Zhangjiajie","label":"Zhangjiajie · 张家界市","type":"Prefecture-level city","parentCode":"CN-HN"},"geometry":{"type":"Polygon","coordinates":[[[110.58611845400009,29.759801752000044],[110.62317907100004,29.725318411000046],[110.64775646500004,29.707057461000034],[110.68285501500009,29.69219042800006],[110.72721913400005,29.704114326000024],[110.75579550500004,29.662155141000028],[110.81398632400004,29.680110912000032],[110.87054545700005,29.686577662000047],[110.91206959800007,29.66831297500005],[110.94489059300008,29.665197242000033],[110.98100121900006,29.665665379000075],[111.00800487300006,29.641993558000024],[111.03157502200008,29.612909218000027],[111.07339086500008,29.60393110800004],[111.12019423000004,29.601234585000043],[111.16152918000006,29.59365118100004],[111.20249081100008,29.599015992000034],[111.25445466500008,29.566963808000025],[111.27901424300006,29.539674219000062],[111.29380633100004,29.49757179900007],[111.28556782300006,29.44728374600004],[111.27249231700006,29.420660186000077],[111.24933424200009,29.343652434000035],[111.24588185900006,29.30524322000008],[111.23945331900006,29.260992486000077],[111.21492225700007,29.23879283200006],[111.20903593500009,29.205684833000078],[111.16616142500004,29.20042424600007],[111.13200708600004,29.20314334400007],[111.10034195400004,29.184030887000063],[111.06930587000005,29.15751195000007],[111.04005014300009,29.135569751000048],[111.00629640100004,29.117517019000047],[110.96994830200003,29.118956748000073],[110.93070969900003,29.124645772000065],[110.89749142000005,29.11624884500003],[110.83392032900008,29.098550270000032],[110.85504291600006,29.058716779000065],[110.88733665300003,29.031669168000064],[110.90965168600007,29.011911162000047],[110.88192416300006,28.99579095100006],[110.84478353200006,28.997064314000056],[110.82286736600008,28.95886174700007],[110.78156573300004,28.947731325000063],[110.76316523700007,28.91773889700005],[110.73613813500003,28.902421856000046],[110.71171263000008,28.92179387500005],[110.68421232700007,28.907889714000078],[110.64885816300006,28.903055935000054],[110.63225826400009,28.93603861500003],[110.60473844100005,28.956405886000027],[110.57354648300009,28.975492360000032],[110.55060715700006,28.994296845000065],[110.51837442900006,28.96758605900004],[110.50342763200007,28.934283531000062],[110.52173281700004,28.90405038600005],[110.48537963200005,28.900619764000055],[110.46482487500003,28.879997827000068],[110.42479269500006,28.887329457000078],[110.36035781900006,28.887163129000044],[110.35181408100004,28.917059189000042],[110.32393218400006,28.930919644000028],[110.29858879200009,28.95625787700004],[110.31978235900004,28.97917817900003],[110.32110594100004,29.01013643500005],[110.31267491000006,29.042794684000057],[110.28640002100008,29.071388693000074],[110.23580082400008,29.102135300000043],[110.21767350200008,29.127677411000036],[110.18521684400008,29.146263314000066],[110.16699887100003,29.17041203000008],[110.13092108800004,29.151629768000078],[110.09868827700006,29.124855782000054],[110.06519503500004,29.143897656000036],[110.05305218900008,29.17802221200003],[110.05488524900005,29.210805324000034],[110.07022122600006,29.256586328000026],[110.11461431500004,29.32553045700007],[110.04290815500008,29.301785195000036],[110.00348070400008,29.290925480000055],[109.97139059800008,29.294636340000068],[109.94074203500008,29.322796492000066],[109.93739992700006,29.35756513000007],[109.93219532000006,29.38452398900006],[109.93012235900005,29.411857043000055],[109.90851553600004,29.432344563000072],[109.86276386500003,29.407291138000062],[109.79880078700006,29.381334983000045],[109.78432801700006,29.412237557000026],[109.78929107200008,29.448150602000055],[109.76791624100008,29.476001104000034],[109.74680416300004,29.497366227000043],[109.72973210200007,29.529711534000057],[109.74927249200005,29.56522447800006],[109.73485142700008,29.598879510000074],[109.67156839300009,29.609801125000047],[109.64354476100004,29.631566597000074],[109.65435777500005,29.631216307000045],[109.68653088800005,29.642228836000072],[109.73385499200003,29.688978216000066],[109.73968169900007,29.720179706000067],[109.78312110300004,29.75084703500005],[109.81341400000008,29.75838951700007],[109.84248018100004,29.765617316000032],[109.90205368200009,29.765233567000053],[109.99176303300004,29.780175394000025],[110.03041813000004,29.782234863000042],[110.09218362100006,29.772874538000053],[110.13935228100007,29.758047934000047],[110.18866634500006,29.73610135800004],[110.24226391500008,29.69902225800007],[110.25820100200008,29.66617893700004],[110.27804441200004,29.664500787000065],[110.34399490400006,29.63900142800003],[110.35015812000006,29.614921469000024],[110.37154484200005,29.61941577600004],[110.39297203000007,29.633038964000036],[110.41448008900005,29.664918060000048],[110.45731185500006,29.67844628200004],[110.50015113300009,29.691958380000074],[110.54308153800008,29.71915117900005],[110.58611845400009,29.759801752000044]]]}},{"type":"Feature","properties":{"code":"CN043140","name":"Zhuzhou","label":"Zhuzhou · 株州市","type":"Prefecture-level city","parentCode":"CN-HN"},"geometry":{"type":"Polygon","coordinates":[[[113.69731155600005,27.86451922400005],[113.71600001400009,27.844002705000037],[113.72128078900005,27.81704804900005],[113.71059096900001,27.80211845900004],[113.69970694200003,27.78093413600004],[113.6848579330001,27.763420874000076],[113.67431810700009,27.752954181000064],[113.656166987,27.72747157200007],[113.64125873700004,27.70727151600005],[113.62052004100008,27.66306525600004],[113.58732675100009,27.611098516000027],[113.5709678400001,27.609701847000053],[113.54722236600003,27.59953629100005],[113.55129551800007,27.565446682000072],[113.55854433200011,27.53485657400006],[113.57434988500006,27.518374083000026],[113.59178953600008,27.522426881000058],[113.59325558100011,27.503600040000038],[113.58530092400008,27.476057405000063],[113.56655600200008,27.46219005100005],[113.57614574700006,27.442272541000023],[113.59302417700007,27.428442963000066],[113.59924312500004,27.41329434100004],[113.60155496900006,27.407649586000048],[113.58654315100011,27.382062338000026],[113.63003082000012,27.34072537800006],[113.65739521800003,27.338256129000058],[113.747930741,27.372670413000037],[113.8112924080001,27.38266360600005],[113.83385153500001,27.388337231000037],[113.85332590400003,27.378786263000052],[113.86087184600001,27.375091611000073],[113.85415387,27.356471330000034],[113.82146992300011,27.320634977000054],[113.8314872630001,27.285455977000026],[113.83446263200005,27.25225019900006],[113.8155908650001,27.233941981000044],[113.79970715200011,27.213767722000057],[113.76430100900006,27.153792458000055],[113.7523277570001,27.117170973000043],[113.74745967700005,27.102278325000043],[113.77387917200008,27.072931322000045],[113.80095015900008,27.06416316900004],[113.82220490000009,27.03225031200003],[113.85701835200007,26.982048511000073],[113.87373719000004,26.967263364000075],[113.88336485900004,26.94714691200005],[113.88982667100004,26.933671180000033],[113.8839651610001,26.909634700000026],[113.86789512200005,26.882285841000055],[113.85641244500005,26.840465471000073],[113.84708942800012,26.83354534700004],[113.83655091600008,26.820379462000062],[113.82807868400005,26.77757467200007],[113.82696875800002,26.773411415000055],[113.81891575100008,26.743751332000045],[113.82129129100008,26.692581224000037],[113.81961876300011,26.67199888700003],[113.82562629600011,26.639554804000056],[113.83160960700002,26.636695116000055],[113.84747102200004,26.629107496000074],[113.8869025240001,26.632530401000054],[113.91791951500011,26.62540420600004],[113.97353506500008,26.630141957000035],[114.02385192200006,26.598231628000065],[114.06450742700008,26.579127266000057],[114.06896230100006,26.570719333000056],[114.0881239360001,26.534485566000058],[114.0995572280001,26.487499712000044],[114.06784439900002,26.44444851700007],[114.05229929500001,26.431435329000067],[114.04422701400006,26.422584029000063],[114.0355607030001,26.413063530000045],[114.0331984610001,26.344922566000037],[114.0250853980001,26.313732295000023],[113.99784695200003,26.28129289000003],[113.98531983800001,26.267281535000052],[113.95530466200012,26.240290566000056],[113.94223789300008,26.21012549200003],[113.9361821660001,26.178865030000054],[113.93940619300008,26.17724491100006],[113.87635068600002,26.136143165000078],[113.83740084200008,26.102758918000063],[113.79387252000004,26.09407914600007],[113.76330759400003,26.109689440000068],[113.75114032400006,26.078673047000052],[113.71853036800007,26.058667166000077],[113.66251266400002,26.05064324400007],[113.65755148100004,26.07904024900006],[113.66568762700001,26.110364417000028],[113.68142530500006,26.14739232900007],[113.69381403000011,26.191658948000054],[113.69042832000002,26.22316199200003],[113.66334073400003,26.248317050000026],[113.63056564100009,26.26502507500004],[113.57950371700008,26.29315021700006],[113.56592387700005,26.32264235200006],[113.55999227100006,26.35594801800005],[113.55666376800002,26.394594596000047],[113.56291238600011,26.435319737000043],[113.55629993500008,26.48701398000003],[113.56285931800005,26.516956083000025],[113.52922322800009,26.547126278000064],[113.52834260300006,26.582586056000025],[113.50413489200002,26.608092432000035],[113.46675572900006,26.60012831100005],[113.43772704600008,26.57991476600006],[113.39046604400005,26.583719747000032],[113.36207503300011,26.636549700000046],[113.3520719280001,26.673879355000054],[113.3610632970001,26.701986566000073],[113.37066038400008,26.736348769000074],[113.3731426920001,26.766778852000073],[113.30242556600001,26.814601650000043],[113.27358334100006,26.78825764800007],[113.24263074200007,26.775212972000077],[113.24059240300005,26.809295727000062],[113.19975151900007,26.846580536000033],[113.19562885000005,26.874015627000063],[113.21937003300002,26.906051637000076],[113.21433741200008,26.939799739000023],[113.18338675100006,26.963536090000048],[113.17772522200005,26.990534422000053],[113.18577008200009,27.021392991000027],[113.1736197350001,27.05561653700005],[113.13019086600002,27.06061855400003],[113.12656099700007,27.092924181000058],[113.14519022100001,27.122699201000046],[113.18177520300003,27.133441315000027],[113.21652427700008,27.156719336000037],[113.2175539640001,27.195609474000037],[113.19749271400008,27.246008024000048],[113.15621616300007,27.231299807000028],[113.11680275300012,27.236317330000077],[113.06031947600002,27.216860310000072],[113.04656166000007,27.250607856000045],[113.02107050100005,27.28177622900006],[113.00268048800001,27.314186707000033],[112.99203319800006,27.35858696300005],[112.96783040300011,27.375374454000053],[112.94236652300003,27.439261225000052],[112.92899936200001,27.482839771000044],[112.92177285100001,27.514746686000024],[112.94048409400011,27.547722882000073],[112.96176247100004,27.581548791000046],[112.98755579700003,27.609041052000066],[112.97615662200008,27.635110093000037],[112.96129997000003,27.67193720100005],[112.99921369800006,27.69032210100005],[112.99959161600009,27.72249355100007],[112.98370515400006,27.76063485800006],[112.96640409700001,27.80731517600003],[112.98311944800002,27.83934535700007],[113.0095510000001,27.869063391000054],[113.02774764900005,27.89570458000003],[113.05590839600006,27.94010785300003],[113.08220946600011,27.918360870000072],[113.11438288200009,27.954240785000025],[113.1179145750001,27.988178133000076],[113.14070885100011,28.00890759300006],[113.16709259700008,28.029193219000035],[113.21357440400004,27.988863329000026],[113.23112823600002,27.966705835000027],[113.24965949400007,27.927598215000046],[113.25994410100009,27.878267406000077],[113.26401010100005,27.843783819000066],[113.2908031720001,27.82819575800005],[113.32130165500007,27.821938059000047],[113.35987877900004,27.839328934000036],[113.3797892,27.866847997000036],[113.4093261050001,27.88931182300007],[113.45974494400002,27.90655046100005],[113.49586813400003,27.92439624000008],[113.53193937800006,27.939977568000074],[113.57179932000008,27.939361104000056],[113.5751434870001,27.901713852000057],[113.59051087900002,27.87818952200007],[113.63204794400008,27.863588442000037],[113.67126097300002,27.86151685200008],[113.69731155600005,27.86451922400005]]]}}]}
