{"type":"FeatureCollection","name":"admin2_chn_cn-ln","adm0A3":"CHN","parentCode":"CN-LN","parentName":"Liaoning","bbox":[118.76957792000007,38.721270365000066,125.73122666600011,43.484907099000054],"features":[{"type":"Feature","properties":{"code":"CN021010","name":"Anshan","label":"Anshan · 鞍山市","type":"Prefecture-level city","parentCode":"CN-LN"},"geometry":{"type":"Polygon","coordinates":[[[122.44345875800002,41.55987109300003],[122.47697426100001,41.53365809500008],[122.51984429200002,41.525068856000075],[122.5462859370001,41.49486196200007],[122.56458899500001,41.49085058700007],[122.5614285370001,41.47264020400007],[122.5695442120001,41.446450620000064],[122.6024558680001,41.38094598400005],[122.59574034000002,41.34226356800008],[122.58556622600008,41.32009286300007],[122.5796477350001,41.28596801200007],[122.59237255800008,41.25009869400003],[122.59966169600011,41.21936109400008],[122.57285227500006,41.21030678300008],[122.54989559400008,41.18701944400004],[122.57118710200007,41.16422598300005],[122.6083513320001,41.138623833000054],[122.64962483600004,41.100964850000025],[122.68235519100006,41.083206877000066],[122.7257123820001,41.06709165800004],[122.77413581300004,41.058770612000046],[122.81744545400011,41.07919464500003],[122.8522590340001,41.09958038800005],[122.86879274600005,41.12329240500003],[122.8904753490001,41.148302546000025],[122.93835215100012,41.163134866000064],[122.98581529000012,41.172428213000046],[123.03504387600003,41.16809541400005],[123.09183617500003,41.181450504000054],[123.08026046200007,41.14240758100004],[123.12469051700009,41.11910343900007],[123.10747769900001,41.08900932900008],[123.12464507400011,41.06030218800004],[123.16396459700002,41.05234639200006],[123.20379756400007,41.04062696300008],[123.21256651400006,41.006331009000064],[123.19533061600009,40.97625361300004],[123.1518001610001,40.964765499000066],[123.11431661800009,40.95632025700007],[123.07729611600007,40.93392803900008],[123.05026910700008,40.903036273000055],[123.02686301500012,40.85556819400006],[123.02184565100004,40.818622291000054],[123.06087036000008,40.81626916400006],[123.10245209800007,40.80808730800004],[123.08651103700004,40.77787195500008],[123.06378118800001,40.746993307000025],[123.09168260100012,40.71113107200006],[123.1432243910001,40.68518014400007],[123.19772342500005,40.69777109000006],[123.24109639300002,40.706001996000055],[123.29087876300002,40.72878960700007],[123.33764849900001,40.74819385200004],[123.3932450530001,40.769392022000034],[123.4445235930001,40.78039347300006],[123.48338018100003,40.786733240000046],[123.51772917000005,40.80746998600006],[123.56489748600006,40.75589526400006],[123.5428932850001,40.72361493900007],[123.53173251800001,40.69707565900006],[123.58412049900005,40.66991982300004],[123.63102674900006,40.65540121600003],[123.67443860800006,40.63847754400007],[123.7053097160001,40.60396459900005],[123.70641474900003,40.569102075000046],[123.71865613800003,40.529273508000074],[123.74901425700011,40.47998150400008],[123.74324924700011,40.44405519600008],[123.73145811000006,40.408340930000065],[123.72291727700008,40.37364728700004],[123.71649422700011,40.340573722000045],[123.70887791300004,40.30439330200005],[123.68994194900006,40.27505641800008],[123.64654779400007,40.24709372500007],[123.59743734200003,40.22994289500008],[123.56068049400005,40.21742270100003],[123.56021446000011,40.17719732900008],[123.57788573800008,40.17241137100007],[123.58070055300004,40.11750100200004],[123.55589414700012,40.09159374200004],[123.51522670000008,40.07394881600004],[123.4690427910001,40.055518756000026],[123.46024275000002,40.021796589000076],[123.46592306700006,39.99154433000007],[123.39368027900002,39.985987486000056],[123.35688812100011,39.99630687200005],[123.31544981600007,39.99627998400007],[123.25837214100011,40.00258820000005],[123.22003800300001,40.025778099000036],[123.21325429500007,40.05382080900006],[123.19389621000005,40.07906918800006],[123.15114096100001,40.07867117700005],[123.11470115600002,40.060446693000074],[123.08755095400011,40.040288873000065],[123.05301163900003,40.019073966000065],[123.01031874400007,40.04173741900007],[122.97195491800005,40.07179568600003],[122.95109419000005,40.09901786700004],[122.93952728700003,40.134481211000036],[122.90586406000011,40.14781858400005],[122.88198046900004,40.17241074200007],[122.85924125300005,40.19582011800003],[122.85271782100006,40.22287579300007],[122.85727831500003,40.26122940300007],[122.86362393800005,40.304554765000034],[122.90788187700002,40.31084031200004],[122.92364312400002,40.34754034300005],[122.9198787680001,40.383096298000055],[122.95476441500011,40.39230333000006],[122.97650668900008,40.41864359400006],[122.98763669200002,40.46277598100005],[122.95745619000002,40.48267662400008],[122.9145686390001,40.50254094500008],[122.87241687300002,40.50010506900003],[122.8215219010001,40.50275177900005],[122.76904669200007,40.51664662300004],[122.72855524300007,40.533417075000045],[122.68164939000008,40.555006441000046],[122.63930545300002,40.58858692200005],[122.64033486200003,40.621314461000054],[122.63524473100006,40.65699239700007],[122.64357272400002,40.68988077900008],[122.64498744200012,40.71794588000006],[122.60480391900012,40.720295787000055],[122.56694869800003,40.718691576000026],[122.53062313700002,40.73588385000005],[122.50581257100009,40.75648956800006],[122.48051192000003,40.78130505400003],[122.45902038300005,40.80711327900008],[122.44492675000004,40.847408890000054],[122.44737773200006,40.874895912000056],[122.42098763500007,40.90074108600004],[122.3753845540001,40.890153756000075],[122.32794621900007,40.886229324000055],[122.3057535150001,40.936918853000066],[122.31189076900012,40.97331395600003],[122.31381725100005,40.98469065200004],[122.33509063700001,40.998912363000045],[122.34901724300005,41.00687394800008],[122.36216185600006,41.04725819400005],[122.37841412300008,41.06886384500007],[122.38849681200008,41.09104664000006],[122.36989117400003,41.092755440000076],[122.36020026400001,41.10982403100007],[122.35862041500002,41.137698588000035],[122.3729886430001,41.147938776000046],[122.42223806800007,41.17805937900005],[122.44436819600003,41.19681792100005],[122.44747460400004,41.21502095000005],[122.44556990600006,41.24062403900007],[122.43430243600005,41.24859663500007],[122.42188386200007,41.249746952000066],[122.36984167500009,41.24066901100008],[122.34965761600006,41.23327684800006],[122.32171907200006,41.217348026000025],[122.29614212000001,41.17808683700008],[122.21352886500006,41.174058212000034],[122.16880750700011,41.20814236900003],[122.18494470700011,41.26676338500005],[122.19373390500004,41.319114641000056],[122.1870281780001,41.35438702700003],[122.16277698700003,41.39818240300008],[122.13544822400002,41.42374798900005],[122.12602140700005,41.443083407000074],[122.15007696800001,41.47328251400006],[122.19207927200011,41.49723962200005],[122.24852478600008,41.53143085900007],[122.3120149020001,41.569588054000064],[122.37599178200003,41.572997187000055],[122.44345875800002,41.55987109300003]]]}},{"type":"Feature","properties":{"code":"CN021020","name":"Benxi","label":"Benxi · 本溪市","type":"Prefecture-level city","parentCode":"CN-LN"},"geometry":{"type":"Polygon","coordinates":[[[125.53546589900009,40.92808074800007],[125.46792430200003,40.92287925000005],[125.48512442900005,40.98276775900007],[125.4728321130001,40.98744887400005],[125.44619676700006,40.987263806000044],[125.41253519300005,40.97485665600004],[125.39901213300004,41.015494009000065],[125.38602769700003,41.01698589800003],[125.34102517000008,40.99284218400004],[125.31918481800005,40.999565252000025],[125.29913125100006,41.02528669600008],[125.27322600500008,41.052204775000064],[125.23111910600005,41.075080470000046],[125.17522057400004,41.068050517000074],[125.13643622400002,41.06679986600005],[125.08742421500006,41.06910080600005],[125.03676971900006,41.08367315800007],[124.99691134400007,41.080185275000076],[124.94354591500007,41.07925369600008],[124.90491086700001,41.08719532600003],[124.81444896500011,41.11020807600005],[124.75204939900004,41.130253082000024],[124.68430711400003,41.15415653800005],[124.66305851000004,41.10517405600007],[124.62028775100009,41.087529706000055],[124.58267443300008,41.07994192700005],[124.54105043200002,41.076536747000034],[124.5037400010001,41.06146215000007],[124.46212966000007,41.043180118000066],[124.41943742700005,41.040325868000025],[124.36933702300007,41.04899741300005],[124.31658394300007,41.03569167200004],[124.28635777400007,41.05499420700005],[124.2540864990001,41.07034729800006],[124.19458642300003,41.068914378000045],[124.17695444200001,41.03896333800003],[124.1643157640001,41.01259840100005],[124.12097721300006,41.01854234100006],[124.07995327900005,41.023996055000055],[124.0975176820001,40.96236007300007],[124.11142095600007,40.937573798000074],[124.12887085600005,40.89104030000004],[124.11574454400011,40.84991215700006],[124.08928818000004,40.83025708500003],[124.0365678180001,40.83726020900008],[124.00594291100003,40.851442518000056],[123.95631192100007,40.855740249000064],[123.92064326100001,40.82923337200003],[123.88278808700011,40.80991592300006],[123.84373725700004,40.81528112500007],[123.81610936700008,40.83556966100008],[123.77088405600011,40.837448134000056],[123.72526258300002,40.82175074400004],[123.67853960900004,40.80338055300007],[123.64211929100009,40.79727963400006],[123.60540085700006,40.81158278500004],[123.58058013700008,40.84354004200003],[123.58524164100004,40.870814704000054],[123.59956429700003,40.903964820000056],[123.61261593500001,40.93678453900003],[123.60170983800003,40.96533436500005],[123.61016119400006,40.99635701500006],[123.65194525200002,41.05145960700003],[123.633949357,41.07803500800003],[123.61880124200002,41.113094240000066],[123.60430307000001,41.14528162900007],[123.57290374600007,41.165926411000044],[123.5607478500001,41.19461559500007],[123.58860007500004,41.221643794000045],[123.61285078800006,41.24582624000004],[123.61017491500002,41.28228311000004],[123.6082174820001,41.313081054000065],[123.60871362600005,41.35335427000007],[123.61522998900011,41.38368850300003],[123.62919576900003,41.42385382700007],[123.59832041800007,41.438411648000056],[123.55560562700009,41.467713348000075],[123.60095112300007,41.47706221200008],[123.63718160300004,41.48045389600003],[123.69353906700007,41.50199756600006],[123.73864417300001,41.50669686700007],[123.74546654900007,41.46976693200003],[123.78243963800003,41.47071709800008],[123.81359533700004,41.49180020800003],[123.83382936700002,41.51642013500003],[123.87323071200001,41.526352780000025],[123.90735219400005,41.51275995800006],[123.93292111000005,41.53629629100004],[123.98151195900004,41.52753425800006],[124.01472132700007,41.503345866000075],[124.05430380500002,41.48352144000006],[124.09360767600003,41.48366170400004],[124.14706265200005,41.49608257400007],[124.1950457800001,41.50262440600005],[124.24571049000008,41.51022883500008],[124.27184532000001,41.49095237900008],[124.28137075400002,41.46246959200005],[124.30839879000007,41.44169696400007],[124.30603719400006,41.40019975400003],[124.33217136500002,41.37209453100007],[124.35403826800007,41.347268762000056],[124.36801494800011,41.316867659000025],[124.37815185800002,41.28876545000003],[124.41316516000006,41.29811971700008],[124.45642346500006,41.30603857300008],[124.48916813200003,41.28964759400003],[124.52135998200004,41.261718967000036],[124.56834964300003,41.24640528300006],[124.59363951000012,41.22668911200003],[124.6173638360001,41.20252796200003],[124.67854802800002,41.21150687100004],[124.71879209800011,41.21641508400006],[124.72021416700011,41.24363522300007],[124.76208083400002,41.26508274300005],[124.79723051100007,41.283616497000025],[124.82233887500001,41.303819555000075],[124.83141783600001,41.33801441300005],[124.82880908200002,41.36619768600008],[124.83071962100007,41.40126643100007],[124.84551567200003,41.43339832800007],[124.86983791300008,41.46112314800007],[124.89902935600003,41.47990261000007],[124.94276920800007,41.48622952100004],[124.98136327700001,41.47132832400007],[125.00542109500009,41.448896201000025],[125.04645526800005,41.45691567200004],[125.07589260100008,41.473773461000064],[125.11340809700005,41.471042469000054],[125.15542900000003,41.457994675000066],[125.19206629700011,41.44280829300004],[125.23603182000011,41.44436859700005],[125.27079205100006,41.462855965000074],[125.31152264200011,41.49453881900007],[125.34455059300001,41.51601888000005],[125.37756203200001,41.53191397100005],[125.43801346900011,41.55706770100005],[125.44295969900008,41.54740976800008],[125.47410147900007,41.486422453000046],[125.51315601100009,41.41106325000004],[125.516593467,41.37706827200003],[125.5561957330001,41.359832650000044],[125.57174545400005,41.35169761900005],[125.55666384500012,41.316569051000045],[125.57825656000011,41.29769152100005],[125.62968746100012,41.27468729000003],[125.64565497300009,41.252201531000026],[125.68898719100002,41.23728403500007],[125.69311662700011,41.22244669100007],[125.69250989400007,41.20278292200004],[125.69767959400008,41.18154674800007],[125.71354997200001,41.164442217000044],[125.73122666600011,41.121996178000074],[125.65906344900009,41.105308681000054],[125.65642976000004,41.07063717900007],[125.66666874400005,41.03893964400004],[125.62479730700011,40.981044875000066],[125.57711586500011,40.95251051300005],[125.57135409300008,40.946709361000046],[125.53546589900009,40.92808074800007]]]}},{"type":"Feature","properties":{"code":"CN021030","name":"Chaoyang","label":"Chaoyang · 朝阳市","type":"Prefecture-level city","parentCode":"CN-LN"},"geometry":{"type":"Polygon","coordinates":[[[120.82833623500005,42.24617740700006],[120.83345461500005,42.24769553300007],[120.89362869400009,42.269705284000054],[120.93634558600002,42.262753832000044],[120.98966366400009,42.208425129000034],[121.00163526100005,42.172798242000056],[121.00593504000005,42.14409079600006],[121.01072032600007,42.118492564000064],[121.02456128400001,42.09531431900007],[121.02217596500009,42.07975254300004],[121.017889534,42.051742758000046],[121.01361023700008,42.023733797000034],[120.99312733600004,42.00333441300006],[120.98264678800001,41.99158009000007],[121.03419981000002,41.960292501000026],[121.06827174700004,41.95025266000005],[121.1232049240001,41.94753354200003],[121.15931383500003,41.93497285300003],[121.18288276700002,41.91338116400004],[121.20395586400002,41.88785276600004],[121.23762871000008,41.864390376000074],[121.28400837400011,41.866089663000025],[121.29543156500006,41.83821276400005],[121.26971184500007,41.81240203500005],[121.25703459300007,41.78723504200008],[121.22781058600003,41.73586179500006],[121.20815480700003,41.70163385700005],[121.19181334000007,41.676342971000054],[121.16543538200006,41.653365404000056],[121.12553347300002,41.62239000300008],[121.09678611900006,41.599621282000044],[121.05543288100012,41.582161478000046],[121.01364974400008,41.577216426000064],[120.97786935300007,41.56385032800006],[120.9522518340001,41.533382834000065],[120.91677372600009,41.50612263600004],[120.89778130400009,41.470897240000056],[120.8856692710001,41.44428232100006],[120.87417275400003,41.417614023000056],[120.86110978800002,41.38878050000005],[120.82907048700008,41.37504751500006],[120.76656910700001,41.37329476000008],[120.74978405000002,41.339706583000066],[120.72575746300004,41.30261606000005],[120.71342127800006,41.27001720900006],[120.71746514400002,41.229040250000025],[120.73095088200012,41.194132710000076],[120.7441147290001,41.15305041600004],[120.67494532600006,41.13452505400005],[120.62926802600009,41.121988904000034],[120.59415735700009,41.09096218800005],[120.57740439400004,41.064761367000074],[120.5616617170001,41.032938423000076],[120.54460605700001,41.004457855000055],[120.51432279100004,40.97668299600008],[120.48260310100011,40.96333769000006],[120.43784616900007,40.96819347700006],[120.4056337080001,40.94334245400006],[120.36775432500008,40.93327863300004],[120.330422311,40.95128859000005],[120.29378182700009,40.95355266200005],[120.25417253600006,40.93576104600004],[120.22159299400005,40.92012352000006],[120.19142120900005,40.90528535300007],[120.14262858500001,40.881261067000025],[120.14260780000006,40.91446633900006],[120.14258712200001,40.97256530200008],[120.12540153000009,40.99617084800008],[120.09506465300001,41.037951046000046],[120.06289157100002,41.05452233500006],[120.00897010900007,41.09321073600006],[119.99791959700008,41.06278952400004],[119.98195533400008,41.031856756000025],[119.97724482100011,40.999056833000054],[119.97956097400004,40.95598193500007],[119.96321443000011,40.92647517800003],[119.94020878900005,40.90536340500006],[119.8897659050001,40.887007184000026],[119.85109268400004,40.88747260500003],[119.80885783500003,40.89283408400007],[119.78219568000009,40.87108162700008],[119.77795527100011,40.83226352300005],[119.74993857200002,40.80923203100008],[119.71257899900002,40.805871463000074],[119.67074172600007,40.81807417700003],[119.65433121300009,40.78255232200007],[119.63206461200002,40.75258678600005],[119.59158564500001,40.77893762100007],[119.56911510400005,40.80011624200006],[119.53532155500011,40.778446418000044],[119.49549429400008,40.80102643500004],[119.47676044400009,40.77444139500005],[119.45571680700004,40.74849445900003],[119.4225375960001,40.704181953000045],[119.4118169300001,40.678333929000075],[119.39277290300004,40.649000312000055],[119.35292302100004,40.617193815000064],[119.2938142480001,40.594274089000066],[119.25143969600003,40.58382379300008],[119.19652187600002,40.577656828000045],[119.15018894400009,40.58083308000005],[119.11340128800009,40.58564676800006],[119.1014222020001,40.61511615400008],[119.1380355020001,40.66254819900007],[119.09697082500008,40.66152765500004],[119.03599726700008,40.643954731000065],[118.9698870420001,40.65595291100004],[118.91039900800001,40.71808056900005],[118.85790523700007,40.745164620000025],[118.842076012,40.75144695900008],[118.80008176400008,40.76810325900004],[118.80156671100008,40.80439028700005],[118.76957792000007,40.85507058400003],[118.81478297500007,40.904757596000024],[118.86385348700003,40.93379471500003],[118.92635457200004,40.96379034700004],[118.95252482300009,40.981746014000066],[118.92622809200009,40.995747745000074],[118.87732097700007,41.02439882800007],[118.89998503900006,41.04346076000007],[118.94300888300006,41.060417544000074],[119.01860232500007,41.086938685000064],[119.02349854200008,41.09818225200007],[119.03478483700007,41.11259230500008],[119.09242888100005,41.12950561400004],[119.12469221600008,41.157719661000044],[119.1433119290001,41.19387214500006],[119.16886911400002,41.25889928200007],[119.17066724100005,41.28542680400005],[119.1978068950001,41.299736653000025],[119.19478559600009,41.305252231000054],[119.18676221600003,41.30574491300007],[119.20709171900012,41.32006309600007],[119.23809791700012,41.30549621800003],[119.26654981200011,41.318680578000055],[119.26366150000001,41.362488248000034],[119.26802859000009,41.387112942000044],[119.29348236700002,41.40495300600003],[119.3219378340001,41.43993702800003],[119.34212914000011,41.45499063400007],[119.34527706500012,41.479466382000055],[119.33167081400006,41.505108008000036],[119.30205068800001,41.53802099200004],[119.30558442300003,41.565568090000056],[119.33848987400006,41.59109095600007],[119.3404563680001,41.60639480400005],[119.30883082900004,41.62400993700004],[119.27759946000003,41.64468071700003],[119.27585388000011,41.69729725700006],[119.2737141230001,41.74684913500005],[119.26159003100008,41.78473851700005],[119.28246270900001,41.84817914900003],[119.29481656200005,41.87822462100007],[119.28965147600002,41.93726895900005],[119.30320830200003,41.97650464700007],[119.35570835500005,42.05324641200008],[119.35004327900003,42.07526685200003],[119.31901366300008,42.09902346800004],[119.28030721100004,42.12947642900008],[119.23308887000007,42.16048947300004],[119.2162581990001,42.19561417600005],[119.22784755200007,42.21955424400005],[119.3050847290001,42.28850172600005],[119.36983868000004,42.293346255000074],[119.41662040000006,42.324145342000065],[119.46647952100011,42.34543166900005],[119.48202566200007,42.36599960700005],[119.52983613600009,42.337397026000076],[119.55837183400001,42.27389155600008],[119.59194938000007,42.22073000600005],[119.64646776600011,42.204422384000054],[119.74180488700006,42.20748439500005],[119.8078700430001,42.19474457300004],[119.82990811100001,42.104002638000054],[119.81079897200004,42.07238958000005],[119.88889059700011,41.98742326400003],[119.97178834800002,41.89403818400007],[119.99490708300004,41.830844531000025],[119.98460403100012,41.76565054800005],[119.99688694000008,41.70414461400003],[120.02289022000002,41.69449756900008],[120.05975417500008,41.680799808000074],[120.08450561900008,41.691445746000056],[120.08884341300006,41.72231497000007],[120.10734681200006,41.784227377000036],[120.14515875600011,41.83489672600007],[120.17707687100005,41.88942035100007],[120.17916151800011,41.89298301800005],[120.21168166900009,41.93156452100004],[120.24807867200002,41.96272464600003],[120.36174437200009,41.96662239500006],[120.39221301400005,41.990174178000075],[120.43756760300005,42.03130861600005],[120.4352207170001,42.074307625000074],[120.43041933500001,42.10053851300006],[120.46951277200003,42.14037517400004],[120.52130320000003,42.14889201400007],[120.56936218600003,42.14875881300003],[120.60825098300006,42.169838267000046],[120.66067083900009,42.198779254000044],[120.74812689600003,42.22228961500008],[120.82833623500005,42.24617740700006]]]}},{"type":"Feature","properties":{"code":"CN021040","name":"Dalian","label":"Dalian · 大连市","type":"Prefecture-level city","parentCode":"CN-LN"},"geometry":{"type":"MultiPolygon","coordinates":[[[[123.01031874400007,40.04173741900007],[123.05301163900003,40.019073966000065],[123.08755095400011,40.040288873000065],[123.11470115600002,40.060446693000074],[123.15114096100001,40.07867117700005],[123.19389621000005,40.07906918800006],[123.21325429500007,40.05382080900006],[123.22003800300001,40.025778099000036],[123.25837214100011,40.00258820000005],[123.31544981600007,39.99627998400007],[123.35688812100011,39.99630687200005],[123.39368027900002,39.985987486000056],[123.35248551300003,39.94405613200007],[123.37064752600008,39.91936397500007],[123.4107729860001,39.91257595900004],[123.44109877100004,39.892073553000046],[123.44032362900009,39.86254389800007],[123.4464996690001,39.831785757000034],[123.47113208200005,39.80552014800003],[123.46330083400005,39.803678898000044],[123.45024695600011,39.79861774500006],[123.4300306240001,39.79425682300007],[123.42592415700005,39.78468495300007],[123.42627794000009,39.772864871000024],[123.42227016600009,39.75693801600005],[123.41649679000011,39.74480760400007],[123.40325320800002,39.738014398000075],[123.40289208000002,39.73906470900005],[123.40704374200004,39.74569165100007],[123.40527241000007,39.75026568200008],[123.41741962200001,39.755055809000055],[123.41948563000005,39.75756710600007],[123.41919750200009,39.76145683300007],[123.40566858600005,39.78171419100005],[123.39024391900011,39.78351171600008],[123.38046394000003,39.781000419000065],[123.37524336800004,39.78108507300004],[123.37189049500012,39.79541928300006],[123.36133117100007,39.80460473200003],[123.3316228650001,39.77922342900007],[123.32325131800008,39.778478103000054],[123.2952752860001,39.78151365900004],[123.29485392900006,39.782175850000044],[123.29335762900007,39.790076449000026],[123.29026025300004,39.80830054000006],[123.28859696900008,39.82791615900004],[123.28653096100004,39.828145352000035],[123.28386577800006,39.82608916600003],[123.28251026700002,39.82269056600006],[123.28209772000002,39.81167949500008],[123.2841047930001,39.80445010300008],[123.28743790900012,39.79246987500005],[123.28595798000003,39.78812503700004],[123.28299812000012,39.78789584400005],[123.25509554900009,39.80226949900003],[123.2463927760001,39.80837912100003],[123.24311204700007,39.80885715100004],[123.23953336700004,39.80428639400003],[123.2374067400001,39.799271831000055],[123.23036379200005,39.80645589100004],[123.22060245800003,39.79923618400005],[123.22546902200008,39.785169232000044],[123.22674592400006,39.771452527000065],[123.22281459800001,39.762766019000026],[123.20979175100001,39.75768074000007],[123.18528276500001,39.756415134000065],[123.16453961000002,39.72759961100007],[123.20342379800002,39.72766987400007],[123.19979135800008,39.72541792200008],[123.20305571600011,39.72244496600007],[123.21363454300001,39.724220460000026],[123.24413316200003,39.688414987000044],[123.23616096,39.69001092900004],[123.23061449800002,39.691124150000064],[123.22564759300008,39.69026631300005],[123.22477955500005,39.69043960400006],[123.2178877560001,39.69363544700008],[123.21404386800009,39.69271867600003],[123.21392593300004,39.69260636200005],[123.17562605800003,39.700252342000056],[123.16597576800007,39.679424324000024],[123.14718466200009,39.68304707000004],[123.11985147000007,39.67932631700006],[123.11318800600009,39.67504253100003],[123.10666710100008,39.67868881100003],[123.10015148100001,39.68050925500006],[123.09187435100011,39.68004104700003],[123.08596118000003,39.67659988300005],[123.08339538500002,39.67315141100005],[123.08161703400003,39.675743915000055],[123.06897493400004,39.68691727800007],[123.05301647900001,39.692972413000064],[123.05176333600002,39.671349174000056],[123.05000144400003,39.671606988000065],[123.04898912800002,39.67380373300006],[123.04337390800004,39.674481488000026],[123.03832505800005,39.673315572000035],[123.0340094170001,39.67394707200003],[123.01922620300002,39.67301734600005],[123.01969830500002,39.67443892400007],[123.01850977700008,39.676724302000025],[123.01081217800004,39.67899658400006],[123.00608098600003,39.67807326500008],[123.00376152700005,39.67137145300006],[122.99952239200002,39.67088644900008],[122.99667805400009,39.67006779700006],[122.99308903600001,39.67164277300003],[122.99255534400004,39.67010718200004],[122.99207169200008,39.668742003000034],[122.98295521000011,39.666118116000064],[122.95386049100011,39.67340779800003],[122.92698821600004,39.665074584000024],[122.95590656700006,39.64240489500003],[122.93733895000003,39.62693567800005],[122.93385255300007,39.62598759300005],[122.93150169100011,39.62323728100006],[122.93205837900007,39.622536282000056],[122.9305167230001,39.62125188400006],[122.90516171400009,39.62183857100007],[122.8830822320001,39.62029359300004],[122.86176298400005,39.61596282000005],[122.82716091000009,39.61196207900008],[122.804934806,39.62401182900004],[122.78363941600003,39.59067931000004],[122.77605871200001,39.582172429000025],[122.77153830300006,39.58498502400005],[122.76264890200002,39.58838362400007],[122.75847759500004,39.59317047700006],[122.75462388400001,39.594751906000056],[122.75316687400004,39.59223078700006],[122.75797337100005,39.58127210300006],[122.7603537010001,39.57853816200003],[122.76743248000002,39.58039462200003],[122.76990120200003,39.57773230000004],[122.74996602400006,39.57027080000006],[122.73849515900008,39.566811966000046],[122.7213761910001,39.55844226700003],[122.71035847500002,39.55041034900006],[122.70745035000004,39.54950131000004],[122.70741346800003,39.54949617600005],[122.70740605700007,39.54948746400004],[122.69248234300005,39.54482252100007],[122.68426951300012,39.55373513200004],[122.67294434700011,39.55841033000007],[122.66387941200003,39.54748004500004],[122.65664038400007,39.53573970300005],[122.65557990800005,39.53596398600007],[122.65228280800011,39.536658112000055],[122.65022989700003,39.53550560100007],[122.64581957500002,39.53274219200006],[122.64232602400011,39.52746093800005],[122.64179233200002,39.52082417300005],[122.63591845100007,39.51759255600007],[122.63512673900004,39.51374709700008],[122.61280366400001,39.53861414100004],[122.5842867130001,39.51226813400007],[122.5901725540001,39.489082851000035],[122.58185869700003,39.48260219200006],[122.56656802300006,39.48383247600003],[122.55860848900011,39.48378663700004],[122.55245302900005,39.479409057000055],[122.55335342900003,39.47781125700004],[122.56223955600001,39.47465822100003],[122.56522233500004,39.471469168000056],[122.5634984620001,39.46829037300006],[122.55700861000003,39.46323152700006],[122.55688651000003,39.463184709000075],[122.5198204830001,39.47291306100004],[122.52007484800004,39.45206992900006],[122.50760340600004,39.44233993600005],[122.48401024300006,39.43091780800006],[122.45966812600011,39.42227838700006],[122.4441325040001,39.41316027700003],[122.43962147700006,39.412147557000026],[122.4325394230001,39.412330911000026],[122.43105294500003,39.41461301500004],[122.43158008800003,39.418961127000046],[122.42653785000005,39.42121376400007],[122.40766874400003,39.42154773000004],[122.39589806400011,39.41918049700007],[122.38606897200009,39.42780796400007],[122.38543705500001,39.43031598700003],[122.38510963700003,39.42923223300005],[122.38374430400006,39.42481536300005],[122.38527662000001,39.419563577000076],[122.38750129200002,39.41640958500005],[122.3463066590001,39.423517641000046],[122.24385971900006,39.32848229700005],[122.24054799700002,39.33335766500005],[122.22691430700002,39.33988638200003],[122.21897114400008,39.33867493500003],[122.21138159200007,39.333809502000065],[122.22461583200004,39.33483104600003],[122.23140648300011,39.33397321100006],[122.23915974400006,39.327398655000025],[122.24076222400004,39.32560889200005],[122.238687819,39.32368456200004],[122.19648662500003,39.32384001300005],[122.2050151740001,39.31044485600006],[122.2080903750001,39.30560895200006],[122.21534953300011,39.29047679200005],[122.21126701300011,39.27998179100007],[122.20230886500008,39.26902166900004],[122.18574250300003,39.26326381600006],[122.16413470900011,39.25613946800007],[122.14211693800007,39.246340512000074],[122.12673986200002,39.240466301000026],[122.10843095500002,39.23123368200004],[122.08824597300008,39.21764009900005],[122.07663850900008,39.20509573500004],[122.07840839100004,39.19318311600006],[122.07947649200003,39.18762905300008],[122.07557838600007,39.190259583000056],[122.07585014300003,39.19209312500004],[122.06757301400012,39.19498750100007],[122.06733072400004,39.19178535200007],[122.07068676000006,39.184490476000065],[122.07692734900002,39.18020129900003],[122.07934066600001,39.17926738500006],[122.0628411130001,39.17827572600004],[122.04489021900008,39.17895300200007],[122.03442743000005,39.173545904000036],[122.04226874000005,39.161995414000046],[122.05622095300009,39.15894542900003],[122.06858416800003,39.153335500000026],[122.08770694400005,39.152546468000025],[122.10314419600002,39.15117232700004],[122.10964611500003,39.13883584300004],[122.0913700640001,39.129605334000075],[122.05727228400008,39.11295208100006],[122.0544271770001,39.118649970000035],[122.04313780100006,39.12609218400007],[122.03930046100004,39.12788316100006],[122.03111173400009,39.12574839500007],[122.031304911,39.12305047000007],[122.03225769700009,39.10950518300007],[122.03851465700006,39.10498681300004],[122.03891540000006,39.10398663400008],[122.03020005600001,39.09973008600008],[122.01519468100003,39.103770127000075],[121.999337061,39.11783452800006],[122.01117387200009,39.07515228700004],[122.00263945600011,39.072287567000046],[121.99302646000001,39.06905595000006],[121.9848639270001,39.06577194700003],[121.98385408000001,39.06482658900006],[121.98276645800001,39.06501250700006],[121.96693440400009,39.06368810300006],[121.95175429500011,39.05868963900008],[121.93998109000006,39.052488346000075],[121.93297889000007,39.044422344000054],[121.92053281800008,39.052740706000066],[121.9102486160001,39.069340804000035],[121.90469233100009,39.06882348400006],[121.9005504920001,39.07015280100006],[121.89848448400005,39.07104337800007],[121.8955606400001,39.06987122100003],[121.89568178500008,39.06368956800003],[121.89253202200007,39.05930871400005],[121.88353129900008,39.05440071600003],[121.88138380700002,39.04929979600007],[121.86145694600009,39.05753862300003],[121.86822944900007,39.04218974200006],[121.86263220100011,39.042037409000045],[121.83323660400004,39.04513805800008],[121.82830896200005,39.04187697400005],[121.82750226200005,39.04029373600008],[121.8229049900001,39.04098782800003],[121.80142656900011,39.041944055000045],[121.79415758500011,39.03353055000008],[121.7984412620001,39.02230881700007],[121.80471730700003,39.00819946200005],[121.81534389600006,38.999135367000065],[121.83057531500003,38.98877242900005],[121.841870846,38.98417049400007],[121.8553681520001,38.97033101900007],[121.8545107430001,38.956841945000065],[121.84013290600001,38.94904851900003],[121.83168718500008,38.94978248500007],[121.83038479300001,38.95032759800006],[121.82737582000004,38.95373274700006],[121.83783028000005,38.95911550000005],[121.83586904600008,38.96254356800006],[121.81230149100008,38.97553551800007],[121.80722651000008,38.98028635500003],[121.80316980000009,38.992829742000026],[121.79865143000006,38.99849734900005],[121.79002396300007,39.00480669600006],[121.78906135400007,39.009148260000075],[121.79157919900001,39.01513018900005],[121.78945098100007,39.018764530000055],[121.76854861000004,39.02287035300003],[121.76410554600011,39.02487415200005],[121.75775036100003,39.03441511500006],[121.74128777900012,39.03581973900003],[121.73197273400001,39.041346556000065],[121.72881314900008,39.04321938800007],[121.72498235700004,39.044090320000066],[121.71531697500006,39.04328487200007],[121.71027473600009,39.04619889300005],[121.70918116000007,39.05626045100007],[121.70593972000006,39.05667627200006],[121.70131657700006,39.053185995000035],[121.69851715200002,39.046971599000074],[121.70221571000002,39.04143116000006],[121.70169653300002,39.04149916600005],[121.68470929400007,39.04838545200005],[121.67204259400012,39.04404116100005],[121.66595474700011,39.03552111000005],[121.67543246600007,39.026572298000076],[121.69010184600006,39.014048323000054],[121.68424172300001,39.01451136900005],[121.68221173100005,39.01333921200006],[121.6808463970001,39.00828715100005],[121.67648191400008,39.007543912000074],[121.66223267800001,39.01514656000006],[121.65841825700011,39.01509744700007],[121.6545212630001,39.00970282600008],[121.63339083800008,39.01840897900007],[121.59966508100001,39.006331197000065],[121.58647361700002,39.00160777800005],[121.62553596200007,38.97387021000003],[121.5561404870001,38.95084071100007],[121.58499140900005,38.941025610000054],[121.58621274300003,38.93952280100007],[121.59063616200001,38.93820658000004],[121.59202823900011,38.93863167600006],[121.60508040500008,38.93419132100007],[121.60639152100009,38.928341473000046],[121.60839859400005,38.92697941400007],[121.60936775100004,38.92631802900007],[121.61315925300005,38.926828801000056],[121.61840014600011,38.929659937000054],[121.62347968300003,38.92793187500007],[121.64622098500001,38.91965834100006],[121.66501078400006,38.90901216900005],[121.67892425100001,38.897867699000074],[121.6808762070001,38.88685071200007],[121.66846573500004,38.86802348100008],[121.64324834600006,38.875609944000075],[121.61678692400005,38.85888431300003],[121.59171962800008,38.867525587000046],[121.59134665900001,38.86769381800008],[121.58705748200009,38.87633765600003],[121.58145208400003,38.87832508400004],[121.57267727900012,38.87774882800005],[121.56825203200003,38.875615409000034],[121.55410392800002,38.88049258600006],[121.52621925200003,38.85393036900007],[121.50781315400002,38.842828249000036],[121.47666741800003,38.83461053100007],[121.47780383800011,38.81432663900006],[121.47617406800009,38.81229467500003],[121.46386642100003,38.81280544700007],[121.46374181600004,38.812760893000075],[121.43215058400006,38.81666808600005],[121.43108558500012,38.81659259800006],[121.43157972200004,38.81714701100003],[121.43035845300005,38.81941601900007],[121.42413620400009,38.81610001900003],[121.4037505770001,38.81465506600006],[121.40165698200008,38.83204780900007],[121.3998856500001,38.83247672700003],[121.39729249900006,38.831065555000066],[121.39588787500008,38.81707825400008],[121.39389500300001,38.81426176400004],[121.36607318100005,38.81496656400003],[121.35977768900011,38.814549630000045],[121.35491149900008,38.81806050800003],[121.34593042100005,38.81448837600004],[121.33338048500002,38.81338170300006],[121.33108738100009,38.81264954400007],[121.32980929300004,38.81256489900005],[121.3119506910001,38.813145967000025],[121.29330439400007,38.808367299000054],[121.26962936300004,38.78867964400007],[121.26560166400009,38.788039542000035],[121.2614991150001,38.78843244400008],[121.24919801700003,38.799685804000035],[121.24446027700003,38.801899150000054],[121.23510594200002,38.80152262000007],[121.22960531800004,38.79959740100003],[121.22389842000007,38.79423756700004],[121.22295012900008,38.79025474600007],[121.19707272800008,38.79643409200003],[121.17576671600011,38.772879517000035],[121.21043300300005,38.772739598000044],[121.16153898400012,38.72344311200004],[121.14073225600009,38.721270365000066],[121.13667423800007,38.724769268000045],[121.13259133400004,38.744853094000064],[121.12793872300006,38.753932398000074],[121.1158831890001,38.76678028500004],[121.11306739300005,38.77314529300003],[121.1155917860001,38.77708085800003],[121.12793872300006,38.774546642000075],[121.13642867400006,38.77445823900007],[121.14589760600006,38.78034521700005],[121.14895569100008,38.78635333900007],[121.14753797100002,38.789309924000065],[121.14647058800006,38.791575658000056],[121.13746004100005,38.79989862600007],[121.13907748700001,38.80473786500005],[121.13693289800005,38.808136465000075],[121.13369800700002,38.80853591500005],[121.12886204200004,38.80387348100004],[121.11992680200001,38.80899102600006],[121.11720268400006,38.81260572200006],[121.11556886700009,38.82860991900003],[121.11052662800012,38.841117291000046],[121.1112371260001,38.84662773700006],[121.10929881100003,38.85323176000003],[121.11501225600011,38.85813975800005],[121.11692110400008,38.86297899700003],[121.12655701900007,38.86360436600006],[121.13748296100005,38.87088614400005],[121.14098306000005,38.871406739000065],[121.1495679630001,38.86789026900004],[121.15722627200012,38.86546737500004],[121.1575995290001,38.875312837000024],[121.15174856700003,38.873649553000064],[121.14642474900006,38.87584980300005],[121.1426758120001,38.88379951400003],[121.143998581,38.889087317000076],[121.14277731100003,38.89067202000007],[121.13284344600004,38.89004665200008],[121.12124629700008,38.88549881400007],[121.11002240500011,38.88896617200004],[121.10308114100008,38.88610126400005],[121.09626757000001,38.888730431000056],[121.09166734600001,38.89551780800008],[121.09111728300002,38.904669144000025],[121.09422448100008,38.91868918700004],[121.0970533740001,38.92240538300007],[121.10970153500011,38.93063667400003],[121.11756939200006,38.93214279700004],[121.12072897600001,38.93449038500006],[121.12156431300002,38.939726449000034],[121.12888596300002,38.93937020800007],[121.18786149700009,38.932745977000025],[121.1939861840001,38.93503662200004],[121.19550472300011,38.93254224700007],[121.20731469300006,38.92952672600006],[121.22837095200009,38.93079056000005],[121.23037802500005,38.932421102000035],[121.23306940100008,38.94116971400007],[121.23737494900001,38.94467308800006],[121.24585835200003,38.94458141100006],[121.26500576300009,38.951755141000035],[121.2756435770001,38.95993732000005],[121.28231963200005,38.96256321300007],[121.29519698600006,38.96322132300003],[121.30845741900009,38.96045464000008],[121.33577718600009,38.96934731600004],[121.34126143900005,38.972867060000056],[121.34767883400002,38.98555778600007],[121.34702399700006,38.98829500100004],[121.3444668620001,38.99078337900005],[121.34100277900006,38.99415578500003],[121.33596054000009,38.99636913200004],[121.33157313700008,38.99607118100005],[121.32607906100009,38.99301309600003],[121.32224172100007,38.99386438300007],[121.32303734700008,38.99731537000008],[121.32731015400009,39.00219062600007],[121.31944884500001,38.99977755400005],[121.31820793000009,39.002504947000034],[121.31983847200001,39.007340912000075],[121.32684194600006,39.00859165000003],[121.32784384500007,39.01547725200004],[121.33158950800009,39.01805075900006],[121.33352782300005,39.021973227000046],[121.339630897,39.02458602400003],[121.34332417300004,39.02921899000006],[121.34116321300007,39.03330844200008],[121.3446272970001,39.03565275600005],[121.36212779400012,39.039581773000066],[121.3638093730001,39.04064482800004],[121.37426070200002,39.03573877900004],[121.37706730200011,39.01380715400006],[121.43742247000012,39.013441657000044],[121.43818701900011,39.01277932700003],[121.44496130000005,39.01196405600007],[121.4539966530001,39.01334128800005],[121.45859717200005,39.01331342800006],[121.4598114470001,39.01422761900005],[121.45986864600002,39.014236338000046],[121.497741098,39.02507715100006],[121.50762912500011,39.03069237100004],[121.53537780900001,39.04643136000004],[121.5414972530001,39.04834675500007],[121.5602812300001,39.048150305000036],[121.56902984100009,39.05032763500003],[121.59396273000004,39.063938405000044],[121.60738359800007,39.06754655300006],[121.63754207900001,39.07091895900004],[121.6521056360001,39.07591208500003],[121.65322213200011,39.076773195000044],[121.65931538300003,39.08150111200007],[121.66845689600007,39.09374654900006],[121.67973972400011,39.10144414900003],[121.68588863600007,39.10220703300007],[121.68702805100008,39.10405367100003],[121.68601960300009,39.10999303600005],[121.69170358100007,39.119219678000036],[121.69014834500001,39.12309303400008],[121.68051243100001,39.13395676700003],[121.67278208900007,39.13820992800004],[121.66246187100012,39.14014169400008],[121.66319201300007,39.14724339300005],[121.65930228600007,39.150170511000056],[121.65646357100002,39.14578638300003],[121.65178804100003,39.14458148400007],[121.64971221000008,39.14546878700003],[121.64539356500006,39.154800203000036],[121.64077042200006,39.15130665200007],[121.63667442100007,39.15079587900004],[121.6346444290001,39.16267133400004],[121.62806005100003,39.16785108800008],[121.62184238100008,39.169828694000046],[121.61070361700001,39.16854194100006],[121.60662726200007,39.16965188800003],[121.60508839700003,39.17006770900008],[121.59808492400009,39.18119010200007],[121.58476882900004,39.18467710500005],[121.58409107400007,39.18856028300007],[121.58891394300008,39.19686033200003],[121.60278992200006,39.19361561900007],[121.61490766600002,39.204299271000025],[121.59406422900008,39.215696696000066],[121.59425413200006,39.22050974200005],[121.62644260500008,39.214524539000024],[121.6302570260001,39.214344459000074],[121.63200216500002,39.21573926000008],[121.63101991000008,39.22007427600005],[121.63263735600003,39.22650476700005],[121.6348736220001,39.23202503600004],[121.63392738300001,39.23521736300006],[121.63131786100007,39.23694285600004],[121.62138399600008,39.24352396000006],[121.61704898000005,39.23980776500008],[121.60883406000005,39.25228566800007],[121.60051109200003,39.255834881000055],[121.59349779600007,39.25368374400006],[121.59046263000005,39.257995840000035],[121.59005663200003,39.26279579000004],[121.59210309200012,39.26412785800005],[121.61494934100006,39.26503278700005],[121.62877246200003,39.27508473800003],[121.64443095600006,39.26579166500005],[121.64885764900009,39.26470463700008],[121.65119868800002,39.26588006800006],[121.65136567100001,39.27114495100005],[121.66493387700007,39.270404986000074],[121.6766816390001,39.27146582100005],[121.68340353300005,39.274072069000056],[121.69207029000006,39.281271993000075],[121.6952593420001,39.28359993600003],[121.70366743900001,39.28919551100006],[121.7180018030001,39.29372370300007],[121.72409832800008,39.29791792900005],[121.73162239600003,39.28999768500006],[121.73545973700004,39.28935922000005],[121.73599997600002,39.29165114700004],[121.73142267100002,39.29937821400006],[121.75144101400008,39.314036722000026],[121.75456130900011,39.319570088000035],[121.74681787000009,39.32405244200004],[121.74497123200001,39.32769005700004],[121.75009205100002,39.336448491000056],[121.74384164000003,39.33980452700007],[121.74497123200001,39.34210627600004],[121.74336361000007,39.34849420300003],[121.74506290900001,39.35217765700003],[121.75319597500004,39.35754076600006],[121.7553831460001,39.360068856000055],[121.77419129100008,39.361767401000066],[121.81081899600008,39.356800820000046],[121.8136013300001,39.361731802000065],[121.83289281500004,39.36510412400003],[121.84651340800008,39.361823394000055],[121.85475124800007,39.36214426400005],[121.86032717800003,39.363349163000066],[121.87806669100007,39.37567645400003],[121.88178943500009,39.38143573900004],[121.8858788870001,39.38354103700004],[121.91091982300009,39.384041987000046],[121.92114181600004,39.38941164400006],[121.92817803100002,39.391088024000055],[121.92841377200011,39.39452264000005],[121.93688080400011,39.39895915500006],[121.93627180700003,39.40032448900007],[121.92684871400002,39.39953868600003],[121.91208543100004,39.40052748800008],[121.91131268900006,39.40087205100008],[121.9206562380001,39.40427057900007],[121.88189357300007,39.411258874000055],[121.8727868840001,39.41204923400005],[121.86759124000002,39.412499843000035],[121.84823911900003,39.40422325900005],[121.83284679500002,39.39831928700005],[121.81562299000007,39.39619107900006],[121.79720972100006,39.394153965000044],[121.79567552000003,39.384108895000054],[121.78299757100001,39.38443816300003],[121.76567715300007,39.38125565900003],[121.76210829600006,39.38281744300008],[121.75725668000007,39.380036188000076],[121.75158420500009,39.380196126000044],[121.7461466630001,39.384912919000044],[121.73253589300009,39.38703786200006],[121.72598425700005,39.391078202000074],[121.71661355100002,39.401719290000074],[121.7098327220001,39.40209254700005],[121.70269173300005,39.40520956700004],[121.69708306100006,39.40537000200004],[121.69516111700011,39.39870704400005],[121.70875532900004,39.38038163600004],[121.70463855100002,39.38039063200006],[121.66378739600009,39.405583490000026],[121.65510817500001,39.371953845000064],[121.63381376900008,39.362046328000076],[121.62840384000003,39.36514014000005],[121.62133815700008,39.36459007700006],[121.61324438200006,39.37066368300003],[121.60511131600003,39.365519945000074],[121.59980059400004,39.36590957200008],[121.57606965100001,39.36542720700004],[121.56908680200002,39.36929995300005],[121.55543544700004,39.36683405700006],[121.53347988900009,39.36507257000005],[121.51958655500005,39.36081191000005],[121.51856582200003,39.360661133000065],[121.50997998700007,39.363548888000025],[121.50180108200004,39.372818094000024],[121.50295359400002,39.373977154000045],[121.50108403700006,39.378069881000044],[121.50235114500003,39.386782476000064],[121.49466664200008,39.38759119900004],[121.48771555600001,39.39481731600006],[121.48668746300007,39.400295021000034],[121.48943450100012,39.409485647000054],[121.48602935200006,39.415844107000055],[121.47821060800004,39.42214363100004],[121.47392143100001,39.42894737900008],[121.47128244100008,39.440348078000056],[121.46087709400001,39.443635355000026],[121.45453500500003,39.43736529900008],[121.45201716000008,39.43183848100006],[121.44879209200008,39.431105065000054],[121.43718839400003,39.43528292000008],[121.43481690500005,39.43528851700006],[121.43257235200008,39.44134169500006],[121.4268728720001,39.45176182600005],[121.41931015700004,39.465954485000054],[121.4090981280001,39.478563578000035],[121.4090098690001,39.47890827500004],[121.41488794700001,39.477519855000025],[121.41583091100006,39.47524757300005],[121.4188529810001,39.47277556600005],[121.43567572300003,39.47210435900007],[121.44976779800004,39.46338194100008],[121.45285862500009,39.45793370400003],[121.4568629480001,39.451129956000045],[121.46572943000001,39.450111685000024],[121.46795587300005,39.455406036000056],[121.4621442020001,39.464472243000046],[121.44980708800006,39.47345332200007],[121.44515120200003,39.48322347800007],[121.44371711100007,39.49327194000006],[121.44534437900006,39.499473239000054],[121.44225355200001,39.505150668000056],[121.44658191600001,39.507202534000044],[121.47390035700005,39.50842700000004],[121.47564863700006,39.51142579100008],[121.48197264200007,39.51052032500007],[121.48860285900003,39.517245493000075],[121.50232822600003,39.52315866400005],[121.50198443700003,39.52589915300007],[121.4941329510001,39.53288298200005],[121.51486833900003,39.54255163800008],[121.52710722800009,39.54935538600006],[121.53333144600003,39.54921459700006],[121.54052809600012,39.54502364500007],[121.55219400200008,39.53825918700005],[121.54580607500009,39.545950238000046],[121.54635613800008,39.54733194200003],[121.54429667800002,39.54730247500004],[121.53737505900006,39.552701599000045],[121.53369815400004,39.558369207000055],[121.53510277800001,39.56159100100007],[121.53930682600003,39.571030465000035],[121.53811502400004,39.58405188300003],[121.54871354800002,39.58580029500007],[121.55220709900004,39.58813478600007],[121.55738685400001,39.59414945700007],[121.56796245800001,39.59680809200006],[121.57260197300002,39.600760028000025],[121.56487163100007,39.60271798900004],[121.55313041800002,39.599358679000034],[121.54662462100009,39.599725387000035],[121.54566856000008,39.60223013600006],[121.54933891700011,39.60960031700006],[121.54682107100007,39.61620106600003],[121.53690357700009,39.62338789300003],[121.52728403300011,39.64246982000003],[121.52955631500004,39.64638901500007],[121.53460837600005,39.645318358000054],[121.53753549400005,39.64650033700008],[121.5463037510001,39.66377491600008],[121.55269495200002,39.66843735000003],[121.55206303500006,39.670716180000056],[121.54280037700005,39.674481488000026],[121.5365532400001,39.682860117000075],[121.53008345800004,39.68688736000007],[121.52570260400012,39.696893257000056],[121.52361367600008,39.697551367000074],[121.52104344400004,39.69362562400005],[121.52567968500011,39.68522735000005],[121.52368243400008,39.68222492600006],[121.52041480200012,39.68263747300006],[121.51200015600011,39.70036388900007],[121.49436869200008,39.707210201000066],[121.48351150700012,39.71575254000004],[121.47376099600001,39.72682254600005],[121.46211146000007,39.73123286800006],[121.45997014600005,39.73394716400003],[121.46019606400012,39.73692339400003],[121.465156449,39.739968383000075],[121.47384612500002,39.74194271400006],[121.48017184300011,39.743380079000076],[121.49091443100008,39.752911220000044],[121.49537713900008,39.76372256600007],[121.48618323900007,39.77662938700007],[121.4848408250001,39.78301731500005],[121.48088234000011,39.787535684000034],[121.47519836200001,39.78951329000006],[121.47306687000003,39.79199839300003],[121.47795194800005,39.79824553000003],[121.49733837400004,39.80514750400005],[121.50520950500004,39.810975546000066],[121.52137086200003,39.829494314000044],[121.53247688400006,39.83628169100007],[121.54213571800005,39.85378873700006],[121.55029170300008,39.85109736000004],[121.56008150500008,39.84785919500007],[121.57074878600008,39.848229178000054],[121.61200674100007,39.85929263600008],[121.63099699100007,39.87234352100006],[121.63646814800006,39.88018845900007],[121.63691671000004,39.88614419400005],[121.63353120700003,39.89227346100006],[121.6496139840001,39.88950350400006],[121.66172190600003,39.891946043000075],[121.66960286000005,39.89821609900008],[121.67183585100008,39.90117923300005],[121.67622980200008,39.90699090500004],[121.68366219300003,39.906395004000046],[121.6929188800001,39.91362157200007],[121.70284608200006,39.911576903000025],[121.71730876400011,39.91280710400008],[121.72728738100011,39.906473584000025],[121.75961337000001,39.90799935200005],[121.77823691200001,39.91119495300006],[121.78727037700003,39.91998612900005],[121.79548529700003,39.92465511100005],[121.8070529790001,39.92524773800005],[121.80867042400007,39.92737923000004],[121.81284173100005,39.932856935000075],[121.80417497400003,39.93481816900004],[121.80119219500011,39.93380644700005],[121.79503673400006,39.931740439000066],[121.78839996900001,39.93738185300003],[121.79099966900003,39.941071855000075],[121.7985924950001,39.94710289600005],[121.8118365570001,39.95274103600008],[121.81793963100006,39.95989839600003],[121.82179334200009,39.96039934500004],[121.82807976900006,39.95795353200003],[121.83312200800003,39.95801246700006],[121.84345859700011,39.96087410200005],[121.86096891700004,39.97707147500006],[121.86627309100004,39.97941578900003],[121.87548008800002,39.97928482100008],[121.88049940700012,39.98094155700005],[121.88783357300008,39.98651093900003],[121.8947813850001,39.99595695100004],[121.89600265400009,39.99937192200008],[121.89621875000012,40.00000056500005],[121.88672689900011,40.002767248000055],[121.88633072400012,40.00756064900003],[121.87249076000012,40.00190613800004],[121.8642136310001,40.00150996200006],[121.84710603500002,40.00150996200006],[121.8400730940001,40.00402780700006],[121.82968084400011,40.017389740000056],[121.84129436400008,40.01616192200004],[121.85820878300001,40.017510885000036],[121.87029378500006,40.02200306100008],[121.88555801700011,40.03110201000004],[121.89388425900006,40.037607808000075],[121.90779952900004,40.048510831000044],[121.91636806000008,40.05112362700004],[121.93187785600003,40.06387983600007],[121.93386855800009,40.068473512000025],[121.93047323200005,40.07529363100008],[121.93128850300002,40.07850560300005],[121.93444808800007,40.08425833900003],[121.94138588900012,40.09108322900005],[121.9526766030001,40.063845323000066],[121.97353979800005,40.03450398100006],[122.01586484200004,40.02239926500005],[122.058363342,40.021797898000045],[122.09576960200002,40.02309190100004],[122.13040640700001,40.011716351000075],[122.15242909100004,39.98961819500005],[122.21072557600007,39.99233346200003],[122.22971025700008,39.94061111600007],[122.27250571700006,39.931597786000054],[122.32029126100008,39.94791718700003],[122.367862693,39.93884760800006],[122.40603495800008,39.92748739000007],[122.44393024700003,39.91799667500004],[122.47776204700006,39.90490318500008],[122.47246759300003,39.946949466000035],[122.5099184280001,39.98497415500003],[122.5065435030001,40.019917097000075],[122.51820969000005,40.02667656300008],[122.57998988400004,40.04330691900003],[122.65154933500003,40.047316282000054],[122.70618254200008,40.05725202900004],[122.75307365800006,40.06752756000003],[122.78861225900005,40.07806592700007],[122.81955124100011,40.10620484000003],[122.84155840200003,40.13482878900004],[122.88198046900004,40.17241074200007],[122.90586406000011,40.14781858400005],[122.93952728700003,40.134481211000036],[122.95109419000005,40.09901786700004],[122.97195491800005,40.07179568600003],[123.01031874400007,40.04173741900007]]],[[[121.49800958100002,39.62971033700006],[121.51068066100004,39.61913800600007],[121.51625004300001,39.621272772000054],[121.52311600100006,39.61862068600004],[121.52530642800002,39.61293015900003],[121.53753549400005,39.595714515000054],[121.53288288300007,39.58078097600003],[121.53459855400001,39.573875728000075],[121.53515516400012,39.57165910700007],[121.52601692500002,39.55826115900004],[121.5179067790001,39.55128715300003],[121.51003237400005,39.54751857100007],[121.50325809300011,39.546510123000076],[121.49668026300003,39.54962059500008],[121.48915842600002,39.543256136000025],[121.48953756600008,39.548719352000035],[121.49949519300003,39.566877900000065],[121.5123746920001,39.58026978700008],[121.52591295000002,39.598124203000054],[121.51716111700011,39.604286245000026],[121.50029354000003,39.61293634800006],[121.49460265800008,39.63047448200007],[121.49800958100002,39.62971033700006]]],[[[122.361671365,39.16158795600006],[122.32907303200011,39.149459644000046],[122.32533946300009,39.15368370700003],[122.32321779300003,39.154433495000035],[122.31648935100009,39.15681709800003],[122.31461324600002,39.16527430800005],[122.3201204180001,39.171036867000055],[122.31651227100008,39.17718905300006],[122.31765823400008,39.179716720000044],[122.32852196700003,39.18048615300006],[122.33782064100001,39.18901866900006],[122.34573433600008,39.19113379000004],[122.34680171900004,39.19915553300007],[122.34855013200001,39.200543786000026],[122.3485583480001,39.200542350000035],[122.3487177290001,39.19995865300007],[122.361671365,39.16158795600006]]],[[[122.98631148100003,39.52820745100007],[122.99133407500005,39.52775888800005],[122.99175699800003,39.528757721000034],[122.99192719500002,39.52863116700007],[122.98595196100007,39.51471026300004],[122.97983413100008,39.507134757000074],[122.97356437000008,39.499460803000034],[122.96421730800012,39.514200505000076],[122.95388071800005,39.51646951200007],[122.94740438800011,39.51416448900005],[122.94323635600006,39.516898430000026],[122.95401406700012,39.53264880900008],[122.96250597200003,39.52686652800003],[122.9632506150001,39.54161934900003],[122.96526177100009,39.54485993600008],[122.9661187150001,39.54534075300006],[122.97795400100006,39.53902127500004],[122.97826015300006,39.538793629000054],[122.97888236500012,39.536425645000065],[122.98156278900001,39.536337873000036],[122.98572672900002,39.53324167400007],[122.98631148100003,39.52820745100007]]],[[[122.61663191100001,39.269540377000055],[122.63569899900006,39.26417592700005],[122.62880176600004,39.26319998100007],[122.61373914900003,39.264423057000045],[122.60459108700002,39.26735345000003],[122.59030256100004,39.26618456700004],[122.58959206400004,39.26612890600006],[122.586678043,39.26313630400006],[122.5887245670001,39.25793852100003],[122.57407366100006,39.25724567000003],[122.57579794000003,39.262393065000026],[122.56986839800004,39.26671171000004],[122.562491668,39.26895779800003],[122.55219109400002,39.26958971500005],[122.52970729300011,39.281360396000025],[122.51202999000009,39.282630778000055],[122.49427738100007,39.29144814800003],[122.49590727400005,39.292834543000026],[122.49969583100005,39.292096806000075],[122.52526890200011,39.28612597700004],[122.54636148300006,39.28237015600007],[122.57044329900009,39.27472213500005],[122.59168625000007,39.27185379700006],[122.61663191100001,39.269540377000055]]],[[[122.67402027100002,39.22979950000007],[122.6849170370001,39.229333644000064],[122.67439335300003,39.22490041800006],[122.67228805400009,39.22901279000007],[122.66905316300006,39.229454804000056],[122.6623083500001,39.22713341000008],[122.65289180600007,39.22800434200008],[122.64468998200005,39.22384613200006],[122.6329258500001,39.22310289300003],[122.63028031200008,39.22423248600006],[122.63112505000004,39.22721199000006],[122.62698321100004,39.23153718300006],[122.6271263320001,39.23164265200006],[122.65279247600006,39.23268098500006],[122.67402027100002,39.22979950000007]]],[[[123.15402274400003,39.07954798000003],[123.1643108930001,39.07174760600003],[123.17299958300009,39.05912627600003],[123.16818027600004,39.056323606000035],[123.16549758600001,39.065775221000024],[123.15904090100003,39.070804363000036],[123.14758454100001,39.07468754200005],[123.14121953400002,39.07340078900006],[123.13848886700009,39.07285072600007],[123.13818436800011,39.07879991300007],[123.13289656500001,39.082227981000074],[123.1334760950001,39.083832329000074],[123.13641303600002,39.08429398900006],[123.15402274400003,39.07954798000003]]],[[[121.73853419200009,39.32578121000006],[121.74403481700006,39.31601105400006],[121.7420277440001,39.31346374100008],[121.73636668500001,39.31682959900007],[121.72960550100004,39.315834248000044],[121.7275002020001,39.31832590000005],[121.72888190700007,39.322690383000065],[121.7222124000001,39.33199233100004],[121.72982159700007,39.334143468000036],[121.73901222300003,39.331278560000044],[121.74022694400003,39.32923547100006],[121.73853419200009,39.32578121000006]]],[[[123.16200676500011,39.05273340000008],[123.14221804100009,39.04122526200007],[123.14704757600009,39.052943706000065],[123.14409753900009,39.056375047000074],[123.15084235200004,39.06393513100005],[123.1561268800001,39.06164975300004],[123.16200676500011,39.05273340000008]]],[[[122.697070198,39.208637972000076],[122.6886662710001,39.20614457500005],[122.6892155700001,39.20826430500006],[122.70234831000005,39.221825962000025],[122.70114996000007,39.22502156300004],[122.69802966500004,39.22686820100006],[122.69730279700002,39.22729384500008],[122.69194820900009,39.229033049000066],[122.69198606100008,39.22903143100007],[122.70756006600004,39.22847906100003],[122.70980652100002,39.22012321200003],[122.697070198,39.208637972000076]]],[[[121.47891128300012,39.40521939000007],[121.47747719200004,39.403598670000065],[121.46328689100005,39.40477082700005],[121.46260913600008,39.408879924000075],[121.45597237100003,39.415192545000025],[121.45736717200009,39.41818514600004],[121.46322468200003,39.41941296400006],[121.47891128300012,39.40521939000007]]],[[[121.51097206300005,39.63172068400007],[121.50803512300001,39.631226283000046],[121.49690290800004,39.63907776900004],[121.49733837400004,39.64525942200004],[121.49963357500008,39.64849431300007],[121.50553037500003,39.64926047200004],[121.50736391600003,39.64677209400003],[121.50508836000006,39.64284962500005],[121.50575956700004,39.639428106000025],[121.50998653500005,39.63559731400005],[121.51097206300005,39.63172068400007]]],[[[123.26660757000002,39.785446757000045],[123.2678078020001,39.78449403600007],[123.24999996800011,39.78642628600005],[123.23775986900012,39.79891162700005],[123.25540004800007,39.792666326000074],[123.2598496600001,39.78877987300007],[123.26660757000002,39.785446757000045]]],[[[122.609443424,39.22023471000006],[122.61212170400006,39.21635808000008],[122.60944351800003,39.212613959000066],[122.5976811160001,39.21244538600007],[122.59402280100005,39.21278383300006],[122.59301030900008,39.215572277000035],[122.59475544800011,39.21809994400007],[122.60328796300007,39.21699982000007],[122.60296709400006,39.219746858000065],[122.60588766300009,39.22204533300004],[122.609443424,39.22023471000006]]],[[[121.57840054700011,39.180469782000046],[121.57402951600011,39.17880977200008],[121.56719302600004,39.18215271100007],[121.56675756000004,39.18764023800003],[121.57621666900002,39.18593439000006],[121.5792321890001,39.182542339000065],[121.57840054700011,39.180469782000046]]],[[[121.25010823900004,38.787564786000075],[121.25002521800002,38.783789400000046],[121.23842959000001,38.78655835700005],[121.24362208700006,38.78951947200005],[121.2468340580001,38.78980105100004],[121.25010823900004,38.787564786000075]]],[[[121.4428330820001,39.40973775900005],[121.44117514000004,39.40392066900006],[121.44055693900009,39.40540776200004],[121.4394619200001,39.41350437500006],[121.44239761600011,39.41022561200003],[121.4428330820001,39.40973775900005]]],[[[121.69042337700012,39.28949018700007],[121.68689708400007,39.28921843000006],[121.68552145500007,39.29126909900003],[121.6889272310001,39.29220350500003],[121.69042337700012,39.28949018700007]]],[[[121.42978436100009,39.50440755600005],[121.42695003000006,39.503097757000035],[121.42532396700005,39.50317840400004],[121.42978436100009,39.50440755600005]]]]}},{"type":"Feature","properties":{"code":"CN021050","name":"Dandong","label":"Dandong · 丹东市","type":"Prefecture-level city","parentCode":"CN-LN"},"geometry":{"type":"MultiPolygon","coordinates":[[[[124.90491086700001,41.08719532600003],[124.94354591500007,41.07925369600008],[124.99691134400007,41.080185275000076],[125.03676971900006,41.08367315800007],[125.08742421500006,41.06910080600005],[125.13643622400002,41.06679986600005],[125.17522057400004,41.068050517000074],[125.23111910600005,41.075080470000046],[125.27322600500008,41.052204775000064],[125.29913125100006,41.02528669600008],[125.31918481800005,40.999565252000025],[125.34102517000008,40.99284218400004],[125.38602769700003,41.01698589800003],[125.39901213300004,41.015494009000065],[125.41253519300005,40.97485665600004],[125.44619676700006,40.987263806000044],[125.4728321130001,40.98744887400005],[125.48512442900005,40.98276775900007],[125.46792430200003,40.92287925000005],[125.53546589900009,40.92808074800007],[125.54093896000006,40.891619182000056],[125.55390832400008,40.890111439000066],[125.61187807600004,40.91266929300008],[125.65253580500007,40.87534223700004],[125.66303838200008,40.84703610100007],[125.6393320310001,40.83454160200006],[125.61729599800003,40.81431940400006],[125.61026008600004,40.80211905200008],[125.61637811800006,40.76883895100008],[125.6143293880001,40.75930303600006],[125.61078351100002,40.756470439000054],[125.60998000000006,40.75637000000006],[125.60889000000009,40.75628000000006],[125.60757000000001,40.756170000000054],[125.60680000000002,40.75610000000006],[125.60565000000008,40.75603000000007],[125.60469000000012,40.75603000000007],[125.60361000000012,40.75601000000006],[125.60262000000012,40.75603000000007],[125.60175000000004,40.75607000000008],[125.60088000000007,40.75612000000007],[125.59992000000011,40.75623000000007],[125.59902000000011,40.75637000000006],[125.59821000000011,40.75666000000007],[125.59752000000003,40.75703000000004],[125.59689000000003,40.757430000000056],[125.5960500000001,40.75798000000003],[125.59536000000003,40.75855000000007],[125.5947000000001,40.75920000000008],[125.59411000000011,40.75980000000004],[125.59361000000001,40.760380000000055],[125.59314000000006,40.76088000000004],[125.59271000000001,40.761430000000075],[125.59226000000001,40.76209000000006],[125.59181000000001,40.76261000000005],[125.5912800000001,40.763180000000034],[125.5908300000001,40.76388000000003],[125.59049000000005,40.76433000000003],[125.5899300000001,40.76502000000005],[125.5894800000001,40.765630000000044],[125.5890300000001,40.76624000000004],[125.58863000000008,40.76692000000003],[125.58818000000008,40.76765000000006],[125.58773000000008,40.76846000000006],[125.58737000000008,40.76910000000004],[125.58695000000012,40.76973000000004],[125.58656000000008,40.77042000000006],[125.58611000000008,40.77105000000006],[125.58569000000011,40.77164000000005],[125.58524000000011,40.77225000000004],[125.58464000000004,40.77295000000004],[125.58419000000004,40.77341000000007],[125.58353000000011,40.773810000000026],[125.58300000000008,40.774110000000064],[125.58236000000011,40.774380000000065],[125.58158000000003,40.77466000000004],[125.58071000000007,40.77486000000005],[125.57978000000003,40.775090000000034],[125.57906000000003,40.77520000000004],[125.57809000000009,40.77538000000004],[125.57722000000001,40.77547000000004],[125.57629000000009,40.775540000000035],[125.5751600000001,40.775540000000035],[125.57401000000004,40.775450000000035],[125.57359000000008,40.775450000000035],[125.57285000000002,40.77538000000004],[125.57195000000002,40.77529000000004],[125.57092000000011,40.77511000000004],[125.57002000000011,40.77495000000005],[125.56918000000007,40.77475000000004],[125.56828000000007,40.77445000000006],[125.56726000000003,40.77416000000005],[125.56639000000007,40.77388000000008],[125.56549000000007,40.773610000000076],[125.56468000000007,40.77329000000003],[125.56375000000003,40.772910000000024],[125.56285000000003,40.77245000000005],[125.5619200000001,40.77198000000004],[125.56116000000009,40.77154000000007],[125.56026000000008,40.771070000000066],[125.55952000000002,40.770620000000065],[125.55880000000002,40.770140000000026],[125.5582300000001,40.76973000000004],[125.55757000000006,40.769300000000044],[125.55685000000005,40.76885000000004],[125.55609000000004,40.76833000000005],[125.55550000000005,40.76785000000007],[125.55487000000005,40.767300000000034],[125.55429000000004,40.76674000000003],[125.5536800000001,40.76619000000005],[125.55330000000004,40.76583000000005],[125.55288000000007,40.765450000000044],[125.55240000000003,40.76497000000006],[125.55180000000007,40.76442000000003],[125.55126000000007,40.76379000000003],[125.55060000000003,40.76315000000005],[125.55006000000003,40.76254000000006],[125.54961000000003,40.76193000000006],[125.54910000000007,40.761360000000025],[125.54856000000007,40.76055000000008],[125.54848977800009,40.76045246900003],[125.5482911690001,40.76049474200005],[125.52790392400004,40.76084515600007],[125.5006949970001,40.73798547400003],[125.48913530700008,40.72132916500004],[125.48859000000004,40.72132000000005],[125.48763000000008,40.72132000000005],[125.48642000000007,40.72132000000005],[125.48513000000003,40.72123000000005],[125.48414000000002,40.72120000000007],[125.4832100000001,40.72114000000005],[125.48225000000002,40.72102000000007],[125.48147000000006,40.72091000000006],[125.48072000000002,40.72073000000006],[125.48003000000006,40.72054000000003],[125.47928000000002,40.72034000000008],[125.47853000000009,40.72009000000003],[125.47765000000004,40.71982000000003],[125.47700000000009,40.71950000000004],[125.47655000000009,40.71930000000003],[125.47607000000005,40.719070000000045],[125.47529000000009,40.71859000000006],[125.47450000000003,40.718090000000075],[125.47360000000003,40.717550000000074],[125.47292000000004,40.71710000000007],[125.47211000000004,40.71657000000005],[125.47138000000007,40.71615000000003],[125.47073000000012,40.71574000000004],[125.47009000000003,40.71530000000007],[125.46940000000006,40.71485000000007],[125.46868000000006,40.71437000000003],[125.46803000000011,40.713940000000036],[125.46742000000006,40.71347000000003],[125.46697000000006,40.71306000000004],[125.4664600000001,40.71244000000007],[125.46589000000006,40.71183000000008],[125.4653800000001,40.711200000000076],[125.46481000000006,40.71063000000004],[125.4641200000001,40.709910000000036],[125.46343000000002,40.709160000000054],[125.46271000000002,40.70841000000007],[125.46207000000004,40.70772000000005],[125.46181000000001,40.70736000000005],[125.46162997600004,40.70717997600008],[125.40495111900009,40.698707083000045],[125.37443869700007,40.64471206400003],[125.37377000000004,40.64513000000005],[125.37317000000007,40.64551000000006],[125.3724400000001,40.64600000000007],[125.3717200000001,40.64650000000006],[125.37097000000006,40.64704000000006],[125.37029000000007,40.64757000000003],[125.36964000000012,40.64795000000004],[125.36904000000004,40.64830000000006],[125.36826000000008,40.64866000000006],[125.36727000000008,40.64898000000005],[125.36634000000004,40.64922000000007],[125.3653700000001,40.64934000000005],[125.36435000000006,40.64939000000004],[125.36395000000005,40.64939000000004],[125.3627600000001,40.649320000000046],[125.36155000000008,40.649200000000064],[125.36049000000003,40.64913000000007],[125.3594700000001,40.64898000000005],[125.35859000000005,40.64877000000007],[125.35769000000005,40.64859000000007],[125.35667000000001,40.64830000000006],[125.35567000000003,40.64802000000003],[125.35477000000003,40.64776000000006],[125.35396000000003,40.64746000000008],[125.35315000000003,40.64713000000006],[125.35212000000001,40.64673000000005],[125.35101000000009,40.64621000000005],[125.35017000000005,40.645790000000034],[125.34929000000011,40.64534000000003],[125.34827000000007,40.64482000000004],[125.3472700000001,40.644330000000025],[125.34624000000008,40.64384000000007],[125.34538000000009,40.64337000000006],[125.34431000000006,40.64283000000006],[125.34341000000006,40.64236000000005],[125.34238000000005,40.641860000000065],[125.34151000000008,40.64142000000004],[125.34046000000001,40.64092000000005],[125.33931000000007,40.640450000000044],[125.33834000000002,40.64008000000007],[125.33753000000002,40.639650000000074],[125.33669000000009,40.63937000000004],[125.33576000000005,40.63895000000008],[125.33473000000004,40.638550000000066],[125.33402000000001,40.63824000000005],[125.33311000000003,40.637920000000065],[125.33217000000002,40.63770000000005],[125.33141000000012,40.63752000000005],[125.33035000000007,40.637350000000026],[125.32952000000012,40.63719000000003],[125.3286700000001,40.63712000000004],[125.3278600000001,40.637050000000045],[125.32712000000004,40.637020000000064],[125.3262400000001,40.637050000000045],[125.32528000000002,40.63707000000005],[125.32425,40.63719000000003],[125.32323000000008,40.63740000000007],[125.3222300000001,40.63761000000005],[125.32136000000003,40.637920000000065],[125.32065000000011,40.63817000000006],[125.31999000000008,40.63848000000007],[125.31934000000001,40.638900000000035],[125.31856000000005,40.63940000000008],[125.31788000000006,40.63984000000005],[125.3171900000001,40.640310000000056],[125.31641000000002,40.640900000000045],[125.3155700000001,40.64151000000004],[125.31467000000009,40.64215000000007],[125.31396000000007,40.64276000000007],[125.31312000000003,40.64330000000007],[125.31240000000003,40.643770000000075],[125.3116500000001,40.64436000000006],[125.31051000000002,40.64501000000007],[125.30926000000011,40.64586000000003],[125.3082700000001,40.646520000000066],[125.30733000000009,40.64713000000006],[125.30627000000004,40.64788000000004],[125.30524000000003,40.64868000000007],[125.30416000000002,40.64951000000008],[125.3034100000001,40.65007000000003],[125.30267000000003,40.65052000000003],[125.30183000000011,40.65110000000004],[125.30102000000011,40.651670000000024],[125.3002100000001,40.652280000000076],[125.29937000000007,40.652930000000026],[125.29837000000009,40.65360000000004],[125.2978700000001,40.653950000000066],[125.29700000000003,40.65435000000008],[125.2959800000001,40.654870000000074],[125.29498000000001,40.655290000000036],[125.29414000000008,40.65564000000006],[125.29321000000004,40.65599000000003],[125.2921500000001,40.656300000000044],[125.29110000000003,40.65646000000004],[125.29022000000009,40.656490000000076],[125.28957000000003,40.65653000000003],[125.28860000000009,40.656510000000026],[125.28761000000009,40.65637000000004],[125.28677000000005,40.65625000000006],[125.28587000000005,40.656060000000025],[125.28493000000003,40.65587000000005],[125.28394000000003,40.655680000000075],[125.28273000000002,40.65540000000004],[125.28179000000011,40.655050000000074],[125.28099000000009,40.65467000000007],[125.27987000000007,40.65414000000004],[125.27881000000002,40.65357000000006],[125.27782000000002,40.653080000000045],[125.2767500000001,40.65258000000006],[125.27579000000003,40.65202000000005],[125.27467000000001,40.65139000000005],[125.27390000000003,40.65091000000007],[125.27293000000009,40.65040000000005],[125.27203000000009,40.64986000000005],[125.27124000000003,40.649410000000046],[125.27060000000006,40.64889000000005],[125.26997000000006,40.64835000000005],[125.26938000000007,40.647740000000056],[125.26882000000012,40.64706000000007],[125.26826000000005,40.646330000000034],[125.26792000000012,40.645740000000046],[125.26757000000009,40.64494000000008],[125.26730000000009,40.64401000000004],[125.26702000000012,40.64309000000003],[125.26687000000004,40.642570000000035],[125.26665000000003,40.641680000000065],[125.26643000000001,40.64078000000006],[125.26626683500001,40.639895472000035],[125.2611870180001,40.64105535400006],[125.2212899970001,40.632750688000044],[125.19437111600007,40.60934980600007],[125.12939825700005,40.58651259900006],[125.06154791500012,40.56759372400006],[125.01824178200002,40.554157573000055],[124.98103943300009,40.521849108000026],[124.97103944700007,40.48384133300004],[124.95047726700011,40.466990131000045],[124.92103713000006,40.46110496600005],[124.90711312000008,40.46086997700007],[124.90695000000005,40.46100000000007],[124.90624000000003,40.46160000000003],[124.90571000000011,40.46213000000006],[124.90529000000004,40.462590000000034],[124.90497000000005,40.46325000000007],[124.90472000000011,40.463910000000055],[124.90469000000007,40.464800000000025],[124.90490000000011,40.46565000000004],[124.90524000000005,40.46624000000003],[124.90559000000007,40.46685000000008],[124.90599000000009,40.46751000000006],[124.90636000000006,40.46819000000005],[124.90695000000005,40.46897000000007],[124.90736000000004,40.46971000000008],[124.90764000000001,40.470300000000066],[124.90798000000007,40.47096000000005],[124.90821000000005,40.47157000000004],[124.90836000000002,40.47242000000006],[124.90839000000005,40.47329000000008],[124.90848000000005,40.474060000000065],[124.90842000000009,40.47489000000007],[124.90833000000009,40.47557000000006],[124.90813000000003,40.476320000000044],[124.90786000000003,40.47703000000007],[124.90755000000001,40.47762000000006],[124.9072000000001,40.47825000000006],[124.90683000000001,40.478890000000035],[124.9064800000001,40.479520000000036],[124.90602000000001,40.480110000000025],[124.90546000000006,40.48058000000003],[124.90475000000004,40.48097000000007],[124.90409000000011,40.481190000000026],[124.90338000000008,40.481310000000065],[124.90247000000011,40.48142000000007],[124.9015700000001,40.48154000000005],[124.90073000000007,40.48154000000005],[124.89989000000003,40.481400000000065],[124.89909000000011,40.48128000000003],[124.89843000000008,40.48114000000004],[124.89775000000009,40.480950000000064],[124.89704000000006,40.48067000000003],[124.89648000000011,40.48039000000006],[124.89588000000003,40.48004000000003],[124.89526000000001,40.47966000000008],[124.89476000000002,40.47924000000006],[124.8941400000001,40.47874000000007],[124.89349000000004,40.47832000000005],[124.89287000000002,40.47780000000006],[124.89230000000009,40.47738000000004],[124.89172000000008,40.47691000000003],[124.89112000000011,40.47634000000005],[124.89053000000001,40.47571000000005],[124.8900000000001,40.47505000000007],[124.88941000000011,40.47430000000003],[124.88882000000001,40.473520000000065],[124.88835000000006,40.472840000000076],[124.88790000000006,40.47211000000004],[124.8873900000001,40.471430000000055],[124.88686000000007,40.47059000000007],[124.88646000000006,40.46986000000004],[124.88598000000002,40.46887000000004],[124.88540000000012,40.468090000000075],[124.88490000000002,40.46727000000004],[124.88425000000007,40.46631000000008],[124.88387000000012,40.46565000000004],[124.8834700000001,40.46511000000004],[124.88294000000008,40.46431000000007],[124.8823900000001,40.46342000000004],[124.88182000000006,40.46257000000003],[124.88136000000009,40.46175000000005],[124.88080000000002,40.46090000000004],[124.88046130900011,40.46042018700007],[124.86306837400002,40.46012665500007],[124.8249754200001,40.435165846000075],[124.77951406400007,40.41007648500005],[124.74029403200007,40.39157606500004],[124.7003928040001,40.36950755600003],[124.66718476800008,40.318540803000076],[124.64983428500011,40.304952042000025],[124.60075044100006,40.292020645000036],[124.56145358100002,40.26622374600004],[124.52065945600009,40.23876174800006],[124.48193095900001,40.21561139100004],[124.4435747770001,40.194233171000064],[124.42957889700006,40.186692667000045],[124.40129603500009,40.17143867200008],[124.36302845500006,40.137317720000055],[124.33710386700011,40.11007219600003],[124.31853149100004,40.08295603300007],[124.31461846200011,40.08748417100003],[124.29756540300002,40.074736958000074],[124.29471313400006,40.059594006000054],[124.30399426400004,40.05045784500004],[124.3079653530001,40.039144272000044],[124.31416999400005,40.02669479600007],[124.31574281700011,40.01563566900006],[124.31415254700005,40.01239105900004],[124.30980260100011,40.00354191300005],[124.3043802410001,39.99412450600005],[124.29110358500009,39.981893039000056],[124.27948764900009,39.97856777700008],[124.26206527800002,39.97675274000005],[124.24860128800003,39.969988992000026],[124.2428522030001,39.95878139100006],[124.23403479700005,39.944273415000055],[124.217120582,39.94512171300005],[124.20312831100011,39.94203726600006],[124.18505322400006,39.93665317600005],[124.17915188400002,39.92455771500005],[124.17323630500005,39.91246384900006],[124.16818879200002,39.898462033000044],[124.16520999900001,39.88243273200004],[124.15741601900004,39.87325394100003],[124.14750044000004,39.868032621000054],[124.1481185990001,39.868853244000036],[124.14665831400009,39.87046414100007],[124.13980217900007,39.867085186000054],[124.13561519900009,39.861777388000064],[124.12101604200006,39.85433161800006],[124.11849509600006,39.851589545000024],[124.11718741100003,39.86037966400005],[124.11454842100011,39.86291060600007],[124.1094963600001,39.863175814000044],[124.10826854200002,39.85838241300007],[124.11295389500003,39.85194864700003],[124.10965024600011,39.84899533600003],[124.11254481300011,39.84511732800007],[124.10425519500006,39.83610057900006],[124.07867954300002,39.83602082200008],[124.04179422800007,39.840718382000034],[123.96857013100009,39.806491648000076],[123.9343045380001,39.84537282300005],[123.88085454000009,39.84235595100006],[123.88246792200005,39.84347179300005],[123.8807064130001,39.84599291200004],[123.87774655300007,39.84692278000006],[123.8771833940001,39.850128203000054],[123.87927887000001,39.85308806200004],[123.86740014100008,39.85109081200005],[123.85636287700004,39.841995137000026],[123.85176847500009,39.84071424900003],[123.84821820900004,39.84051386200008],[123.8328424130001,39.842981691000034],[123.83137933600005,39.86853190900007],[123.7732695090001,39.84391984400003],[123.77098860700005,39.844889513000055],[123.77109207100011,39.84299760300007],[123.74834422300012,39.833362890000046],[123.72522680700001,39.826616013000034],[123.70333246700011,39.82598447100003],[123.70836007300011,39.831638903000055],[123.7080686700001,39.83369836300005],[123.70423787900006,39.838288764000026],[123.69006394900009,39.84839616100004],[123.67196755100008,39.848687563000055],[123.66784535700003,39.85327141700003],[123.65659199600009,39.85514097400005],[123.65245015700009,39.85881133100003],[123.64565295800003,39.861348821000036],[123.64447097800007,39.86409258500004],[123.6507705030001,39.88053879600005],[123.64993231200003,39.88968685800006],[123.65563921000012,39.90681737300008],[123.65506622800001,39.91139140400003],[123.64584286000002,39.90410635100005],[123.64073841200002,39.89314766700005],[123.63921264400005,39.88102992300003],[123.6326053460001,39.86618806100006],[123.63403213400011,39.860404473000074],[123.60208917000011,39.866126543000064],[123.58853385700002,39.85840349000006],[123.57262207500003,39.837311826000075],[123.55789417200003,39.82970261500003],[123.5426961610001,39.81941588900003],[123.53060127200001,39.806108289000065],[123.52264283500006,39.78924883700006],[123.52233093000007,39.78991601400003],[123.51315994900006,39.78576762700004],[123.5102997250001,39.78345220700004],[123.50273050900012,39.79979013900004],[123.4957826540001,39.80863672300006],[123.4823204060001,39.80815288500003],[123.47113208200005,39.80552014800003],[123.4464996690001,39.831785757000034],[123.44032362900009,39.86254389800007],[123.44109877100004,39.892073553000046],[123.4107729860001,39.91257595900004],[123.37064752600008,39.91936397500007],[123.35248551300003,39.94405613200007],[123.39368027900002,39.985987486000056],[123.46592306700006,39.99154433000007],[123.46024275000002,40.021796589000076],[123.4690427910001,40.055518756000026],[123.51522670000008,40.07394881600004],[123.55589414700012,40.09159374200004],[123.58070055300004,40.11750100200004],[123.57788573800008,40.17241137100007],[123.56021446000011,40.17719732900008],[123.56068049400005,40.21742270100003],[123.59743734200003,40.22994289500008],[123.64654779400007,40.24709372500007],[123.68994194900006,40.27505641800008],[123.70887791300004,40.30439330200005],[123.71649422700011,40.340573722000045],[123.72291727700008,40.37364728700004],[123.73145811000006,40.408340930000065],[123.74324924700011,40.44405519600008],[123.74901425700011,40.47998150400008],[123.71865613800003,40.529273508000074],[123.70641474900003,40.569102075000046],[123.7053097160001,40.60396459900005],[123.67443860800006,40.63847754400007],[123.63102674900006,40.65540121600003],[123.58412049900005,40.66991982300004],[123.53173251800001,40.69707565900006],[123.5428932850001,40.72361493900007],[123.56489748600006,40.75589526400006],[123.51772917000005,40.80746998600006],[123.54791994000004,40.82541136400005],[123.58058013700008,40.84354004200003],[123.60540085700006,40.81158278500004],[123.64211929100009,40.79727963400006],[123.67853960900004,40.80338055300007],[123.72526258300002,40.82175074400004],[123.77088405600011,40.837448134000056],[123.81610936700008,40.83556966100008],[123.84373725700004,40.81528112500007],[123.88278808700011,40.80991592300006],[123.92064326100001,40.82923337200003],[123.95631192100007,40.855740249000064],[124.00594291100003,40.851442518000056],[124.0365678180001,40.83726020900008],[124.08928818000004,40.83025708500003],[124.11574454400011,40.84991215700006],[124.12887085600005,40.89104030000004],[124.11142095600007,40.937573798000074],[124.0975176820001,40.96236007300007],[124.07995327900005,41.023996055000055],[124.12097721300006,41.01854234100006],[124.1643157640001,41.01259840100005],[124.17695444200001,41.03896333800003],[124.19458642300003,41.068914378000045],[124.2540864990001,41.07034729800006],[124.28635777400007,41.05499420700005],[124.31658394300007,41.03569167200004],[124.36933702300007,41.04899741300005],[124.41943742700005,41.040325868000025],[124.46212966000007,41.043180118000066],[124.5037400010001,41.06146215000007],[124.54105043200002,41.076536747000034],[124.58267443300008,41.07994192700005],[124.62028775100009,41.087529706000055],[124.66305851000004,41.10517405600007],[124.68430711400003,41.15415653800005],[124.75204939900004,41.130253082000024],[124.81444896500011,41.11020807600005],[124.90491086700001,41.08719532600003]]],[[[123.87554736000004,39.84205639800007],[123.86545020100004,39.841486485000075],[123.86824160600008,39.84376974300005],[123.87554736000004,39.84205639800007]]]]}},{"type":"Feature","properties":{"code":"CN021060","name":"Fushun","label":"Fushun · 抚顺市","type":"Prefecture-level city","parentCode":"CN-LN"},"geometry":{"type":"Polygon","coordinates":[[[125.0663180890001,42.43353396800006],[125.11381193000011,42.40930242200005],[125.12823008200007,42.34844262100006],[125.12599686900012,42.302898775000074],[125.21128139500001,42.30059983900003],[125.21780911400003,42.293699470000035],[125.24168522900004,42.268468916000074],[125.22863435600004,42.21335959900006],[125.22926164100011,42.18725353900004],[125.25760210600004,42.18049213900008],[125.26445962600008,42.15458451000006],[125.26673643000004,42.12470178400008],[125.28171974300005,42.119429198000034],[125.33471703000009,42.14669134500008],[125.39036467100004,42.14579700400003],[125.39480365200006,42.14055581400004],[125.40715867200004,42.12593738100003],[125.38956763600004,42.10188855700005],[125.34516954000003,42.05123673300005],[125.29762753600005,41.974008937000065],[125.2259126460001,41.945273419000046],[125.21692608600006,41.91784382700007],[125.24508030300001,41.929019906000065],[125.25684538300004,41.87879783000005],[125.24097482200011,41.825170728000046],[125.2826635240001,41.76831484100006],[125.26208116600003,41.69242404100004],[125.2832433000001,41.686769680000054],[125.38205362200006,41.68859175100005],[125.41932209600009,41.674567711000066],[125.42749824700002,41.60844205800004],[125.43801346900011,41.55706770100005],[125.37756203200001,41.53191397100005],[125.34455059300001,41.51601888000005],[125.31152264200011,41.49453881900007],[125.27079205100006,41.462855965000074],[125.23603182000011,41.44436859700005],[125.19206629700011,41.44280829300004],[125.15542900000003,41.457994675000066],[125.11340809700005,41.471042469000054],[125.07589260100008,41.473773461000064],[125.04645526800005,41.45691567200004],[125.00542109500009,41.448896201000025],[124.98136327700001,41.47132832400007],[124.94276920800007,41.48622952100004],[124.89902935600003,41.47990261000007],[124.86983791300008,41.46112314800007],[124.84551567200003,41.43339832800007],[124.83071962100007,41.40126643100007],[124.82880908200002,41.36619768600008],[124.83141783600001,41.33801441300005],[124.82233887500001,41.303819555000075],[124.79723051100007,41.283616497000025],[124.76208083400002,41.26508274300005],[124.72021416700011,41.24363522300007],[124.71879209800011,41.21641508400006],[124.67854802800002,41.21150687100004],[124.6173638360001,41.20252796200003],[124.59363951000012,41.22668911200003],[124.56834964300003,41.24640528300006],[124.52135998200004,41.261718967000036],[124.48916813200003,41.28964759400003],[124.45642346500006,41.30603857300008],[124.41316516000006,41.29811971700008],[124.37815185800002,41.28876545000003],[124.36801494800011,41.316867659000025],[124.35403826800007,41.347268762000056],[124.33217136500002,41.37209453100007],[124.30603719400006,41.40019975400003],[124.30839879000007,41.44169696400007],[124.28137075400002,41.46246959200005],[124.27184532000001,41.49095237900008],[124.24571049000008,41.51022883500008],[124.1950457800001,41.50262440600005],[124.14706265200005,41.49608257400007],[124.09360767600003,41.48366170400004],[124.05430380500002,41.48352144000006],[124.01472132700007,41.503345866000075],[123.98151195900004,41.52753425800006],[123.93292111000005,41.53629629100004],[123.90735219400005,41.51275995800006],[123.87323071200001,41.526352780000025],[123.83382936700002,41.51642013500003],[123.81359533700004,41.49180020800003],[123.78243963800003,41.47071709800008],[123.74546654900007,41.46976693200003],[123.73864417300001,41.50669686700007],[123.69353906700007,41.50199756600006],[123.70080143200005,41.53271976100007],[123.7316013630001,41.55200231800006],[123.73808251700007,41.57863885300003],[123.72534542100004,41.61067193800005],[123.73840423100012,41.64261048900005],[123.76661979500011,41.66403679000007],[123.77528032000009,41.704810526000074],[123.76178331400001,41.73601180700007],[123.71860647500012,41.75427803700006],[123.67349388900004,41.75651735900004],[123.67615011900011,41.79193644500003],[123.68050990000006,41.82346487700005],[123.68122248300006,41.852143683000065],[123.67832970400002,41.88122778600007],[123.68363516200009,41.91125960800008],[123.7117468350001,41.94432923800008],[123.7149255810001,41.97599474900005],[123.7584952420001,41.96836608000007],[123.7856827820001,41.98713961200008],[123.81755072500005,42.00447051900005],[123.86868966600002,42.00988415200004],[123.92724876500006,41.98148117000005],[123.96310163500004,41.99693421300003],[123.98762222100004,42.01737858600006],[124.01416481700005,42.04176610900004],[124.09397199500006,42.054066661000036],[124.13885803200003,42.04058658300005],[124.18456319300003,42.03118664700003],[124.23320874700005,42.03025228900003],[124.2523974390001,42.00017932900005],[124.28760337800009,41.99101415800004],[124.31916439700001,42.00919680800007],[124.3694857910001,42.02520653200003],[124.44768359900002,42.04725041800003],[124.49594097700003,42.07089774800005],[124.51914375400008,42.10489447600003],[124.51610934400003,42.13173845400007],[124.50831997000012,42.15960649800007],[124.49878456800002,42.188136298000074],[124.48840721400006,42.22142061300008],[124.51727000800008,42.24965612200003],[124.53804368700003,42.283490726000025],[124.55029582700001,42.32111254900008],[124.59382968900002,42.32717597900006],[124.6281227500001,42.30129584400004],[124.66890897500002,42.28859879100003],[124.71890451700006,42.301765069000055],[124.74903485900006,42.317736515000036],[124.76704070300002,42.34676844000006],[124.73882532000005,42.37475130800004],[124.77283245500007,42.400031486000046],[124.8076649620001,42.41451048500005],[124.81419322400006,42.45653183500008],[124.87638700500008,42.42727933300006],[124.90109198700009,42.406182897000065],[124.93254432600008,42.370325130000026],[124.96339295400003,42.34615809300004],[125.00902687500002,42.34719980800003],[125.03177639500007,42.37749798100003],[125.04709307900009,42.40497013700008],[125.0663180890001,42.43353396800006]]]}},{"type":"Feature","properties":{"code":"CN021070","name":"Fuxin","label":"Fuxin · 阜新市","type":"Prefecture-level city","parentCode":"CN-LN"},"geometry":{"type":"Polygon","coordinates":[[[122.78649575800011,42.71065761800003],[122.75367470600008,42.670434502000035],[122.77096329900007,42.63617338000006],[122.80046946700008,42.61085806700004],[122.83262023700001,42.59640244800005],[122.86605651400009,42.58225653400007],[122.92158465800003,42.56695343500007],[122.97427453600005,42.55240589300007],[122.91147222100005,42.506087138000055],[122.87411246900001,42.48910635400006],[122.83893226500004,42.47699904400008],[122.79971730300008,42.45648284600003],[122.78118722300007,42.42686711500005],[122.80243536400008,42.40101341600007],[122.82790741200006,42.38120986700005],[122.84791336800004,42.35872833700006],[122.84605472600003,42.32553303700007],[122.82752665300006,42.29918088900007],[122.79232066200007,42.27640366400004],[122.76056646200004,42.26208641800008],[122.67586703400002,42.23236406600006],[122.63299231500002,42.21452395100005],[122.59155125900008,42.19421419500003],[122.54589515500004,42.17431880700008],[122.50596208700006,42.15522321900005],[122.4594780320001,42.13400334000005],[122.39002034800001,42.099140728000066],[122.37139996300004,42.08362308100004],[122.34033050400001,42.068697032000046],[122.30054579800003,42.05323923800006],[122.2455669520001,42.03188930300007],[122.20832576700002,42.01663175400006],[122.16175625400001,41.99719435800006],[122.12309998100011,41.98065873100006],[122.07290684500003,41.957854920000045],[122.04503936200001,41.939310773000045],[122.01451024800008,41.915939957000035],[121.98670780300006,41.89414280200003],[121.9610063770001,41.87352875900007],[121.93037554400007,41.852929663000054],[121.89531928200006,41.83137369100007],[121.8495569590001,41.81177846800006],[121.81916573500007,41.79576779300004],[121.83072798500007,41.76506716100005],[121.7411080390001,41.759372806000044],[121.69210562700005,41.76734401900006],[121.65001423100011,41.76537521400007],[121.60777127600011,41.75507919100005],[121.56245166600002,41.75200765500006],[121.51750821500002,41.76969908400008],[121.48155843600011,41.774952075000044],[121.44180689500001,41.772234507000064],[121.4050122640001,41.768766018000065],[121.35124493300009,41.75532212000007],[121.31786963500008,41.73638712800005],[121.29239856700008,41.75574355600003],[121.25703459300007,41.78723504200008],[121.26971184500007,41.81240203500005],[121.29543156500006,41.83821276400005],[121.28400837400011,41.866089663000025],[121.23762871000008,41.864390376000074],[121.20395586400002,41.88785276600004],[121.18288276700002,41.91338116400004],[121.15931383500003,41.93497285300003],[121.1232049240001,41.94753354200003],[121.06827174700004,41.95025266000005],[121.03419981000002,41.960292501000026],[120.98264678800001,41.99158009000007],[120.99312733600004,42.00333441300006],[121.01361023700008,42.023733797000034],[121.017889534,42.051742758000046],[121.02217596500009,42.07975254300004],[121.02456128400001,42.09531431900007],[121.01072032600007,42.118492564000064],[121.00593504000005,42.14409079600006],[121.00163526100005,42.172798242000056],[120.98966366400009,42.208425129000034],[121.01985106300003,42.231031604000066],[121.05973313300001,42.25728320800005],[121.14446486700001,42.30934810200006],[121.18101711400004,42.33652133600003],[121.23347126200008,42.377786412000034],[121.27651212500007,42.422912378000035],[121.3150544020001,42.43920241100005],[121.33837438800003,42.472972377000076],[121.36209871300002,42.480742607000025],[121.46969853900009,42.47826036600003],[121.54588989600006,42.50431889500004],[121.56365767600005,42.502818941000044],[121.57622894400004,42.469288762000076],[121.58592706400009,42.44574191100003],[121.60707567300005,42.43745376100003],[121.62482100000011,42.435946484000056],[121.66396252800007,42.455345485000066],[121.70025311000006,42.48471723700004],[121.72741138800006,42.48563368400005],[121.77940220700009,42.50065826900004],[121.82909396800005,42.52884616800003],[121.84327422600006,42.56010131800008],[121.88039309300007,42.64784994400003],[121.91900964600006,42.68997604000003],[121.95445257000006,42.712889854000025],[122.1475676770001,42.679674125000076],[122.16564331500001,42.683038776000046],[122.17068064300008,42.689702702000034],[122.27689164800006,42.65609720400005],[122.31257184800006,42.653805033000026],[122.33753069400007,42.66856862700007],[122.36542312100005,42.700069764000034],[122.43229887600012,42.74774053600004],[122.44166664400007,42.758532057000025],[122.40302678800003,42.76560278800008],[122.37787199600007,42.764287911000054],[122.3287989590001,42.78301292200007],[122.32173539100006,42.79260080000006],[122.33585248000009,42.81639990100007],[122.3874275710001,42.818929740000044],[122.53975149500002,42.803700813000034],[122.55308795400003,42.782433163000064],[122.6194645270001,42.77009371400004],[122.69666336000012,42.769757036000044],[122.74674661800009,42.763733624000054],[122.75128717500002,42.75435360800003],[122.78001770000003,42.71318304000005],[122.78649575800011,42.71065761800003]]]}},{"type":"Feature","properties":{"code":"CN021080","name":"Huludao","label":"Huludao · 葫芦岛市","type":"Prefecture-level city","parentCode":"CN-LN"},"geometry":{"type":"Polygon","coordinates":[[[120.99674165700003,40.82764693400003],[120.97558396000011,40.836015591000034],[120.957525626,40.83019269500005],[120.94414609300009,40.83124055700006],[120.92853346600009,40.82522342800007],[120.9148427990001,40.81543008600005],[120.90518184200005,40.808043980000036],[120.91873492500008,40.78255405800007],[120.880512812,40.77286550000008],[120.87751480400004,40.76043288900007],[120.87924770900008,40.74672533700004],[120.89414909200002,40.73923231800006],[120.91235945900007,40.737812629000075],[120.92267703400012,40.739482483000074],[120.92317144200001,40.737555677000046],[120.92697931500004,40.73191098900003],[120.92765052200002,40.721400868000046],[120.93332795200001,40.72220304200005],[120.93705724400002,40.72731403900008],[120.94248911000011,40.72673778300003],[120.94898181100007,40.72160714200004],[120.95469525700003,40.721266627000034],[120.96396844300011,40.72475489400006],[120.97955831000002,40.709931417000064],[120.92251307800007,40.71439560700003],[120.89791266700001,40.70546619500004],[120.87333420400012,40.69651772000003],[120.85763853100002,40.68959848800006],[120.83088801500003,40.68263252300005],[120.81815960400002,40.68813426500003],[120.80540156000006,40.68460279000004],[120.79078782600004,40.67668496300007],[120.78976022400002,40.675765495000064],[120.7823756460001,40.66919304000004],[120.77572035800006,40.64799553100005],[120.76771746400004,40.62599828500004],[120.75868434100005,40.61403493100005],[120.74103425300007,40.601819369000054],[120.71760067200012,40.591869564000035],[120.7134213600001,40.579524390000074],[120.6960135920001,40.56005698400003],[120.67441961800012,40.554474722000066],[120.65391664300012,40.54790275700003],[120.63717527800009,40.541946059000054],[120.62767329600001,40.52639443800007],[120.61780706500008,40.50815088500008],[120.61337818400011,40.48497801800005],[120.57739077400004,40.47233743900006],[120.55859825700009,40.46019982900003],[120.54914106600006,40.453676494000035],[120.54393244200003,40.442320333000055],[120.54135085400003,40.42352633000007],[120.5120719790001,40.41489231800006],[120.4976563890001,40.398802413000055],[120.49630062900007,40.38895465200005],[120.49968594500001,40.377852450000034],[120.50934697000002,40.36808555300007],[120.53261727900008,40.37320950700007],[120.53189698800009,40.36972435900003],[120.54258718900007,40.36403710700006],[120.54609227500009,40.363678668000034],[120.53940587500006,40.355865927000025],[120.51752412000008,40.34758138500007],[120.49901221400012,40.33722104200007],[120.48440653400007,40.32838108200008],[120.47109668700011,40.320337289000065],[120.46081454300008,40.307554562000064],[120.45765770300011,40.28428622900003],[120.44847412700005,40.261473581000075],[120.44957601400006,40.255867812000076],[120.4513590040001,40.24679020700006],[120.38523848400007,40.19028150500003],[120.33133799200004,40.197008684000025],[120.27891386100009,40.17829683000008],[120.23051064000003,40.152948140000035],[120.18054756200002,40.134018033000075],[120.13830767800005,40.11812670200004],[120.08443893300011,40.09674895200004],[120.0453555790001,40.08601516900006],[120.01831903400011,40.07441684400004],[119.96693971100001,40.071780767000064],[119.95264566300011,40.06467201100003],[119.92104262800001,40.05518585000004],[119.88900262000004,40.042109519000064],[119.8754880030001,40.031328744000064],[119.87027222200004,40.01905446600006],[119.86623029000009,39.99676214200008],[119.85687843100004,39.98844574300006],[119.85574259200007,39.98830519000006],[119.83567728300011,39.981630841000026],[119.83500889100003,39.98155554400006],[119.81774244700011,39.98064360700005],[119.8040306480001,39.97625723700003],[119.8066533120001,39.98512561500007],[119.78332660600006,40.00975709700003],[119.77221293900004,40.016712046000066],[119.7328101490001,40.077010259000076],[119.72697315000005,40.09589719500008],[119.72245033900003,40.11052539700006],[119.7246953240001,40.14941673000004],[119.64733394600012,40.19357277700004],[119.60218029300006,40.216941760000054],[119.56744096200009,40.26800755100004],[119.56667795800001,40.26932530300007],[119.5364326350001,40.32059774000004],[119.54727574300011,40.37224291800004],[119.54491112400001,40.41113244700006],[119.54440867200003,40.419458794000036],[119.53226350700004,40.43888203600005],[119.51606652600003,40.46477515000004],[119.49886910200007,40.49250307600005],[119.46651742100005,40.51411044900004],[119.39831001400012,40.52734620800004],[119.3200818570001,40.51633564200006],[119.27499962600007,40.50053550100006],[119.22954265600004,40.51313987700007],[119.19482193500005,40.52506131500007],[119.20535503500003,40.56522060200007],[119.19652187600002,40.577656828000045],[119.25143969600003,40.58382379300008],[119.2938142480001,40.594274089000066],[119.35292302100004,40.617193815000064],[119.39277290300004,40.649000312000055],[119.4118169300001,40.678333929000075],[119.4225375960001,40.704181953000045],[119.45571680700004,40.74849445900003],[119.47676044400009,40.77444139500005],[119.49549429400008,40.80102643500004],[119.53532155500011,40.778446418000044],[119.56911510400005,40.80011624200006],[119.59158564500001,40.77893762100007],[119.63206461200002,40.75258678600005],[119.65433121300009,40.78255232200007],[119.67074172600007,40.81807417700003],[119.71257899900002,40.805871463000074],[119.74993857200002,40.80923203100008],[119.77795527100011,40.83226352300005],[119.78219568000009,40.87108162700008],[119.80885783500003,40.89283408400007],[119.85109268400004,40.88747260500003],[119.8897659050001,40.887007184000026],[119.94020878900005,40.90536340500006],[119.96321443000011,40.92647517800003],[119.97956097400004,40.95598193500007],[119.97724482100011,40.999056833000054],[119.98195533400008,41.031856756000025],[119.99791959700008,41.06278952400004],[120.00897010900007,41.09321073600006],[120.06289157100002,41.05452233500006],[120.09506465300001,41.037951046000046],[120.12540153000009,40.99617084800008],[120.14258712200001,40.97256530200008],[120.14260780000006,40.91446633900006],[120.14262858500001,40.881261067000025],[120.19142120900005,40.90528535300007],[120.22159299400005,40.92012352000006],[120.25417253600006,40.93576104600004],[120.29378182700009,40.95355266200005],[120.330422311,40.95128859000005],[120.36775432500008,40.93327863300004],[120.4056337080001,40.94334245400006],[120.43784616900007,40.96819347700006],[120.48260310100011,40.96333769000006],[120.51432279100004,40.97668299600008],[120.54460605700001,41.004457855000055],[120.5616617170001,41.032938423000076],[120.57740439400004,41.064761367000074],[120.59415735700009,41.09096218800005],[120.62926802600009,41.121988904000034],[120.67494532600006,41.13452505400005],[120.7441147290001,41.15305041600004],[120.76924813500011,41.11914002200007],[120.80211322800005,41.09586661000003],[120.84165443600011,41.103825190000066],[120.87487878000002,41.12989472600003],[120.91149299500012,41.122866756000064],[120.9180853680001,41.09502973300005],[120.94324632700011,41.07335048300007],[120.92894951900007,41.04418947000005],[120.93868284500002,41.01328968000007],[120.97297402900006,40.99583503900004],[121.05779894000011,40.99864879800003],[120.99565795100011,40.95867550100007],[121.0071935090001,40.93175927600004],[121.01295532200004,40.895225641000025],[121.01117225500002,40.86076964000006],[120.99674165700003,40.82764693400003]]]}},{"type":"Feature","properties":{"code":"CN021090","name":"Jinzhou","label":"Jinzhou · 锦州市","type":"Prefecture-level city","parentCode":"CN-LN"},"geometry":{"type":"MultiPolygon","coordinates":[[[[122.46985309100012,41.80492357000003],[122.53112863800004,41.732083318000036],[122.53070240800002,41.69753028800005],[122.5114923970001,41.659978728000056],[122.47745280200002,41.60992951000003],[122.45323116000009,41.57978117600004],[122.44345875800002,41.55987109300003],[122.37599178200003,41.572997187000055],[122.3120149020001,41.569588054000064],[122.24852478600008,41.53143085900007],[122.19207927200011,41.49723962200005],[122.15007696800001,41.47328251400006],[122.12602140700005,41.443083407000074],[122.0976819120001,41.424823943000035],[122.06971299100007,41.40884021900007],[122.03555020800002,41.39340018000007],[122.00685430100009,41.372854748000066],[121.93344888500008,41.33918272300008],[121.89347264500009,41.32323716800005],[121.84637039800009,41.319066820000046],[121.80459693900002,41.32823736000006],[121.75619111300011,41.316312725000046],[121.72309008700006,41.297334842000055],[121.68061515800002,41.27325511300006],[121.61605688000009,41.24560910900004],[121.58748563100005,41.204598866000026],[121.57980871300003,41.17668820400007],[121.56732906900004,41.14184402700005],[121.54468346200008,41.11167457400006],[121.56449649100011,41.08066566600007],[121.60758252900007,41.06912491300005],[121.68930760500007,41.052752102000056],[121.66873875500005,41.016540199000076],[121.65028730100005,40.98968619200008],[121.66008405600007,40.957326383000066],[121.64236611800004,40.92023276000003],[121.61804001900009,40.89385882700003],[121.61461374100008,40.89077036800006],[121.57919256500008,40.85882352700003],[121.56297356100004,40.85744901500004],[121.55380514100011,40.86998095600006],[121.54867912400005,40.884893514000055],[121.53721689700001,40.906665661000034],[121.50533276400006,40.90748976900005],[121.4830412010001,40.91475461400006],[121.45395798300001,40.934345388000054],[121.4308634460001,40.919935156000065],[121.40952548000007,40.90900226500003],[121.37682278200009,40.90442569900006],[121.37392542400005,40.904959775000066],[121.36338835400011,40.90912931100007],[121.3629987270001,40.91209899300003],[121.36643989100003,40.918107115000055],[121.36489120300007,40.919681996000065],[121.35285204000002,40.91902388600005],[121.33594610800003,40.920728686000075],[121.33369073500012,40.92496527600008],[121.33505359200001,40.92971081300004],[121.33347216200002,40.93243165700005],[121.33029928100007,40.931335932000025],[121.3255398230001,40.940276305000054],[121.31933113000002,40.93173097400006],[121.29473036200011,40.931903410000075],[121.2765814600001,40.94242601000008],[121.26136924500008,40.96447443500006],[121.23210335300007,40.94147248200005],[121.24950438300004,40.929385387000025],[121.24907687200005,40.921368200000074],[121.24378907000005,40.91715760300008],[121.2441221040001,40.91534541500005],[121.22850340500008,40.91501242100003],[121.22849209600008,40.91505557900007],[121.23066615200003,40.92218674500003],[121.22675350600002,40.92257637200004],[121.22187291800003,40.91706087400007],[121.20470824800009,40.93099766600005],[121.19189367400008,40.93046331600004],[121.18920847200002,40.937005688000056],[121.18433278700002,40.93014803700004],[121.18239439800004,40.93006720900007],[121.16332894300001,40.934306062000076],[121.13558593300002,40.93832579700006],[121.10137482000005,40.88944784700004],[121.09251556200002,40.87928696100005],[121.07932591600002,40.87309368700005],[121.05555730100002,40.87044115300006],[121.04588082500004,40.863064165000026],[121.03946010400011,40.85271357500005],[121.03330372000005,40.84414617300007],[121.02406616000007,40.83129962300006],[121.02474526200001,40.820579587000054],[121.0185483350001,40.822324224000056],[121.01873823800008,40.82575884000005],[121.00878800200007,40.834946192000075],[121.00184673800004,40.83549625400008],[121.00133129200003,40.82583163000004],[120.99674165700003,40.82764693400003],[121.01117225500002,40.86076964000006],[121.01295532200004,40.895225641000025],[121.0071935090001,40.93175927600004],[120.99565795100011,40.95867550100007],[121.05779894000011,40.99864879800003],[120.97297402900006,40.99583503900004],[120.93868284500002,41.01328968000007],[120.92894951900007,41.04418947000005],[120.94324632700011,41.07335048300007],[120.9180853680001,41.09502973300005],[120.91149299500012,41.122866756000064],[120.87487878000002,41.12989472600003],[120.84165443600011,41.103825190000066],[120.80211322800005,41.09586661000003],[120.76924813500011,41.11914002200007],[120.7441147290001,41.15305041600004],[120.73095088200012,41.194132710000076],[120.71746514400002,41.229040250000025],[120.71342127800006,41.27001720900006],[120.72575746300004,41.30261606000005],[120.74978405000002,41.339706583000066],[120.76656910700001,41.37329476000008],[120.82907048700008,41.37504751500006],[120.86110978800002,41.38878050000005],[120.87417275400003,41.417614023000056],[120.8856692710001,41.44428232100006],[120.89778130400009,41.470897240000056],[120.91677372600009,41.50612263600004],[120.9522518340001,41.533382834000065],[120.97786935300007,41.56385032800006],[121.01364974400008,41.577216426000064],[121.05543288100012,41.582161478000046],[121.09678611900006,41.599621282000044],[121.12553347300002,41.62239000300008],[121.16543538200006,41.653365404000056],[121.19181334000007,41.676342971000054],[121.20815480700003,41.70163385700005],[121.22781058600003,41.73586179500006],[121.25703459300007,41.78723504200008],[121.29239856700008,41.75574355600003],[121.31786963500008,41.73638712800005],[121.35124493300009,41.75532212000007],[121.4050122640001,41.768766018000065],[121.44180689500001,41.772234507000064],[121.48155843600011,41.774952075000044],[121.51750821500002,41.76969908400008],[121.56245166600002,41.75200765500006],[121.60777127600011,41.75507919100005],[121.65001423100011,41.76537521400007],[121.69210562700005,41.76734401900006],[121.7411080390001,41.759372806000044],[121.83072798500007,41.76506716100005],[121.81916573500007,41.79576779300004],[121.8495569590001,41.81177846800006],[121.89531928200006,41.83137369100007],[121.93037554400007,41.852929663000054],[121.9610063770001,41.87352875900007],[121.98670780300006,41.89414280200003],[122.01451024800008,41.915939957000035],[122.04503936200001,41.939310773000045],[122.07290684500003,41.957854920000045],[122.12309998100011,41.98065873100006],[122.16175625400001,41.99719435800006],[122.20832576700002,42.01663175400006],[122.2455669520001,42.03188930300007],[122.30054579800003,42.05323923800006],[122.34033050400001,42.068697032000046],[122.37139996300004,42.08362308100004],[122.39002034800001,42.099140728000066],[122.39984210400007,42.08204967000006],[122.41436406200012,42.055263996000065],[122.436354617,42.03474295400008],[122.44496403300002,42.01081532500007],[122.45317205000003,41.96609728200008],[122.4594164230001,41.92850445800008],[122.45312484100009,41.91057214800003],[122.43704427600005,41.89122611500005],[122.42684909500008,41.86902523500004],[122.43858822100003,41.844811580000055],[122.46985309100012,41.80492357000003]]],[[[121.26895465200005,40.91587485100007],[121.25255358100003,40.915525176000074],[121.25505478000002,40.92552997300004],[121.26895465200005,40.91587485100007]]]]}},{"type":"Feature","properties":{"code":"CN021100","name":"Liaoyang","label":"Liaoyang · 辽阳市","type":"Prefecture-level city","parentCode":"CN-LN"},"geometry":{"type":"Polygon","coordinates":[[[123.55560562700009,41.467713348000075],[123.59832041800007,41.438411648000056],[123.62919576900003,41.42385382700007],[123.61522998900011,41.38368850300003],[123.60871362600005,41.35335427000007],[123.6082174820001,41.313081054000065],[123.61017491500002,41.28228311000004],[123.61285078800006,41.24582624000004],[123.58860007500004,41.221643794000045],[123.5607478500001,41.19461559500007],[123.57290374600007,41.165926411000044],[123.60430307000001,41.14528162900007],[123.61880124200002,41.113094240000066],[123.633949357,41.07803500800003],[123.65194525200002,41.05145960700003],[123.61016119400006,40.99635701500006],[123.60170983800003,40.96533436500005],[123.61261593500001,40.93678453900003],[123.59956429700003,40.903964820000056],[123.58524164100004,40.870814704000054],[123.58058013700008,40.84354004200003],[123.54791994000004,40.82541136400005],[123.51772917000005,40.80746998600006],[123.48338018100003,40.786733240000046],[123.4445235930001,40.78039347300006],[123.3932450530001,40.769392022000034],[123.33764849900001,40.74819385200004],[123.29087876300002,40.72878960700007],[123.24109639300002,40.706001996000055],[123.19772342500005,40.69777109000006],[123.1432243910001,40.68518014400007],[123.09168260100012,40.71113107200006],[123.06378118800001,40.746993307000025],[123.08651103700004,40.77787195500008],[123.10245209800007,40.80808730800004],[123.06087036000008,40.81626916400006],[123.02184565100004,40.818622291000054],[123.02686301500012,40.85556819400006],[123.05026910700008,40.903036273000055],[123.07729611600007,40.93392803900008],[123.11431661800009,40.95632025700007],[123.1518001610001,40.964765499000066],[123.19533061600009,40.97625361300004],[123.21256651400006,41.006331009000064],[123.20379756400007,41.04062696300008],[123.16396459700002,41.05234639200006],[123.12464507400011,41.06030218800004],[123.10747769900001,41.08900932900008],[123.12469051700009,41.11910343900007],[123.08026046200007,41.14240758100004],[123.09183617500003,41.181450504000054],[123.03504387600003,41.16809541400005],[122.98581529000012,41.172428213000046],[122.93835215100012,41.163134866000064],[122.8904753490001,41.148302546000025],[122.86879274600005,41.12329240500003],[122.8522590340001,41.09958038800005],[122.81744545400011,41.07919464500003],[122.77413581300004,41.058770612000046],[122.7257123820001,41.06709165800004],[122.68235519100006,41.083206877000066],[122.64962483600004,41.100964850000025],[122.6083513320001,41.138623833000054],[122.57118710200007,41.16422598300005],[122.54989559400008,41.18701944400004],[122.57285227500006,41.21030678300008],[122.59966169600011,41.21936109400008],[122.63783312400005,41.257398016000025],[122.66797664900002,41.321621794000066],[122.69419214000004,41.36309378200008],[122.75919929500003,41.373149761000036],[122.77948187300001,41.38048502300006],[122.78188463000004,41.39413436700005],[122.77807687200004,41.40837231900008],[122.7812753390001,41.42656834700006],[122.83269679900002,41.430945275000056],[122.85257675100002,41.43599081200006],[122.8670503510001,41.446175795000045],[122.87570870100001,41.459234593000076],[122.90209286200002,41.50067419700008],[122.92363223200005,41.51480825400006],[122.98215812300009,41.52307494100006],[123.0024931800001,41.53037956700007],[123.01946788900011,41.55420174000005],[123.03767081600006,41.58484126700006],[123.06296347700004,41.619434428000034],[123.09209199000009,41.55798104400003],[123.10234437500003,41.52769958600004],[123.14158725700008,41.51145495900005],[123.18330915900003,41.51808229300008],[123.22072230800006,41.518209127000034],[123.26946617800002,41.49394049500006],[123.30618319900009,41.490420785000026],[123.34933775500008,41.48850445200003],[123.38798310400011,41.466211101000056],[123.43717934300003,41.45433829500007],[123.4743263360001,41.456279763000055],[123.51456301200005,41.46158404700003],[123.55560562700009,41.467713348000075]]]}},{"type":"Feature","properties":{"code":"CN021110","name":"Panjin","label":"Panjin · 盘锦市","type":"Prefecture-level city","parentCode":"CN-LN"},"geometry":{"type":"Polygon","coordinates":[[[122.3057535150001,40.936918853000066],[122.26128485800007,40.93405738400003],[122.25395487000003,40.927794971000026],[122.25861158800001,40.918134387000066],[122.27838681900005,40.886294786000065],[122.23630904800007,40.86010767400006],[122.19921941100006,40.863492250000036],[122.17611838300002,40.83787395100006],[122.14673009600006,40.849778041000036],[122.13045140300005,40.86511277900007],[122.07474615300009,40.793932408000046],[122.09493891900001,40.76440211800008],[122.13903848400003,40.72808433100005],[122.14986669400002,40.71786557000007],[122.16145109700005,40.712195191000035],[122.19268073,40.71166023600006],[122.20463729900007,40.70826329400006],[122.22855084100001,40.701461460000075],[122.2270430000001,40.69236237300004],[122.2062471270001,40.68040657900008],[122.1746689250001,40.67866635000007],[122.11412112000005,40.691092146000074],[122.11256472600007,40.68169480300003],[122.1100456900001,40.68326648200008],[122.1005309200001,40.69529582300004],[122.08106264000003,40.709518865000064],[122.0491164550001,40.73230389100007],[121.99218827000004,40.755953300000044],[121.96787420200008,40.76987511800007],[121.95382796500007,40.78069956100006],[121.95304871000008,40.785434026000075],[121.95213193900008,40.790977215000055],[121.94321527400007,40.79711619200003],[121.93674437000004,40.80783762900006],[121.9211253840001,40.78523282700007],[121.9037609500001,40.79174541300006],[121.90037660000007,40.79555239700005],[121.90668512500008,40.81222493200005],[121.91596958200012,40.832264664000036],[121.93415809800001,40.84611408100005],[121.95159080500002,40.87088881100004],[121.93275056200002,40.86072121800004],[121.9171002280001,40.86296962000006],[121.91649515100005,40.874797124000054],[121.9156563250001,40.89298985000005],[121.90625257700003,40.903756205000036],[121.90620828500005,40.91916159800007],[121.91738789400006,40.958981374000075],[121.89286904700009,40.95201337000003],[121.88782008900012,40.96693898700005],[121.87096618200007,40.97743388300006],[121.84292092500004,40.995218030000046],[121.84510915200008,41.00144106600004],[121.84585239000012,41.013993492000054],[121.84931352300009,41.02819388300003],[121.8400239550001,41.039855153000076],[121.82385120700008,41.054816336000044],[121.81588429500005,41.035621493000065],[121.81062332300007,41.022970917000066],[121.7922480960001,40.97866275000007],[121.76877663300002,40.994234781000046],[121.76785342800008,41.004273356000056],[121.76480562400002,41.05617307500006],[121.74432298400006,41.043401721000066],[121.72820214100011,41.04293998800006],[121.7262164550001,41.01411943800008],[121.71924873300009,40.99296164400005],[121.70527808400004,40.98235378900006],[121.67269736700007,40.98689314500007],[121.67468023300012,40.96770479200006],[121.68032044200004,40.95636600800003],[121.6955765780001,40.943310877000044],[121.71028061200002,40.934833955000045],[121.71835894700007,40.92328503600004],[121.67888666800002,40.92296980200007],[121.69047932700005,40.910225049000076],[121.71073263700009,40.90580953400007],[121.71407937300012,40.89556154300004],[121.70015464400001,40.89311011500007],[121.67437271600011,40.90160930500008],[121.66127394000011,40.90451903100006],[121.63343959000008,40.907742272000064],[121.61804001900009,40.89385882700003],[121.64236611800004,40.92023276000003],[121.66008405600007,40.957326383000066],[121.65028730100005,40.98968619200008],[121.66873875500005,41.016540199000076],[121.68930760500007,41.052752102000056],[121.60758252900007,41.06912491300005],[121.56449649100011,41.08066566600007],[121.54468346200008,41.11167457400006],[121.56732906900004,41.14184402700005],[121.57980871300003,41.17668820400007],[121.58748563100005,41.204598866000026],[121.61605688000009,41.24560910900004],[121.68061515800002,41.27325511300006],[121.72309008700006,41.297334842000055],[121.75619111300011,41.316312725000046],[121.80459693900002,41.32823736000006],[121.84637039800009,41.319066820000046],[121.89347264500009,41.32323716800005],[121.93344888500008,41.33918272300008],[122.00685430100009,41.372854748000066],[122.03555020800002,41.39340018000007],[122.06971299100007,41.40884021900007],[122.0976819120001,41.424823943000035],[122.12602140700005,41.443083407000074],[122.13544822400002,41.42374798900005],[122.16277698700003,41.39818240300008],[122.1870281780001,41.35438702700003],[122.19373390500004,41.319114641000056],[122.18494470700011,41.26676338500005],[122.16880750700011,41.20814236900003],[122.21352886500006,41.174058212000034],[122.29614212000001,41.17808683700008],[122.32171907200006,41.217348026000025],[122.34965761600006,41.23327684800006],[122.36984167500009,41.24066901100008],[122.42188386200007,41.249746952000066],[122.43430243600005,41.24859663500007],[122.44556990600006,41.24062403900007],[122.44747460400004,41.21502095000005],[122.44436819600003,41.19681792100005],[122.42223806800007,41.17805937900005],[122.3729886430001,41.147938776000046],[122.35862041500002,41.137698588000035],[122.36020026400001,41.10982403100007],[122.36989117400003,41.092755440000076],[122.38849681200008,41.09104664000006],[122.37841412300008,41.06886384500007],[122.36216185600006,41.04725819400005],[122.34901724300005,41.00687394800008],[122.33509063700001,40.998912363000045],[122.31381725100005,40.98469065200004],[122.31189076900012,40.97331395600003],[122.3057535150001,40.936918853000066]]]}},{"type":"Feature","properties":{"code":"CN021120","name":"Shenyang","label":"Shenyang · 沈阳市","type":"Prefecture-level city","parentCode":"CN-LN"},"geometry":{"type":"Polygon","coordinates":[[[123.50980803000004,42.97538701000008],[123.55623338500004,42.94573275600004],[123.53583976200002,42.88971449700006],[123.54303088500001,42.842584130000034],[123.56792089500004,42.78675200500004],[123.52612673100009,42.75374983300003],[123.52208771000005,42.698459987000035],[123.52998258200012,42.67216271400008],[123.58029531200009,42.64862239800004],[123.60615280000002,42.63213475800006],[123.62992619500005,42.58800950700004],[123.68102640100005,42.56898840400004],[123.71464951200005,42.52617837200006],[123.66724884000007,42.50814963000005],[123.61837610700002,42.50005214000004],[123.57349331300009,42.48686329600008],[123.55633006800008,42.45344093600005],[123.5422195760001,42.41320187100007],[123.52033264200008,42.38077991700004],[123.49660094700005,42.35783278400004],[123.49897663800004,42.32554674900007],[123.49346080400005,42.29412419500005],[123.47225557600007,42.264873640000076],[123.44343827000012,42.244338034000066],[123.41977666100001,42.218140351000045],[123.4224429730001,42.187230423000074],[123.4019712700001,42.163062291000074],[123.49362809600007,42.139571801000045],[123.52828929700001,42.126966578000065],[123.57400484700008,42.11406410600006],[123.61348181900007,42.10090520400007],[123.64367742700006,42.072052459000076],[123.65394525600004,42.042615831000035],[123.68829105900011,42.03185065000008],[123.70312813800001,42.00375424500004],[123.7149255810001,41.97599474900005],[123.7117468350001,41.94432923800008],[123.68363516200009,41.91125960800008],[123.67832970400002,41.88122778600007],[123.68122248300006,41.852143683000065],[123.68050990000006,41.82346487700005],[123.67615011900011,41.79193644500003],[123.67349388900004,41.75651735900004],[123.71860647500012,41.75427803700006],[123.76178331400001,41.73601180700007],[123.77528032000009,41.704810526000074],[123.76661979500011,41.66403679000007],[123.73840423100012,41.64261048900005],[123.72534542100004,41.61067193800005],[123.73808251700007,41.57863885300003],[123.7316013630001,41.55200231800006],[123.70080143200005,41.53271976100007],[123.69353906700007,41.50199756600006],[123.63718160300004,41.48045389600003],[123.60095112300007,41.47706221200008],[123.55560562700009,41.467713348000075],[123.51456301200005,41.46158404700003],[123.4743263360001,41.456279763000055],[123.43717934300003,41.45433829500007],[123.38798310400011,41.466211101000056],[123.34933775500008,41.48850445200003],[123.30618319900009,41.490420785000026],[123.26946617800002,41.49394049500006],[123.22072230800006,41.518209127000034],[123.18330915900003,41.51808229300008],[123.14158725700008,41.51145495900005],[123.10234437500003,41.52769958600004],[123.09209199000009,41.55798104400003],[123.06296347700004,41.619434428000034],[123.03767081600006,41.58484126700006],[123.01946788900011,41.55420174000005],[123.0024931800001,41.53037956700007],[122.98215812300009,41.52307494100006],[122.92363223200005,41.51480825400006],[122.90209286200002,41.50067419700008],[122.87570870100001,41.459234593000076],[122.8670503510001,41.446175795000045],[122.85257675100002,41.43599081200006],[122.83269679900002,41.430945275000056],[122.7812753390001,41.42656834700006],[122.77807687200004,41.40837231900008],[122.78188463000004,41.39413436700005],[122.77948187300001,41.38048502300006],[122.75919929500003,41.373149761000036],[122.69419214000004,41.36309378200008],[122.66797664900002,41.321621794000066],[122.63783312400005,41.257398016000025],[122.59966169600011,41.21936109400008],[122.59237255800008,41.25009869400003],[122.5796477350001,41.28596801200007],[122.58556622600008,41.32009286300007],[122.59574034000002,41.34226356800008],[122.6024558680001,41.38094598400005],[122.5695442120001,41.446450620000064],[122.5614285370001,41.47264020400007],[122.56458899500001,41.49085058700007],[122.5462859370001,41.49486196200007],[122.51984429200002,41.525068856000075],[122.47697426100001,41.53365809500008],[122.44345875800002,41.55987109300003],[122.45323116000009,41.57978117600004],[122.47745280200002,41.60992951000003],[122.5114923970001,41.659978728000056],[122.53070240800002,41.69753028800005],[122.53112863800004,41.732083318000036],[122.46985309100012,41.80492357000003],[122.43858822100003,41.844811580000055],[122.42684909500008,41.86902523500004],[122.43704427600005,41.89122611500005],[122.45312484100009,41.91057214800003],[122.4594164230001,41.92850445800008],[122.45317205000003,41.96609728200008],[122.44496403300002,42.01081532500007],[122.436354617,42.03474295400008],[122.41436406200012,42.055263996000065],[122.39984210400007,42.08204967000006],[122.39002034800001,42.099140728000066],[122.4594780320001,42.13400334000005],[122.50596208700006,42.15522321900005],[122.54589515500004,42.17431880700008],[122.59155125900008,42.19421419500003],[122.63299231500002,42.21452395100005],[122.67586703400002,42.23236406600006],[122.76056646200004,42.26208641800008],[122.79232066200007,42.27640366400004],[122.82752665300006,42.29918088900007],[122.84605472600003,42.32553303700007],[122.84791336800004,42.35872833700006],[122.82790741200006,42.38120986700005],[122.80243536400008,42.40101341600007],[122.78118722300007,42.42686711500005],[122.79971730300008,42.45648284600003],[122.83893226500004,42.47699904400008],[122.87411246900001,42.48910635400006],[122.91147222100005,42.506087138000055],[122.97427453600005,42.55240589300007],[122.92158465800003,42.56695343500007],[122.86605651400009,42.58225653400007],[122.83262023700001,42.59640244800005],[122.80046946700008,42.61085806700004],[122.77096329900007,42.63617338000006],[122.75367470600008,42.670434502000035],[122.78649575800011,42.71065761800003],[122.81028232000006,42.701409643000034],[122.82789718000004,42.723049143000026],[122.83498187100008,42.74835728700003],[122.88305354300007,42.75909477600004],[122.93243119200008,42.756253601000026],[122.99983830600002,42.74989448400004],[123.02733658200009,42.770580066000036],[123.0726878270001,42.77972203000007],[123.12531537300003,42.78097961900005],[123.16152021300002,42.79454115600004],[123.16055658300002,42.82958357200005],[123.12766299600003,42.86767992000006],[123.1289720210001,42.90161167600007],[123.15383022600008,42.941515665000054],[123.18205133800006,42.97137398700005],[123.20911941700001,42.99483080500005],[123.25820980100002,42.99010684600006],[123.30462433500009,42.99539523300007],[123.35791429400001,43.01302951300005],[123.40699653200011,43.00825371500008],[123.45161423000002,43.003896722000036],[123.48223873100005,42.997641103000035],[123.50980803000004,42.97538701000008]]]}},{"type":"Feature","properties":{"code":"CN021130","name":"Tieling","label":"Tieling · 铁岭市","type":"Prefecture-level city","parentCode":"CN-LN"},"geometry":{"type":"Polygon","coordinates":[[[124.82846557800008,43.12160376500003],[124.84382683700005,43.01730366000004],[124.83613200200011,42.93905611800005],[124.80704943400008,42.872119171000065],[124.7914176380001,42.81541051800008],[124.82618837100006,42.76046230600008],[124.94014284100001,42.75529204700007],[124.92653491300007,42.68491370500004],[124.94686553400004,42.63329843500003],[124.96202068100001,42.61637707300008],[125.00267024300001,42.602052255000046],[125.03440579500011,42.59754481600004],[125.0584004210001,42.59413903700005],[125.04948132600009,42.528657173000056],[125.04865692400006,42.442534919000025],[125.0663180890001,42.43353396800006],[125.04709307900009,42.40497013700008],[125.03177639500007,42.37749798100003],[125.00902687500002,42.34719980800003],[124.96339295400003,42.34615809300004],[124.93254432600008,42.370325130000026],[124.90109198700009,42.406182897000065],[124.87638700500008,42.42727933300006],[124.81419322400006,42.45653183500008],[124.8076649620001,42.41451048500005],[124.77283245500007,42.400031486000046],[124.73882532000005,42.37475130800004],[124.76704070300002,42.34676844000006],[124.74903485900006,42.317736515000036],[124.71890451700006,42.301765069000055],[124.66890897500002,42.28859879100003],[124.6281227500001,42.30129584400004],[124.59382968900002,42.32717597900006],[124.55029582700001,42.32111254900008],[124.53804368700003,42.283490726000025],[124.51727000800008,42.24965612200003],[124.48840721400006,42.22142061300008],[124.49878456800002,42.188136298000074],[124.50831997000012,42.15960649800007],[124.51610934400003,42.13173845400007],[124.51914375400008,42.10489447600003],[124.49594097700003,42.07089774800005],[124.44768359900002,42.04725041800003],[124.3694857910001,42.02520653200003],[124.31916439700001,42.00919680800007],[124.28760337800009,41.99101415800004],[124.2523974390001,42.00017932900005],[124.23320874700005,42.03025228900003],[124.18456319300003,42.03118664700003],[124.13885803200003,42.04058658300005],[124.09397199500006,42.054066661000036],[124.01416481700005,42.04176610900004],[123.98762222100004,42.01737858600006],[123.96310163500004,41.99693421300003],[123.92724876500006,41.98148117000005],[123.86868966600002,42.00988415200004],[123.81755072500005,42.00447051900005],[123.7856827820001,41.98713961200008],[123.7584952420001,41.96836608000007],[123.7149255810001,41.97599474900005],[123.70312813800001,42.00375424500004],[123.68829105900011,42.03185065000008],[123.65394525600004,42.042615831000035],[123.64367742700006,42.072052459000076],[123.61348181900007,42.10090520400007],[123.57400484700008,42.11406410600006],[123.52828929700001,42.126966578000065],[123.49362809600007,42.139571801000045],[123.4019712700001,42.163062291000074],[123.4224429730001,42.187230423000074],[123.41977666100001,42.218140351000045],[123.44343827000012,42.244338034000066],[123.47225557600007,42.264873640000076],[123.49346080400005,42.29412419500005],[123.49897663800004,42.32554674900007],[123.49660094700005,42.35783278400004],[123.52033264200008,42.38077991700004],[123.5422195760001,42.41320187100007],[123.55633006800008,42.45344093600005],[123.57349331300009,42.48686329600008],[123.61837610700002,42.50005214000004],[123.66724884000007,42.50814963000005],[123.71464951200005,42.52617837200006],[123.68102640100005,42.56898840400004],[123.62992619500005,42.58800950700004],[123.60615280000002,42.63213475800006],[123.58029531200009,42.64862239800004],[123.52998258200012,42.67216271400008],[123.52208771000005,42.698459987000035],[123.52612673100009,42.75374983300003],[123.56792089500004,42.78675200500004],[123.54303088500001,42.842584130000034],[123.53583976200002,42.88971449700006],[123.55623338500004,42.94573275600004],[123.50980803000004,42.97538701000008],[123.5173137810001,42.990936290000036],[123.53436195300003,43.00881283600006],[123.55874636100009,43.06505577100006],[123.57825918600008,43.095719521000035],[123.59006845300007,43.133655737000026],[123.62550709100003,43.175790274000065],[123.6265695730001,43.20502419500008],[123.61096855500011,43.24242321100007],[123.64214646100004,43.26216322100004],[123.64460959300004,43.27496006600006],[123.63224651500002,43.30552774000006],[123.67766097900005,43.304293089000055],[123.68709170700004,43.329443146000074],[123.66052100700006,43.38099294300008],[123.65263709300007,43.411120751000055],[123.6679508950001,43.41939154900007],[123.7044573710001,43.41903591400006],[123.71378882900001,43.467040421000036],[123.73098983600005,43.484907099000054],[123.76742013900002,43.47734096200003],[123.82434090000004,43.465385800000035],[123.83952165900007,43.41447449700007],[123.85117112800003,43.358538818000056],[123.92601279100006,43.32946827300003],[123.969222091,43.29996679200008],[124.04166939600009,43.26568369200004],[124.10190246600007,43.27122848300007],[124.14959409700009,43.23941251400004],[124.178538677,43.21477297200005],[124.17959818700001,43.21387785700006],[124.21075968100001,43.18732255600003],[124.26354117200003,43.18727490900005],[124.29013091100012,43.138712241000064],[124.3673425180001,43.06153675100006],[124.39705940600004,43.07190432300007],[124.37578301200006,43.02293855000005],[124.3123501340001,43.00080726200008],[124.29711785800009,42.95659849000003],[124.36298602000011,42.94166007000007],[124.39539244100001,42.92886706300004],[124.40008764000004,42.92700945200005],[124.40340888100002,42.88805535100005],[124.36276723500009,42.88512209900006],[124.3798026180001,42.86097246800006],[124.38122127800011,42.85895588400007],[124.4236672620001,42.84013920000007],[124.42746081300004,42.84022058200003],[124.48775892000003,42.84147894700004],[124.54163397800005,42.91481724600004],[124.60189234400002,42.957827902000076],[124.67081069200003,43.042132482000056],[124.7219068060001,43.08250347400008],[124.79839387800007,43.12374545900008],[124.82846557800008,43.12160376500003]]]}},{"type":"Feature","properties":{"code":"CN021140","name":"Yingkou","label":"Yingkou · 营口市","type":"Prefecture-level city","parentCode":"CN-LN"},"geometry":{"type":"Polygon","coordinates":[[[122.88198046900004,40.17241074200007],[122.84155840200003,40.13482878900004],[122.81955124100011,40.10620484000003],[122.78861225900005,40.07806592700007],[122.75307365800006,40.06752756000003],[122.70618254200008,40.05725202900004],[122.65154933500003,40.047316282000054],[122.57998988400004,40.04330691900003],[122.51820969000005,40.02667656300008],[122.5065435030001,40.019917097000075],[122.5099184280001,39.98497415500003],[122.47246759300003,39.946949466000035],[122.47776204700006,39.90490318500008],[122.44393024700003,39.91799667500004],[122.40603495800008,39.92748739000007],[122.367862693,39.93884760800006],[122.32029126100008,39.94791718700003],[122.27250571700006,39.931597786000054],[122.22971025700008,39.94061111600007],[122.21072557600007,39.99233346200003],[122.15242909100004,39.98961819500005],[122.13040640700001,40.011716351000075],[122.09576960200002,40.02309190100004],[122.058363342,40.021797898000045],[122.01586484200004,40.02239926500005],[121.97353979800005,40.03450398100006],[121.9526766030001,40.063845323000066],[121.94138588900012,40.09108322900005],[121.9525543090001,40.10206988400006],[121.96027482800002,40.10284586500006],[121.9699696780001,40.109122470000045],[121.9836262870001,40.11041577100008],[121.996962026,40.11399445100005],[122.00148694400002,40.116859359000046],[122.00430928800006,40.11864378800004],[122.00836272400011,40.14086892900008],[122.00750816300001,40.15503631000007],[122.00433220700006,40.166433734000066],[122.00095325300003,40.17165605300005],[121.99411676300008,40.17067052400006],[121.99167749800006,40.17384320600007],[121.99487964700006,40.17799486700005],[122.00231858600011,40.17807344800008],[122.0162567750001,40.18165540200005],[122.04061995600011,40.18534213000004],[122.0585624680001,40.19833408000005],[122.08010985300007,40.21021280900004],[122.1009893050001,40.22642982700006],[122.10363156900007,40.22973675000003],[122.10595623800009,40.23265077100007],[122.10938103100011,40.24183157500005],[122.1143250450001,40.24851090400006],[122.1159523120001,40.25904394400004],[122.11517960600008,40.26932814700007],[122.11183994100008,40.27295593900004],[122.1061330440001,40.275185657000065],[122.10394916500002,40.28065353900007],[122.10619197900007,40.28982124600003],[122.11055646200009,40.29580972300005],[122.12481552000008,40.300062884000056],[122.14695880700003,40.31468210200006],[122.15792731300007,40.31935763300004],[122.16316927700007,40.327641311000036],[122.16546775200004,40.333610143000044],[122.18357069900003,40.34040734200005],[122.1853027410001,40.34476855200006],[122.19322953300002,40.35307187500007],[122.2049347300001,40.369871697000065],[122.20947274500008,40.385234155000035],[122.20532108300006,40.40235157300003],[122.20790113800001,40.409918205000054],[122.21465904800004,40.417527402000076],[122.21980278600006,40.41322840200007],[122.23561708000011,40.41564802200003],[122.24182820200008,40.420277714000065],[122.25319615800004,40.439814752000075],[122.25820892900003,40.44511892600008],[122.2689122270001,40.450007278000044],[122.28031947400007,40.46793996700006],[122.28025071600007,40.473201576000065],[122.28514234200009,40.48696623300003],[122.2829584640001,40.493121693000035],[122.26860118000002,40.51382106600005],[122.24886441700005,40.53309616900003],[122.21888601500007,40.55342555900006],[122.18200564000006,40.57414130300003],[122.16020286900005,40.58858044100003],[122.14895605700008,40.598311307000074],[122.14466033200006,40.604221204000055],[122.14243388900002,40.61220693100006],[122.1432262400001,40.61838858500005],[122.14807857700009,40.62378443500006],[122.16288769700009,40.64556428700007],[122.16512396300004,40.65633634300008],[122.16436762700005,40.66571032300004],[122.15812703800009,40.68074863700008],[122.1437304640001,40.679697625000074],[122.13596410700006,40.677107747000036],[122.11762869300003,40.67853529000007],[122.11256472600007,40.68169480300003],[122.11412112000005,40.691092146000074],[122.1746689250001,40.67866635000007],[122.2062471270001,40.68040657900008],[122.2270430000001,40.69236237300004],[122.22855084100001,40.701461460000075],[122.20463729900007,40.70826329400006],[122.19268073,40.71166023600006],[122.16145109700005,40.712195191000035],[122.14986669400002,40.71786557000007],[122.13903848400003,40.72808433100005],[122.09493891900001,40.76440211800008],[122.07474615300009,40.793932408000046],[122.13045140300005,40.86511277900007],[122.14673009600006,40.849778041000036],[122.17611838300002,40.83787395100006],[122.19921941100006,40.863492250000036],[122.23630904800007,40.86010767400006],[122.27838681900005,40.886294786000065],[122.25861158800001,40.918134387000066],[122.25395487000003,40.927794971000026],[122.26128485800007,40.93405738400003],[122.3057535150001,40.936918853000066],[122.32794621900007,40.886229324000055],[122.3753845540001,40.890153756000075],[122.42098763500007,40.90074108600004],[122.44737773200006,40.874895912000056],[122.44492675000004,40.847408890000054],[122.45902038300005,40.80711327900008],[122.48051192000003,40.78130505400003],[122.50581257100009,40.75648956800006],[122.53062313700002,40.73588385000005],[122.56694869800003,40.718691576000026],[122.60480391900012,40.720295787000055],[122.64498744200012,40.71794588000006],[122.64357272400002,40.68988077900008],[122.63524473100006,40.65699239700007],[122.64033486200003,40.621314461000054],[122.63930545300002,40.58858692200005],[122.68164939000008,40.555006441000046],[122.72855524300007,40.533417075000045],[122.76904669200007,40.51664662300004],[122.8215219010001,40.50275177900005],[122.87241687300002,40.50010506900003],[122.9145686390001,40.50254094500008],[122.95745619000002,40.48267662400008],[122.98763669200002,40.46277598100005],[122.97650668900008,40.41864359400006],[122.95476441500011,40.39230333000006],[122.9198787680001,40.383096298000055],[122.92364312400002,40.34754034300005],[122.90788187700002,40.31084031200004],[122.86362393800005,40.304554765000034],[122.85727831500003,40.26122940300007],[122.85271782100006,40.22287579300007],[122.85924125300005,40.19582011800003],[122.88198046900004,40.17241074200007]]]}}]}
