{"type":"FeatureCollection","name":"admin2_chn_cn-nm","adm0A3":"CHN","parentCode":"CN-NM","parentName":"Inner Mongolia","bbox":[97.17141844400004,37.418109378000054,125.98732738300009,53.31739945500004],"features":[{"type":"Feature","properties":{"code":"CN015010","name":"Alxa League","label":"Alxa League · 阿拉善盟","type":"League","parentCode":"CN-NM"},"geometry":{"type":"Polygon","coordinates":[[[105.26300642600006,41.73540965500007],[105.24849988300008,41.70333033000003],[105.25125480000008,41.65558662900003],[105.25195154200009,41.619763499000044],[105.24893487700007,41.587124258000074],[105.24827046000007,41.55817651500007],[105.24220568900006,41.52642788400004],[105.23307651600004,41.496481534000054],[105.21856379200005,41.46188711800005],[105.20466705100006,41.42868075300004],[105.19919535900004,41.398770642000045],[105.20340635900004,41.37034730500005],[105.23278981600004,41.32473670200005],[105.25588693900005,41.289614749000066],[105.27285582400003,41.25764576200004],[105.28667397900006,41.23069560600004],[105.29530603200004,41.18991660900008],[105.29584497000008,41.16100914300006],[105.29716812600009,41.12246037400007],[105.29594933100009,41.090314410000076],[105.29343910300008,41.06320767200003],[105.28734959500008,41.03377771900006],[105.28493446000004,41.00162005400006],[105.29073183000008,40.94982404500007],[105.30398219900007,40.918284311000036],[105.31841340500006,40.88675463100003],[105.33151387300006,40.861648407000075],[105.35309797200006,40.832936002000054],[105.38828079000007,40.81720638100006],[105.44860282900004,40.808567270000026],[105.49496935400003,40.80575121000004],[105.54474786700007,40.81624304300004],[105.58491799400008,40.82619489800004],[105.64020136800008,40.83165212400007],[105.68773024900008,40.833820831000025],[105.73169627700008,40.830913158000044],[105.77091174200007,40.82335243500006],[105.80663750700006,40.804763414000035],[105.83510142400007,40.78749859200008],[105.86544438600004,40.76289248300003],[105.89693679800007,40.74058505700003],[105.96563173700008,40.722576823000054],[106.00960339300008,40.71223764600006],[106.04869510400005,40.706900880000035],[106.08771130600007,40.711189973000046],[106.13456909400008,40.71365764900003],[106.18564336300005,40.71290849700006],[106.22368212300006,40.71997991600006],[106.27415295900005,40.677848107000045],[106.30491063900007,40.649476363000076],[106.32901247000007,40.626590288000045],[106.35916296900007,40.59455028100007],[106.39224469300007,40.56524641000004],[106.44270536400006,40.537799138000025],[106.47214361600004,40.51122713900003],[106.49136129500005,40.48785801100007],[106.50520779500005,40.453477012000064],[106.51303747500003,40.42596639000004],[106.52329910800006,40.38652796700006],[106.54545166300005,40.36132631800007],[106.57657976700006,40.337023514000066],[106.60649753000007,40.29988842700004],[106.64294516000007,40.28384270000004],[106.67996483000007,40.25676963800004],[106.72771741700006,40.233810696000035],[106.76767300000006,40.214054496000074],[106.83978235300003,40.152185200000076],[106.75978340800003,40.09193779100008],[106.71233234800007,40.044734911000035],[106.70491664500008,40.02613339100003],[106.71853702800007,39.99883774600005],[106.72501291800006,39.946799148000025],[106.67782328000004,39.89651649000007],[106.70899314400003,39.845101455000076],[106.72498278900008,39.79793795100005],[106.73272458600007,39.77508086600005],[106.73136630700009,39.71365772000007],[106.76586226900008,39.677658489000066],[106.73481134800005,39.63700850500004],[106.71649863700009,39.58745434900004],[106.70601209200004,39.54729851400003],[106.69837091000005,39.53483171700003],[106.63310756600004,39.52706663500004],[106.59243213400003,39.519890548000035],[106.58100080300005,39.50118513800004],[106.58667039900007,39.46757243400003],[106.60009017800007,39.44336429400005],[106.62520482800005,39.431725037000035],[106.67048379800008,39.42672517700004],[106.70743199900005,39.42457594900003],[106.71588655000005,39.41864604500006],[106.71672222200004,39.40025135800005],[106.72543988700005,39.38819360300005],[106.73423082900007,39.38000075700006],[106.63734402400007,39.364844230000074],[106.53542093100003,39.348821128000054],[106.46538809300006,39.27478647400005],[106.35533787700007,39.287266042000056],[106.28059810100007,39.253338161000045],[106.26918390900005,39.122559832000036],[106.22016343200005,39.12778859600007],[106.08471598300008,39.030590532000076],[106.07176093500004,38.95583884800004],[105.99143856900008,38.90662700100006],[105.95388959400009,38.883585534000076],[105.92993828900006,38.82117566900007],[105.89977804100005,38.70119443100003],[105.89504676500007,38.689065725000034],[105.86178478300008,38.60348549300005],[105.85850382700005,38.53161096500003],[105.85683075600008,38.44810247400005],[105.84492971200007,38.41285379400006],[105.83548515600006,38.38483486300004],[105.85883102500009,38.32966116600005],[105.80125593400004,38.26324678000003],[105.75409827900006,38.16055685500004],[105.79129164700004,38.11286738600006],[105.85242603600005,38.05399801400006],[105.87159263900008,37.980794659000026],[105.86910388600006,37.91971993900006],[105.82156561400006,37.85499108300007],[105.80418975100008,37.83133183600006],[105.69799618500008,37.78151262800003],[105.61015202400006,37.77598689900003],[105.63054343300007,37.70554204300004],[105.61906950200006,37.70338200200007],[105.53856952400008,37.688210928000046],[105.44118564100006,37.71596869800004],[105.41630276800004,37.723050776000036],[105.29078544500004,37.69486213000005],[105.13104643900004,37.62258176300003],[105.07027454400009,37.59405400800006],[104.96356675700008,37.54719075100007],[104.89324327300005,37.524595360000035],[104.77598710300003,37.52844636400005],[104.62114952200005,37.556207234000055],[104.53332892600008,37.512237302000074],[104.44695323500008,37.507758068000044],[104.39014284800004,37.455679373000066],[104.28916221200006,37.48294980800006],[104.22649195600007,37.41893224700004],[104.20164428600003,37.418109378000054],[104.10435363300007,37.441765875000044],[104.04222544800007,37.482734348000065],[103.98019777600007,37.52098609600006],[103.92140634500004,37.56291897800003],[103.85635253000004,37.591128232000074],[103.83265700000004,37.62307130900007],[103.80636834300009,37.658474786000056],[103.77390690600004,37.70758961200005],[103.71255588000008,37.74844318600003],[103.56870246600005,37.791547715000036],[103.42025679300008,37.83072253600005],[103.41899694000006,37.83497372200003],[103.36813909600005,38.00564060600004],[103.37557520900003,38.053701069000056],[103.37709291100003,38.063487449000036],[103.43073192500003,38.10691664500007],[103.53315552400005,38.11086643300007],[103.53741465400009,38.24038509500008],[103.50567625900004,38.32451468700003],[103.42430807000005,38.388752606000025],[103.55627284300004,38.45221606400003],[103.68878073400003,38.51106650400004],[103.80606516700004,38.56922551800005],[103.89639664300006,38.60567345000004],[103.97419864800008,38.74941524700006],[104.02293067700003,38.84720361900003],[104.09379718000008,38.87745153800006],[104.17973941000008,38.93599883200005],[104.20707059900008,39.07350761200007],[104.07927529000006,39.273159140000075],[104.09598873700008,39.39232352500005],[104.09353103100005,39.39828473800003],[103.84205223200007,39.43934349800003],[103.66845942000003,39.39446827900008],[103.51371932700005,39.35725708700005],[103.37437520900005,39.29080490200005],[103.28033713400004,39.21431778300007],[103.18081591700007,39.16629803500007],[103.03002807300004,39.085513278000064],[102.90139949800005,39.093592528000045],[102.75416402600007,39.12501455100005],[102.63929879000005,39.15411698500003],[102.52440484700008,39.22628694600007],[102.33853089400009,39.18445940000004],[102.17918827000005,39.142739110000036],[102.08801086000005,39.10325987600004],[101.86080968400006,39.113582594000036],[101.98921225000004,38.98418518200003],[102.09856854800006,38.87354012800006],[102.01269816000007,38.805469526000024],[101.94965878900007,38.769381312000064],[101.90210634500005,38.704545222000036],[101.88623873800009,38.64990053400004],[101.86004743100005,38.64002509000005],[101.80001734400008,38.64041593200005],[101.76525870300009,38.65887642800004],[101.73868615100008,38.67290615200005],[101.64403606500008,38.641000218000045],[101.56843316300007,38.69727354400004],[101.53905203700003,38.71911138300004],[101.46553658300007,38.72777909500007],[101.34044597500008,38.75296950500007],[101.33403335500009,38.75996115300006],[101.33055199300009,38.78223267100003],[101.34511616200007,38.802868654000065],[101.33752408700008,38.830300743000066],[101.30112742500006,38.84795248900008],[101.26518387900006,38.86112439800007],[101.25957811500007,38.880576752000024],[101.27533018500009,38.90129146700008],[101.26633555900008,38.93044132600005],[101.24726336000003,38.93020910700005],[101.23795282000003,38.92786293200004],[101.21966296300008,38.94296779300004],[101.22893532500007,38.95701028700006],[101.25447284500007,38.97560882300007],[101.26548593100006,38.99603651700005],[101.25634487900004,39.00359421400003],[101.21770100400005,38.99591907200005],[101.17174086900008,38.96710226300007],[101.12944597600006,38.94928521600008],[101.07404539300006,38.94235338400006],[100.99861734800004,38.93919360700005],[100.97957036600008,38.934772757000076],[100.95702506700007,39.014486559000034],[100.85882521400003,38.96920739700005],[100.85876062800008,38.973874711000065],[100.85776905000006,39.048360874000025],[100.91741747400005,39.08512012400007],[100.87571656900008,39.15202541800005],[100.89532996200006,39.355713973000036],[100.54855192600007,39.36869017600003],[100.53072820500006,39.369330888000036],[100.54077053300006,39.453700053000034],[100.33909341700007,39.523368858000026],[100.33665465700005,39.631318846000056],[100.28102569500004,39.69635029800003],[100.14784090400008,39.71192507400008],[100.13035955700008,39.713962121000066],[99.79358889700006,39.840998737000064],[99.48933730500005,39.85225660800006],[99.54272473900005,39.89767469000003],[99.55844381100007,39.91103347500007],[99.59985744500005,40.00849236800008],[99.70963395100006,40.06447620200004],[99.98884170600007,40.200711487000035],[100.00192007300006,40.267055062000054],[100.01784688900005,40.34772026500008],[100.10203832400003,40.420658238000044],[100.23388717200004,40.55870728600007],[100.26875037000008,40.66004597400007],[100.18773647700004,40.81018116800004],[100.08025840800008,40.87927476200008],[99.97047570700005,40.88318506600007],[99.68220510000003,40.91965596600005],[99.59875732400008,40.829325710000035],[99.20553782900004,40.84062894200008],[98.88045813600007,40.72654718500007],[98.65779055300004,40.51533825900003],[98.28614249300006,40.520904708000046],[98.28881247900006,40.52747794600003],[98.40279869200003,40.80709472500007],[98.38203494300006,40.90221754300006],[98.24463076000006,40.92595242400006],[97.99826737300003,41.06897010200004],[97.61290977500005,41.48122546900004],[97.74594712900006,41.566552957000056],[97.85628111900007,41.64313388700003],[97.66427245700004,41.97290114300006],[97.41892455600004,42.359127648000026],[97.17141844400004,42.793518540000036],[97.18892959500005,42.79671502000008],[97.71767538800003,42.721608391000075],[97.98424663500003,42.67656117300004],[98.23889929400008,42.63662979900005],[98.62826854800005,42.61150190500007],[99.12088477800006,42.57657594400007],[99.43713759700006,42.553179689000046],[99.54251009300003,42.55611309900007],[99.60682284100005,42.563915294000026],[99.69330980400008,42.583385177000025],[99.82223017700005,42.61425341300003],[99.96081966600008,42.623037312000065],[100.05325215100004,42.63729469400005],[100.26576932200004,42.623193455000035],[100.34230043200006,42.66963059200003],[100.51713991400004,42.67232978200008],[100.61847558700003,42.65962777300007],[100.72181526100007,42.66875211200005],[100.81342436800008,42.67154385200007],[100.86493956000004,42.66333799700004],[100.96800607600005,42.63690688500003],[101.33115617300007,42.56438697700003],[101.39593334200003,42.54962447100007],[101.55983391100006,42.525843827000074],[101.58072404400008,42.52426808700005],[101.58555526900005,42.523287940000046],[101.76098482000003,42.50961810600006],[101.80708955700004,42.497819399000036],[102.00236978000004,42.301547904000074],[102.02581451300006,42.27352501100006],[102.07421071100003,42.223990822000076],[102.10210100900008,42.19944392300005],[102.15262253000009,42.184401981000065],[102.18593269800004,42.188216315000034],[102.23331774700006,42.178389080000045],[102.30426298300006,42.14823057600006],[102.36752578400007,42.14110542100008],[102.41508794200007,42.140271659000064],[102.45416348500004,42.13712611600005],[102.49145325800004,42.12752658000005],[102.52275414300004,42.149232933000064],[102.56654491500007,42.137275016000046],[102.63518935200005,42.13757224600005],[102.72105267200004,42.12885475500008],[102.78953002900005,42.10736560600003],[102.83698623100008,42.08377936200003],[102.85009645300005,42.07797339500007],[102.90767992100007,42.05241606000004],[102.99629397800004,42.02305850500005],[103.00841969200007,42.01903449500003],[103.06317561200007,41.99577440300004],[103.17647463800006,41.94759331000006],[103.20743137200009,41.94922518900006],[103.26092308100004,41.92492922300005],[103.36850485700006,41.86907935900007],[103.39659393600004,41.86464549800007],[103.42029378800004,41.860901881000075],[103.59328656800005,41.81996305800004],[103.64288329700008,41.80798025400003],[103.86752726000009,41.769264831000044],[104.02760569400004,41.76962630200006],[104.08573838800004,41.78587476000007],[104.15780150400008,41.79913026000003],[104.24165710300008,41.805651401000034],[104.35329137700006,41.835928108000076],[104.45138140900008,41.85106883200007],[104.51686991400004,41.853246625000054],[104.51790677200006,41.66764922600004],[104.54493336800004,41.66307214100004],[104.54578191800005,41.62591073800007],[104.80984605500004,41.621682400000054],[104.87667235000004,41.637944452000056],[104.92885978000004,41.635544277000065],[104.96581616400005,41.607107617000054],[104.98484261500005,41.586468755000055],[104.98883568400004,41.589394893000076],[104.99462199500005,41.58494252600008],[105.00017889600008,41.56080761800007],[105.03964246100008,41.57860790500007],[105.05212743700008,41.59353575100005],[105.14068046300008,41.66735046400004],[105.17322958500006,41.67942768800003],[105.26300642600006,41.73540965500007]]]}},{"type":"Feature","properties":{"code":"CN015020","name":"Baotou","label":"Baotou · 包头市","type":"Prefecture-level city","parentCode":"CN-NM"},"geometry":{"type":"Polygon","coordinates":[[[111.38669786100007,41.34670268800005],[111.37981157300004,41.29684073800007],[111.32430281900008,41.29188412500008],[111.29133784300006,41.278782388000025],[111.24097604100007,41.24926112700007],[111.20207436300007,41.228057482000054],[111.16108102000004,41.24092660700006],[111.12661854200007,41.271495069000025],[111.08929674600006,41.285597058000064],[111.04741489800006,41.29478777000003],[111.01174055200005,41.30652006100007],[110.98385387600007,41.32671727700006],[110.94428980700008,41.32431383800008],[110.91310110000006,41.309680412000034],[110.87562170000007,41.301206594000064],[110.84116611500008,41.31331577200007],[110.81823712700009,41.33654523100006],[110.79594025500006,41.360206437000045],[110.74723264700003,41.36813574700005],[110.70860926900008,41.36103538800006],[110.66970902600008,41.33784181200008],[110.62687312800006,41.319819825000025],[110.57933444700006,41.30421656100003],[110.53393860400007,41.30553949700004],[110.46147922200004,41.28784989900004],[110.47146033300004,41.25862811600007],[110.51264469900008,41.23539405300005],[110.55756038000004,41.21480425300007],[110.58175372800008,41.192047030000026],[110.59512029200005,41.15949458600005],[110.59978877800006,41.12306989900003],[110.61769939000004,41.096358707000036],[110.64193788800009,41.06440060800003],[110.64384428400007,41.03311340600004],[110.63247045200006,41.00175920800007],[110.61590460300005,40.97469579300008],[110.60146118700004,40.94205782600005],[110.59743847900006,40.912322492000044],[110.64068632300007,40.92022400400003],[110.68249006200006,40.923565634000056],[110.69714989000005,40.883631716000025],[110.69686579300009,40.85699952300007],[110.69164651900007,40.82776780100005],[110.71674301100006,40.770069496000076],[110.74648003300007,40.731506394000064],[110.75940018100005,40.704475408000064],[110.74942530700008,40.676775157000066],[110.74282894200007,40.64484026900004],[110.76682423600005,40.61196032200007],[110.79646103500005,40.59451435700004],[110.81202172700006,40.56189138000008],[110.81765081500004,40.534169408000025],[110.83903391400008,40.50962906700005],[110.88699023300006,40.48837585200005],[110.93424607200006,40.47629782400003],[110.98196089800007,40.46190635700003],[111.02420583800006,40.436649260000024],[111.08659835000009,40.41805487500005],[111.06778986100005,40.38425173400003],[111.07844319400004,40.33248799100005],[111.05795710400008,40.31021441300004],[111.02873548800005,40.28315083700005],[110.96211356600008,40.25296160800008],[110.88724224800006,40.21972918600005],[110.87487382900008,40.22287989500006],[110.87110698000004,40.256665518000034],[110.85488491500007,40.28746632900004],[110.83838458100007,40.29371279800006],[110.81344622300008,40.284658378000074],[110.78839542100008,40.26332974500008],[110.76347229800007,40.25427072400004],[110.74294720000006,40.272803432000046],[110.70160811400007,40.279172052000035],[110.69789810700007,40.328301303000046],[110.67726577000008,40.33761787700007],[110.61078382400007,40.313392030000045],[110.56943479000006,40.32279212800006],[110.47044799300005,40.39993012900004],[110.39990849700007,40.39096122600006],[110.35034597600009,40.440220992000036],[110.29644046100009,40.44956737500007],[110.27578411700006,40.480308756000056],[110.23009863500005,40.47119715100007],[110.21359829100004,40.51727627100007],[110.13472113200004,40.55115933500008],[110.13465431400004,40.49896757800008],[110.11389657200004,40.492853471000046],[110.08482977600005,40.502083854000034],[110.03083935900008,40.532815362000065],[110.00591453000004,40.53589519600007],[109.93120021600004,40.495979359000046],[109.90213282500008,40.495961204000025],[109.88546610100008,40.52051403100006],[109.86882633800008,40.52971055800003],[109.77756828100007,40.492767392000076],[109.71543377900008,40.461955819000025],[109.67811170600004,40.45573647800006],[109.66142920000004,40.47105170100008],[109.65301651000004,40.49252186900003],[109.63631878700005,40.507830126000044],[109.60302101100007,40.52001829900007],[109.57391322500007,40.52300176500006],[109.44940885300008,40.51029459000006],[109.42025063400007,40.51938558100005],[109.38703075000006,40.51923865100008],[109.38874706900003,40.52674214600006],[109.39286947500005,40.556478869000046],[109.40878286200007,40.58093139600004],[109.44247984200007,40.61509906900005],[109.41762950000009,40.64040586600004],[109.40907464600008,40.66857319800005],[109.42564583300003,40.70953420500007],[109.46252972500008,40.73079179400003],[109.50569855000003,40.743178089000025],[109.55649819700005,40.750344608000034],[109.61113733800005,40.748224513000025],[109.65567878300004,40.74906539300008],[109.69477303100007,40.74908740200004],[109.73962881000006,40.75723947900008],[109.77056252500006,40.77763666200008],[109.81319827300007,40.78948122000003],[109.85042895200007,40.815218594000044],[109.87485491500007,40.83666299200007],[109.87204198100005,40.868408902000056],[109.84926007800004,40.89879595900004],[109.81926263000008,40.92935349900006],[109.79569875600004,40.95608276000007],[109.77556638200008,40.97905310600004],[109.73500512100009,41.00432907000004],[109.70436232800006,41.022025549000034],[109.66903076600005,41.04348816900006],[109.65930257000008,41.07125649200003],[109.67495405100004,41.098911900000076],[109.68675819800006,41.13584041200005],[109.65539279600006,41.181552615000044],[109.63039786200005,41.20645043900004],[109.61452218300008,41.23252152500004],[109.62589976000004,41.25936574600007],[109.66016096800007,41.28202040200006],[109.67183831900007,41.315289163000045],[109.65829940400005,41.35417828900006],[109.64510030300005,41.38708552700007],[109.63463427400006,41.413045606000026],[109.63962101100009,41.45728976200007],[109.59302029600008,41.479195479000055],[109.55448756500004,41.472683922000044],[109.50865901400005,41.481478054000036],[109.46350715100004,41.49207692900006],[109.42167153500009,41.50994471400003],[109.40989497500004,41.53591347500003],[109.40917925600007,41.56487276100006],[109.40444303200007,41.60035133200006],[109.38562811800006,41.633811155000046],[109.36382499100006,41.669180965000066],[109.35053993100007,41.70482382400007],[109.31789327000007,41.76154530600007],[109.29697939100004,41.789988566000034],[109.27307722600005,41.82033485900007],[109.28180164200006,41.85876607600005],[109.31268460600006,41.884814120000044],[109.33379996200006,41.91059739800005],[109.34180367400006,41.94491891500007],[109.34950376800003,41.98751821600007],[109.34818501300003,42.01743479400005],[109.36968207700005,42.051937355000064],[109.39749932000007,42.090915575000054],[109.43249021600008,42.12469237600004],[109.45195816600005,42.15234167300008],[109.46790304600006,42.18374377300006],[109.48117823400008,42.209220395000045],[109.49043271900007,42.24168559100008],[109.48296173600005,42.28553424000006],[109.46468596500006,42.320867941000074],[109.43206714800004,42.35144426200003],[109.38146477500004,42.39479316100005],[109.35467956600007,42.428692409000064],[109.35827454400004,42.43026694800005],[109.42325683000007,42.43164623700005],[109.46048372900009,42.45084623900004],[109.47336044800005,42.457831759000044],[109.48753942900004,42.459765256000026],[109.51300091300004,42.46670929700008],[109.53036101500004,42.463237277000076],[109.67734322000007,42.55466715100005],[109.76877309400004,42.58012863600004],[109.85909649000007,42.61409023200008],[109.94795583400008,42.627447905000054],[109.99185128100004,42.62488429700005],[110.02695288900009,42.62408192000004],[110.05073737600009,42.62684737200004],[110.07211515900008,42.63823530900004],[110.11134579000009,42.63915298500007],[110.13847358600009,42.673584420000054],[110.15024307800007,42.679854024000065],[110.27158248500007,42.71442164600006],[110.29863043400007,42.721107224000036],[110.30445292600007,42.72378589900006],[110.34049914700006,42.73405488100008],[110.34585955300008,42.73660107400008],[110.39701310200007,42.695132595000075],[110.42879936000008,42.67676075600008],[110.45248161000006,42.64571722100004],[110.48461575100004,42.611669721000055],[110.53075458300009,42.58597208400005],[110.56784736800006,42.55360719300006],[110.60561710900004,42.522589692000054],[110.64011159800003,42.49995295300005],[110.67220483200003,42.47875898900003],[110.70429900100004,42.446960782000076],[110.71828706900004,42.40052097600005],[110.73403617600007,42.35264001000007],[110.73732019900007,42.32401399100007],[110.74372071800008,42.28562522300007],[110.75541135600008,42.25351987200003],[110.77970967300007,42.195270152000035],[110.79393563500008,42.165387913000075],[110.80586590400009,42.13833714000003],[110.82134104400006,42.10888204100007],[110.83872705300007,42.081207085000074],[110.85470616400005,42.05035008100003],[110.86820891200006,42.019566422000025],[110.88305848400006,41.991049805000046],[110.90727759800006,41.95533198500004],[110.92964447800006,41.93025287900008],[110.94684139700007,41.90073202800005],[110.96573174000008,41.868856135000044],[110.98300343000005,41.84116900300006],[111.00275826200004,41.81432704200006],[111.02494363600005,41.78739810700006],[111.04536787800004,41.761903861000064],[111.06716138000007,41.73912382100008],[111.09898537600009,41.72106608300004],[111.13324004300006,41.69326939600006],[111.17047416700007,41.67455140700008],[111.21206501400007,41.65752248700005],[111.26577849100005,41.639609061000044],[111.30747406000006,41.634495849000075],[111.34285606300006,41.60706358900006],[111.37620592300004,41.57692590800008],[111.39339958100004,41.55149866000005],[111.40392615000007,41.51710906000005],[111.40192362800008,41.47717731100005],[111.39509013000009,41.437883303000035],[111.38505142800005,41.40513595300007],[111.37644229900008,41.37556170700003],[111.38669786100007,41.34670268800005]]]}},{"type":"Feature","properties":{"code":"CN015030","name":"Bayannur","label":"Bayannur · 巴彦淖尔市","type":"Prefecture-level city","parentCode":"CN-NM"},"geometry":{"type":"Polygon","coordinates":[[[109.35467956600007,42.428692409000064],[109.38146477500004,42.39479316100005],[109.43206714800004,42.35144426200003],[109.46468596500006,42.320867941000074],[109.48296173600005,42.28553424000006],[109.49043271900007,42.24168559100008],[109.48117823400008,42.209220395000045],[109.46790304600006,42.18374377300006],[109.45195816600005,42.15234167300008],[109.43249021600008,42.12469237600004],[109.39749932000007,42.090915575000054],[109.36968207700005,42.051937355000064],[109.34818501300003,42.01743479400005],[109.34950376800003,41.98751821600007],[109.34180367400006,41.94491891500007],[109.33379996200006,41.91059739800005],[109.31268460600006,41.884814120000044],[109.28180164200006,41.85876607600005],[109.27307722600005,41.82033485900007],[109.29697939100004,41.789988566000034],[109.31789327000007,41.76154530600007],[109.35053993100007,41.70482382400007],[109.36382499100006,41.669180965000066],[109.38562811800006,41.633811155000046],[109.40444303200007,41.60035133200006],[109.40917925600007,41.56487276100006],[109.40989497500004,41.53591347500003],[109.42167153500009,41.50994471400003],[109.46350715100004,41.49207692900006],[109.50865901400005,41.481478054000036],[109.55448756500004,41.472683922000044],[109.59302029600008,41.479195479000055],[109.63962101100009,41.45728976200007],[109.63463427400006,41.413045606000026],[109.64510030300005,41.38708552700007],[109.65829940400005,41.35417828900006],[109.67183831900007,41.315289163000045],[109.66016096800007,41.28202040200006],[109.62589976000004,41.25936574600007],[109.61452218300008,41.23252152500004],[109.63039786200005,41.20645043900004],[109.65539279600006,41.181552615000044],[109.68675819800006,41.13584041200005],[109.67495405100004,41.098911900000076],[109.65930257000008,41.07125649200003],[109.66903076600005,41.04348816900006],[109.70436232800006,41.022025549000034],[109.73500512100009,41.00432907000004],[109.77556638200008,40.97905310600004],[109.79569875600004,40.95608276000007],[109.81926263000008,40.92935349900006],[109.84926007800004,40.89879595900004],[109.87204198100005,40.868408902000056],[109.87485491500007,40.83666299200007],[109.85042895200007,40.815218594000044],[109.81319827300007,40.78948122000003],[109.77056252500006,40.77763666200008],[109.73962881000006,40.75723947900008],[109.69477303100007,40.74908740200004],[109.65567878300004,40.74906539300008],[109.61113733800005,40.748224513000025],[109.55649819700005,40.750344608000034],[109.50569855000003,40.743178089000025],[109.46252972500008,40.73079179400003],[109.42564583300003,40.70953420500007],[109.40907464600008,40.66857319800005],[109.41762950000009,40.64040586600004],[109.44247984200007,40.61509906900005],[109.40878286200007,40.58093139600004],[109.39286947500005,40.556478869000046],[109.38874706900003,40.52674214600006],[109.38703075000006,40.51923865100008],[109.39126638200008,40.51004794600004],[109.44141358500008,40.47341757700008],[109.37931540500006,40.45473644500004],[109.33778818000008,40.45761676800004],[109.30024952000008,40.47584538000007],[109.27114924700004,40.47876756000005],[109.24594686400008,40.50625979200004],[109.18816271300005,40.47523566900003],[109.17097480500007,40.52425260800004],[109.10460819700006,40.51769544600006],[109.05418214100007,40.56034244700004],[109.02914834400008,40.56630480900003],[108.97539309000007,40.547493787000064],[108.94648726700007,40.534996214000046],[108.85825599500004,40.59569630000004],[108.79693661600004,40.53376293200006],[108.77622211600004,40.53050602800005],[108.74277206500005,40.54248088600008],[108.73424454300005,40.55468537000007],[108.72083364800005,40.60675947500005],[108.70397058800006,40.61888471200007],[108.65406440200007,40.61840654000008],[108.62013359800005,40.65183937200004],[108.56206667500004,40.64202874400007],[108.56099889600006,40.69421821700007],[108.55236240700003,40.70948615300006],[108.53129352800005,40.72154701300008],[108.48951259100005,40.72722979100007],[108.43510211700004,40.738898637000034],[108.37099421000005,40.80879159400007],[108.33814078000006,40.786894962000076],[108.30509027100004,40.774201238000046],[108.25856916100008,40.80125953000004],[108.22506285000009,40.80697145200003],[108.18344883200007,40.803353737000066],[108.15739167900006,40.84293372900004],[108.13630236200004,40.851861324000026],[108.06988701300008,40.838653253000075],[108.00672260200008,40.859242890000075],[107.92789780300006,40.842708051000045],[107.88981824300004,40.86055274300003],[107.78181919200006,40.843481428000075],[107.71498091600006,40.84544595500006],[107.67486390400006,40.79561368000003],[107.62952556000005,40.77947189400004],[107.54297581300006,40.750291514000025],[107.50206105500007,40.72804234400007],[107.46983907100008,40.69672918300006],[107.41178473400004,40.68949026400003],[107.36342625400005,40.64556398700006],[107.31766497900009,40.64466194800008],[107.27977293200007,40.65619064900005],[107.25112585400007,40.64332898500004],[107.22924853900008,40.563022224000065],[107.19637785400005,40.55313233700008],[107.18403693500005,40.54980659600005],[107.19058109400004,40.48851766800004],[107.14236477100008,40.447583802000054],[107.16966384500006,40.386739334000026],[107.14161978700008,40.361583017000044],[107.03993544400004,40.313325260000056],[106.98415435100009,40.259886780000045],[106.89177840300005,40.19330691500005],[106.83978235300003,40.152185200000076],[106.76767300000006,40.214054496000074],[106.72771741700006,40.233810696000035],[106.67996483000007,40.25676963800004],[106.64294516000007,40.28384270000004],[106.60649753000007,40.29988842700004],[106.57657976700006,40.337023514000066],[106.54545166300005,40.36132631800007],[106.52329910800006,40.38652796700006],[106.51303747500003,40.42596639000004],[106.50520779500005,40.453477012000064],[106.49136129500005,40.48785801100007],[106.47214361600004,40.51122713900003],[106.44270536400006,40.537799138000025],[106.39224469300007,40.56524641000004],[106.35916296900007,40.59455028100007],[106.32901247000007,40.626590288000045],[106.30491063900007,40.649476363000076],[106.27415295900005,40.677848107000045],[106.22368212300006,40.71997991600006],[106.18564336300005,40.71290849700006],[106.13456909400008,40.71365764900003],[106.08771130600007,40.711189973000046],[106.04869510400005,40.706900880000035],[106.00960339300008,40.71223764600006],[105.96563173700008,40.722576823000054],[105.89693679800007,40.74058505700003],[105.86544438600004,40.76289248300003],[105.83510142400007,40.78749859200008],[105.80663750700006,40.804763414000035],[105.77091174200007,40.82335243500006],[105.73169627700008,40.830913158000044],[105.68773024900008,40.833820831000025],[105.64020136800008,40.83165212400007],[105.58491799400008,40.82619489800004],[105.54474786700007,40.81624304300004],[105.49496935400003,40.80575121000004],[105.44860282900004,40.808567270000026],[105.38828079000007,40.81720638100006],[105.35309797200006,40.832936002000054],[105.33151387300006,40.861648407000075],[105.31841340500006,40.88675463100003],[105.30398219900007,40.918284311000036],[105.29073183000008,40.94982404500007],[105.28493446000004,41.00162005400006],[105.28734959500008,41.03377771900006],[105.29343910300008,41.06320767200003],[105.29594933100009,41.090314410000076],[105.29716812600009,41.12246037400007],[105.29584497000008,41.16100914300006],[105.29530603200004,41.18991660900008],[105.28667397900006,41.23069560600004],[105.27285582400003,41.25764576200004],[105.25588693900005,41.289614749000066],[105.23278981600004,41.32473670200005],[105.20340635900004,41.37034730500005],[105.19919535900004,41.398770642000045],[105.20466705100006,41.42868075300004],[105.21856379200005,41.46188711800005],[105.23307651600004,41.496481534000054],[105.24220568900006,41.52642788400004],[105.24827046000007,41.55817651500007],[105.24893487700007,41.587124258000074],[105.25195154200009,41.619763499000044],[105.25125480000008,41.65558662900003],[105.24849988300008,41.70333033000003],[105.26300642600006,41.73540965500007],[105.28564102300004,41.71798548800007],[105.31427370800009,41.75062931000008],[105.39070972300004,41.77421205200005],[105.58738408200009,41.85437389700007],[105.80740208800006,41.92600837900005],[106.01646816000004,42.02039091700004],[106.47182891300008,42.174077933000035],[106.54616222100009,42.20505620100005],[106.56267664000006,42.21062380500007],[106.63679365400009,42.235553003000064],[106.71810749800005,42.25489833300003],[106.81713879500006,42.27015955000007],[106.93006181300007,42.28298938800003],[107.01456163100005,42.290510416000075],[107.14650056100004,42.32528795800005],[107.19044704000004,42.34707044100003],[107.20625950200008,42.35386646500007],[107.24692882400007,42.36254868000003],[107.27374180700008,42.395670600000074],[107.30855341300008,42.41566191800007],[107.35831790600008,42.42128231000004],[107.39519916400008,42.435631484000055],[107.45135074700005,42.43864670200003],[107.51320683500006,42.39484812300003],[107.57726770300008,42.38715488300005],[107.63081181400008,42.39185432700003],[107.66533251700008,42.40427763000008],[107.86090719700007,42.38818644400004],[107.89563783400007,42.39513313600003],[107.93009945500006,42.40206223100006],[107.93323155500008,42.40189824700008],[107.93870239300009,42.40379199800003],[108.03836875200005,42.42383161600003],[108.09666768400007,42.43745195100007],[108.10345938600005,42.439172916000075],[108.16562545900007,42.446004353000035],[108.24474428900004,42.420906227000046],[108.30736971000005,42.416460562000054],[108.35213371200007,42.424354454000024],[108.40560500600009,42.434162944000036],[108.57024975800005,42.40217531600007],[108.61541362900005,42.395554179000044],[108.66435039000004,42.38716098900005],[108.73702066900006,42.37903824000006],[108.81309366000005,42.38445047400006],[108.85140340400005,42.40293169100005],[108.85620928900005,42.403829992000055],[108.85910370600004,42.39611154600004],[108.90279834100005,42.41202887700007],[108.96348244700005,42.42038260800007],[109.02963587900007,42.424673486000074],[109.08710590300007,42.426132833000054],[109.13738028700004,42.41217268200006],[109.20989303100004,42.41011615600007],[109.29480538100006,42.41353081600005],[109.32476974100007,42.41557241000004],[109.35467956600007,42.428692409000064]]]}},{"type":"Feature","properties":{"code":"CN015040","name":"Chifeng","label":"Chifeng · 赤峰市","type":"Prefecture-level city","parentCode":"CN-NM"},"geometry":{"type":"Polygon","coordinates":[[[120.82833623500005,42.24617740700006],[120.74812689600003,42.22228961500008],[120.66067083900009,42.198779254000044],[120.60825098300006,42.169838267000046],[120.56936218600003,42.14875881300003],[120.52130320000003,42.14889201400007],[120.46951277200003,42.14037517400004],[120.43041933500001,42.10053851300006],[120.4352207170001,42.074307625000074],[120.43756760300005,42.03130861600005],[120.39221301400005,41.990174178000075],[120.36174437200009,41.96662239500006],[120.24807867200002,41.96272464600003],[120.21168166900009,41.93156452100004],[120.17916151800011,41.89298301800005],[120.17707687100005,41.88942035100007],[120.14515875600011,41.83489672600007],[120.10734681200006,41.784227377000036],[120.08884341300006,41.72231497000007],[120.08450561900008,41.691445746000056],[120.05975417500008,41.680799808000074],[120.02289022000002,41.69449756900008],[119.99688694000008,41.70414461400003],[119.98460403100012,41.76565054800005],[119.99490708300004,41.830844531000025],[119.97178834800002,41.89403818400007],[119.88889059700011,41.98742326400003],[119.81079897200004,42.07238958000005],[119.82990811100001,42.104002638000054],[119.8078700430001,42.19474457300004],[119.74180488700006,42.20748439500005],[119.64646776600011,42.204422384000054],[119.59194938000007,42.22073000600005],[119.55837183400001,42.27389155600008],[119.52983613600009,42.337397026000076],[119.48202566200007,42.36599960700005],[119.46647952100011,42.34543166900005],[119.41662040000006,42.324145342000065],[119.36983868000004,42.293346255000074],[119.3050847290001,42.28850172600005],[119.22784755200007,42.21955424400005],[119.2162581990001,42.19561417600005],[119.23308887000007,42.16048947300004],[119.28030721100004,42.12947642900008],[119.31901366300008,42.09902346800004],[119.35004327900003,42.07526685200003],[119.35570835500005,42.05324641200008],[119.30320830200003,41.97650464700007],[119.28965147600002,41.93726895900005],[119.29481656200005,41.87822462100007],[119.28246270900001,41.84817914900003],[119.26159003100008,41.78473851700005],[119.2737141230001,41.74684913500005],[119.27585388000011,41.69729725700006],[119.27759946000003,41.64468071700003],[119.30883082900004,41.62400993700004],[119.3404563680001,41.60639480400005],[119.33848987400006,41.59109095600007],[119.30558442300003,41.565568090000056],[119.30205068800001,41.53802099200004],[119.33167081400006,41.505108008000036],[119.34527706500012,41.479466382000055],[119.34212914000011,41.45499063400007],[119.3219378340001,41.43993702800003],[119.29348236700002,41.40495300600003],[119.26802859000009,41.387112942000044],[119.26366150000001,41.362488248000034],[119.26654981200011,41.318680578000055],[119.23809791700012,41.30549621800003],[119.20709171900012,41.32006309600007],[119.18676221600003,41.30574491300007],[119.17427477500007,41.30651376800006],[119.06984984600001,41.27470806300005],[119.0237448790001,41.297026334000066],[118.95112787100004,41.29960788500006],[118.91997047400002,41.27039354300007],[118.85226193000005,41.26197899700003],[118.81144611400009,41.29988655000005],[118.78233772300007,41.32290289800005],[118.7320724110001,41.31872706900003],[118.68784964200006,41.31418899400006],[118.6395449580001,41.31697580200006],[118.61427687500009,41.330849828000055],[118.57562465800004,41.33305515300003],[118.52971940100008,41.33566291900007],[118.47349371000007,41.344155801000056],[118.42614756600005,41.32106928800005],[118.41301665900005,41.29961788400004],[118.378156192,41.29560722600007],[118.34542163200001,41.29183009700006],[118.32577995400004,41.30179028200007],[118.30659840600003,41.31615757700007],[118.29294464100008,41.36127513300005],[118.29060727100011,41.38625413300008],[118.2716868980001,41.415687185000024],[118.2465919330001,41.43214624900003],[118.24469902800001,41.435495193000065],[118.239373107,41.44496442900004],[118.25291949600012,41.47084917400008],[118.27748222900004,41.49702634600004],[118.26768892200005,41.53624157100006],[118.26534909000009,41.54562405400003],[118.19619552600011,41.56090619400004],[118.19033077900008,41.611823454000046],[118.14188756700003,41.659490711000046],[118.09725363300004,41.706463745000065],[118.10891434300004,41.76266029400006],[118.1603568480001,41.78832048100003],[118.22537127900011,41.766182479000065],[118.26017781700011,41.73588476600003],[118.27530397300006,41.740383809000036],[118.29639944200005,41.76764839000003],[118.30549058300005,41.808890502000054],[118.31319655900006,41.84843070100004],[118.27247896300003,41.86929962600004],[118.24048802400011,41.90389234500003],[118.25730224200004,41.912754275000054],[118.28710950900006,41.95288226000008],[118.25358914000003,41.98489397000003],[118.24491677800006,41.99602267800003],[118.260785811,42.03158784500005],[118.25145028000009,42.060521090000066],[118.24010153900008,42.06562829200004],[118.22485234500004,42.07057358800006],[118.20759014300006,42.068524042000035],[118.18963221400008,42.06034394000005],[118.16925560100003,42.03069874600004],[118.15587472000004,42.02532593900003],[118.12206083900003,42.02734524600004],[118.09739960600007,42.034986539000045],[118.09877592100008,42.04724831500005],[118.1054235680001,42.068460696000045],[118.1078194050001,42.08992652300003],[118.09158517200001,42.09706504900004],[118.0479083250001,42.08730031300007],[118.057269399,42.13305399500007],[118.05863742300005,42.14532278000007],[118.0427278090001,42.15551672200007],[117.998193506,42.17666198100005],[117.9365380810001,42.21662693300004],[117.96623843100008,42.231081936000066],[117.98553620300004,42.239853020000055],[118.00868147900007,42.275076521000074],[117.99887674900003,42.300461486000074],[117.9864902060001,42.34997728800005],[117.95604375700009,42.403983924000045],[117.88724565300004,42.45728651100006],[117.80164273000003,42.516735432000075],[117.77252297000007,42.53508657300006],[117.74412448700002,42.55627677500007],[117.73676719100001,42.56176051300008],[117.6874283410001,42.56244057200007],[117.61347286500006,42.53765225700005],[117.56577911500005,42.52931864400006],[117.52635542200005,42.54367136900004],[117.48045081500004,42.55477666000007],[117.43949916100007,42.53897378700003],[117.42503609200003,42.51566862000004],[117.41684026900009,42.47963377000008],[117.39464781600009,42.45225948700005],[117.36727359600002,42.43579328900006],[117.31801027400002,42.43633695200003],[117.24759813000003,42.462724526000045],[117.15739889700001,42.44645527100005],[117.0655394690001,42.43908991300003],[117.01389081200011,42.440519798000025],[116.9548342920001,42.427166240000076],[116.91433665500006,42.406111285000065],[116.85660708700004,42.44388838800006],[116.82865702200002,42.466288931000065],[116.80112013500002,42.486811989000046],[116.76227058100005,42.50569829400007],[116.72585021600003,42.517983350000065],[116.67680393700005,42.54020594600007],[116.64812523100011,42.56859932700007],[116.61592046900012,42.58659583700006],[116.60305365800002,42.61912654500003],[116.60297589200002,42.65598838000005],[116.6075009870001,42.68290975100007],[116.61875326000006,42.70897899500005],[116.63263313400012,42.73674306300006],[116.65309486600006,42.774264766000044],[116.67110527200009,42.799478975000056],[116.69485968200001,42.82620788400004],[116.687844487,42.86763611400005],[116.66739679300008,42.892794837000054],[116.63149740600011,42.918851360000076],[116.59993023800007,42.93865235800007],[116.56701644200007,42.957597261000046],[116.52044875400009,42.97685981800004],[116.48607150400005,42.98757947300004],[116.41133352200006,43.011617630000046],[116.38606812600005,43.03977825900006],[116.3462735380001,43.05952225000004],[116.32623151200005,43.09059488400004],[116.3005232810001,43.12797762400004],[116.28920465400006,43.15949583200006],[116.31694252500006,43.19576663300006],[116.36675001200001,43.20821075900005],[116.41435520000005,43.22998989300004],[116.46027655000012,43.25968499100003],[116.48370869700011,43.28880165900006],[116.51001105900002,43.32789881200006],[116.54757677400005,43.37327888900006],[116.57019596100008,43.39967505000004],[116.59772432700004,43.431319587000075],[116.63723200900006,43.47611692600003],[116.66046315100004,43.508002730000044],[116.69339599400007,43.53656657200003],[116.74560128700011,43.57553217100008],[116.78350753900008,43.596855987000026],[116.82200887900001,43.61769191600007],[116.87737330700008,43.64351192000004],[116.91281406100006,43.652487320000034],[116.95426702200007,43.65278886600004],[116.99841701200012,43.66076772800005],[117.03231588200003,43.69059271500004],[117.03971054800002,43.71878015400006],[117.03179823200003,43.75667295100004],[116.99684731200011,43.79480016800005],[116.96200546400007,43.82229259300004],[116.92055535500003,43.85294364600003],[116.89181897300011,43.88513303700006],[116.89463868700011,43.918234133000055],[116.91905800200004,43.94081332700006],[116.9486330090001,43.95846830600004],[116.9926569490001,43.98726712100006],[117.03293313400002,44.016280444000074],[117.05193427800009,44.04056527400007],[117.07157737700004,44.07081042000004],[117.10392627300007,44.09567184100007],[117.14997204200006,44.11275779300007],[117.19019716800005,44.122330643000055],[117.24406872000009,44.129658601000074],[117.29640462300006,44.13429482200007],[117.33923726100011,44.13302693500003],[117.3844858550001,44.13066671300004],[117.44574232600007,44.11896475100008],[117.49212425400003,44.11003052600006],[117.54126567500009,44.09210772600005],[117.5983671140001,44.06672013300005],[117.666078932,44.04461346900007],[117.73775274900004,44.037837085000035],[117.78120229100011,44.05304049000006],[117.83478988800005,44.07913471400008],[117.88415613900008,44.10641142900005],[117.91745369700004,44.12595060900003],[117.96238576200005,44.15258598200006],[117.99098058800007,44.17474036800007],[118.0294007220001,44.19947049700005],[118.07899147800003,44.222050943000056],[118.1410132640001,44.24749422200006],[118.19426166700009,44.26840145800003],[118.24458399200012,44.29089497900003],[118.2783070270001,44.31219070900005],[118.31621682800005,44.33643514600004],[118.35101487700001,44.35580261900003],[118.4137140680001,44.389889577000076],[118.44454420400007,44.407661106000035],[118.49161747200003,44.43308644900003],[118.53410831000008,44.447240865000026],[118.57903285000009,44.46538875700003],[118.61866085600002,44.47693885500007],[118.66243922700005,44.466405681000026],[118.720422041,44.46735315500007],[118.76402787800009,44.47024098800006],[118.81106541100007,44.48445489800008],[118.84873192000009,44.49979661100008],[118.88481969700001,44.517567144000054],[118.91549499900009,44.537577303000035],[118.94955315700008,44.558209385000055],[118.98770186900003,44.57929061900006],[119.01928134400009,44.60202222200007],[119.05660950000004,44.635963513000036],[119.07921246400008,44.66149270300008],[119.08712353400006,44.68920310800007],[119.1064599660001,44.71319233200006],[119.15346988100009,44.724315569000055],[119.16731165200008,44.749917381000046],[119.14839595400008,44.78833268400007],[119.13338814600002,44.81963246200007],[119.099266037,44.84253509600006],[119.0608157050001,44.85848204800004],[119.04410824900003,44.89044893000005],[119.06331554600001,44.92081636800003],[119.10358006800004,44.93542180400004],[119.14820756300003,44.94521041200005],[119.18204681300006,44.97062552800003],[119.19858463900005,45.004344607000064],[119.21482559300011,45.03666354400008],[119.25823017900007,45.05039441100007],[119.29147480100005,45.06854155500008],[119.28076993900004,45.10115558700005],[119.28705981500002,45.13512814200004],[119.2924535200001,45.16729630200007],[119.30744961500011,45.19498573800007],[119.31635053800005,45.247032070000046],[119.37021804000005,45.22602978400005],[119.41733799400004,45.21056327300005],[119.47217077500011,45.19104083800005],[119.51326968000001,45.178134466000074],[119.54632412300009,45.163739159000045],[119.58401816100002,45.13497769000003],[119.60652550400005,45.10810582700003],[119.63147193800012,45.080562404000034],[119.6539228800001,45.04967688500005],[119.6796038980001,45.01131666800006],[119.69975230000011,44.98202962100004],[119.7202804530001,44.95497596300004],[119.74692653900001,44.92601710200006],[119.77927259700004,44.90418631000006],[119.81831357100009,44.884008186000074],[119.84840998000004,44.86418860400005],[119.88659600800008,44.84678706600005],[119.925673931,44.81938937500007],[119.96171946100003,44.79313287100007],[119.98992999300003,44.76979178500005],[120.02546520100009,44.74389617500003],[120.05471299100009,44.71845911200006],[120.08667011700004,44.68942684600006],[120.11883972700002,44.660592165000025],[120.13988078700004,44.63819096800006],[120.1689820580001,44.60827552100005],[120.19028192200005,44.58595650700005],[120.2213765360001,44.55031310900006],[120.24239618700005,44.52562673500006],[120.26644557100008,44.496649579000064],[120.28992474600011,44.474135337000064],[120.3178178170001,44.432082947000026],[120.32723592600007,44.39833362400003],[120.34830110200005,44.36594006300004],[120.36782629900006,44.335998250000046],[120.39607843800002,44.29277722000006],[120.4189082050001,44.26394754800003],[120.46180596300007,44.25800297300003],[120.50803935700003,44.26941242200007],[120.56091358000003,44.26630444700004],[120.60726139400003,44.246100898000066],[120.6320855350001,44.218439002000025],[120.67092406400002,44.187252124000054],[120.70106113400004,44.141497352000044],[120.71593090900001,44.10354315400008],[120.72861456400005,44.063929614000074],[120.73641080400012,44.021494992000044],[120.7264261140001,43.986637579000046],[120.72135539200008,43.95088549600007],[120.74423655900011,43.923849964000055],[120.77124917100002,43.895058221000056],[120.78713251200008,43.86398915700005],[120.78820756000005,43.799441226000056],[120.80418529600001,43.73331518100008],[120.84039142900008,43.71427746100005],[120.87014381400002,43.69573035900004],[120.9270497650001,43.68431594000003],[120.95103747200005,43.670838056000036],[120.93820918200004,43.63013700100004],[120.89394703800008,43.59655383900008],[120.8293938810001,43.55758804700008],[120.79550066600007,43.54865153500003],[120.76092481700005,43.53512403000008],[120.69111682100004,43.50347573400006],[120.6694172340001,43.48893174800003],[120.6474002550001,43.47210119500005],[120.63008043900004,43.44332962300007],[120.60875961600004,43.43107323700008],[120.55467446800003,43.41668576500007],[120.50163358300006,43.40914218200004],[120.44826753400002,43.39929157100005],[120.42091836100008,43.38977806200006],[120.32153885500009,43.35325616500006],[120.3689717210001,43.345077382000056],[120.39495862400008,43.34544838200003],[120.40811434200009,43.34677138100005],[120.45569240400005,43.361699102000046],[120.54718725400005,43.366331065000054],[120.5806180730001,43.373038079000025],[120.64498562200004,43.391251613000065],[120.71258246800005,43.409188810000046],[120.75316398500001,43.41993516000008],[120.68780999900002,43.374061150000045],[120.62827282400008,43.323086871000044],[120.59545745100002,43.276998708000065],[120.541784172,43.220931463000056],[120.41617503600003,43.15874219700004],[120.40507329000002,43.12718971100003],[120.38860947900002,43.10298418200006],[120.32743691000007,43.08213800300007],[120.31234310100001,43.06708074200003],[120.30264258000011,43.04467559900007],[120.29735154800005,43.00806769400003],[120.32556158800003,42.96837466800008],[120.35549087000004,42.931594423000035],[120.37195250100001,42.90058176700006],[120.37001405100011,42.863272186000074],[120.37997513100004,42.834667479000075],[120.41251640900009,42.80736533400005],[120.42218600700005,42.78109469800006],[120.44002538500001,42.73515764000007],[120.45599361600011,42.685222801000066],[120.46780624000007,42.656913452000026],[120.48346051800002,42.625501247000045],[120.51012903200001,42.58897044400004],[120.5369479740001,42.553812048000054],[120.56189693900001,42.522508069000025],[120.59055176800007,42.471462477000046],[120.61048738000011,42.432255628000064],[120.63180972200007,42.410052746000076],[120.68766984600006,42.38340119000003],[120.73520659600001,42.37088556600003],[120.76485677000005,42.33912918400006],[120.78481484200006,42.300831611000035],[120.80187298700002,42.27572670500007],[120.82833623500005,42.24617740700006]]]}},{"type":"Feature","properties":{"code":"CN015050","name":"Hinggan League","label":"Hinggan League · 兴安盟","type":"League","parentCode":"CN-NM"},"geometry":{"type":"Polygon","coordinates":[[[122.39174043800006,47.32561828100006],[122.40547271800006,47.313573234000046],[122.45961718900003,47.20384555700008],[122.54888394700004,47.141785851000066],[122.6862103520001,47.08269214500007],[122.81692331600004,47.045781815000055],[122.80247836600006,47.025337523000076],[122.74120707700001,47.00903297800005],[122.72811774400009,46.995709161000036],[122.72650324000006,46.930683507000026],[122.73875060000012,46.91150403600005],[122.78618207200009,46.91091447700006],[122.8467103910001,46.92362813900007],[122.87202400700005,46.91774613600006],[122.88422554100009,46.89855553800004],[122.87006592000012,46.82380646100006],[122.88542495200011,46.79348047900004],[122.90007302300012,46.75959999400004],[122.92330295400006,46.74304196800006],[122.94988126200008,46.744262941000045],[123.0093392330001,46.72441953500004],[123.0911432580001,46.73869749600004],[123.1449715660001,46.798933774000034],[123.15772014800007,46.837591780000025],[123.17674121100004,46.85395633500008],[123.25905946600005,46.84277280500004],[123.31581583200011,46.86287280300007],[123.33038281100005,46.88325766100007],[123.33737011400001,46.91883808500006],[123.32009271900006,46.938553969000054],[123.29573814200012,46.95994244800005],[123.31429428400008,46.989811228000065],[123.38284156800012,46.96171769000006],[123.43101635100004,46.964474679000034],[123.47924686300007,46.94976069000006],[123.4646697710001,46.92477323500003],[123.43834409700003,46.864654880000046],[123.43729369100004,46.835114590000046],[123.45959391200006,46.82644532000006],[123.49257645900002,46.82335297100008],[123.52878698300003,46.83641711700005],[123.53994295300004,46.868301709000036],[123.55474442700006,46.87019961200008],[123.57702891000008,46.861507765000056],[123.57010465600001,46.802882011000065],[123.56299726400005,46.767333604000044],[123.54585919500005,46.72944613400006],[123.51055238800006,46.69656527500007],[123.48318182500009,46.67939043000007],[123.41542288800008,46.67586742600008],[123.34767185900012,46.67231716800006],[123.30687414700003,46.65964332400006],[123.25698861700005,46.624790991000054],[123.23127432700005,46.59098520900005],[123.1971261110001,46.58755254500005],[123.15264051700001,46.60479836700006],[123.10030950100008,46.606300410000074],[123.0608466750001,46.60002902400004],[123.0203945400001,46.613572213000054],[123.0097505540001,46.60795959100005],[122.99109882700009,46.56033873900003],[122.96738472800007,46.536184021000054],[122.94430907500009,46.515265846000034],[122.94776671200009,46.508373488000075],[122.96694565900009,46.48363710000007],[122.99340630900008,46.422082627000066],[123.04545803000008,46.34505977400005],[123.09369055600007,46.24868300300005],[123.08514746800006,46.24406181200004],[123.05848206500002,46.19405623400007],[123.05712856800005,46.12548907000007],[122.99867538900003,46.072978223000064],[122.92578978800009,46.067846313000075],[122.8172393970001,46.08845591700003],[122.74991608300002,46.067270860000065],[122.71444143700012,46.05608706700008],[122.72986078800011,46.02671564600007],[122.73958820600001,45.93194026400005],[122.76319114000012,45.85581366300005],[122.75746436700001,45.73449089400003],[122.73978490700006,45.71723816800005],[122.69232582900008,45.67085221200006],[122.65877983100006,45.65826599400003],[122.64763043100004,45.65408583400006],[122.62865922500009,45.66388973000005],[122.61050759000011,45.720521086000076],[122.5620447020001,45.768099035000034],[122.49284949300011,45.75974657800003],[122.43467641600012,45.81895875400005],[122.42710687700003,45.90623809200008],[122.3549185070001,45.91069235100008],[122.28517516600004,45.83461868300003],[122.22259093700006,45.797607699000025],[122.1665823080001,45.84117246300008],[122.08592062500009,45.85614177600007],[122.03795486100012,45.90168575700005],[122.02903367500005,45.909950225000046],[121.98977026300008,45.946326670000076],[121.94343244900006,45.99440726900008],[121.9168170150001,46.01376543900005],[121.84786320400008,45.99243331300005],[121.82823349900002,45.99771712900008],[121.76063376600007,46.01587149100004],[121.70866845500007,45.986768564000045],[121.75868071200011,45.921342425000034],[121.77438213800008,45.846122259000026],[121.71865356800004,45.78670799100007],[121.71423637800001,45.78512006700004],[121.64110397600007,45.75881317200003],[121.60792359800007,45.747104583000066],[121.66615899700003,45.69999792200008],[121.722622838,45.68095467100005],[121.81989330400006,45.717971920000025],[121.91294573700009,45.70031362000003],[121.93099418800011,45.67717366800008],[121.93343197100012,45.58686682600006],[121.90058439500001,45.55448262800007],[121.96305993900012,45.511406547000036],[122.0318051910001,45.47498218100003],[122.10030887200003,45.43764225800004],[122.13725978900004,45.39035433400005],[122.07709260400009,45.34235647000003],[122.09465545700004,45.32464921600007],[122.11150513300004,45.31141849800008],[122.13323398000011,45.294344987000045],[122.16985318400009,45.275005589000045],[122.17864437100002,45.25173916600005],[122.17717893800011,45.24718721800008],[122.16686254900003,45.21036907900003],[122.14850416800004,45.18578453500004],[122.1099316850001,45.17929285400004],[122.07452927300005,45.110402986000054],[122.06836351800007,45.07498026300004],[122.04908556400005,45.017813828000044],[122.04184346500006,44.97595701500006],[122.05519129800007,44.94542007800004],[122.00938871200003,44.92319215800006],[121.99868110700004,44.88817677800006],[122.01036997000006,44.84799058100003],[122.01121124600002,44.79893679800006],[122.01663847400005,44.74949746400006],[122.06579190900004,44.76487377900003],[122.05049861000009,44.73027090800008],[122.04549880000002,44.70131509400005],[122.02163048900002,44.67071541200005],[122.03383268100004,44.63376547400003],[122.03354472000001,44.57830620400006],[122.06899501600003,44.56873565800004],[122.11526240900002,44.56801312300007],[122.13707759400006,44.533485048000045],[122.16288736100012,44.49535063600007],[122.18690726200009,44.47368688000006],[122.22685226100009,44.46367270800005],[122.25197024500005,44.44842947200004],[122.26512665400003,44.41790263900003],[122.26236394300008,44.37573055800004],[122.24362743800009,44.34801592700006],[122.22609809000005,44.30061420000004],[122.22152911,44.25163581400005],[122.15050075300007,44.246232519000046],[122.09944726000003,44.248835814000074],[122.03692183900012,44.265545933000055],[121.95759939100003,44.288921592000065],[121.94326318200001,44.365480080000054],[121.92601360100002,44.389866221000034],[121.89001185100005,44.41012789800004],[121.84372479000001,44.424096417000044],[121.79023841100002,44.43711919500004],[121.75153105200002,44.45057871400007],[121.72779972100011,44.47458834100007],[121.71823105400006,44.505323470000064],[121.68843787700007,44.534338294000065],[121.65018488200008,44.56595408900006],[121.62352554300003,44.59189701500003],[121.59333053300008,44.619559895000066],[121.57141820600009,44.64392889100003],[121.53709619300002,44.66107683800004],[121.49041426000008,44.68067370700004],[121.45942624100007,44.70818321400003],[121.43978583700004,44.73162303100003],[121.40830584100001,44.763227140000026],[121.37914326000009,44.79377465400006],[121.35403874200006,44.81909226000005],[121.32873716200004,44.84354995000007],[121.28732357800004,44.87435043100004],[121.24230388800004,44.900146918000075],[121.20480429400004,44.918613212000025],[121.15597867000008,44.948309280000046],[121.11646092300009,44.973183164000034],[121.07457253000007,44.99917534700006],[121.03182407500003,45.02435010900007],[121.00099017000002,45.04134827400003],[120.96142383500012,45.06982975500006],[120.93957024500003,45.09673115900006],[120.92905482800006,45.12886548000006],[120.91402740400008,45.164541075000045],[120.89942208500008,45.19572134900005],[120.88251499100011,45.22179247100007],[120.85555212100007,45.246103610000034],[120.81342097400011,45.255713952000065],[120.75708342500002,45.255454935000046],[120.71670521200008,45.26403010800004],[120.66727811200008,45.28639232200004],[120.64249609500007,45.30921904600007],[120.61679033000007,45.33392273100003],[120.58325902500007,45.35174872700003],[120.55155011400007,45.36897221500004],[120.5176949690001,45.39894058200008],[120.48164672700011,45.42777317000008],[120.44541926400007,45.44542781000007],[120.4089833160001,45.45863232600004],[120.37058409400004,45.46844105000008],[120.34222306100003,45.49032637800008],[120.30694653600005,45.51690383700003],[120.26421680200008,45.54552715500006],[120.21183347100009,45.56796980800004],[120.16355412900009,45.57759770200005],[120.1242009560001,45.58283606500004],[120.05888331500012,45.59560990800003],[120.00745653900003,45.59900744200007],[119.96607190300006,45.60046825200004],[119.91684531600004,45.605269899000064],[119.82269370600011,45.60930895000007],[119.76244227100005,45.59192810600007],[119.70452018000003,45.58388543800004],[119.65710822300002,45.59448226200004],[119.63941691100001,45.60038454100004],[119.65632760500011,45.63075767500004],[119.70023605100005,45.670840000000055],[119.76190368300001,45.745195197000044],[119.79148139100005,45.80926253300004],[119.81159060800007,45.83171272700008],[119.8170146970001,45.85671668500004],[119.82634013500001,45.87927049700005],[119.83727752700008,45.922800349000056],[119.83351176400004,45.95556596100005],[119.80035015100009,45.98442850200007],[119.80241330100012,46.016739845000075],[119.80499530800012,46.05530824700003],[119.80701379000004,46.09432111600006],[119.8123669260001,46.12670245500004],[119.81771538700002,46.17307611600006],[119.82985247900001,46.21739205800003],[119.83225898600006,46.255215597000074],[119.83801043800008,46.28632180300008],[119.8429656300001,46.31316935700005],[119.847907512,46.35416649800004],[119.84867405500006,46.38674850500007],[119.85452698300003,46.41499554500007],[119.85975211300001,46.44687257900006],[119.86216210700002,46.47413604500008],[119.86779149300003,46.50470706200008],[119.87312121000002,46.53709693800005],[119.87535390900007,46.56711024300006],[119.86729262400002,46.598420402000045],[119.78427951700007,46.64983983800005],[119.79340019200004,46.65842400200006],[119.80017827100005,46.67198016000003],[119.8336374800001,46.671262383000055],[119.86581119800007,46.66274712100005],[119.88191763300006,46.68276138200008],[119.88293792400009,46.688527848000035],[119.9075910890001,46.689286407000054],[119.93228101300008,46.71706257100004],[119.90296172800004,46.76644241900004],[119.93073789400012,46.80039106500004],[119.90450484900009,46.88063331800004],[119.91839293200007,46.90995260300008],[119.85821124200004,46.922297565000065],[119.85049564100007,46.94081500800007],[119.88444428500009,46.957789330000026],[119.83506443800002,46.96859117200006],[119.77796898800011,47.00408293800007],[119.78414147000001,47.05963526700003],[119.76716714700001,47.11210135500005],[119.72858914100004,47.15222248200007],[119.71753011200008,47.165853378000065],[119.70930013700001,47.18437082100007],[119.65074729700007,47.21703353300006],[119.61216929000011,47.24635281700006],[119.55661696100003,47.24018033600004],[119.55044448100011,47.247895938000056],[119.5612463220001,47.27875834300005],[119.54272887900004,47.30190514600008],[119.49952151200011,47.315793229000064],[119.49911664800004,47.315995661000045],[119.56385375100001,47.31937200300007],[119.63023746500005,47.35812350800006],[119.6766824130001,47.37540931900003],[119.71481517400002,47.38711115400008],[119.74602373700009,47.40470756900004],[119.7891260670001,47.443232763000026],[119.81569180100007,47.46432013200007],[119.86529998500009,47.47998044000008],[119.92539585500003,47.47645683300004],[119.98326113600001,47.48604726000008],[120.03811620300007,47.50435755500007],[120.0931794170001,47.527091247000044],[120.12155293600006,47.56051092200005],[120.17017689200009,47.55604929700007],[120.20988524300003,47.56795828200006],[120.24241385800008,47.591180628000075],[120.2791103300001,47.56979578500005],[120.31378663300006,47.54140784800006],[120.35464469300007,47.52456377200008],[120.3957388880001,47.50903151300008],[120.47459324400006,47.49519963000006],[120.53149972200004,47.48901460800005],[120.57239251100009,47.48283802700007],[120.56276295400005,47.45415245500004],[120.5719488740001,47.42610056400008],[120.61496091900005,47.390220733000035],[120.65112948400008,47.37056564400007],[120.68661190400007,47.34426099900003],[120.6966576960001,47.317471418000025],[120.66360449800004,47.27832266400003],[120.62339655400001,47.26348509600007],[120.58496673700006,47.23730500200003],[120.59668975700004,47.19521122000003],[120.63893348600004,47.186644081000054],[120.70415138200008,47.18010197600006],[120.73760436300006,47.164242698000066],[120.79095273400003,47.14485540600003],[120.86357380600009,47.12551987100005],[120.8961206460001,47.108808588000045],[120.9452104510001,47.08838500200005],[120.98803002700004,47.083246501000076],[121.03511934300002,47.089323809000064],[121.09179824300008,47.096763458000055],[121.13844339000002,47.09079286000008],[121.19972255300002,47.08481267500008],[121.26223182000001,47.046092902000055],[121.29433033400005,47.07935654600004],[121.34171683200009,47.07056794400006],[121.37434377200009,47.086796872000036],[121.39871194900002,47.111372688000074],[121.46708687400007,47.123406329000034],[121.50870225500012,47.118669684000054],[121.55978195400007,47.11170095300008],[121.60312548600007,47.11526944000008],[121.62106909700003,47.149812086000054],[121.64704522500006,47.18762915600007],[121.68287298400003,47.20261978000008],[121.73590486100011,47.20747356600003],[121.79562711800008,47.19692569600005],[121.8272377620001,47.17962286300008],[121.88023161300009,47.17818306600003],[121.9324433270001,47.166947908000054],[121.9856492020001,47.151107153000055],[122.0385528170001,47.13395716600007],[122.08553890700011,47.15090093200007],[122.12874565300001,47.16864849800004],[122.17621632900011,47.181494790000045],[122.22284750600011,47.20247149900007],[122.24690036000004,47.23593825900008],[122.27467120600011,47.26187790800003],[122.31483129800006,47.271380545000056],[122.39174043800006,47.32561828100006]]]}},{"type":"Feature","properties":{"code":"CN015060","name":"Hohhot","label":"Hohhot · 呼和浩特市","type":"Prefecture-level city","parentCode":"CN-NM"},"geometry":{"type":"Polygon","coordinates":[[[111.38669786100007,41.34670268800005],[111.47339726800004,41.32506452000007],[111.51967240300007,41.31927755900006],[111.55640626500008,41.30691097400006],[111.59903919300007,41.301693175000025],[111.64343310400005,41.30466219500005],[111.68144685100009,41.31153085500006],[111.71336207500008,41.28414767100003],[111.74876802700004,41.25525403800003],[111.78119489700003,41.23611521000004],[111.81659377400007,41.21593147100003],[111.85951114300008,41.15960489400004],[111.85915186200003,41.12286829300007],[111.92887197600004,41.07736115900008],[111.95737407200005,41.05921409700005],[111.99057700100008,41.03168626900003],[112.00172376400008,40.99308636200004],[112.01400697400004,40.96272434500003],[112.04286691800007,40.94503395300006],[112.08163727700003,40.93933674500005],[112.10893053400002,40.918010398000035],[112.13388740700009,40.88346484400006],[112.14794299900007,40.856706821000046],[112.16150815500009,40.82400190800007],[112.15304543400009,40.79218507400003],[112.12413742500007,40.774516592000055],[112.09953936500006,40.74058892800008],[112.08492971200008,40.70672860700006],[112.09128199100007,40.68028788400005],[112.08511080100004,40.64135016900008],[112.07099321400005,40.59197929700008],[112.04700593700011,40.56583516500007],[112.03804318700008,40.54000767600007],[112.06426853100004,40.52010031100008],[112.09663331000002,40.50224807800004],[112.13961943400011,40.47430265700007],[112.16320988400003,40.452652011000055],[112.18719695800007,40.42088586300008],[112.20489435400009,40.393980713000076],[112.21177839400002,40.35970451900005],[112.22286771800009,40.32618229900004],[112.26325612900007,40.278026596000075],[112.28591185200003,40.25342857900006],[112.28780716200004,40.245904593000034],[112.2190442210001,40.20714625000005],[112.14718459500011,40.15307473300004],[112.07425326200007,40.05601249700004],[112.04387226100005,40.00123979800003],[112.02712800100005,39.96829680500008],[111.98276629600008,39.873273088000076],[111.95174578900009,39.78781364400004],[111.92939930300008,39.71756882100004],[111.91142655200008,39.656460534000075],[111.88223613000008,39.638478527000075],[111.86575027900005,39.63564267600003],[111.79995492900008,39.63042296100008],[111.68103076900007,39.63506926100007],[111.57029743100009,39.639506777000065],[111.43492333500006,39.64412833400007],[111.42693664600006,39.656484714000044],[111.40247943200006,39.665951723000035],[111.37406074400008,39.68465896300006],[111.33764768700007,39.71571609600005],[111.32579393300006,39.74345123900008],[111.35916064900005,39.770725036000044],[111.38849442100008,39.80110498300007],[111.41880909000008,39.88362024500003],[111.40792877000007,39.96352401900003],[111.39215683300006,40.00358498000003],[111.34347276000005,40.05012399800006],[111.31923512200007,40.08105876800005],[111.33694022400005,40.10340447800007],[111.29665143500006,40.12122417200004],[111.26516788200007,40.142523898000036],[111.21814082300006,40.154249951000054],[111.17428859000006,40.169056117000025],[111.15449547300005,40.19680742200006],[111.13088025600007,40.22102154400005],[111.09774791200005,40.23636562300004],[111.04901207400007,40.25083992900005],[111.02873548800005,40.28315083700005],[111.05795710400008,40.31021441300004],[111.07844319400004,40.33248799100005],[111.06778986100005,40.38425173400003],[111.08659835000009,40.41805487500005],[111.02420583800006,40.436649260000024],[110.98196089800007,40.46190635700003],[110.93424607200006,40.47629782400003],[110.88699023300006,40.48837585200005],[110.83903391400008,40.50962906700005],[110.81765081500004,40.534169408000025],[110.81202172700006,40.56189138000008],[110.79646103500005,40.59451435700004],[110.76682423600005,40.61196032200007],[110.74282894200007,40.64484026900004],[110.74942530700008,40.676775157000066],[110.75940018100005,40.704475408000064],[110.74648003300007,40.731506394000064],[110.71674301100006,40.770069496000076],[110.69164651900007,40.82776780100005],[110.69686579300009,40.85699952300007],[110.69714989000005,40.883631716000025],[110.68249006200006,40.923565634000056],[110.64068632300007,40.92022400400003],[110.59743847900006,40.912322492000044],[110.60146118700004,40.94205782600005],[110.61590460300005,40.97469579300008],[110.63247045200006,41.00175920800007],[110.64384428400007,41.03311340600004],[110.64193788800009,41.06440060800003],[110.61769939000004,41.096358707000036],[110.59978877800006,41.12306989900003],[110.59512029200005,41.15949458600005],[110.58175372800008,41.192047030000026],[110.55756038000004,41.21480425300007],[110.51264469900008,41.23539405300005],[110.47146033300004,41.25862811600007],[110.46147922200004,41.28784989900004],[110.53393860400007,41.30553949700004],[110.57933444700006,41.30421656100003],[110.62687312800006,41.319819825000025],[110.66970902600008,41.33784181200008],[110.70860926900008,41.36103538800006],[110.74723264700003,41.36813574700005],[110.79594025500006,41.360206437000045],[110.81823712700009,41.33654523100006],[110.84116611500008,41.31331577200007],[110.87562170000007,41.301206594000064],[110.91310110000006,41.309680412000034],[110.94428980700008,41.32431383800008],[110.98385387600007,41.32671727700006],[111.01174055200005,41.30652006100007],[111.04741489800006,41.29478777000003],[111.08929674600006,41.285597058000064],[111.12661854200007,41.271495069000025],[111.16108102000004,41.24092660700006],[111.20207436300007,41.228057482000054],[111.24097604100007,41.24926112700007],[111.29133784300006,41.278782388000025],[111.32430281900008,41.29188412500008],[111.37981157300004,41.29684073800007],[111.38669786100007,41.34670268800005]]]}},{"type":"Feature","properties":{"code":"CN015070","name":"Hulunbuir","label":"Hulunbuir · 呼伦贝尔市","type":"Prefecture-level city","parentCode":"CN-NM"},"geometry":{"type":"Polygon","coordinates":[[[125.98496391700007,50.946519425000076],[125.97784478300002,50.917620527000054],[125.92804360100001,50.85251405900004],[125.866800753,50.85532634200007],[125.80529952000006,50.78774909100008],[125.76254432700011,50.77375343300008],[125.74108972500005,50.73158806500004],[125.68368081000006,50.72652274300003],[125.71506567300003,50.69361524000004],[125.71802511500005,50.58971825000003],[125.73664349100011,50.55076753800006],[125.72422217500002,50.52249453200005],[125.68563036800003,50.47850471500004],[125.63017799400006,50.48063641600004],[125.57903767000005,50.43056541700008],[125.50181146700004,50.43493364100004],[125.49613152900008,50.387507509000045],[125.45966658600003,50.398685399000044],[125.4472180360001,50.32243620400004],[125.42950185500001,50.29474252700004],[125.39634374600007,50.27234719000006],[125.37576598100009,50.25602930100007],[125.37188269400008,50.21584921300007],[125.3605300590001,50.19120485500008],[125.31281244700006,50.17768758200003],[125.28517138200004,50.154723614000034],[125.29933553600006,50.12008068500006],[125.22995865700011,50.10877865200007],[125.22034136700006,50.09133903000003],[125.25079572900006,50.055048009000075],[125.24829496100006,50.04424938600005],[125.22575518500003,50.04287846600005],[125.19987281200008,50.02711283300005],[125.20821339000008,50.015205148000064],[125.19987603200002,49.979229985000075],[125.1840316360001,49.95874881700007],[125.14027714400004,49.93744860400005],[125.14070610600004,49.91531204900008],[125.17155749200003,49.85694466800004],[125.16409131600005,49.82458832700007],[125.13207220000004,49.805778908000036],[125.15121644900012,49.79278686500004],[125.17243482200001,49.76486270100003],[125.14800262300002,49.63497802000006],[125.14013760500006,49.62475912800005],[125.09572124500005,49.647674031000065],[125.07084864000001,49.635515551000026],[125.06756686100005,49.62114623000008],[125.1273148350001,49.59298851700004],[125.16631625100001,49.52284251200007],[125.20027663200005,49.383453392000035],[125.1928508850001,49.303453432000026],[125.14833737100003,49.20529961500006],[125.13931107000008,49.16588745300004],[125.10435081900005,49.13281145600007],[125.05499251100002,49.10853887900004],[125.03276449700002,49.10715111800005],[125.0076374360001,49.11704972700005],[124.97130063700001,49.150078878000045],[124.92521580900006,49.140095648000056],[124.87783002000003,49.14856552600003],[124.8526564980001,49.15843607200003],[124.82961855700012,49.15343213800003],[124.76484116000006,49.10863783100007],[124.74239093400001,49.081570113000055],[124.74646880000012,49.026216196000064],[124.72189182600005,49.01402830400008],[124.70678021600008,48.94597496600005],[124.69667162200005,48.92501926600005],[124.65137421400004,48.89294468300005],[124.64525203900007,48.88989540500006],[124.59746681000001,48.82147683100004],[124.59195510000006,48.796415728000056],[124.59238949300004,48.74882474800006],[124.56087138500004,48.704423320000046],[124.55665196700011,48.635389006000025],[124.53583847400012,48.58994809300003],[124.50147187700009,48.55681706800004],[124.49651813800006,48.484255062000045],[124.46896111000001,48.432215006000035],[124.4619892610001,48.400049024000054],[124.50909528000011,48.29317413000007],[124.51021577900008,48.22374287100007],[124.47837474100004,48.20138145100003],[124.4591789970001,48.13763708300007],[124.42123718100004,48.086715696000056],[124.4177136300001,48.14539816800004],[124.35529392900003,48.20625463500005],[124.34258589500007,48.24762787800006],[124.30715329100008,48.28393483200006],[124.2694066570001,48.30951144200003],[124.25203865800006,48.32945093600006],[124.24912036500007,48.39177128700004],[124.25676041000008,48.42752106100005],[124.24170492500002,48.48373999700004],[124.16207559700001,48.51703073300007],[124.10209104800003,48.44907227600004],[124.03090131500005,48.413898936000066],[123.97404349500005,48.362737836000065],[123.88811350700007,48.30155558200005],[123.81741649800006,48.26080622500007],[123.7585304700001,48.218021787000055],[123.6776908600001,48.15995888900005],[123.64586474100008,48.110064548000025],[123.62394703900009,48.08203839300006],[123.56366813500006,48.03753867900008],[123.49276338100003,47.986732235000034],[123.4020418240001,47.950475254000025],[123.31508636500007,47.93932170900007],[123.2831788950001,47.92767008700008],[123.26835464600003,47.91967258400007],[123.23984665100011,47.85152429000004],[123.23235404400009,47.83400932500007],[123.1457455310001,47.76908092800005],[122.99837265400004,47.721394857000064],[122.94133259500006,47.71738340600007],[122.87537196800008,47.67777779000005],[122.85956737000004,47.66828460500005],[122.77911330400002,47.625401415000056],[122.7243582960001,47.59994811200005],[122.68310939500009,47.57599327200006],[122.57013896800004,47.54229264700007],[122.52421316800007,47.52450972100007],[122.50052656200012,47.48302733400004],[122.47161555500008,47.413001517000055],[122.4395052860001,47.38313495400007],[122.39174043800006,47.32561828100006],[122.31483129800006,47.271380545000056],[122.27467120600011,47.26187790800003],[122.24690036000004,47.23593825900008],[122.22284750600011,47.20247149900007],[122.17621632900011,47.181494790000045],[122.12874565300001,47.16864849800004],[122.08553890700011,47.15090093200007],[122.0385528170001,47.13395716600007],[121.9856492020001,47.151107153000055],[121.9324433270001,47.166947908000054],[121.88023161300009,47.17818306600003],[121.8272377620001,47.17962286300008],[121.79562711800008,47.19692569600005],[121.73590486100011,47.20747356600003],[121.68287298400003,47.20261978000008],[121.64704522500006,47.18762915600007],[121.62106909700003,47.149812086000054],[121.60312548600007,47.11526944000008],[121.55978195400007,47.11170095300008],[121.50870225500012,47.118669684000054],[121.46708687400007,47.123406329000034],[121.39871194900002,47.111372688000074],[121.37434377200009,47.086796872000036],[121.34171683200009,47.07056794400006],[121.29433033400005,47.07935654600004],[121.26223182000001,47.046092902000055],[121.19972255300002,47.08481267500008],[121.13844339000002,47.09079286000008],[121.09179824300008,47.096763458000055],[121.03511934300002,47.089323809000064],[120.98803002700004,47.083246501000076],[120.9452104510001,47.08838500200005],[120.8961206460001,47.108808588000045],[120.86357380600009,47.12551987100005],[120.79095273400003,47.14485540600003],[120.73760436300006,47.164242698000066],[120.70415138200008,47.18010197600006],[120.63893348600004,47.186644081000054],[120.59668975700004,47.19521122000003],[120.58496673700006,47.23730500200003],[120.62339655400001,47.26348509600007],[120.66360449800004,47.27832266400003],[120.6966576960001,47.317471418000025],[120.68661190400007,47.34426099900003],[120.65112948400008,47.37056564400007],[120.61496091900005,47.390220733000035],[120.5719488740001,47.42610056400008],[120.56276295400005,47.45415245500004],[120.57239251100009,47.48283802700007],[120.53149972200004,47.48901460800005],[120.47459324400006,47.49519963000006],[120.3957388880001,47.50903151300008],[120.35464469300007,47.52456377200008],[120.31378663300006,47.54140784800006],[120.2791103300001,47.56979578500005],[120.24241385800008,47.591180628000075],[120.20988524300003,47.56795828200006],[120.17017689200009,47.55604929700007],[120.12155293600006,47.56051092200005],[120.0931794170001,47.527091247000044],[120.03811620300007,47.50435755500007],[119.98326113600001,47.48604726000008],[119.92539585500003,47.47645683300004],[119.86529998500009,47.47998044000008],[119.81569180100007,47.46432013200007],[119.7891260670001,47.443232763000026],[119.74602373700009,47.40470756900004],[119.71481517400002,47.38711115400008],[119.6766824130001,47.37540931900003],[119.63023746500005,47.35812350800006],[119.56385375100001,47.31937200300007],[119.49911664800004,47.315995661000045],[119.4624866260001,47.33431067200007],[119.41773613900011,47.37751803900005],[119.37915813300003,47.38986300100004],[119.33749388500007,47.43769972800004],[119.33595076600011,47.45158781100008],[119.36064069000008,47.47936397500007],[119.14460385400002,47.52102822200004],[119.1214570510001,47.65682280400006],[118.76808251400007,47.77255682300006],[118.56130440000004,47.994766139000035],[118.48414838700012,47.99939550000005],[118.46563094300006,47.991679899000076],[118.4131648560001,48.02254230400007],[118.33600884200007,48.03334414500006],[118.27737027300009,48.019456063000064],[118.17063779000011,48.06394936400005],[118.03895819500008,48.02279949000007],[117.9257960430001,48.02074199700007],[117.87230120800007,48.035144452000054],[117.7900014600001,48.02279949000007],[117.7295867570001,47.97311634600004],[117.72840837900003,47.97289439100007],[117.71286538300001,47.967235075000076],[117.66671450600006,47.92909042800005],[117.6394082810001,47.90194854300006],[117.60317579900004,47.87984971700007],[117.58454770300011,47.85384080800003],[117.47726242300007,47.76561278200006],[117.42413241700001,47.71248277600006],[117.39814707300002,47.691417039000044],[117.35703367500003,47.660007576000055],[117.06576368900005,47.835567567000055],[116.84355437400006,47.90346485800006],[116.67895487900012,47.90140736400008],[116.42794065300006,47.849970022000036],[116.24688121000008,47.884947415000056],[116.11725910900009,47.835567567000055],[116.10044724500005,47.821129143000064],[116.08175462800011,47.815511008000044],[116.05059015800009,47.79836226500004],[116.0129169060001,47.78421946000003],[115.9737679000001,47.751759812000046],[115.93429603400011,47.71472983000007],[115.92022772300004,47.69930008500006],[115.55967832400006,47.92609728800005],[115.52881592000006,48.05366189500006],[115.53293090600005,48.070121845000074],[115.52881592000006,48.10715673100003],[115.5411608820001,48.123616680000055],[115.52881592000006,48.138019136000025],[115.65453544000002,48.19085777500004],[115.65876155900003,48.19220507700004],[115.66088602000002,48.19352685900003],[115.81275004600002,48.257353769000076],[115.78368794800008,48.51479766400007],[116.07379455400007,48.81570611300003],[116.03984590800007,48.86199972000003],[116.70353169400005,49.82454146500004],[116.7591271880001,49.79797929400007],[116.8308297750001,49.760620774000074],[116.91889157000003,49.73456252500006],[116.96182933300008,49.71785707400005],[117.0002530160001,49.683744011000044],[117.04998689100012,49.65188852400007],[117.11898163500007,49.63212344600004],[117.18469859000004,49.62174074300003],[117.2087973570001,49.61230644800003],[117.26259290400003,49.60798412100007],[117.3043557420001,49.607481033000056],[117.31677322300004,49.60733011800005],[117.36845942000002,49.60955255700003],[117.45151544100008,49.60564433600007],[117.50193471500006,49.595840931000055],[117.54818629500005,49.58621853500006],[117.5831772470001,49.54933521100003],[117.66078145900008,49.52149546000004],[117.70349049200001,49.505520647000026],[117.74115540600008,49.49026674800007],[117.76877186200011,49.51804880000003],[117.78079977300001,49.52621318300004],[117.80237000000011,49.519160000000056],[117.80298000000005,49.51896000000005],[117.80801000000008,49.52070000000003],[117.81193000000007,49.526320000000055],[117.8148900000001,49.53361000000007],[117.82284000000004,49.53828000000004],[117.83042000000012,49.54272000000003],[117.83452000000011,49.548020000000065],[117.83577000000002,49.54885000000007],[117.84282000000007,49.55279000000007],[117.84694000000002,49.556620000000066],[117.84239000000002,49.559920000000034],[117.83462000000009,49.563810000000046],[117.84061000000008,49.56827000000004],[117.85395000000005,49.574790000000064],[117.8576700000001,49.583120000000065],[117.85770661200002,49.583665653000025],[117.89868724500002,49.598624605000055],[117.90116402400008,49.59889895300006],[117.90205000000003,49.59893000000005],[117.90249620300006,49.599046516000044],[117.9268999950001,49.60174967700004],[117.93324000000007,49.60060000000004],[117.94289000000003,49.60236000000003],[117.94542514200009,49.60380167100004],[117.97335051700009,49.60689491100004],[117.99717791300009,49.60845991200006],[118.00856820600006,49.61734278800003],[118.0143700000001,49.61711000000008],[118.01551000000006,49.61696000000006],[118.01735000000008,49.61695000000003],[118.01826000000005,49.61665000000005],[118.01986000000011,49.61620000000005],[118.02147000000002,49.616640000000075],[118.03523000000007,49.61657000000008],[118.03752000000009,49.61627000000004],[118.04096000000004,49.61581000000007],[118.0483200000001,49.616850000000056],[118.0543100000001,49.61731000000003],[118.05589000000009,49.61767000000003],[118.05865000000006,49.61796000000004],[118.06186000000002,49.61794000000003],[118.06323000000009,49.61793000000006],[118.06598000000008,49.617620000000045],[118.06851000000006,49.61836000000005],[118.0738,49.619080000000054],[118.07845000000009,49.62382000000008],[118.08125000000007,49.628280000000075],[118.08453000000009,49.63423000000006],[118.09075000000007,49.63808000000006],[118.09493000000009,49.64058000000006],[118.09863000000007,49.64295000000004],[118.09783000000004,49.652190000000076],[118.09924000000001,49.654570000000035],[118.1074900000001,49.65363000000008],[118.11074000000008,49.656600000000026],[118.11085617100002,49.657873497000026],[118.13392776,49.659811596000054],[118.13829327600001,49.66413294500006],[118.14295000000004,49.66179000000005],[118.15212000000008,49.661140000000046],[118.15767000000005,49.664090000000044],[118.1594,49.673470000000066],[118.1622000000001,49.67674000000005],[118.16870000000006,49.68147000000005],[118.17294000000004,49.68979000000007],[118.17574000000002,49.69246000000004],[118.17896000000007,49.69244000000003],[118.18259000000012,49.68974000000003],[118.18391000000008,49.68526000000003],[118.18987000000004,49.684030000000064],[118.19591000000003,49.68876000000006],[118.20382000000006,49.69617000000005],[118.2103800000001,49.70477000000005],[118.21320000000003,49.70953000000003],[118.20685000000003,49.715230000000076],[118.20826000000011,49.71701000000007],[118.21930000000009,49.71753000000007],[118.22530000000006,49.718990000000076],[118.2285700000001,49.72314000000006],[118.22825000000012,49.732380000000035],[118.22697000000005,49.738950000000045],[118.2274429690001,49.73937019200008],[118.23486187100002,49.74049492900008],[118.23572000000001,49.740090000000066],[118.2402800000001,49.73708000000005],[118.2453200000001,49.736150000000066],[118.25177000000008,49.73671000000007],[118.25561397500007,49.74346336800005],[118.27613998600009,49.74622296500007],[118.30477934200007,49.75005522400005],[118.32683928800009,49.76829782400006],[118.32818000000009,49.76779000000005],[118.33094000000006,49.76807000000008],[118.3315,49.77403000000004],[118.33249,49.77819000000005],[118.33434000000011,49.77848000000006],[118.33756000000005,49.77845000000008],[118.34256000000005,49.77485000000007],[118.34670000000006,49.77451000000008],[118.34711000000004,49.77516000000003],[118.34859000000006,49.777480000000025],[118.35094000000004,49.780440000000056],[118.35373000000004,49.78191000000004],[118.36247000000003,49.78155000000004],[118.37537000000009,49.78206000000006],[118.37723000000005,49.78323000000006],[118.37588000000005,49.78473000000008],[118.36355000000003,49.79078000000004],[118.36450000000002,49.79257000000007],[118.36682000000008,49.79314000000005],[118.37326000000007,49.79280000000006],[118.3829300000001,49.793030000000044],[118.38776000000007,49.79284000000007],[118.38187000000005,49.79795000000007],[118.37413000000004,49.80308000000008],[118.38706000000002,49.80507000000006],[118.39496000000008,49.808880000000045],[118.39504000000011,49.81335000000007],[118.38136000000009,49.820910000000026],[118.37728000000004,49.82481000000007],[118.37708415600002,49.825924443000076],[118.3780128090001,49.82594955400003],[118.4303027740001,49.81943167800006],[118.44510681400004,49.838129035000065],[118.44594801200003,49.83916136100004],[118.45264000000009,49.83824000000004],[118.4607400000001,49.82833000000005],[118.46577000000002,49.82621000000006],[118.47547000000009,49.82732000000004],[118.47827000000007,49.829390000000046],[118.47833000000003,49.83236000000005],[118.47607000000005,49.83417000000003],[118.47013000000004,49.83690000000007],[118.46837000000005,49.841090000000065],[118.4725400000001,49.842550000000074],[118.4817700000001,49.84306000000004],[118.49008000000003,49.843890000000044],[118.48970000000008,49.847470000000044],[118.48057000000006,49.852310000000045],[118.4824900000001,49.85587000000004],[118.4876200000001,49.85881000000006],[118.48632000000009,49.863000000000056],[118.47999000000004,49.86931000000004],[118.48290000000009,49.87644000000006],[118.48755000000006,49.878490000000056],[118.50159000000008,49.87845000000004],[118.51160000000004,49.881560000000036],[118.52140000000009,49.88684000000006],[118.52556000000004,49.88740000000007],[118.5277000000001,49.88967000000008],[118.53352000000007,49.892990000000054],[118.5331000000001,49.89509000000004],[118.52762000000007,49.89752000000004],[118.52492000000007,49.90112000000005],[118.52498000000003,49.90410000000003],[118.5300400000001,49.90316000000007],[118.53602000000001,49.90221000000008],[118.54893000000004,49.90180000000004],[118.5498500000001,49.90149000000008],[118.55357000000004,49.90295000000003],[118.54903000000002,49.90627000000006],[118.54352000000006,49.90751000000006],[118.54174000000012,49.910510000000045],[118.54776000000004,49.911650000000066],[118.55329000000006,49.91130000000004],[118.55793000000006,49.912450000000035],[118.55845000000011,49.91513000000003],[118.5547567000001,49.91889956300008],[118.58549015100004,49.92332296500007],[118.67300601300008,49.929644679000035],[118.74559975400007,49.92838427800007],[118.8257407210001,49.94246889800007],[118.84812874300007,49.96442480600007],[118.93965407600001,49.96851029000004],[119.0244805530001,49.97478115600006],[119.04618378600003,49.98580324900007],[119.05113000000006,49.985250000000065],[119.0521500000001,49.98821000000004],[119.05363862700005,49.98958922600008],[119.05898656500005,49.99230520300006],[119.06189498000003,49.99458868700003],[119.07037000000003,49.99423000000007],[119.08054000000004,49.99410000000006],[119.08953000000008,49.99634000000003],[119.09964000000002,49.99982000000006],[119.11002000000008,50.00473000000005],[119.11342000000002,50.009750000000054],[119.11374,50.01928000000004],[119.11938000000009,50.02189000000004],[119.13277000000005,50.02111000000008],[119.13337000000001,50.025280000000066],[119.13305000000003,50.029750000000035],[119.13823000000002,50.03236000000004],[119.1473400000001,50.02806000000004],[119.15595000000008,50.02258000000006],[119.15885000000003,50.026410000000055],[119.15542000000005,50.03451000000007],[119.15787000000012,50.03835000000004],[119.16070000000002,50.039280000000076],[119.16158000000007,50.04025000000007],[119.16339000000005,50.04275000000007],[119.16531000000009,50.04614000000004],[119.1673800000001,50.04935000000006],[119.16850000000011,50.05368000000004],[119.17165000000011,50.05559000000005],[119.17267000000004,50.05855000000008],[119.17794000000004,50.06355000000008],[119.18352000000004,50.06436000000008],[119.18501000000003,50.06732000000005],[119.18001000000004,50.070080000000075],[119.1766510980001,50.072339502000034],[119.20894471000008,50.07743458500005],[119.21600925100006,50.08201119900008],[119.2191600000001,50.076970000000074],[119.22356000000002,50.07367000000005],[119.2311400000001,50.07530000000003],[119.23307000000011,50.07920000000007],[119.23292000000004,50.086310000000026],[119.23497000000009,50.09194000000008],[119.24435000000005,50.09508000000005],[119.24509000000012,50.102820000000065],[119.24980000000005,50.10484000000008],[119.25678000000005,50.105630000000076],[119.26199000000008,50.10883000000007],[119.26407000000006,50.11506000000003],[119.27011000000005,50.11556000000007],[119.27925000000005,50.11185000000006],[119.28709000000003,50.11084000000005],[119.28717000000006,50.11292000000003],[119.28959000000009,50.11587000000003],[119.28884000000005,50.12065000000007],[119.28949000000011,50.125710000000026],[119.28638000000001,50.12933000000004],[119.2880100000001,50.133710000000065],[119.28755000000001,50.13617000000005],[119.28764000000001,50.138550000000066],[119.28890000000001,50.14136000000008],[119.29608000000007,50.141110000000026],[119.30166000000008,50.141320000000064],[119.30634000000009,50.14244000000008],[119.31058000000007,50.14446000000004],[119.31416000000002,50.14694000000003],[119.31475000000012,50.150510000000054],[119.31356000000005,50.155890000000056],[119.3081800000001,50.16104000000007],[119.30919000000006,50.163110000000074],[119.31440000000009,50.16602000000006],[119.32476000000008,50.165860000000066],[119.34154000000001,50.16589000000005],[119.34193000000005,50.170060000000035],[119.33560000000011,50.174330000000054],[119.32974000000002,50.17919000000006],[119.33041000000003,50.18455000000006],[119.3366400000001,50.189820000000054],[119.34923000000003,50.191410000000076],[119.35818000000006,50.19485000000003],[119.3559600000001,50.19727000000006],[119.34586000000002,50.20040000000006],[119.33949000000007,50.20378000000005],[119.33175000000006,50.20808000000005],[119.32583000000011,50.21115000000003],[119.31948000000011,50.21542000000005],[119.31491000000005,50.21728000000007],[119.31269000000009,50.21999000000005],[119.31094000000007,50.22300000000007],[119.31199000000004,50.22626000000008],[119.31177000000002,50.23282000000006],[119.31467000000009,50.23576000000003],[119.31618000000003,50.23902000000004],[119.32464000000004,50.24157000000008],[119.3299300000001,50.24626000000006],[119.3275000000001,50.24972000000008],[119.32528000000002,50.252440000000036],[119.33001000000002,50.25475000000006],[119.34262000000001,50.25605000000007],[119.33991000000003,50.258170000000064],[119.32610000000011,50.261960000000045],[119.32247000000007,50.26440000000008],[119.32922000000008,50.27086000000003],[119.32703000000004,50.274470000000065],[119.3225000000001,50.27752000000004],[119.31614000000002,50.28179000000006],[119.32228000000009,50.284080000000074],[119.3339400000001,50.28509000000008],[119.33820000000003,50.28681000000006],[119.33856000000003,50.29256000000004],[119.33680000000004,50.29935000000006],[119.3433500000001,50.30252000000007],[119.35790000000009,50.30749000000003],[119.36141000000009,50.31000000000006],[119.36713000000009,50.31348000000003],[119.37683000000004,50.317660000000046],[119.37952000000007,50.32104000000004],[119.37729000000002,50.32346000000007],[119.36185000000012,50.32162000000005],[119.35171000000003,50.32416000000006],[119.34956000000011,50.32896000000005],[119.35878000000002,50.332400000000064],[119.36247000000003,50.33770000000004],[119.35246000000006,50.34382000000005],[119.3598300000001,50.348020000000076],[119.35484000000008,50.35138000000006],[119.3555,50.35644000000008],[119.35086000000001,50.357110000000034],[119.33861000000002,50.35342000000003],[119.33044000000007,50.359210000000076],[119.32441000000006,50.35990000000004],[119.31150000000002,50.35086000000007],[119.30529000000001,50.353540000000066],[119.2994900000001,50.35372000000007],[119.29894000000002,50.35134000000005],[119.30046000000004,50.34208000000007],[119.29662270900008,50.34016870600004],[119.29250025500005,50.340710225000066],[119.29112000000009,50.34133000000003],[119.28769000000011,50.34943000000004],[119.28271000000007,50.35338000000007],[119.27865000000008,50.35701000000006],[119.27223000000004,50.35979000000003],[119.26669000000004,50.36027000000007],[119.26047000000005,50.35669000000007],[119.25666000000001,50.35269000000005],[119.25165000000004,50.34460000000007],[119.24445000000003,50.33874000000003],[119.2337500000001,50.33890000000008],[119.22780000000012,50.34197000000006],[119.22805000000005,50.348820000000046],[119.22793000000001,50.35865000000007],[119.22570000000007,50.36167000000006],[119.2192500000001,50.36355000000003],[119.21130000000005,50.36277000000007],[119.20274000000006,50.357830000000035],[119.19170000000008,50.34845000000007],[119.18294000000003,50.34562000000005],[119.17534,50.34659000000005],[119.17498000000012,50.34987000000007],[119.18212000000005,50.35424000000006],[119.1874600000001,50.360430000000065],[119.1842200000001,50.36107000000004],[119.1697200000001,50.35949000000005],[119.15151000000003,50.358250000000055],[119.15071000000012,50.36214000000007],[119.16698000000008,50.37472000000008],[119.16612000000009,50.376820000000066],[119.16289000000006,50.37776000000008],[119.14837000000011,50.37558000000007],[119.14556000000005,50.38197000000008],[119.14168000000006,50.38431000000003],[119.13465000000008,50.38322000000005],[119.1275700000001,50.38063000000005],[119.12430000000006,50.38038000000006],[119.1205900000001,50.381020000000035],[119.12362000000007,50.38784000000004],[119.12984000000006,50.39282000000003],[119.13663000000008,50.40048000000007],[119.1371158180001,50.401920215000075],[119.16372905900005,50.404884511000034],[119.1821136310001,50.41592048600006],[119.18338477400005,50.41758164500004],[119.18939000000012,50.41613000000007],[119.19504000000006,50.410840000000064],[119.20123000000001,50.40791000000007],[119.20456000000001,50.40966000000003],[119.2052000000001,50.41471000000007],[119.20308000000011,50.42070000000007],[119.20773000000008,50.424720000000036],[119.2136200000001,50.428600000000074],[119.21483,50.43663000000004],[119.22194000000002,50.43704000000008],[119.23377000000005,50.436870000000056],[119.24263000000008,50.443970000000036],[119.24328000000003,50.44933000000003],[119.23752000000002,50.458060000000046],[119.24142000000006,50.46247000000005],[119.25087000000008,50.46561000000003],[119.25474000000008,50.469430000000045],[119.25129000000004,50.477220000000045],[119.25381000000004,50.48226000000005],[119.25163000000009,50.48676000000006],[119.2451900000001,50.48953000000006],[119.23412000000008,50.49327000000005],[119.2298300000001,50.49765000000008],[119.2310500000001,50.50089000000003],[119.2401000000001,50.50276000000008],[119.25093000000004,50.50614000000007],[119.2552300000001,50.50876000000005],[119.25862000000006,50.51198000000005],[119.25971000000004,50.516440000000046],[119.26048000000003,50.524770000000046],[119.25979000000007,50.53134000000006],[119.25808000000006,50.53583000000003],[119.25913000000003,50.539090000000044],[119.2615800000001,50.54204000000004],[119.27061000000003,50.546080000000075],[119.27222000000006,50.55171000000007],[119.26532000000009,50.55480000000006],[119.2613,50.56022000000007],[119.26225571900011,50.56515649900007],[119.26416400800008,50.56663321500008],[119.27165000000002,50.568700000000035],[119.28579000000002,50.57117000000005],[119.28547000000003,50.57941000000005],[119.28504427100006,50.582791272000065],[119.29116439900008,50.58752729300005],[119.30882757300003,50.603269424000075],[119.33415850600011,50.623214018000056],[119.3419263620001,50.63437273300008],[119.34303000000011,50.63051000000007],[119.34766000000002,50.62894000000006],[119.35206000000005,50.63364000000007],[119.35541,50.64000000000004],[119.35964000000001,50.64540000000005],[119.36380000000008,50.64943000000005],[119.36902000000009,50.652990000000045],[119.37537000000009,50.65743000000003],[119.38171000000011,50.66119000000003],[119.38328000000001,50.66564000000005],[119.38014507200012,50.670490752000035],[119.39593463900007,50.68204490100004],[119.39636652600007,50.68246358400006],[119.39660000000003,50.68241000000006],[119.39902000000006,50.683250000000044],[119.40560000000005,50.68494000000004],[119.41415000000006,50.68750000000006],[119.42214000000001,50.687670000000026],[119.4300300000001,50.68575000000004],[119.43765000000008,50.68861000000004],[119.44470000000001,50.69461000000007],[119.4454300000001,50.70115000000004],[119.44179000000008,50.70819000000006],[119.44681000000003,50.712150000000065],[119.45531000000005,50.71350000000007],[119.46068000000002,50.718480000000056],[119.46527000000003,50.727640000000065],[119.46884000000011,50.73444000000006],[119.47703000000001,50.73967000000005],[119.48626000000002,50.74433000000005],[119.49293000000011,50.74762000000004],[119.49297000000001,50.74852000000004],[119.49722000000008,50.750950000000046],[119.49973000000011,50.75478000000004],[119.49857000000009,50.76076000000006],[119.4978000000001,50.764950000000056],[119.4922600000001,50.76742000000007],[119.48815000000002,50.770170000000064],[119.48826000000008,50.77286000000004],[119.49348000000009,50.77426000000003],[119.50101000000006,50.77443000000005],[119.50440000000003,50.77676000000008],[119.50494000000003,50.77854000000008],[119.50175000000002,50.78097000000008],[119.4979800000001,50.78074000000004],[119.49617,50.782260000000065],[119.4960000000001,50.78528000000006],[119.50629000000004,50.78835000000004],[119.51861000000008,50.79082000000005],[119.51786000000004,50.795300000000054],[119.50771000000009,50.79994000000005],[119.50547000000006,50.802670000000035],[119.50535000000002,50.81101000000007],[119.50558000000001,50.81666000000007],[119.5001400000001,50.82152000000008],[119.4939700000001,50.825950000000034],[119.49419000000012,50.83131000000003],[119.4929800000001,50.83609000000007],[119.49224000000004,50.84087000000005],[119.49381000000005,50.84472000000005],[119.4986100000001,50.84702000000004],[119.49824000000001,50.863830000000064],[119.49652000000003,50.864640000000065],[119.4956400000001,50.86614000000003],[119.49380000000008,50.867360000000076],[119.49151000000006,50.86889000000008],[119.48827000000006,50.870130000000074],[119.48783000000003,50.87104000000005],[119.48697000000004,50.87284000000005],[119.4875800000001,50.87640000000005],[119.4886600000001,50.87966000000006],[119.49111000000005,50.88201000000004],[119.49301000000003,50.88227000000006],[119.49683000000005,50.88370000000003],[119.49930000000006,50.886340000000075],[119.5046000000001,50.889230000000055],[119.51173000000006,50.89552000000003],[119.5178800000001,50.902720000000045],[119.52964000000009,50.91135000000003],[119.53415000000007,50.914210000000026],[119.53849000000002,50.91652000000005],[119.5442700000001,50.91940000000005],[119.55056000000002,50.92317000000003],[119.55730000000005,50.92916000000008],[119.56088000000011,50.93219000000005],[119.56866000000002,50.93865000000005],[119.56972000000007,50.941310000000044],[119.57320000000004,50.94542000000007],[119.58198000000004,50.95712000000003],[119.58328000000006,50.96044000000006],[119.58429000000001,50.96192000000008],[119.58490623500006,50.96563666800006],[119.6247817740001,50.98204987400004],[119.6518924510001,51.00283539800006],[119.67249652300006,51.01536826100005],[119.67951000000005,51.01878000000005],[119.68171053200001,51.020972878000066],[119.69237627000007,51.02746053900006],[119.70493877500007,51.043783430000076],[119.70800000000008,51.044980000000066],[119.71693000000005,51.04767000000004],[119.72298,51.056260000000066],[119.72110000000009,51.06429000000003],[119.71983890800004,51.06543702400006],[119.7236409940001,51.072201790000065],[119.72463000000005,51.07223000000005],[119.73201000000006,51.07223000000005],[119.74006000000008,51.07362000000006],[119.73751000000004,51.07869000000005],[119.73853000000008,51.08403000000004],[119.74335000000008,51.08599000000004],[119.75893000000008,51.08860000000004],[119.76106000000004,51.093300000000056],[119.75854000000004,51.09899000000007],[119.75341000000003,51.10194000000007],[119.7471700000001,51.10552000000007],[119.74787000000003,51.11041000000006],[119.74749000000008,51.115710000000036],[119.74786000000006,51.12037000000004],[119.75159000000008,51.121650000000045],[119.76577000000009,51.12563000000006],[119.7674300000001,51.13188000000008],[119.76836000000003,51.138550000000066],[119.77623000000006,51.146510000000035],[119.77658000000008,51.15139000000005],[119.76925000000006,51.15561000000008],[119.76264000000003,51.15940000000006],[119.75857000000008,51.16216000000003],[119.76023000000009,51.16354000000007],[119.77501000000007,51.16352000000006],[119.78051000000005,51.165440000000046],[119.78230000000008,51.16992000000005],[119.78016000000002,51.17517000000004],[119.77461000000005,51.178990000000056],[119.7736900000001,51.18154000000004],[119.76476000000002,51.19365000000005],[119.76402846000008,51.195583956000064],[119.77045135200001,51.195764489000055],[119.78797663400007,51.198421221000046],[119.78864490100011,51.22095559300004],[119.79469000000006,51.21840000000003],[119.80060000000003,51.20971000000003],[119.80761000000007,51.21013000000005],[119.81684000000007,51.214150000000075],[119.8199800000001,51.21955000000003],[119.81743000000006,51.22567000000004],[119.81033000000002,51.23145000000005],[119.80376000000001,51.234590000000026],[119.79718000000003,51.23794000000004],[119.79419000000007,51.24029000000007],[119.7940724880001,51.24189599600004],[119.79473987800009,51.24417160200005],[119.79721000000006,51.247460000000046],[119.80156000000011,51.25040000000007],[119.81153000000006,51.25428000000005],[119.81975000000011,51.25783000000007],[119.81940000000009,51.26269000000008],[119.80657298800008,51.26932142000004],[119.81061154200006,51.27662081600005],[119.84704361100012,51.293235167000034],[119.85577,51.29246000000006],[119.86880000000008,51.29281000000003],[119.8770300000001,51.29614000000004],[119.88035000000002,51.30442000000005],[119.87920000000008,51.31080000000003],[119.87521000000004,51.31733000000003],[119.87516416100004,51.317793050000034],[119.87683080800002,51.31934261400005],[119.87460243300006,51.32994509700006],[119.87907000000007,51.33537000000007],[119.88063000000011,51.33596000000006],[119.88162000000011,51.33687000000003],[119.88672000000008,51.33989000000008],[119.89016000000004,51.341090000000065],[119.8966200000001,51.34464000000003],[119.9071100000001,51.34641000000005],[119.91712000000007,51.34806000000003],[119.92682000000002,51.35148000000004],[119.92776000000003,51.35248000000007],[119.93380000000002,51.35590000000008],[119.9360200000001,51.36149000000006],[119.93277000000012,51.36336000000006],[119.9170600000001,51.364900000000034],[119.91429024600006,51.36616624700008],[119.94671968500006,51.376817602000074],[119.95084778300009,51.39463006600005],[119.95451000000003,51.39486000000005],[119.96490000000006,51.395800000000065],[119.97098000000005,51.40543000000008],[119.97456000000011,51.406960000000026],[119.97562000000005,51.41431000000006],[119.96377000000007,51.42018000000007],[119.9593000000001,51.424000000000035],[119.95963000000006,51.429260000000056],[119.96508000000006,51.434150000000045],[119.97349000000008,51.43966000000006],[119.98344000000009,51.44512000000003],[119.99339000000009,51.45222000000007],[119.99452000000008,51.45860000000005],[119.99125000000004,51.46079000000003],[119.9889300000001,51.46431000000007],[119.98400000000004,51.467760000000055],[119.98220000000003,51.47130000000004],[119.97163000000012,51.48111000000006],[119.97152000000006,51.482740000000035],[119.97421000000008,51.48932000000008],[119.97811000000002,51.49333000000007],[119.97773000000007,51.498860000000036],[119.97788000000003,51.50440000000003],[119.97886000000005,51.505400000000066],[119.98035000000004,51.50641000000007],[119.98263000000009,51.508030000000076],[119.99138000000005,51.51261000000005],[120.00000000000011,51.51409000000007],[120.01834000000008,51.52255000000008],[120.02526000000012,51.53523000000007],[120.02778,51.54071000000005],[120.03949000000011,51.54886000000005],[120.04368000000011,51.55356000000006],[120.04474000000005,51.56226000000004],[120.04561000000001,51.56926000000004],[120.0486800000001,51.57078000000007],[120.05013000000008,51.57362000000006],[120.04648000000009,51.579390000000046],[120.03754000000004,51.584520000000055],[120.0352200000001,51.58854000000008],[120.03876000000002,51.59080000000006],[120.04288000000008,51.596520000000055],[120.04073000000005,51.61049000000003],[120.04873000000009,51.613500000000045],[120.04888000000005,51.61878000000007],[120.05607000000009,51.62481000000008],[120.05600000000004,51.633800000000065],[120.0680000000001,51.64134000000007],[120.08496000000002,51.64835000000005],[120.09539000000007,51.65193000000005],[120.0983500000001,51.65685000000008],[120.09516258300005,51.661683666000044],[120.10668280700008,51.66414669200003],[120.12839219700004,51.67516803400008],[120.12959000000001,51.67485000000005],[120.14918000000011,51.67649000000006],[120.15687000000003,51.67808000000008],[120.17879000000005,51.68193000000008],[120.18991000000005,51.68769000000003],[120.19761000000005,51.70229000000006],[120.2147500000001,51.70918000000006],[120.22556000000009,51.721460000000036],[120.23057000000006,51.726800000000026],[120.25704000000007,51.73050000000006],[120.26046000000008,51.73491000000007],[120.26466000000005,51.74675000000008],[120.26868000000002,51.74837000000008],[120.27471000000003,51.75055000000003],[120.2804900000001,51.750050000000044],[120.29186000000004,51.75236000000007],[120.29932296900006,51.76514218800003],[120.30668787000002,51.76870046600004],[120.32829781800001,51.78586801200004],[120.35134000000005,51.788680000000056],[120.35899000000006,51.79141000000004],[120.36917000000005,51.80383000000006],[120.37776000000008,51.80791000000005],[120.39074000000005,51.811000000000035],[120.40730000000008,51.81635000000006],[120.4025091520001,51.82375487400003],[120.41786273100001,51.82629303400006],[120.43332303500006,51.84189331500005],[120.44196000000011,51.843390000000056],[120.45297000000005,51.84516000000008],[120.4724500000001,51.85018000000008],[120.47958000000006,51.855180000000075],[120.48015315000009,51.86653430300004],[120.53950703800001,51.87561392900005],[120.59203647300001,51.89751460900004],[120.60681506300011,51.91734017400006],[120.6112700000001,51.91829000000007],[120.6468000000001,51.92488000000003],[120.65768000000003,51.93109000000004],[120.66269000000011,51.959880000000055],[120.6863800000001,51.97260000000006],[120.69915000000003,51.98127000000005],[120.7082200000001,51.98935000000006],[120.71181000000001,52.00000000000006],[120.71159000000011,52.00473000000005],[120.71179000000006,52.010710000000074],[120.70102000000009,52.021520000000066],[120.68248000000006,52.03469000000007],[120.6797600000001,52.037780000000055],[120.67959000000008,52.045810000000074],[120.68619000000001,52.05633000000006],[120.69800000000009,52.065060000000074],[120.70864000000006,52.074550000000045],[120.71541000000002,52.07797000000005],[120.7201500000001,52.08124000000004],[120.72622000000001,52.08230000000003],[120.73284000000001,52.08274000000006],[120.73799000000008,52.081900000000076],[120.74457000000007,52.083290000000034],[120.74525000000006,52.08554000000004],[120.7368100000001,52.09325000000007],[120.73264000000006,52.09659000000005],[120.73701000000005,52.101090000000056],[120.74758000000008,52.10444000000007],[120.7535600000001,52.107380000000035],[120.75938000000008,52.11245000000008],[120.76316000000008,52.120790000000056],[120.76227000000006,52.12739000000005],[120.75993000000005,52.13301000000007],[120.75659000000007,52.13830000000007],[120.75672000000009,52.144990000000064],[120.76663000000008,52.15234000000004],[120.7745000000001,52.15847000000008],[120.77929000000006,52.165170000000046],[120.77638000000002,52.17204000000004],[120.7603600000001,52.184960000000046],[120.75007000000005,52.19610000000006],[120.74425000000008,52.20464000000004],[120.73738000000003,52.20860000000005],[120.73496000000011,52.21579000000003],[120.73497000000009,52.225550000000055],[120.73851000000002,52.23664000000008],[120.75079000000005,52.250590000000045],[120.74839000000009,52.25903000000005],[120.74309000000005,52.26207000000005],[120.72501000000011,52.26455000000004],[120.70797000000005,52.26674000000003],[120.69791000000009,52.27252000000004],[120.69684000000007,52.278620000000046],[120.69376000000011,52.284230000000036],[120.68454000000008,52.29272000000003],[120.6689100000001,52.29682000000008],[120.64526000000001,52.30705000000006],[120.63242000000002,52.31655000000006],[120.62700000000007,52.32179000000008],[120.62560000000008,52.33814000000007],[120.62210000000005,52.34594000000004],[120.61899000000005,52.35107000000005],[120.61571000000004,52.35478000000006],[120.61545000000001,52.35949000000005],[120.62198000000001,52.362460000000056],[120.6301400000001,52.36357000000004],[120.63732000000005,52.36403000000007],[120.64173000000005,52.36515000000003],[120.64623000000006,52.37051000000008],[120.64567000000011,52.38088000000005],[120.64480000000003,52.38748000000004],[120.64625000000001,52.39109000000008],[120.64911000000006,52.39355000000006],[120.6514800000001,52.39737000000008],[120.65388000000007,52.40057000000007],[120.66213000000005,52.40986000000004],[120.67099000000007,52.417590000000075],[120.6813800000001,52.42567000000008],[120.6836800000001,52.430750000000046],[120.68645000000004,52.43679000000003],[120.68559000000005,52.44338000000005],[120.68157000000008,52.45118000000008],[120.67792000000009,52.46181000000007],[120.67812000000004,52.467790000000036],[120.67923000000008,52.476000000000056],[120.69076000000007,52.482210000000066],[120.69448000000011,52.48496000000006],[120.69978000000003,52.491990000000044],[120.69475000000011,52.49945000000008],[120.68454000000008,52.50712000000004],[120.6810200000001,52.511330000000044],[120.68144000000007,52.51523000000003],[120.68347000000006,52.51780000000008],[120.6881800000001,52.519780000000026],[120.71863000000008,52.528050000000064],[120.72941000000003,52.53239000000008],[120.73246000000006,52.53827000000007],[120.73310000000004,52.545840000000055],[120.7218600000001,52.55349000000007],[120.70942000000002,52.55420000000004],[120.69780000000003,52.54925000000003],[120.68700000000001,52.54840000000007],[120.67632000000003,52.555120000000045],[120.67192000000011,52.56007000000005],[120.6681900000001,52.562200000000075],[120.66443000000004,52.56496000000004],[120.65678000000003,52.567800000000034],[120.64368000000002,52.57132000000007],[120.63069000000007,52.57263000000006],[120.61968000000002,52.57555000000008],[120.61367000000007,52.58141000000006],[120.6074900000001,52.59042000000005],[120.59598000000005,52.59302000000008],[120.57219000000009,52.59316000000007],[120.5585000000001,52.59760000000006],[120.54296000000011,52.607350000000054],[120.52719000000002,52.611740000000054],[120.5145500000001,52.61588000000006],[120.49647000000004,52.62432000000007],[120.47764000000006,52.63683000000003],[120.46070000000009,52.643380000000036],[120.44574000000011,52.64243000000005],[120.43618000000004,52.63782000000003],[120.40822000000003,52.620520000000056],[120.39802000000009,52.61809000000005],[120.39025000000004,52.61824000000007],[120.38560000000007,52.618130000000065],[120.37984000000006,52.61927000000003],[120.33938,52.62119000000007],[120.31802000000005,52.62354000000005],[120.30554000000006,52.624520000000075],[120.29570000000001,52.624600000000044],[120.28487000000007,52.624040000000036],[120.25839000000008,52.61319000000003],[120.24070000000006,52.60648000000003],[120.22426000000007,52.596010000000035],[120.19775000000004,52.58280000000008],[120.18645000000004,52.58158000000003],[120.17400000000009,52.58223000000004],[120.16093000000001,52.584430000000054],[120.14679000000001,52.587240000000065],[120.13064000000008,52.58905000000004],[120.11146000000008,52.58984000000004],[120.10062000000005,52.58958000000007],[120.08775000000003,52.58863000000008],[120.07018000000005,52.58851000000004],[120.0596700000001,52.591080000000034],[120.05324000000007,52.59438000000006],[120.05027000000007,52.59998000000007],[120.04615000000001,52.60743000000008],[120.04347000000007,52.61650000000003],[120.04304000000002,52.622790000000066],[120.04066000000012,52.62745000000007],[120.03876000000002,52.63244000000003],[120.0345900000001,52.64052000000004],[120.03438000000006,52.651230000000055],[120.03653000000008,52.65739000000008],[120.03950000000009,52.66348000000005],[120.04168000000004,52.669520000000034],[120.04557000000011,52.68095000000005],[120.05228000000011,52.68899000000005],[120.06353000000001,52.70659000000006],[120.06259000000011,52.712870000000066],[120.05708000000004,52.72533000000004],[120.05144000000007,52.73968000000008],[120.03350000000012,52.759340000000066],[120.0330730180001,52.76019750700004],[120.0964845950001,52.78213350100003],[120.1674484350001,52.79656032200006],[120.21118366900009,52.81459858100004],[120.26274850300001,52.84537932600006],[120.31986235600004,52.89284364500003],[120.32530042400003,52.897400203000075],[120.32968000000005,52.89790000000005],[120.33510000000001,52.898810000000026],[120.34095000000002,52.900990000000036],[120.34703000000002,52.90805000000006],[120.34708288200011,52.91565172800006],[120.38304976800009,52.94578838900003],[120.38881000000003,52.94715000000008],[120.40117000000009,52.95404000000008],[120.41118000000006,52.965280000000064],[120.41453985200008,52.96953880800004],[120.45513181700005,52.99874056300007],[120.49491270200008,53.02503498400006],[120.50040000000001,53.027640000000076],[120.50488000000007,53.031510000000026],[120.5050942470001,53.03176479600006],[120.52561500400009,53.045328632000064],[120.5961790880001,53.08241464900004],[120.62413586500008,53.10073728500004],[120.62690000000009,53.10137000000003],[120.64076000000011,53.106220000000064],[120.6431500000001,53.11036000000007],[120.64763000000005,53.119260000000054],[120.65131000000008,53.12862000000007],[120.65498000000002,53.134690000000035],[120.66108000000008,53.13668000000007],[120.66995000000009,53.137170000000026],[120.68026000000009,53.14020000000005],[120.68995000000007,53.14495000000005],[120.69238000000007,53.14846000000006],[120.69500000000005,53.15324000000004],[120.69697000000008,53.160520000000076],[120.69571000000008,53.16443000000004],[120.69550000000004,53.168360000000064],[120.6949627780001,53.170364250000034],[120.71083969400001,53.18300047300005],[120.74327944000004,53.192217517000074],[120.75542862100008,53.21017323700005],[120.76322000000005,53.21104000000008],[120.79216000000008,53.21929000000006],[120.79954000000009,53.22367000000003],[120.80433000000005,53.23273000000006],[120.8098500000001,53.23771000000005],[120.81767000000002,53.23864000000003],[120.82339000000002,53.237100000000055],[120.82905000000005,53.23649000000006],[120.83386000000007,53.23760000000004],[120.83441000000005,53.239580000000046],[120.83783000000005,53.24452000000008],[120.82717000000002,53.25314000000003],[120.82068000000004,53.261990000000026],[120.81977000000006,53.264500000000055],[120.82143000000008,53.267990000000054],[120.83028622600011,53.27029437600004],[120.86815065200005,53.27119324200004],[120.93751542100006,53.253142972000035],[120.99536856300006,53.25486924200004],[121.06352611400007,53.26536772600008],[121.14254408700003,53.25225042900007],[121.21686112300006,53.26415448600005],[121.34340753400011,53.28754247900008],[121.46523636300003,53.31739945500004],[121.4785298380001,53.29825174400003],[121.51746076800009,53.255996621000065],[121.55598683000005,53.227821422000034],[121.607391731,53.21457725700003],[121.61944952900001,53.177152094000064],[121.63984199000004,53.14565510700004],[121.68104126600008,53.12474339000005],[121.73509181600002,53.10284144800005],[121.76892205500008,53.05814644900005],[121.80184629000007,53.03222658700008],[121.80306308000002,53.01530676100003],[121.78348129000005,52.98781559200006],[121.77656339800001,52.981801904000065],[121.74155142400002,52.964857222000035],[121.70186895600011,52.95387077200007],[121.67502861100002,52.92600856700005],[121.66005487100006,52.891646077000075],[121.6279756670001,52.842709640000066],[121.60071567500006,52.79623195400006],[121.56989954900007,52.75376211300005],[121.52830556300012,52.72331051100008],[121.47461015900001,52.69749540500004],[121.44283342400001,52.68121996600007],[121.40889601700007,52.64459881700003],[121.35553752200008,52.603827866000074],[121.30118299100002,52.57337572800003],[121.2446643080001,52.53842520400008],[121.20320063100007,52.50700799500004],[121.20648314100004,52.50117794600004],[121.2167220990001,52.49390906800005],[121.26123022100012,52.50181058600003],[121.29979565300005,52.51665325300007],[121.33069793000004,52.51250341100007],[121.36023292900006,52.492612517000055],[121.41178725100008,52.443142022000075],[121.44927831700011,52.419853610000075],[121.52223133200005,52.402260280000064],[121.64369281800009,52.39117731700003],[121.71507492600006,52.38105861000008],[121.72196481500009,52.37120216200003],[121.72782542800007,52.36280794900006],[121.74462836100008,52.33876158100003],[121.78617416300006,52.27599937200006],[121.8112837430001,52.24893446600004],[121.85891191700011,52.227564019000056],[121.93563203500003,52.23180238800006],[121.99760299900004,52.256708057000026],[122.0228758500001,52.28448664600006],[122.04680914100004,52.30493944400007],[122.06520635200002,52.341645268000036],[122.10253297000008,52.37966298300006],[122.12906796900006,52.42878796900004],[122.14916525700005,52.458874654000056],[122.17835880300004,52.46865501100007],[122.2030042990001,52.454579686000045],[122.26762657100005,52.44659470500005],[122.29649162400005,52.43215451000003],[122.33754495300002,52.39901623900005],[122.34956067600001,52.327247741000065],[122.41316505400005,52.32952713000003],[122.42106724200005,52.29629080900003],[122.40055216000007,52.264443603000075],[122.44904597300001,52.233490403000076],[122.51683841900001,52.25027407300007],[122.5755792970001,52.24263991000004],[122.6461626030001,52.24424122100004],[122.72117838300005,52.246365696000055],[122.7308414690001,52.23659947500005],[122.75939039500008,52.207788263000054],[122.75455393800007,52.16909496300008],[122.69255104700005,52.14542761600006],[122.63731448200008,52.12676735800005],[122.62686055600011,52.10996177900006],[122.6721815300001,52.05689279300003],[122.69377159300006,51.98535568900007],[122.69461074000003,51.946246736000035],[122.70770924100009,51.90426488300005],[122.71682285300005,51.87098927200003],[122.73455627600003,51.84535508500005],[122.75666268300006,51.820272731000045],[122.77968720400008,51.77841373800004],[122.78228972400007,51.748483545000056],[122.78135510700008,51.71514957800008],[122.81363024100006,51.67716202300005],[122.86956313700011,51.62974471200005],[122.90040724900007,51.577958530000046],[122.91410307900003,51.54711921900008],[122.93050349600003,51.50862882600006],[122.92451529800007,51.464649628000075],[122.90921294200007,51.43074424800005],[122.90893729200002,51.41244190800006],[122.90839301000005,51.37708903200007],[122.951583862,51.359497832000045],[122.99287891600011,51.34668514600003],[123.00282904000005,51.33286626900008],[123.0254116210001,51.29758285100007],[123.05706351800006,51.26521868000003],[123.11448251800005,51.25560739900004],[123.15059207100012,51.28023843400007],[123.2041099060001,51.25149303400008],[123.24043715000005,51.21497548900004],[123.3130469460001,51.20395142600006],[123.4041342490001,51.24124780500006],[123.51717092700005,51.27468281200004],[123.57804895000004,51.32201890300007],[123.61222093700007,51.34303970800005],[123.63785094800005,51.39727713600007],[123.6729236860001,51.40894146000005],[123.78184622700007,51.34803576400003],[123.84244006800009,51.32672098200004],[123.8684831270001,51.309493959000065],[123.91292149800006,51.298907489000044],[123.9641127210001,51.28676230100007],[123.99639763500011,51.305089904000056],[124.06561429300007,51.278250617000026],[124.08821490800005,51.310442160000036],[124.14238937100004,51.33782692900007],[124.20110247900004,51.334163885000066],[124.25573436600007,51.29283299400004],[124.29018770200003,51.275655277000055],[124.35976647400003,51.27646354600006],[124.40082698800006,51.282745170000055],[124.3972662220001,51.32390305500007],[124.43640799100001,51.37212793000003],[124.49620628200012,51.37938449300003],[124.53850866500011,51.35303560600005],[124.6039349020001,51.32256980000005],[124.65727754000011,51.32017674600007],[124.67422757700001,51.35101680500003],[124.71520523700008,51.38137556300006],[124.77045657300005,51.38711053500003],[124.81670788400004,51.40300453800006],[124.85362431600004,51.43374545900008],[124.89512386700005,51.44730139100005],[124.90745245500011,51.463737181000056],[124.89990518700006,51.48028407400005],[124.88895001700007,51.49437977500003],[124.91912195800012,51.52021798100003],[124.9673057660001,51.53776107400006],[125.01422525600003,51.56192705800004],[125.02209901200001,51.59556357900004],[125.02894199100001,51.60046439900003],[125.03914916000008,51.64410657700006],[125.066125381,51.67399617400008],[125.1265824730001,51.65212182800008],[125.14770609900006,51.638837040000055],[125.20149749200004,51.62505891300003],[125.2504151500001,51.608956661000036],[125.2901420280001,51.60214519800007],[125.32217624900011,51.569118830000036],[125.35969826600001,51.55320395600006],[125.41969098100003,51.51823996600007],[125.46712887000001,51.48454026600007],[125.51317989600011,51.44538856200006],[125.61090380100006,51.36080213000008],[125.68035306900003,51.24957124600007],[125.72327181200001,51.193108952000046],[125.76013890600007,51.181814486000064],[125.79654038800004,51.122307575000036],[125.81968533100007,51.10132035200007],[125.88489838400005,51.090704783000035],[125.91421353100009,51.095015740000065],[125.92842117700002,51.03785037700004],[125.98732738300009,51.00189704600007],[125.98496391700007,50.946519425000076]]]}},{"type":"Feature","properties":{"code":"CN015080","name":"Ordos","label":"Ordos · 鄂尔多斯市","type":"Prefecture-level city","parentCode":"CN-NM"},"geometry":{"type":"Polygon","coordinates":[[[109.38703075000006,40.51923865100008],[109.42025063400007,40.51938558100005],[109.44940885300008,40.51029459000006],[109.57391322500007,40.52300176500006],[109.60302101100007,40.52001829900007],[109.63631878700005,40.507830126000044],[109.65301651000004,40.49252186900003],[109.66142920000004,40.47105170100008],[109.67811170600004,40.45573647800006],[109.71543377900008,40.461955819000025],[109.77756828100007,40.492767392000076],[109.86882633800008,40.52971055800003],[109.88546610100008,40.52051403100006],[109.90213282500008,40.495961204000025],[109.93120021600004,40.495979359000046],[110.00591453000004,40.53589519600007],[110.03083935900008,40.532815362000065],[110.08482977600005,40.502083854000034],[110.11389657200004,40.492853471000046],[110.13465431400004,40.49896757800008],[110.13472113200004,40.55115933500008],[110.21359829100004,40.51727627100007],[110.23009863500005,40.47119715100007],[110.27578411700006,40.480308756000056],[110.29644046100009,40.44956737500007],[110.35034597600009,40.440220992000036],[110.39990849700007,40.39096122600006],[110.47044799300005,40.39993012900004],[110.56943479000006,40.32279212800006],[110.61078382400007,40.313392030000045],[110.67726577000008,40.33761787700007],[110.69789810700007,40.328301303000046],[110.70160811400007,40.279172052000035],[110.74294720000006,40.272803432000046],[110.76347229800007,40.25427072400004],[110.78839542100008,40.26332974500008],[110.81344622300008,40.284658378000074],[110.83838458100007,40.29371279800006],[110.85488491500007,40.28746632900004],[110.87110698000004,40.256665518000034],[110.87487382900008,40.22287989500006],[110.88724224800006,40.21972918600005],[110.96211356600008,40.25296160800008],[111.02873548800005,40.28315083700005],[111.04901207400007,40.25083992900005],[111.09774791200005,40.23636562300004],[111.13088025600007,40.22102154400005],[111.15449547300005,40.19680742200006],[111.17428859000006,40.169056117000025],[111.21814082300006,40.154249951000054],[111.26516788200007,40.142523898000036],[111.29665143500006,40.12122417200004],[111.33694022400005,40.10340447800007],[111.31923512200007,40.08105876800005],[111.34347276000005,40.05012399800006],[111.39215683300006,40.00358498000003],[111.40792877000007,39.96352401900003],[111.41880909000008,39.88362024500003],[111.38849442100008,39.80110498300007],[111.35916064900005,39.770725036000044],[111.32579393300006,39.74345123900008],[111.33764768700007,39.71571609600005],[111.37406074400008,39.68465896300006],[111.40247943200006,39.665951723000035],[111.42693664600006,39.656484714000044],[111.43492333500006,39.64412833400007],[111.37707881700004,39.623268333000055],[111.39720999400004,39.601583651000055],[111.43372267000007,39.57971339800008],[111.43315167900005,39.54904636600003],[111.39919560000004,39.48499037500005],[111.36212164600005,39.473109882000074],[111.34536778000006,39.451809955000044],[111.33674599600005,39.427359660000036],[111.32808843000004,39.39983959600005],[111.22962280800004,39.382407116000024],[111.18877340200004,39.38585168000003],[111.13582294800005,39.40165625900005],[111.07492300200005,39.48166666100008],[111.10173770600005,39.53894421600006],[111.12706236800005,39.57146122300003],[111.09167941400005,39.58060147000003],[110.97654896900008,39.55494469000007],[110.93832407900004,39.52337404800005],[110.89074427000008,39.49981619700003],[110.81477261300006,39.469336930000054],[110.72785248800005,39.397310266000034],[110.71413053600008,39.31513204700008],[110.66293475700007,39.25614169900007],[110.52070353700009,39.309822490000045],[110.49259504100007,39.34176303400005],[110.48497624800007,39.34108017900007],[110.43594174100008,39.33664917600004],[110.38384316300005,39.29258773000004],[110.37098298400008,39.30120697700005],[110.33365783300007,39.329557571000066],[110.27249694400007,39.38184254300006],[110.21536212000007,39.440229042000055],[110.16623809200007,39.44337253100008],[110.09666771100007,39.46185782900005],[110.08028150600006,39.437334529000054],[110.07617459200009,39.406666174000065],[110.11297881300004,39.38209417000007],[110.12932296200006,39.36061103700007],[110.16193558300006,39.29616157000004],[110.11977040600004,39.275376298000026],[110.06199557300005,39.24091747400007],[109.95836801100006,39.21615133100005],[109.89836688300005,39.18339536900004],[109.84319995000004,39.124971490000064],[109.76335089100007,39.091240406000054],[109.67175957300009,39.06892837500004],[109.63453919100004,38.995436797000025],[109.61236847100008,38.94074758100004],[109.58827349100005,38.88123924300004],[109.58302153600005,38.87372605500008],[109.54299258800006,38.81654111700004],[109.46567048400004,38.81712583900003],[109.39325790600009,38.79293133600004],[109.35540502200007,38.707872449000035],[109.30533168500006,38.68462540200005],[109.33055700800008,38.61403182400005],[109.25810981300003,38.61628826100008],[109.22905197900008,38.60197177500004],[109.16050714700003,38.57059964600006],[109.12138444000004,38.52348392500005],[109.06519913700004,38.447946727000044],[109.00943440500004,38.43426995900006],[108.93920192400009,38.37536659400007],[108.89767139600008,38.34938380400007],[108.89297640800004,38.27597054700004],[108.86385970700007,38.20411597300006],[108.95071866300009,38.14385797400007],[109.01039594100007,38.08776105800007],[109.01960727700003,38.00199883000005],[108.97618255700007,37.94955880100008],[108.93382567600008,37.89522306900005],[108.88288983300004,37.94882053500004],[108.80182130800006,38.02057384900007],[108.76403285600009,37.992812128000025],[108.76941264000004,37.94866670600004],[108.73545366100007,37.90325766400008],[108.74111117000007,37.84320622000007],[108.74315086200005,37.79195784900003],[108.78209254900008,37.67389456400008],[108.69128879300007,37.654436186000055],[108.52975646900006,37.662427508000064],[108.50074793000005,37.66383687600006],[108.42494444300007,37.64790253600006],[108.32635870400009,37.620135627000025],[108.28925119100006,37.63166812400004],[108.22298529900007,37.651454210000054],[108.17047921800008,37.62861480400005],[108.08521824400009,37.62560455100004],[108.05154924700008,37.633938715000056],[108.00911601200005,37.71108246600005],[107.98495914800009,37.79291796500007],[107.92537350200007,37.815841410000075],[107.79357395800008,37.85431954200004],[107.67616643300005,37.872591562000025],[107.63373007600006,37.87662722400006],[107.59027276000006,37.880738661000066],[107.55443060400006,37.88006544800004],[107.50575544400004,37.881787203000044],[107.45868095800006,37.90474263900006],[107.44117579000005,37.94241296000007],[107.41738244600003,37.99410390300005],[107.37184140500005,38.03651344100007],[107.30644334500005,38.11297839500003],[107.28736959400004,38.12672817600003],[107.23659220400003,38.14952787900006],[107.15273417200007,38.15567424100004],[107.07621818500007,38.12213600600006],[107.04512874800008,38.10199310200005],[107.01093241100006,38.10122030800005],[106.80712289500008,38.15673967400005],[106.58406460200007,38.25897625400006],[106.51827104300008,38.30103444900004],[106.51312914800008,38.34348449100003],[106.58900372100004,38.39060313600004],[106.60866311300003,38.44507336700008],[106.61021144800009,38.56452419200008],[106.64505522900004,38.698102937000044],[106.69542056000006,38.77546246800006],[106.72984670300008,38.817901034000045],[106.76761353500007,38.84499820900004],[106.81958032200004,38.87551199300003],[106.95071597200007,38.92613543900006],[106.97351184000007,38.961398331000055],[106.96678239400006,39.00695548200008],[106.93358697700006,39.04641851300005],[106.84500590200008,39.07360160200005],[106.84296865900006,39.12110049200004],[106.80653180900003,39.18618610900006],[106.78231716100004,39.22936999900003],[106.85518688200005,39.26698680700008],[106.89352657100005,39.28065360000005],[106.91778980000004,39.30901152900003],[106.92230702800003,39.31928147600007],[106.92488303100004,39.31931557300004],[106.95945653600006,39.32218344700004],[106.96720110500007,39.33144433500007],[106.97244799600008,39.34074209400006],[106.99810805500005,39.36510988500004],[107.04784862300005,39.427359082000066],[107.06934960200005,39.462281490000066],[107.07293953600004,39.48322964500005],[107.08167817500004,39.50897344800006],[107.09460594200004,39.523023323000075],[107.10088471100005,39.532301360000076],[107.10255815700003,39.53827636600005],[107.09552632100008,39.555642050000074],[107.06840091000004,39.59020177800005],[107.05654693800005,39.61514308000005],[107.03256469800004,39.72917558100005],[107.02128034400005,39.776241139000035],[107.01498276800004,39.82210642100006],[106.99639858500007,39.84227033500008],[106.97525697600008,39.86134423400006],[106.94507995600009,39.86291365500006],[106.92259634500004,39.85048405200007],[106.85449476600007,39.825563113000044],[106.80832652900006,39.81081662100007],[106.79395747700005,39.79938136700008],[106.77839033600009,39.80071562400008],[106.75195066700007,39.810444749000055],[106.72498278900008,39.79793795100005],[106.70899314400003,39.845101455000076],[106.67782328000004,39.89651649000007],[106.72501291800006,39.946799148000025],[106.71853702800007,39.99883774600005],[106.70491664500008,40.02613339100003],[106.71233234800007,40.044734911000035],[106.75978340800003,40.09193779100008],[106.83978235300003,40.152185200000076],[106.89177840300005,40.19330691500005],[106.98415435100009,40.259886780000045],[107.03993544400004,40.313325260000056],[107.14161978700008,40.361583017000044],[107.16966384500006,40.386739334000026],[107.14236477100008,40.447583802000054],[107.19058109400004,40.48851766800004],[107.18403693500005,40.54980659600005],[107.19637785400005,40.55313233700008],[107.22924853900008,40.563022224000065],[107.25112585400007,40.64332898500004],[107.27977293200007,40.65619064900005],[107.31766497900009,40.64466194800008],[107.36342625400005,40.64556398700006],[107.41178473400004,40.68949026400003],[107.46983907100008,40.69672918300006],[107.50206105500007,40.72804234400007],[107.54297581300006,40.750291514000025],[107.62952556000005,40.77947189400004],[107.67486390400006,40.79561368000003],[107.71498091600006,40.84544595500006],[107.78181919200006,40.843481428000075],[107.88981824300004,40.86055274300003],[107.92789780300006,40.842708051000045],[108.00672260200008,40.859242890000075],[108.06988701300008,40.838653253000075],[108.13630236200004,40.851861324000026],[108.15739167900006,40.84293372900004],[108.18344883200007,40.803353737000066],[108.22506285000009,40.80697145200003],[108.25856916100008,40.80125953000004],[108.30509027100004,40.774201238000046],[108.33814078000006,40.786894962000076],[108.37099421000005,40.80879159400007],[108.43510211700004,40.738898637000034],[108.48951259100005,40.72722979100007],[108.53129352800005,40.72154701300008],[108.55236240700003,40.70948615300006],[108.56099889600006,40.69421821700007],[108.56206667500004,40.64202874400007],[108.62013359800005,40.65183937200004],[108.65406440200007,40.61840654000008],[108.70397058800006,40.61888471200007],[108.72083364800005,40.60675947500005],[108.73424454300005,40.55468537000007],[108.74277206500005,40.54248088600008],[108.77622211600004,40.53050602800005],[108.79693661600004,40.53376293200006],[108.85825599500004,40.59569630000004],[108.94648726700007,40.534996214000046],[108.97539309000007,40.547493787000064],[109.02914834400008,40.56630480900003],[109.05418214100007,40.56034244700004],[109.10460819700006,40.51769544600006],[109.17097480500007,40.52425260800004],[109.18816271300005,40.47523566900003],[109.24594686400008,40.50625979200004],[109.27114924700004,40.47876756000005],[109.30024952000008,40.47584538000007],[109.33778818000008,40.45761676800004],[109.37931540500006,40.45473644500004],[109.44141358500008,40.47341757700008],[109.39126638200008,40.51004794600004],[109.38703075000006,40.51923865100008]]]}},{"type":"Feature","properties":{"code":"CN015090","name":"Tongliao","label":"Tongliao · 通辽市","type":"Prefecture-level city","parentCode":"CN-NM"},"geometry":{"type":"Polygon","coordinates":[[[122.22152911,44.25163581400005],[122.22690579000005,44.24602804400007],[122.28267233800011,44.223195059000034],[122.39559359100008,44.21391760100005],[122.52153638900006,44.25681796300006],[122.58572146000006,44.28789589500008],[122.68650397800002,44.35158906500004],[122.72930926300012,44.37646546000008],[122.8175384650001,44.40528453300004],[122.89439080700004,44.454882620000035],[122.98090347200002,44.500861359000055],[123.07570369500002,44.51205930100008],[123.07897145800007,44.51244245400005],[123.11984188300005,44.498735631000045],[123.11073373300007,44.457312467000065],[123.0948690130001,44.41383274700007],[123.08945758800007,44.37836487900006],[123.133358971,44.32031040900006],[123.18196685700002,44.294161433000056],[123.20754725000006,44.23421605300007],[123.27511495100009,44.18107104000006],[123.31380040600004,44.15042510500007],[123.32693525200011,44.07276771700003],[123.31952114800004,44.066531919000056],[123.30790714800003,44.031926310000074],[123.31870287000004,43.99172036400006],[123.35602583500008,43.945717959000035],[123.39842647700004,43.902470090000065],[123.41842626800008,43.83853433300004],[123.42010306700001,43.79921103000004],[123.3943599800001,43.73644087500003],[123.45461372800003,43.69146120900007],[123.49557158200003,43.64181122300005],[123.4563290100001,43.58038442600008],[123.42774241100005,43.550544735000074],[123.37523944800012,43.53931980700003],[123.34377322400007,43.54236131500005],[123.32144462500003,43.533207160000075],[123.31853048900007,43.505662416000064],[123.31248987800006,43.47364422600003],[123.29539590900004,43.45572664700006],[123.30584198700001,43.438419328000066],[123.39586931000008,43.40690785400005],[123.4499267760001,43.37883059200004],[123.47948468300001,43.366172531000075],[123.4825467280001,43.382173125000065],[123.47723089500005,43.40225094800007],[123.47071251500006,43.41593681200004],[123.47702737200007,43.42509901200003],[123.48600214300006,43.42422358400006],[123.5072196860001,43.41563273300005],[123.53229686600002,43.403391946000056],[123.57082890800007,43.389833993000025],[123.66052100700006,43.38099294300008],[123.68709170700004,43.329443146000074],[123.67766097900005,43.304293089000055],[123.63224651500002,43.30552774000006],[123.64460959300004,43.27496006600006],[123.64214646100004,43.26216322100004],[123.61096855500011,43.24242321100007],[123.6265695730001,43.20502419500008],[123.62550709100003,43.175790274000065],[123.59006845300007,43.133655737000026],[123.57825918600008,43.095719521000035],[123.55874636100009,43.06505577100006],[123.53436195300003,43.00881283600006],[123.5173137810001,42.990936290000036],[123.50980803000004,42.97538701000008],[123.48223873100005,42.997641103000035],[123.45161423000002,43.003896722000036],[123.40699653200011,43.00825371500008],[123.35791429400001,43.01302951300005],[123.30462433500009,42.99539523300007],[123.25820980100002,42.99010684600006],[123.20911941700001,42.99483080500005],[123.18205133800006,42.97137398700005],[123.15383022600008,42.941515665000054],[123.1289720210001,42.90161167600007],[123.12766299600003,42.86767992000006],[123.16055658300002,42.82958357200005],[123.16152021300002,42.79454115600004],[123.12531537300003,42.78097961900005],[123.0726878270001,42.77972203000007],[123.02733658200009,42.770580066000036],[122.99983830600002,42.74989448400004],[122.93243119200008,42.756253601000026],[122.88305354300007,42.75909477600004],[122.83498187100008,42.74835728700003],[122.82789718000004,42.723049143000026],[122.81028232000006,42.701409643000034],[122.78649575800011,42.71065761800003],[122.78001770000003,42.71318304000005],[122.75128717500002,42.75435360800003],[122.74674661800009,42.763733624000054],[122.69666336000012,42.769757036000044],[122.6194645270001,42.77009371400004],[122.55308795400003,42.782433163000064],[122.53975149500002,42.803700813000034],[122.3874275710001,42.818929740000044],[122.33585248000009,42.81639990100007],[122.32173539100006,42.79260080000006],[122.3287989590001,42.78301292200007],[122.37787199600007,42.764287911000054],[122.40302678800003,42.76560278800008],[122.44166664400007,42.758532057000025],[122.43229887600012,42.74774053600004],[122.36542312100005,42.700069764000034],[122.33753069400007,42.66856862700007],[122.31257184800006,42.653805033000026],[122.27689164800006,42.65609720400005],[122.17068064300008,42.689702702000034],[122.16564331500001,42.683038776000046],[122.1475676770001,42.679674125000076],[121.95445257000006,42.712889854000025],[121.91900964600006,42.68997604000003],[121.88039309300007,42.64784994400003],[121.84327422600006,42.56010131800008],[121.82909396800005,42.52884616800003],[121.77940220700009,42.50065826900004],[121.72741138800006,42.48563368400005],[121.70025311000006,42.48471723700004],[121.66396252800007,42.455345485000066],[121.62482100000011,42.435946484000056],[121.60707567300005,42.43745376100003],[121.58592706400009,42.44574191100003],[121.57622894400004,42.469288762000076],[121.56365767600005,42.502818941000044],[121.54588989600006,42.50431889500004],[121.46969853900009,42.47826036600003],[121.36209871300002,42.480742607000025],[121.33837438800003,42.472972377000076],[121.3150544020001,42.43920241100005],[121.27651212500007,42.422912378000035],[121.23347126200008,42.377786412000034],[121.18101711400004,42.33652133600003],[121.14446486700001,42.30934810200006],[121.05973313300001,42.25728320800005],[121.01985106300003,42.231031604000066],[120.98966366400009,42.208425129000034],[120.93634558600002,42.262753832000044],[120.89362869400009,42.269705284000054],[120.83345461500005,42.24769553300007],[120.82833623500005,42.24617740700006],[120.80187298700002,42.27572670500007],[120.78481484200006,42.300831611000035],[120.76485677000005,42.33912918400006],[120.73520659600001,42.37088556600003],[120.68766984600006,42.38340119000003],[120.63180972200007,42.410052746000076],[120.61048738000011,42.432255628000064],[120.59055176800007,42.471462477000046],[120.56189693900001,42.522508069000025],[120.5369479740001,42.553812048000054],[120.51012903200001,42.58897044400004],[120.48346051800002,42.625501247000045],[120.46780624000007,42.656913452000026],[120.45599361600011,42.685222801000066],[120.44002538500001,42.73515764000007],[120.42218600700005,42.78109469800006],[120.41251640900009,42.80736533400005],[120.37997513100004,42.834667479000075],[120.37001405100011,42.863272186000074],[120.37195250100001,42.90058176700006],[120.35549087000004,42.931594423000035],[120.32556158800003,42.96837466800008],[120.29735154800005,43.00806769400003],[120.30264258000011,43.04467559900007],[120.31234310100001,43.06708074200003],[120.32743691000007,43.08213800300007],[120.38860947900002,43.10298418200006],[120.40507329000002,43.12718971100003],[120.41617503600003,43.15874219700004],[120.541784172,43.220931463000056],[120.59545745100002,43.276998708000065],[120.62827282400008,43.323086871000044],[120.68780999900002,43.374061150000045],[120.75316398500001,43.41993516000008],[120.71258246800005,43.409188810000046],[120.64498562200004,43.391251613000065],[120.5806180730001,43.373038079000025],[120.54718725400005,43.366331065000054],[120.45569240400005,43.361699102000046],[120.40811434200009,43.34677138100005],[120.39495862400008,43.34544838200003],[120.3689717210001,43.345077382000056],[120.32153885500009,43.35325616500006],[120.42091836100008,43.38977806200006],[120.44826753400002,43.39929157100005],[120.50163358300006,43.40914218200004],[120.55467446800003,43.41668576500007],[120.60875961600004,43.43107323700008],[120.63008043900004,43.44332962300007],[120.6474002550001,43.47210119500005],[120.6694172340001,43.48893174800003],[120.69111682100004,43.50347573400006],[120.76092481700005,43.53512403000008],[120.79550066600007,43.54865153500003],[120.8293938810001,43.55758804700008],[120.89394703800008,43.59655383900008],[120.93820918200004,43.63013700100004],[120.95103747200005,43.670838056000036],[120.9270497650001,43.68431594000003],[120.87014381400002,43.69573035900004],[120.84039142900008,43.71427746100005],[120.80418529600001,43.73331518100008],[120.78820756000005,43.799441226000056],[120.78713251200008,43.86398915700005],[120.77124917100002,43.895058221000056],[120.74423655900011,43.923849964000055],[120.72135539200008,43.95088549600007],[120.7264261140001,43.986637579000046],[120.73641080400012,44.021494992000044],[120.72861456400005,44.063929614000074],[120.71593090900001,44.10354315400008],[120.70106113400004,44.141497352000044],[120.67092406400002,44.187252124000054],[120.6320855350001,44.218439002000025],[120.60726139400003,44.246100898000066],[120.56091358000003,44.26630444700004],[120.50803935700003,44.26941242200007],[120.46180596300007,44.25800297300003],[120.4189082050001,44.26394754800003],[120.39607843800002,44.29277722000006],[120.36782629900006,44.335998250000046],[120.34830110200005,44.36594006300004],[120.32723592600007,44.39833362400003],[120.3178178170001,44.432082947000026],[120.28992474600011,44.474135337000064],[120.26644557100008,44.496649579000064],[120.24239618700005,44.52562673500006],[120.2213765360001,44.55031310900006],[120.19028192200005,44.58595650700005],[120.1689820580001,44.60827552100005],[120.13988078700004,44.63819096800006],[120.11883972700002,44.660592165000025],[120.08667011700004,44.68942684600006],[120.05471299100009,44.71845911200006],[120.02546520100009,44.74389617500003],[119.98992999300003,44.76979178500005],[119.96171946100003,44.79313287100007],[119.925673931,44.81938937500007],[119.88659600800008,44.84678706600005],[119.84840998000004,44.86418860400005],[119.81831357100009,44.884008186000074],[119.77927259700004,44.90418631000006],[119.74692653900001,44.92601710200006],[119.7202804530001,44.95497596300004],[119.69975230000011,44.98202962100004],[119.6796038980001,45.01131666800006],[119.6539228800001,45.04967688500005],[119.63147193800012,45.080562404000034],[119.60652550400005,45.10810582700003],[119.58401816100002,45.13497769000003],[119.54632412300009,45.163739159000045],[119.51326968000001,45.178134466000074],[119.47217077500011,45.19104083800005],[119.41733799400004,45.21056327300005],[119.37021804000005,45.22602978400005],[119.31635053800005,45.247032070000046],[119.26820883300002,45.25598193900004],[119.22911815200007,45.26528131900005],[119.21140760500009,45.29379166900003],[119.2341982160001,45.32111303700003],[119.25498122300007,45.34422388400003],[119.27747621600008,45.385460626000054],[119.34226713300006,45.38141745100006],[119.38682074200005,45.38055378300004],[119.4531676150001,45.382122682000045],[119.51064910100001,45.38849104700006],[119.54716427900007,45.41190787100004],[119.57443892900005,45.441692583000076],[119.61189162700009,45.44855798800006],[119.64108672100008,45.47821502100004],[119.65616370200007,45.50862921000004],[119.6871759490001,45.52655389300003],[119.72290379900005,45.55249258900005],[119.70452018000003,45.58388543800004],[119.76244227100005,45.59192810600007],[119.82269370600011,45.60930895000007],[119.91684531600004,45.605269899000064],[119.96607190300006,45.60046825200004],[120.00745653900003,45.59900744200007],[120.05888331500012,45.59560990800003],[120.1242009560001,45.58283606500004],[120.16355412900009,45.57759770200005],[120.21183347100009,45.56796980800004],[120.26421680200008,45.54552715500006],[120.30694653600005,45.51690383700003],[120.34222306100003,45.49032637800008],[120.37058409400004,45.46844105000008],[120.4089833160001,45.45863232600004],[120.44541926400007,45.44542781000007],[120.48164672700011,45.42777317000008],[120.5176949690001,45.39894058200008],[120.55155011400007,45.36897221500004],[120.58325902500007,45.35174872700003],[120.61679033000007,45.33392273100003],[120.64249609500007,45.30921904600007],[120.66727811200008,45.28639232200004],[120.71670521200008,45.26403010800004],[120.75708342500002,45.255454935000046],[120.81342097400011,45.255713952000065],[120.85555212100007,45.246103610000034],[120.88251499100011,45.22179247100007],[120.89942208500008,45.19572134900005],[120.91402740400008,45.164541075000045],[120.92905482800006,45.12886548000006],[120.93957024500003,45.09673115900006],[120.96142383500012,45.06982975500006],[121.00099017000002,45.04134827400003],[121.03182407500003,45.02435010900007],[121.07457253000007,44.99917534700006],[121.11646092300009,44.973183164000034],[121.15597867000008,44.948309280000046],[121.20480429400004,44.918613212000025],[121.24230388800004,44.900146918000075],[121.28732357800004,44.87435043100004],[121.32873716200004,44.84354995000007],[121.35403874200006,44.81909226000005],[121.37914326000009,44.79377465400006],[121.40830584100001,44.763227140000026],[121.43978583700004,44.73162303100003],[121.45942624100007,44.70818321400003],[121.49041426000008,44.68067370700004],[121.53709619300002,44.66107683800004],[121.57141820600009,44.64392889100003],[121.59333053300008,44.619559895000066],[121.62352554300003,44.59189701500003],[121.65018488200008,44.56595408900006],[121.68843787700007,44.534338294000065],[121.71823105400006,44.505323470000064],[121.72779972100011,44.47458834100007],[121.75153105200002,44.45057871400007],[121.79023841100002,44.43711919500004],[121.84372479000001,44.424096417000044],[121.89001185100005,44.41012789800004],[121.92601360100002,44.389866221000034],[121.94326318200001,44.365480080000054],[121.95759939100003,44.288921592000065],[122.03692183900012,44.265545933000055],[122.09944726000003,44.248835814000074],[122.15050075300007,44.246232519000046],[122.22152911,44.25163581400005]]]}},{"type":"Feature","properties":{"code":"CN015100","name":"Ulanqab","label":"Ulanqab · 乌兰察布市","type":"Prefecture-level city","parentCode":"CN-NM"},"geometry":{"type":"Polygon","coordinates":[[[114.81449781300012,42.13576776900004],[114.80744613900004,42.14098746900004],[114.76789434500006,42.13502761900003],[114.76121037500002,42.10152278700008],[114.72694786600005,42.10249696500006],[114.6956930660001,42.11401082700007],[114.6260308950001,42.11771939600004],[114.57710059700003,42.11994312100006],[114.518655394,42.10289064600005],[114.46487013100011,42.080390298000054],[114.45454636200009,42.044315288000064],[114.465664962,41.996154595000064],[114.48544557700006,41.975241897000046],[114.44855696200011,41.94607995500007],[114.38548497200009,41.930881611000075],[114.31950479200009,41.93168247700004],[114.28328366000005,41.91487303700006],[114.21404990300005,41.843035738000026],[114.19473207600004,41.82047068600008],[114.17863756400004,41.760613775000024],[114.16697084200007,41.717490112000064],[114.16707822700005,41.716501538000045],[114.17312536000009,41.664186775000076],[114.18825391300004,41.59384077100003],[114.22675988800006,41.511439245000076],[114.19344159100001,41.50315378400006],[114.17401503300005,41.519793666000055],[114.08701976400005,41.531628298000044],[114.02649003900001,41.53747539600005],[113.9595245810001,41.47613820500004],[113.90941554000005,41.43831021400007],[113.86036144700006,41.39601924900006],[113.89534447500012,41.390814609000074],[113.94757972600007,41.36307503900008],[113.91897901700008,41.31591301100008],[113.91405011600011,41.27808279000004],[113.91369389600004,41.27530352900004],[113.9483929050001,41.235566884000036],[114.00732540500007,41.22624484100004],[113.97891897400007,41.18352874300007],[113.94307180100009,41.16487577200007],[113.88308709600005,41.14675714800006],[113.8689405660001,41.12582744600007],[113.82452813700002,41.071935360000055],[113.91883605400005,41.01496287500004],[114.07972819500003,40.759349057000065],[114.04443620600011,40.75096860200006],[114.00432266500002,40.70299821100008],[113.99984879700003,40.62016380700004],[113.97862273400006,40.53476141200008],[113.93110607500012,40.501813613000024],[113.89748962400006,40.49413612600006],[113.86397773100009,40.48896413600005],[113.82249884200007,40.49015754100003],[113.79454957100006,40.51246103100004],[113.76226741000005,40.53181025900005],[113.76094280100006,40.53081074200003],[113.7147762400001,40.49627166300007],[113.66655799800003,40.445383581000044],[113.63009295900008,40.378796014000045],[113.59118616700005,40.34606830700005],[113.54446165000002,40.32274392200003],[113.47322154800008,40.30619391500005],[113.42355921900003,40.30747955800007],[113.37831928100002,40.31477791900005],[113.32971951900004,40.34057025300007],[113.27777570400008,40.384852944000045],[113.23726253500001,40.40734739700008],[113.18415747200004,40.42704791400007],[113.13440391400002,40.42823110900008],[113.09671156500008,40.41989896700005],[113.05449267200004,40.40244331800005],[113.01620284700005,40.37874774000005],[112.98231940300002,40.36108207400008],[112.94109456900003,40.32011242300007],[112.90039466400003,40.279984841000044],[112.86002891900011,40.221507932000065],[112.83494697200001,40.19235577400008],[112.81347750600003,40.17131945500006],[112.79247867800007,40.16255289900005],[112.76768556900004,40.16307192900007],[112.72256503200003,40.17321422800006],[112.67742909800006,40.18334146400008],[112.64491347100011,40.19934376700007],[112.61661646000005,40.218323514000076],[112.59633372700011,40.23836746100005],[112.58414901900005,40.25062651700006],[112.5534027330001,40.264274158000035],[112.48098240400009,40.284623701000044],[112.41076194200002,40.29782700800007],[112.36633659000006,40.28595770700008],[112.30488093600002,40.25658066600005],[112.28780716200004,40.245904593000034],[112.28591185200003,40.25342857900006],[112.26325612900007,40.278026596000075],[112.22286771800009,40.32618229900004],[112.21177839400002,40.35970451900005],[112.20489435400009,40.393980713000076],[112.18719695800007,40.42088586300008],[112.16320988400003,40.452652011000055],[112.13961943400011,40.47430265700007],[112.09663331000002,40.50224807800004],[112.06426853100004,40.52010031100008],[112.03804318700008,40.54000767600007],[112.04700593700011,40.56583516500007],[112.07099321400005,40.59197929700008],[112.08511080100004,40.64135016900008],[112.09128199100007,40.68028788400005],[112.08492971200008,40.70672860700006],[112.09953936500006,40.74058892800008],[112.12413742500007,40.774516592000055],[112.15304543400009,40.79218507400003],[112.16150815500009,40.82400190800007],[112.14794299900007,40.856706821000046],[112.13388740700009,40.88346484400006],[112.10893053400002,40.918010398000035],[112.08163727700003,40.93933674500005],[112.04286691800007,40.94503395300006],[112.01400697400004,40.96272434500003],[112.00172376400008,40.99308636200004],[111.99057700100008,41.03168626900003],[111.95737407200005,41.05921409700005],[111.92887197600004,41.07736115900008],[111.85915186200003,41.12286829300007],[111.85951114300008,41.15960489400004],[111.81659377400007,41.21593147100003],[111.78119489700003,41.23611521000004],[111.74876802700004,41.25525403800003],[111.71336207500008,41.28414767100003],[111.68144685100009,41.31153085500006],[111.64343310400005,41.30466219500005],[111.59903919300007,41.301693175000025],[111.55640626500008,41.30691097400006],[111.51967240300007,41.31927755900006],[111.47339726800004,41.32506452000007],[111.38669786100007,41.34670268800005],[111.37644229900008,41.37556170700003],[111.38505142800005,41.40513595300007],[111.39509013000009,41.437883303000035],[111.40192362800008,41.47717731100005],[111.40392615000007,41.51710906000005],[111.39339958100004,41.55149866000005],[111.37620592300004,41.57692590800008],[111.34285606300006,41.60706358900006],[111.30747406000006,41.634495849000075],[111.26577849100005,41.639609061000044],[111.21206501400007,41.65752248700005],[111.17047416700007,41.67455140700008],[111.13324004300006,41.69326939600006],[111.09898537600009,41.72106608300004],[111.06716138000007,41.73912382100008],[111.04536787800004,41.761903861000064],[111.02494363600005,41.78739810700006],[111.00275826200004,41.81432704200006],[110.98300343000005,41.84116900300006],[110.96573174000008,41.868856135000044],[110.94684139700007,41.90073202800005],[110.92964447800006,41.93025287900008],[110.90727759800006,41.95533198500004],[110.88305848400006,41.991049805000046],[110.86820891200006,42.019566422000025],[110.85470616400005,42.05035008100003],[110.83872705300007,42.081207085000074],[110.82134104400006,42.10888204100007],[110.80586590400009,42.13833714000003],[110.79393563500008,42.165387913000075],[110.77970967300007,42.195270152000035],[110.75541135600008,42.25351987200003],[110.74372071800008,42.28562522300007],[110.73732019900007,42.32401399100007],[110.73403617600007,42.35264001000007],[110.71828706900004,42.40052097600005],[110.70429900100004,42.446960782000076],[110.67220483200003,42.47875898900003],[110.64011159800003,42.49995295300005],[110.60561710900004,42.522589692000054],[110.56784736800006,42.55360719300006],[110.53075458300009,42.58597208400005],[110.48461575100004,42.611669721000055],[110.45248161000006,42.64571722100004],[110.42879936000008,42.67676075600008],[110.39701310200007,42.695132595000075],[110.34585955300008,42.73660107400008],[110.43308636200004,42.77803380800003],[110.46317720800005,42.831271456000025],[110.62867685400005,42.937746754000045],[110.67959982300005,43.00255780400005],[110.66918376000007,43.02570460800007],[110.73515215200007,43.083571618000065],[110.76061363600007,43.092830339000045],[110.96662018900008,43.29073551100004],[111.07054290300005,43.34789300400007],[111.08554042000009,43.352671017000034],[111.09737086700005,43.336569877000045],[111.12706621000007,43.31301074400005],[111.15561709000008,43.291332614000055],[111.18770559200004,43.26677278600005],[111.22437017100009,43.245727490000036],[111.26530180100008,43.23330015000005],[111.30845314500004,43.235998058000064],[111.34923398800004,43.23093325700006],[111.38328581200005,43.20901899000006],[111.45388773500008,43.184917780000035],[111.50949540100004,43.16083176500007],[111.55318804600006,43.12654992100005],[111.57829667700008,43.09384526800005],[111.60795103200007,43.05543924700004],[111.63470014700005,43.02912326100005],[111.67568906100007,43.002740850000066],[111.71180874800007,42.98667090300006],[111.74797311200007,42.97150685400004],[111.79109144000006,42.94962065400006],[111.82251331800006,42.92954438000004],[111.83267982500007,42.89874424000004],[111.82275806000007,42.86454807300004],[111.82828771600003,42.82977910200003],[111.84763595400005,42.79770970900006],[111.86660771300006,42.76934540900004],[111.89057703200007,42.741710468000065],[111.93249474600009,42.697711612000035],[111.96548690600008,42.667411136000055],[111.99093086600004,42.643850600000064],[112.01775202800002,42.62252669700007],[112.05164715700005,42.596788092000054],[112.07856578500002,42.57729543200003],[112.11003023,42.56083678300007],[112.14652129700005,42.537728033000064],[112.17931772200006,42.523049713000034],[112.22073034700009,42.50017660800006],[112.25546638900005,42.47113154800007],[112.2933090680001,42.43502368400004],[112.3219041430001,42.41495266900006],[112.3556838940001,42.390523950000045],[112.39473362700005,42.37829455100007],[112.44504327800007,42.37617185800008],[112.48726381200004,42.38035946000008],[112.53692000300009,42.38514216000004],[112.56750926500001,42.36769623600003],[112.61423826700002,42.33757369800003],[112.64906530600001,42.32729752900008],[112.6848684250001,42.30683435700007],[112.70551769100007,42.26769219600004],[112.70496949200003,42.23962650000004],[112.70001092300004,42.21037109900004],[112.69383326100001,42.18116779300004],[112.70700876400008,42.14144374800003],[112.74679978600011,42.126326748000054],[112.79458587900001,42.12602409300007],[112.83456698700002,42.12054088200006],[112.872748967,42.08888624300005],[112.89375731400003,42.05754840900005],[112.91201175000003,42.03048394700005],[112.92549387400004,41.97905816000008],[112.99420830600002,41.97097550400008],[113.0395933310001,41.96284048500007],[113.08834089700008,41.961018006000074],[113.15605953400006,41.986819670000045],[113.17817900000011,42.01244697200008],[113.2066666610001,42.03960447800006],[113.23342087600008,42.06224008000004],[113.26629232500011,42.085515247000046],[113.30181845400011,42.10497272200007],[113.33541504100003,42.117619071000036],[113.37785218700003,42.127082022000025],[113.43183878400009,42.17372407200003],[113.511398084,42.14306843300005],[113.55534460600006,42.14218671500004],[113.6113811680001,42.13372927100005],[113.65281534700011,42.121413870000026],[113.69892925900001,42.10698748500005],[113.73548917100004,42.08384782500008],[113.77722899600008,42.070096385000056],[113.82633899000007,42.06286060200006],[113.8661616930001,42.055182753000054],[113.8846273580001,42.03114808200007],[113.88921365200008,42.00370839200008],[113.89140767300012,41.97685305700003],[113.90020819200004,41.94873079200005],[113.94741488600005,41.94846570000004],[113.99844347300007,41.96134609000006],[114.03640152300011,41.97814828400004],[114.06181945900005,42.00393352900005],[114.0545790330001,42.03428390000005],[114.04953744000011,42.06819763100003],[114.07500386800007,42.09948575400006],[114.13066356400009,42.11295804400004],[114.1730120950001,42.12807346000005],[114.20791891600004,42.158768879000036],[114.23031409700002,42.18186919800007],[114.27179649400011,42.20247902700004],[114.31868520300009,42.18184177400008],[114.34279149100007,42.15424029900004],[114.35898774500004,42.12940212500007],[114.39940634000004,42.11970561600003],[114.42029868000009,42.15387876500006],[114.4019764840001,42.188939574000074],[114.38953972800005,42.219061683000064],[114.43063931600011,42.22401559600007],[114.47710429400001,42.22682255500007],[114.54864943900009,42.25771139900007],[114.60232934800001,42.26963337800004],[114.64982298600012,42.263422596000055],[114.67253411700005,42.237140914000065],[114.68098416800001,42.20918652000006],[114.72741552200011,42.19747096200007],[114.76912167500006,42.188259165000034],[114.81449781300012,42.13576776900004]]]}},{"type":"Feature","properties":{"code":"CN015110","name":"Wuhai","label":"Wuhai · 乌海市","type":"Prefecture-level city","parentCode":"CN-NM"},"geometry":{"type":"Polygon","coordinates":[[[106.78231716100004,39.22936999900003],[106.76635561900008,39.26006946700005],[106.75501461200008,39.35124718600008],[106.73423082900007,39.38000075700006],[106.72543988700005,39.38819360300005],[106.71672222200004,39.40025135800005],[106.71588655000005,39.41864604500006],[106.70743199900005,39.42457594900003],[106.67048379800008,39.42672517700004],[106.62520482800005,39.431725037000035],[106.60009017800007,39.44336429400005],[106.58667039900007,39.46757243400003],[106.58100080300005,39.50118513800004],[106.59243213400003,39.519890548000035],[106.63310756600004,39.52706663500004],[106.69837091000005,39.53483171700003],[106.70601209200004,39.54729851400003],[106.71649863700009,39.58745434900004],[106.73481134800005,39.63700850500004],[106.76586226900008,39.677658489000066],[106.73136630700009,39.71365772000007],[106.73272458600007,39.77508086600005],[106.72498278900008,39.79793795100005],[106.75195066700007,39.810444749000055],[106.77839033600009,39.80071562400008],[106.79395747700005,39.79938136700008],[106.80832652900006,39.81081662100007],[106.85449476600007,39.825563113000044],[106.92259634500004,39.85048405200007],[106.94507995600009,39.86291365500006],[106.97525697600008,39.86134423400006],[106.99639858500007,39.84227033500008],[107.01498276800004,39.82210642100006],[107.02128034400005,39.776241139000035],[107.03256469800004,39.72917558100005],[107.05654693800005,39.61514308000005],[107.06840091000004,39.59020177800005],[107.09552632100008,39.555642050000074],[107.10255815700003,39.53827636600005],[107.10088471100005,39.532301360000076],[107.09460594200004,39.523023323000075],[107.08167817500004,39.50897344800006],[107.07293953600004,39.48322964500005],[107.06934960200005,39.462281490000066],[107.04784862300005,39.427359082000066],[106.99810805500005,39.36510988500004],[106.97244799600008,39.34074209400006],[106.96720110500007,39.33144433500007],[106.95945653600006,39.32218344700004],[106.92488303100004,39.31931557300004],[106.92230702800003,39.31928147600007],[106.91778980000004,39.30901152900003],[106.89352657100005,39.28065360000005],[106.85518688200005,39.26698680700008],[106.78231716100004,39.22936999900003]]]}},{"type":"Feature","properties":{"code":"CN015120","name":"Xilingol League","label":"Xilingol League · 锡林郭勒盟","type":"League","parentCode":"CN-NM"},"geometry":{"type":"Polygon","coordinates":[[[119.78427951700007,46.64983983800005],[119.86729262400002,46.598420402000045],[119.87535390900007,46.56711024300006],[119.87312121000002,46.53709693800005],[119.86779149300003,46.50470706200008],[119.86216210700002,46.47413604500008],[119.85975211300001,46.44687257900006],[119.85452698300003,46.41499554500007],[119.84867405500006,46.38674850500007],[119.847907512,46.35416649800004],[119.8429656300001,46.31316935700005],[119.83801043800008,46.28632180300008],[119.83225898600006,46.255215597000074],[119.82985247900001,46.21739205800003],[119.81771538700002,46.17307611600006],[119.8123669260001,46.12670245500004],[119.80701379000004,46.09432111600006],[119.80499530800012,46.05530824700003],[119.80241330100012,46.016739845000075],[119.80035015100009,45.98442850200007],[119.83351176400004,45.95556596100005],[119.83727752700008,45.922800349000056],[119.82634013500001,45.87927049700005],[119.8170146970001,45.85671668500004],[119.81159060800007,45.83171272700008],[119.79148139100005,45.80926253300004],[119.76190368300001,45.745195197000044],[119.70023605100005,45.670840000000055],[119.65632760500011,45.63075767500004],[119.63941691100001,45.60038454100004],[119.65710822300002,45.59448226200004],[119.70452018000003,45.58388543800004],[119.72290379900005,45.55249258900005],[119.6871759490001,45.52655389300003],[119.65616370200007,45.50862921000004],[119.64108672100008,45.47821502100004],[119.61189162700009,45.44855798800006],[119.57443892900005,45.441692583000076],[119.54716427900007,45.41190787100004],[119.51064910100001,45.38849104700006],[119.4531676150001,45.382122682000045],[119.38682074200005,45.38055378300004],[119.34226713300006,45.38141745100006],[119.27747621600008,45.385460626000054],[119.25498122300007,45.34422388400003],[119.2341982160001,45.32111303700003],[119.21140760500009,45.29379166900003],[119.22911815200007,45.26528131900005],[119.26820883300002,45.25598193900004],[119.31635053800005,45.247032070000046],[119.30744961500011,45.19498573800007],[119.2924535200001,45.16729630200007],[119.28705981500002,45.13512814200004],[119.28076993900004,45.10115558700005],[119.29147480100005,45.06854155500008],[119.25823017900007,45.05039441100007],[119.21482559300011,45.03666354400008],[119.19858463900005,45.004344607000064],[119.18204681300006,44.97062552800003],[119.14820756300003,44.94521041200005],[119.10358006800004,44.93542180400004],[119.06331554600001,44.92081636800003],[119.04410824900003,44.89044893000005],[119.0608157050001,44.85848204800004],[119.099266037,44.84253509600006],[119.13338814600002,44.81963246200007],[119.14839595400008,44.78833268400007],[119.16731165200008,44.749917381000046],[119.15346988100009,44.724315569000055],[119.1064599660001,44.71319233200006],[119.08712353400006,44.68920310800007],[119.07921246400008,44.66149270300008],[119.05660950000004,44.635963513000036],[119.01928134400009,44.60202222200007],[118.98770186900003,44.57929061900006],[118.94955315700008,44.558209385000055],[118.91549499900009,44.537577303000035],[118.88481969700001,44.517567144000054],[118.84873192000009,44.49979661100008],[118.81106541100007,44.48445489800008],[118.76402787800009,44.47024098800006],[118.720422041,44.46735315500007],[118.66243922700005,44.466405681000026],[118.61866085600002,44.47693885500007],[118.57903285000009,44.46538875700003],[118.53410831000008,44.447240865000026],[118.49161747200003,44.43308644900003],[118.44454420400007,44.407661106000035],[118.4137140680001,44.389889577000076],[118.35101487700001,44.35580261900003],[118.31621682800005,44.33643514600004],[118.2783070270001,44.31219070900005],[118.24458399200012,44.29089497900003],[118.19426166700009,44.26840145800003],[118.1410132640001,44.24749422200006],[118.07899147800003,44.222050943000056],[118.0294007220001,44.19947049700005],[117.99098058800007,44.17474036800007],[117.96238576200005,44.15258598200006],[117.91745369700004,44.12595060900003],[117.88415613900008,44.10641142900005],[117.83478988800005,44.07913471400008],[117.78120229100011,44.05304049000006],[117.73775274900004,44.037837085000035],[117.666078932,44.04461346900007],[117.5983671140001,44.06672013300005],[117.54126567500009,44.09210772600005],[117.49212425400003,44.11003052600006],[117.44574232600007,44.11896475100008],[117.3844858550001,44.13066671300004],[117.33923726100011,44.13302693500003],[117.29640462300006,44.13429482200007],[117.24406872000009,44.129658601000074],[117.19019716800005,44.122330643000055],[117.14997204200006,44.11275779300007],[117.10392627300007,44.09567184100007],[117.07157737700004,44.07081042000004],[117.05193427800009,44.04056527400007],[117.03293313400002,44.016280444000074],[116.9926569490001,43.98726712100006],[116.9486330090001,43.95846830600004],[116.91905800200004,43.94081332700006],[116.89463868700011,43.918234133000055],[116.89181897300011,43.88513303700006],[116.92055535500003,43.85294364600003],[116.96200546400007,43.82229259300004],[116.99684731200011,43.79480016800005],[117.03179823200003,43.75667295100004],[117.03971054800002,43.71878015400006],[117.03231588200003,43.69059271500004],[116.99841701200012,43.66076772800005],[116.95426702200007,43.65278886600004],[116.91281406100006,43.652487320000034],[116.87737330700008,43.64351192000004],[116.82200887900001,43.61769191600007],[116.78350753900008,43.596855987000026],[116.74560128700011,43.57553217100008],[116.69339599400007,43.53656657200003],[116.66046315100004,43.508002730000044],[116.63723200900006,43.47611692600003],[116.59772432700004,43.431319587000075],[116.57019596100008,43.39967505000004],[116.54757677400005,43.37327888900006],[116.51001105900002,43.32789881200006],[116.48370869700011,43.28880165900006],[116.46027655000012,43.25968499100003],[116.41435520000005,43.22998989300004],[116.36675001200001,43.20821075900005],[116.31694252500006,43.19576663300006],[116.28920465400006,43.15949583200006],[116.3005232810001,43.12797762400004],[116.32623151200005,43.09059488400004],[116.3462735380001,43.05952225000004],[116.38606812600005,43.03977825900006],[116.41133352200006,43.011617630000046],[116.48607150400005,42.98757947300004],[116.52044875400009,42.97685981800004],[116.56701644200007,42.957597261000046],[116.59993023800007,42.93865235800007],[116.63149740600011,42.918851360000076],[116.66739679300008,42.892794837000054],[116.687844487,42.86763611400005],[116.69485968200001,42.82620788400004],[116.67110527200009,42.799478975000056],[116.65309486600006,42.774264766000044],[116.63263313400012,42.73674306300006],[116.61875326000006,42.70897899500005],[116.6075009870001,42.68290975100007],[116.60297589200002,42.65598838000005],[116.60305365800002,42.61912654500003],[116.61592046900012,42.58659583700006],[116.64812523100011,42.56859932700007],[116.67680393700005,42.54020594600007],[116.72585021600003,42.517983350000065],[116.76227058100005,42.50569829400007],[116.80112013500002,42.486811989000046],[116.82865702200002,42.466288931000065],[116.85660708700004,42.44388838800006],[116.91433665500006,42.406111285000065],[116.86984856000004,42.38295506400004],[116.85120229900008,42.350909469000044],[116.85354183900006,42.28954497500007],[116.8845711250001,42.24823569600005],[116.90123423000011,42.21199312200008],[116.84821338500001,42.17969783800004],[116.80380802500008,42.192285549000076],[116.78378780900005,42.17273630400007],[116.8210200310001,42.120217155000034],[116.83536060300003,42.09174712300006],[116.84968559300012,42.06327267900008],[116.84532253000009,42.01723766100008],[116.82522189000008,41.98433038400003],[116.80265264600007,41.97004307800006],[116.72625810400007,41.97075085900008],[116.696379062,41.96913727900005],[116.68651792200001,41.95421615600003],[116.68395949400008,41.92659500600007],[116.67014900200002,41.91493991700003],[116.643411162,41.900834719000045],[116.59272134100001,41.903299426000046],[116.50851258500006,41.91043252600008],[116.4882069570001,41.92064775000006],[116.48196062200009,41.94560296800006],[116.47487721000005,41.96135196100005],[116.45823437600006,41.96522717400006],[116.44527723200008,41.96275582000004],[116.41746820800006,41.93633108000006],[116.39090055200006,41.92918852200006],[116.39312133600004,41.94240588100007],[116.38785701000006,41.98608223800005],[116.35271506000004,41.991050321000046],[116.31664683600002,41.983623512000065],[116.2739104640001,41.96846739400007],[116.21504735200006,41.93353337700006],[116.20156073400005,41.89946938700007],[116.18121095200001,41.855026527000064],[116.10880560500004,41.85073433800005],[116.08177548900005,41.83137684800005],[116.0801715990001,41.791534883000054],[116.0443065710001,41.75034068800005],[116.03141743300012,41.75717779300004],[115.98310755800003,41.782798021000076],[115.97851045400012,41.82198241000003],[115.94794468700002,41.85682821300003],[115.9238648170001,41.89762853600007],[115.92093690600007,41.90006652400007],[115.89147693300004,41.924539691000064],[115.83926315000008,41.91805360300003],[115.78733818800004,41.90350261200007],[115.70717472500007,41.874446445000046],[115.6657208800001,41.83867585300004],[115.59404714000004,41.80659978800003],[115.54755921600008,41.786043033000055],[115.49794817600002,41.77355320800007],[115.4619892280001,41.74463397900007],[115.41345668700001,41.709037616000046],[115.36303915200006,41.722233774000074],[115.31813106800007,41.72548329400007],[115.28177474600011,41.68855862600003],[115.30900212800009,41.65487766800004],[115.35413291700002,41.59579971800008],[115.34123648800005,41.58381461100004],[115.30559270600008,41.577893320000044],[115.2744851650001,41.586881324000046],[115.23280440700012,41.60240621400004],[115.20030921600005,41.56711490600003],[115.13889695000012,41.59918808400005],[115.09324364500003,41.60947458000004],[115.06276396600003,41.58738097400004],[114.99088852600005,41.58603818300003],[114.94671649300005,41.60154717700004],[114.84886729200002,41.58337253800005],[114.83978701600006,41.58167752500003],[114.86176226100008,41.605841386000066],[114.86722760700002,41.63934609800003],[114.87744518300008,41.69309848300003],[114.86838346900004,41.750957251000045],[114.87118535800005,41.780120425000064],[114.89869830400005,41.814759379000066],[114.91390151300004,41.847105586000055],[114.90627225500009,41.886326075000056],[114.90254041700007,41.929871208000066],[114.88706781700012,41.98263050400004],[114.85606546700001,42.01988466200004],[114.85210050900002,42.05989548500003],[114.85111620400005,42.10626166800006],[114.83463161000009,42.112453103000064],[114.81449781300012,42.13576776900004],[114.76912167500006,42.188259165000034],[114.72741552200011,42.19747096200007],[114.68098416800001,42.20918652000006],[114.67253411700005,42.237140914000065],[114.64982298600012,42.263422596000055],[114.60232934800001,42.26963337800004],[114.54864943900009,42.25771139900007],[114.47710429400001,42.22682255500007],[114.43063931600011,42.22401559600007],[114.38953972800005,42.219061683000064],[114.4019764840001,42.188939574000074],[114.42029868000009,42.15387876500006],[114.39940634000004,42.11970561600003],[114.35898774500004,42.12940212500007],[114.34279149100007,42.15424029900004],[114.31868520300009,42.18184177400008],[114.27179649400011,42.20247902700004],[114.23031409700002,42.18186919800007],[114.20791891600004,42.158768879000036],[114.1730120950001,42.12807346000005],[114.13066356400009,42.11295804400004],[114.07500386800007,42.09948575400006],[114.04953744000011,42.06819763100003],[114.0545790330001,42.03428390000005],[114.06181945900005,42.00393352900005],[114.03640152300011,41.97814828400004],[113.99844347300007,41.96134609000006],[113.94741488600005,41.94846570000004],[113.90020819200004,41.94873079200005],[113.89140767300012,41.97685305700003],[113.88921365200008,42.00370839200008],[113.8846273580001,42.03114808200007],[113.8661616930001,42.055182753000054],[113.82633899000007,42.06286060200006],[113.77722899600008,42.070096385000056],[113.73548917100004,42.08384782500008],[113.69892925900001,42.10698748500005],[113.65281534700011,42.121413870000026],[113.6113811680001,42.13372927100005],[113.55534460600006,42.14218671500004],[113.511398084,42.14306843300005],[113.43183878400009,42.17372407200003],[113.37785218700003,42.127082022000025],[113.33541504100003,42.117619071000036],[113.30181845400011,42.10497272200007],[113.26629232500011,42.085515247000046],[113.23342087600008,42.06224008000004],[113.2066666610001,42.03960447800006],[113.17817900000011,42.01244697200008],[113.15605953400006,41.986819670000045],[113.08834089700008,41.961018006000074],[113.0395933310001,41.96284048500007],[112.99420830600002,41.97097550400008],[112.92549387400004,41.97905816000008],[112.91201175000003,42.03048394700005],[112.89375731400003,42.05754840900005],[112.872748967,42.08888624300005],[112.83456698700002,42.12054088200006],[112.79458587900001,42.12602409300007],[112.74679978600011,42.126326748000054],[112.70700876400008,42.14144374800003],[112.69383326100001,42.18116779300004],[112.70001092300004,42.21037109900004],[112.70496949200003,42.23962650000004],[112.70551769100007,42.26769219600004],[112.6848684250001,42.30683435700007],[112.64906530600001,42.32729752900008],[112.61423826700002,42.33757369800003],[112.56750926500001,42.36769623600003],[112.53692000300009,42.38514216000004],[112.48726381200004,42.38035946000008],[112.44504327800007,42.37617185800008],[112.39473362700005,42.37829455100007],[112.3556838940001,42.390523950000045],[112.3219041430001,42.41495266900006],[112.2933090680001,42.43502368400004],[112.25546638900005,42.47113154800007],[112.22073034700009,42.50017660800006],[112.17931772200006,42.523049713000034],[112.14652129700005,42.537728033000064],[112.11003023,42.56083678300007],[112.07856578500002,42.57729543200003],[112.05164715700005,42.596788092000054],[112.01775202800002,42.62252669700007],[111.99093086600004,42.643850600000064],[111.96548690600008,42.667411136000055],[111.93249474600009,42.697711612000035],[111.89057703200007,42.741710468000065],[111.86660771300006,42.76934540900004],[111.84763595400005,42.79770970900006],[111.82828771600003,42.82977910200003],[111.82275806000007,42.86454807300004],[111.83267982500007,42.89874424000004],[111.82251331800006,42.92954438000004],[111.79109144000006,42.94962065400006],[111.74797311200007,42.97150685400004],[111.71180874800007,42.98667090300006],[111.67568906100007,43.002740850000066],[111.63470014700005,43.02912326100005],[111.60795103200007,43.05543924700004],[111.57829667700008,43.09384526800005],[111.55318804600006,43.12654992100005],[111.50949540100004,43.16083176500007],[111.45388773500008,43.184917780000035],[111.38328581200005,43.20901899000006],[111.34923398800004,43.23093325700006],[111.30845314500004,43.235998058000064],[111.26530180100008,43.23330015000005],[111.22437017100009,43.245727490000036],[111.18770559200004,43.26677278600005],[111.15561709000008,43.291332614000055],[111.12706621000007,43.31301074400005],[111.09737086700005,43.336569877000045],[111.08554042000009,43.352671017000034],[111.13259775300008,43.36762931100003],[111.18972706500006,43.38267643800003],[111.26078011900006,43.393107540000074],[111.29511560700007,43.40554030100003],[111.33846979600008,43.435909337000055],[111.36011585400007,43.44003239600005],[111.38673467700005,43.45276313800008],[111.39278791400005,43.45769540500004],[111.39589262500004,43.45818344600008],[111.45681745000007,43.462257873000055],[111.54817322500008,43.46515246100006],[111.62504465700005,43.51421775400007],[111.65460234000005,43.536554445000036],[111.67656310300003,43.559864342000026],[111.72562049400005,43.605514766000056],[111.75121789500008,43.63400980600005],[111.75853273300004,43.64006943500004],[111.77336353000004,43.646652578000044],[111.82033739200006,43.64256522000005],[111.87248870800005,43.66916658000008],[111.87941895600005,43.67270026700004],[111.88108110300004,43.67447471000003],[111.92258318500006,43.67844447400006],[111.97119147200004,43.73862616400004],[111.95267402900004,43.82195465800004],[111.90522308200008,43.891395069000055],[111.85892947400004,43.93884601700006],[111.80337714600006,43.98166760400005],[111.70963258900008,44.02796121100005],[111.64713621900006,44.068468118000055],[111.59968527300003,44.11244704500007],[111.58579718900006,44.14253789000003],[111.53834624300003,44.192303518000074],[111.51519943900007,44.274474671000064],[111.49783933600008,44.295306795000045],[111.43997232600009,44.31382423800005],[111.41103882200008,44.347387103000074],[111.42261222400003,44.39831007200007],[111.45270306900005,44.451547720000065],[111.49089529400004,44.49668398800003],[111.51519943800008,44.50594270900007],[111.53371688100009,44.55918035800005],[111.56727974700004,44.57422578000006],[111.55917836500004,44.62514874800007],[111.56265038700008,44.67144235600006],[111.57769580800004,44.69227447900005],[111.59621325100005,44.73856808700003],[111.61820271500005,44.773288293000064],[111.65639494200008,44.81148051900004],[111.69227248700008,44.86008880700007],[111.72120599200008,44.90406773400008],[111.74319545600008,44.94688932100007],[111.78370236200004,44.98739622700003],[111.83346799100008,45.01864441300006],[111.95961807100008,45.083455463000064],[111.98076842700004,45.090019367000025],[112.00475058900008,45.08638772000006],[112.02647782400004,45.07070842500008],[112.07028271900003,45.056583672000045],[112.12475721100009,45.055940871000075],[112.16505740500008,45.059078783000075],[112.34660067800007,45.05398378800004],[112.37519133500007,45.056309802000044],[112.41228148300002,45.03673743500008],[112.55295415700004,44.923960702000045],[112.5817744530001,44.890851905000034],[112.63443192500006,44.877340169000036],[112.6919282240001,44.85374079800005],[112.74451762600006,44.83927453200005],[112.8062688340001,44.829169611000054],[112.85008867900001,44.823885361000066],[113.00558757600004,44.79662014300004],[113.05840529000011,44.79110078400004],[113.10726281600012,44.78382748300004],[113.28956976600011,44.784761736000064],[113.33442201100002,44.77476594800004],[113.37689289000002,44.770256190000055],[113.43878594000012,44.76292468200006],[113.5260594560001,44.75252504600007],[113.5599276370001,44.75325655100005],[113.61692922000009,44.743197448000046],[113.70720175500003,44.79759243700005],[113.74419703600006,44.83273795300005],[113.75633856200011,44.84070447800008],[113.79316333700001,44.853439421000076],[113.7937983270001,44.853777723000064],[113.8449252370001,44.867032848000065],[113.87617342300007,44.899438373000066],[113.87636207300011,44.899815672000045],[113.93056043000001,44.90998311700008],[113.97352577000004,44.91435443300003],[114.02114713500009,44.934026877000065],[114.02275185400003,44.93471876600006],[114.04514509,44.93531591900006],[114.09028135800008,44.95151868200003],[114.13657496500002,44.98855356800004],[114.15277772700006,45.01285771200003],[114.16550847000008,45.03716185600007],[114.31596269500005,45.11817566900004],[114.37498704400002,45.15752523500004],[114.45252883700005,45.21770692500007],[114.51502520700001,45.29640605800006],[114.532385309,45.33807030400004],[114.53122797000003,45.37741987100003],[114.56710551600008,45.40172401500007],[114.61918582400006,45.39940933400004],[114.65622070900008,45.40866805600007],[114.699042297,45.42950017900006],[114.71873248600002,45.433875777000026],[114.73408781900002,45.42648300700006],[114.77920264800002,45.396006052000075],[114.84329940300006,45.377660512000034],[114.8771572170001,45.37659853400004],[114.91621870800009,45.37537054900008],[114.95544527100003,45.376842950000025],[114.9779599310001,45.38049125600003],[115.009209467,45.38089189100003],[115.06476179700007,45.39130795300008],[115.15343049700004,45.394408257000066],[115.15621630600003,45.39393432000003],[115.21760585900006,45.39459499600008],[115.27061025700004,45.39451919800007],[115.33905142000003,45.39015061300006],[115.67815209500009,45.46074836400004],[115.83323568100002,45.559122280000054],[115.94549767900003,45.63782141300004],[116.00220734900006,45.652866836000044],[116.00762450400009,45.65765893400004],[116.05623804900006,45.67777861400003],[116.07852187700007,45.67780156200007],[116.10425052800008,45.68129658500004],[116.12543550300006,45.676678038000034],[116.14806793200012,45.69108049400006],[116.18135753800004,45.698554983000065],[116.19784963400002,45.716783091000025],[116.20045365100009,45.729803168000046],[116.21260572200003,45.74629526600006],[116.24385390700002,45.76191935800006],[116.27163007200011,45.77233542000005],[116.27770610700009,45.80531961500003],[116.27770610700009,45.82528373400004],[116.26642204200004,45.84698386200006],[116.24906193900006,45.85826792900008],[116.24124989200004,45.873024016000045],[116.24732592900011,45.892120129000034],[116.26468603100011,45.91208424800004],[116.26034600600008,45.93204836600006],[116.26642204200004,45.95374849400008],[116.27770610700009,45.98065665400003],[116.40096283800005,46.12387750200003],[116.43568304400003,46.14818164600007],[116.49991542400005,46.20894200600003],[116.59139833200004,46.30124908500005],[116.64777413600007,46.312386031000074],[116.69894510900008,46.322026007000034],[116.70000444700008,46.322601890000044],[116.75771295100003,46.32438669000004],[116.80914078800004,46.371112108000034],[116.84434120100002,46.362149239000075],[116.9099653080001,46.35554612800007],[116.97566397800006,46.349821629000076],[117.04881818500007,46.339150946000075],[117.0835470180001,46.34211082200005],[117.16785706600001,46.33726083500005],[117.24927648700009,46.34345096700008],[117.2789225460001,46.34842873500003],[117.33038099800001,46.35966679900008],[117.32926676800002,46.364549243000056],[117.35835643500002,46.39917979900008],[117.36298579600009,46.445473407000065],[117.38613260000011,46.48559453300004],[117.403106922,46.504111977000036],[117.42008124400002,46.51645693900008],[117.42933996600004,46.53651750200004],[117.41853812400007,46.55966430600006],[117.41790911600003,46.56658339900008],[117.44061718700004,46.57088323600004],[117.54038166500004,46.58426539000004],[117.57401257700008,46.588079409000045],[117.59394750700005,46.57520782700004],[117.61208827500002,46.557846727000026],[117.62351111100008,46.53989977900005],[117.63313418000007,46.53027075400007],[117.6545502250001,46.50634595100007],[117.67302304600003,46.492615983000064],[117.74075623700003,46.51752406000003],[117.77866022300009,46.49913046200004],[117.8100587030001,46.51946289500006],[117.81176023700004,46.54771918600005],[117.8140325710001,46.55061426900005],[117.81820626900003,46.55040558400003],[117.83826683300003,46.562750546000075],[117.85987051600011,46.58435423000003],[117.88147419900008,46.59052671100005],[117.88572346500007,46.59583829300004],[117.90002536100008,46.601675055000044],[117.94275802800007,46.61666791000005],[117.96017333300006,46.61521663500008],[117.9656744560001,46.62071775800007],[117.99758583500011,46.61761362400006],[118.04163618400003,46.630834234000076],[118.07949359800011,46.65993010100004],[118.13233403900006,46.66808860400005],[118.18907603500008,46.67510132000007],[118.21823138700006,46.69731682100007],[118.24332439500006,46.70693865100003],[118.30059860100005,46.706563052000035],[118.34821333100001,46.71493077000008],[118.40306254200004,46.693598146000056],[118.45135272200002,46.67352187200004],[118.49373547200003,46.67115271200004],[118.51772890200004,46.682617649000065],[118.5668235170001,46.68076710400004],[118.62892494900007,46.676326790000076],[118.71884087300009,46.64828769700006],[118.734087982,46.69614328100005],[118.7394490590001,46.695458888000076],[118.76413898400006,46.69700200800003],[118.78265642600002,46.69391576700008],[118.78574266800001,46.698545128000035],[118.7795701870001,46.71089009000008],[118.7733977050001,46.71860569100005],[118.80734635100009,46.74329561500008],[118.81640660300002,46.753362561000074],[118.84487222000007,46.75266215900007],[118.85964223700012,46.73165039700007],[118.8747174660001,46.70238306600004],[118.86839823200012,46.68352854500006],[118.92730820500003,46.685547873000075],[118.9647057310001,46.68608110100007],[118.98561728900006,46.67201894500005],[119.03019446400003,46.623591489000034],[119.08057463000011,46.60041958800008],[119.10563037500003,46.60897637000005],[119.147225907,46.600971911000045],[119.19520124900009,46.590730559000065],[119.24622538300002,46.59401611700008],[119.31506041700004,46.59068961300005],[119.36584190400004,46.59211413100007],[119.39393465400008,46.60318859800003],[119.43222935000006,46.62093930900005],[119.46337121700003,46.584188022000035],[119.52592573900006,46.58389661700005],[119.55476662300009,46.600388113000065],[119.599666651,46.587448678000044],[119.65477605600006,46.58118185600006],[119.69396532000007,46.59514340800007],[119.72043543400002,46.61358300300003],[119.72092738800006,46.61423398300008],[119.73476162200006,46.61830287500004],[119.76716714700001,46.63373407800003],[119.78427951700007,46.64983983800005]]]}}]}
