{"type":"FeatureCollection","name":"admin2_chn_cn-sd","adm0A3":"CHN","parentCode":"CN-SD","parentName":"Shandong","bbox":[114.77209433600001,34.385968985000034,122.66706649600007,38.204779346000066],"features":[{"type":"Feature","properties":{"code":"CN037010","name":"Binzhou","label":"Binzhou · 滨州市","type":"Prefecture-level city","parentCode":"CN-SD"},"geometry":{"type":"Polygon","coordinates":[[[118.2262587990001,38.02827996800005],[118.1953631780001,37.98082128900006],[118.19822229800002,37.94983629400008],[118.19150559100001,37.91635516400004],[118.18629949400008,37.88091790000004],[118.20549294700004,37.850570024000035],[118.22459520500001,37.819765192000034],[118.26020146000008,37.816666489000056],[118.29826716700006,37.82484920600007],[118.331572789,37.81179309400005],[118.33680027900004,37.771903344000066],[118.32617800300011,37.73504407900003],[118.30741498000009,37.70291901100006],[118.29184585900009,37.67836981600004],[118.2759851080001,37.64602669300007],[118.24297660000002,37.63057834400007],[118.19910543100002,37.63154465700006],[118.15920435800001,37.631734719000065],[118.13535880500001,37.61007642000004],[118.12182295500008,37.577098324000076],[118.09230756600004,37.55630367600003],[118.11487242800001,37.53077172500008],[118.13753588200007,37.49604104100007],[118.11389073400005,37.47069483700005],[118.08483812800011,37.44298005200005],[118.08547130900001,37.41263326100005],[118.11740219400008,37.39375802500007],[118.13268378800001,37.35805503000006],[118.18458599600001,37.38495648900005],[118.20349320100001,37.40891094600005],[118.25131384000008,37.39483575400004],[118.27876761200002,37.37257656700007],[118.30215284200005,37.34005175800007],[118.34623417800003,37.362450367000065],[118.35833864900007,37.30734132300006],[118.34194470500006,37.27505358700006],[118.36363452800003,37.257653686000026],[118.33568591800008,37.240626822000024],[118.34024726500002,37.18516843900005],[118.34939853900005,37.15462467300006],[118.35024306100001,37.11690298900004],[118.33815199600008,37.08658560900005],[118.31876087600006,37.05774288500004],[118.30119047900007,37.029671551000035],[118.24834005700006,36.98639417800007],[118.20778886500011,36.97010691500003],[118.17282142300007,36.94471072500005],[118.14109992600004,36.968655829000056],[118.13448761200004,36.99669344900008],[118.13441858500005,37.02699984800006],[118.13301725800011,37.06567374800005],[118.09085841700005,37.06879459500004],[118.03193691000001,37.082598388000065],[118.02744382200001,37.12901191100008],[118.0401166690001,37.15517003600007],[118.03998170600005,37.221294045000036],[118.01124512800004,37.24773257100003],[117.99090221400002,37.277219727000045],[117.96682397200004,37.29916955500005],[117.90506054700006,37.274151621000044],[117.7992114330001,37.260501042000044],[117.72832619600001,37.23712638200004],[117.65099299300005,37.246793025000045],[117.60333289700009,37.259686362000025],[117.5687631620001,37.17369982500003],[117.53617137700007,37.14041274400006],[117.53470455600007,37.12540642000005],[117.54246144900003,37.10483428200007],[117.56663617000004,37.08579886000007],[117.59478258900003,37.074074721000045],[117.6239043920001,37.07234088300004],[117.73191759200006,37.045734751000055],[117.76850606700009,37.05358089200007],[117.79711360400006,37.04681008800003],[117.81328956900006,37.04582310100005],[117.78781955400007,37.00587573000007],[117.81584747400007,36.98917792700007],[117.85536852300004,36.97807953200004],[117.86770045900005,36.94367300500005],[117.89697781300003,36.91768745500008],[117.92707970200001,36.88887994800007],[117.92180972800008,36.85620695600005],[117.87282848300003,36.85333173300006],[117.83141716300008,36.83565967000004],[117.80281177300003,36.819815359000074],[117.77798403800011,36.79634546900007],[117.76877046300001,36.76900543700003],[117.76654371100005,36.73198079100007],[117.75362498000004,36.70719611700008],[117.7180801080001,36.68999848400006],[117.67964633500003,36.68309322600004],[117.68614248900008,36.717516239000076],[117.68537955500005,36.74832007200007],[117.65311308700007,36.76758912300005],[117.62331800300001,36.78345584600004],[117.59026077400006,36.80092558600006],[117.56433164200007,36.83211467900003],[117.55016839600012,36.86109647400008],[117.53566462600008,36.88688859300004],[117.52964137900005,36.922645473000046],[117.52551425400009,36.94908885900003],[117.48908856300011,36.95712290000006],[117.45596550700009,36.94150988200005],[117.42991501200004,36.92219531500007],[117.39567868400002,36.906650746000025],[117.36486449900008,36.930326757000046],[117.3457238950001,36.961913958000025],[117.30052536300002,36.97415564700003],[117.28768275800007,37.00025942700006],[117.26083781200009,37.05322090400006],[117.3105601420001,37.06296197300003],[117.35682569400001,37.07036780900006],[117.43463878600005,37.10107831000005],[117.42274883300001,37.12642550100003],[117.41607760500005,37.16221403000003],[117.40361283800007,37.191977852000036],[117.4034372000001,37.28082100100005],[117.3993684620001,37.29092054800003],[117.38721764000002,37.31836246600005],[117.3718696410001,37.34280813700008],[117.3505825520001,37.37132131000004],[117.33042298300006,37.39975468600005],[117.29642766200004,37.428198757000075],[117.26414729800001,37.44550384000007],[117.30300285200008,37.48740279100008],[117.19451716600008,37.513712835000035],[117.24258922400008,37.559061532000044],[117.27756116300009,37.59793148000006],[117.31899898900008,37.67857322000003],[117.34304722700006,37.63657565800003],[117.36898145400005,37.618766175000076],[117.40423132000001,37.61316662000007],[117.44080822300009,37.62582145600004],[117.47111719300005,37.64485222500008],[117.50124091800001,37.66756925400006],[117.52052876100004,37.69148880700004],[117.51839168400011,37.75470604700007],[117.52816186000007,37.79017882800008],[117.56700325100007,37.830553989000066],[117.54987144300003,37.85513900800004],[117.53744636700003,37.89133051700003],[117.54709095200008,37.922333768000044],[117.54377563700007,37.96248747100003],[117.50468548900005,37.98730248700008],[117.53282026900001,38.038486610000064],[117.57110559500006,38.05889121800004],[117.61800214100003,38.066208277000044],[117.67222341900003,38.08062013600005],[117.71385263900004,38.10078858500003],[117.73633055500011,38.12712148000003],[117.74595316900002,38.156738165000036],[117.78389557500009,38.204779346000066],[117.8009800530001,38.20227975100005],[117.83669018700004,38.192149520000044],[117.84775944600005,38.184314510000036],[117.84553530400001,38.17363274500008],[117.83329750400003,38.157216436000056],[117.83273212200004,38.13923278400006],[117.85890018100008,38.153056624000044],[117.88584719400001,38.126294581000025],[117.86869427600004,38.12007202700005],[117.85171474800006,38.11563736000005],[117.83865855600004,38.10287269200006],[117.8577200740001,38.104486450000024],[117.88004491400011,38.10320959000006],[117.8992954260001,38.106610801000045],[117.91048271800003,38.11227299600006],[117.92872637900007,38.11752540700007],[117.9423916830001,38.112234519000026],[117.95090957800005,38.102734062000025],[117.93772988700005,38.10079615500007],[117.91991010000004,38.10002294200007],[117.90446668600009,38.09910693200004],[117.88866083300002,38.09461236900006],[117.86425012300003,38.07439405800005],[117.8896093090001,38.08014399900003],[117.90306842600012,38.08477687100003],[117.92546847000006,38.08438752500007],[117.94643855100003,38.08137664800006],[117.96129431000008,38.064304261000075],[117.99724414700006,38.06942255300004],[117.99707969600001,38.05591674500005],[117.99964180600011,38.03415311300006],[118.00931794300004,38.02458315600006],[118.01720049300002,38.00880775200005],[118.00439354500008,37.99874495000006],[117.99097237900003,37.99412085700004],[117.97688394800002,37.99494058000005],[117.94807143700007,38.002020497000046],[117.93094059900011,37.99580415100007],[117.92501504800009,37.98353665700006],[117.94974723100006,37.98300298700008],[117.97194261800007,37.98081799400006],[117.99730389100012,37.97483684400004],[118.0053684070001,37.96085818500006],[118.00475790200005,37.94287645000003],[117.98927152300007,37.92937318300005],[117.96162017200004,37.91206304000008],[117.96490781800003,37.89746297500005],[117.961966028,37.87961656700003],[117.96416338200004,37.86597947800004],[117.95229563900011,37.853161758000056],[117.93341003700004,37.84074312300004],[117.90877091000004,37.82955685700006],[117.89510868700006,37.82223711200004],[117.92229998300002,37.82337339600008],[117.93616847700002,37.82076850200008],[117.95059853900011,37.81182577900006],[117.97112662000006,37.82820478000008],[117.98842791200002,37.849253162000025],[117.99109800200006,37.864412910000055],[117.9878329070001,37.879014779000045],[117.98880932700001,37.886870771000076],[117.99272549000011,37.89738350700003],[117.99395713400008,37.900673512000026],[117.99482437200004,37.90202579100003],[118.014996472,37.91526002000006],[118.03111944800003,37.92332327400004],[118.02767366400008,37.93613718100005],[118.04415933000007,37.94778027700005],[118.05552896300003,37.95521617800006],[118.07085837800003,37.95521707100005],[118.08493142600003,37.95438983300005],[118.10152611400008,37.94350128600007],[118.10847461200001,37.95389736800007],[118.10693490200003,37.973806755000055],[118.10503990600012,37.99013239100003],[118.11920054900008,38.013618300000076],[118.12542851700005,38.02856582900006],[118.12895891300002,38.06348953000003],[118.16147919900004,38.06966532700005],[118.18289333200005,38.082804829000054],[118.22485890100006,38.05417031300004],[118.25225630000011,38.07463992000004],[118.2262587990001,38.02827996800005]]]}},{"type":"Feature","properties":{"code":"CN037020","name":"Dezhou","label":"Dezhou · 德州市","type":"Prefecture-level city","parentCode":"CN-SD"},"geometry":{"type":"Polygon","coordinates":[[[117.19451716600008,37.513712835000035],[117.161404532,37.493936131000055],[117.12297433100002,37.48405892900007],[117.09720499100001,37.475877222000065],[117.07166288400003,37.47007790200007],[117.02038921000008,37.45607105100004],[116.99367841500009,37.43351492600004],[116.98396250100006,37.38690496300006],[116.97438469200006,37.34761677300003],[116.9718087870001,37.30925556900007],[116.97426051200011,37.28111896200005],[117.0044917890001,37.24291803800003],[117.02168831400002,37.212894309000035],[117.0251137030001,37.17735036700003],[117.02380121300007,37.14028231200007],[117.0391954160001,37.115425135000066],[116.95592475100011,37.097460245000036],[116.91213405500002,37.07185614500003],[116.92312786700006,37.04270967700006],[116.90515589500001,37.010844156000076],[116.86848322300011,36.993025776000025],[116.87241990700011,36.95607864700003],[116.90531709600009,36.92873068500006],[116.93964310900003,36.88660331600005],[116.9484381850001,36.853007314000024],[116.97069735600007,36.828623622000066],[117.00738542300007,36.835401379000075],[117.04183873300008,36.836812595000026],[117.04814659800002,36.80749434100005],[117.0447818880001,36.753540299000065],[116.97024797300003,36.71741366400005],[116.85443789500005,36.72621236300006],[116.78455580700006,36.70481398100003],[116.77723362500001,36.69514558900005],[116.74971181400008,36.67649778600003],[116.72174212200002,36.615139689000046],[116.68825027600008,36.601820420000024],[116.6262636030001,36.55730962800004],[116.56523498400009,36.48506732800007],[116.58197450700004,36.45403744300006],[116.58822213700012,36.41349862200008],[116.52643302500007,36.40009760400005],[116.4763954660001,36.412829704000046],[116.45467785400001,36.43709118000004],[116.42861113800006,36.47032899300007],[116.38427441200008,36.52193583500008],[116.39426918200002,36.56458979700005],[116.39899067100009,36.59868856200006],[116.39699059000009,36.634117487000026],[116.36270557700004,36.682955642000024],[116.38607306900008,36.70401220400004],[116.37428635700007,36.74507478800007],[116.37061217400003,36.78747776300003],[116.37640550800006,36.81417591300004],[116.39027744900011,36.84817938700007],[116.41034454100009,36.880887474000076],[116.42383843700009,36.91033140700006],[116.41741515800004,36.94098231500004],[116.37819795200005,36.96353040500003],[116.33078554400004,36.97143351300008],[116.29536576300006,36.97905188000004],[116.25961602200005,36.989440115000036],[116.22030753600006,37.03165693200003],[116.21117921700011,37.02302978700004],[116.1764415340001,36.95435538700008],[116.12680410400003,36.901465941000026],[116.0698830880001,36.87906010200004],[116.0317213510001,36.87491687100004],[115.98783835400002,36.87011429800003],[115.94915405300003,36.87232843400005],[115.90519819200006,36.87345957800005],[115.86370931500005,36.876727311000025],[115.82555322600001,36.88575197600005],[115.7417183770001,36.91731943600007],[115.72589126700007,36.92007346300005],[115.74336473900007,36.93687408400007],[115.75032185900011,36.98680174300006],[115.80167899300011,37.022160873000075],[115.82965985900012,37.048523755000076],[115.84184168500008,37.08062492100004],[115.85039262600003,37.10787207100003],[115.84200561700004,37.12583653300004],[115.84981753600005,37.143065913000044],[115.88663665700005,37.19915741600005],[115.92522367100003,37.23506602200007],[115.92926772900012,37.28763266300007],[115.94381316200008,37.30705973600004],[115.97863386800009,37.33558878800005],[116.03851711200002,37.350376948000076],[116.0553653610001,37.357121180000036],[116.19426068900009,37.359258811000075],[116.21345729100005,37.374694702000056],[116.22483297600002,37.394245288000036],[116.19411669400006,37.418343597000046],[116.19247548900012,37.452377252000076],[116.2215558800001,37.474813149000056],[116.23110493100012,37.51204243900003],[116.24026849800009,37.544260972000075],[116.26207706000002,37.57084478200005],[116.2787824190001,37.575058788000035],[116.34657532200004,37.56778789500004],[116.36594501400009,37.51569386800003],[116.37882117600009,37.48597459000007],[116.38640808900004,37.488769793000074],[116.42616101600004,37.50339073500004],[116.45121347800011,37.522243881000065],[116.45513836500004,37.53115686500007],[116.5256227530001,37.590433501000064],[116.60841239500007,37.638995401000045],[116.61928314400006,37.65100416700005],[116.62862224700007,37.68319780300004],[116.64036952700008,37.705214958000056],[116.65451640900005,37.71705299900003],[116.700257523,37.75239032200005],[116.71856392600012,37.77405956300004],[116.73539267000001,37.81591696100003],[116.76963579000005,37.83172461000004],[116.8233471310001,37.83570412000006],[116.82918331700012,37.83613589400005],[116.87890929000002,37.841038808000064],[116.93946671200001,37.820203124000045],[116.98219426700007,37.820416597000076],[117.00925831400002,37.82900676100007],[117.03307665300008,37.837772691000055],[117.14869881600009,37.843999104000034],[117.18793806000008,37.841825468000025],[117.30077545200004,37.85310100700008],[117.32414048800001,37.85681047000003],[117.36012669600007,37.85476691700006],[117.40711286300007,37.864657356000066],[117.4422568650001,37.88778775900005],[117.45001866000007,37.899915229000044],[117.50468548900005,37.98730248700008],[117.54377563700007,37.96248747100003],[117.54709095200008,37.922333768000044],[117.53744636700003,37.89133051700003],[117.54987144300003,37.85513900800004],[117.56700325100007,37.830553989000066],[117.52816186000007,37.79017882800008],[117.51839168400011,37.75470604700007],[117.52052876100004,37.69148880700004],[117.50124091800001,37.66756925400006],[117.47111719300005,37.64485222500008],[117.44080822300009,37.62582145600004],[117.40423132000001,37.61316662000007],[117.36898145400005,37.618766175000076],[117.34304722700006,37.63657565800003],[117.31899898900008,37.67857322000003],[117.27756116300009,37.59793148000006],[117.24258922400008,37.559061532000044],[117.19451716600008,37.513712835000035]]]}},{"type":"Feature","properties":{"code":"CN037030","name":"Dongying","label":"Dongying · 东营市","type":"Prefecture-level city","parentCode":"CN-SD"},"geometry":{"type":"Polygon","coordinates":[[[118.87897533800003,37.282171610000034],[118.76417658900004,37.24611963700005],[118.7264078610001,37.23852479900006],[118.69467047400008,37.22355934500007],[118.65618613200002,37.20497605000003],[118.64316378100011,37.15821960300008],[118.64595260800002,37.128599431000055],[118.64581658100008,37.098286958000074],[118.64070326700005,37.060099653000066],[118.61487056300007,37.03592707300004],[118.56390530700003,37.03713181300003],[118.52813120700011,37.02106768700003],[118.54894968700012,36.99787013300005],[118.5389508720001,36.961433173000046],[118.52980043700006,36.932282212000075],[118.48816396200004,36.91942594600005],[118.43047887600005,36.931204292000075],[118.3973729920001,36.92271380900007],[118.37472632400011,36.945106836000036],[118.33079749600006,36.95211821300006],[118.2883515960001,36.94201056600008],[118.24834005700006,36.98639417800007],[118.30119047900007,37.029671551000035],[118.31876087600006,37.05774288500004],[118.33815199600008,37.08658560900005],[118.35024306100001,37.11690298900004],[118.34939853900005,37.15462467300006],[118.34024726500002,37.18516843900005],[118.33568591800008,37.240626822000024],[118.36363452800003,37.257653686000026],[118.34194470500006,37.27505358700006],[118.35833864900007,37.30734132300006],[118.34623417800003,37.362450367000065],[118.30215284200005,37.34005175800007],[118.27876761200002,37.37257656700007],[118.25131384000008,37.39483575400004],[118.20349320100001,37.40891094600005],[118.18458599600001,37.38495648900005],[118.13268378800001,37.35805503000006],[118.11740219400008,37.39375802500007],[118.08547130900001,37.41263326100005],[118.08483812800011,37.44298005200005],[118.11389073400005,37.47069483700005],[118.13753588200007,37.49604104100007],[118.11487242800001,37.53077172500008],[118.09230756600004,37.55630367600003],[118.12182295500008,37.577098324000076],[118.13535880500001,37.61007642000004],[118.15920435800001,37.631734719000065],[118.19910543100002,37.63154465700006],[118.24297660000002,37.63057834400007],[118.2759851080001,37.64602669300007],[118.29184585900009,37.67836981600004],[118.30741498000009,37.70291901100006],[118.32617800300011,37.73504407900003],[118.33680027900004,37.771903344000066],[118.331572789,37.81179309400005],[118.29826716700006,37.82484920600007],[118.26020146000008,37.816666489000056],[118.22459520500001,37.819765192000034],[118.20549294700004,37.850570024000035],[118.18629949400008,37.88091790000004],[118.19150559100001,37.91635516400004],[118.19822229800002,37.94983629400008],[118.1953631780001,37.98082128900006],[118.2262587990001,38.02827996800005],[118.23618929600002,38.014749366000046],[118.25731789500003,38.01347964000007],[118.26261319700006,38.04198952100006],[118.29882774600003,38.049712111000076],[118.31459431100006,38.06497591100003],[118.32363997000004,38.072533745000044],[118.34053591000009,38.076010549000046],[118.35401862700007,38.080594760000054],[118.37457966200009,38.07393329100006],[118.39102977200002,38.07292496400004],[118.40370862000009,38.081163193000066],[118.41592647300001,38.08491599000007],[118.44223290800005,38.08780214500007],[118.45294596300005,38.07723000000004],[118.4659827800001,38.066513919000045],[118.47180561500011,38.05443567800006],[118.46912752000003,38.04018878200003],[118.45494408700006,38.01763348800006],[118.48595984300005,38.009406961000025],[118.49765306800009,37.96362361700005],[118.51662179800007,37.98677351500004],[118.53871167200009,37.98359483300004],[118.53554560900011,37.998210663000066],[118.53550648800001,38.00903077100003],[118.54946478400007,38.01806699700006],[118.56067535000011,38.023676151000075],[118.57572447300004,38.03174377800008],[118.59722343600004,38.03400182200005],[118.62236474100007,38.02610974000004],[118.64863036000008,38.05058454400006],[118.65202762500007,38.07109890500004],[118.64905832600004,38.087507506000065],[118.65061596100009,38.10182796000004],[118.6691928460001,38.109666753000056],[118.67615886200008,38.09750532800007],[118.68790890800005,38.085945940000045],[118.70101990400008,38.086914954000065],[118.71451718200001,38.09146466400006],[118.72733251600005,38.10055680100004],[118.73328943400008,38.11189624300005],[118.73436361800009,38.12174269700006],[118.74885236300008,38.124420841000074],[118.75619667000001,38.115839135000044],[118.75521352400006,38.10688745900006],[118.75258020500007,38.09353821900004],[118.74133247300006,38.07713334300007],[118.71317456400004,38.04648453100003],[118.73654292000003,38.05490285700006],[118.76147903200001,38.05601295800005],[118.7787846980001,38.05219664600003],[118.79697621200012,38.045621622000056],[118.81702218600003,38.04522876600004],[118.83491798700004,38.04677694700007],[118.86260172300001,38.051288613000054],[118.85289792200001,38.03840172400004],[118.83246627300002,38.03521823700004],[118.82024043600006,38.031499835000034],[118.80205738000006,38.02726883200006],[118.78395015300009,38.023924554000075],[118.77018059000011,38.016698345000066],[118.75502586700009,38.00775828600007],[118.75140874800002,37.99627119500008],[118.7547328610001,37.983440646000076],[118.75893573300004,37.96785226900005],[118.77280590900011,37.95433802200006],[118.78647076100003,37.93903855900004],[118.80502528400007,37.93603749300007],[118.80659871700004,37.950358540000025],[118.81823199000007,37.97033894500004],[118.819223437,37.979287476000025],[118.82577744000002,37.99598770000006],[118.83215071600011,38.01090269200006],[118.85522370800004,38.01661700300008],[118.87477675700006,38.02255760200006],[118.8913791120001,38.01246213300004],[118.89262903200006,38.002467445000036],[118.89358405300004,37.989783326000065],[118.89111730500008,37.97822640700008],[118.88759010600006,37.967638900000054],[118.88033919000009,37.955496108000034],[118.87924958500003,37.94564892400007],[118.9016199450001,37.945092773000056],[118.91841770500002,37.94760226900007],[118.93872826600011,37.94987593800005],[118.96274101900008,37.94288847900003],[118.9571034380001,37.91351104700004],[118.97031469500007,37.89461430700004],[118.94243647700011,37.866698204000045],[118.93115900500004,37.83949766200004],[118.89324698100006,37.848288438000054],[118.88864573400008,37.838669837000054],[118.89932817700003,37.81814618100003],[118.89832647900005,37.813366307000024],[118.9039486370001,37.78539457100004],[118.92449412400003,37.77954218800005],[118.93966547600007,37.76772710100005],[118.95884863200001,37.76015662800006],[118.97597192800004,37.755422786000054],[119.00840231900008,37.75057111700005],[119.02048435900008,37.75337368300006],[119.02281022400007,37.72166906000007],[119.01652762300012,37.707660161000035],[119.00634766000007,37.69031027500006],[118.96771783800011,37.691963669000074],[118.97309425800006,37.66636981000005],[118.95739567700002,37.65207992400008],[118.94411858100011,37.63853262600003],[118.93583030800005,37.627361386000075],[118.91712679200009,37.606960395000044],[118.90319175200011,37.58714215200007],[118.9135342080001,37.56392914500003],[118.91049257500003,37.54700579300004],[118.8912201070001,37.53204810200003],[118.85925373700002,37.518816998000034],[118.88719518500011,37.506167627000025],[118.8931629220001,37.464318278000064],[118.87557180300007,37.45375278000006],[118.88126595300002,37.430847225000036],[118.87396170800002,37.41780892600008],[118.85155512900008,37.41656938300008],[118.82772460900003,37.414059175000034],[118.79346486200006,37.41044152500007],[118.75632091300008,37.402933423000036],[118.77483787400001,37.37919994300006],[118.78220495400001,37.360701525000025],[118.78878417600004,37.345853168000076],[118.79092796300006,37.34239806000005],[118.79575724100005,37.33458299900008],[118.82820857900003,37.331572047000066],[118.85261365800011,37.329975570000045],[118.86966117100008,37.32525270100007],[118.88019143200006,37.31464536000004],[118.88018477800006,37.30383016300004],[118.88016266600005,37.29301825400006],[118.87897533800003,37.282171610000034]]]}},{"type":"Feature","properties":{"code":"CN037040","name":"Heze","label":"Heze · 菏泽市","type":"Prefecture-level city","parentCode":"CN-SD"},"geometry":{"type":"Polygon","coordinates":[[[116.38171774000011,34.837410471000055],[116.38057216000004,34.820769992000066],[116.38036818300009,34.78538601900004],[116.35943254900008,34.772156866000046],[116.35336894900001,34.74853153500004],[116.33873812700006,34.72970885500007],[116.36503704200004,34.691385050000065],[116.35941441200009,34.65800763000004],[116.33686903900002,34.63687863500007],[116.33331800400003,34.62676846900007],[116.30593333600007,34.60638036100005],[116.27468418700005,34.58739081400006],[116.24906079200002,34.576022762000036],[116.2437597170001,34.57381154300003],[116.16101892600011,34.544391751000035],[116.14209565100009,34.54037080000006],[116.12734407900007,34.529948535000074],[116.10593925900002,34.55455489700006],[116.09420754400003,34.58364417800004],[116.06211853000002,34.590176144000054],[116.01778961100001,34.57870547500005],[116.00035234400002,34.594423660000075],[115.98661266600004,34.59756688700003],[115.97269959700009,34.59824090700005],[115.92528425000012,34.58688437500007],[115.89927622000005,34.57077927000006],[115.87035489400012,34.557283160000054],[115.82489474500005,34.55075326000008],[115.78452763000007,34.550168599000074],[115.75515389800012,34.551538082000036],[115.74456779000002,34.55570031800005],[115.66465893500003,34.57316886000007],[115.65174692400001,34.568730318000064],[115.64494819900005,34.561498570000026],[115.6438844170001,34.54645855700005],[115.62436219900007,34.537289878000024],[115.57783167800005,34.546938074000025],[115.55342666800004,34.55809497600006],[115.52552757500007,34.56436989300005],[115.48405339900012,34.55616011200004],[115.45717268600004,34.57746109800007],[115.42519734000007,34.61658632100006],[115.42485171300007,34.63122193600003],[115.41843433700001,34.65533872900005],[115.4052928540001,34.71773462500005],[115.39342136200003,34.78361500700004],[115.34279367900001,34.833200170000055],[115.28348174300004,34.847697922000066],[115.23062183700006,34.85439186600007],[115.20608505300004,34.85749148200006],[115.20457456700001,34.87080846200007],[115.20344043400007,34.89118704200007],[115.17941036900004,34.89997909900006],[115.17210435200002,34.90907510300008],[115.16651252400004,34.929602283000065],[115.14076912600001,34.96939420700005],[115.11718854300011,34.97826692900003],[115.08392115000004,34.99078024900007],[114.95474024700002,34.972086051000076],[114.89548635500012,34.99081135000006],[114.77449579600011,35.005253604000075],[114.77209433600001,35.017910821000044],[114.81345852900006,35.074107971000046],[114.81436243900009,35.08914901700007],[114.8059690340001,35.15982380000003],[114.868995143,35.20511665300006],[114.9078898360001,35.21866862600007],[114.95091148400002,35.24711862600003],[114.9689450620001,35.28157973900005],[114.97605520400009,35.34410772600006],[114.97667252500003,35.354133673000035],[115.14023974800011,35.42540463600005],[115.1901795230001,35.41078177400004],[115.29973462100008,35.479059515000074],[115.28252895600008,35.55516435100003],[115.35864258900006,35.54942403600006],[115.36572525200006,35.60690893700007],[115.40595735700003,35.63533185600005],[115.44972938300009,35.66861822300007],[115.4677278480001,35.69798558200006],[115.5013194070001,35.721646779000025],[115.53085144900001,35.73291348300006],[115.5634175240001,35.74152815600007],[115.58499563900011,35.73051979600007],[115.62286071500012,35.72380924500004],[115.6760359320001,35.796800561000055],[115.71045832100003,35.83042210000008],[115.73670807700012,35.83927856200006],[115.8076004940001,35.846083133000036],[115.84098212700007,35.86464439900004],[115.92347140200002,35.786985541000035],[115.96035405300006,35.76925828100008],[115.9942842050001,35.756736948000025],[116.02482386000008,35.744406053000034],[116.05545342700009,35.71279990200003],[116.07209550200002,35.68935326400003],[116.09548627200002,35.659081198000024],[116.109245525,35.628459433000046],[116.09814631100005,35.563083283000026],[116.09816548900005,35.53648413900004],[116.0974473660001,35.507634127000074],[116.13951025800009,35.45972366400008],[116.18438747700009,35.439150737000034],[116.20475598300004,35.414528278000034],[116.21524615300007,35.385918822000065],[116.20409195700006,35.353570140000045],[116.18559601000004,35.32716311000007],[116.19724242300003,35.279220327000075],[116.20879136500002,35.25008160900006],[116.2065717270001,35.20061386300006],[116.18277218800006,35.15394889300006],[116.1559225740001,35.12070645700004],[116.14290615100003,35.09212736400008],[116.1173836370001,35.04733235600003],[116.0891680960001,35.01690477000005],[116.09969960700005,34.982329280000044],[116.11104465200003,34.95091414800004],[116.1417645900001,34.931176909000044],[116.18067469800008,34.922868738000034],[116.21674818600002,34.907368860000076],[116.25046025500001,34.890635417000055],[116.28837246900002,34.87087108400004],[116.32831677000001,34.85556581000003],[116.36666726300007,34.841257306000045],[116.38171774000011,34.837410471000055]]]}},{"type":"Feature","properties":{"code":"CN037050","name":"Jinan","label":"Jinan · 济南市","type":"Prefecture-level city","parentCode":"CN-SD"},"geometry":{"type":"Polygon","coordinates":[[[117.67964633500003,36.68309322600004],[117.67316917700009,36.65417132600004],[117.67006037800002,36.62455845000005],[117.67689296600008,36.58643769500003],[117.69339872100011,36.55359025800004],[117.70852944600006,36.524055522000026],[117.6576210070001,36.500592219000055],[117.61485048100008,36.51692855400006],[117.57657306800002,36.504938383000024],[117.54023047200008,36.48407945200006],[117.5072395200001,36.473533823000025],[117.47063929800004,36.46094043700003],[117.43300919600006,36.449319649000074],[117.39769516000001,36.43799228300003],[117.36451228600004,36.43063486200003],[117.30603171300004,36.45482759300006],[117.25949051700002,36.43918168000005],[117.23045148300002,36.42188093000004],[117.195237872,36.39947917600006],[117.15694416600002,36.36855490700003],[117.13720762800006,36.34143271100004],[117.08667923900009,36.31865342400005],[117.05180369800007,36.322343139000054],[117.04249946100003,36.27295378800005],[117.01529754300009,36.244016679000026],[116.9711932670001,36.24004432700008],[116.92680494000001,36.238824702000045],[116.88221200100008,36.235305108000034],[116.85571267500006,36.25537846200007],[116.83284174700009,36.28392232200008],[116.77708242400001,36.30722932000003],[116.7208763750001,36.29523026600003],[116.690751997,36.282470244000024],[116.63301706700008,36.27832432400004],[116.56795869900009,36.28613233500005],[116.52989015100002,36.24901306900006],[116.49064623700008,36.235393283000064],[116.47297109700003,36.20255499800004],[116.49594889000002,36.17407531600003],[116.53147182300006,36.14022173400008],[116.54127685100002,36.11072091200003],[116.51445027700004,36.08946257100007],[116.49740182200003,36.06346053500005],[116.45165693500007,36.052076931000045],[116.41274731700003,36.059980565000046],[116.3656443530001,36.071579161000045],[116.32631326600006,36.062051745000076],[116.28633735100004,36.03833881800006],[116.23485637800002,36.02539044200006],[116.1850544780001,36.03845944300008],[116.18603748800001,36.05929008900006],[116.18082267700004,36.07462516000004],[116.16843672800007,36.080256441000074],[116.16558404300008,36.12563162600003],[116.184370994,36.15989814000005],[116.25880022700005,36.24671436400007],[116.37968645800004,36.30854007500005],[116.41619573600008,36.32177715200004],[116.47063163400003,36.35671427400007],[116.48833984700002,36.37591675700003],[116.4953898760001,36.383094234000055],[116.52643302500007,36.40009760400005],[116.58822213700012,36.41349862200008],[116.58197450700004,36.45403744300006],[116.56523498400009,36.48506732800007],[116.6262636030001,36.55730962800004],[116.68825027600008,36.601820420000024],[116.72174212200002,36.615139689000046],[116.74971181400008,36.67649778600003],[116.77723362500001,36.69514558900005],[116.78455580700006,36.70481398100003],[116.85443789500005,36.72621236300006],[116.97024797300003,36.71741366400005],[117.0447818880001,36.753540299000065],[117.04814659800002,36.80749434100005],[117.04183873300008,36.836812595000026],[117.00738542300007,36.835401379000075],[116.97069735600007,36.828623622000066],[116.9484381850001,36.853007314000024],[116.93964310900003,36.88660331600005],[116.90531709600009,36.92873068500006],[116.87241990700011,36.95607864700003],[116.86848322300011,36.993025776000025],[116.90515589500001,37.010844156000076],[116.92312786700006,37.04270967700006],[116.91213405500002,37.07185614500003],[116.95592475100011,37.097460245000036],[117.0391954160001,37.115425135000066],[117.02380121300007,37.14028231200007],[117.0251137030001,37.17735036700003],[117.02168831400002,37.212894309000035],[117.0044917890001,37.24291803800003],[116.97426051200011,37.28111896200005],[116.9718087870001,37.30925556900007],[116.97438469200006,37.34761677300003],[116.98396250100006,37.38690496300006],[116.99367841500009,37.43351492600004],[117.02038921000008,37.45607105100004],[117.07166288400003,37.47007790200007],[117.09720499100001,37.475877222000065],[117.12297433100002,37.48405892900007],[117.161404532,37.493936131000055],[117.19451716600008,37.513712835000035],[117.30300285200008,37.48740279100008],[117.26414729800001,37.44550384000007],[117.29642766200004,37.428198757000075],[117.33042298300006,37.39975468600005],[117.3505825520001,37.37132131000004],[117.3718696410001,37.34280813700008],[117.38721764000002,37.31836246600005],[117.3993684620001,37.29092054800003],[117.4034372000001,37.28082100100005],[117.40361283800007,37.191977852000036],[117.41607760500005,37.16221403000003],[117.42274883300001,37.12642550100003],[117.43463878600005,37.10107831000005],[117.35682569400001,37.07036780900006],[117.3105601420001,37.06296197300003],[117.26083781200009,37.05322090400006],[117.28768275800007,37.00025942700006],[117.30052536300002,36.97415564700003],[117.3457238950001,36.961913958000025],[117.36486449900008,36.930326757000046],[117.39567868400002,36.906650746000025],[117.42991501200004,36.92219531500007],[117.45596550700009,36.94150988200005],[117.48908856300011,36.95712290000006],[117.52551425400009,36.94908885900003],[117.52964137900005,36.922645473000046],[117.53566462600008,36.88688859300004],[117.55016839600012,36.86109647400008],[117.56433164200007,36.83211467900003],[117.59026077400006,36.80092558600006],[117.62331800300001,36.78345584600004],[117.65311308700007,36.76758912300005],[117.68537955500005,36.74832007200007],[117.68614248900008,36.717516239000076],[117.67964633500003,36.68309322600004]]]}},{"type":"Feature","properties":{"code":"CN037060","name":"Jining","label":"Jining · 济宁市","type":"Prefecture-level city","parentCode":"CN-SD"},"geometry":{"type":"Polygon","coordinates":[[[117.58592954200003,35.62979211100003],[117.57473424800003,35.592025602000035],[117.57640427900003,35.55884612300008],[117.56279480500007,35.53043178900003],[117.52768680000008,35.52833087700003],[117.49363140000003,35.52523043700006],[117.50606391000008,35.48715968700003],[117.4586820610001,35.46341096800006],[117.41824311800008,35.446962932000076],[117.42653267800006,35.40643976800004],[117.44196468100006,35.38102706300003],[117.4426965780001,35.34929045800004],[117.4419155060001,35.31353377200003],[117.46436287100005,35.291292731000055],[117.44676476400002,35.26681981300004],[117.39314997800011,35.274714018000054],[117.36978681900007,35.29930643500006],[117.33473904700008,35.319188272000076],[117.30410946100005,35.298814708000066],[117.28266795100001,35.26907562900004],[117.23396208600002,35.25269464300004],[117.18931353800008,35.23142560500003],[117.15628490300003,35.22036611100003],[117.10706777700011,35.21544273200004],[117.06612243400002,35.21499703500007],[117.02376174900007,35.211422611000046],[116.98500467200006,35.19840691100006],[116.9411467010001,35.17883706600003],[116.90627152200011,35.17105201100003],[116.8715159940001,35.17655766000007],[116.83171033200006,35.16999248700006],[116.78173344200002,35.16224344700004],[116.82184671100003,35.123427624000044],[116.85747461100004,35.10163957700007],[116.88612242200008,35.07154992400007],[116.90744056200003,35.02946386700006],[116.94760139300001,34.98879620300005],[116.97119148200011,34.95524186600005],[117.00802576800004,34.93085282200008],[117.08652050400008,34.91896750600006],[117.14758945000005,34.88695101700006],[117.18201430300007,34.853968501000054],[117.1880230270001,34.825638258000026],[117.19412743300006,34.78133520500006],[117.2220853010001,34.746230027000024],[117.25169810200009,34.729620269000065],[117.31763988500006,34.70217912700008],[117.37888792000001,34.674981493000075],[117.39378239400003,34.634397152000076],[117.39069026200002,34.601091791000044],[117.37095369000008,34.57249432200007],[117.33433769700002,34.579630112000075],[117.31135287500001,34.56610875600006],[117.23662881700011,34.54692692400005],[117.26054584500002,34.536839936000035],[117.23125408900012,34.48770089100003],[117.23496942600002,34.460190658000045],[117.22734554500005,34.44450831800003],[117.21433691700008,34.43782658600003],[117.17445085000008,34.425263192000045],[117.14790673700008,34.42307867900007],[117.12423276600009,34.43561253200005],[117.12610716100005,34.45659253500003],[117.1213713300001,34.472992384000065],[117.11573200900011,34.548976579000055],[117.10754466300011,34.57673541100007],[117.09677850800006,34.59749096200005],[117.08691270400004,34.62825758900004],[117.05554223800004,34.630045832000064],[117.02862692100007,34.646676642000045],[117.02141589700011,34.67225394800005],[117.02363024200008,34.69729436400007],[117.01305305200003,34.720547424000074],[116.98967724800002,34.74199424600005],[116.96359284800008,34.76862868400008],[116.93522965000011,34.80544516000003],[116.92434184800004,34.847511534000034],[116.87445357500008,34.86516102300004],[116.8242173860001,34.879085203000045],[116.76671725200003,34.89641019800007],[116.76469059500005,34.89609253800006],[116.72803290800005,34.89782203900006],[116.71523707900008,34.901999183000044],[116.69318975600004,34.90918968100004],[116.64960025000005,34.90768134700005],[116.62398403700001,34.90797979200005],[116.59122224100008,34.91745337100008],[116.55565024000009,34.903154106000045],[116.53267694500005,34.89358437100003],[116.48040401800006,34.87913236600008],[116.46419922300004,34.87668180500003],[116.43536321900001,34.872305589000064],[116.38194034300011,34.856988846000036],[116.38196701400011,34.84105983200004],[116.38171774000011,34.837410471000055],[116.36666726300007,34.841257306000045],[116.32831677000001,34.85556581000003],[116.28837246900002,34.87087108400004],[116.25046025500001,34.890635417000055],[116.21674818600002,34.907368860000076],[116.18067469800008,34.922868738000034],[116.1417645900001,34.931176909000044],[116.11104465200003,34.95091414800004],[116.09969960700005,34.982329280000044],[116.0891680960001,35.01690477000005],[116.1173836370001,35.04733235600003],[116.14290615100003,35.09212736400008],[116.1559225740001,35.12070645700004],[116.18277218800006,35.15394889300006],[116.2065717270001,35.20061386300006],[116.20879136500002,35.25008160900006],[116.19724242300003,35.279220327000075],[116.18559601000004,35.32716311000007],[116.20409195700006,35.353570140000045],[116.21524615300007,35.385918822000065],[116.20475598300004,35.414528278000034],[116.18438747700009,35.439150737000034],[116.13951025800009,35.45972366400008],[116.0974473660001,35.507634127000074],[116.09816548900005,35.53648413900004],[116.09814631100005,35.563083283000026],[116.109245525,35.628459433000046],[116.09548627200002,35.659081198000024],[116.07209550200002,35.68935326400003],[116.05545342700009,35.71279990200003],[116.02482386000008,35.744406053000034],[115.9942842050001,35.756736948000025],[115.96035405300006,35.76925828100008],[115.92347140200002,35.786985541000035],[115.84098212700007,35.86464439900004],[115.83550149100006,35.92018153600003],[115.87643833800007,35.95345789700008],[116.01565948700011,35.97202268800004],[116.02135711200003,36.00441985200007],[116.06105765300003,36.10304442700004],[116.06484607200002,36.11040184400008],[116.08830180700011,36.126642971000024],[116.094692226,36.112040741000044],[116.10334000000012,36.08139429200003],[116.0974440440001,36.069519988000025],[116.08352125800002,36.05361187700004],[116.06055947100003,36.03630779800005],[116.05532420600002,36.009431101000075],[116.03936840000006,35.97911884600006],[116.04118765500004,35.95271779700005],[116.06014466600004,35.922627472000045],[116.09545818400011,35.89328087600006],[116.11139065500004,35.87474526600005],[116.1381620200001,35.87675603400004],[116.17262589000006,35.89667084000007],[116.18562233400007,35.89333088500007],[116.19175216800011,35.87784035800007],[116.1975603950001,35.87623070700005],[116.21029394100003,35.876924021000036],[116.22641529600003,35.84752712400007],[116.26013702000012,35.806510880000076],[116.2818933640001,35.77080228900007],[116.33003621300008,35.78621696600004],[116.37912376100007,35.78000020400003],[116.41303500400011,35.793508436000025],[116.45344246000002,35.81027555800006],[116.51041466800007,35.81635944000004],[116.52436656600003,35.84621830300006],[116.53695610000011,35.87341232800003],[116.56701458000009,35.89353863500003],[116.59953282200001,35.91580301600004],[116.62997358100006,35.93360680700005],[116.64874651500008,35.90397658200004],[116.63243734600007,35.867395298000076],[116.61147427100002,35.829275073000076],[116.63483622100011,35.80669596100006],[116.62196677300005,35.77678107600008],[116.6106675960001,35.745384201000036],[116.59721143700006,35.71504131800003],[116.63700974700009,35.70013337800003],[116.6742707520001,35.70693799400004],[116.69879721100006,35.68564169000007],[116.7391130200001,35.68259504900004],[116.77066580100006,35.67046693800006],[116.83600620400011,35.67310766400004],[116.88372641700005,35.69247111400006],[116.90926244900004,35.71832511200006],[116.93546378600001,35.751019851000024],[116.96522628700006,35.77933922500006],[117.0089738160001,35.78239991300006],[117.0562409050001,35.77512520100004],[117.0962054360001,35.76235035900004],[117.1383609070001,35.75492193300005],[117.17611842500003,35.748696523000035],[117.21626328500008,35.749642599000026],[117.26706734100003,35.76131567500005],[117.33736303,35.77025300500003],[117.37769419100005,35.755990301000054],[117.41387892500006,35.73418921000007],[117.44523095800002,35.71501743600004],[117.4874767880001,35.69782242000008],[117.52116786800002,35.66882196900008],[117.5447737820001,35.646033971000065],[117.58592954200003,35.62979211100003]]]}},{"type":"Feature","properties":{"code":"CN037070","name":"Laiwu","label":"Laiwu · 莱芜市","type":"Prefecture-level city","parentCode":"CN-SD"},"geometry":{"type":"Polygon","coordinates":[[[117.82032175200004,36.034427193000056],[117.75584763600011,36.03542480400006],[117.73680086900004,36.06433851300005],[117.70186191000005,36.06088205200007],[117.67155947900005,36.04193683700004],[117.61864242000001,36.03422801800008],[117.581916922,36.04601088100003],[117.57052463700006,36.078490851000026],[117.55435367300004,36.10304691600004],[117.51448727400009,36.10676332600008],[117.47182987200006,36.08312615500006],[117.4311145370001,36.071013847000074],[117.41839288400001,36.09832668100006],[117.41973325600009,36.13953920700004],[117.44554350900012,36.16481920800004],[117.43420032000006,36.19268939300008],[117.40488980100008,36.22271662000003],[117.37002240200002,36.22604435000005],[117.37145372700002,36.257149740000045],[117.37405457300008,36.29414293000008],[117.34755985800007,36.31891026400007],[117.3227369540001,36.349062470000035],[117.31519562900007,36.38720948100007],[117.31176077400005,36.415437119000046],[117.30603171300004,36.45482759300006],[117.36451228600004,36.43063486200003],[117.39769516000001,36.43799228300003],[117.43300919600006,36.449319649000074],[117.47063929800004,36.46094043700003],[117.5072395200001,36.473533823000025],[117.54023047200008,36.48407945200006],[117.57657306800002,36.504938383000024],[117.61485048100008,36.51692855400006],[117.6576210070001,36.500592219000055],[117.70852944600006,36.524055522000026],[117.75088511900003,36.49348684300003],[117.75151065800003,36.46176295500004],[117.76942325200002,36.43201684500008],[117.80750512300006,36.409994081000036],[117.81915854500005,36.37517789700007],[117.84451335500012,36.346255513000074],[117.88655335900012,36.32988250300008],[117.920615741,36.31362088000003],[117.92928279600005,36.27808926000006],[117.95577646100003,36.255024665000064],[117.96146936600007,36.21328202400008],[117.95460195800001,36.17613455500003],[117.92032529000005,36.15293555900007],[117.88798315300005,36.12132691800008],[117.8649272450001,36.091328934000046],[117.83718668000006,36.05983097500007],[117.82032175200004,36.034427193000056]]]}},{"type":"Feature","properties":{"code":"CN037080","name":"Liaocheng","label":"Liaocheng · 聊城市","type":"Prefecture-level city","parentCode":"CN-SD"},"geometry":{"type":"Polygon","coordinates":[[[116.52643302500007,36.40009760400005],[116.4953898760001,36.383094234000055],[116.48833984700002,36.37591675700003],[116.47063163400003,36.35671427400007],[116.41619573600008,36.32177715200004],[116.37968645800004,36.30854007500005],[116.25880022700005,36.24671436400007],[116.184370994,36.15989814000005],[116.14574970600006,36.15926945600006],[116.10217691000003,36.13625031500004],[116.08830180700011,36.126642971000024],[116.06484607200002,36.11040184400008],[116.06105765300003,36.10304442700004],[116.04281460100003,36.11648042300004],[116.02721414300004,36.12225289700007],[116.00974129100007,36.14570379700007],[115.99354389400003,36.14395686100005],[115.9720408930001,36.11482407800003],[115.98740849600006,36.06383832700004],[115.91665798400004,36.01942481000003],[115.83848188500008,35.960246031000054],[115.81876826100006,35.953620871000055],[115.79039708800008,35.95995394400006],[115.74511961400003,35.95448438600005],[115.70077776900007,35.96152144400003],[115.67468652500008,35.95516034000008],[115.65443733500001,35.94099655400004],[115.64750888100002,35.93376928300006],[115.62336582300009,35.90972415500005],[115.55326390700009,35.89522015400007],[115.49339275300008,35.88279674900008],[115.45051708800008,35.86455413300007],[115.39956001300004,35.82152894600006],[115.3391011650001,35.778888461000065],[115.32199073400011,35.786083302000065],[115.32063916200002,35.78988016400007],[115.304445998,35.83531093800008],[115.31464113400011,35.876492152000026],[115.31929539500004,35.899306237000076],[115.3209879200001,35.929294534000064],[115.33162621100007,35.95808092800007],[115.38045554900009,35.982865255000036],[115.39339341800007,35.99296444500004],[115.41318444600006,36.01941375300004],[115.41413847800004,36.07966702300007],[115.44233389200008,36.11613533700006],[115.46640044900005,36.14061737500003],[115.45925248000003,36.17357806600006],[115.44768371100008,36.20846166000007],[115.42428165400008,36.254371313000036],[115.39975916000003,36.30120143200003],[115.38902421800003,36.33162870800004],[115.30399989900002,36.33285855500003],[115.27606728900003,36.36431582700004],[115.27472136300003,36.391997536000076],[115.26008089200002,36.459260087000075],[115.25440216000004,36.473214695000024],[115.27234841400002,36.50009546500007],[115.307246426,36.538828857000055],[115.31844570100009,36.56096312300008],[115.3079508730001,36.59656585500005],[115.3286533910001,36.61579442300007],[115.3960388590001,36.65565155200005],[115.4174729130001,36.68487699000008],[115.41886781800008,36.70491269400003],[115.42578269900002,36.70892592800004],[115.45950450200007,36.73080542800005],[115.46736812600011,36.750561395000034],[115.49084983400007,36.76211200900008],[115.52348003500003,36.76572483100006],[115.55880589200001,36.76168076600004],[115.63162151000006,36.78359981300008],[115.65226481800005,36.80026863000006],[115.66701252000007,36.82473477100007],[115.66110981200006,36.83253283700003],[115.66597680900009,36.85492240900004],[115.69116329100007,36.88897119500007],[115.72589126700007,36.92007346300005],[115.7417183770001,36.91731943600007],[115.82555322600001,36.88575197600005],[115.86370931500005,36.876727311000025],[115.90519819200006,36.87345957800005],[115.94915405300003,36.87232843400005],[115.98783835400002,36.87011429800003],[116.0317213510001,36.87491687100004],[116.0698830880001,36.87906010200004],[116.12680410400003,36.901465941000026],[116.1764415340001,36.95435538700008],[116.21117921700011,37.02302978700004],[116.22030753600006,37.03165693200003],[116.25961602200005,36.989440115000036],[116.29536576300006,36.97905188000004],[116.33078554400004,36.97143351300008],[116.37819795200005,36.96353040500003],[116.41741515800004,36.94098231500004],[116.42383843700009,36.91033140700006],[116.41034454100009,36.880887474000076],[116.39027744900011,36.84817938700007],[116.37640550800006,36.81417591300004],[116.37061217400003,36.78747776300003],[116.37428635700007,36.74507478800007],[116.38607306900008,36.70401220400004],[116.36270557700004,36.682955642000024],[116.39699059000009,36.634117487000026],[116.39899067100009,36.59868856200006],[116.39426918200002,36.56458979700005],[116.38427441200008,36.52193583500008],[116.42861113800006,36.47032899300007],[116.45467785400001,36.43709118000004],[116.4763954660001,36.412829704000046],[116.52643302500007,36.40009760400005]]]}},{"type":"Feature","properties":{"code":"CN037090","name":"Linyi","label":"Linyi · 临沂市","type":"Prefecture-level city","parentCode":"CN-SD"},"geometry":{"type":"Polygon","coordinates":[[[118.9673991740001,36.00392775500006],[118.9298095040001,35.989779904000045],[118.89116187700006,35.98418894300005],[118.88121616000001,35.95787850100004],[118.83887445700009,35.94016759900006],[118.79478186300003,35.93131322600004],[118.77144430300007,35.91113310900005],[118.7509904740001,35.88657637600005],[118.73253763500009,35.854962268000065],[118.71726385700003,35.82125928600004],[118.7078099900001,35.77927279200003],[118.71118028300009,35.745448777000036],[118.72844223000004,35.71925190700006],[118.77091821800002,35.72043192600006],[118.78420625100011,35.68948162100003],[118.76119412000003,35.66191915700006],[118.73157137400005,35.630748940000046],[118.69968557400011,35.57999215900003],[118.69029575800005,35.54305195300003],[118.69517212200003,35.51232730900006],[118.71411307900007,35.48184504400007],[118.69582420900008,35.45527677000007],[118.65755696400004,35.45052514400004],[118.62106016300004,35.44148496100007],[118.5834885700001,35.422870559000046],[118.58569135200003,35.380174124000064],[118.64016596500005,35.36366390300003],[118.6744783040001,35.35907337400005],[118.72491045100003,35.35777858900008],[118.76201178800011,35.35294457700007],[118.80224709800007,35.36531618500004],[118.83671439000011,35.34780334800007],[118.8719948160001,35.33250462900003],[118.92536206000011,35.30881451500005],[118.94566427000007,35.332899103000045],[118.95170554900005,35.36458861500006],[119.00638816600008,35.38466270500004],[119.0476415710001,35.33963023100006],[119.06975385600003,35.31800984500006],[119.12092795100011,35.32293378400004],[119.16633434300002,35.317279865000046],[119.17588634000003,35.289795447000074],[119.16346923300011,35.257266738000055],[119.15111601600006,35.22978963400004],[119.1326255030001,35.197767792000036],[119.11962511000002,35.16942476500003],[119.14172418700002,35.13444942800004],[119.18880270300008,35.10424808300007],[119.17378406400007,35.10524571900004],[119.12478379100003,35.09697509500006],[119.08313274300008,35.07313101300008],[119.03854449800008,35.05301486500008],[118.97680775200001,35.05083917600007],[118.93985546800002,35.05057663400004],[118.89398821200007,35.03935412000004],[118.83740515700003,35.04386435500004],[118.80469815000004,35.019481960000064],[118.80236086900004,35.01774411400004],[118.81221557000003,34.99318751100003],[118.82202474500002,34.95711319000003],[118.8192941640001,34.92981515900004],[118.78910107100012,34.90692884600003],[118.7573717460001,34.879693873000065],[118.75044863100004,34.86595731500006],[118.71558665600003,34.840683666000075],[118.7183801430001,34.82366942800007],[118.71724580500006,34.81222074300007],[118.70120382900006,34.796394537000026],[118.69763730200009,34.78683507000005],[118.69666361000009,34.78426938200005],[118.69724776600003,34.76739877500006],[118.71792291100007,34.751025421000065],[118.73119694800005,34.738664921000066],[118.72314703000006,34.71347446600004],[118.68966930200008,34.70140449300004],[118.65059168100004,34.68879094400006],[118.59288957400008,34.70214279800007],[118.54325481100011,34.695468848000075],[118.50596204300007,34.70131307300005],[118.4990892190001,34.70156457400003],[118.45473625200009,34.70366223100007],[118.44059808200007,34.68951061900003],[118.43273035400011,34.67492666700008],[118.43108691100008,34.629688103000035],[118.40541815300003,34.56592273200005],[118.40118871000004,34.52589558400007],[118.40428062100011,34.49544772100006],[118.39432498600002,34.46084446200007],[118.37080127900003,34.433238620000054],[118.3680611310001,34.429693257000054],[118.33909457100003,34.41637517800007],[118.30012962300009,34.42669900800007],[118.26756047800006,34.422445356000026],[118.20022888800008,34.401639086000046],[118.16554230400004,34.385968985000034],[118.1555066300001,34.39857419500004],[118.13667764200011,34.42222717900006],[118.12554076200001,34.47072892400007],[118.11562483900002,34.49612078200005],[118.14003370600005,34.53278908900006],[118.09008763600002,34.54545416700006],[118.06057337100003,34.56311817300008],[118.04273293900008,34.59958717200004],[118.06265617000008,34.63300899200004],[118.06366780100007,34.63470130700006],[117.9938953510001,34.650241910000034],[117.90763169400009,34.668446079000034],[117.79463214200007,34.63494449500007],[117.79157062800004,34.63254036100005],[117.80029030600008,34.68048529300006],[117.8044940210001,34.71555679200003],[117.8018332370001,34.74883335100003],[117.78482468300001,34.78363305800008],[117.77901650500007,34.82953967000003],[117.75461054400012,34.85246790600007],[117.72401770400006,34.874920460000055],[117.70007354500001,34.90238855700005],[117.68533087200001,34.93286333200007],[117.68949982700008,34.96241410500005],[117.72172196800011,34.99314496100004],[117.7395698580001,35.04100099100003],[117.69525659800001,35.050657141000045],[117.65971423500002,35.08032992200003],[117.62824695000006,35.10097192100005],[117.62093161900009,35.14421314000003],[117.5310108110001,35.15202527100007],[117.52607544700004,35.180847940000035],[117.48977612300007,35.193065854000054],[117.43822072500006,35.19854165600003],[117.41049845300006,35.22391022000005],[117.39314997800011,35.274714018000054],[117.44676476400002,35.26681981300004],[117.46436287100005,35.291292731000055],[117.4419155060001,35.31353377200003],[117.4426965780001,35.34929045800004],[117.44196468100006,35.38102706300003],[117.42653267800006,35.40643976800004],[117.41824311800008,35.446962932000076],[117.4586820610001,35.46341096800006],[117.50606391000008,35.48715968700003],[117.49363140000003,35.52523043700006],[117.52768680000008,35.52833087700003],[117.56279480500007,35.53043178900003],[117.57640427900003,35.55884612300008],[117.57473424800003,35.592025602000035],[117.58592954200003,35.62979211100003],[117.60314907300005,35.660251955000035],[117.62308626400011,35.684082819000025],[117.65795163200005,35.69398017000003],[117.69458837100001,35.69915372500003],[117.73700407900003,35.700226515000054],[117.7864726680001,35.70398884800005],[117.81899549100001,35.72871333100005],[117.82328584300001,35.758705303000056],[117.81758244100001,35.79539739300003],[117.83088220800005,35.83024888800003],[117.87134176000006,35.83877057300003],[117.91592915000001,35.848812500000065],[117.94896320300006,35.872092063000025],[117.96406088100002,35.907258599000045],[117.97460247900005,35.952402283000026],[118.01208763200009,35.974419649000026],[118.06552625900008,36.01774645000006],[118.10608037600002,36.041352937000056],[118.14623065900003,36.03558278500003],[118.16196109400005,36.008677342000055],[118.1732380840001,35.97751453200004],[118.18970315900003,35.94732608000004],[118.22116944700008,35.918210792000025],[118.2849682320001,35.943758901000024],[118.32794409100006,35.958385347000046],[118.37224463400003,35.964619009000046],[118.42164649600011,35.955748752000034],[118.45430334200012,35.934372031000066],[118.48983233800004,35.94308956700007],[118.46494857100004,35.97305817500006],[118.47554813900001,36.00118041300004],[118.50444401300001,36.015924031000054],[118.5119751310001,36.04198532200007],[118.48740536100001,36.069087686000046],[118.52573149800003,36.10706882900007],[118.55902533500011,36.13983848200007],[118.58815578300005,36.155928897000024],[118.62306511500003,36.148586023000064],[118.66055467600006,36.13413047200004],[118.70811387300012,36.133116561000065],[118.75141007400009,36.17744670500008],[118.81468895500007,36.17467299100008],[118.82504137500007,36.14718470400004],[118.82866471600005,36.11104550600004],[118.83619001800002,36.08378122600004],[118.87607923200005,36.08055289600003],[118.91871149600001,36.085827996000035],[118.95736323500012,36.08635499300004],[118.9969901830001,36.07621889600006],[119.02762967500007,36.062215199000036],[119.01901923800006,36.03349928400007],[118.9673991740001,36.00392775500006]]]}},{"type":"Feature","properties":{"code":"CN037100","name":"Qingdao","label":"Qingdao · 青岛市","type":"Prefecture-level city","parentCode":"CN-SD"},"geometry":{"type":"MultiPolygon","coordinates":[[[[120.49682062200009,37.11589584600006],[120.51417974800006,37.06410899200006],[120.53166401700003,37.037621827000066],[120.5788588690001,37.03368293500006],[120.59171799400008,37.00715467200007],[120.57822208000005,36.981254626000066],[120.54842480100001,36.96193896500006],[120.54830928000001,36.92512157800007],[120.5696105510001,36.89734701400005],[120.59870481000007,36.872065321000036],[120.59231194400002,36.84365216100008],[120.59373804100005,36.81359535200005],[120.58072626,36.78304486300004],[120.54712368900005,36.77651870100004],[120.52423996400012,36.752876824000055],[120.54081370600011,36.72048594000006],[120.57664339200005,36.69456981800005],[120.60241140100004,36.67464939400003],[120.62609698000006,36.64801627200006],[120.64395410300006,36.62100525500006],[120.64447197100003,36.592870350000055],[120.69135958300001,36.59257398200003],[120.74933048900004,36.59571627400004],[120.74976106800011,36.590241406000075],[120.74289408300001,36.57364010500004],[120.73101687100007,36.562865002000024],[120.71533248900005,36.54968465200005],[120.72848659500005,36.53507552200006],[120.74262614500003,36.53663873600004],[120.76344995700003,36.54487999500003],[120.78210205100004,36.554203209000036],[120.79712838300009,36.57103890600007],[120.81108730300002,36.57983711600008],[120.82480352200002,36.586844744000075],[120.83858758000008,36.58571799600003],[120.84313527800009,36.57631517800007],[120.84374762800007,36.563623723000035],[120.85126267200008,36.550364545000036],[120.85235195200005,36.54124108600007],[120.86794413900009,36.53634893700007],[120.88692101700008,36.539305573000036],[120.89442800200004,36.526045854000074],[120.90136823700004,36.51734624000005],[120.91627939300008,36.516115300000024],[120.94535558400003,36.53358756700004],[120.94147715400004,36.505004564000046],[120.931264209,36.489592806000076],[120.91340009400005,36.477521237000076],[120.91996827100002,36.466136608000056],[120.92086804500002,36.46456797800005],[120.91855484700011,36.46609186500007],[120.91262203100007,36.46551560900008],[120.90321203500002,36.45753315500008],[120.89443068100002,36.45690451300004],[120.88775790000011,36.45218641800005],[120.88701466100008,36.448502964000056],[120.89076416900002,36.443223508000074],[120.87475565600005,36.44908782500005],[120.85592270300003,36.447023985000044],[120.85770040800003,36.43422973400004],[120.8672289220001,36.41900298400003],[120.88334321000002,36.40954522900006],[120.86893726700009,36.39718337100004],[120.8716003940001,36.38251341200004],[120.87268396000002,36.37654621100006],[120.87077472300007,36.37776100900004],[120.85420081900008,36.38179152600003],[120.85266850200003,36.38542914100003],[120.85321201600004,36.395304071000055],[120.84954166000011,36.40394463500007],[120.85629956900004,36.41463483600006],[120.8546297370001,36.421127537000075],[120.85436125400008,36.42216545200006],[120.8502128670001,36.42781668900005],[120.83571479300008,36.43761958700003],[120.83448697500012,36.44057944600007],[120.8407668540001,36.44827377200005],[120.83709649800005,36.456688417000066],[120.83780699500005,36.46151783400006],[120.83571479300008,36.464687241000036],[120.81263836500011,36.47637934100004],[120.80843431700009,36.47514824900003],[120.8073571110001,36.47305932200004],[120.81094234000011,36.46717234400006],[120.80901384700007,36.46552543100006],[120.77323534100003,36.46281025400003],[120.75389810000001,36.46438457000005],[120.75309279200007,36.464274025000066],[120.7516632920001,36.46618354200007],[120.74597276600002,36.466294864000076],[120.7424165440001,36.462808497000026],[120.72907797200003,36.46097751100007],[120.70552180900006,36.44934157800003],[120.70340243700002,36.44157820200007],[120.70033395600001,36.438958727000056],[120.69848731800005,36.43409984200008],[120.69920436400002,36.42998419600008],[120.69997440600002,36.42902113200006],[120.69876773300007,36.42460102300004],[120.66380585400009,36.431938529000035],[120.67905480700006,36.39820077600007],[120.67511042300009,36.38588022300007],[120.66679016500007,36.36668686500008],[120.66811365300009,36.350327253000046],[120.67013351800006,36.33932711600005],[120.67151979300002,36.33645860300004],[120.66191799100011,36.34041570100004],[120.64576645600005,36.32890695400005],[120.64199132500005,36.32622212600006],[120.63825875900011,36.31925466900003],[120.63943636500005,36.31604320300005],[120.6244742990001,36.31771989500004],[120.62475764200008,36.30610624800005],[120.62519141900009,36.287867894000044],[120.65291475900005,36.26125292100005],[120.64912694500003,36.22363013900008],[120.66567195200003,36.208747824000056],[120.66408731800004,36.179080759000044],[120.6639116550001,36.160125024000024],[120.66624862700007,36.142777971000044],[120.67145093800002,36.135870768000075],[120.66986770200003,36.136643771000024],[120.66484183400007,36.134928100000025],[120.65380784400008,36.126664067000036],[120.63622221800006,36.12031543000006],[120.62603624100007,36.120551171000045],[120.61638722900011,36.123779514000034],[120.6157520380001,36.123995609000076],[120.60954419100005,36.12340298300006],[120.60344766600008,36.119595110000034],[120.59588758200005,36.10933382700006],[120.59362916000009,36.10748287200005],[120.58982054000012,36.105598136000026],[120.58856686100012,36.10449299600003],[120.58618290900006,36.10430141100005],[120.58582929800002,36.10612840400006],[120.58963062200007,36.11080066000005],[120.58500747900007,36.11368193900006],[120.58698181000011,36.12198198800007],[120.58522030000006,36.12400870600004],[120.5798048050001,36.12526599200004],[120.57002155200007,36.12206711700003],[120.56645269500007,36.11900248300003],[120.56976289200009,36.11311223200005],[120.5641313000001,36.11252615300003],[120.55008833800002,36.118174116000034],[120.54443382700003,36.11827888900007],[120.5419389010001,36.116844798000045],[120.54012173100011,36.11244429900006],[120.5469909630001,36.10181958100003],[120.54467078000005,36.10048593300007],[120.54251377500009,36.10577458900008],[120.52895774400008,36.09987859200004],[120.52409461500008,36.10198656500006],[120.51901308600009,36.10187196800007],[120.51241233700011,36.09667584300007],[120.49358252200011,36.09394845000003],[120.47318110000003,36.09531378400004],[120.46621036900001,36.09285814800006],[120.45459030000006,36.08593325500004],[120.42151779800008,36.063131859000066],[120.4048751360001,36.05986422600006],[120.39095986600012,36.05713028500003],[120.3831182030001,36.06290921400006],[120.3777387230001,36.06323663200004],[120.36242537900011,36.057362752000074],[120.36079313100004,36.051716561000035],[120.35109563900005,36.05232095500003],[120.34846752100009,36.05132171300005],[120.34596279700008,36.05191778900007],[120.34469022300004,36.04988553800007],[120.33481495400008,36.046130840000046],[120.33399893900003,36.047268452000026],[120.33680818700009,36.05490711600004],[120.33582920600008,36.05855455400007],[120.32459221700003,36.056904366000026],[120.31844330500007,36.062945230000025],[120.31053943200004,36.06275532800004],[120.30037637400005,36.055165776000024],[120.29325830500011,36.05659331900006],[120.29038477800009,36.05266349600004],[120.28097111900001,36.05663427200005],[120.28192963900005,36.05746097700006],[120.28951264200009,36.05856765000004],[120.28970254400008,36.060862851000024],[120.29811064100011,36.07001746100008],[120.30513703400004,36.071111038000026],[120.30674138200004,36.073445529000026],[120.30697712300002,36.08193875400008],[120.31024148200004,36.08546177300008],[120.32132785900001,36.091011510000044],[120.33335065100005,36.09451815800003],[120.33522020900011,36.09731430800008],[120.33109146600009,36.10937639100007],[120.3314974650001,36.12108486300008],[120.36514294900007,36.15149545600008],[120.36578468900007,36.15552269800003],[120.36673747500004,36.16162904600003],[120.36966786700009,36.16651412400006],[120.37133115100005,36.18261654600008],[120.36504472400009,36.19210184900004],[120.36547691600003,36.19555283600005],[120.36981193100007,36.20070639700003],[120.3643047590001,36.21204488500007],[120.3595964860001,36.216517417000034],[120.34427004500003,36.22532496400004],[120.33207699500008,36.22594705800003],[120.3303056630001,36.227741309000066],[120.33265652500006,36.232845757000064],[120.32955915000002,36.24768434600003],[120.33870721200003,36.252952503000074],[120.339155774,36.25571918600008],[120.32985055200004,36.255031608000024],[120.31849569200006,36.25567334700003],[120.32108229500011,36.262162774000046],[120.32383588100004,36.264294266000036],[120.32408799300003,36.27255502500003],[120.31585015400003,36.273272070000075],[120.30883685800006,36.27883817800006],[120.30950806500005,36.27952248200006],[120.30608327200002,36.28035085000005],[120.29926970100007,36.27722400700003],[120.29161139200005,36.27772495700003],[120.2891230140001,36.26871768500007],[120.28176920400006,36.26830513800007],[120.28713886100002,36.26132458400008],[120.29135273100007,36.25477622200003],[120.29158698200001,36.25100644200006],[120.28652840400002,36.253253906000054],[120.28194204800002,36.26263680000005],[120.25227911600007,36.26584228000007],[120.25333789700005,36.25583337000006],[120.26138307400004,36.23715243100003],[120.26026929400007,36.21918756000008],[120.23672863600007,36.20657019500004],[120.24465957000007,36.20100732000003],[120.23288568100008,36.20009739900007],[120.22557770900005,36.191650012000025],[120.22160285300004,36.19201017200004],[120.21948118400007,36.19562486800004],[120.22441864900009,36.21410761900006],[120.22247378500003,36.22071164300007],[120.21961215100009,36.228438710000034],[120.20662674900007,36.22765290600006],[120.19264927100005,36.22316727800006],[120.18042020400003,36.21757825100008],[120.17897956500008,36.21822653900006],[120.17062385500003,36.21503093800004],[120.16400018700006,36.21050274600003],[120.14436492300001,36.206324891000065],[120.12452666000001,36.20277895300006],[120.11498897100012,36.20106983100004],[120.1202996930001,36.19950477200007],[120.11980154200012,36.19931745300005],[120.08417541400001,36.20203703400006],[120.07683005800004,36.20259837300006],[120.07907090900005,36.19178491800005],[120.08044783900004,36.18517553800007],[120.07587477000004,36.15754873800006],[120.05829044100005,36.12729456200003],[120.05881233500008,36.11281615000007],[120.07167894500003,36.09559113200004],[120.09334775200011,36.07498056600008],[120.11744001500006,36.07404454300007],[120.13885673800007,36.05542488400005],[120.1581214260001,36.030304640000054],[120.19315173200005,36.033925398000065],[120.18759372000011,36.023734854000054],[120.17942157900006,36.021376228000065],[120.17434042900004,36.017198190000045],[120.14949210300006,36.01652514700004],[120.14336810100008,36.004359358000045],[120.1471825530001,35.98872014900007],[120.15873961500006,35.97970845900005],[120.17218539400005,35.98211116700003],[120.17318753900008,35.97899850300007],[120.17746689300009,35.977963862000024],[120.1827481470001,35.979702452000026],[120.18605032000005,35.982477534000054],[120.20047510500001,35.98190242000004],[120.19388929900003,35.96616426700007],[120.22829983200006,35.97775127600005],[120.22637333500006,35.975537694000025],[120.23075091500004,35.971742918000075],[120.23748918000001,35.972604028000035],[120.254927468,35.98130025200004],[120.25659075200008,35.98937110900005],[120.27168425600007,35.98994702700003],[120.26367609900001,35.971585411000035],[120.26283334100003,35.970485017000044],[120.25534983700004,35.970299004000026],[120.24485936100007,35.96220522900006],[120.23799012900008,35.959536771000046],[120.23710044800009,35.95694832200007],[120.22287823700003,35.958505812000055],[120.20630551700003,35.94604910600003],[120.20646631400007,35.95070957900003],[120.2048488690001,35.95594499500004],[120.19341215500003,35.95290000600005],[120.18482070400012,35.95589588200005],[120.1767727670001,35.952700281000034],[120.17282083000009,35.94548726000005],[120.16313252900011,35.94088048800006],[120.16128372800006,35.93889332400005],[120.15818524800011,35.938231194000025],[120.14383742400003,35.92966878000004],[120.14077600900009,35.92783734100004],[120.13495794700009,35.92032353400003],[120.13279724200004,35.92357316700003],[120.12946412500003,35.922797186000025],[120.12757819700005,35.92022368000005],[120.13049068200007,35.91455423000008],[120.12944626700005,35.91320540800007],[120.12676947400007,35.91239838700005],[120.12075807800011,35.914539701000024],[120.11486782600002,35.913924155000075],[120.10292034000008,35.90948109200008],[120.09578589900002,35.904704062000064],[120.09404468200012,35.90288515000003],[120.09163720200002,35.90272284200006],[120.07303726600003,35.89070980400004],[120.06680939700004,35.88947912000003],[120.06104356500009,35.885654877000036],[120.05875580100007,35.882590735000065],[120.03514834000009,35.87364217800007],[119.99292126700004,35.86691783100008],[119.96600563900006,35.853615207000075],[119.98743236600001,35.850187437000045],[119.99821793000001,35.834931023000024],[120.0041742300001,35.82725304200005],[120.00253872000008,35.81384088600004],[120.00078950200009,35.79953104100008],[120.0028321100001,35.77861935300007],[119.97560940400001,35.74024624300006],[119.97428104200003,35.74379116100005],[119.96946799600005,35.74457696500008],[119.96478919100002,35.743748597000035],[119.96333218000007,35.74348993700005],[119.95358166900007,35.76112140200007],[119.94402433500011,35.76750932900006],[119.93534775500007,35.76612107600005],[119.92651401500007,35.76885829100007],[119.92176972700008,35.76781055300006],[119.91600716800008,35.76443487300003],[119.90844708400004,35.75688133700004],[119.90680186600002,35.75168923200005],[119.88427265000007,35.74786325100007],[119.87004222900009,35.73448767300005],[119.87182810900003,35.72081966800005],[119.88888834900001,35.71953549500006],[119.9086049760001,35.71173973100008],[119.91196499400007,35.701557198000046],[119.88036446000001,35.68678188700005],[119.86385656200002,35.67358537600006],[119.88080990500009,35.65245303100005],[119.89027176200011,35.63719198100006],[119.88095706000001,35.63267528000006],[119.87323801700006,35.625922212000035],[119.8499461460001,35.61373498000006],[119.84880787700001,35.614290754000024],[119.84713804500007,35.62044294000003],[119.8402622640001,35.62368765300005],[119.84031792600001,35.62873971500005],[119.83850075500004,35.631666833000054],[119.83178868400012,35.63078607800003],[119.82546951500001,35.62762321900004],[119.8173822870001,35.62004349000006],[119.81252340300011,35.62197198300004],[119.8117965350001,35.62562269400007],[119.8137905110001,35.631414721000056],[119.80939259200011,35.635376837000024],[119.81308404000004,35.64218405500003],[119.81302091200007,35.64266119400003],[119.81326991600008,35.64310682100006],[119.8129072370001,35.643520376000026],[119.81127528400009,35.65585510400007],[119.79714465000006,35.66232046400006],[119.78304343000002,35.64983114200004],[119.7687302490001,35.63555506200004],[119.75546151500009,35.62029658300003],[119.75367163400006,35.61765190400007],[119.75340151600005,35.618416222000064],[119.75071668800001,35.621778806000066],[119.73961721400008,35.624895826000056],[119.73462736200008,35.62979400100005],[119.7337728010001,35.64262551600007],[119.72966043000008,35.640205897000044],[119.72688392400005,35.63346763200008],[119.72203813600004,35.62850724800006],[119.71884852000005,35.628008511000075],[119.71861674700006,35.628439713000034],[119.70322939700009,35.63408084300005],[119.66098153700011,35.59825623100005],[119.65046781300009,35.60226796100005],[119.64370663000011,35.60275254000004],[119.63919153400002,35.61665798700005],[119.6404422710001,35.624915471000065],[119.635743821,35.62339625100003],[119.63224699600005,35.619847039000035],[119.63143172500008,35.61316771000003],[119.63687996200008,35.604838193000035],[119.63680138200004,35.60048025800006],[119.63435229400011,35.59856813700003],[119.62374067400003,35.609490805000064],[119.61918628800004,35.61072844500006],[119.61786679300008,35.60288678100005],[119.61946131900004,35.59880387800007],[119.62679482200008,35.59294661400003],[119.60028608000005,35.596517049000056],[119.57505858000002,35.57688116600008],[119.55718121200005,35.58065538000005],[119.53378715800011,35.58531295100005],[119.49394796000001,35.61360522200005],[119.49547989300004,35.64337254700007],[119.50091223300001,35.70362653600006],[119.56230526900003,35.706584502000055],[119.56661070200005,35.73565413700004],[119.57546839300005,35.769388097000046],[119.60748391200002,35.789599011000064],[119.64642571000002,35.78896112100006],[119.68936826800007,35.797155737000026],[119.69961903400008,35.823859457000026],[119.68957110200006,35.85096535200006],[119.67751954700009,35.88883098900004],[119.67372750300001,35.92504253100003],[119.65733856200006,35.95591939600007],[119.6652579040001,35.98191488100008],[119.6712060970001,36.01451185900004],[119.65639023300002,36.040185380000025],[119.62503985500007,36.05672325300003],[119.60650006700007,36.07995178700003],[119.60864092500003,36.10966257800004],[119.63831839600005,36.12824623000006],[119.67649062300006,36.137795150000045],[119.72678303600003,36.148575349000055],[119.76486672100009,36.14430676000006],[119.79007552700011,36.167391278000025],[119.78339619700012,36.194201202000045],[119.7794603970001,36.22905263000007],[119.7919328690001,36.258775925000066],[119.82534523700008,36.27469002400005],[119.85763450700006,36.29483800300005],[119.87001601800011,36.32364799100003],[119.87490893200004,36.35173725000004],[119.9001983070001,36.37894083000003],[119.91115748400011,36.41385094300006],[119.93971599100007,36.43109824100003],[119.97445257700008,36.43903654600007],[120.0059735970001,36.45692194900005],[119.98285583900008,36.46870996100006],[119.93029279300004,36.48795734300006],[119.90849682200007,36.49470392500007],[119.72827957200002,36.528808112000036],[119.6035737090001,36.59373328500004],[119.56584722500008,36.62933767100003],[119.5464584980001,36.655989831000056],[119.50698451100004,36.70429339100008],[119.50547563400005,36.744718902000045],[119.51436675900004,36.764212507000025],[119.54796190700006,36.79949018800005],[119.5571792500001,36.821473371000025],[119.56629295300002,36.86866293000003],[119.55177984500006,36.935260268000036],[119.56995622900001,36.976728792000074],[119.56920892200003,36.99694276900004],[119.62415762800003,36.97711973600008],[119.67109898800004,36.967102745000034],[119.70603285700008,36.96638013200004],[119.75013366300004,36.974045327000056],[119.79501324700004,36.97887780100007],[119.84507661600003,36.97081719300007],[119.89377044300011,36.969759348000025],[119.93796521200011,36.97368021300008],[119.97359640100001,36.97788652600008],[120.01211441700002,36.98228128400007],[120.05978760000005,36.990453943000034],[120.10632544900011,36.99870619200004],[120.1398191610001,37.00812058100007],[120.18431400500003,37.017914682000026],[120.2090571870001,37.051115684000024],[120.20994635600005,37.082325282000056],[120.21879858800003,37.112818996000044],[120.25822574000006,37.11476950500003],[120.29345633100002,37.09499556700007],[120.3193795200001,37.07053766000007],[120.36064305400009,37.081493969000064],[120.40281153400008,37.094653433000076],[120.4428186340001,37.10477856700004],[120.49682062200009,37.11589584600006]]],[[[120.1983381230001,35.92790979700004],[120.17890003800005,35.910453062000045],[120.16718720900008,35.895130024000025],[120.16607601700002,35.895064873000024],[120.1632307540001,35.895909612000025],[120.16275927200002,35.90071610900003],[120.16660316100001,35.91045352400005],[120.1729976360001,35.913364271000034],[120.17407156700006,35.91385539800007],[120.1815792650001,35.92368776300003],[120.18419533500003,35.921458046000055],[120.18917209000006,35.92433932500006],[120.19019363500001,35.926889912000036],[120.18633337500012,35.932066392000024],[120.18823240000006,35.933723128000054],[120.19748851000008,35.93487891400008],[120.19932414000004,35.93580898500005],[120.1983381230001,35.92790979700004]]],[[[120.31506435000006,36.09980268600003],[120.3082736990001,36.092524182000034],[120.30824423100012,36.10078494000004],[120.31149221900012,36.10453387800004],[120.3168324080001,36.10535569700005],[120.32228719400007,36.11053545100003],[120.32350846300005,36.108272992000025],[120.32064682900011,36.10154782400008],[120.31506435000006,36.09980268600003]]],[[[120.26856310300002,36.18424102600005],[120.26222114400002,36.182084506000024],[120.25904966200005,36.18216470900006],[120.254675356,36.18549782600007],[120.25734708700008,36.18946613300005],[120.25939410100011,36.190672300000074],[120.26856310300002,36.18424102600005]]],[[[120.27662076600006,36.001265774000046],[120.2753554730001,35.998364630000026],[120.27475891600011,36.000366532000044],[120.27662076600006,36.001265774000046]]]]}},{"type":"Feature","properties":{"code":"CN037110","name":"Rizhao","label":"Rizhao · 日照市","type":"Prefecture-level city","parentCode":"CN-SD"},"geometry":{"type":"Polygon","coordinates":[[[119.50091223300001,35.70362653600006],[119.49547989300004,35.64337254700007],[119.49394796000001,35.61360522200005],[119.53378715800011,35.58531295100005],[119.55718121200005,35.58065538000005],[119.57505858000002,35.57688116600008],[119.60028608000005,35.596517049000056],[119.6046828530001,35.565513456000076],[119.58557095300011,35.54885916400008],[119.60658175100002,35.51304137500006],[119.58632662200012,35.48654673000004],[119.55764114100009,35.44622375700004],[119.54144305500006,35.40499491500003],[119.5339434440001,35.37850492700005],[119.52999104900005,35.37708616200007],[119.5227420120001,35.37066221900005],[119.51907884200011,35.36473605200007],[119.49879311100005,35.38191225700007],[119.49046719300009,35.33920489500008],[119.43247881700006,35.31767766400003],[119.43038064000007,35.322970498000075],[119.41871800700005,35.32098634400006],[119.41667819200006,35.317021311000076],[119.41843730000005,35.31246498200005],[119.41501013200002,35.31119270200003],[119.40836177200003,35.30963475900006],[119.40860461800003,35.308814760000075],[119.3933417940001,35.30314868800008],[119.39272428400011,35.30316170300006],[119.39034395400006,35.300558729000045],[119.39826701800007,35.299993948000065],[119.4045782710001,35.29666122300006],[119.38866110300012,35.277045163000025],[119.36625063800011,35.27052828500007],[119.3541480670001,35.254247890000045],[119.34842646900006,35.23390559200004],[119.35125668700005,35.20843720100004],[119.3435066510001,35.18011333900006],[119.33829913600005,35.164245952000044],[119.35183966600005,35.17320624900003],[119.36633880700003,35.18551423900004],[119.3649297610001,35.18037664000008],[119.3645172140001,35.177380765000066],[119.366214033,35.17778921100006],[119.36059562100002,35.159948444000065],[119.35613011300006,35.13048924700007],[119.34786508800005,35.10761756000005],[119.33270573900006,35.09426197000005],[119.30215157600003,35.085607656000036],[119.29540258300005,35.084539644000074],[119.2950980280001,35.09061496800007],[119.29041267500008,35.095048209000026],[119.2858746610001,35.09650522000004],[119.28330115400001,35.08948537500004],[119.28616933700005,35.08424013700005],[119.28649788200005,35.083130496000024],[119.28245809700002,35.08249120900007],[119.26788872300006,35.08442454800007],[119.22795727700009,35.094588318000035],[119.21158501600007,35.102726064000024],[119.19035709500008,35.104140124000025],[119.18880270300008,35.10424808300007],[119.14172418700002,35.13444942800004],[119.11962511000002,35.16942476500003],[119.1326255030001,35.197767792000036],[119.15111601600006,35.22978963400004],[119.16346923300011,35.257266738000055],[119.17588634000003,35.289795447000074],[119.16633434300002,35.317279865000046],[119.12092795100011,35.32293378400004],[119.06975385600003,35.31800984500006],[119.0476415710001,35.33963023100006],[119.00638816600008,35.38466270500004],[118.95170554900005,35.36458861500006],[118.94566427000007,35.332899103000045],[118.92536206000011,35.30881451500005],[118.8719948160001,35.33250462900003],[118.83671439000011,35.34780334800007],[118.80224709800007,35.36531618500004],[118.76201178800011,35.35294457700007],[118.72491045100003,35.35777858900008],[118.6744783040001,35.35907337400005],[118.64016596500005,35.36366390300003],[118.58569135200003,35.380174124000064],[118.5834885700001,35.422870559000046],[118.62106016300004,35.44148496100007],[118.65755696400004,35.45052514400004],[118.69582420900008,35.45527677000007],[118.71411307900007,35.48184504400007],[118.69517212200003,35.51232730900006],[118.69029575800005,35.54305195300003],[118.69968557400011,35.57999215900003],[118.73157137400005,35.630748940000046],[118.76119412000003,35.66191915700006],[118.78420625100011,35.68948162100003],[118.77091821800002,35.72043192600006],[118.72844223000004,35.71925190700006],[118.71118028300009,35.745448777000036],[118.7078099900001,35.77927279200003],[118.71726385700003,35.82125928600004],[118.73253763500009,35.854962268000065],[118.7509904740001,35.88657637600005],[118.77144430300007,35.91113310900005],[118.79478186300003,35.93131322600004],[118.83887445700009,35.94016759900006],[118.88121616000001,35.95787850100004],[118.89116187700006,35.98418894300005],[118.9298095040001,35.989779904000045],[118.9673991740001,36.00392775500006],[118.99299140300002,35.954732963000026],[119.02659527600008,35.94916301100005],[119.09429160900004,35.94913399100005],[119.13024256200003,35.92361754800004],[119.13820279200002,35.89629071200005],[119.15757839000003,35.86524859900004],[119.20772154500003,35.86334734400003],[119.25657052000008,35.86935753600005],[119.29118734400004,35.86551503000004],[119.31990005800003,35.85066794200003],[119.34238998300009,35.822542362000036],[119.34297755600005,35.79121887800005],[119.33066217100009,35.765132797000035],[119.36015368800008,35.74790504400005],[119.39569519200006,35.769710211000074],[119.42750247600009,35.79319919200003],[119.47091031000002,35.80097178900007],[119.48348191800005,35.77091009700007],[119.49032014700003,35.73581946300004],[119.50091223300001,35.70362653600006]]]}},{"type":"Feature","properties":{"code":"CN037120","name":"Tai'an","label":"Tai'an · 泰安市","type":"Prefecture-level city","parentCode":"CN-SD"},"geometry":{"type":"Polygon","coordinates":[[[117.82032175200004,36.034427193000056],[117.83595141,35.989672222000024],[117.8763319840001,35.99131570600008],[117.91262946200004,35.98130839300006],[117.91839371200001,35.94552301300007],[117.97460247900005,35.952402283000026],[117.96406088100002,35.907258599000045],[117.94896320300006,35.872092063000025],[117.91592915000001,35.848812500000065],[117.87134176000006,35.83877057300003],[117.83088220800005,35.83024888800003],[117.81758244100001,35.79539739300003],[117.82328584300001,35.758705303000056],[117.81899549100001,35.72871333100005],[117.7864726680001,35.70398884800005],[117.73700407900003,35.700226515000054],[117.69458837100001,35.69915372500003],[117.65795163200005,35.69398017000003],[117.62308626400011,35.684082819000025],[117.60314907300005,35.660251955000035],[117.58592954200003,35.62979211100003],[117.5447737820001,35.646033971000065],[117.52116786800002,35.66882196900008],[117.4874767880001,35.69782242000008],[117.44523095800002,35.71501743600004],[117.41387892500006,35.73418921000007],[117.37769419100005,35.755990301000054],[117.33736303,35.77025300500003],[117.26706734100003,35.76131567500005],[117.21626328500008,35.749642599000026],[117.17611842500003,35.748696523000035],[117.1383609070001,35.75492193300005],[117.0962054360001,35.76235035900004],[117.0562409050001,35.77512520100004],[117.0089738160001,35.78239991300006],[116.96522628700006,35.77933922500006],[116.93546378600001,35.751019851000024],[116.90926244900004,35.71832511200006],[116.88372641700005,35.69247111400006],[116.83600620400011,35.67310766400004],[116.77066580100006,35.67046693800006],[116.7391130200001,35.68259504900004],[116.69879721100006,35.68564169000007],[116.6742707520001,35.70693799400004],[116.63700974700009,35.70013337800003],[116.59721143700006,35.71504131800003],[116.6106675960001,35.745384201000036],[116.62196677300005,35.77678107600008],[116.63483622100011,35.80669596100006],[116.61147427100002,35.829275073000076],[116.63243734600007,35.867395298000076],[116.64874651500008,35.90397658200004],[116.62997358100006,35.93360680700005],[116.59953282200001,35.91580301600004],[116.56701458000009,35.89353863500003],[116.53695610000011,35.87341232800003],[116.52436656600003,35.84621830300006],[116.51041466800007,35.81635944000004],[116.45344246000002,35.81027555800006],[116.41303500400011,35.793508436000025],[116.37912376100007,35.78000020400003],[116.33003621300008,35.78621696600004],[116.2818933640001,35.77080228900007],[116.26013702000012,35.806510880000076],[116.22641529600003,35.84752712400007],[116.21029394100003,35.876924021000036],[116.1975603950001,35.87623070700005],[116.19175216800011,35.87784035800007],[116.18562233400007,35.89333088500007],[116.17262589000006,35.89667084000007],[116.1381620200001,35.87675603400004],[116.11139065500004,35.87474526600005],[116.09545818400011,35.89328087600006],[116.06014466600004,35.922627472000045],[116.04118765500004,35.95271779700005],[116.03936840000006,35.97911884600006],[116.05532420600002,36.009431101000075],[116.06055947100003,36.03630779800005],[116.08352125800002,36.05361187700004],[116.0974440440001,36.069519988000025],[116.10334000000012,36.08139429200003],[116.094692226,36.112040741000044],[116.08830180700011,36.126642971000024],[116.10217691000003,36.13625031500004],[116.14574970600006,36.15926945600006],[116.184370994,36.15989814000005],[116.16558404300008,36.12563162600003],[116.16843672800007,36.080256441000074],[116.18082267700004,36.07462516000004],[116.18603748800001,36.05929008900006],[116.1850544780001,36.03845944300008],[116.23485637800002,36.02539044200006],[116.28633735100004,36.03833881800006],[116.32631326600006,36.062051745000076],[116.3656443530001,36.071579161000045],[116.41274731700003,36.059980565000046],[116.45165693500007,36.052076931000045],[116.49740182200003,36.06346053500005],[116.51445027700004,36.08946257100007],[116.54127685100002,36.11072091200003],[116.53147182300006,36.14022173400008],[116.49594889000002,36.17407531600003],[116.47297109700003,36.20255499800004],[116.49064623700008,36.235393283000064],[116.52989015100002,36.24901306900006],[116.56795869900009,36.28613233500005],[116.63301706700008,36.27832432400004],[116.690751997,36.282470244000024],[116.7208763750001,36.29523026600003],[116.77708242400001,36.30722932000003],[116.83284174700009,36.28392232200008],[116.85571267500006,36.25537846200007],[116.88221200100008,36.235305108000034],[116.92680494000001,36.238824702000045],[116.9711932670001,36.24004432700008],[117.01529754300009,36.244016679000026],[117.04249946100003,36.27295378800005],[117.05180369800007,36.322343139000054],[117.08667923900009,36.31865342400005],[117.13720762800006,36.34143271100004],[117.15694416600002,36.36855490700003],[117.195237872,36.39947917600006],[117.23045148300002,36.42188093000004],[117.25949051700002,36.43918168000005],[117.30603171300004,36.45482759300006],[117.31176077400005,36.415437119000046],[117.31519562900007,36.38720948100007],[117.3227369540001,36.349062470000035],[117.34755985800007,36.31891026400007],[117.37405457300008,36.29414293000008],[117.37145372700002,36.257149740000045],[117.37002240200002,36.22604435000005],[117.40488980100008,36.22271662000003],[117.43420032000006,36.19268939300008],[117.44554350900012,36.16481920800004],[117.41973325600009,36.13953920700004],[117.41839288400001,36.09832668100006],[117.4311145370001,36.071013847000074],[117.47182987200006,36.08312615500006],[117.51448727400009,36.10676332600008],[117.55435367300004,36.10304691600004],[117.57052463700006,36.078490851000026],[117.581916922,36.04601088100003],[117.61864242000001,36.03422801800008],[117.67155947900005,36.04193683700004],[117.70186191000005,36.06088205200007],[117.73680086900004,36.06433851300005],[117.75584763600011,36.03542480400006],[117.82032175200004,36.034427193000056]]]}},{"type":"Feature","properties":{"code":"CN037130","name":"Weifang","label":"Weifang · 潍坊市","type":"Prefecture-level city","parentCode":"CN-SD"},"geometry":{"type":"Polygon","coordinates":[[[119.54590328800009,37.10323686400005],[119.52604933300006,37.04299779000007],[119.56920892200003,36.99694276900004],[119.56995622900001,36.976728792000074],[119.55177984500006,36.935260268000036],[119.56629295300002,36.86866293000003],[119.5571792500001,36.821473371000025],[119.54796190700006,36.79949018800005],[119.51436675900004,36.764212507000025],[119.50547563400005,36.744718902000045],[119.50698451100004,36.70429339100008],[119.5464584980001,36.655989831000056],[119.56584722500008,36.62933767100003],[119.6035737090001,36.59373328500004],[119.72827957200002,36.528808112000036],[119.90849682200007,36.49470392500007],[119.93029279300004,36.48795734300006],[119.98285583900008,36.46870996100006],[120.0059735970001,36.45692194900005],[119.97445257700008,36.43903654600007],[119.93971599100007,36.43109824100003],[119.91115748400011,36.41385094300006],[119.9001983070001,36.37894083000003],[119.87490893200004,36.35173725000004],[119.87001601800011,36.32364799100003],[119.85763450700006,36.29483800300005],[119.82534523700008,36.27469002400005],[119.7919328690001,36.258775925000066],[119.7794603970001,36.22905263000007],[119.78339619700012,36.194201202000045],[119.79007552700011,36.167391278000025],[119.76486672100009,36.14430676000006],[119.72678303600003,36.148575349000055],[119.67649062300006,36.137795150000045],[119.63831839600005,36.12824623000006],[119.60864092500003,36.10966257800004],[119.60650006700007,36.07995178700003],[119.62503985500007,36.05672325300003],[119.65639023300002,36.040185380000025],[119.6712060970001,36.01451185900004],[119.6652579040001,35.98191488100008],[119.65733856200006,35.95591939600007],[119.67372750300001,35.92504253100003],[119.67751954700009,35.88883098900004],[119.68957110200006,35.85096535200006],[119.69961903400008,35.823859457000026],[119.68936826800007,35.797155737000026],[119.64642571000002,35.78896112100006],[119.60748391200002,35.789599011000064],[119.57546839300005,35.769388097000046],[119.56661070200005,35.73565413700004],[119.56230526900003,35.706584502000055],[119.50091223300001,35.70362653600006],[119.49032014700003,35.73581946300004],[119.48348191800005,35.77091009700007],[119.47091031000002,35.80097178900007],[119.42750247600009,35.79319919200003],[119.39569519200006,35.769710211000074],[119.36015368800008,35.74790504400005],[119.33066217100009,35.765132797000035],[119.34297755600005,35.79121887800005],[119.34238998300009,35.822542362000036],[119.31990005800003,35.85066794200003],[119.29118734400004,35.86551503000004],[119.25657052000008,35.86935753600005],[119.20772154500003,35.86334734400003],[119.15757839000003,35.86524859900004],[119.13820279200002,35.89629071200005],[119.13024256200003,35.92361754800004],[119.09429160900004,35.94913399100005],[119.02659527600008,35.94916301100005],[118.99299140300002,35.954732963000026],[118.9673991740001,36.00392775500006],[119.01901923800006,36.03349928400007],[119.02762967500007,36.062215199000036],[118.9969901830001,36.07621889600006],[118.95736323500012,36.08635499300004],[118.91871149600001,36.085827996000035],[118.87607923200005,36.08055289600003],[118.83619001800002,36.08378122600004],[118.82866471600005,36.11104550600004],[118.82504137500007,36.14718470400004],[118.81468895500007,36.17467299100008],[118.75141007400009,36.17744670500008],[118.70811387300012,36.133116561000065],[118.66055467600006,36.13413047200004],[118.62306511500003,36.148586023000064],[118.58815578300005,36.155928897000024],[118.55902533500011,36.13983848200007],[118.52573149800003,36.10706882900007],[118.48740536100001,36.069087686000046],[118.44856828100001,36.08229790200005],[118.43865025000002,36.109714180000026],[118.40786623000008,36.13322524300003],[118.36404577300004,36.147170248000066],[118.35552752400008,36.17722407500003],[118.34885638700007,36.213561550000065],[118.3279452590001,36.23950852300004],[118.29157553400012,36.23447634300004],[118.28333692900003,36.267256528000075],[118.26300027900004,36.298658026000055],[118.22956300800001,36.32507496000005],[118.1883519490001,36.353443354000035],[118.1886167240001,36.38649046100005],[118.19376655500002,36.41733430900007],[118.17622219900011,36.45401368300003],[118.14499016200011,36.48574377800003],[118.11982430800003,36.50553515800004],[118.12192405700011,36.53981700200006],[118.1520768470001,36.56465998700003],[118.17548613000008,36.590460818000054],[118.1923369220001,36.62363615100003],[118.2000632490001,36.66209352200008],[118.21719488300005,36.697546432000024],[118.26268561600011,36.72075466200005],[118.29558314500002,36.733423763000076],[118.32939536200001,36.744175390000066],[118.36479040400002,36.75847252700004],[118.39883083900008,36.77102882600008],[118.43828614400002,36.79556762000004],[118.4565910980001,36.829989639000075],[118.45973969400006,36.85730339600008],[118.4635503720001,36.895134548000044],[118.48816396200004,36.91942594600005],[118.52980043700006,36.932282212000075],[118.5389508720001,36.961433173000046],[118.54894968700012,36.99787013300005],[118.52813120700011,37.02106768700003],[118.56390530700003,37.03713181300003],[118.61487056300007,37.03592707300004],[118.64070326700005,37.060099653000066],[118.64581658100008,37.098286958000074],[118.64595260800002,37.128599431000055],[118.64316378100011,37.15821960300008],[118.65618613200002,37.20497605000003],[118.69467047400008,37.22355934500007],[118.7264078610001,37.23852479900006],[118.76417658900004,37.24611963700005],[118.87897533800003,37.282171610000034],[118.87840053700006,37.27691008700003],[118.88806774000011,37.26906412100004],[118.90858957000012,37.26410749000007],[118.94264501000009,37.26545884500007],[118.96750457700011,37.25750246400003],[118.9846892490001,37.24374073400003],[118.98803536100002,37.23180397500005],[118.99225294300004,37.21709838800007],[118.97853045800002,37.18826470700003],[119.02503149000006,37.186062621000076],[119.05879331900007,37.16396678000007],[119.08459837600003,37.164935445000026],[119.11647226500008,37.10250969100008],[119.1900082630001,37.10549347800003],[119.22485059900009,37.10535052400007],[119.2320198970001,37.10532407000005],[119.25730255500002,37.101783805000025],[119.2897616240001,37.08962597500005],[119.31113081100011,37.09265892700006],[119.33682220100002,37.09267800900005],[119.36672961400006,37.088793493000026],[119.39872698200008,37.092871771000034],[119.42219211500003,37.10385634100004],[119.4465131720001,37.11206523900006],[119.46777679900003,37.11417942500003],[119.4912578200001,37.115228724000076],[119.51811446500005,37.115134596000075],[119.54590328800009,37.10323686400005]]]}},{"type":"Feature","properties":{"code":"CN037140","name":"Weihai","label":"Weihai · 威海市","type":"Prefecture-level city","parentCode":"CN-SD"},"geometry":{"type":"MultiPolygon","coordinates":[[[[122.08917933400005,37.53682436300005],[122.09694569200008,37.53643801000004],[122.10698760500009,37.53836322800004],[122.10702924400005,37.53856812500004],[122.1169890860001,37.53089852800008],[122.12504693000005,37.50665455300003],[122.12483030800001,37.501692293000076],[122.12286410900003,37.49771099700007],[122.12320789800003,37.49359207700007],[122.12343520800005,37.49333452400003],[122.11747928200009,37.48021331600006],[122.10996779200002,37.461901160000025],[122.11782226700007,37.444004893000056],[122.14354797300007,37.419961614000044],[122.15352965600005,37.424548790000074],[122.15676825300011,37.421691062000036],[122.15962988700005,37.422634026000026],[122.1581434090001,37.42628801200004],[122.15869519400007,37.42692266100005],[122.16229576,37.42857733500006],[122.17025787900002,37.42295817000007],[122.17774265700007,37.421648498000025],[122.18232651000005,37.422378640000034],[122.18686779900008,37.425852546000044],[122.19278751800005,37.434159143000045],[122.20330746200011,37.44227256400006],[122.21164680100003,37.44188621100005],[122.21310508400006,37.44292173200006],[122.23893040500002,37.42841932500005],[122.23631527100008,37.41147117400004],[122.25498941700005,37.402011326000036],[122.26030931200012,37.39931801600005],[122.30094276300008,37.38833512200006],[122.3261571600001,37.384196330000066],[122.36250720800001,37.38353635800007],[122.4016828980001,37.39346324200005],[122.4302910880001,37.403459498000075],[122.4501392190001,37.402507452000066],[122.45629035400009,37.38926337200007],[122.44880957400005,37.379109938000056],[122.43397064600003,37.36692804000006],[122.50001602900011,37.36073745700003],[122.48077588400008,37.375724508000076],[122.48761769600003,37.37562333500006],[122.50553074100003,37.364268475000074],[122.51557265400004,37.365021537000075],[122.51953768700002,37.36985750200006],[122.52841071800003,37.37220509000008],[122.52922926300005,37.377021410000054],[122.5266197410001,37.379755352000075],[122.52219106900009,37.37978180300007],[122.55079442200008,37.39296240400006],[122.56152251000003,37.39302560700003],[122.56992015800006,37.39655100600004],[122.57161480500008,37.396865123000055],[122.577844303,37.39747194500006],[122.57876715000009,37.398190870000064],[122.58005200700006,37.398429029000056],[122.60759052300011,37.39401271300005],[122.62335173400004,37.39704064800003],[122.63795606000008,37.407420337000076],[122.65548486800003,37.404940116000034],[122.65753627100003,37.40444730100006],[122.65914121800006,37.39273616200006],[122.66706649600007,37.380582504000074],[122.66069090500002,37.38025302700004],[122.65001707500005,37.38615637500004],[122.62756274100002,37.37274860400004],[122.6205985580001,37.36859039400008],[122.6099771150001,37.36830554100004],[122.59287279400007,37.356063378000044],[122.58322050800007,37.351767652000035],[122.57462250900005,37.34335628100007],[122.57089321600006,37.34333663600006],[122.57029076700007,37.346083674000056],[122.57510381300006,37.35321484000008],[122.56877809500008,37.353637210000045],[122.56022593500006,37.347858280000025],[122.55568792000008,37.34256392900005],[122.5637816950001,37.336418292000076],[122.56610166500002,37.33595798500005],[122.53025129800005,37.32893986600004],[122.54728401600005,37.32148679200003],[122.54734858100005,37.31477595500007],[122.55749883800001,37.304650878000075],[122.54657297100005,37.29844779700005],[122.51472054700002,37.305064764000065],[122.52319513600003,37.28436567400007],[122.51968596500001,37.262077988000044],[122.51844838400007,37.24681548500007],[122.53210073700006,37.229239789000076],[122.5650151000001,37.19988985400005],[122.57773182300002,37.18614957800003],[122.57125992500005,37.18264310600006],[122.5601211610001,37.179827310000064],[122.55703688200003,37.172935159000076],[122.55706350200012,37.17053751200007],[122.54362502600009,37.16843882500007],[122.51907636200008,37.16894270000006],[122.52056691400003,37.15716364800005],[122.51483268900006,37.15526113000004],[122.49878592800007,37.15585048300005],[122.49224084000002,37.153060880000055],[122.47889855200003,37.141971229000035],[122.47382357200001,37.13528862600003],[122.47202561800009,37.13017121900003],[122.46514699900001,37.12426204600007],[122.45561975200008,37.11500863800006],[122.45390345400006,37.12178917800003],[122.45570425400001,37.12519105200005],[122.46425641500002,37.12999754900005],[122.46813304500006,37.136915894000026],[122.47030710100012,37.14506860500006],[122.46816251300004,37.14697417800005],[122.46311045200002,37.14433518800007],[122.45673234700007,37.146663131000025],[122.45362842300005,37.14607705200007],[122.44943092300002,37.14265880700003],[122.4469523680001,37.136876604000065],[122.4423292250001,37.13412956600007],[122.43969678300004,37.12879919900007],[122.43978846000005,37.12134388900006],[122.44989913100005,37.11407520700004],[122.45034768500011,37.11051261100005],[122.44203237800002,37.103817212000024],[122.4280196630001,37.134080607000044],[122.42477051500009,37.120816922000074],[122.41634965200001,37.10441390600005],[122.41500603700001,37.08825621700004],[122.40830500700008,37.075314699000046],[122.42148853100002,37.06231994600006],[122.42010107200008,37.05340184200003],[122.42253187200004,37.040068200000064],[122.41710820800006,37.03839578700007],[122.412867516,37.03492860500006],[122.40997656500008,37.03354506200003],[122.40480793600011,37.03129731900003],[122.40428979,37.03532460500003],[122.40141178400006,37.036450924000064],[122.39971248400002,37.03529513800004],[122.39800637000008,37.028339440000025],[122.39546413900007,37.02723387000003],[122.39322633200004,37.02699181500003],[122.38835762500003,37.028792614000054],[122.38379669100004,37.027613909000024],[122.38890037800002,37.02466461900008],[122.36410780100005,37.017027634000044],[122.33961353200004,37.01750550600008],[122.35594676100004,37.00964564900005],[122.36928291700008,36.99754551900003],[122.36530555500008,36.98706543600008],[122.36207878000005,36.97379725700006],[122.35609744800001,36.965308925000045],[122.3786334780001,36.97496458100005],[122.39384976400004,36.98258399100007],[122.39790182500008,36.99212282600007],[122.39851413400004,36.991722337000056],[122.40220741000007,36.992665301000045],[122.40730203600003,36.99683005900005],[122.41300238500003,36.99801203800007],[122.41738427400003,37.00389943600004],[122.43320956200012,37.00241735600008],[122.44501775200001,37.00311487000005],[122.46106281900006,36.993466144000024],[122.48296135800001,36.991402694000044],[122.4869450860001,37.00188009300007],[122.51298088400006,37.01121274900004],[122.51202999000009,37.00897727100005],[122.51262589100008,37.00645942500006],[122.51809704700008,37.00190831400005],[122.52210137100008,37.001702040000055],[122.52662628900009,37.00654128000008],[122.52941916500004,37.01321078700005],[122.52884622300007,37.01496948700003],[122.53420507200008,37.01514936900003],[122.53241884200008,37.009869682000044],[122.52125015700005,36.99682831600006],[122.50188361800008,36.97785061600007],[122.49434808100011,36.95956771300007],[122.49053566400005,36.94273111500007],[122.48135281700002,36.93636349500008],[122.47406151100006,36.92709897200007],[122.47405159900006,36.926553701000046],[122.47062797100011,36.92640570000003],[122.46002944700001,36.929548913000076],[122.45404751800004,36.92836366000006],[122.44837336300009,36.92511239800007],[122.42870208300008,36.92337708200006],[122.42160693300002,36.919434968000076],[122.41793985000004,36.91596761100004],[122.41081850600006,36.91454334200006],[122.409142126,36.91109235500005],[122.40984280100008,36.90009438100003],[122.41687510200006,36.900006451000024],[122.4005392570001,36.897826063000025],[122.36949287700008,36.91610959500008],[122.36672642700012,36.89827730700006],[122.37589718700008,36.882043356000054],[122.38818838600002,36.870935659000054],[122.39133604300002,36.86783041600006],[122.3868645980001,36.865077015000054],[122.37570291500003,36.867748747000064],[122.37238289600009,36.85901323200005],[122.37011061400005,36.85807681600005],[122.36176145200011,36.864438550000045],[122.35682726200002,36.865027902000065],[122.35090754200007,36.86573512500007],[122.35035748000007,36.863665843000035],[122.35469904400009,36.859340650000036],[122.36586727500003,36.85483865100008],[122.36676112700002,36.85186242000003],[122.35888672100009,36.84217411900005],[122.35175228100002,36.84304177700005],[122.3483517310001,36.84209988500004],[122.33717226100009,36.84314455800006],[122.31646170900001,36.84507642500006],[122.31747069200003,36.83508105900006],[122.31622414300011,36.83405742400004],[122.29564591500002,36.838251650000075],[122.2825459170001,36.83654252700006],[122.27481230100011,36.83969229000007],[122.26850950300002,36.84075312400006],[122.26309073300001,36.841660072000025],[122.24970260700002,36.84109036500007],[122.24224074800009,36.84469523800004],[122.2219604710001,36.846820182000044],[122.21734715000002,36.85067716700007],[122.19941773500011,36.84822807900008],[122.19290866300003,36.84427614300006],[122.18978182000001,36.84401748300007],[122.18517177300009,36.847186890000046],[122.17835165400004,36.84552360600003],[122.17603353400011,36.84871265800007],[122.1863341080001,36.86577114100004],[122.185089919,36.87309548400003],[122.17961221400003,36.87694592100007],[122.17946954900003,36.877659245000075],[122.18477326400011,36.877170989000035],[122.20047897100005,36.87301290500005],[122.22318769500009,36.87634544800005],[122.20599251300007,36.886069804000044],[122.1864797500001,36.89600867100006],[122.18579202000001,36.89615045700003],[122.18643888100007,36.897874486000035],[122.18955262800011,36.89996341400007],[122.20210911200002,36.89961307600004],[122.22102405500004,36.89473454700004],[122.22479918600004,36.88926339000005],[122.22852193000006,36.888146894000045],[122.23047661600003,36.89091357700005],[122.22843025300006,36.89479348200007],[122.22236647000011,36.89955741500006],[122.22318174100008,36.90277593500008],[122.2283483980001,36.90075576600003],[122.25203709800007,36.899806253000065],[122.25578276100009,36.89777298700005],[122.26064164600007,36.89735716600006],[122.2651829350001,36.89899753000003],[122.2599409710001,36.90721245000003],[122.25592682500007,36.90832239800005],[122.25044257200011,36.912863687000026],[122.24674929600008,36.91255264000006],[122.24445409500004,36.91235291500004],[122.23098738800002,36.91637033500007],[122.21984862500005,36.916733769000075],[122.21188254200001,36.915289855000026],[122.19953233100011,36.92045651300003],[122.18979491700009,36.922663311000065],[122.1861278340001,36.92010945000004],[122.1815505290001,36.92075773700003],[122.17833855800006,36.92531539700008],[122.17768044700006,36.93150032500006],[122.18211368800007,36.940939789000026],[122.1815046910001,36.94368682700008],[122.17749709300006,36.94410592200006],[122.16706227800012,36.93530164900005],[122.16020941700003,36.93547190700008],[122.15540946800002,36.931758986000034],[122.1440971720001,36.943346312000074],[122.14691296800004,36.946816944000034],[122.14791159300012,36.94698720100007],[122.15659472100003,36.94850642100005],[122.1622623290001,36.951309120000076],[122.165045383,36.95546405600004],[122.16472778700006,36.95798190100004],[122.15924680800003,36.96228744900003],[122.15921079200007,36.96480856900007],[122.16203968400009,36.966671578000046],[122.16603091100001,36.966933512000026],[122.16771711400008,36.96878342500003],[122.16507812400005,36.97380601800006],[122.16703935900011,36.976572701000066],[122.17357393000009,36.97979927800003],[122.17813097500004,36.979080613000065],[122.1794594050001,36.99864444600007],[122.18354123100005,37.000565900000026],[122.1895820950001,36.997638782000024],[122.1998597490001,36.99818557000003],[122.21231800800001,37.00654455400007],[122.20993113000009,37.01386234900008],[122.21188254200001,37.01709069100008],[122.22152827900004,37.02153048100007],[122.2222813410001,37.02275502400005],[122.22460928400005,37.02659891300004],[122.22194737500001,37.033455048000064],[122.2178873900001,37.03708611500008],[122.21105090000003,37.03542283100006],[122.20533090600009,37.03583537800006],[122.20240706200002,37.04016384500005],[122.19550181400007,37.04400118500007],[122.19455557600008,37.04903687500007],[122.18115107900007,37.04754712300007],[122.18437287300003,37.04207269200003],[122.18042093700001,37.03859551200003],[122.1808171130001,37.03034457600006],[122.18636357500009,37.023288716000025],[122.18440234100001,37.020060373000035],[122.18789589200003,37.015735180000036],[122.18592810900009,37.013652801000035],[122.18279144400003,37.01316822200005],[122.18052590900004,37.014350894000074],[122.1809382570001,37.020423565000044],[122.16452028200001,37.02012566600007],[122.162941896,37.021131248000074],[122.14640096100004,37.03172992900005],[122.14605040700008,37.01966975500005],[122.13538457700008,37.01090576300004],[122.14238805000002,37.00134188100003],[122.14405271600003,37.00095758100008],[122.14300316000003,36.99405843000005],[122.11023248700008,36.986208712000064],[122.10906096400004,36.97848827900003],[122.10534724000001,36.97531869000005],[122.10627710800009,36.971199770000055],[122.10769928000002,36.96951466200005],[122.1072545720001,36.96658400100006],[122.09967013300002,36.95302534600006],[122.09430015300006,36.951368056000035],[122.08389153200005,36.941640464000045],[122.08325889100001,36.939197517000025],[122.07057589800002,36.94822813800005],[122.06251871600011,36.93358658900007],[122.06484754600001,36.91800438400003],[122.06500550100009,36.91766635400006],[122.04612058000009,36.91123314500004],[122.03706419500008,36.906783533000066],[122.03645192300007,36.904822298000056],[122.03408141600005,36.897124699000074],[122.02971693300003,36.90166598800005],[122.0210861920001,36.90639390500007],[122.01989766400004,36.909134395000024],[122.03016549600011,36.92643516700008],[122.04090808400008,36.93364818800006],[122.03972610400001,36.935701100000074],[122.03426477000005,36.938166558000034],[122.03249343800007,36.94181727000006],[122.03469696200011,36.946656509000036],[122.03375399800007,36.95214731100003],[122.02561111000011,36.961239711000076],[122.01956042300003,36.964386199000046],[122.01972085800003,36.971726913000055],[122.00525552600004,36.98235163100003],[121.99893308300011,36.985272200000054],[121.99350121700002,36.99515040400007],[121.99165457900006,36.994135408000034],[121.98858667100001,36.988602042000025],[121.98602953600005,36.98788827100003],[121.98365902800003,36.993365976000064],[121.9810724250001,36.99425655300007],[121.97601381600009,36.98915865300006],[121.96980269400001,36.985193620000075],[121.95410299600007,36.984113140000034],[121.94199507500002,36.99086122700004],[121.93791217100011,36.994940857000074],[121.92684216500004,36.99092343700005],[121.92601707200004,36.989080073000025],[121.93271604600011,36.982043858000054],[121.92653766600006,36.97555770500003],[121.92482735900012,36.968146372000035],[121.90432555400002,36.99309968600005],[121.89330763300006,36.974196078000034],[121.88759783500007,36.95933872200004],[121.87665829500008,36.948565968000025],[121.86416616300005,36.93522115900004],[121.8897417280001,36.926600851000046],[121.89447197200002,36.926652785000044],[121.886353643,36.92375033900004],[121.8627467980001,36.91843634300005],[121.85540608400004,36.91468413200005],[121.85308796400011,36.916720672000054],[121.85729201200002,36.920669334000024],[121.85639161200004,36.92318063100004],[121.85381155800007,36.923838742000044],[121.84985307300008,36.92173016900006],[121.8452004620001,36.911128371000075],[121.81674177200011,36.90181843100004],[121.80691367600002,36.91139977000006],[121.80611285200007,36.91115558000007],[121.80589391900003,36.91144269200004],[121.80564422100008,36.911012683000024],[121.78855652400011,36.905802238000035],[121.78210594500001,36.893719883000074],[121.78057228900002,36.89214192700007],[121.77992311500009,36.892007154000055],[121.76042864100009,36.88236469100008],[121.7514573850001,36.874460818000045],[121.75074033900012,36.873242822000066],[121.74871240700008,36.86977293600006],[121.72463338200009,36.859946910000076],[121.71651512900007,36.844394661000024],[121.71827521700004,36.832923668000035],[121.71521874900009,36.83272810700004],[121.70690233000005,36.83491853400005],[121.70234794400005,36.83417202000004],[121.69368773500003,36.82580648800007],[121.66858786300008,36.82639584000003],[121.6485138600001,36.818338081000036],[121.63770906200011,36.817048054000054],[121.63375712600009,36.815158851000035],[121.6249463050001,36.80059529400006],[121.619308165,36.797766402000036],[121.62063990800004,36.793600437000066],[121.61376574600001,36.787458437000055],[121.59471228400002,36.78460897200006],[121.59894720800003,36.79779619000004],[121.6123988390001,36.810176408000075],[121.62944708500004,36.82314183900007],[121.61255255100002,36.82733427100004],[121.59180294200007,36.81288118900005],[121.58551825200004,36.801680744000066],[121.57896884700006,36.78056107000003],[121.57896514300012,36.777339160000054],[121.5784234670001,36.77794778400005],[121.5598064730001,36.781814592000046],[121.55709872600005,36.775813018000065],[121.55288812900005,36.77300377100005],[121.54775093900003,36.773386850000065],[121.54283966700007,36.77653006400004],[121.54090790100008,36.77352109100008],[121.53849155500006,36.767067680000025],[121.540023872,36.762500198000055],[121.54612694500008,36.75685551000004],[121.53823944300007,36.75307383100005],[121.52535226700002,36.755869981000046],[121.52001862600002,36.752356785000075],[121.51431172800005,36.75296250900004],[121.51342769900009,36.75432456800007],[121.5178838600001,36.75920637200005],[121.51608960800002,36.762388876000045],[121.50668288600002,36.762713020000035],[121.50266219200012,36.764258433000066],[121.49993807300007,36.770869005000065],[121.48767954000004,36.77137977700005],[121.48442253300004,36.772564499000055],[121.51081375900003,36.79282948200006],[121.52746953300004,36.80191882200006],[121.52831212600006,36.80154808100008],[121.53164524200008,36.79242293800007],[121.5365827070001,36.788598695000076],[121.54148088200009,36.79875520400003],[121.54730892400005,36.805716113000074],[121.54661501800001,36.81236684000004],[121.55509160800011,36.81699265900005],[121.56864927200002,36.822137241000064],[121.56209756700002,36.82270793600003],[121.57021182100004,36.82690333900007],[121.58413691200008,36.82893333100003],[121.58690687,36.832410511000035],[121.59515453200004,36.833671071000026],[121.600065803,36.84382758000004],[121.60568102400009,36.84803162900005],[121.60246905200006,36.85119776200003],[121.59365823100006,36.850159846000054],[121.58870766900009,36.85421983100008],[121.58493908700007,36.85432133000006],[121.57730042300011,36.85452433000006],[121.57077170600007,36.85328341500008],[121.56858127800001,36.849125205000064],[121.56292021900003,36.84721308300004],[121.55413886600002,36.844567545000075],[121.5455703340001,36.84490478600003],[121.53981759800001,36.847347325000044],[121.53748310700007,36.83722355700007],[121.52921252600004,36.837105687000076],[121.5225299220001,36.82990248800007],[121.51181680200011,36.824703089000025],[121.51012668500005,36.815524166000046],[121.49494324200009,36.81228098500003],[121.48561741500009,36.80405282900006],[121.48247715800005,36.795462616000066],[121.48198573900004,36.79537625000006],[121.47995902100001,36.79718032300008],[121.48211670600006,36.802029385000026],[121.4890514220001,36.81038509500007],[121.48606864300007,36.81630481500008],[121.48769263600002,36.81976562400007],[121.48715239700005,36.82089194200006],[121.48560370900009,36.82409409100006],[121.4891660180001,36.829650376000075],[121.49591737900005,36.834106537000025],[121.49755119500003,36.83734142800006],[121.4952101560001,36.840058998000075],[121.48793165200004,36.834217859000034],[121.47939258800011,36.83340586200006],[121.4712071350001,36.82984682700004],[121.46774305200006,36.83208964100004],[121.46003562900012,36.84367042000008],[121.44872333400008,36.85221603200006],[121.44785240200008,36.864815081000074],[121.4435894180001,36.86429121200007],[121.44119926600001,36.856688563000034],[121.44170349000001,36.84752740500005],[121.43594420500006,36.84996012100004],[121.43340344100011,36.86116109400007],[121.43139636800004,36.860673242000075],[121.43070224200005,36.85423947600003],[121.43852098600007,36.837387266000064],[121.44714517900002,36.83453218000005],[121.44891323600007,36.83226644700005],[121.44827149700006,36.823314836000065],[121.45588724200002,36.81448437000006],[121.4621900410001,36.813200891000065],[121.46829311400006,36.80824705500004],[121.46864345100005,36.80572921000004],[121.46631815800004,36.80266940700005],[121.43634380200001,36.83451903500003],[121.42073349500004,36.823210619000065],[121.41882413100006,36.80982056000005],[121.4213881280001,36.795145914000045],[121.43228603600005,36.77342148900004],[121.43344883000009,36.76677986200008],[121.37243329600005,36.789262963000056],[121.34674699900006,36.81256838300004],[121.34596656000008,36.84490630300007],[121.34023279700011,36.87866152400005],[121.32100296200008,36.90684289500007],[121.28588684900001,36.90664142900005],[121.23625954300007,36.912937542000066],[121.21667011300008,36.94297474000007],[121.20255252900006,36.97109254600008],[121.1751417480001,36.987606837000044],[121.15781033700011,37.01372778700005],[121.14396098000009,37.078202849000036],[121.2218175490001,37.071024728000054],[121.25094788800004,37.09579748700003],[121.26961017500003,37.11976434800005],[121.31830994500001,37.110334556000055],[121.35759597800006,37.088458099000036],[121.39258932900009,37.07990131300005],[121.45493465000004,37.08057950400007],[121.49325456100007,37.085951977000036],[121.54468441400002,37.10150966500004],[121.57436674200005,37.12155873700004],[121.62461651700005,37.11830976700003],[121.65885919700008,37.105144936000045],[121.71872098300003,37.115171608000026],[121.7209145270001,37.143530662000046],[121.7294802350001,37.17908002100006],[121.7335402120001,37.20817407200008],[121.75170378000007,37.24596579900003],[121.77632358700009,37.26972357300008],[121.80927041400003,37.29492770100006],[121.83340613100006,37.31550571100007],[121.85799605800003,37.338794234000034],[121.88455976500006,37.37063628100003],[121.88921101000005,37.40290261900003],[121.8897010280001,37.44863112300004],[121.90808514500009,37.449337832000026],[121.91943101000004,37.44651265500005],[121.91264630300009,37.43265439900006],[121.90611946100012,37.42057530300008],[121.91893951600002,37.40406420000005],[121.9570333690001,37.415114766000045],[121.95574328700002,37.42016078300003],[121.95913541300001,37.42113117700006],[121.9617318380001,37.42046979200006],[121.96643028800008,37.414563170000065],[121.97242858800007,37.41691730600007],[121.97203896000008,37.42264057500006],[121.9757551560001,37.424058295000066],[121.97931746400002,37.41721853100006],[121.98385547900011,37.420247148000044],[121.98232316300005,37.42641897900006],[121.98771573900001,37.429683338000075],[121.98766335200003,37.432892035000066],[121.97268724800006,37.45130602900008],[121.96309717200006,37.457851117000075],[121.96189882100009,37.46082079900003],[121.96399757100005,37.46832194800004],[121.96460656900001,37.47047308500004],[121.9619381120001,37.47525666300004],[121.96182903400006,37.47526275200005],[121.96793506900008,37.47875089300004],[121.9802637030001,37.47980777500004],[121.98651084000005,37.48399872700003],[121.99196562600002,37.48451277300006],[121.99459806700008,37.48178865500006],[121.99382863500011,37.47605228900005],[121.99535440300008,37.47148153300003],[122.00019036800006,37.47405176500007],[122.00035735200004,37.48116001200003],[121.99851071400008,37.48824534000005],[121.99387447300012,37.49117900600004],[122.01458694200005,37.50720612200007],[122.01773015600008,37.50838482700004],[122.0214987390001,37.506358109000075],[122.02272000800008,37.50247493000006],[122.03018186700001,37.50300862200004],[122.02831230900006,37.49992106900004],[122.03027354400001,37.497737190000066],[122.03514225100002,37.49870307400005],[122.0362096340001,37.503758409000056],[122.03411743200002,37.508548536000035],[122.01936397200006,37.514134289000026],[122.01666165000006,37.51647499500007],[122.01797538400001,37.52000585700006],[122.02185889800012,37.519657832000064],[122.0307221060001,37.52318412500006],[122.03674987400007,37.52370472000007],[122.04302975300004,37.52651724100008],[122.04637269200009,37.533429038000065],[122.05153607500006,37.533936536000056],[122.05708253800003,37.52986672900005],[122.06111305500008,37.52898924800007],[122.07232057600004,37.530014067000025],[122.07401332800009,37.53232236400004],[122.06787096400001,37.538219164000054],[122.06795557300006,37.53835807100006],[122.07826696200004,37.543574345000025],[122.07874451900011,37.54199102100006],[122.08538128400005,37.54091381500007],[122.08917933400005,37.53682436300005]]],[[[121.56551337100007,36.74336588400007],[121.56543971300005,36.743165720000036],[121.5623099170001,36.745866523000075],[121.55250854000008,36.747277103000044],[121.55050779900012,36.751643014000024],[121.5512706830001,36.75623996400003],[121.55354296500002,36.756957009000075],[121.55726570900003,36.75563424000006],[121.56400397300001,36.747704174000035],[121.56551337100007,36.74336588400007]]],[[[121.94946348200006,37.448536072000024],[121.94836872300004,37.44763827500003],[121.94567788400002,37.45682469700006],[121.94846074700001,37.46163877200007],[121.95041626900002,37.45955041700006],[121.95166045700012,37.45452127500005],[121.94946348200006,37.448536072000024]]],[[[122.47837140900003,37.38129421700006],[122.47677313500003,37.37884243600007],[122.47074842100005,37.383535368000025],[122.47185582100008,37.38406104000006],[122.47799363500008,37.383130563000066],[122.47837140900003,37.38129421700006]]],[[[122.5697996130001,37.31163455300003],[122.56800869800009,37.310617774000036],[122.56574947800004,37.310755261000054],[122.56141773700006,37.31279507600004],[122.56385861700005,37.31423417800005],[122.5697996130001,37.31163455300003]]],[[[122.49430750300007,36.89444014600008],[122.49208695300001,36.893984759000034],[122.48977538200006,36.89557601100006],[122.49010703700003,36.89593507400008],[122.49430750300007,36.89444014600008]]],[[[121.57895708000001,36.77032650000007],[121.57895396300012,36.76761497900003],[121.57805675800012,36.76831186900006],[121.57895708000001,36.77032650000007]]]]}},{"type":"Feature","properties":{"code":"CN037150","name":"Yantai","label":"Yantai · 烟台市","type":"Prefecture-level city","parentCode":"CN-SD"},"geometry":{"type":"MultiPolygon","coordinates":[[[[120.87031281700001,37.81220235100005],[120.9097675370001,37.807202819000054],[120.90835642000002,37.77119195200004],[120.92855257100007,37.75510596000004],[120.99416722900003,37.726275325000074],[121.00106086800008,37.699518785000066],[121.04316025100002,37.70548233000005],[121.06183628300005,37.701764506000075],[121.07483180300005,37.70567191300006],[121.09358946200007,37.70365521400004],[121.11694198900011,37.69359101200007],[121.09630283100012,37.65555432800005],[121.11783775000004,37.64112142000005],[121.11376442200003,37.628815521000035],[121.10778254600007,37.61124749500004],[121.11911295700008,37.60045387100007],[121.12232316200004,37.59739623400003],[121.14712777000011,37.57275394200008],[121.19913182100004,37.55757957700007],[121.23064565100003,37.56397580700008],[121.25235583300002,37.559444281000026],[121.25827242600008,37.52642436600007],[121.26673738500006,37.54468224300007],[121.28375575000007,37.55680405800007],[121.29063946100007,37.56081382800005],[121.2847294290001,37.55175462900007],[121.28233272900002,37.53998067400005],[121.27443540400009,37.52981106800007],[121.27606922100006,37.52705748100004],[121.28571168400003,37.53679162100008],[121.29051818100004,37.54567774900005],[121.29103877600005,37.55556905000003],[121.29842532900011,37.56279516700005],[121.29858817500008,37.56544396400005],[121.30814751900004,37.57101229400007],[121.31427948100009,37.57338501300006],[121.32015279400002,37.574418510000044],[121.33233602100006,37.57655982400007],[121.34455199100012,37.58316712100003],[121.35687273400004,37.58542303200005],[121.36308385500001,37.59056349600007],[121.36575231300003,37.59885699700004],[121.3656068470001,37.60037056800007],[121.38221801800012,37.594276250000064],[121.38002774200004,37.59219731300004],[121.37455658600004,37.59211218400003],[121.36579815100004,37.58533135500005],[121.3628448400001,37.57657619500003],[121.36305273500011,37.57520346000007],[121.3449605940001,37.57332080100008],[121.34201428400002,37.56091760500004],[121.36206477300004,37.54476221600004],[121.37578051700007,37.53365787000007],[121.39336437400004,37.524934305000045],[121.41223512600004,37.51700147500003],[121.42294547300003,37.509762307000074],[121.42438265800001,37.49518371400006],[121.4300862340001,37.46126021300006],[121.47112288700009,37.44122471600008],[121.50195160600003,37.437927829000046],[121.51755161000006,37.42393476500007],[121.54283380700008,37.419943372000034],[121.54445432600005,37.431172264000054],[121.5457766080001,37.43141210500005],[121.55478715400011,37.42718186400003],[121.56139445100007,37.427731926000035],[121.57079462500008,37.418004334000045],[121.57363006600008,37.41987716600005],[121.57237932800001,37.424441374000025],[121.57328984500009,37.426560445000064],[121.60344618600004,37.42463387200007],[121.65593587500007,37.421873567000034],[121.64242445800005,37.437180640000065],[121.6439136350001,37.43824532100007],[121.64910976100009,37.436706456000024],[121.65844772500009,37.42972590200003],[121.66821133300004,37.43076709200005],[121.67756566800006,37.43638886100007],[121.68480095600012,37.438516521000054],[121.6853767230001,37.43827836500003],[121.70327012400003,37.424059887000055],[121.73301879000007,37.41059988000006],[121.72937327700004,37.44165245500005],[121.73889031800002,37.442312532000074],[121.74252214500007,37.43560633100003],[121.74804568800005,37.43223719900004],[121.7507468880001,37.42676931700004],[121.7553700310001,37.425449822000076],[121.75689580000005,37.42088233900006],[121.76589979700009,37.415951423000024],[121.76963891200012,37.41576806900008],[121.77102716500008,37.417617981000035],[121.77261514300005,37.424971791000075],[121.77168200100004,37.428625777000036],[121.76331974300001,37.42990270800004],[121.76032386700001,37.43651327900005],[121.75482324300003,37.438281337000035],[121.75274741200008,37.44123464900008],[121.75449117800008,37.44339456700004],[121.76382426100008,37.44404188500005],[121.79878265100001,37.44186379100006],[121.83119761500006,37.44622787900005],[121.87969768800008,37.44824837200008],[121.8897010280001,37.44863112300004],[121.88921101000005,37.40290261900003],[121.88455976500006,37.37063628100003],[121.85799605800003,37.338794234000034],[121.83340613100006,37.31550571100007],[121.80927041400003,37.29492770100006],[121.77632358700009,37.26972357300008],[121.75170378000007,37.24596579900003],[121.7335402120001,37.20817407200008],[121.7294802350001,37.17908002100006],[121.7209145270001,37.143530662000046],[121.71872098300003,37.115171608000026],[121.65885919700008,37.105144936000045],[121.62461651700005,37.11830976700003],[121.57436674200005,37.12155873700004],[121.54468441400002,37.10150966500004],[121.49325456100007,37.085951977000036],[121.45493465000004,37.08057950400007],[121.39258932900009,37.07990131300005],[121.35759597800006,37.088458099000036],[121.31830994500001,37.110334556000055],[121.26961017500003,37.11976434800005],[121.25094788800004,37.09579748700003],[121.2218175490001,37.071024728000054],[121.14396098000009,37.078202849000036],[121.15781033700011,37.01372778700005],[121.1751417480001,36.987606837000044],[121.20255252900006,36.97109254600008],[121.21667011300008,36.94297474000007],[121.23625954300007,36.912937542000066],[121.28588684900001,36.90664142900005],[121.32100296200008,36.90684289500007],[121.34023279700011,36.87866152400005],[121.34596656000008,36.84490630300007],[121.34674699900006,36.81256838300004],[121.37243329600005,36.789262963000056],[121.43344883000009,36.76677986200008],[121.43486464800003,36.75874483100006],[121.43482432200005,36.758101973000066],[121.43100674100003,36.758155360000046],[121.4245074910001,36.75599767400007],[121.40870629400001,36.761262557000066],[121.40416827900003,36.76050294700008],[121.38760419700009,36.75084738800007],[121.37425863500005,36.73756730900004],[121.3718553860001,36.73065223900005],[121.3725658840001,36.72928363200003],[121.37263131200007,36.72915735000004],[121.36096276100011,36.725652282000055],[121.36081812200007,36.728412699000046],[121.35900750000008,36.73228605500003],[121.35386703600011,36.73266258600006],[121.35305176500003,36.73150352600004],[121.35224959000004,36.72942769500003],[121.35579552800004,36.72374699100004],[121.35160130200006,36.721160388000044],[121.33141270200008,36.720155215000034],[121.31588653600011,36.71463167100006],[121.30848688700007,36.71451052700007],[121.30217099200001,36.716704228000026],[121.2936941370001,36.71404231900004],[121.28515507300006,36.71390480300005],[121.27731340900004,36.709189983000044],[121.26740246300005,36.706734347000065],[121.25482960800002,36.69758301100006],[121.24075390400003,36.69161745300005],[121.23072836200004,36.694204056000046],[121.22268042500002,36.69463624800005],[121.22103023800003,36.69472465100006],[121.20799244900002,36.69267173900005],[121.18486690800012,36.68471220500004],[121.18279107800004,36.68811407900006],[121.1910027240001,36.699950244000036],[121.18924776300003,36.70175431800004],[121.18726360900007,36.70172157600007],[121.18488327900002,36.70512345000003],[121.18347210700006,36.70486806400004],[121.17899957600002,36.69126056700003],[121.17426183600003,36.687511630000074],[121.1680081500001,36.68694192300006],[121.14671287700003,36.68565844400007],[121.13945729200009,36.680026852000026],[121.13972168800001,36.67931953500005],[121.11246383100001,36.66781179600008],[121.11673779600005,36.64671773600003],[121.1088909130001,36.642179974000044],[121.08619438200003,36.63749212500005],[121.07079697900008,36.627037587000075],[121.06062309700008,36.62065742200008],[121.05813293100005,36.618510497000045],[121.05835582800012,36.61986705000004],[121.05502926000008,36.62691636200003],[121.05539596800008,36.633805239000026],[121.05983575800008,36.63755417600004],[121.07028039500005,36.64072358300007],[121.07386889800011,36.64445942400005],[121.08144535300005,36.64849321500003],[121.0782464780001,36.650500288000046],[121.07454665300008,36.65066399700004],[121.06020246600008,36.64513063100003],[121.05082848600011,36.64427279600005],[121.04878212300002,36.64629623900004],[121.03685100700011,36.65571278400006],[121.03555443100004,36.65132865600003],[121.04553086100009,36.64073340600004],[121.04472213800011,36.63934187900003],[121.03700161900008,36.640576245000034],[121.02539792200002,36.63852988200006],[121.01540512200006,36.63972168400005],[121.01462851400004,36.63856222000004],[121.01442946100008,36.639863141000035],[120.99875259300006,36.635747769000034],[120.98185607700009,36.62269567000004],[120.99321575700003,36.603687801000035],[120.99582995800006,36.59942969700006],[120.99524598900007,36.59943616100003],[120.98835711200002,36.60205878000005],[120.97704154300004,36.60001241700007],[120.97087953400012,36.596915041000045],[120.96154157000001,36.58595635700004],[120.9561751870001,36.58470889500006],[120.92915991900009,36.59428260000004],[120.92822350400002,36.59724900800006],[120.93039756000007,36.60027435100005],[120.93026659300006,36.60462573800004],[120.93486681700006,36.603109792000055],[120.93711945300004,36.603839934000064],[120.93872707600008,36.60708137300003],[120.94463369900006,36.61866215200007],[120.94419168400009,36.62393030900006],[120.94666369100003,36.62718811900004],[120.94467953700007,36.64572980600008],[120.94069813300007,36.64565122600004],[120.93681495500005,36.63319296700007],[120.93253232600011,36.63334357900004],[120.93051215600008,36.64385370000008],[120.92196654400004,36.64391591000003],[120.91613850100009,36.648620908000055],[120.91072955400011,36.64874532700003],[120.90737024500004,36.64684630200003],[120.90586739600008,36.64016697300008],[120.89848411700007,36.64002290900004],[120.89450926200004,36.63948594300007],[120.89331746000005,36.64129656500006],[120.89409016600007,36.653240777000065],[120.88778736800009,36.654720707000024],[120.88480458900005,36.65901970700003],[120.88005702700002,36.656174444000044],[120.87827259800008,36.65624975000003],[120.87635065400002,36.65633487800005],[120.8776636,36.65834195100007],[120.88152386000002,36.664228929000046],[120.87860983900009,36.666239276000056],[120.87197962200003,36.65968764000007],[120.86354205800001,36.656541152000045],[120.848533212,36.65417391900007],[120.84562573900007,36.64723592900003],[120.84198157600008,36.64555627500005],[120.84048949300006,36.644088156000066],[120.82917695700007,36.64436057300003],[120.82788145000006,36.64439090400003],[120.80574052800011,36.63536227700007],[120.78719248000004,36.62366336700006],[120.7842708610001,36.62627462300003],[120.77275229200006,36.62191013900008],[120.7780305440001,36.619735744000025],[120.75593957300009,36.61050940400003],[120.74888383500002,36.60114802100003],[120.74933048900004,36.59571627400004],[120.69135958300001,36.59257398200003],[120.64447197100003,36.592870350000055],[120.64395410300006,36.62100525500006],[120.62609698000006,36.64801627200006],[120.60241140100004,36.67464939400003],[120.57664339200005,36.69456981800005],[120.54081370600011,36.72048594000006],[120.52423996400012,36.752876824000055],[120.54712368900005,36.77651870100004],[120.58072626,36.78304486300004],[120.59373804100005,36.81359535200005],[120.59231194400002,36.84365216100008],[120.59870481000007,36.872065321000036],[120.5696105510001,36.89734701400005],[120.54830928000001,36.92512157800007],[120.54842480100001,36.96193896500006],[120.57822208000005,36.981254626000066],[120.59171799400008,37.00715467200007],[120.5788588690001,37.03368293500006],[120.53166401700003,37.037621827000066],[120.51417974800006,37.06410899200006],[120.49682062200009,37.11589584600006],[120.4428186340001,37.10477856700004],[120.40281153400008,37.094653433000076],[120.36064305400009,37.081493969000064],[120.3193795200001,37.07053766000007],[120.29345633100002,37.09499556700007],[120.25822574000006,37.11476950500003],[120.21879858800003,37.112818996000044],[120.20994635600005,37.082325282000056],[120.2090571870001,37.051115684000024],[120.18431400500003,37.017914682000026],[120.1398191610001,37.00812058100007],[120.10632544900011,36.99870619200004],[120.05978760000005,36.990453943000034],[120.01211441700002,36.98228128400007],[119.97359640100001,36.97788652600008],[119.93796521200011,36.97368021300008],[119.89377044300011,36.969759348000025],[119.84507661600003,36.97081719300007],[119.79501324700004,36.97887780100007],[119.75013366300004,36.974045327000056],[119.70603285700008,36.96638013200004],[119.67109898800004,36.967102745000034],[119.62415762800003,36.97711973600008],[119.56920892200003,36.99694276900004],[119.52604933300006,37.04299779000007],[119.54590328800009,37.10323686400005],[119.57002707000004,37.10963725800008],[119.58741140600011,37.11255488000006],[119.59266838100007,37.113433265000026],[119.62648164400002,37.11281916000007],[119.6802718450001,37.10353993900003],[119.70439596000006,37.10991373400003],[119.7436899280001,37.11608623200004],[119.75118437200001,37.14891990800004],[119.77692104700009,37.15877227400006],[119.77918838800008,37.17753091900005],[119.80269758600002,37.189757901000064],[119.81297196600008,37.19738674300004],[119.82707058900007,37.20237332100004],[119.83767566100005,37.208636829000056],[119.8406518920001,37.21284742600005],[119.84171927500006,37.21699581300004],[119.84259548000011,37.220404347000056],[119.8567109390001,37.228667665000046],[119.86638695500005,37.22709993600006],[119.87822639300009,37.231788563000066],[119.88054778800006,37.23116319400003],[119.88794088800012,37.24581842900005],[119.886542813,37.251515504000054],[119.89407997800004,37.26272957400005],[119.90550359500003,37.29676468500003],[119.8976226420001,37.31279507600004],[119.89253129000008,37.31108595300003],[119.89507205500001,37.30564753800007],[119.89495745800002,37.30151879600004],[119.89234793600008,37.302134342000045],[119.88767240600009,37.31072251900008],[119.88288227900011,37.31517867900004],[119.87912679300007,37.32218215300003],[119.87600649900003,37.32783011500004],[119.87272576900011,37.330721217000075],[119.85574259200007,37.33162816500004],[119.85249460500006,37.33382841400004],[119.8501666620001,37.34087445200004],[119.84310752800002,37.34457427700005],[119.84088763300008,37.349331662000054],[119.84240685300006,37.35395807900005],[119.84460995200004,37.355495878000056],[119.86395797900002,37.36350155900004],[119.89901708200011,37.37568289200004],[119.9154963960001,37.37685442700007],[119.924592071,37.379165999000065],[119.932715314,37.38374330400006],[119.93483698300008,37.38793098200006],[119.93369429400002,37.39168319300006],[119.93263345900004,37.39910903600003],[119.93748382900003,37.403724778000026],[119.94046586500008,37.40388470900007],[119.97483289900003,37.406753449000064],[120.0119405580001,37.42203981200004],[120.0463598980001,37.43272075100003],[120.04850017700005,37.43155944400007],[120.05490774900011,37.433854644000064],[120.06096498400007,37.43601560400003],[120.08091129500008,37.44020328100004],[120.08680809500004,37.44333994700003],[120.08810223900002,37.44917012900004],[120.0906146850001,37.45044778100004],[120.09429065200004,37.45475022100004],[120.09636542900012,37.45574254500008],[120.1397777950001,37.46992629700003],[120.15190208800004,37.47596716100003],[120.1630474000001,37.48473214300003],[120.17519461200004,37.49031462200003],[120.18505971900004,37.49687935500003],[120.18807851400004,37.498892976000036],[120.22052892200009,37.522175677000064],[120.23500735000005,37.53445713000008],[120.24112679500001,37.54676477700008],[120.2475900280001,37.551047406000066],[120.25950477300012,37.55524163200005],[120.27216275700005,37.56311276300005],[120.28874975800011,37.580714760000035],[120.29968879600005,37.58831740800008],[120.31317187400009,37.60469158700005],[120.31582723500003,37.610490162000076],[120.31627579700012,37.62861275400007],[120.32660583800009,37.64467916000007],[120.32221188800008,37.65118168400005],[120.32111503700003,37.65280240300007],[120.32171748600001,37.65923616900005],[120.30077255000003,37.67180247600004],[120.29579906900005,37.67351814700004],[120.24083866700005,37.67080385000003],[120.23327530900008,37.672450764000075],[120.22936266200009,37.669373033000056],[120.22589857900005,37.66951709700004],[120.22108910400004,37.682788526000024],[120.22652661500001,37.683334924000064],[120.23024014300006,37.68361244700003],[120.23042914700011,37.683727076000025],[120.2419828400001,37.68488806800008],[120.246804225,37.68420179900005],[120.26434401200004,37.68169705100007],[120.28263955600005,37.68274680800005],[120.31739943700006,37.679632164000054],[120.35633984200001,37.68928009900003],[120.35777283900006,37.691820964000044],[120.38102600100001,37.69939072500006],[120.39880480400006,37.707644935000076],[120.39974122000001,37.708080401000075],[120.44493801500005,37.741680047000045],[120.44531874600011,37.741767432000074],[120.46750665900004,37.73756082500006],[120.49261676600008,37.74012095000006],[120.509373288,37.746569098000066],[120.51110921300005,37.747072623000065],[120.5177525260001,37.74699404300003],[120.55261406500006,37.75151047600008],[120.55423668800006,37.75155420900006],[120.55478433100006,37.75179164100007],[120.58381567700008,37.75555275200003],[120.59349088200008,37.759661849000054],[120.6031431670001,37.76711388500007],[120.61794246500006,37.778530954000075],[120.63488635200008,37.77270618600005],[120.65995020800005,37.782633503000056],[120.69267892100004,37.80510093300006],[120.71733023000002,37.81936654000003],[120.73137722500007,37.82288030800004],[120.74397654100005,37.82053119400007],[120.76857105700003,37.81043755600007],[120.7933320630001,37.810267802000055],[120.804874616,37.811351166000065],[120.80510774900006,37.81128913500004],[120.83087227900012,37.80927878800003],[120.83661519300006,37.810310155000025],[120.84398537400011,37.81457968700005],[120.85133263700004,37.81999518300006],[120.85431575200005,37.823568898000076],[120.87031281700001,37.81220235100005]]],[[[121.04087778600001,36.603633771000034],[121.02413315600006,36.589197194000064],[121.02217591500005,36.589235866000024],[121.01556722900011,36.63242721100005],[121.01619092500005,36.63239734100006],[121.02661264300002,36.62616657500007],[121.03344585900004,36.62560341500006],[121.03778742300005,36.61329576900005],[121.04105505600012,36.60877085100003],[121.04118274900009,36.604186997000056],[121.04087778600001,36.603633771000034]]],[[[121.58003356600011,37.44121828100003],[121.57660629600002,37.44054707000004],[121.57681257000002,37.444679087000054],[121.59065253300002,37.45540857800006],[121.5972369110001,37.456417026000054],[121.60357571500003,37.46383746400005],[121.60829717800004,37.46578776100006],[121.58003356600011,37.44121828100003]]],[[[121.16513669400001,36.677489362000074],[121.14753819200007,36.66810186400005],[121.14538908600002,36.67777613000004],[121.15348715800008,36.676831252000056],[121.15939378000007,36.67968306300003],[121.16513669400001,36.677489362000074]]],[[[120.89253165600007,36.64108046900003],[120.88947024000004,36.63466362500003],[120.8846814320001,36.63690405600005],[120.88487989500004,36.638150077000034],[120.88726022500009,36.64393228100005],[120.89253165600007,36.64108046900003]]]]}},{"type":"Feature","properties":{"code":"CN037160","name":"Zaozhuang","label":"Zaozhuang · 枣庄市","type":"Prefecture-level city","parentCode":"CN-SD"},"geometry":{"type":"Polygon","coordinates":[[[117.39314997800011,35.274714018000054],[117.41049845300006,35.22391022000005],[117.43822072500006,35.19854165600003],[117.48977612300007,35.193065854000054],[117.52607544700004,35.180847940000035],[117.5310108110001,35.15202527100007],[117.62093161900009,35.14421314000003],[117.62824695000006,35.10097192100005],[117.65971423500002,35.08032992200003],[117.69525659800001,35.050657141000045],[117.7395698580001,35.04100099100003],[117.72172196800011,34.99314496100004],[117.68949982700008,34.96241410500005],[117.68533087200001,34.93286333200007],[117.70007354500001,34.90238855700005],[117.72401770400006,34.874920460000055],[117.75461054400012,34.85246790600007],[117.77901650500007,34.82953967000003],[117.78482468300001,34.78363305800008],[117.8018332370001,34.74883335100003],[117.8044940210001,34.71555679200003],[117.80029030600008,34.68048529300006],[117.79157062800004,34.63254036100005],[117.76839070800008,34.614261216000045],[117.77470012000003,34.571393819000036],[117.78389161200005,34.536337814000035],[117.76717839600008,34.509807797000065],[117.69030067300002,34.51937669300003],[117.63092123900003,34.512891496000066],[117.59464453600003,34.49291115300008],[117.58555093200005,34.487901055000066],[117.55904401800001,34.476046601000064],[117.54394887600006,34.468002744000046],[117.51688314400008,34.44909009200006],[117.4586521970001,34.45574701900006],[117.4228077780001,34.492187140000055],[117.37095369000008,34.57249432200007],[117.39069026200002,34.601091791000044],[117.39378239400003,34.634397152000076],[117.37888792000001,34.674981493000075],[117.31763988500006,34.70217912700008],[117.25169810200009,34.729620269000065],[117.2220853010001,34.746230027000024],[117.19412743300006,34.78133520500006],[117.1880230270001,34.825638258000026],[117.18201430300007,34.853968501000054],[117.14758945000005,34.88695101700006],[117.08652050400008,34.91896750600006],[117.00802576800004,34.93085282200008],[116.97119148200011,34.95524186600005],[116.94760139300001,34.98879620300005],[116.90744056200003,35.02946386700006],[116.88612242200008,35.07154992400007],[116.85747461100004,35.10163957700007],[116.82184671100003,35.123427624000044],[116.78173344200002,35.16224344700004],[116.83171033200006,35.16999248700006],[116.8715159940001,35.17655766000007],[116.90627152200011,35.17105201100003],[116.9411467010001,35.17883706600003],[116.98500467200006,35.19840691100006],[117.02376174900007,35.211422611000046],[117.06612243400002,35.21499703500007],[117.10706777700011,35.21544273200004],[117.15628490300003,35.22036611100003],[117.18931353800008,35.23142560500003],[117.23396208600002,35.25269464300004],[117.28266795100001,35.26907562900004],[117.30410946100005,35.298814708000066],[117.33473904700008,35.319188272000076],[117.36978681900007,35.29930643500006],[117.39314997800011,35.274714018000054]]]}},{"type":"Feature","properties":{"code":"CN037170","name":"Zibo","label":"Zibo · 淄博市","type":"Prefecture-level city","parentCode":"CN-SD"},"geometry":{"type":"Polygon","coordinates":[[[118.24834005700006,36.98639417800007],[118.2883515960001,36.94201056600008],[118.33079749600006,36.95211821300006],[118.37472632400011,36.945106836000036],[118.3973729920001,36.92271380900007],[118.43047887600005,36.931204292000075],[118.48816396200004,36.91942594600005],[118.4635503720001,36.895134548000044],[118.45973969400006,36.85730339600008],[118.4565910980001,36.829989639000075],[118.43828614400002,36.79556762000004],[118.39883083900008,36.77102882600008],[118.36479040400002,36.75847252700004],[118.32939536200001,36.744175390000066],[118.29558314500002,36.733423763000076],[118.26268561600011,36.72075466200005],[118.21719488300005,36.697546432000024],[118.2000632490001,36.66209352200008],[118.1923369220001,36.62363615100003],[118.17548613000008,36.590460818000054],[118.1520768470001,36.56465998700003],[118.12192405700011,36.53981700200006],[118.11982430800003,36.50553515800004],[118.14499016200011,36.48574377800003],[118.17622219900011,36.45401368300003],[118.19376655500002,36.41733430900007],[118.1886167240001,36.38649046100005],[118.1883519490001,36.353443354000035],[118.22956300800001,36.32507496000005],[118.26300027900004,36.298658026000055],[118.28333692900003,36.267256528000075],[118.29157553400012,36.23447634300004],[118.3279452590001,36.23950852300004],[118.34885638700007,36.213561550000065],[118.35552752400008,36.17722407500003],[118.36404577300004,36.147170248000066],[118.40786623000008,36.13322524300003],[118.43865025000002,36.109714180000026],[118.44856828100001,36.08229790200005],[118.48740536100001,36.069087686000046],[118.5119751310001,36.04198532200007],[118.50444401300001,36.015924031000054],[118.47554813900001,36.00118041300004],[118.46494857100004,35.97305817500006],[118.48983233800004,35.94308956700007],[118.45430334200012,35.934372031000066],[118.42164649600011,35.955748752000034],[118.37224463400003,35.964619009000046],[118.32794409100006,35.958385347000046],[118.2849682320001,35.943758901000024],[118.22116944700008,35.918210792000025],[118.18970315900003,35.94732608000004],[118.1732380840001,35.97751453200004],[118.16196109400005,36.008677342000055],[118.14623065900003,36.03558278500003],[118.10608037600002,36.041352937000056],[118.06552625900008,36.01774645000006],[118.01208763200009,35.974419649000026],[117.97460247900005,35.952402283000026],[117.91839371200001,35.94552301300007],[117.91262946200004,35.98130839300006],[117.8763319840001,35.99131570600008],[117.83595141,35.989672222000024],[117.82032175200004,36.034427193000056],[117.83718668000006,36.05983097500007],[117.8649272450001,36.091328934000046],[117.88798315300005,36.12132691800008],[117.92032529000005,36.15293555900007],[117.95460195800001,36.17613455500003],[117.96146936600007,36.21328202400008],[117.95577646100003,36.255024665000064],[117.92928279600005,36.27808926000006],[117.920615741,36.31362088000003],[117.88655335900012,36.32988250300008],[117.84451335500012,36.346255513000074],[117.81915854500005,36.37517789700007],[117.80750512300006,36.409994081000036],[117.76942325200002,36.43201684500008],[117.75151065800003,36.46176295500004],[117.75088511900003,36.49348684300003],[117.70852944600006,36.524055522000026],[117.69339872100011,36.55359025800004],[117.67689296600008,36.58643769500003],[117.67006037800002,36.62455845000005],[117.67316917700009,36.65417132600004],[117.67964633500003,36.68309322600004],[117.7180801080001,36.68999848400006],[117.75362498000004,36.70719611700008],[117.76654371100005,36.73198079100007],[117.76877046300001,36.76900543700003],[117.77798403800011,36.79634546900007],[117.80281177300003,36.819815359000074],[117.83141716300008,36.83565967000004],[117.87282848300003,36.85333173300006],[117.92180972800008,36.85620695600005],[117.92707970200001,36.88887994800007],[117.89697781300003,36.91768745500008],[117.86770045900005,36.94367300500005],[117.85536852300004,36.97807953200004],[117.81584747400007,36.98917792700007],[117.78781955400007,37.00587573000007],[117.81328956900006,37.04582310100005],[117.79711360400006,37.04681008800003],[117.76850606700009,37.05358089200007],[117.73191759200006,37.045734751000055],[117.6239043920001,37.07234088300004],[117.59478258900003,37.074074721000045],[117.56663617000004,37.08579886000007],[117.54246144900003,37.10483428200007],[117.53470455600007,37.12540642000005],[117.53617137700007,37.14041274400006],[117.5687631620001,37.17369982500003],[117.60333289700009,37.259686362000025],[117.65099299300005,37.246793025000045],[117.72832619600001,37.23712638200004],[117.7992114330001,37.260501042000044],[117.90506054700006,37.274151621000044],[117.96682397200004,37.29916955500005],[117.99090221400002,37.277219727000045],[118.01124512800004,37.24773257100003],[118.03998170600005,37.221294045000036],[118.0401166690001,37.15517003600007],[118.02744382200001,37.12901191100008],[118.03193691000001,37.082598388000065],[118.09085841700005,37.06879459500004],[118.13301725800011,37.06567374800005],[118.13441858500005,37.02699984800006],[118.13448761200004,36.99669344900008],[118.14109992600004,36.968655829000056],[118.17282142300007,36.94471072500005],[118.20778886500011,36.97010691500003],[118.24834005700006,36.98639417800007]]]}}]}
