{"type":"FeatureCollection","name":"admin2_chn_cn-xz","adm0A3":"CHN","parentCode":"CN-XZ","parentName":"Tibet","bbox":[78.43807635000007,27.267805751000026,99.15261715500009,36.49015051900005],"features":[{"type":"Feature","properties":{"code":"CN054010","name":"Lhasa","label":"Lhasa · 拉萨市","type":"Prefecture-level city","parentCode":"CN-XZ"},"geometry":{"type":"Polygon","coordinates":[[[92.55081745700005,30.122305588000074],[92.53075164900008,30.100438706000034],[92.49898764200003,30.09682800400003],[92.46178735600006,30.076318653000044],[92.46386671100004,30.04447058100004],[92.44827800900003,30.01758024600008],[92.41722818700003,29.998677911000073],[92.37445025700003,29.994700694000073],[92.34110517800008,30.015978407000034],[92.30245235900009,29.991516491000027],[92.27896538800007,29.968327318000036],[92.25476137900006,29.946448401000055],[92.22228656300007,29.926854780000042],[92.18436711200007,29.91545522200005],[92.17799142200005,29.887724570000046],[92.19672049400003,29.86524489800007],[92.24209519200008,29.837494081000045],[92.27733356200008,29.824373726000033],[92.32465577300007,29.807986262000043],[92.35655706600005,29.795850407000046],[92.37540900600004,29.789293514000065],[92.37540769000003,29.78929206300006],[92.37054234400006,29.78392972100005],[92.36162312500005,29.771928889000037],[92.36362446500004,29.758597940000072],[92.36642826300005,29.74976575100004],[92.37755002500006,29.727345197000034],[92.38036187200004,29.701181193000025],[92.37853119300007,29.691212273000076],[92.37557606300004,29.664102041000035],[92.37627262300003,29.65945064500005],[92.38310522500007,29.653262609000024],[92.38440447000005,29.644579685000053],[92.37190883100004,29.619577079000067],[92.35689767200006,29.589252398000042],[92.34979706300004,29.58248602100008],[92.33452887300007,29.57608476300004],[92.33017476200007,29.57560731800004],[92.31850747500005,29.57716429000004],[92.31030789300007,29.585090645000037],[92.30129810900007,29.591035998000052],[92.29412302100008,29.592138653000063],[92.29099711500004,29.590849148000075],[92.29121628000007,29.582046395000077],[92.28889572200006,29.572964047000028],[92.28496251600006,29.569693855000025],[92.27329521400009,29.571246305000045],[92.26305545000008,29.57799926000007],[92.25942727500006,29.577599169000052],[92.25739085900005,29.576428761000045],[92.24901276300005,29.563523880000048],[92.23984036100006,29.55588989100005],[92.22359967800008,29.555985976000045],[92.19332772800004,29.558623518000047],[92.18899475700005,29.562872480000067],[92.17822638100006,29.565776425000024],[92.16170073500007,29.56772429700004],[92.14553898100007,29.576962606000052],[92.12377405500007,29.574538333000078],[92.11286078200004,29.571113878000062],[92.10313125300007,29.567189804000066],[92.09416123000005,29.55830417800007],[92.08057768700007,29.54101735200004],[92.06240705700009,29.532044167000038],[92.05777158300003,29.533416765000027],[92.05092494600007,29.539587186000063],[92.04345866700004,29.54978753900008],[92.02555933400004,29.55345419300005],[92.01200020400006,29.552875820000054],[92.00492008200007,29.553340666000054],[91.99560569600004,29.56112272300004],[91.98962931500006,29.57117250600004],[91.98386272900007,29.577461052000046],[91.97602732500008,29.575631564000048],[91.97305046100007,29.573403504000055],[91.95920103600008,29.574678907000077],[91.95419890300008,29.576006293000034],[91.93776215200006,29.577302305000046],[91.93283412800008,29.580529590000026],[91.92485542200006,29.579626560000065],[91.91934119500007,29.577109698000072],[91.91263373700008,29.56617426200006],[91.90225007900005,29.570209908000038],[91.89050758300004,29.57513306000004],[91.87808468700007,29.580499131000067],[91.83960779700004,29.580812646000027],[91.82126909300007,29.577157200000045],[91.80936642700004,29.567456296000046],[91.80801375100003,29.55270312600004],[91.79223467600008,29.55611272300007],[91.78612073800008,29.560105604000057],[91.78109234500005,29.553273104000027],[91.76691868700004,29.546434876000035],[91.75997149600005,29.544073860000026],[91.74247551700006,29.546758388000057],[91.73436638600003,29.547912411000027],[91.72774220400004,29.54350069900005],[91.72604687300009,29.52714033700005],[91.68916174800006,29.521326415000033],[91.68893893500007,29.534338168000033],[91.67721140900005,29.541027556000074],[91.66994157200008,29.53555026500004],[91.64847173200008,29.52843002800006],[91.62411850000007,29.539523555000073],[91.63833958200007,29.558176565000053],[91.63533349900007,29.577152298000044],[91.62827497800004,29.58174557800004],[91.60461519900008,29.57127329700006],[91.57709020100003,29.56807602400005],[91.55901169600008,29.573702627000046],[91.53911490700006,29.573703372000068],[91.52810013800007,29.557730151000044],[91.50627245000004,29.552860776000045],[91.49114622200005,29.545679135000057],[91.47005393300003,29.536249284000064],[91.45465550300008,29.52516397000005],[91.43066690800003,29.516931792000037],[91.40924902900008,29.49275768800004],[91.39845340000005,29.486844630000064],[91.37166389700008,29.49605444100007],[91.35637052400006,29.501205927000058],[91.33186416800004,29.51299755100007],[91.32314351300005,29.516603822000036],[91.31671415600005,29.522801464000054],[91.28443458200007,29.526701090000074],[91.27645097500005,29.525751411000044],[91.24517918400005,29.52898692900004],[91.22300356500006,29.526340084000026],[91.20386231700007,29.521731411000076],[91.18472314700006,29.517119537000042],[91.15842910700007,29.489985535000073],[91.14889615500005,29.47646259100003],[91.11102065200004,29.464940736000074],[91.10038622000008,29.46365830800005],[91.09427310400008,29.445898898000053],[91.07604289200003,29.441375324000035],[91.06149276100007,29.44193671000005],[91.05705399900006,29.435982970000055],[91.06196495000006,29.42264915800007],[90.98881150400007,29.38436100800004],[90.90194727700003,29.347432019000053],[90.84520659000003,29.335816953000062],[90.76015458200004,29.33692850600005],[90.72334625700006,29.351721492000024],[90.70123337600006,29.348973969000042],[90.66963004000007,29.306319503000054],[90.65339836000004,29.28493239200003],[90.57983798900005,29.266426377000073],[90.50241327100008,29.244281992000026],[90.43765899200008,29.243058678000068],[90.41270868700008,29.25693676700007],[90.37255512800004,29.29178332200007],[90.38434857700008,29.304198950000057],[90.36835270400007,29.31927735000005],[90.34996627300006,29.326817826000024],[90.31639918900004,29.32817533700006],[90.19804750500003,29.354103076000058],[90.15167543400008,29.35676462600003],[90.05827496800003,29.32981243300003],[90.01190290600005,29.33241658700007],[89.98213144700009,29.337073308000072],[89.94560160900005,29.37085955300006],[89.92051905800008,29.387505289000046],[89.89483457900008,29.40453714000006],[89.86128414800004,29.424216040000033],[89.82850228800004,29.44539287300006],[89.78941823000008,29.462923319000026],[89.85829399300007,29.488301345000025],[89.87857448800008,29.510724650000043],[89.88532943000007,29.54389809500003],[89.89926206800004,29.581324963000043],[89.91733842000008,29.604362098000024],[89.91230814400006,29.641518980000058],[89.88736197500003,29.662850696000078],[89.85555472700008,29.68697441000006],[89.82846053600008,29.702400561000047],[89.79989617400008,29.73770382400005],[89.79592500400008,29.774523329000033],[89.77683989300004,29.81579982900007],[89.80351126000005,29.844230906000064],[89.83829639800007,29.86302871500004],[89.88907867100005,29.887272299000074],[89.92126101000008,29.876266052000062],[89.95721803000004,29.864829239000073],[90.01651067700004,29.892041791000054],[90.04674186000005,29.921814167000036],[90.08412805500006,29.956279581000047],[90.11132930300005,29.97348380300008],[90.12814719400006,30.001415939000026],[90.14330951100004,30.032851707000077],[90.16071224300003,30.063653248000037],[90.17296712100006,30.10262175400004],[90.17796717700008,30.140613159000054],[90.18757134200007,30.173620581000023],[90.20341902400008,30.207453478000048],[90.22555749700007,30.232796824000047],[90.25422901000007,30.254335281000067],[90.29428622200004,30.277841224000042],[90.33534783400006,30.28654444800003],[90.36660772000005,30.29347190200008],[90.39737671000006,30.312445057000048],[90.42171910800005,30.334761314000048],[90.44923241500004,30.354222701000026],[90.48067296400006,30.36952517800006],[90.51392034000008,30.383656855000027],[90.56190491400008,30.402028186000052],[90.60782598500003,30.42010156400005],[90.65535974300008,30.44442470900003],[90.66499947900007,30.481542138000066],[90.64200884000007,30.513040110000077],[90.61943528300009,30.545062161000033],[90.61735471300005,30.582057459000055],[90.63848847300005,30.60202154600006],[90.66235525700006,30.62791954900007],[90.68007877000008,30.658605222000062],[90.69762321700006,30.693457084000045],[90.70537095300006,30.720061332000057],[90.71304285500008,30.74711731000008],[90.71753213700003,30.78028269200007],[90.71358277800005,30.82214065900007],[90.71866993400005,30.86747658200005],[90.73062211000007,30.919738920000043],[90.74659164200006,30.967384537000044],[90.78863898200007,30.98809189800005],[90.82012957300003,31.00791024700004],[90.85935342700003,31.001243585000054],[90.88765044200005,30.986205749000078],[90.91757789300004,30.974163738000072],[90.94816886900009,30.961265447000073],[90.99457134300008,30.953131919000043],[91.04709128900004,30.95319227600004],[91.11461753800006,30.95323087400004],[91.16305966300007,30.971335069000077],[91.14635614600007,31.00088825200004],[91.16553435700007,31.030701887000077],[91.20456589400004,31.044362212000067],[91.24438188800008,31.040430901000036],[91.26781365400007,31.01541475600004],[91.31294261800008,31.027928463000023],[91.36346671500007,31.007604623000077],[91.37003571200006,30.97400129400006],[91.37540573000007,30.944432419000066],[91.38062396800007,30.915781795000044],[91.38522641500003,30.88100164000008],[91.39043699700005,30.852342803000056],[91.41070616400003,30.826451399000064],[91.44242122100007,30.802415822000057],[91.45492676400005,30.768130205000034],[91.44318914700006,30.735076064000054],[91.45390073100003,30.70847409000004],[91.49179411700004,30.692155116000038],[91.51385516900007,30.66460344400008],[91.54585405900008,30.63825240400007],[91.57995056200008,30.64191040000003],[91.62758185400008,30.64765631100005],[91.66457142200005,30.660009263000063],[91.70306233400004,30.672993457000075],[91.74256190900007,30.676318821000052],[91.77083991700005,30.65272441700006],[91.78808557500008,30.62455720400004],[91.81462432500007,30.601678544000038],[91.83547925200008,30.580907185000058],[91.86182611800007,30.54543756100003],[91.86411928900009,30.510376541000028],[91.83190359100007,30.491670085000067],[91.82140706500007,30.46019199400007],[91.82363954400006,30.425578323000025],[91.85681790900009,30.40394540500006],[91.86608263200009,30.37527867800003],[91.86778156500009,30.34059444600007],[91.86862134700004,30.301159367000025],[91.90015013600004,30.286294879000025],[91.94508219700003,30.259728512000038],[91.97279384200004,30.20465432800006],[92.00215260700008,30.186251167000023],[92.04337287100003,30.197615856000027],[92.07455222800007,30.215694920000033],[92.13421919800004,30.21755839000008],[92.17703293600005,30.208128354000053],[92.20572913400008,30.221695903000068],[92.21659165600005,30.255042522000053],[92.22047621000007,30.295945732000064],[92.25095439400008,30.312019383000063],[92.27979188700004,30.30047161600004],[92.30236101200006,30.27750379400004],[92.34178182100004,30.25181753800007],[92.38096952100005,30.25584657400003],[92.42204606600006,30.261472741000034],[92.45820359100009,30.26094646000007],[92.48907439400006,30.249578746000054],[92.52115649400008,30.240671857000052],[92.55789323000005,30.23971285600004],[92.59334876400004,30.218617084000073],[92.57405698700006,30.187618242000042],[92.55081745700005,30.122305588000074]]]}},{"type":"Feature","properties":{"code":"CN054020","name":"Lhoka","label":"Lhoka · 山南市","type":"Prefecture-level city","parentCode":"CN-XZ"},"geometry":{"type":"MultiPolygon","coordinates":[[[[92.39272523800008,29.783267094000053],[92.43165220400005,29.773320978000072],[92.46779180800007,29.775137639000036],[92.49974394700007,29.769489641000064],[92.52513529500004,29.740280700000028],[92.53826552700008,29.70827855700003],[92.51834164000007,29.675298303000034],[92.49964424900008,29.64477578800006],[92.49333048200003,29.616127525000024],[92.50019752000009,29.580145273000028],[92.50568410500006,29.546332595000024],[92.54004429700007,29.559568643000034],[92.55825118000007,29.59701979500005],[92.57307740100003,29.62523301400006],[92.60217193300008,29.653199896000046],[92.63494313400008,29.655984396000065],[92.67083163000007,29.677257698000062],[92.70729707400005,29.683697497000026],[92.72287104500003,29.65613771200003],[92.75568909400005,29.64028540700008],[92.79240395000005,29.652305391000027],[92.82563009600005,29.659274663000076],[92.85892207500007,29.673212508000063],[92.90517488400008,29.69602233300003],[92.93596782200007,29.705476102000034],[92.96857490800005,29.683499081000036],[93.00557782600004,29.66385854600003],[93.01332338600008,29.62006606700004],[93.02748410200007,29.586737844000027],[93.06195430100007,29.554709753000054],[93.08805457800008,29.525937560000045],[93.10812698500007,29.495112876000064],[93.11098956300003,29.44836742700005],[93.10074077700006,29.408709716000033],[93.10999760000004,29.379948240000033],[93.13104751800006,29.345493135000027],[93.12071833600004,29.31412024000008],[93.08190490200008,29.291713317000074],[93.06149632700004,29.268992600000047],[93.03694696400004,29.234639508000043],[93.00946672600008,29.19156964900003],[92.98708830100009,29.160696785000027],[92.96254817600004,29.123053938000055],[92.93782373200008,29.105401030000053],[92.90629238500009,29.091637579000064],[92.86613889700004,29.07969507100006],[92.83797821100006,29.06069958200004],[92.81371055800008,29.029089647000035],[92.80436939100008,29.002887437000027],[92.79312681800008,28.968076147000033],[92.77669729700006,28.92568816200003],[92.75774516000007,28.90117530200007],[92.72803476200005,28.889882811000064],[92.70170226000005,28.869644767000068],[92.68279827400005,28.84139216400007],[92.66550629600005,28.800685293000072],[92.68614188300006,28.782790503000058],[92.69008056900003,28.779373597000074],[92.71063827200004,28.76759354400008],[92.73466184900008,28.751417752000066],[92.76121156400006,28.73695087300007],[92.78421742800003,28.71608732900006],[92.80537351400005,28.700312488000066],[92.83177258300003,28.69254798000003],[92.87594246600008,28.692678253000054],[92.90022032800005,28.69982249000003],[92.93779347100008,28.71125143300003],[92.96748766700006,28.727366731000075],[92.99055078800006,28.74325661100005],[93.00322857400005,28.746030826000037],[93.02358787100007,28.743599021000023],[93.06611243800006,28.73771161600007],[93.12196689700005,28.741848908000065],[93.15618827400004,28.74564126100006],[93.20284806200004,28.73989225400004],[93.25785566500008,28.74411550700006],[93.30797876500009,28.75357967700006],[93.35298501800008,28.75985625800007],[93.36371043300005,28.752538315000038],[93.36993536200004,28.743560107000064],[93.37851232000008,28.725448998000047],[93.38676559600003,28.72196267100003],[93.41004144800007,28.718318534000048],[93.44478282700004,28.70381535000007],[93.46608807400008,28.68794631700007],[93.49441013800003,28.67652256200006],[93.48587000000003,28.67671000000007],[93.41338000000007,28.66543000000007],[93.40717000000006,28.662390000000073],[93.40307000000007,28.658210000000054],[93.38518000000005,28.650160000000028],[93.37350000000004,28.650330000000054],[93.36772000000008,28.653710000000046],[93.36454000000003,28.658270000000073],[93.35773000000006,28.660960000000046],[93.34706000000006,28.661070000000052],[93.32143000000008,28.650930000000074],[93.29386000000005,28.631340000000023],[93.28540000000004,28.622750000000053],[93.27445000000006,28.610290000000077],[93.23244000000005,28.56245000000007],[93.22556000000009,28.552490000000034],[93.22109000000006,28.538890000000038],[93.22044000000005,28.530160000000024],[93.22895000000005,28.49995000000007],[93.24106000000006,28.47276000000005],[93.24480000000005,28.448230000000024],[93.24440000000004,28.44673000000006],[93.23546000000005,28.41253000000006],[93.23385000000007,28.381290000000035],[93.23146000000008,28.36725000000007],[93.22356000000008,28.357980000000055],[93.21560000000005,28.351910000000032],[93.20733000000007,28.349060000000065],[93.19230000000005,28.347970000000032],[93.18864000000008,28.34976000000006],[93.17255000000006,28.34934000000004],[93.15512000000007,28.351660000000038],[93.15093000000007,28.353900000000067],[93.11894000000007,28.357870000000048],[93.10649000000006,28.357260000000053],[93.09058000000005,28.34627000000006],[93.07907000000006,28.31949000000003],[93.07456000000008,28.315210000000036],[93.07269000000008,28.31344000000007],[93.06389000000007,28.311950000000024],[93.05553000000003,28.31483000000003],[93.04259000000008,28.328900000000033],[93.03530000000006,28.329950000000053],[93.03020000000004,28.324140000000057],[93.02461000000005,28.30180000000007],[93.02271000000007,28.27651000000003],[93.02002000000005,28.266830000000027],[93.01620000000008,28.262650000000065],[93.00976000000009,28.26003000000003],[93.00288000000006,28.260100000000023],[92.99938000000003,28.26013000000006],[92.98636000000005,28.26317000000006],[92.96793000000008,28.264080000000035],[92.95578000000006,28.261850000000038],[92.94499000000008,28.255730000000028],[92.92455000000007,28.238450000000057],[92.90686000000005,28.212720000000047],[92.89259000000004,28.20073000000008],[92.89129000000008,28.199640000000045],[92.86668000000003,28.184600000000046],[92.85563000000008,28.17939000000007],[92.81796000000008,28.169890000000066],[92.80812000000003,28.16975000000008],[92.78552000000008,28.17240000000004],[92.76923000000005,28.171010000000024],[92.75976000000009,28.167800000000057],[92.75790000000006,28.167170000000056],[92.74713000000008,28.16103000000004],[92.73653000000007,28.146180000000072],[92.72763000000003,28.137770000000046],[92.68987000000004,28.12158000000005],[92.68255000000005,28.112280000000055],[92.67127000000005,28.078200000000038],[92.66887000000008,28.07095000000004],[92.66954000000004,28.06362000000007],[92.67339000000004,28.05265000000003],[92.68049000000008,28.047250000000076],[92.71042000000006,28.038520000000062],[92.71935000000008,28.032230000000027],[92.71941000000004,28.02902000000006],[92.72345000000007,28.02081000000004],[92.71918000000005,28.00103000000007],[92.72352000000006,27.991190000000074],[92.72425000000004,27.980600000000038],[92.72460000000007,27.975580000000036],[92.71870000000007,27.959870000000024],[92.71159000000006,27.952650000000062],[92.70292000000006,27.946770000000072],[92.69031000000007,27.94359000000003],[92.67621000000008,27.937400000000025],[92.65557000000007,27.922380000000032],[92.64786000000004,27.919970000000035],[92.63721000000004,27.909920000000056],[92.62593000000004,27.905140000000074],[92.62152000000003,27.905560000000037],[92.59666000000004,27.907890000000066],[92.59101000000004,27.905730000000062],[92.57655000000005,27.884270000000072],[92.57481000000007,27.876990000000035],[92.55601000000007,27.86175000000003],[92.54502000000008,27.85606000000007],[92.53089000000006,27.85215000000005],[92.50943000000007,27.852310000000045],[92.50272000000007,27.852360000000033],[92.49810000000008,27.850680000000068],[92.47729000000004,27.833560000000034],[92.46245000000005,27.82710000000003],[92.45212000000004,27.826460000000054],[92.44975000000005,27.828720000000033],[92.43892000000005,27.85104000000007],[92.42619000000008,27.854040000000055],[92.42209000000008,27.852820000000065],[92.41573000000005,27.847880000000032],[92.40859000000006,27.832370000000026],[92.40564000000006,27.814170000000047],[92.40016000000008,27.805350000000033],[92.39605000000006,27.804130000000043],[92.39296000000007,27.803840000000037],[92.38665000000003,27.808790000000045],[92.38030000000003,27.83830000000006],[92.37626000000006,27.844890000000078],[92.36871000000008,27.847740000000044],[92.36361000000005,27.844670000000065],[92.35267000000005,27.81507000000005],[92.35155000000003,27.813590000000033],[92.34565000000003,27.805760000000078],[92.33059000000009,27.797900000000027],[92.32156000000003,27.797510000000045],[92.31267000000008,27.802170000000046],[92.30760000000004,27.809200000000033],[92.29019000000005,27.85734000000008],[92.28130000000004,27.872340000000065],[92.27946000000009,27.874140000000068],[92.27298000000008,27.87471000000005],[92.26087000000007,27.873110000000054],[92.23554000000007,27.86230000000006],[92.21055000000007,27.847420000000056],[92.20446000000004,27.84379000000007],[92.20048000000008,27.837750000000028],[92.18801000000008,27.82970000000006],[92.14628000000005,27.81442000000004],[92.12650000000008,27.809900000000027],[92.10757000000007,27.802410000000066],[92.08644000000004,27.790280000000052],[92.06579000000005,27.769880000000057],[92.06059000000005,27.76105000000007],[92.04454000000004,27.747340000000065],[92.03937000000008,27.742930000000058],[92.02843000000007,27.736960000000067],[92.01769000000007,27.732840000000067],[92.00690000000009,27.731020000000058],[91.99902000000009,27.72649000000007],[91.98308000000009,27.72386000000006],[91.96911000000006,27.724950000000035],[91.93552000000005,27.735730000000046],[91.92049000000009,27.738170000000025],[91.91228000000007,27.735740000000078],[91.91050000000007,27.735210000000052],[91.89821000000006,27.722080000000062],[91.89462000000003,27.720860000000073],[91.84952000000004,27.75595000000004],[91.82546000000008,27.76714000000004],[91.81642000000005,27.766720000000078],[91.79699000000005,27.75989000000004],[91.78574000000003,27.755930000000035],[91.77361000000008,27.755900000000054],[91.74216000000007,27.762770000000046],[91.67654000000005,27.763820000000067],[91.66032489700007,27.761297128000024],[91.66122113100005,27.78030276900006],[91.64969889200006,27.813555361000056],[91.61566477200006,27.82034965300005],[91.61537000000004,27.820670000000064],[91.60901000000007,27.82289000000003],[91.60504662400007,27.822469373000047],[91.58668519200006,27.826134898000078],[91.64456029600007,27.856206301000043],[91.65915709700005,27.871610205000025],[91.65538796000004,27.883938924000063],[91.61389122100007,27.890658490000078],[91.61053000000004,27.89527000000004],[91.59683000000007,27.902160000000038],[91.58795000000003,27.904240000000073],[91.57680000000005,27.903180000000077],[91.57547772600003,27.90237044400004],[91.55336440400004,27.919598887000063],[91.51939098300005,27.929623943000024],[91.49044746200008,27.95992796300004],[91.48579293500006,27.965710750000028],[91.48870000000005,27.973400000000026],[91.48872000000006,27.974980000000073],[91.47504000000004,27.979210000000023],[91.47409550200007,27.980243647000066],[91.46715339700006,27.988868522000075],[91.46706000000006,27.991030000000023],[91.46670000000006,28.000000000000057],[91.46377000000007,28.006150000000048],[91.45548000000008,28.009290000000078],[91.44985209500004,28.00961243200004],[91.43221467800004,28.026316998000027],[91.42419379200004,28.033913416000075],[91.38388275300008,28.053017771000043],[91.36414143400003,28.048155244000043],[91.36319000000003,28.04898000000003],[91.35056000000009,28.048860000000047],[91.34954000000005,28.048850000000073],[91.34755000000007,28.05203000000006],[91.34359000000006,28.05833000000007],[91.33919000000003,28.06149000000005],[91.33487000000008,28.06460000000004],[91.32267000000007,28.063190000000077],[91.31120000000004,28.063750000000027],[91.30844000000008,28.061360000000036],[91.30777000000006,28.055980000000034],[91.30861000000004,28.050320000000056],[91.31189000000006,28.045720000000074],[91.31122000000005,28.040610000000072],[91.30598000000003,28.033930000000055],[91.30129000000005,28.02928000000003],[91.29380000000003,28.02935000000008],[91.28826000000004,28.025860000000023],[91.28613000000007,28.022280000000023],[91.28306000000003,28.01827000000003],[91.27752000000004,28.01159000000007],[91.27439000000004,28.003820000000076],[91.27403000000004,28.000000000000057],[91.27308000000005,27.998140000000035],[91.27092000000005,27.992710000000045],[91.26536000000004,27.98702000000003],[91.25931000000008,27.979930000000024],[91.25539459900006,27.97730077500006],[91.23513330900005,27.97914834000005],[91.22832000000005,27.98419000000007],[91.21977000000004,27.98974000000004],[91.21491000000003,27.992750000000058],[91.21037000000007,27.992210000000057],[91.20452000000006,27.991120000000024],[91.19673000000006,27.989460000000065],[91.18826000000007,27.98550000000006],[91.18431000000004,27.979790000000037],[91.17298000000005,27.973470000000077],[91.16178000000008,27.970740000000035],[91.16205000000008,27.96777000000003],[91.16332000000006,27.95763000000005],[91.16248000000007,27.947220000000073],[91.15792000000005,27.940680000000043],[91.15075000000007,27.93386000000004],[91.14332000000007,27.927040000000034],[91.14839000000006,27.909340000000043],[91.14907186900007,27.90530592400006],[91.02382385000004,27.94324546300004],[90.96756000200008,27.96223333100005],[90.91269677000008,27.98885216900004],[90.86331406900007,28.009919092000075],[90.83657021700003,28.02935834500005],[90.80469020600003,28.06179405000006],[90.75583812400004,28.094036196000047],[90.71212739700007,28.094721245000073],[90.67724063300005,28.080251201000067],[90.65297793200006,28.065789220000056],[90.61906826900008,28.07001484500006],[90.59294083600008,28.068188161000023],[90.53839680000004,28.074311581000075],[90.49235404900008,28.093972706000045],[90.46716735200005,28.106194989000073],[90.42363015300003,28.110513156000025],[90.38099998700005,28.133522808000066],[90.34446725900006,28.157614215000024],[90.33288890300008,28.16087015900007],[90.29203185900008,28.17235106800007],[90.24113324200005,28.171578228000044],[90.21521958900007,28.191042354000047],[90.18700177700003,28.21565465300006],[90.16738446200009,28.213051046000032],[90.16524741000006,28.199677396000027],[90.16379213100004,28.191324386000076],[90.15485000000007,28.193020000000047],[90.14254000000005,28.19392000000005],[90.12351434400006,28.19412405500003],[90.14211105900006,28.308198701000038],[90.14454529000005,28.33944328700005],[90.12401996000006,28.36190373200003],[90.10312799100006,28.383382115000074],[90.09472722700008,28.422965567000062],[90.10264764400006,28.46151460300007],[90.12529029500007,28.484299588000056],[90.14954725200005,28.512910712000064],[90.14280262900007,28.548966225000072],[90.12087631400004,28.58527719500006],[90.09632643200007,28.603439054000035],[90.08917523700006,28.629599376000044],[90.11229943600006,28.66881289500003],[90.17726500300006,28.694089774000076],[90.19499370000005,28.73066672500005],[90.18887620600003,28.76305293400003],[90.16659771100007,28.801181021000048],[90.15937055100005,28.827795834000028],[90.17225536500007,28.856216197000037],[90.19438777900007,28.87654045100004],[90.18865915000003,28.906626439000036],[90.18828997800006,28.936041657000033],[90.20162394900007,28.964976369000055],[90.20873838300008,28.99353500600006],[90.22264654200006,29.019266610000045],[90.25016400900006,29.04823748900003],[90.24866205500007,29.08730577700004],[90.24799381400004,29.118534027000067],[90.26615883900007,29.153238505000047],[90.29447505900004,29.168739105000043],[90.31843308100008,29.20046985600004],[90.33344998300004,29.250615131000075],[90.37255512800004,29.29178332200007],[90.41270868700008,29.25693676700007],[90.43765899200008,29.243058678000068],[90.50241327100008,29.244281992000026],[90.57983798900005,29.266426377000073],[90.65339836000004,29.28493239200003],[90.66963004000007,29.306319503000054],[90.70123337600006,29.348973969000042],[90.72334625700006,29.351721492000024],[90.76015458200004,29.33692850600005],[90.84520659000003,29.335816953000062],[90.90194727700003,29.347432019000053],[90.98881150400007,29.38436100800004],[91.06196495000006,29.42264915800007],[91.05705399900006,29.435982970000055],[91.06149276100007,29.44193671000005],[91.07604289200003,29.441375324000035],[91.09427310400008,29.445898898000053],[91.10038622000008,29.46365830800005],[91.11102065200004,29.464940736000074],[91.14889615500005,29.47646259100003],[91.15842910700007,29.489985535000073],[91.18472314700006,29.517119537000042],[91.20386231700007,29.521731411000076],[91.22300356500006,29.526340084000026],[91.24517918400005,29.52898692900004],[91.27645097500005,29.525751411000044],[91.28443458200007,29.526701090000074],[91.31671415600005,29.522801464000054],[91.32314351300005,29.516603822000036],[91.33186416800004,29.51299755100007],[91.35637052400006,29.501205927000058],[91.37166389700008,29.49605444100007],[91.39845340000005,29.486844630000064],[91.40924902900008,29.49275768800004],[91.43066690800003,29.516931792000037],[91.45465550300008,29.52516397000005],[91.47005393300003,29.536249284000064],[91.49114622200005,29.545679135000057],[91.50627245000004,29.552860776000045],[91.52810013800007,29.557730151000044],[91.53911490700006,29.573703372000068],[91.55901169600008,29.573702627000046],[91.57709020100003,29.56807602400005],[91.60461519900008,29.57127329700006],[91.62827497800004,29.58174557800004],[91.63533349900007,29.577152298000044],[91.63833958200007,29.558176565000053],[91.62411850000007,29.539523555000073],[91.64847173200008,29.52843002800006],[91.66994157200008,29.53555026500004],[91.67721140900005,29.541027556000074],[91.68893893500007,29.534338168000033],[91.68916174800006,29.521326415000033],[91.72604687300009,29.52714033700005],[91.72774220400004,29.54350069900005],[91.73436638600003,29.547912411000027],[91.74247551700006,29.546758388000057],[91.75997149600005,29.544073860000026],[91.76691868700004,29.546434876000035],[91.78109234500005,29.553273104000027],[91.78612073800008,29.560105604000057],[91.79223467600008,29.55611272300007],[91.80801375100003,29.55270312600004],[91.80936642700004,29.567456296000046],[91.82126909300007,29.577157200000045],[91.83960779700004,29.580812646000027],[91.87808468700007,29.580499131000067],[91.89050758300004,29.57513306000004],[91.90225007900005,29.570209908000038],[91.91263373700008,29.56617426200006],[91.91934119500007,29.577109698000072],[91.92485542200006,29.579626560000065],[91.93283412800008,29.580529590000026],[91.93776215200006,29.577302305000046],[91.95419890300008,29.576006293000034],[91.95920103600008,29.574678907000077],[91.97305046100007,29.573403504000055],[91.97602732500008,29.575631564000048],[91.98386272900007,29.577461052000046],[91.98962931500006,29.57117250600004],[91.99560569600004,29.56112272300004],[92.00492008200007,29.553340666000054],[92.01200020400006,29.552875820000054],[92.02555933400004,29.55345419300005],[92.04345866700004,29.54978753900008],[92.05092494600007,29.539587186000063],[92.05777158300003,29.533416765000027],[92.06240705700009,29.532044167000038],[92.08057768700007,29.54101735200004],[92.09416123000005,29.55830417800007],[92.10313125300007,29.567189804000066],[92.11286078200004,29.571113878000062],[92.12377405500007,29.574538333000078],[92.14553898100007,29.576962606000052],[92.16170073500007,29.56772429700004],[92.17822638100006,29.565776425000024],[92.18899475700005,29.562872480000067],[92.19332772800004,29.558623518000047],[92.22359967800008,29.555985976000045],[92.23984036100006,29.55588989100005],[92.24901276300005,29.563523880000048],[92.25739085900005,29.576428761000045],[92.25942727500006,29.577599169000052],[92.26305545000008,29.57799926000007],[92.27329521400009,29.571246305000045],[92.28496251600006,29.569693855000025],[92.28889572200006,29.572964047000028],[92.29121628000007,29.582046395000077],[92.29099711500004,29.590849148000075],[92.29412302100008,29.592138653000063],[92.30129810900007,29.591035998000052],[92.31030789300007,29.585090645000037],[92.31850747500005,29.57716429000004],[92.33017476200007,29.57560731800004],[92.33452887300007,29.57608476300004],[92.34979706300004,29.58248602100008],[92.35689767200006,29.589252398000042],[92.37190883100004,29.619577079000067],[92.38440447000005,29.644579685000053],[92.38310522500007,29.653262609000024],[92.37627262300003,29.65945064500005],[92.37557606300004,29.664102041000035],[92.37853119300007,29.691212273000076],[92.38036187200004,29.701181193000025],[92.37755002500006,29.727345197000034],[92.36642826300005,29.74976575100004],[92.36362446500004,29.758597940000072],[92.36162312500005,29.771928889000037],[92.37054234400006,29.78392972100005],[92.37540769000003,29.78929206300006],[92.37540900600004,29.789293514000065],[92.39272523800008,29.783267094000053]]],[[[90.12055000000004,28.172200000000032],[90.11961771800009,28.170221654000045],[90.12173406700003,28.183203607000053],[90.12173000000007,28.176640000000077],[90.12055000000004,28.172200000000032]]]]}},{"type":"Feature","properties":{"code":"CN054030","name":"Nagqu Prefecture","label":"Nagqu Prefecture · 那曲地区","type":"Prefecture","parentCode":"CN-XZ"},"geometry":{"type":"Polygon","coordinates":[[[89.68619023000008,36.097787477000054],[89.66320659900003,36.093800671000054],[89.61529844100005,36.07878895300007],[89.52541651300004,36.03971758300003],[89.49652816700006,36.048548149000055],[89.41920876000006,36.035864135000054],[89.44127023000004,35.975284111000065],[89.44175140600004,35.93919530100004],[89.43644719700006,35.873213124000074],[89.51516378100007,35.86715636200006],[89.56687588500006,35.84579314600006],[89.64280691300007,35.82836144300006],[89.73396834300007,35.85313050100007],[89.80285332100004,35.77934081800004],[89.77702908600008,35.70738040400005],[89.77091993100004,35.700065325000025],[89.75744946700007,35.607495183000026],[89.77437074800008,35.58674507300003],[89.74298640900008,35.553625461000024],[89.72527949500005,35.54260443700008],[89.71378277600007,35.50366685700004],[89.73857420200005,35.43991456400005],[89.72023035200004,35.40528483200006],[89.63761169000009,35.41074742300003],[89.58905948800003,35.373840194000024],[89.53924745900008,35.35478492400006],[89.51670606400006,35.33207194100004],[89.51737866700006,35.29509859500007],[89.53331207900004,35.28236156500003],[89.51873744900007,35.25552899300004],[89.47833496100003,35.24432076200003],[89.48236255400008,35.18619060000003],[89.50046127900004,35.139440843000045],[89.56056140400005,35.12767913500005],[89.59741607200004,35.100300194000056],[89.59957187000003,35.08347221300005],[89.60042821200005,35.04562825900007],[89.59322771500007,35.02544880200003],[89.56964990400007,34.985370139000054],[89.54491300200004,34.898052610000036],[89.65750472200006,34.87597519800005],[89.73001358500005,34.91142748400006],[89.77587210500008,34.894248728000036],[89.82063201600005,34.877461322000045],[89.82911722700004,34.85353204900008],[89.85231054900004,34.81664217700006],[89.86918223600009,34.804029815000035],[89.80882945300004,34.752560446000075],[89.77692551500007,34.740088187000026],[89.73938082200004,34.727580698000054],[89.70997541900005,34.66213718300003],[89.74621902400008,34.67082863600007],[89.81057290900009,34.623535299000025],[89.78978610600007,34.56404673800006],[89.81312782900005,34.552511939000055],[89.81661128800005,34.499727740000026],[89.83409935700007,34.45828836800007],[89.83226549100004,34.417290528000024],[89.83648499100008,34.40531944500003],[89.85222040500008,34.36178547800006],[89.88432044900009,34.32907989300003],[89.87747089700008,34.28996585600004],[89.84256408000005,34.24170632900007],[89.83179858600005,34.182942635000074],[89.81210901700007,34.15888253800006],[89.78793074500004,34.13045508400006],[89.70960014100007,34.14189445000005],[89.65847725800006,34.070036655000024],[89.68623234800003,34.05837371600006],[89.69641557900007,33.98857192400004],[89.74832747700003,33.948346995000065],[89.78020501400005,33.90296415900008],[89.82324097600008,33.857627542000046],[89.85859879500003,33.85081771900008],[89.89725360900007,33.83549850600008],[89.94515438600007,33.81897413400003],[89.95630161700007,33.79276830500004],[89.92583407500007,33.749739143000056],[89.98494478800006,33.719684863000055],[90.00885843400005,33.67386177100008],[89.98767009400007,33.625131973000066],[90.00727571300007,33.61388530000005],[90.19732925700004,33.53290819600005],[90.24574156400007,33.477498027000024],[90.27606087200007,33.44083366800004],[90.28453651200005,33.388849297000036],[90.31393925500004,33.35564811000006],[90.38631928700005,33.30591789500005],[90.41586366700005,33.26277642900004],[90.48019741900004,33.258721931000025],[90.49878887700004,33.250874819000046],[90.57910926500006,33.22222627100007],[90.58195272700004,33.22047040800004],[90.68362630600006,33.157634760000064],[90.76839162600004,33.10518658500007],[90.88495270000004,33.122818850000044],[90.96623465600004,33.19077736400004],[90.99965445800007,33.241213919000074],[91.03886579200008,33.225697155000034],[91.13203942100006,33.20235105300003],[91.21232201100008,33.27084723400003],[91.23485149200008,33.302336026000035],[91.30945595100007,33.32020136700004],[91.42039574300009,33.27771169300007],[91.38155056400007,33.24465580700007],[91.38904352000009,33.20789615500007],[91.43483760800007,33.19689015700004],[91.46940050200004,33.176919276000035],[91.61604475700005,33.02153559200008],[91.69753136500003,32.969859298000074],[91.75320677000008,32.94852323300006],[91.85981956800003,32.97003190500004],[91.92019906400003,32.927684244000034],[91.96515766100003,32.86045031200007],[92.00298265500004,32.82461836900006],[92.15361624900004,32.86057580700003],[92.25496002900007,32.83587668700005],[92.25620447500006,32.79548776100006],[92.28370911500008,32.71491796000004],[92.28434261100006,32.71306505200005],[92.33106856800003,32.760519861000034],[92.36427409200007,32.74465934300002],[92.39523852200006,32.77894689800007],[92.52558084900005,32.706006124000055],[92.59790372900005,32.727315575000034],[92.61022768000004,32.72516164500007],[92.64589127700003,32.71892720500006],[92.72012413500005,32.76205441700006],[92.74672546500005,32.75596128700005],[92.82320138600005,32.696633646000066],[92.94395495900005,32.722827118000055],[92.99682074800006,32.74291970300004],[93.06957230500007,32.67933029500006],[93.07165599600006,32.638201879000064],[93.17658983900009,32.66103756000007],[93.26322132400009,32.65601828200005],[93.33042371400006,32.575332365000065],[93.34287017300005,32.57345714100006],[93.39337611300004,32.557044215000076],[93.40096109000007,32.52028405900006],[93.46232170200005,32.54675496400006],[93.49992267800008,32.566330539000035],[93.49865512600007,32.52382524300003],[93.49860905300005,32.52240685400005],[93.49728140700006,32.47775435600005],[93.58600164000006,32.47192740300005],[93.65890004700003,32.565561874000025],[93.69887692300006,32.589883530000066],[93.86191989100007,32.56331103500003],[93.90288840900007,32.473457635000045],[93.93331588400008,32.44695622000006],[93.97467252800004,32.502854687000024],[93.98706832300007,32.49551087700007],[94.10046439500007,32.458421642000076],[94.12786320900005,32.441364933000045],[94.17130656500007,32.49835352900004],[94.23825885100007,32.53053145700005],[94.29098857000008,32.52934396200004],[94.37926039400008,32.553434406000065],[94.40959001200008,32.58882305900005],[94.42448379900009,32.585358994000046],[94.45343759400004,32.56574245400003],[94.57677439600008,32.635525736000034],[94.64663678600004,32.66511675000004],[94.68582076100006,32.626089010000044],[94.74769347800003,32.599814397000046],[94.79829457600005,32.55771523000004],[94.82417738600003,32.55379879700007],[94.88136950000006,32.481968333000054],[94.93182576700008,32.439806281000074],[94.95329273300007,32.394899579000025],[94.93427717300005,32.37993731500006],[94.93878033100003,32.36713013200006],[94.90122122700006,32.34000620300003],[94.89924686500007,32.30749511300007],[94.88321987900008,32.27464364700006],[94.85316743000004,32.25021418400007],[94.82321480300004,32.238259920000075],[94.77958161000004,32.227361589000054],[94.74151822200008,32.219724334000034],[94.73599910300004,32.190111898000055],[94.74516692600008,32.15999452700004],[94.74355771900008,32.129351772000064],[94.70978870400006,32.11378036000008],[94.70029263000004,32.08148102700005],[94.70999228300008,32.05141387500004],[94.70145706300008,32.020125406000034],[94.68812654900006,31.988396013000056],[94.67905200200005,31.95289021900004],[94.67094407700006,31.918396909000023],[94.66239759300004,31.891723882000065],[94.65212371600006,31.86164715500007],[94.66454480100003,31.83136185500007],[94.69731398800008,31.802035986000078],[94.73276520600007,31.790050175000033],[94.76090944400005,31.776000405000048],[94.77605642700007,31.736247938000076],[94.76293126100006,31.70729826400003],[94.72568831400008,31.686297697000043],[94.69600969900006,31.673845296000025],[94.69196906400003,31.645722731000035],[94.73188244600004,31.64062970200007],[94.75604789300007,31.61049251000003],[94.76440801100006,31.57750899000007],[94.79863327600003,31.56586340800004],[94.84627599400005,31.55866754300007],[94.87742785600005,31.549954110000044],[94.89967633000003,31.52608940300007],[94.91542230700009,31.493763803000036],[94.89772539300009,31.46255836000006],[94.86290662500005,31.439954742000054],[94.86590230900003,31.406467559000077],[94.89655357500004,31.392616340000075],[94.92711051200007,31.383838280000077],[94.96395896400008,31.367300405000037],[94.98486811800007,31.34052386500008],[94.99991418400003,31.304420709000055],[94.99760376900008,31.27461198700007],[94.97923556100005,31.244729284000073],[94.98998639800004,31.217487522000056],[95.01280686500007,31.192263123000032],[95.00313541300005,31.16131822500006],[94.96386266700006,31.163301180000076],[94.93050119100008,31.156097267000064],[94.89415369400007,31.142594830000064],[94.86612553400005,31.122437990000037],[94.82973134900004,31.113996463000035],[94.82600331100008,31.083115814000053],[94.78984505200003,31.090414761000034],[94.74220724400004,31.10404369400004],[94.72242527500003,31.14756192200008],[94.72159044300008,31.189130758000033],[94.72841360100006,31.233724705000043],[94.73616781900006,31.275160871000026],[94.75124946900007,31.309407087000068],[94.76918399700008,31.337898909000046],[94.73063889100007,31.350522100000035],[94.69252621100009,31.333564546000048],[94.65590508500009,31.317658304000076],[94.62635967400007,31.331088816000033],[94.62706539500005,31.37279249100004],[94.62730263900005,31.40103809900006],[94.61327517700005,31.427482827000063],[94.57045038300004,31.43086904300003],[94.54127902300007,31.411002323000048],[94.51981479800008,31.38538016700005],[94.49297970500004,31.368498525000064],[94.45914236600004,31.351867044000073],[94.42124734900005,31.358900136000045],[94.40241544600008,31.325635012000077],[94.35908245100006,31.308061457000065],[94.30472433800009,31.31394186800003],[94.29418331900007,31.283301426000037],[94.27788842900009,31.218303082000034],[94.25796976600003,31.19415301500004],[94.24071292900004,31.16608842900007],[94.22516430000007,31.13725237500006],[94.21784481900005,31.111071785000036],[94.23259003200008,31.079630284000075],[94.25705755000007,31.05561420300006],[94.27225910100003,31.028838817000064],[94.28346065800008,30.999823236000054],[94.30015253600004,30.96115123100003],[94.31759494400006,30.933196950000024],[94.32888635800003,30.907425126000078],[94.32980050500004,30.875092235000068],[94.31123431500004,30.845034113000054],[94.27952827600006,30.847050938000052],[94.24728406500003,30.861515087000043],[94.21474011300006,30.865749324000035],[94.16559815500005,30.849814768000044],[94.12065367400004,30.855121696000026],[94.08653162600007,30.859164000000078],[94.04928273800004,30.866596340000058],[94.01025625100004,30.863182557000073],[93.98556480500008,30.84403665800005],[93.95220330500007,30.834217980000062],[93.90929251200004,30.84011106500003],[93.88678581500005,30.861022323000043],[93.85304835200009,30.890066383000033],[93.80905991500003,30.90369856800004],[93.77118204900006,30.90356504400006],[93.72518594800005,30.908155024000052],[93.69535964400006,30.91948357600006],[93.65108433800003,30.927000857000053],[93.63349902200008,30.899238092000076],[93.62086692100007,30.87429796300006],[93.62444703400007,30.844066052000073],[93.65651034300004,30.843652129000077],[93.66533259500005,30.813960663000046],[93.69974084100005,30.819799733000025],[93.70615630200007,30.78800467600007],[93.68481278000007,30.764492459000053],[93.70801531700005,30.738581529000044],[93.74530754100005,30.71874854600003],[93.76799014800008,30.69648624000007],[93.79313685700004,30.671685516000025],[93.82635970500007,30.65002349300005],[93.85639300800005,30.620144026000048],[93.88940191600005,30.59983068500003],[93.92710655700006,30.596211737000033],[93.96225930300005,30.587687647000052],[93.99333762600008,30.573649330000023],[94.02520536900005,30.565706342000055],[94.02640060800007,30.53615545300005],[94.05282050100004,30.50865037400007],[94.09666967500004,30.498177720000058],[94.13006808700004,30.49453156900006],[94.14218644600004,30.458176494000043],[94.10412426100004,30.444664678000038],[94.11239232600008,30.413493129000074],[94.09435032000005,30.384799719000057],[94.05311439300004,30.379764564000027],[94.03245377700006,30.35914736600006],[94.03091254200007,30.33023650100006],[93.98785677100005,30.28649082800007],[93.94418429300003,30.29229950200005],[93.92356516700005,30.316194917000075],[93.89126270300005,30.324060260000067],[93.86281417400005,30.302614667000057],[93.82108135300007,30.301618271000052],[93.78929785600008,30.289557485000046],[93.75647119500007,30.277379301000053],[93.72311658800004,30.285092787000053],[93.69197264900004,30.276315772000032],[93.65633865600006,30.28516714600005],[93.62439528500005,30.274435830000073],[93.57468782400008,30.27762197800007],[93.54026289500007,30.29306430500003],[93.49681489600005,30.308480375000045],[93.45850792600004,30.313281608000068],[93.43142969200005,30.328999433000035],[93.42915322800008,30.376569757000027],[93.43171733200006,30.404222857000036],[93.41368303600007,30.442700691000027],[93.37339224700008,30.45376658500004],[93.33991843000007,30.47296982000006],[93.30716826600008,30.49456126800004],[93.26893365400008,30.49049469700003],[93.21397681400003,30.453997852000043],[93.18125058000004,30.418462082000076],[93.14811456500007,30.397257547000038],[93.12117573300009,30.426389131000064],[93.11671886400006,30.45794287600006],[93.10068009600008,30.48499574400006],[93.05757977000007,30.504013265000026],[93.03940108100005,30.527116506000027],[93.04387674300006,30.55545184500005],[93.02955934300007,30.585001223000063],[92.98474308300007,30.57456933000003],[92.96142728500007,30.596169133000046],[92.92362144600008,30.603648760000056],[92.90489484100004,30.570962033000058],[92.90399989400004,30.54393267300003],[92.87422055300004,30.532773503000044],[92.82827626500006,30.523077314000034],[92.80153184800008,30.505732926000064],[92.78153783500005,30.46032794100006],[92.79415760200004,30.428284877000067],[92.79408662700007,30.39947975700005],[92.76290413200007,30.372795563000068],[92.75143465500008,30.33482238000005],[92.71663775800005,30.32955146000006],[92.69924626400007,30.292303566000044],[92.63872512900008,30.292637412000033],[92.63824931200008,30.230638833000057],[92.63475313800006,30.189346700000044],[92.61283159400006,30.16177858100008],[92.55081745700005,30.122305588000074],[92.57405698700006,30.187618242000042],[92.59334876400004,30.218617084000073],[92.55789323000005,30.23971285600004],[92.52115649400008,30.240671857000052],[92.48907439400006,30.249578746000054],[92.45820359100009,30.26094646000007],[92.42204606600006,30.261472741000034],[92.38096952100005,30.25584657400003],[92.34178182100004,30.25181753800007],[92.30236101200006,30.27750379400004],[92.27979188700004,30.30047161600004],[92.25095439400008,30.312019383000063],[92.22047621000007,30.295945732000064],[92.21659165600005,30.255042522000053],[92.20572913400008,30.221695903000068],[92.17703293600005,30.208128354000053],[92.13421919800004,30.21755839000008],[92.07455222800007,30.215694920000033],[92.04337287100003,30.197615856000027],[92.00215260700008,30.186251167000023],[91.97279384200004,30.20465432800006],[91.94508219700003,30.259728512000038],[91.90015013600004,30.286294879000025],[91.86862134700004,30.301159367000025],[91.86778156500009,30.34059444600007],[91.86608263200009,30.37527867800003],[91.85681790900009,30.40394540500006],[91.82363954400006,30.425578323000025],[91.82140706500007,30.46019199400007],[91.83190359100007,30.491670085000067],[91.86411928900009,30.510376541000028],[91.86182611800007,30.54543756100003],[91.83547925200008,30.580907185000058],[91.81462432500007,30.601678544000038],[91.78808557500008,30.62455720400004],[91.77083991700005,30.65272441700006],[91.74256190900007,30.676318821000052],[91.70306233400004,30.672993457000075],[91.66457142200005,30.660009263000063],[91.62758185400008,30.64765631100005],[91.57995056200008,30.64191040000003],[91.54585405900008,30.63825240400007],[91.51385516900007,30.66460344400008],[91.49179411700004,30.692155116000038],[91.45390073100003,30.70847409000004],[91.44318914700006,30.735076064000054],[91.45492676400005,30.768130205000034],[91.44242122100007,30.802415822000057],[91.41070616400003,30.826451399000064],[91.39043699700005,30.852342803000056],[91.38522641500003,30.88100164000008],[91.38062396800007,30.915781795000044],[91.37540573000007,30.944432419000066],[91.37003571200006,30.97400129400006],[91.36346671500007,31.007604623000077],[91.31294261800008,31.027928463000023],[91.26781365400007,31.01541475600004],[91.24438188800008,31.040430901000036],[91.20456589400004,31.044362212000067],[91.16553435700007,31.030701887000077],[91.14635614600007,31.00088825200004],[91.16305966300007,30.971335069000077],[91.11461753800006,30.95323087400004],[91.04709128900004,30.95319227600004],[90.99457134300008,30.953131919000043],[90.94816886900009,30.961265447000073],[90.91757789300004,30.974163738000072],[90.88765044200005,30.986205749000078],[90.85935342700003,31.001243585000054],[90.82012957300003,31.00791024700004],[90.78863898200007,30.98809189800005],[90.74659164200006,30.967384537000044],[90.73062211000007,30.919738920000043],[90.71866993400005,30.86747658200005],[90.71358277800005,30.82214065900007],[90.71753213700003,30.78028269200007],[90.71304285500008,30.74711731000008],[90.70537095300006,30.720061332000057],[90.69762321700006,30.693457084000045],[90.68007877000008,30.658605222000062],[90.66235525700006,30.62791954900007],[90.63848847300005,30.60202154600006],[90.61735471300005,30.582057459000055],[90.61943528300009,30.545062161000033],[90.64200884000007,30.513040110000077],[90.66499947900007,30.481542138000066],[90.65535974300008,30.44442470900003],[90.60782598500003,30.42010156400005],[90.56190491400008,30.402028186000052],[90.51392034000008,30.383656855000027],[90.48067296400006,30.36952517800006],[90.44923241500004,30.354222701000026],[90.42171910800005,30.334761314000048],[90.39737671000006,30.312445057000048],[90.36660772000005,30.29347190200008],[90.33534783400006,30.28654444800003],[90.29428622200004,30.277841224000042],[90.25422901000007,30.254335281000067],[90.22555749700007,30.232796824000047],[90.20341902400008,30.207453478000048],[90.18757134200007,30.173620581000023],[90.17796717700008,30.140613159000054],[90.17296712100006,30.10262175400004],[90.16071224300003,30.063653248000037],[90.14330951100004,30.032851707000077],[90.12814719400006,30.001415939000026],[90.11132930300005,29.97348380300008],[90.08412805500006,29.956279581000047],[90.04674186000005,29.921814167000036],[90.02242762600008,29.942325873000073],[89.97820346900005,29.988134615000035],[89.94825266800007,30.001332483000056],[89.91829460400004,30.03225969400006],[89.89438805300006,30.064939776000074],[89.87179398300003,30.09312380700004],[89.84055163800008,30.11312451200007],[89.81575149400004,30.12979795800004],[89.77374904500005,30.14737243500008],[89.73705545600006,30.170800412000062],[89.69987757200005,30.190881183000045],[89.67061801400007,30.208316077000063],[89.63420022800005,30.22988477100006],[89.59750781700006,30.252810301000068],[89.57044495600007,30.26678858100007],[89.53204632900008,30.269848930000023],[89.47521698600008,30.254449728000054],[89.42183550300007,30.252105550000067],[89.39744617600007,30.23140279300003],[89.36447504000006,30.24824647500003],[89.33749273700005,30.272931352000057],[89.29601187200007,30.261003867000056],[89.25483303800007,30.25891071600006],[89.23898894500007,30.29216204200003],[89.20041335700006,30.29882900700005],[89.17423509400004,30.27361571600005],[89.14920582300005,30.250893724000036],[89.10872651300008,30.25351906800006],[89.07292232300006,30.265214338000078],[89.02050579900003,30.24927583300007],[88.99510065300007,30.217577509000023],[88.96485668300005,30.20012866600007],[88.92455392200009,30.21580110600007],[88.88823679700005,30.213344260000042],[88.83608197400008,30.190806966000025],[88.79471989000007,30.206283191000068],[88.74495931600006,30.220985679000023],[88.70975401200008,30.22377818800004],[88.66666482300008,30.212307499000076],[88.64421086700008,30.171591248000027],[88.61590604000008,30.147308260000045],[88.58016744900004,30.125656513000024],[88.56742270900008,30.090090839000027],[88.53811099600006,30.068431366000027],[88.49693985400006,30.082901324000034],[88.48239519700007,30.127055660000053],[88.49952991500004,30.161881334000043],[88.49439625600007,30.193396131000043],[88.46555490800006,30.215300521000074],[88.43238777800008,30.245445588000052],[88.37792214000007,30.264449004000028],[88.34065550600008,30.27197301800004],[88.31709131400004,30.24551712300007],[88.28123674200003,30.23264498700007],[88.24672828100006,30.223707466000064],[88.21556525700004,30.23538794500007],[88.19913729300004,30.261452494000025],[88.16749745200008,30.267429788000072],[88.13991514000008,30.282441832000075],[88.12399130900008,30.305769316000067],[88.11925526200008,30.334532143000047],[88.11308379500008,30.36776093700007],[88.08734647600005,30.383974744000056],[88.04856549500005,30.366853762000062],[87.98617921600004,30.38963851400007],[87.93364808500007,30.371778111000026],[87.90087858000004,30.380330000000072],[87.86209694900003,30.38420456800003],[87.82862307200008,30.380459538000025],[87.79711133800004,30.367172491000076],[87.76643133100004,30.33433573700006],[87.72597754500003,30.346336687000075],[87.67881951200008,30.349317146000033],[87.66016807400007,30.37217462600006],[87.63170126300008,30.385542860000044],[87.58057095500004,30.37662570300006],[87.55368878700006,30.39256834400004],[87.52262972300008,30.431961277000028],[87.55043792600009,30.482447912000055],[87.55640195300003,30.51288174700005],[87.49994061400008,30.51107775400004],[87.46896026100006,30.520736786000043],[87.43555939700008,30.529076872000076],[87.40717299200008,30.516178248000074],[87.37440750100006,30.531627555000057],[87.34553450400006,30.55142819400004],[87.31615709600004,30.54069737100008],[87.28142215500003,30.54503406500004],[87.24671993400005,30.564358835000064],[87.20612692300006,30.55837771100005],[87.17044841100005,30.56206422500003],[87.16670230000005,30.589580814000044],[87.17363973500005,30.62488736800003],[87.18223846300003,30.659991724000065],[87.18405627400006,30.691668262000064],[87.17150820000006,30.720124267000074],[87.13559694800006,30.749538190000067],[87.11898459800005,30.779211480000072],[87.11830957500007,30.812364040000034],[87.12335287900004,30.838930795000067],[87.12918652000008,30.869366280000065],[87.12258054900008,30.902501896000047],[87.09280096200007,30.92305195600005],[87.06322878700007,30.90521923700004],[87.03924318700007,30.884057703000053],[87.03500008800006,30.853867235000052],[87.04176552700005,30.82262755200003],[87.01706790900005,30.79243680700006],[86.98540498700004,30.77704884800005],[86.93745869100007,30.762312949000034],[86.89579567300007,30.75090546900003],[86.88831481400007,30.777816952000023],[86.91422451800008,30.809646044000033],[86.94062579400008,30.836857119000058],[86.96056278500004,30.861613396000052],[86.96940931700004,30.887862339000037],[86.97323074800005,30.91986552900005],[86.93040512000005,30.913456930000052],[86.88449464900003,30.90138035800004],[86.84503405800007,30.90672741800006],[86.80979032100004,30.907588283000052],[86.77440373900004,30.884514500000023],[86.77338410300007,30.85482577500005],[86.74731338400005,30.823874514000067],[86.76837926500008,30.789327092000065],[86.79702309800007,30.766791802000057],[86.80785700200005,30.73948520600004],[86.81192201700009,30.71108245100004],[86.79312773700008,30.68880936200003],[86.81493080200005,30.660475440000027],[86.85669980800003,30.65880658900005],[86.89595479700006,30.65390890900005],[86.89043823900005,30.62489245300003],[86.92229633500006,30.592069267000056],[86.93981389700008,30.565835664000076],[86.94908617400006,30.535454815000037],[86.91087757200006,30.53584075200007],[86.87903213100003,30.558814608000034],[86.83795176800004,30.55262614800006],[86.80490378100006,30.551472036000064],[86.76838053300008,30.56616008800006],[86.73200544300005,30.55318977400003],[86.70481661900004,30.53514440300006],[86.68514534700006,30.51222417200006],[86.65375069500004,30.496288596000056],[86.65072637400004,30.468583644000034],[86.65644801700006,30.43527565100004],[86.62307968100004,30.413836875000072],[86.58591953100006,30.421790368000075],[86.54876711000009,30.446628797000074],[86.54015933900007,30.473360279000076],[86.49992226400008,30.47562360200004],[86.45954986600003,30.47127929000004],[86.44405440200006,30.511882996000054],[86.45775188200008,30.55169728100003],[86.45640609600008,30.586665680000067],[86.44560941500004,30.618189424000036],[86.42492072500005,30.643379972000048],[86.41429293000004,30.671643049000068],[86.42642139600008,30.70649418100004],[86.42252333000005,30.73353029200007],[86.40178350900004,30.756363152000063],[86.37325953400006,30.782596028000057],[86.35118198800006,30.81364402300005],[86.34365279500008,30.847106542000063],[86.33976772600005,30.883518136000077],[86.32796287100007,30.91673830700006],[86.33132105900006,30.94731323600007],[86.30312652000003,30.97171102300007],[86.27110977400008,30.98421284500006],[86.23516223300004,31.00449567000004],[86.20284491200005,31.027716517000044],[86.16936922300005,31.010865860000024],[86.14589238400004,30.990516253000067],[86.08319613300006,30.981112624000048],[86.06984810200004,31.032187556000054],[86.08290944200007,31.060183765000033],[86.11762911700004,31.07163717800006],[86.14705956200004,31.089698574000067],[86.17088553800005,31.113379466000026],[86.18546175000006,31.14207934800004],[86.18877531300006,31.17029912600003],[86.17549274400005,31.197631889000036],[86.13764915300004,31.218516004000037],[86.09998619100008,31.23144845400003],[86.05477183200009,31.22997159600004],[86.01874984800008,31.23096285500003],[85.98670309400006,31.242927155000075],[85.95338754100004,31.260305336000044],[85.91182675700009,31.25704444200005],[85.89353337600005,31.279760509000027],[85.86634448700005,31.298616983000045],[85.82945554900004,31.300815612000065],[85.77976461100008,31.325226844000042],[85.73412882100007,31.350783534000072],[85.69142532900008,31.363683390000062],[85.65294168500003,31.363214464000066],[85.62015627900007,31.37544409900005],[85.60916035200006,31.403597970000078],[85.59603919800008,31.438431184000024],[85.57546989400004,31.472454090000042],[85.57542730400007,31.50482792400004],[85.52089340100008,31.516592960000025],[85.48877861900007,31.525628907000055],[85.47675497700004,31.557821661000048],[85.47164522000008,31.588388853000026],[85.43946428100008,31.60443912100004],[85.41113096200007,31.590641308000045],[85.38252632100006,31.571149327000057],[85.33106521500008,31.583370745000025],[85.30735708000003,31.611654869000063],[85.30632031000005,31.64997328000004],[85.26827163300004,31.669664943000043],[85.23381976500008,31.672131768000042],[85.20091397200008,31.677203086000077],[85.17778979100007,31.71402814000004],[85.17004556700005,31.75493293100004],[85.16007174700007,31.786999319000074],[85.15032289200008,31.82709017800005],[85.16250523200006,31.86254091400008],[85.17326384400008,31.89257950500007],[85.17121456800004,31.93024499200004],[85.15195332600007,31.97336303900005],[85.13591110400006,32.007656119000046],[85.11981746700008,32.03536342800004],[85.09941910800006,32.060444001000064],[85.08332589200006,32.08580587300003],[85.09114055600008,32.12565223000007],[85.12292782000003,32.155113233000066],[85.15793667600008,32.21421070200006],[85.16962577700008,32.24063119500005],[85.19029294700005,32.26860213700007],[85.20698502400006,32.29259532100008],[85.23034715900008,32.32993179600004],[85.23838822900007,32.36696467500008],[85.24129519800005,32.39794870000003],[85.24890341100007,32.436776992000034],[85.25865155900004,32.47362255000007],[85.27950192100008,32.503458022000075],[85.33259733600005,32.52099385200006],[85.37109031400007,32.537413822000076],[85.39631449500007,32.57218225200006],[85.41920151300008,32.59389078000004],[85.46777222900005,32.58479885200006],[85.51232930000003,32.587668145000066],[85.55617851600005,32.60960828200007],[85.58604207800005,32.62542339000004],[85.62461541100004,32.64643954600007],[85.67937117700006,32.664537249000034],[85.73179361900003,32.68783171800004],[85.77841796300004,32.703112727000075],[85.82762524200007,32.707562137000025],[85.87897362300004,32.70531903300002],[85.92308377900008,32.71964998200008],[85.96604097100004,32.74126168400005],[85.99083080000008,32.76734931800007],[86.03033140700006,32.79678099600005],[86.06439837300007,32.80705321000005],[86.10050581800004,32.82045977800004],[86.12035024800008,32.84429479100004],[86.10987884200006,32.87954160900006],[86.07827628300004,32.90337855700005],[86.05881266200004,32.934347278000075],[86.05448555400005,32.97153891900007],[86.06318667800008,33.01459874400007],[86.04113834600008,33.04935110100007],[86.03925103200004,33.080855618000044],[86.04557448300005,33.108090753000056],[86.03344199400004,33.14539873000007],[86.03998953400009,33.17640695500006],[86.03693198800005,33.21753242600005],[86.04616523200008,33.24897723000004],[86.03390064200005,33.291406176000066],[86.01036975600005,33.31796213300004],[85.98703133200007,33.355307519000064],[85.94598720500005,33.35467195700005],[85.91490539800003,33.37530002500006],[85.88648551200004,33.38934884100007],[85.84349767600008,33.38976394300005],[85.80992837200006,33.39499501600005],[85.78684321800006,33.41457380600008],[85.77710207500007,33.455076759000065],[85.76886294300004,33.49161132200004],[85.74947013900004,33.51881895300005],[85.71772037100004,33.54398823500003],[85.70805916900008,33.57700790300004],[85.70238339300005,33.605079524000075],[85.66189634700004,33.62457737600005],[85.62691119000004,33.607546712000044],[85.59344070300006,33.61649145000007],[85.56526966400008,33.64035233300007],[85.52896758400004,33.65162018500007],[85.47410724900004,33.67007255900006],[85.42389111100005,33.69911848600003],[85.38103095200006,33.71860938000003],[85.34341868700005,33.73710693400005],[85.30203525500008,33.76852844700005],[85.29159015900007,33.79486054400007],[85.29883062600004,33.83119229500005],[85.27994790500009,33.859844742000064],[85.25087322000007,33.89099287400006],[85.21560244400007,33.901901674000044],[85.17321397400008,33.88958207600007],[85.14083910100004,33.879888005000055],[85.10396914400008,33.88815235900006],[85.06381415700008,33.90052620300003],[85.02498321600007,33.889699267000026],[84.98206552900007,33.90626686100006],[84.95828399500004,33.92702608400003],[84.93375732500004,33.946251895000046],[84.89636400900008,33.96514552200006],[84.85629525700006,33.965768824000065],[84.82035366800005,33.95678162300004],[84.78627797600006,33.95372494800006],[84.74887550700004,33.957112918000064],[84.70634359100006,33.96288617400006],[84.66646136400004,33.95175950300006],[84.62409417600009,33.94815614500004],[84.58717174900005,33.96705439400006],[84.57926648300008,33.99333512000004],[84.56939085800008,34.02724206200003],[84.54249877000007,34.05068773000005],[84.51036729000003,34.063839673000075],[84.47047048300004,34.070001525000066],[84.42369707200004,34.10683697700006],[84.40229670800005,34.13918820400005],[84.39006804700006,34.16658942600003],[84.39029289800004,34.19382369500005],[84.38657588900008,34.22318559000007],[84.39896042600003,34.249262327000054],[84.42940309700003,34.26677421100004],[84.41749983900007,34.29938600500003],[84.45129091300004,34.31278517000004],[84.48789461700005,34.32197048300003],[84.48326126800004,34.361479716000076],[84.46010586200003,34.38088217600006],[84.44769949100004,34.411068525000076],[84.46611746500008,34.44239910600004],[84.49445841600004,34.47262791900005],[84.51181393100006,34.51032020100007],[84.52328304500008,34.555424327000026],[84.54584003800005,34.58415662200008],[84.53796888500005,34.61653650900007],[84.51881020700006,34.64648768600006],[84.48494574400007,34.66967990200004],[84.44627412200003,34.66344556300004],[84.41165330800004,34.66774510800008],[84.38323300500008,34.70029082900004],[84.36020707800003,34.72300369200008],[84.32586185900004,34.73904622500004],[84.29490268000006,34.75942755300008],[84.28972346400008,34.78758526000007],[84.30559855600006,34.81144654800005],[84.30458169300005,34.83892803800006],[84.28456873000005,34.871530430000064],[84.27483539900004,34.90826927400008],[84.24162591900006,34.93247126500006],[84.20987387000008,34.94473807600008],[84.18317067200007,34.91662022600008],[84.14567515500005,34.90770358200007],[84.10296573000005,34.916137355000046],[84.07401247800004,34.947621294000044],[84.05423157500007,34.97462240200008],[84.04592951100005,35.00129087300007],[83.99863816900006,35.02859842300006],[83.95723609100008,35.02972854400008],[83.92418060700004,35.02528639600007],[83.91492245000006,35.057418314000074],[83.90371242000003,35.09248979200004],[83.89474438800005,35.125611657000036],[83.89843514200004,35.160505589000024],[83.93938059200008,35.21417660000003],[83.93252857200008,35.250019423000026],[83.93667130500006,35.28123381800003],[83.94014174500006,35.31279871100003],[83.93219181400008,35.348444861000075],[83.88577157100008,35.37732912700005],[83.89615369900008,35.39637078800007],[83.98921037000008,35.41242251500006],[84.05547555400005,35.38792502100006],[84.10195741600006,35.360161264000055],[84.24477741800007,35.41396117600004],[84.35304825000009,35.450297818000024],[84.50865339500007,35.49083041500006],[84.48094469300008,35.53909106100008],[84.56738998200007,35.57890585900003],[84.74660324900003,35.59099644200006],[84.88125511600003,35.65311563500006],[84.96495867300007,35.667432646000066],[84.97475808600007,35.67331418100008],[85.04162726100003,35.71732039700004],[85.16162491100005,35.720325769000056],[85.22120657800008,35.78510828100008],[85.30662924500007,35.77047247100006],[85.40804091600006,35.70614025700007],[85.49015791000005,35.70130381000007],[85.55333185400008,35.69267624500003],[85.55651295900003,35.68274954800006],[85.52819974700003,35.645472856000026],[85.53138077300008,35.635541733000025],[85.61024816700007,35.640558672000054],[85.62283782300005,35.66415596000007],[85.67014395900009,35.70512976500004],[85.72382170600008,35.72622107800004],[86.00516155300005,35.79155289700003],[86.03688031200005,35.81877449900003],[86.07486377100008,35.82610090500003],[86.09073310300005,35.83970594800007],[86.07805036500008,35.874490577000074],[86.13835050200004,35.91524039600006],[86.13468632800004,35.94916138600007],[86.13344696500008,35.975346917000024],[86.20166970500009,36.04307138100006],[86.19754927800005,36.089653862000034],[86.20765324500007,36.13166591700008],[86.31178638500006,36.16697222800008],[86.42269793200006,36.18068970300004],[86.48924026200007,36.19869994700008],[86.53593935100008,36.232060844000046],[86.64194049800005,36.21279371700007],[86.71103446400008,36.25298598200004],[86.76067945500006,36.292244520000054],[86.83637865400004,36.303559722000045],[86.91695260400007,36.27207355100006],[86.95197698000004,36.26398690700006],[87.04777351900003,36.27796123500008],[87.14372606300003,36.31461573800004],[87.17864237800006,36.345513924000045],[87.30627979200005,36.37779157600005],[87.39678154500007,36.417758235000065],[87.41292193600003,36.422942944000056],[87.44937801500004,36.413743029000045],[87.45335888200003,36.37768299800007],[87.46568271000007,36.358886366000036],[87.61362906000005,36.361322345000076],[87.70643504200007,36.377853420000065],[87.80921662600008,36.364325249000046],[87.89542836500004,36.39950497700005],[87.96381272800005,36.42423228500007],[88.07982195700004,36.42912456200003],[88.21918126600008,36.45789920800007],[88.32590892000007,36.46275768300006],[88.37970265100006,36.49015051900005],[88.46070544900005,36.466904948000035],[88.52579370400008,36.446334781000076],[88.56469228500004,36.448444934000065],[88.57058539600007,36.444012660000055],[88.61470732300006,36.42344682300006],[88.62884125400006,36.38147232600005],[88.76224233300007,36.30268493300008],[88.90041823900003,36.35146413900003],[88.96243480500004,36.311957868000036],[88.98844072800006,36.276492087000065],[89.10382286500004,36.269511591000025],[89.17250386000006,36.22574315800006],[89.24376648200007,36.26559423000003],[89.32064951700005,36.21678381600003],[89.40047379100008,36.220875783000054],[89.45794613100009,36.15344120300006],[89.56428465700003,36.122905013000036],[89.67352133500003,36.10270867400004],[89.68619023000008,36.097787477000054]]]}},{"type":"Feature","properties":{"code":"CN054040","name":"Ngari Prefecture","label":"Ngari Prefecture · 阿里地区","type":"Prefecture","parentCode":"CN-XZ"},"geometry":{"type":"Polygon","coordinates":[[[83.88577157100008,35.37732912700005],[83.93219181400008,35.348444861000075],[83.94014174500006,35.31279871100003],[83.93667130500006,35.28123381800003],[83.93252857200008,35.250019423000026],[83.93938059200008,35.21417660000003],[83.89843514200004,35.160505589000024],[83.89474438800005,35.125611657000036],[83.90371242000003,35.09248979200004],[83.91492245000006,35.057418314000074],[83.92418060700004,35.02528639600007],[83.95723609100008,35.02972854400008],[83.99863816900006,35.02859842300006],[84.04592951100005,35.00129087300007],[84.05423157500007,34.97462240200008],[84.07401247800004,34.947621294000044],[84.10296573000005,34.916137355000046],[84.14567515500005,34.90770358200007],[84.18317067200007,34.91662022600008],[84.20987387000008,34.94473807600008],[84.24162591900006,34.93247126500006],[84.27483539900004,34.90826927400008],[84.28456873000005,34.871530430000064],[84.30458169300005,34.83892803800006],[84.30559855600006,34.81144654800005],[84.28972346400008,34.78758526000007],[84.29490268000006,34.75942755300008],[84.32586185900004,34.73904622500004],[84.36020707800003,34.72300369200008],[84.38323300500008,34.70029082900004],[84.41165330800004,34.66774510800008],[84.44627412200003,34.66344556300004],[84.48494574400007,34.66967990200004],[84.51881020700006,34.64648768600006],[84.53796888500005,34.61653650900007],[84.54584003800005,34.58415662200008],[84.52328304500008,34.555424327000026],[84.51181393100006,34.51032020100007],[84.49445841600004,34.47262791900005],[84.46611746500008,34.44239910600004],[84.44769949100004,34.411068525000076],[84.46010586200003,34.38088217600006],[84.48326126800004,34.361479716000076],[84.48789461700005,34.32197048300003],[84.45129091300004,34.31278517000004],[84.41749983900007,34.29938600500003],[84.42940309700003,34.26677421100004],[84.39896042600003,34.249262327000054],[84.38657588900008,34.22318559000007],[84.39029289800004,34.19382369500005],[84.39006804700006,34.16658942600003],[84.40229670800005,34.13918820400005],[84.42369707200004,34.10683697700006],[84.47047048300004,34.070001525000066],[84.51036729000003,34.063839673000075],[84.54249877000007,34.05068773000005],[84.56939085800008,34.02724206200003],[84.57926648300008,33.99333512000004],[84.58717174900005,33.96705439400006],[84.62409417600009,33.94815614500004],[84.66646136400004,33.95175950300006],[84.70634359100006,33.96288617400006],[84.74887550700004,33.957112918000064],[84.78627797600006,33.95372494800006],[84.82035366800005,33.95678162300004],[84.85629525700006,33.965768824000065],[84.89636400900008,33.96514552200006],[84.93375732500004,33.946251895000046],[84.95828399500004,33.92702608400003],[84.98206552900007,33.90626686100006],[85.02498321600007,33.889699267000026],[85.06381415700008,33.90052620300003],[85.10396914400008,33.88815235900006],[85.14083910100004,33.879888005000055],[85.17321397400008,33.88958207600007],[85.21560244400007,33.901901674000044],[85.25087322000007,33.89099287400006],[85.27994790500009,33.859844742000064],[85.29883062600004,33.83119229500005],[85.29159015900007,33.79486054400007],[85.30203525500008,33.76852844700005],[85.34341868700005,33.73710693400005],[85.38103095200006,33.71860938000003],[85.42389111100005,33.69911848600003],[85.47410724900004,33.67007255900006],[85.52896758400004,33.65162018500007],[85.56526966400008,33.64035233300007],[85.59344070300006,33.61649145000007],[85.62691119000004,33.607546712000044],[85.66189634700004,33.62457737600005],[85.70238339300005,33.605079524000075],[85.70805916900008,33.57700790300004],[85.71772037100004,33.54398823500003],[85.74947013900004,33.51881895300005],[85.76886294300004,33.49161132200004],[85.77710207500007,33.455076759000065],[85.78684321800006,33.41457380600008],[85.80992837200006,33.39499501600005],[85.84349767600008,33.38976394300005],[85.88648551200004,33.38934884100007],[85.91490539800003,33.37530002500006],[85.94598720500005,33.35467195700005],[85.98703133200007,33.355307519000064],[86.01036975600005,33.31796213300004],[86.03390064200005,33.291406176000066],[86.04616523200008,33.24897723000004],[86.03693198800005,33.21753242600005],[86.03998953400009,33.17640695500006],[86.03344199400004,33.14539873000007],[86.04557448300005,33.108090753000056],[86.03925103200004,33.080855618000044],[86.04113834600008,33.04935110100007],[86.06318667800008,33.01459874400007],[86.05448555400005,32.97153891900007],[86.05881266200004,32.934347278000075],[86.07827628300004,32.90337855700005],[86.10987884200006,32.87954160900006],[86.12035024800008,32.84429479100004],[86.10050581800004,32.82045977800004],[86.06439837300007,32.80705321000005],[86.03033140700006,32.79678099600005],[85.99083080000008,32.76734931800007],[85.96604097100004,32.74126168400005],[85.92308377900008,32.71964998200008],[85.87897362300004,32.70531903300002],[85.82762524200007,32.707562137000025],[85.77841796300004,32.703112727000075],[85.73179361900003,32.68783171800004],[85.67937117700006,32.664537249000034],[85.62461541100004,32.64643954600007],[85.58604207800005,32.62542339000004],[85.55617851600005,32.60960828200007],[85.51232930000003,32.587668145000066],[85.46777222900005,32.58479885200006],[85.41920151300008,32.59389078000004],[85.39631449500007,32.57218225200006],[85.37109031400007,32.537413822000076],[85.33259733600005,32.52099385200006],[85.27950192100008,32.503458022000075],[85.25865155900004,32.47362255000007],[85.24890341100007,32.436776992000034],[85.24129519800005,32.39794870000003],[85.23838822900007,32.36696467500008],[85.23034715900008,32.32993179600004],[85.20698502400006,32.29259532100008],[85.19029294700005,32.26860213700007],[85.16962577700008,32.24063119500005],[85.15793667600008,32.21421070200006],[85.12292782000003,32.155113233000066],[85.09114055600008,32.12565223000007],[85.08332589200006,32.08580587300003],[85.09941910800006,32.060444001000064],[85.11981746700008,32.03536342800004],[85.13591110400006,32.007656119000046],[85.15195332600007,31.97336303900005],[85.17121456800004,31.93024499200004],[85.17326384400008,31.89257950500007],[85.16250523200006,31.86254091400008],[85.15032289200008,31.82709017800005],[85.16007174700007,31.786999319000074],[85.17004556700005,31.75493293100004],[85.17778979100007,31.71402814000004],[85.20091397200008,31.677203086000077],[85.23381976500008,31.672131768000042],[85.26827163300004,31.669664943000043],[85.30632031000005,31.64997328000004],[85.30735708000003,31.611654869000063],[85.33106521500008,31.583370745000025],[85.38252632100006,31.571149327000057],[85.41113096200007,31.590641308000045],[85.43946428100008,31.60443912100004],[85.47164522000008,31.588388853000026],[85.47675497700004,31.557821661000048],[85.48877861900007,31.525628907000055],[85.52089340100008,31.516592960000025],[85.57542730400007,31.50482792400004],[85.57546989400004,31.472454090000042],[85.59603919800008,31.438431184000024],[85.60916035200006,31.403597970000078],[85.62015627900007,31.37544409900005],[85.65294168500003,31.363214464000066],[85.69142532900008,31.363683390000062],[85.73412882100007,31.350783534000072],[85.77976461100008,31.325226844000042],[85.82945554900004,31.300815612000065],[85.86634448700005,31.298616983000045],[85.89353337600005,31.279760509000027],[85.91182675700009,31.25704444200005],[85.95338754100004,31.260305336000044],[85.98670309400006,31.242927155000075],[86.01874984800008,31.23096285500003],[86.05477183200009,31.22997159600004],[86.09998619100008,31.23144845400003],[86.13764915300004,31.218516004000037],[86.17549274400005,31.197631889000036],[86.18877531300006,31.17029912600003],[86.18546175000006,31.14207934800004],[86.17088553800005,31.113379466000026],[86.14705956200004,31.089698574000067],[86.11762911700004,31.07163717800006],[86.08290944200007,31.060183765000033],[86.06984810200004,31.032187556000054],[86.08319613300006,30.981112624000048],[86.07750654000006,30.930240473000026],[86.08620121600006,30.899323964000075],[86.09020452600004,30.872309318000077],[86.08942507200004,30.84026508900007],[86.07722418100008,30.81098492700005],[86.04873589400006,30.786934122000048],[86.02068354300008,30.77280733400005],[85.97747945100008,30.75657525300005],[85.94352668400006,30.770531654000024],[85.90033228300007,30.768358369000055],[85.86524782800007,30.76848639800005],[85.83500765500008,30.782582356000034],[85.81333889100006,30.75962760300007],[85.82210582100004,30.73106597800006],[85.84351086100008,30.708420825000076],[85.86377164900006,30.683699266000076],[85.83589488400008,30.669072189000076],[85.80248326200007,30.67838901400006],[85.77713473000006,30.697063581000066],[85.74085791900006,30.686140127000044],[85.72516749400006,30.65619763500007],[85.75272538300004,30.623342398000034],[85.78860592800004,30.614939839000044],[85.81867904000006,30.603648948000057],[85.85755637500006,30.58681194500008],[85.89467069100004,30.55885833700006],[85.91011929800004,30.52438530200004],[85.91707724300005,30.484699226000032],[85.91408887300008,30.448481382000068],[85.91007399900008,30.421485260000054],[85.89664806600007,30.390994970000065],[85.88179448400007,30.362137722000057],[85.86528766000004,30.33346033500004],[85.84827800600004,30.307044489000077],[85.82528280500009,30.285699214000033],[85.79010377000003,30.27306210000006],[85.81565608500006,30.24126430900003],[85.85394743000006,30.228573854000047],[85.89016452700008,30.21316779600005],[85.91390390200007,30.186684111000034],[85.88402741500005,30.160403942000073],[85.86787026800005,30.132712325000057],[85.87480379900006,30.095347764000053],[85.86649200400007,30.06382510000003],[85.84489767800005,30.043645540000057],[85.80364249100006,30.034648035000032],[85.77826346100005,30.01003250100007],[85.73949225300004,30.001908142000048],[85.70456694900008,29.98408154400005],[85.70870608700005,29.94057822900004],[85.67390272100005,29.924641913000073],[85.63894489000006,29.927959010000052],[85.59759309600008,29.93344164100006],[85.56126368800005,29.91955452600007],[85.55905687100005,29.885278560000074],[85.54974560900007,29.85634579300006],[85.52367292500008,29.832937712000046],[85.48794843400003,29.830420059000062],[85.46561983100008,29.857559181000056],[85.43423452300004,29.850143409000054],[85.41389528500008,29.818299077000063],[85.40750003400007,29.77478626000004],[85.42061433500004,29.746022120000077],[85.39309177300004,29.71995389600005],[85.35499593300005,29.69812016900005],[85.32065671000004,29.683068452000043],[85.29762035800007,29.70629544700006],[85.26388014100007,29.72053635800006],[85.23445546500005,29.707280789000038],[85.19175465500007,29.711894974000074],[85.17004591800008,29.731569251000053],[85.13647067600004,29.756177664000063],[85.10032579400007,29.780322306000073],[85.07075780000008,29.801394662000064],[85.03186804000006,29.827854987000023],[84.99630353900005,29.849249560000032],[84.96829822000007,29.87247454000004],[84.93880185300003,29.89071018100003],[84.92385913900006,29.919584765000025],[84.89700794900006,29.93781659800004],[84.87880406400006,29.96232827800003],[84.86620883200004,29.99020742700003],[84.83041745500003,29.98984254800007],[84.76547660800009,30.005842874000052],[84.75427597200007,30.04104398100003],[84.75542133300007,30.076131514000053],[84.74217140500008,30.10199844600004],[84.75171980500005,30.133427392000044],[84.75595075800004,30.169068279000044],[84.74945537500008,30.198046861000023],[84.72105841500007,30.228694871000073],[84.71826881100003,30.27106817200007],[84.68735544100008,30.28759060300007],[84.65232439000005,30.329740739000044],[84.60691283500006,30.385538535000023],[84.60166448000007,30.422275686000035],[84.63528550800004,30.460911758000066],[84.61173240700003,30.484413562000043],[84.58028281500003,30.509299783000074],[84.57130062200008,30.53922653400008],[84.53463318500008,30.57634468400005],[84.51985451500008,30.61651192200003],[84.55391524000004,30.625086520000025],[84.54354460600007,30.656165746000056],[84.53955286900003,30.689823467000053],[84.56054787000005,30.725201311000035],[84.59076228500004,30.749536221000028],[84.61530039600007,30.77941972700006],[84.63186954000008,30.80879069100007],[84.65755150800004,30.84074877300003],[84.68492100000003,30.865939627000046],[84.71440182200007,30.875965945000075],[84.74807755700004,30.890975178000076],[84.74815743600004,30.921578946000068],[84.78366510000006,30.93360834500004],[84.76856650100007,30.97089258300008],[84.74108273100006,30.98571204800004],[84.70123871200008,30.99783375000004],[84.70646586400005,31.044890439000028],[84.68901227100008,31.082682813000076],[84.65935962900005,31.11262955600006],[84.67586595100005,31.157949478000035],[84.69665754400006,31.183797819000063],[84.67212961400008,31.203851916000076],[84.62748352800008,31.195338881000055],[84.59202191400004,31.200229449000062],[84.57329579900005,31.240603948000057],[84.57032677500007,31.27441395200003],[84.55597093700004,31.301458738000065],[84.52119400800007,31.31869262300006],[84.49974137100008,31.343510742000035],[84.46699682000008,31.367690451000044],[84.43345568000007,31.377599876000033],[84.41308529100007,31.348020104000057],[84.37603909800004,31.354453036000052],[84.34296034700003,31.366783678000047],[84.35858255800008,31.39786619100005],[84.38223167800004,31.425227617000075],[84.40806374000005,31.448278798000047],[84.43873269200003,31.47172323700005],[84.47060572700008,31.481729716000075],[84.51405843600008,31.482530646000043],[84.55234754200006,31.49743456500005],[84.58557466300005,31.51517658800003],[84.62669290900004,31.518805400000076],[84.65677415500005,31.531723312000054],[84.64520527800005,31.567263471000047],[84.63262431700008,31.600276634000068],[84.63422563500006,31.637705178000033],[84.67976247200005,31.67217706200006],[84.65247668300003,31.691738781000026],[84.61439634900006,31.70842912100005],[84.57935979600006,31.70637682100005],[84.53630921000007,31.705692552000073],[84.49777904200005,31.710983747000057],[84.46551955500007,31.73478824800003],[84.45561691900008,31.76544769900005],[84.44395355000006,31.80519114200007],[84.40606350700006,31.82938768400004],[84.36274979500007,31.82296344300005],[84.36098701800006,31.788782277000053],[84.38334754400006,31.75238359000008],[84.39768431300007,31.710768350000023],[84.41033256400004,31.68013888200005],[84.38846712800006,31.654068556000027],[84.35520524300006,31.653678480000053],[84.32840722000003,31.62340338200005],[84.31159939200006,31.65092695800007],[84.27578821500003,31.677809168000067],[84.23121847000004,31.68520402300004],[84.15095753800006,31.682282719000057],[84.13403916400006,31.654236148000052],[84.11186798800009,31.631815214000028],[84.08811744000008,31.65191857700006],[84.05205899800006,31.645279947000063],[84.02006400700003,31.635615716000075],[83.97690144900008,31.65447723300008],[83.93516602600005,31.665582597000025],[83.88686487400008,31.661804120000056],[83.86121727600005,31.638204974000075],[83.84922246100007,31.61054101600007],[83.81661201300005,31.618125433000046],[83.76426534800004,31.653104674000076],[83.71652338400008,31.663959550000072],[83.65941961600004,31.656085572000052],[83.61015822500008,31.635045039000033],[83.57951357500008,31.620321965000073],[83.52140740000004,31.587201809000078],[83.47580527500008,31.60025530200005],[83.45412182000007,31.620183575000055],[83.43122842700006,31.644597696000062],[83.40017186000006,31.654256875000044],[83.36402932800007,31.652101883000057],[83.32988877700006,31.652668211000048],[83.28501440600007,31.66061004200003],[83.24105554800008,31.64041901300004],[83.21004082300004,31.621193783000024],[83.16754501600008,31.603697800000077],[83.13329414100008,31.590089541000054],[83.09607478900006,31.56852828700005],[83.06036028500006,31.53643693600003],[83.04197676700005,31.509949927000036],[83.07118422300005,31.473851067000055],[83.12444766900006,31.433581228000037],[83.15760694400007,31.401537647000055],[83.19266604300003,31.39122098000007],[83.19937012900004,31.423079013000063],[83.24379372800007,31.422095486000046],[83.27023978700004,31.38801927000003],[83.27048780800004,31.353440205000027],[83.27297942100006,31.312102335000077],[83.27686662200006,31.269555371000024],[83.26831130100004,31.235867564000046],[83.24129808000004,31.215525479000064],[83.20804832200008,31.19628036100005],[83.18347465800008,31.14893529300008],[83.17951526400003,31.098042062000047],[83.16179812900003,31.05908467900008],[83.13892838500004,31.000674641000046],[83.12529632600007,30.967743390000066],[83.10635858300003,30.936646599000028],[83.07814868000008,30.909905846000072],[83.05071395200008,30.894636560000038],[83.04299933700008,30.85451114400007],[83.07235967500003,30.83627926400004],[83.11078507400003,30.834794620000025],[83.14231145000008,30.82861653100008],[83.16387106900004,30.798932901000057],[83.16898274100004,30.765794302000074],[83.16843100600005,30.729443683000056],[83.15508029400007,30.671769960000063],[83.13228717100003,30.635180546000072],[83.12400736700005,30.600584816000037],[83.09126902900005,30.578735705000042],[83.06964483400003,30.553305781000063],[83.02891518300004,30.53856212200003],[83.00116466600008,30.555550923000055],[82.97265809800007,30.57089793700004],[82.93856443400006,30.590738112000054],[82.93895574700008,30.630509725000024],[82.93435457900006,30.662093243000072],[82.90518954100008,30.68956818500004],[82.86786209100006,30.69281006600005],[82.83839417700005,30.71374994200005],[82.81999970700008,30.742163610000034],[82.80476090500008,30.76696705100005],[82.78324724400005,30.805157784000073],[82.74449953800007,30.81489375500007],[82.73388604300004,30.842502756000044],[82.70287043200005,30.863667546000045],[82.66919520500005,30.888512349000052],[82.65357961000007,30.922113680000052],[82.62618336900005,30.947208621000073],[82.59582153800005,30.929800046000025],[82.55682468100008,30.912524104000056],[82.51331751300006,30.905577572000027],[82.48770686600005,30.88295782800003],[82.48123723000003,30.853889577000075],[82.47470119500008,30.82101603800004],[82.46679379200003,30.78874510600008],[82.46770813900008,30.74286826100007],[82.49157912400005,30.706364533000055],[82.50789302400005,30.678881601000057],[82.50820042700008,30.64615096800003],[82.50873898000003,30.605824582000025],[82.51524518200006,30.57385438700004],[82.50309082700005,30.538991448000047],[82.46169262600006,30.544658880000043],[82.42996282600006,30.556586588000073],[82.39924342000006,30.56441558800003],[82.35680301300005,30.558826925000062],[82.31089994700005,30.53590636900003],[82.27778929300007,30.530411325000046],[82.24716537000006,30.545783871000026],[82.20754049300007,30.558304320000047],[82.17947285200006,30.540624533000027],[82.15473098800004,30.513289694000036],[82.12771991600005,30.530756109000038],[82.09633836300003,30.552003627000033],[82.05922221200007,30.558806081000057],[82.03310547700005,30.540081706000024],[82.02012142500007,30.505752873000063],[82.01966857600007,30.471252726000046],[82.03207390800003,30.435224301000062],[82.04496431300004,30.410579707000068],[82.05967538600004,30.384866427000077],[82.07778195600008,30.354820524000047],[82.07676000000004,30.354430000000036],[82.07144000000005,30.350220000000036],[82.06387000000007,30.34098000000006],[82.06269000000003,30.339990000000057],[82.06040308000007,30.33807639500003],[82.04074747200008,30.345402672000034],[82.03420188800004,30.33765730400006],[82.03141000000005,30.33866000000006],[82.02805000000006,30.340360000000032],[82.02278000000007,30.343020000000024],[82.01949000000008,30.34214000000003],[82.01686000000007,30.339090000000056],[82.01626000000005,30.33838000000003],[82.01032000000004,30.329240000000027],[82.00262693500008,30.325421198000072],[81.99055928900003,30.32632446100007],[81.97001496500008,30.339731140000026],[81.96496000000008,30.343600000000038],[81.96238000000005,30.352180000000033],[81.96221000000008,30.352360000000033],[81.95557000000008,30.359050000000025],[81.95152000000007,30.35916000000003],[81.94660000000005,30.355230000000063],[81.94325227000007,30.35255602700005],[81.92423275900006,30.359770105000052],[81.88256522100005,30.367282395000075],[81.88115451400006,30.36741354800006],[81.87858000000006,30.37000000000006],[81.87320000000005,30.373620000000074],[81.86962000000005,30.37599000000006],[81.86230000000006,30.376910000000066],[81.85273000000007,30.37707000000006],[81.84186000000005,30.375630000000058],[81.83533000000006,30.37620000000004],[81.81690000000003,30.384220000000028],[81.80940000000004,30.386120000000062],[81.80056000000008,30.38713000000007],[81.79489797800005,30.386887845000047],[81.78159905700005,30.39105816800003],[81.75426049000004,30.40212592100005],[81.73228216500007,30.40609242000005],[81.73120000000006,30.40894000000003],[81.72809000000007,30.410930000000064],[81.72098000000005,30.410790000000077],[81.70794000000006,30.416980000000024],[81.69180000000006,30.42458000000005],[81.67919000000006,30.426960000000065],[81.65366000000006,30.43733000000003],[81.63926000000004,30.44342000000006],[81.62772000000007,30.449680000000058],[81.62200000000007,30.448090000000036],[81.62047000000007,30.444770000000062],[81.62402000000003,30.432530000000042],[81.62452000000008,30.430810000000065],[81.62393000000003,30.42757000000006],[81.62271000000004,30.422840000000065],[81.61707000000007,30.41832000000005],[81.61282001500007,30.41665609100005],[81.58523522100006,30.428476670000066],[81.58506075800005,30.428118462000043],[81.58230000000003,30.429380000000037],[81.57347000000004,30.433620000000076],[81.56399000000005,30.43196000000006],[81.56180000000006,30.427910000000054],[81.56066000000004,30.423830000000066],[81.56220000000008,30.410750000000064],[81.55799000000007,30.404700000000048],[81.55536000000006,30.395850000000053],[81.55695000000009,30.38766000000004],[81.55724000000004,30.377680000000055],[81.55504000000008,30.37486000000007],[81.55330853700008,30.372663516000046],[81.52128329900006,30.38211231300005],[81.47626312800008,30.411301515000048],[81.46188992500004,30.426541145000044],[81.44175451300003,30.41748517800005],[81.43676000000005,30.41865000000007],[81.43391000000008,30.419290000000046],[81.42789000000005,30.420650000000023],[81.42002000000008,30.423410000000047],[81.41562000000005,30.423010000000033],[81.40869000000004,30.416980000000024],[81.40724000000006,30.413830000000075],[81.40392000000008,30.40659000000005],[81.40650000000005,30.399320000000046],[81.41262000000006,30.393400000000042],[81.42244000000005,30.387920000000065],[81.43003000000004,30.382120000000043],[81.42733000000004,30.377540000000067],[81.42257000000006,30.372210000000052],[81.41037000000006,30.37223000000006],[81.40361000000007,30.372070000000065],[81.40200000000004,30.36910000000006],[81.40015000000005,30.363180000000057],[81.40152000000006,30.353120000000047],[81.40580000000006,30.344220000000064],[81.40594000000004,30.33952000000005],[81.40392000000008,30.33666000000005],[81.40211000000005,30.334100000000035],[81.39685000000003,30.326680000000067],[81.39732000000004,30.322290000000066],[81.40346000000005,30.320280000000025],[81.40887000000004,30.31875000000008],[81.42034000000007,30.315500000000043],[81.42504000000008,30.312640000000044],[81.42517000000004,30.308230000000037],[81.42019000000005,30.304890000000057],[81.41058000000004,30.29791000000006],[81.41014000000007,30.297710000000052],[81.40357000000006,30.294670000000053],[81.40162000000004,30.291990000000055],[81.40306000000004,30.289370000000076],[81.40629000000007,30.28747000000004],[81.41165000000007,30.28430000000003],[81.41654000000005,30.279990000000055],[81.41641000000004,30.273220000000038],[81.41122000000007,30.26547000000005],[81.40303000000006,30.256760000000043],[81.39441000000005,30.243370000000027],[81.39419000000004,30.23231000000004],[81.39664000000005,30.21329000000003],[81.39514000000008,30.209220000000073],[81.39103000000006,30.202170000000024],[81.38066000000003,30.194350000000043],[81.37075000000004,30.19001000000003],[81.37020000000007,30.18978000000004],[81.36370000000005,30.186370000000068],[81.35438000000005,30.180670000000077],[81.34853816600008,30.17393304600006],[81.32145755900007,30.172616378000043],[81.28020100100008,30.16017138500007],[81.26559605000006,30.157377190000034],[81.26670539200006,30.156321637000076],[81.26079000000004,30.153280000000052],[81.25989000000004,30.149730000000034],[81.26104000000004,30.145350000000064],[81.26450000000006,30.14259000000004],[81.26625000000007,30.14119000000005],[81.27905000000004,30.130970000000048],[81.28625000000005,30.124960000000044],[81.28947000000005,30.11680000000007],[81.29078000000004,30.105990000000077],[81.29069000000004,30.097880000000032],[81.28731000000005,30.083390000000065],[81.28324000000003,30.07331000000005],[81.28015000000005,30.064130000000034],[81.27534000000009,30.05579000000006],[81.27273626200008,30.052640479000047],[81.21697587000006,30.028628585000035],[81.18160879500005,30.018579526000053],[81.15342637000003,30.022666626000046],[81.13640085600008,30.039082868000037],[81.11874944000004,30.057226060000062],[81.10634687600003,30.10414519300008],[81.10262866800008,30.148574993000068],[81.05264751800007,30.216059984000026],[81.04563461600003,30.24167277400005],[81.03184413100007,30.249156688000028],[81.03202000000005,30.250080000000025],[81.02393000000006,30.255630000000053],[81.02228000000008,30.256750000000068],[81.01408000000004,30.262370000000033],[81.01085000000006,30.262860000000046],[81.00030000000004,30.267600000000073],[80.99411000000003,30.270490000000052],[80.98557000000005,30.272920000000056],[80.98198000000008,30.27317000000005],[80.97385000000008,30.27376000000004],[80.96728000000007,30.27308000000005],[80.95540000000005,30.271840000000054],[80.95391461000008,30.271589033000055],[80.94577996500004,30.283012988000053],[80.91887378600006,30.29054626800007],[80.91642000000007,30.29520000000008],[80.91341000000006,30.30364000000003],[80.90858000000003,30.306160000000034],[80.89844000000005,30.305600000000027],[80.88902000000007,30.30388000000005],[80.88464000000005,30.30347000000006],[80.87988000000007,30.303930000000037],[80.87689000000006,30.305440000000033],[80.87261000000007,30.308440000000076],[80.86667000000006,30.313570000000027],[80.85909000000004,30.31719000000004],[80.85027962400005,30.31757721100007],[80.82939763500008,30.329461670000057],[80.77534026400008,30.370285954000053],[80.76100751800004,30.376999872000056],[80.75645000000003,30.38023000000004],[80.74362000000008,30.396720000000073],[80.74076000000008,30.40041000000008],[80.72753000000006,30.41196000000008],[80.71755000000007,30.417920000000038],[80.71143000000006,30.418630000000064],[80.70382000000006,30.416890000000024],[80.70269000000008,30.416620000000023],[80.69554000000005,30.41730000000007],[80.69003000000004,30.419800000000066],[80.68466000000006,30.427280000000053],[80.68298429900005,30.428868813000065],[80.67884832900006,30.435051850000036],[80.66704744600008,30.464145361000078],[80.62302068800005,30.463440793000075],[80.61816000000005,30.464480000000037],[80.61067000000008,30.466770000000054],[80.60409000000004,30.468780000000038],[80.59829000000008,30.468840000000057],[80.59663000000006,30.468860000000063],[80.58887000000004,30.467750000000024],[80.58314000000007,30.46700000000004],[80.57205000000005,30.463540000000023],[80.57174000000003,30.46344000000005],[80.56795940900008,30.46160724400005],[80.55001464800006,30.47142602300005],[80.52822048300004,30.46666719700005],[80.48555557700007,30.497139744000037],[80.45744356000006,30.506805408000048],[80.45607000000007,30.507880000000057],[80.45043000000004,30.510690000000068],[80.44397000000004,30.511880000000076],[80.44196763600007,30.512126445000035],[80.41997833200008,30.519686956000044],[80.37579387800008,30.529846337000038],[80.37434926600008,30.530743682000036],[80.37313000000006,30.53236000000004],[80.37130000000008,30.537930000000074],[80.36846000000008,30.543040000000076],[80.36471000000006,30.547710000000052],[80.36115000000007,30.55257000000006],[80.35760000000005,30.55731000000003],[80.35101000000003,30.557360000000074],[80.33976000000007,30.559840000000065],[80.33787000000007,30.566020000000037],[80.32997000000006,30.564230000000066],[80.32386000000008,30.562170000000037],[80.32244413600006,30.561843949000036],[80.26390238500005,30.595060384000078],[80.22309911300005,30.595910721000052],[80.22446000000008,30.599110000000053],[80.22462000000007,30.60414000000003],[80.22159000000005,30.609530000000063],[80.20479000000006,30.622250000000065],[80.20384000000007,30.62575000000004],[80.20474000000007,30.629140000000064],[80.22001000000006,30.634780000000035],[80.22249000000005,30.637420000000077],[80.22173000000004,30.64047000000005],[80.20632000000006,30.66375000000005],[80.19957000000005,30.669610000000034],[80.19273000000004,30.671560000000056],[80.19229000000007,30.674840000000074],[80.20401000000004,30.685110000000066],[80.22237000000007,30.686690000000056],[80.22915000000006,30.69183000000004],[80.23541000000006,30.705700000000036],[80.23982000000007,30.710410000000024],[80.25516000000005,30.717130000000054],[80.25593000000003,30.735250000000065],[80.25346000000008,30.74744000000004],[80.24735000000004,30.756970000000024],[80.23795000000007,30.76272000000006],[80.22654000000006,30.761780000000044],[80.21974000000006,30.765420000000063],[80.21482000000003,30.77672000000007],[80.20268000000004,30.781360000000063],[80.19579000000004,30.797360000000026],[80.18852000000004,30.803440000000023],[80.17965000000004,30.807330000000036],[80.17029000000008,30.806890000000067],[80.16057000000006,30.801560000000052],[80.15262000000007,30.791860000000042],[80.13990000000007,30.784170000000074],[80.13165000000004,30.784330000000068],[80.11935000000005,30.788500000000056],[80.10529000000008,30.78833000000003],[80.09257000000008,30.791390000000035],[80.08451000000008,30.795000000000073],[80.07779000000005,30.80317000000008],[80.06260000000003,30.809250000000077],[80.04542000000004,30.81209000000007],[80.02663000000007,30.841390000000047],[80.01634000000007,30.853530000000035],[79.99999000000008,30.867270000000076],[79.99318000000005,30.879300000000057],[79.97563000000008,30.886720000000025],[79.96546000000006,30.886060000000043],[79.95643000000007,30.875000000000057],[79.95263000000006,30.874390000000062],[79.93438000000003,30.88483000000008],[79.92490000000004,30.89650000000006],[79.91835000000003,30.911050000000046],[79.91343000000006,30.916250000000048],[79.90079000000003,30.919220000000053],[79.89824000000004,30.922000000000025],[79.89007000000004,30.95425000000006],[79.88040000000007,30.969580000000065],[79.84774000000004,30.971640000000036],[79.83963000000006,30.976830000000064],[79.82855000000006,30.980000000000075],[79.81274000000008,30.97711000000004],[79.79574000000008,30.985940000000028],[79.78218000000004,30.98622000000006],[79.77185000000003,30.998780000000068],[79.76852000000008,30.998920000000055],[79.76068000000004,30.99789000000004],[79.74754000000007,30.984420000000057],[79.73967326600007,30.980334619000075],[79.72896368000005,30.987389980000046],[79.68765782000008,30.982973479000066],[79.67884780100007,30.978626477000034],[79.67850000000004,30.978810000000067],[79.66937000000007,30.983330000000024],[79.66652000000005,30.983030000000042],[79.66472000000005,30.97565000000003],[79.66471380200005,30.971652539000047],[79.65816288200006,30.96842021200007],[79.61775076400005,30.952831358000026],[79.58353525500007,30.96829460600003],[79.53984957700004,31.020100287000048],[79.52501876400004,31.035085809000066],[79.50069294400004,31.032141376000027],[79.49846000000008,31.033870000000036],[79.47939000000008,31.03242000000006],[79.47275000000008,31.031340000000057],[79.46090361900008,31.030299540000044],[79.45812795400008,31.06164786000005],[79.42263768300006,31.061119119000068],[79.42240000000004,31.063960000000066],[79.42072000000007,31.075890000000072],[79.40791000000007,31.08636000000007],[79.40845000000007,31.095110000000034],[79.40311000000008,31.10483000000005],[79.39917000000008,31.108060000000023],[79.39112000000006,31.114670000000046],[79.38028000000008,31.120390000000043],[79.36831000000006,31.120580000000075],[79.35800000000006,31.12656000000004],[79.34770000000003,31.123330000000067],[79.34050000000008,31.123420000000067],[79.32391000000007,31.125810000000058],[79.31741000000005,31.129080000000044],[79.31172000000004,31.141110000000026],[79.30953000000005,31.15175000000005],[79.30036000000007,31.19581000000005],[79.29645000000005,31.21458000000007],[79.29225000000008,31.222170000000062],[79.29195000000004,31.222720000000038],[79.28586000000007,31.22947000000005],[79.28047000000004,31.231640000000027],[79.25933000000003,31.233700000000056],[79.24647000000004,31.244390000000067],[79.24308000000008,31.24947000000003],[79.23558000000008,31.260640000000024],[79.23122000000006,31.271780000000035],[79.23239000000007,31.28603000000004],[79.22933000000006,31.29161000000005],[79.21825000000007,31.311830000000043],[79.21880000000004,31.31964000000005],[79.22703000000007,31.33036000000004],[79.22175000000004,31.336420000000032],[79.21252000000004,31.34173000000004],[79.20145000000008,31.346280000000036],[79.18997000000007,31.34919000000008],[79.18745000000007,31.349830000000054],[79.17269000000005,31.360060000000033],[79.16575000000006,31.36883000000006],[79.16445000000004,31.393300000000067],[79.15886000000006,31.401190000000042],[79.15559000000007,31.402720000000045],[79.14642000000003,31.403280000000052],[79.14461000000006,31.40339000000006],[79.13711000000006,31.412390000000073],[79.13172000000003,31.414310000000057],[79.10233000000005,31.43775000000005],[79.08644000000004,31.44350000000003],[79.07217000000009,31.45461000000006],[79.06155000000007,31.452750000000037],[79.04789000000005,31.437310000000025],[79.02378000000004,31.422970000000078],[79.01605000000006,31.41408000000007],[79.00828000000007,31.398640000000057],[79.00686000000007,31.38575000000003],[79.00645000000003,31.381750000000068],[79.01172000000008,31.351170000000025],[79.00836000000004,31.339420000000075],[79.00214000000005,31.331860000000063],[78.99347000000006,31.330110000000047],[78.98272000000003,31.33167000000003],[78.97892000000007,31.333860000000072],[78.96986000000004,31.349000000000046],[78.96308000000005,31.352500000000077],[78.95403000000005,31.35158000000007],[78.94019000000003,31.35836000000006],[78.93700000000007,31.358060000000023],[78.93645000000004,31.357500000000073],[78.93056000000007,31.351470000000063],[78.91433000000006,31.325860000000034],[78.90638675200006,31.310536481000042],[78.87996629700007,31.29558350600007],[78.87885000000006,31.30161000000004],[78.87127000000004,31.309870000000046],[78.86657000000008,31.31538000000006],[78.86335000000008,31.31567000000007],[78.86158000000006,31.312590000000057],[78.85744102300004,31.300930080000057],[78.84944711200006,31.319528453000032],[78.82920513300007,31.304466304000073],[78.80637420800008,31.33335795100004],[78.80821313300004,31.377586677000068],[78.82104907400003,31.428620788000046],[78.83348793900007,31.460542258000032],[78.77013993800006,31.487829850000026],[78.81489882800008,31.547617066000043],[78.84413937300008,31.568921037000052],[78.88268547600006,31.598463391000053],[78.86157987300004,31.645885672000077],[78.85960591600008,31.670992245000036],[78.82212615100008,31.66454766800007],[78.78340638500003,31.70430744500004],[78.76734763400003,31.741709981000042],[78.72034372800005,31.801993096000047],[78.72325726800005,31.822971404000043],[78.72575000000006,31.828280000000063],[78.72767000000005,31.832300000000032],[78.72894000000008,31.840500000000077],[78.72994189700006,31.847015330000033],[78.73238222300006,31.85437764200003],[78.73500311500004,31.858840349000047],[78.77424644800004,31.88512914000006],[78.82194404200004,31.932326157000034],[78.81370709600003,31.944324610000024],[78.77605033500004,31.956500160000076],[78.77719000000008,31.95953000000003],[78.77881000000008,31.974920000000054],[78.77517000000006,31.98625000000004],[78.76400000000007,31.995450000000062],[78.73727000000008,32.00000000000006],[78.73239000000007,32.01069000000007],[78.70225000000005,32.02439000000004],[78.69314000000008,32.03547000000003],[78.68958000000003,32.05006000000003],[78.69186000000008,32.07897000000003],[78.69175000000007,32.07986000000005],[78.69102000000004,32.085690000000056],[78.69053000000008,32.089690000000076],[78.68975000000006,32.09111000000007],[78.68816000000004,32.09400000000005],[78.68017000000003,32.10855000000004],[78.67152000000004,32.12030000000004],[78.65836000000007,32.13178000000005],[78.65236000000004,32.13467000000003],[78.63589000000007,32.137590000000046],[78.61528000000004,32.133800000000065],[78.60880000000003,32.13439000000005],[78.59678000000008,32.14219000000003],[78.59181000000007,32.147830000000056],[78.59084000000007,32.14933000000008],[78.58536000000004,32.15781000000004],[78.57455000000004,32.18145000000004],[78.55850000000004,32.199700000000064],[78.54617000000007,32.20864000000006],[78.52114000000006,32.21828000000005],[78.48899960000006,32.226326595000046],[78.51011903900007,32.24696643300007],[78.54298869600007,32.27687298500007],[78.50775009600005,32.30587745400004],[78.50891000000007,32.31075000000004],[78.50584892100005,32.314967152000065],[78.51664116800004,32.336159950000024],[78.50934197000004,32.37120642100007],[78.50481920300007,32.40226744200004],[78.49057992000007,32.42591950600007],[78.47494362400005,32.45583559500005],[78.45235928700004,32.48005254900005],[78.43807635000007,32.51793666800006],[78.47865608000006,32.55753445600004],[78.50677630100006,32.57945872400006],[78.53457171800005,32.593689150000046],[78.57557803900005,32.60675955900007],[78.61695000200007,32.61611493400005],[78.62122711500007,32.63225741900004],[78.62609000000003,32.63291000000004],[78.63209000000006,32.63847000000004],[78.63763000000006,32.64244000000008],[78.64134219200008,32.64638420400007],[78.67331045500003,32.651350054000034],[78.71511490900008,32.69114253200007],[78.74301098800004,32.69338179700003],[78.74381000000005,32.69124000000005],[78.74570000000006,32.68724000000003],[78.74575000000004,32.68016000000006],[78.74441000000007,32.67385000000007],[78.74260000000004,32.66793000000007],[78.74171000000007,32.663200000000074],[78.74040000000008,32.657710000000066],[78.74319000000008,32.65337000000005],[78.74696000000006,32.64709000000005],[78.75634000000008,32.63848000000007],[78.76902000000007,32.62477000000007],[78.77426000000008,32.617740000000026],[78.77937000000009,32.61066000000005],[78.77927000000005,32.598700000000065],[78.77580000000006,32.59174000000007],[78.77166000000005,32.58699000000007],[78.76623000000006,32.58051000000006],[78.76153000000005,32.57433000000003],[78.75834000000003,32.566430000000025],[78.76297000000005,32.54684000000003],[78.76831000000004,32.53759000000008],[78.77929000000006,32.50552000000005],[78.77842000000004,32.49804000000006],[78.78040000000004,32.483280000000036],[78.78742000000005,32.47682000000003],[78.79351000000008,32.46977000000004],[78.79963000000004,32.45819000000006],[78.80184000000008,32.454030000000046],[78.80436000000003,32.44798000000003],[78.80852000000004,32.439220000000034],[78.81423000000007,32.43287000000004],[78.81936000000007,32.42975000000007],[78.82788000000005,32.42744000000005],[78.83405000000005,32.42228000000006],[78.83855000000005,32.41712000000007],[78.84410000000008,32.41216000000003],[78.85525000000007,32.41104000000007],[78.86175000000003,32.41107000000005],[78.86220006400004,32.410987316000046],[78.87541780900006,32.40265828200006],[78.87620000000004,32.40169000000003],[78.88153000000005,32.39855000000006],[78.88750000000005,32.39497000000006],[78.89311227800005,32.39390459900005],[78.89864812600007,32.39173575900003],[78.90135000000004,32.38922000000008],[78.90232000000003,32.382130000000075],[78.90235000000007,32.377800000000036],[78.90703000000008,32.371920000000046],[78.91495000000003,32.36723000000006],[78.92808000000008,32.36108000000007],[78.93009000000006,32.35958000000005],[78.94591000000008,32.351240000000075],[78.95831000000004,32.34156000000007],[78.95975000000004,32.340490000000045],[78.96850000000006,32.334790000000055],[78.97221000000008,32.33520000000004],[78.97309000000007,32.34229000000005],[78.97538000000003,32.34702000000004],[78.98319000000004,32.359660000000076],[78.98537633100005,32.362737811000045],[79.01804149600008,32.357406568000044],[79.03891371600008,32.37155260500003],[79.06216838700004,32.37685401300007],[79.07619893000003,32.379200841000056],[79.07919000000004,32.37790000000007],[79.08287000000007,32.37539000000004],[79.08984000000004,32.37265000000008],[79.10049000000004,32.37235000000004],[79.10220638200008,32.37546901700006],[79.11341843300005,32.36975071300003],[79.13867360600005,32.364196665000065],[79.13565016900003,32.42689777500004],[79.14285062300007,32.46389269200006],[79.16169015100007,32.47746666100005],[79.19291975700008,32.477280257000075],[79.21630133300005,32.49394218700007],[79.24176179200003,32.50831374300003],[79.26767114500007,32.51860820100006],[79.27012000000008,32.51778000000007],[79.29734000000008,32.488530000000026],[79.30493000000007,32.48655000000008],[79.31222000000008,32.48709000000002],[79.32025000000004,32.491300000000024],[79.34699000000006,32.52664000000004],[79.35997000000003,32.53595000000007],[79.36222000000004,32.53756000000004],[79.40382000000005,32.557690000000036],[79.43031000000008,32.57674000000003],[79.44801000000007,32.58608000000004],[79.46415000000007,32.59265000000005],[79.48455000000007,32.59306000000004],[79.48497000000003,32.59307000000007],[79.48854000000006,32.59283000000005],[79.50879000000003,32.59146000000004],[79.52199000000007,32.594790000000046],[79.54536000000007,32.60736000000003],[79.55357000000004,32.62027000000006],[79.55777000000006,32.63061000000005],[79.56429000000009,32.67077000000006],[79.56260000000003,32.67817000000008],[79.55540000000008,32.709640000000036],[79.54053000000005,32.74869000000007],[79.53334000000007,32.75986000000006],[79.52673000000004,32.76759000000004],[79.51524000000006,32.775270000000035],[79.49631000000005,32.784110000000055],[79.48442000000006,32.789660000000026],[79.47123000000005,32.802820000000054],[79.46452000000005,32.81674000000004],[79.45697000000007,32.87143000000003],[79.45440000000008,32.88035000000008],[79.44858000000005,32.889230000000055],[79.44186000000008,32.894660000000044],[79.43485000000004,32.900330000000054],[79.43206000000004,32.905110000000036],[79.41867000000008,32.91140000000007],[79.38712000000004,32.933080000000075],[79.36504000000008,32.956920000000025],[79.35247000000004,32.97902000000005],[79.35099000000008,32.98942000000005],[79.35003000000006,32.99618000000004],[79.35187000000008,33.01774000000006],[79.35494000000006,33.030610000000024],[79.36618000000004,33.059830000000034],[79.37231000000008,33.06746000000004],[79.37359000000004,33.07343000000003],[79.39056000000005,33.10272000000003],[79.39503000000008,33.107200000000034],[79.39726000000007,33.10943000000003],[79.39854000000008,33.11471000000006],[79.41075000000006,33.13569000000007],[79.41548000000006,33.14766000000003],[79.41754000000003,33.15524000000005],[79.41683000000006,33.166690000000074],[79.40984000000003,33.17877000000004],[79.39909000000006,33.187140000000056],[79.39362000000006,33.18893000000003],[79.37726000000004,33.189910000000054],[79.35583000000008,33.18952000000007],[79.31517000000008,33.18880000000007],[79.21237000000008,33.19476000000003],[79.20622000000003,33.19395000000003],[79.14666000000005,33.188270000000045],[79.14545000000004,33.18962000000005],[79.13146000000006,33.19847000000004],[79.12376334800007,33.198058598000046],[79.09813744700006,33.209923840000044],[79.08295765800005,33.24472437800006],[79.08118660200006,33.24720619000004],[79.08159000000006,33.24753000000004],[79.08017000000007,33.25028000000003],[79.07886000500008,33.250466492000044],[79.06420600900003,33.27100139700008],[79.06367210100007,33.271855585000026],[79.04442241800007,33.30268708500006],[79.03592525900007,33.308969141000034],[79.03534000000008,33.311150000000055],[79.03110000000004,33.31585000000007],[79.02443000000005,33.321840000000066],[79.02026000000006,33.32566000000003],[79.01602000000008,33.32630000000006],[79.01466000000005,33.326230000000066],[79.00899000000004,33.327980000000025],[78.98764037100005,33.325941046000025],[78.95400545200005,33.38191132000003],[78.94465849000005,33.387011131000065],[78.94184000000007,33.39418000000006],[78.93579000000005,33.42252000000008],[78.93297000000007,33.480030000000056],[78.93579000000005,33.48878000000008],[78.94750000000005,33.50454000000008],[78.94688000000008,33.51242000000008],[78.94676000000004,33.51392000000004],[78.92991000000006,33.535240000000044],[78.92428000000007,33.55603000000008],[78.91698000000008,33.564410000000066],[78.89728000000008,33.57743000000005],[78.89606000000003,33.58360000000005],[78.89888000000008,33.59235000000007],[78.90938000000006,33.60053000000005],[78.92519000000004,33.604190000000074],[78.93143000000003,33.60387000000003],[78.96686000000005,33.60202000000004],[79.02352000000008,33.61654000000004],[79.05750000000006,33.61537000000004],[79.07331000000005,33.61901000000006],[79.07747000000006,33.622070000000065],[79.08250000000004,33.62578000000008],[79.08720000000005,33.63753000000003],[79.08479000000005,33.649200000000064],[79.07630000000006,33.664000000000044],[79.04560000000004,33.69249000000008],[79.03008000000005,33.71521000000007],[79.02437000000003,33.72974000000005],[79.01392000000004,33.75627000000003],[79.01008000000007,33.77021000000008],[79.00581000000005,33.77818000000008],[78.99961000000008,33.79965000000004],[78.99140000000006,33.81216000000006],[78.98964000000007,33.81810000000007],[78.97343000000006,33.84608000000003],[78.97283000000004,33.84753000000006],[78.96937000000008,33.855890000000045],[78.96517000000006,33.860190000000046],[78.90559000000007,33.95040000000006],[78.90167000000008,33.95846000000006],[78.89983000000007,33.96225000000004],[78.89822000000004,33.97369000000003],[78.90406000000007,33.99670000000003],[78.91371000000004,34.00854000000004],[78.92159000000004,34.013460000000066],[78.94241000000005,34.01788000000005],[78.97186000000005,34.03136000000006],[78.98453000000006,34.03107000000006],[78.99375000000003,34.02872000000008],[79.00196000000005,34.02663000000007],[79.05394000000007,34.000560000000064],[79.08516000000003,33.993400000000065],[79.10556000000008,33.990890000000036],[79.12151000000006,33.99132000000003],[79.13342000000006,33.996050000000025],[79.17396000000008,34.012140000000045],[79.19426000000004,34.01558000000006],[79.21491000000003,34.01559000000003],[79.23643000000004,34.01194000000004],[79.25781000000006,34.016770000000065],[79.27865000000008,34.014260000000036],[79.37829000000005,34.00222000000008],[79.39727000000005,34.002410000000054],[79.40820000000008,34.008020000000045],[79.42042000000004,34.01869000000005],[79.42103000000003,34.019580000000076],[79.42500000000007,34.02538000000004],[79.43736000000007,34.06472000000008],[79.45052000000004,34.08755000000008],[79.45263000000006,34.093990000000076],[79.49408000000005,34.12555000000003],[79.50415000000004,34.13322000000005],[79.50932000000006,34.138540000000035],[79.51166000000006,34.168600000000026],[79.52997000000005,34.221280000000036],[79.53158000000008,34.224740000000054],[79.54870000000005,34.23767000000004],[79.55370000000005,34.24144000000007],[79.56371000000007,34.25712000000004],[79.57677000000007,34.29347000000007],[79.58118000000007,34.31460000000004],[79.57797000000005,34.32811000000004],[79.56439000000006,34.355450000000076],[79.55981000000008,34.36465000000004],[79.55059000000006,34.393700000000024],[79.53787000000005,34.414000000000044],[79.52100000000007,34.43472000000003],[79.51675000000006,34.44226000000003],[79.51384000000007,34.45255000000003],[79.51649000000003,34.46106000000003],[79.51910000000004,34.46281000000005],[79.52444000000008,34.46641000000005],[79.52695000000006,34.46639000000005],[79.53856000000007,34.46630000000005],[79.56136000000004,34.45801000000006],[79.59865000000008,34.44066000000004],[79.64089000000007,34.42471000000006],[79.66735000000006,34.42292000000003],[79.67438000000004,34.42244000000005],[79.69399000000004,34.42443000000003],[79.72459000000003,34.43313000000006],[79.73696000000007,34.44056000000006],[79.74216000000007,34.446330000000046],[79.74124000000006,34.454120000000046],[79.72888000000006,34.47123000000005],[79.72711000000004,34.48108000000008],[79.73119000000008,34.487310000000036],[79.73915000000005,34.49310000000003],[79.74302000000006,34.49484000000007],[79.75100000000003,34.49845000000005],[79.75452000000007,34.505130000000065],[79.74991000000006,34.52275000000003],[79.74312000000003,34.53601000000003],[79.74474000000004,34.539690000000064],[79.75629000000004,34.546880000000044],[79.77675000000005,34.550920000000076],[79.82817000000006,34.567300000000046],[79.82893000000007,34.567540000000065],[79.83830000000006,34.57287000000008],[79.85095000000007,34.58281000000005],[79.85917000000006,34.59295000000003],[79.86926000000005,34.61044000000004],[79.86839000000003,34.61433000000005],[79.87486000000007,34.634330000000034],[79.88172000000003,34.64216000000005],[79.89194000000003,34.64681000000007],[79.90247000000005,34.64871000000005],[79.92311000000007,34.65039000000007],[79.98062000000004,34.65507000000008],[79.98531000000008,34.65716000000003],[80.00000000000006,34.658600000000035],[80.03687000000008,34.66222000000005],[80.04325000000006,34.66179000000005],[80.04851000000008,34.664100000000076],[80.05070000000006,34.66778000000005],[80.05925000000008,34.67447000000004],[80.06148000000007,34.68127000000004],[80.06197000000003,34.682740000000024],[80.05601000000007,34.70152000000007],[80.05926000000005,34.71163000000007],[80.08311000000003,34.75806000000006],[80.08779000000004,34.76266000000004],[80.09163000000007,34.772080000000074],[80.11220000000003,34.79474000000005],[80.11838000000006,34.801540000000045],[80.13332000000008,34.81284000000005],[80.13468000000006,34.816970000000026],[80.15045000000003,34.82826000000006],[80.17257000000006,34.850130000000036],[80.18245000000007,34.87355000000008],[80.18597000000005,34.89169000000004],[80.18603000000007,34.89944000000003],[80.18649000000005,34.94765000000007],[80.18433000000005,35.00000000000006],[80.18393000000003,35.00980000000004],[80.18597000000005,35.02541000000008],[80.18874000000005,35.04675000000003],[80.19096000000008,35.04905000000008],[80.19257000000005,35.06098000000003],[80.19116000000008,35.063960000000066],[80.20712000000003,35.10414000000003],[80.23257000000007,35.14312000000007],[80.26419000000004,35.19146000000006],[80.26858328700007,35.20159767500007],[80.27650819700006,35.212127129000066],[80.27439826700004,35.21752286200007],[80.27626000000004,35.23989000000006],[80.27378000000004,35.26112000000006],[80.27278000000007,35.26970000000006],[80.27242000000007,35.28782000000007],[80.27563000000004,35.322460000000035],[80.28115000000008,35.339450000000056],[80.28221963100003,35.34134705500003],[80.34748967300004,35.37484474000007],[80.42195269000007,35.415132742000026],[80.46748213000006,35.43592941600008],[80.51246685900009,35.45645415900003],[80.56094282300006,35.419079675000035],[80.62890399300005,35.39471638600003],[80.72513760200007,35.34842228400004],[80.83595752800005,35.34903570800003],[80.91349352100008,35.299096372000065],[80.98676746800004,35.29064861400008],[81.04392643200003,35.31530522600008],[81.05079661100007,35.38625281700007],[81.22630342200006,35.354687891000026],[81.22060089900003,35.335795878000056],[81.36777226600003,35.35095770200007],[81.47447363400005,35.312198255000055],[81.48688738000004,35.303955631000065],[81.57524181300005,35.24523186600004],[81.65766779900008,35.24592352800005],[81.73712685800007,35.25141367400005],[81.85986190200003,35.28156851500006],[81.99092337500008,35.345430849000024],[81.99216530600006,35.34603047300004],[82.05839738000003,35.43856030200004],[82.15127311900005,35.49377106500003],[82.22526659800008,35.51790729100003],[82.26170487600007,35.542718609000076],[82.30339338300007,35.57882456100003],[82.29013453100004,35.65041467200007],[82.41630956100005,35.70821891200006],[82.56234201100006,35.679199148000066],[82.59890849900006,35.67170071800007],[82.72636467300003,35.63024505200008],[82.79951672300007,35.701458055000046],[82.84922017800005,35.69955038000006],[82.88752616700003,35.684138430000075],[82.90236976000006,35.67816395700004],[82.93627784400007,35.64518026800005],[82.93030576700005,35.576778723000075],[82.93974148000007,35.481432522000034],[83.02312095600007,35.429930041000034],[83.05682514700004,35.39047046100006],[83.24445597900007,35.39199873100006],[83.32590860200008,35.40145378900007],[83.38511858800007,35.37481938800005],[83.47046824000006,35.39970763700006],[83.50972999400005,35.35678911400004],[83.59668249400005,35.353488748000075],[83.68020927700007,35.35673947400005],[83.74017850500007,35.35764364700003],[83.88577157100008,35.37732912700005]]]}},{"type":"Feature","properties":{"code":"CN054050","name":"Nyingchi","label":"Nyingchi · 林芝市","type":"Prefecture-level city","parentCode":"CN-XZ"},"geometry":{"type":"Polygon","coordinates":[[[98.72959911600003,28.426016049000054],[98.75528767900005,28.390119995000077],[98.76489343800006,28.31701695600003],[98.72788925400005,28.228712569000038],[98.68811387000005,28.16413213800007],[98.68516851400005,28.158111278000035],[98.63287024800007,28.179021533000025],[98.57389151500007,28.195634595000058],[98.52610177900004,28.159287148000033],[98.46932024100005,28.121096628000032],[98.41262806500004,28.120731258000035],[98.40600789200005,28.215585057000055],[98.41096217400008,28.26294305600004],[98.38436483400005,28.314287233000073],[98.35507515500007,28.38516693200006],[98.33498878600005,28.411036421000063],[98.31050324900008,28.408844604000024],[98.27490825600006,28.388661075000073],[98.23535015100003,28.382782011000074],[98.24142180900009,28.35367897200007],[98.25551354700008,28.303776070000026],[98.27759907500007,28.27091031300006],[98.28543811000009,28.24378261100003],[98.25607388000009,28.20921232300003],[98.22474670700007,28.20416894600004],[98.21086341800009,28.200025123000046],[98.20255188000004,28.192855615000042],[98.18952685300007,28.159953021000035],[98.18109049300006,28.145930900000053],[98.18109008600004,28.144350003000056],[98.14453685100005,28.16895368200005],[98.10677922400004,28.175853037000024],[98.09203671000006,28.178564399000038],[98.08964642900008,28.185470946000066],[98.09192325000004,28.19163733700003],[98.08983616400008,28.198942139000053],[98.08063401200008,28.20548800000006],[98.07664957400004,28.206436676000067],[98.06422192300005,28.203970119000076],[98.05492490400007,28.204729060000034],[98.05008465400005,28.203677122000045],[98.04925509300006,28.197870184000067],[98.05167465000005,28.19427541300007],[98.05181291100007,28.19047325100007],[98.04483075800005,28.191717594000067],[98.03494513800007,28.19040412000004],[98.03391220200007,28.190567215000044],[98.01176347300009,28.230459514000074],[98.01600345700007,28.24584655500007],[98.02346952200008,28.245362643000078],[98.02305474000008,28.249510456000053],[98.02035866100005,28.258151733000034],[98.01460811100009,28.266252997000038],[98.01167671300004,28.27353421500004],[98.00723233300005,28.27693842000008],[97.99824901200009,28.280437187000075],[97.99361550900005,28.28488156700007],[97.99408831600005,28.289042263000056],[97.98879288500007,28.293392081000036],[97.97508150100003,28.295283307000034],[97.96609818000007,28.294999623000024],[97.95921486300006,28.298139381000055],[97.95344633500008,28.30636038600005],[97.95815503300008,28.31258801900003],[97.95996884000004,28.321135809000054],[97.96028973300008,28.32450520100008],[97.95788302500006,28.32627012000006],[97.94665172100008,28.326430568000035],[97.94055472600007,28.33076264300007],[97.93798757000008,28.33557605900006],[97.93766667600005,28.33990813400004],[97.92803984200003,28.343758868000066],[97.91408093500007,28.357717776000072],[97.91359959300007,28.362370745000078],[97.90894662300008,28.368307293000044],[97.90605857400004,28.36894908100004],[97.88680490700006,28.36590058400003],[97.87733852100007,28.36590058400003],[97.87541315400006,28.367505056000027],[97.87236465600006,28.367505056000027],[97.86739079200004,28.365740137000046],[97.86001022100004,28.360445379000055],[97.85856619600008,28.356915540000045],[97.84428639300006,28.35129988700004],[97.84412594500009,28.34696781200006],[97.84765578400004,28.33509471800005],[97.84220057900006,28.328676829000074],[97.83706626800006,28.33012085400003],[97.82407004300006,28.329479065000044],[97.82118199300004,28.333811140000023],[97.81781260200006,28.334773823000035],[97.81160708000004,28.333808520000048],[97.79692071300008,28.346018101000027],[97.74879340800004,28.41482519500005],[97.74419537800009,28.45276294200005],[97.74757526600007,28.47968399100006],[97.72384912500007,28.491262950000078],[97.72379053000009,28.492493442000068],[97.72234650400009,28.49570238700005],[97.71207788100008,28.50179938100007],[97.70485775700007,28.502762064000024],[97.69905698200006,28.50336214500004],[97.69070494200008,28.507438152000077],[97.69025706000008,28.518485892000058],[97.68897348300004,28.520571706000055],[97.68014888400006,28.524582887000065],[97.67212022600006,28.52426596600003],[97.67115303300005,28.525168456000074],[97.66774704400007,28.52478668300006],[97.66362282200004,28.53838134800003],[97.65208681600006,28.54193919000005],[97.65131778100005,28.538863051000078],[97.64478098500007,28.535530567000023],[97.63644977500007,28.535530567000023],[97.63298911800007,28.536812291000047],[97.62670866800005,28.531557220000025],[97.62478608000004,28.527712046000033],[97.62529877100008,28.525020425000037],[97.62018623100005,28.522514278000074],[97.61451997400007,28.529801688000077],[97.59505355800007,28.522279947000072],[97.59499544000005,28.522313222000037],[97.59620362100009,28.52886559800004],[97.59594727500007,28.531685393000032],[97.59069220400005,28.539247568000064],[97.58377089200008,28.54296456900005],[97.58069475200006,28.547835123000027],[97.56582674700007,28.546425226000053],[97.55518843300007,28.53488970400008],[97.55302168500003,28.531149802000073],[97.54570367100007,28.52707118400008],[97.53823740800004,28.523502762000078],[97.53585832900006,28.521633485000052],[97.53839784000007,28.51284404000006],[97.53493718400006,28.507717142000047],[97.52429886800007,28.50656359000004],[97.52058186800008,28.50335927800006],[97.52058186700003,28.50015496700007],[97.52362306400005,28.495973417000073],[97.52141391900005,28.492404798000052],[97.51699563000005,28.493084535000037],[97.51087799700008,28.496483220000073],[97.50187148300006,28.494953812000062],[97.49983227200005,28.492234864000068],[97.50374075900004,28.487816574000078],[97.50571386100006,28.476955751000048],[97.50315041300007,28.468880885000033],[97.50404762000005,28.465932919000068],[97.50950036200004,28.457867075000024],[97.50966437500006,28.452126587000066],[97.51196057000004,28.448026239000058],[97.52396293300006,28.433777490000068],[97.51228859900004,28.42785252500005],[97.51155773400006,28.419333081000048],[97.50515240000004,28.40774230900007],[97.51040425000008,28.405981293000025],[97.51413750200004,28.407279816000027],[97.51884464800008,28.40046257100005],[97.51348824100006,28.39380764300006],[97.51332592700004,28.381309362000025],[97.50196385200007,28.374492118000035],[97.49579587000005,28.372868964000077],[97.49173798700008,28.363941621000038],[97.49840803200004,28.358652567000036],[97.49853620400006,28.346604355000068],[97.50353493000006,28.343143699000052],[97.50796952000007,28.34154210400004],[97.50776462000005,28.336222385000042],[97.50098996100007,28.32563520100007],[97.50265286100006,28.314392274000056],[97.50490154200008,28.313689561000047],[97.50701392100007,28.31098307600007],[97.50222376700003,28.310163544000034],[97.49480101600005,28.297872159000065],[97.48916077200005,28.296121739000057],[97.48817697500004,28.30033801600007],[97.48311744200004,28.303992123000057],[97.47032806700008,28.300197474000072],[97.46583070500009,28.296824452000067],[97.47302988400008,28.289567609000073],[97.47828495400006,28.283415330000025],[97.47392709100006,28.282389951000027],[97.47200634800004,28.279864530000054],[97.44776575500003,28.287468560000036],[97.44204868400004,28.281548161000046],[97.44060225000004,28.282518123000045],[97.43150200400004,28.29072116100008],[97.42483703700003,28.297898819000068],[97.41355786100007,28.29546354200005],[97.41186235300006,28.291483834000076],[97.40445761500007,28.28700415900005],[97.40099695900005,28.282261778000077],[97.40112513100007,28.27290518800004],[97.41253248000004,28.26175418400004],[97.41432689400006,28.254063836000057],[97.41358119100005,28.25291138500006],[97.40908403700007,28.24986177100004],[97.40612385800006,28.249705972000072],[97.39561371600007,28.241374762000078],[97.38074571000004,28.23829862300005],[97.37292718900005,28.23893948600005],[97.37010739400006,28.242400142000065],[97.36703125600008,28.243169177000027],[97.35562390700005,28.242271970000047],[97.34972797400007,28.240733900000066],[97.34875873500005,28.22528827800005],[97.34594788200008,28.21601246800003],[97.34711007200008,28.20806594800007],[97.34701180200005,28.208121737000056],[97.33051000000006,28.217490000000055],[97.32754000000006,28.219130000000064],[97.31592000000006,28.22556000000003],[97.30879000000004,28.231430000000046],[97.29109000000005,28.239790000000028],[97.25738000000007,28.263130000000046],[97.24237000000005,28.27672000000007],[97.23788000000008,28.28460000000007],[97.23422000000005,28.306710000000066],[97.22962000000007,28.31024000000008],[97.22265000000004,28.311740000000043],[97.20441000000005,28.308610000000044],[97.19470000000007,28.315440000000024],[97.18981000000008,28.328850000000045],[97.18395000000004,28.334230000000048],[97.17723000000007,28.33549000000005],[97.16111000000006,28.33439000000004],[97.15547000000004,28.33770000000004],[97.15263000000004,28.350610000000074],[97.14746000000008,28.36402000000004],[97.13615000000004,28.36972000000003],[97.11931000000004,28.370690000000025],[97.09044000000006,28.36841000000004],[97.07808000000006,28.360580000000027],[97.06221000000005,28.346370000000036],[97.02379000000008,28.32104000000004],[97.01492000000007,28.318430000000035],[97.01310000000007,28.318460000000073],[97.00325000000004,28.318610000000035],[96.98268000000007,28.328350000000057],[96.97256000000004,28.32874000000004],[96.92741000000007,28.342070000000035],[96.91823000000005,28.35071000000005],[96.91559000000007,28.362000000000023],[96.90845000000007,28.36877000000004],[96.89452000000006,28.37357000000003],[96.88439000000005,28.37372000000005],[96.87050000000005,28.366350000000068],[96.86220000000009,28.366940000000056],[96.84953000000007,28.35564000000005],[96.84278000000006,28.35528000000005],[96.83814000000007,28.35719000000006],[96.82984000000005,28.357770000000073],[96.82314000000008,28.360850000000028],[96.81093000000004,28.359880000000032],[96.80035000000004,28.363480000000038],[96.77850000000007,28.36149000000006],[96.77076000000005,28.363900000000058],[96.76540000000006,28.369030000000066],[96.76522000000006,28.369570000000067],[96.76318000000003,28.375950000000046],[96.76212000000004,28.38951000000003],[96.75513000000007,28.404770000000042],[96.74412000000007,28.414330000000064],[96.70900000000006,28.42584000000005],[96.69872000000004,28.432180000000074],[96.67796000000004,28.448770000000025],[96.67074000000008,28.452080000000024],[96.65599000000003,28.455730000000074],[96.63622000000004,28.454150000000027],[96.62355000000008,28.457760000000064],[96.61540000000008,28.452360000000056],[96.60892000000007,28.452900000000056],[96.59914000000003,28.458540000000028],[96.59136000000007,28.460020000000043],[96.58092000000005,28.456480000000056],[96.54449000000005,28.43073000000004],[96.53336000000007,28.42286000000007],[96.51794000000007,28.416620000000023],[96.50572000000005,28.415850000000034],[96.47565000000009,28.419430000000034],[96.46259000000003,28.414540000000045],[96.44417000000004,28.398910000000058],[96.43755000000004,28.39026000000007],[96.43526000000008,28.374930000000063],[96.43237000000005,28.355650000000026],[96.42679000000004,28.346760000000074],[96.41427000000004,28.343230000000062],[96.39764000000008,28.341810000000066],[96.39278000000007,28.346460000000036],[96.38904000000008,28.35707000000008],[96.38572000000005,28.361240000000066],[96.37899000000004,28.36292000000003],[96.37647000000004,28.367770000000064],[96.37668000000008,28.38247000000007],[96.37183000000005,28.38826000000006],[96.35702000000003,28.38820000000004],[96.35576000000003,28.387880000000052],[96.32758000000007,28.380720000000053],[96.32059000000004,28.382630000000063],[96.31198000000006,28.397880000000043],[96.30168000000003,28.404420000000073],[96.28535000000005,28.406660000000045],[96.27571000000006,28.40447000000006],[96.27107000000007,28.407500000000027],[96.27818000000008,28.415010000000052],[96.29835000000008,28.42742000000004],[96.30312000000004,28.431080000000065],[96.33642000000003,28.456630000000075],[96.36631000000006,28.475590000000068],[96.37007000000006,28.483810000000062],[96.35861000000006,28.501160000000027],[96.33596000000006,28.517480000000035],[96.33164000000005,28.524420000000077],[96.33354000000008,28.52992000000006],[96.34299000000004,28.53693000000004],[96.34961000000004,28.545120000000054],[96.35616000000005,28.54872000000006],[96.36968000000007,28.54880000000003],[96.38013000000007,28.551900000000046],[96.39689000000004,28.560430000000053],[96.40626000000003,28.561010000000067],[96.41570000000007,28.56618000000003],[96.41576000000003,28.570550000000026],[96.40839000000005,28.58188000000007],[96.41523000000007,28.587320000000034],[96.42446000000007,28.578250000000025],[96.43363000000005,28.58251000000007],[96.44843000000009,28.597720000000038],[96.47028000000006,28.61560000000003],[96.48791000000006,28.62779000000006],[96.49459000000007,28.639640000000043],[96.49064000000004,28.65324000000004],[96.47371000000004,28.67020000000008],[96.47281000000004,28.679170000000056],[96.47597000000007,28.68166000000008],[96.47951000000006,28.681800000000067],[96.49786000000006,28.68255000000005],[96.50680000000006,28.688410000000033],[96.51980000000003,28.703860000000077],[96.53168000000005,28.714050000000043],[96.53846000000004,28.71511000000004],[96.54858000000007,28.712920000000054],[96.55502000000007,28.708470000000034],[96.56358000000006,28.705840000000023],[96.58901000000009,28.716310000000078],[96.59888000000007,28.723320000000058],[96.60297000000008,28.726230000000044],[96.60803000000004,28.73282000000006],[96.61662000000007,28.748330000000067],[96.62218000000007,28.769150000000025],[96.62262000000004,28.779940000000067],[96.61835000000008,28.789400000000057],[96.60914000000008,28.800320000000056],[96.59418000000005,28.809690000000046],[96.58081000000004,28.821350000000052],[96.57703000000004,28.828250000000025],[96.57422000000008,28.83337000000006],[96.54234000000008,28.87877000000003],[96.53921000000008,28.894880000000057],[96.54227000000009,28.906780000000026],[96.54138000000006,28.916670000000067],[96.53479000000004,28.92915000000005],[96.52296000000007,28.939850000000035],[96.51961000000006,28.94288000000006],[96.51896000000005,28.951610000000073],[96.52117000000004,28.95939000000004],[96.51787000000007,28.965400000000045],[96.50473000000005,28.95959000000005],[96.49690000000004,28.960150000000056],[96.49406000000005,28.961790000000065],[96.48106000000007,28.982150000000047],[96.48361000000006,28.995430000000056],[96.49740000000008,29.026490000000024],[96.50028000000003,29.031440000000032],[96.51807000000008,29.062050000000056],[96.51950000000005,29.069840000000056],[96.51540000000006,29.07517000000007],[96.50809000000004,29.07549000000006],[96.47043000000008,29.056430000000034],[96.45669000000004,29.04603000000003],[96.44352000000003,29.03884000000005],[96.43971000000005,29.03860000000003],[96.43149000000005,29.03807000000006],[96.42106000000007,29.03956000000005],[96.38946000000004,29.040380000000027],[96.35389000000004,29.03711000000004],[96.34599000000009,29.03237000000007],[96.33433000000008,29.021020000000078],[96.32148000000007,29.016800000000046],[96.31119000000007,29.005160000000046],[96.30238000000008,28.995200000000068],[96.23177000000004,28.926600000000064],[96.21091000000007,28.916210000000035],[96.20105000000007,28.91130000000004],[96.18944000000005,28.90062000000006],[96.17847000000006,28.900270000000035],[96.17328000000003,28.902390000000025],[96.16900000000004,28.914370000000076],[96.15713000000005,28.925280000000043],[96.15406000000007,28.93127000000004],[96.15678000000008,28.93974000000003],[96.15513000000004,28.953990000000033],[96.16016000000008,28.959910000000036],[96.17928000000006,28.96547000000004],[96.18231000000009,28.968870000000038],[96.18272000000007,28.969340000000045],[96.18666000000007,28.97090000000003],[96.19226000000003,28.979570000000024],[96.19261000000006,28.987610000000075],[96.17983000000004,29.00977000000006],[96.16721000000007,29.02367000000004],[96.16499000000005,29.034250000000043],[96.15457000000004,29.057770000000062],[96.14114000000006,29.070980000000077],[96.13321000000008,29.073680000000024],[96.12448000000006,29.07665000000003],[96.12924000000004,29.08143000000007],[96.15907000000004,29.08481000000006],[96.16959000000008,29.08976000000007],[96.17877000000004,29.092200000000048],[96.19078000000007,29.09116000000006],[96.19944000000004,29.094290000000058],[96.21653000000003,29.12259000000006],[96.22062000000005,29.137640000000033],[96.22312000000005,29.14685000000003],[96.22838000000007,29.150010000000066],[96.24014000000005,29.14829000000003],[96.25076000000007,29.161260000000027],[96.25763000000006,29.16601000000003],[96.26312000000007,29.166180000000054],[96.27954000000005,29.16234000000003],[96.28871000000004,29.162930000000074],[96.30551000000008,29.167800000000057],[96.34334000000007,29.17363000000006],[96.34588000000008,29.17402000000004],[96.35775000000007,29.18101000000007],[96.36253000000005,29.186690000000056],[96.36330000000004,29.203670000000045],[96.36629000000005,29.21145000000007],[96.37925000000007,29.221400000000074],[96.38357000000008,29.23007000000007],[96.39503000000008,29.24487000000005],[96.39670000000007,29.25174000000004],[96.39467000000008,29.25589000000008],[96.38462000000004,29.26702000000006],[96.38287000000008,29.273240000000044],[96.37939000000006,29.276590000000056],[96.37685000000005,29.27905000000004],[96.37569000000008,29.283190000000047],[96.36182000000008,29.283800000000042],[96.34768000000008,29.26514000000003],[96.34084000000007,29.262230000000045],[96.32011000000006,29.25947000000008],[96.31302000000005,29.257250000000056],[96.30611000000005,29.250440000000026],[96.29941000000008,29.23857000000004],[96.29284000000007,29.236120000000028],[96.27535000000006,29.23929000000004],[96.26659000000006,29.23666000000003],[96.25984000000005,29.23463000000004],[96.25175000000007,29.23586000000006],[96.23543000000006,29.249340000000075],[96.22641000000004,29.259990000000073],[96.21527000000003,29.269280000000037],[96.19782000000004,29.297470000000033],[96.19058000000007,29.304880000000026],[96.18910000000005,29.312010000000043],[96.19087000000007,29.327600000000075],[96.19052000000005,29.329150000000027],[96.18739000000005,29.343020000000024],[96.17969000000005,29.35549000000003],[96.14199000000008,29.40107000000006],[96.14204000000007,29.404510000000073],[96.12694000000005,29.414070000000038],[96.11844000000008,29.426310000000058],[96.11500000000007,29.433190000000025],[96.10794000000004,29.44730000000004],[96.09804000000008,29.452440000000024],[96.08730000000008,29.453450000000032],[96.06550000000004,29.450660000000028],[96.06075000000004,29.44864000000007],[96.04486000000009,29.43455000000006],[96.01989000000003,29.404700000000048],[96.01634000000007,29.394600000000025],[96.01043000000004,29.37770000000006],[95.99857000000009,29.36701000000005],[95.99406000000005,29.367050000000063],[95.98206000000005,29.371740000000045],[95.97550000000007,29.371800000000064],[95.96578000000005,29.36889000000008],[95.95366000000007,29.36280000000005],[95.94894000000005,29.362150000000042],[95.93761000000006,29.356270000000052],[95.93096000000008,29.34645000000006],[95.92122000000006,29.34125000000006],[95.90656000000007,29.335540000000037],[95.88598000000007,29.32752000000005],[95.87406000000004,29.313840000000027],[95.86388000000005,29.31782000000004],[95.85496000000006,29.31582000000003],[95.84868000000006,29.316100000000063],[95.84321000000006,29.319350000000043],[95.83908000000008,29.326040000000035],[95.84021000000007,29.334520000000055],[95.83453000000009,29.344210000000032],[95.82279000000005,29.348190000000045],[95.81490000000008,29.34573000000006],[95.80165000000005,29.336680000000058],[95.80093000000005,29.336190000000045],[95.75834000000003,29.31812000000008],[95.74307000000005,29.30904000000004],[95.73801000000003,29.29920000000004],[95.74629000000004,29.28675000000004],[95.74564000000004,29.271150000000034],[95.73134000000005,29.247280000000046],[95.72838000000007,29.24234000000007],[95.72938000000005,29.236360000000047],[95.74316000000005,29.22526000000005],[95.74390000000005,29.220890000000054],[95.74205000000006,29.218150000000037],[95.73733000000004,29.216800000000035],[95.72767000000005,29.219390000000033],[95.70847000000003,29.20712000000003],[95.70484000000005,29.211500000000058],[95.70360000000005,29.219310000000064],[95.69840000000005,29.224170000000072],[95.68744000000004,29.227680000000078],[95.66150000000005,29.223480000000052],[95.65871000000004,29.22144000000003],[95.64966000000004,29.214830000000063],[95.64313000000004,29.21556000000004],[95.62622000000005,29.229660000000024],[95.61604000000005,29.234080000000063],[95.61003000000005,29.23503000000005],[95.60138000000006,29.23186000000004],[95.59506000000005,29.226620000000025],[95.59888000000007,29.212600000000066],[95.59782000000007,29.21008000000006],[95.59884000000005,29.205710000000067],[95.60584000000006,29.197640000000035],[95.60109000000006,29.191700000000026],[95.58798000000007,29.186720000000037],[95.58151000000004,29.18268000000006],[95.57668000000007,29.179670000000044],[95.56699000000003,29.176510000000064],[95.55314000000004,29.17933000000005],[95.51555000000008,29.19055000000003],[95.50744000000003,29.19082000000003],[95.50113000000005,29.18580000000003],[95.50606000000005,29.180030000000045],[95.51225000000005,29.164160000000038],[95.51321000000007,29.15107000000006],[95.50973000000005,29.138240000000053],[95.50315000000006,29.131610000000023],[95.49585000000008,29.134630000000072],[95.48362000000009,29.144100000000037],[95.47761000000008,29.14528000000007],[95.46241000000003,29.13984000000005],[95.45824000000005,29.14124000000004],[95.45335000000006,29.155490000000043],[95.45212000000004,29.168810000000065],[95.45795000000004,29.18348000000003],[95.45276000000007,29.18924000000004],[95.43603000000007,29.191610000000026],[95.43054000000006,29.188010000000077],[95.42211000000003,29.18249000000003],[95.41684000000004,29.17425000000003],[95.41784000000007,29.164840000000027],[95.41437000000008,29.152680000000032],[95.40935000000007,29.14283000000006],[95.40983000000006,29.134570000000053],[95.40640000000008,29.12770000000006],[95.40091000000007,29.127950000000055],[95.38710000000003,29.136960000000045],[95.34260000000006,29.13695000000007],[95.33298000000008,29.13694000000004],[95.32198000000005,29.132850000000076],[95.31622000000004,29.13241000000005],[95.30685000000005,29.140480000000025],[95.30161000000004,29.14050000000003],[95.27536000000003,29.113960000000077],[95.26851000000005,29.099290000000053],[95.26894000000004,29.07633000000004],[95.26135000000005,29.072910000000036],[95.25848000000008,29.073840000000075],[95.25698000000006,29.075270000000046],[95.24468000000007,29.086970000000065],[95.23763000000008,29.09066000000007],[95.22357000000005,29.10471000000007],[95.21548000000007,29.10818000000006],[95.20712000000003,29.10889000000003],[95.18384000000003,29.103210000000047],[95.17574000000008,29.103230000000053],[95.16292000000004,29.100280000000055],[95.14068000000003,29.09161000000006],[95.13187000000005,29.090940000000046],[95.12317000000007,29.090280000000064],[95.10567000000003,29.09582000000006],[95.10332000000005,29.097890000000064],[95.10229000000004,29.101800000000026],[95.10910000000007,29.107290000000035],[95.11173000000008,29.11280000000005],[95.10940000000005,29.123820000000023],[95.09950000000003,29.139680000000055],[95.09245000000004,29.144280000000037],[95.08592000000004,29.145670000000052],[95.06422000000003,29.145030000000077],[95.05011000000007,29.15193000000005],[95.04442000000006,29.15265000000005],[95.03338000000008,29.154030000000034],[95.02685000000008,29.158630000000073],[95.00306000000006,29.16670000000005],[95.00983000000008,29.145340000000033],[95.01896000000005,29.132700000000057],[95.01608000000004,29.128340000000037],[95.00745000000006,29.12997000000007],[95.00000000000006,29.134240000000034],[94.98942000000005,29.14032000000003],[94.97480000000007,29.152730000000076],[94.97010000000006,29.156870000000026],[94.95599000000004,29.161240000000078],[94.94160000000005,29.161260000000027],[94.93024000000008,29.15963000000005],[94.91936000000004,29.158060000000035],[94.91048000000006,29.15922000000006],[94.89924000000008,29.16978000000006],[94.88747000000006,29.177140000000065],[94.87413000000004,29.180580000000077],[94.85138000000006,29.181280000000072],[94.82862000000006,29.178990000000056],[94.80509000000006,29.167050000000074],[94.80142000000006,29.168660000000045],[94.80019000000004,29.170100000000048],[94.79750000000007,29.173250000000053],[94.79619000000008,29.182660000000055],[94.79749000000004,29.194830000000024],[94.79566000000005,29.210890000000063],[94.79330000000004,29.21503000000007],[94.76765000000006,29.22213000000005],[94.75770000000006,29.227180000000033],[94.74801000000008,29.237960000000044],[94.74223000000006,29.260000000000048],[94.73603000000008,29.268140000000074],[94.73384000000004,29.271010000000047],[94.72807000000006,29.283630000000073],[94.72230000000008,29.289590000000032],[94.70999000000006,29.29555000000005],[94.70081000000005,29.307710000000043],[94.69138000000004,29.31206000000003],[94.68169000000006,29.31206000000003],[94.66415000000006,29.30308000000008],[94.65447000000006,29.30514000000005],[94.63510000000008,29.295930000000055],[94.62306000000007,29.293850000000077],[94.61679000000004,29.286730000000034],[94.61131000000006,29.28305000000006],[94.58725000000004,29.270160000000033],[94.57053000000008,29.25452000000007],[94.55985000000004,29.237970000000075],[94.55150000000003,29.228090000000066],[94.54340000000008,29.22371000000004],[94.53388000000007,29.22353000000004],[94.53005000000007,29.22345000000007],[94.50570000000005,29.230060000000037],[94.49340000000007,29.230950000000064],[94.48294000000004,29.227940000000046],[94.46100000000007,29.215950000000078],[94.44898000000006,29.213850000000036],[94.43955000000005,29.217270000000042],[94.43144000000007,29.216560000000072],[94.42386000000005,29.21401000000003],[94.40561000000008,29.19697000000008],[94.38944000000004,29.185220000000072],[94.38137000000006,29.17509000000007],[94.37100000000004,29.155550000000062],[94.36503000000005,29.148880000000077],[94.35745000000009,29.14518000000004],[94.35530000000006,29.145170000000064],[94.34202000000005,29.145120000000077],[94.33548000000008,29.14694000000003],[94.31090000000006,29.147770000000037],[94.28820000000007,29.138040000000046],[94.27518000000003,29.128580000000056],[94.26585000000006,29.11316000000005],[94.26272000000006,29.11155000000008],[94.24400000000009,29.09265000000005],[94.24021000000005,29.090020000000038],[94.22501000000005,29.079480000000046],[94.21644000000003,29.07003000000003],[94.20894000000004,29.056910000000073],[94.19492000000008,29.04078000000004],[94.18536000000006,29.023520000000076],[94.17713000000003,29.003280000000075],[94.16601000000009,28.98739000000006],[94.16350000000006,28.985660000000053],[94.14391000000006,28.97213000000005],[94.13925000000006,28.966140000000053],[94.13567000000006,28.955100000000073],[94.13177000000007,28.953940000000046],[94.12550000000005,28.95506000000006],[94.09504000000004,28.980150000000037],[94.07855000000006,28.987180000000023],[94.05322000000007,28.98613000000006],[94.05204000000003,28.985470000000078],[94.04282000000006,28.980330000000038],[94.03300000000007,28.96765000000005],[94.05651000000006,28.894540000000063],[94.05741000000006,28.87802000000005],[94.05216000000007,28.870580000000075],[94.04993000000007,28.86742000000004],[94.04396000000008,28.863480000000038],[94.03589000000005,28.862060000000042],[94.02289000000007,28.856930000000034],[94.01357000000007,28.84701000000007],[94.00423000000006,28.841440000000034],[93.99200000000008,28.83862000000005],[93.97604000000007,28.845870000000048],[93.96691000000004,28.84558000000004],[93.94927000000007,28.83445000000006],[93.93780000000004,28.834380000000067],[93.93262000000004,28.830900000000042],[93.93064000000004,28.827950000000044],[93.92953000000006,28.82629000000003],[93.93037000000004,28.81895000000003],[93.93540000000007,28.81003000000004],[93.95247000000006,28.794530000000066],[93.95100000000008,28.784410000000037],[93.94611000000003,28.776580000000024],[93.94068000000004,28.77195000000006],[93.93003000000004,28.766830000000027],[93.90918000000005,28.767610000000047],[93.88545000000005,28.77090000000004],[93.87485000000004,28.770830000000046],[93.86095000000006,28.770740000000046],[93.83882000000006,28.768740000000037],[93.82662000000005,28.764290000000074],[93.76440000000008,28.70667000000003],[93.76150000000007,28.704710000000034],[93.74268000000006,28.692030000000045],[93.73125000000005,28.68942000000004],[93.72237000000007,28.690960000000075],[93.70766000000003,28.70324000000005],[93.69076000000007,28.701260000000048],[93.68871000000007,28.698030000000074],[93.68678000000006,28.684470000000033],[93.68061000000006,28.67730000000006],[93.67283000000003,28.67425000000003],[93.66268000000008,28.67371000000003],[93.65380000000005,28.67616000000004],[93.65036000000003,28.676320000000032],[93.64104000000003,28.676740000000052],[93.61646000000007,28.685490000000073],[93.60578000000004,28.68631000000005],[93.59409000000005,28.684370000000058],[93.56829000000005,28.68598000000003],[93.51016000000004,28.677770000000066],[93.50045000000006,28.676390000000026],[93.49441013800003,28.67652256200006],[93.46608807400008,28.68794631700007],[93.44478282700004,28.70381535000007],[93.41004144800007,28.718318534000048],[93.38676559600003,28.72196267100003],[93.37851232000008,28.725448998000047],[93.36993536200004,28.743560107000064],[93.36371043300005,28.752538315000038],[93.35298501800008,28.75985625800007],[93.30797876500009,28.75357967700006],[93.25785566500008,28.74411550700006],[93.20284806200004,28.73989225400004],[93.15618827400004,28.74564126100006],[93.12196689700005,28.741848908000065],[93.06611243800006,28.73771161600007],[93.02358787100007,28.743599021000023],[93.00322857400005,28.746030826000037],[92.99055078800006,28.74325661100005],[92.96748766700006,28.727366731000075],[92.93779347100008,28.71125143300003],[92.90022032800005,28.69982249000003],[92.87594246600008,28.692678253000054],[92.83177258300003,28.69254798000003],[92.80537351400005,28.700312488000066],[92.78421742800003,28.71608732900006],[92.76121156400006,28.73695087300007],[92.73466184900008,28.751417752000066],[92.71063827200004,28.76759354400008],[92.69008056900003,28.779373597000074],[92.68614188300006,28.782790503000058],[92.66550629600005,28.800685293000072],[92.68279827400005,28.84139216400007],[92.70170226000005,28.869644767000068],[92.72803476200005,28.889882811000064],[92.75774516000007,28.90117530200007],[92.77669729700006,28.92568816200003],[92.79312681800008,28.968076147000033],[92.80436939100008,29.002887437000027],[92.81371055800008,29.029089647000035],[92.83797821100006,29.06069958200004],[92.86613889700004,29.07969507100006],[92.90629238500009,29.091637579000064],[92.93782373200008,29.105401030000053],[92.96254817600004,29.123053938000055],[92.98708830100009,29.160696785000027],[93.00946672600008,29.19156964900003],[93.03694696400004,29.234639508000043],[93.06149632700004,29.268992600000047],[93.08190490200008,29.291713317000074],[93.12071833600004,29.31412024000008],[93.13104751800006,29.345493135000027],[93.10999760000004,29.379948240000033],[93.10074077700006,29.408709716000033],[93.11098956300003,29.44836742700005],[93.10812698500007,29.495112876000064],[93.08805457800008,29.525937560000045],[93.06195430100007,29.554709753000054],[93.02748410200007,29.586737844000027],[93.01332338600008,29.62006606700004],[93.00557782600004,29.66385854600003],[92.96857490800005,29.683499081000036],[92.93596782200007,29.705476102000034],[92.90517488400008,29.69602233300003],[92.85892207500007,29.673212508000063],[92.82563009600005,29.659274663000076],[92.79240395000005,29.652305391000027],[92.75568909400005,29.64028540700008],[92.72287104500003,29.65613771200003],[92.70729707400005,29.683697497000026],[92.67083163000007,29.677257698000062],[92.63494313400008,29.655984396000065],[92.60217193300008,29.653199896000046],[92.57307740100003,29.62523301400006],[92.55825118000007,29.59701979500005],[92.54004429700007,29.559568643000034],[92.50568410500006,29.546332595000024],[92.50019752000009,29.580145273000028],[92.49333048200003,29.616127525000024],[92.49964424900008,29.64477578800006],[92.51834164000007,29.675298303000034],[92.53826552700008,29.70827855700003],[92.52513529500004,29.740280700000028],[92.49974394700007,29.769489641000064],[92.46779180800007,29.775137639000036],[92.43165220400005,29.773320978000072],[92.39272523800008,29.783267094000053],[92.37540900600004,29.789293514000065],[92.35655706600005,29.795850407000046],[92.32465577300007,29.807986262000043],[92.27733356200008,29.824373726000033],[92.24209519200008,29.837494081000045],[92.19672049400003,29.86524489800007],[92.17799142200005,29.887724570000046],[92.18436711200007,29.91545522200005],[92.22228656300007,29.926854780000042],[92.25476137900006,29.946448401000055],[92.27896538800007,29.968327318000036],[92.30245235900009,29.991516491000027],[92.34110517800008,30.015978407000034],[92.37445025700003,29.994700694000073],[92.41722818700003,29.998677911000073],[92.44827800900003,30.01758024600008],[92.46386671100004,30.04447058100004],[92.46178735600006,30.076318653000044],[92.49898764200003,30.09682800400003],[92.53075164900008,30.100438706000034],[92.55081745700005,30.122305588000074],[92.61283159400006,30.16177858100008],[92.63475313800006,30.189346700000044],[92.63824931200008,30.230638833000057],[92.63872512900008,30.292637412000033],[92.69924626400007,30.292303566000044],[92.71663775800005,30.32955146000006],[92.75143465500008,30.33482238000005],[92.76290413200007,30.372795563000068],[92.79408662700007,30.39947975700005],[92.79415760200004,30.428284877000067],[92.78153783500005,30.46032794100006],[92.80153184800008,30.505732926000064],[92.82827626500006,30.523077314000034],[92.87422055300004,30.532773503000044],[92.90399989400004,30.54393267300003],[92.90489484100004,30.570962033000058],[92.92362144600008,30.603648760000056],[92.96142728500007,30.596169133000046],[92.98474308300007,30.57456933000003],[93.02955934300007,30.585001223000063],[93.04387674300006,30.55545184500005],[93.03940108100005,30.527116506000027],[93.05757977000007,30.504013265000026],[93.10068009600008,30.48499574400006],[93.11671886400006,30.45794287600006],[93.12117573300009,30.426389131000064],[93.14811456500007,30.397257547000038],[93.18125058000004,30.418462082000076],[93.21397681400003,30.453997852000043],[93.26893365400008,30.49049469700003],[93.30716826600008,30.49456126800004],[93.33991843000007,30.47296982000006],[93.37339224700008,30.45376658500004],[93.41368303600007,30.442700691000027],[93.43171733200006,30.404222857000036],[93.42915322800008,30.376569757000027],[93.43142969200005,30.328999433000035],[93.45850792600004,30.313281608000068],[93.49681489600005,30.308480375000045],[93.54026289500007,30.29306430500003],[93.57468782400008,30.27762197800007],[93.62439528500005,30.274435830000073],[93.65633865600006,30.28516714600005],[93.69197264900004,30.276315772000032],[93.72311658800004,30.285092787000053],[93.75647119500007,30.277379301000053],[93.78929785600008,30.289557485000046],[93.82108135300007,30.301618271000052],[93.86281417400005,30.302614667000057],[93.89126270300005,30.324060260000067],[93.92356516700005,30.316194917000075],[93.94418429300003,30.29229950200005],[93.98785677100005,30.28649082800007],[94.03091254200007,30.33023650100006],[94.03245377700006,30.35914736600006],[94.05311439300004,30.379764564000027],[94.09435032000005,30.384799719000057],[94.11239232600008,30.413493129000074],[94.10412426100004,30.444664678000038],[94.14218644600004,30.458176494000043],[94.13006808700004,30.49453156900006],[94.17669875400009,30.502879636000046],[94.21119252600005,30.519727442000033],[94.24819852300004,30.541907259000027],[94.29414400800005,30.564946444000043],[94.32564274500004,30.58053453800005],[94.35837983200008,30.59067191400004],[94.38646512000008,30.57022636000005],[94.39958836300008,30.537666700000045],[94.43922765900004,30.535008728000037],[94.46894767800006,30.556409987000052],[94.48512010700006,30.588554215000045],[94.51247418900005,30.603682503000073],[94.55383361900005,30.62153889600006],[94.60017035900006,30.63799754200005],[94.64420537000007,30.656066895000038],[94.68385942700007,30.67093088000007],[94.72064393300008,30.661420084000042],[94.76285804800006,30.642218722000052],[94.80136529100008,30.61385821600004],[94.83858812700004,30.596017587000063],[94.87722124200008,30.57505421500008],[94.92321128500004,30.550126782000063],[94.96346034700008,30.546420531000024],[95.00200742600003,30.548103722000064],[95.05156442100008,30.555409031000067],[95.09974654100006,30.569975202000023],[95.11080438200008,30.60246801900007],[95.09962522300003,30.63432805000008],[95.10585133800004,30.66730642500005],[95.14513697800004,30.672240637000073],[95.17226458000005,30.644590297000036],[95.18844880200004,30.61964931700004],[95.22342901600007,30.638526656000067],[95.25022474500008,30.65480721800003],[95.28619313200005,30.660783373000072],[95.31610663600009,30.645380535000072],[95.35107641200005,30.633917835000034],[95.33874627900008,30.600627830000064],[95.33442601400009,30.56412920400004],[95.37312358400004,30.55504364600006],[95.40580287700004,30.57087907500005],[95.42736081600003,30.591285451000033],[95.46941400700007,30.608844930000032],[95.51697498200008,30.596308049000072],[95.55324173000008,30.585090064000042],[95.59435768400004,30.568260545000044],[95.64278518500004,30.561756557000024],[95.67747022600008,30.559620245000076],[95.71566577600004,30.544804501000044],[95.71392867900005,30.51224800600005],[95.70399429000008,30.486868539000056],[95.72703023500009,30.46010836100004],[95.75649409200008,30.442216187000042],[95.77452916200008,30.41733386900006],[95.80048524000006,30.387548629000037],[95.82268153900009,30.363001091000058],[95.86616442400003,30.351803791000066],[95.87738935100003,30.320761565000055],[95.88764457700006,30.293802232000075],[95.91458950500004,30.268689239000025],[95.94195278000007,30.244531797000036],[95.97199683400004,30.224760814000035],[96.00621415600006,30.225740879000057],[96.04865343800003,30.23388151900008],[96.08925713100007,30.234440679000045],[96.10196834300007,30.20351416400007],[96.14556442200006,30.195503944000052],[96.18400807500007,30.206499691000033],[96.21872708400008,30.227800246000072],[96.23032259500008,30.25322628600003],[96.24539676900008,30.28587039100006],[96.27533442800006,30.29748820100008],[96.32253309100008,30.31094274800006],[96.36766104600008,30.334900297000047],[96.43418014900004,30.330978026000025],[96.46574941400007,30.30669067200006],[96.47610043800006,30.272382513000025],[96.48719349300006,30.246477326000047],[96.52402944000005,30.253612513000064],[96.55969940000006,30.26203419500007],[96.58303746800004,30.240340296000056],[96.58586538600008,30.206834752000077],[96.59705812100003,30.179546146000064],[96.62780664500008,30.151958036000053],[96.66906234500004,30.14598172600006],[96.67554546500008,30.101652786000045],[96.66580747400008,30.06667522200007],[96.65837625800003,30.035108326000056],[96.62107420000007,29.996555538000052],[96.57890933700008,29.991362223000067],[96.57121939200005,29.957444663000047],[96.56648353500003,29.91495495500004],[96.54860417800006,29.882979225000042],[96.52785100500006,29.853541284000073],[96.50680868000006,29.821748975000048],[96.49702800200004,29.79316775800004],[96.51999270700009,29.757467461000033],[96.54930941800006,29.72642849300007],[96.57551761900004,29.694662572000027],[96.58895762000009,29.66975579600006],[96.59148949000007,29.632838088000028],[96.57554226500008,29.607899374000056],[96.54398303500005,29.576589719000026],[96.51607353200006,29.54556441400007],[96.49108049900008,29.517089759000044],[96.47397444800004,29.493895321000025],[96.47824982500003,29.46079971000006],[96.49081909300008,29.42327497200006],[96.49510022500004,29.395790547000047],[96.53594112200005,29.395342827000036],[96.57099045000007,29.395378891000064],[96.58162742600007,29.367039783000052],[96.61120998700005,29.321732568000073],[96.63660192100008,29.292310237000038],[96.65496573000007,29.265106349000064],[96.67447037000005,29.242156829000066],[96.71641538700004,29.245967689000054],[96.74875367900006,29.241132133000065],[96.77389596700004,29.22414403700003],[96.79822651900008,29.199210566000033],[96.83309712700009,29.156575082000074],[96.86872160600007,29.13295421600003],[96.90098654300004,29.122482105000074],[96.94111141800005,29.138981597000054],[96.94725355100007,29.17322994400007],[96.97842531700007,29.21861397400005],[96.99317611100008,29.244700269000077],[96.98440381600005,29.276870382000027],[96.99604434500009,29.319344326000078],[96.99810548400006,29.363869799000042],[96.99243470100004,29.396275004000074],[96.95963783300004,29.406350237000026],[96.95379939600008,29.440618191000056],[96.98466186800005,29.46232261700004],[96.99099025100008,29.489640515000076],[97.03235758900007,29.505629200000044],[97.08168152200005,29.50369165500007],[97.10909286200007,29.523376592000034],[97.13261693100009,29.495000141000048],[97.16765832700008,29.46191460600005],[97.17459980200005,29.43190844700007],[97.22172546700006,29.437292944000035],[97.27321674000007,29.446721842000045],[97.30348171300005,29.45964610900006],[97.33113211700004,29.472373357000038],[97.37048721400004,29.471629375000077],[97.38580797600008,29.434823520000066],[97.38024287700006,29.40341104500004],[97.40120717600007,29.37351300100005],[97.41685187100006,29.34459298300004],[97.43030938000004,29.29884552900006],[97.45166341500004,29.26383276100006],[97.46491152200008,29.22590531000003],[97.46451939300005,29.182829113000025],[97.46344933500006,29.141548194000052],[97.47068679800003,29.112429547000033],[97.50293457300006,29.088783858000056],[97.53543669100009,29.091995670000074],[97.57785401000007,29.113013159000047],[97.57387784300005,29.140984868000032],[97.54458172300008,29.160706401000027],[97.53362822800005,29.19698307500005],[97.53912536700005,29.22376107300005],[97.55051996100008,29.254663183000048],[97.57509505400009,29.27814667800004],[97.62210620000008,29.283267566000063],[97.66378345900006,29.271305599000073],[97.69142266700004,29.258826714000065],[97.73291711300004,29.230127233000076],[97.76733740900005,29.204632110000034],[97.79843551500005,29.181218645000058],[97.80697628700005,29.153519497000048],[97.82207279100004,29.122093507000045],[97.84393308200004,29.096682688000044],[97.87679857700005,29.089126277000048],[97.91674469300006,29.09638303400004],[97.95512418600003,29.110491486000058],[98.00585918500008,29.139470224000036],[98.04368670300005,29.12891865200004],[98.07559189900007,29.12089232900007],[98.09009709100008,29.08299635800006],[98.06518112500004,29.056333980000034],[98.03951190000004,29.04393930200007],[98.03951196400004,29.043938512000068],[98.04006474100004,29.03716001400005],[98.04266302900004,29.03219064500007],[98.04855905800008,29.02903931700007],[98.06321166100008,29.02992340800006],[98.07751618700007,29.03510160600007],[98.08363588500004,29.033041249000064],[98.08591975700006,29.028052124000055],[98.08887717900006,29.014739133000035],[98.09488518500007,29.002418336000062],[98.08598426900005,28.980836943000043],[98.08672316000008,28.971706803000075],[98.09093958000005,28.966023644000074],[98.11029130500003,28.943438110000045],[98.13006752800004,28.907650597000043],[98.13582241100005,28.906105438000054],[98.14193148700008,28.904041396000025],[98.14838456800004,28.897679565000033],[98.14707941700004,28.874931574000072],[98.14555646100007,28.87052243000005],[98.14596531100005,28.865418847000058],[98.15120222100006,28.862492562000057],[98.16206116300003,28.859631084000057],[98.17280191700007,28.862159460000044],[98.17653601700005,28.862381413000037],[98.19050578300005,28.85970211700004],[98.20195510900004,28.861190187000034],[98.21000733700004,28.870032992000063],[98.22755138700006,28.897246206000034],[98.22895144100005,28.903265625000074],[98.22701763000003,28.91583477000006],[98.22854558400007,28.92024238700003],[98.23446215600006,28.92059084500005],[98.23747719900007,28.918069841000033],[98.24003917700009,28.91336331800005],[98.24511295900004,28.908534540000062],[98.25715646100008,28.906543404000047],[98.25927865100005,28.903429716000062],[98.25893745000008,28.89585379300007],[98.25813054400004,28.89418730400007],[98.26544466600006,28.88867943100007],[98.27842408400005,28.88269315100007],[98.29364362800004,28.876026667000076],[98.30467993000008,28.85885946800005],[98.31169561500008,28.833090301000027],[98.31632035400008,28.80987920000007],[98.32028975600008,28.799044421000076],[98.32522662900004,28.795822986000076],[98.33331451600009,28.792244676000053],[98.34938396600006,28.786429745000078],[98.35829858000005,28.784247168000036],[98.36590899400005,28.77470098400005],[98.37047046500004,28.76821694800003],[98.37733117500005,28.764294714000073],[98.39007665600008,28.765030025000044],[98.41094830900005,28.773788400000058],[98.41952985000006,28.775900455000055],[98.43694121300007,28.776898006000067],[98.43886847400006,28.776198574000034],[98.45012047100005,28.771983525000053],[98.45550242900003,28.762844297000072],[98.47399317600008,28.725031068000078],[98.47959861700008,28.716982474000076],[98.47923871500006,28.709404032000066],[98.47956566300007,28.705103740000027],[98.47541280700005,28.69406990300007],[98.48043932100006,28.66898105100006],[98.47998110200007,28.64627819800006],[98.48424874200003,28.631132705000027],[98.50036905100006,28.599381050000034],[98.51926692200004,28.580203194000035],[98.53939076700004,28.569461370000056],[98.54803384400009,28.558068898000045],[98.55475347300006,28.547377250000068],[98.55133466600006,28.543134209000073],[98.54260439700005,28.539131188000056],[98.53777075400006,28.52886703400003],[98.54025728700003,28.520636529000058],[98.54177299600008,28.512891067000055],[98.57130387100005,28.484311003000073],[98.59375851900006,28.46693854600005],[98.61680499900007,28.458236639000063],[98.66936238100004,28.445768791000035],[98.70434797600007,28.430959347000055],[98.72959911600003,28.426016049000054]]]}},{"type":"Feature","properties":{"code":"CN054060","name":"Qamdo","label":"Qamdo · 昌都市","type":"Prefecture-level city","parentCode":"CN-XZ"},"geometry":{"type":"Polygon","coordinates":[[[97.77203431400005,32.54436032700005],[97.84801804200004,32.52075346100003],[97.87187917000006,32.48873362100005],[97.92994245400007,32.45701594500002],[97.95382946700005,32.45002139500008],[98.00113656700006,32.43910034700008],[98.01897261000005,32.447135711000044],[98.04568346100007,32.44665763300003],[98.06808537900008,32.42385239400005],[98.09285926200005,32.41065843100006],[98.12648578900007,32.38895115300005],[98.15318064500008,32.38845186800006],[98.17282196400004,32.38413103400006],[98.18917316600005,32.376348171000075],[98.20596713200007,32.365483933000064],[98.22694517000008,32.35189541300008],[98.22855844500003,32.23629632500007],[98.31067220700004,32.16175039800004],[98.33635416700008,32.10120593400006],[98.43379290600006,32.01257370700006],[98.44559354400008,31.989193510000064],[98.44606695900006,31.926190224000038],[98.39893831300009,31.900612006000074],[98.40237949000004,31.876416817000063],[98.44114847600008,31.841636994000055],[98.45217008600008,31.79365117900005],[98.47815837700006,31.789152513000033],[98.54330776400008,31.74637243500007],[98.57362578800007,31.710738109000033],[98.58871614600008,31.66313118800008],[98.62043389400009,31.617107344000033],[98.69463775000008,31.56811103700005],[98.70629398000005,31.54469080000007],[98.78359805100007,31.502943732000062],[98.83637986000008,31.45534920800003],[98.87938843700005,31.41732926000003],[98.88447442200004,31.410795392000068],[98.89699453600008,31.380428661000053],[98.89886843700003,31.366588326000056],[98.86161231600005,31.331559543000026],[98.83776552900008,31.290764920000072],[98.82213201800005,31.282281500000067],[98.79726657100008,31.27993594900005],[98.75156600900004,31.307161027000063],[98.74043811600006,31.327136851000034],[98.72195170500004,31.33940322400008],[98.68415974300007,31.33931282900005],[98.66805268400003,31.33427021700004],[98.65800980600005,31.315784353000026],[98.65960070400007,31.27386636600005],[98.64812705800006,31.265757767000025],[98.65146979900004,31.241535500000055],[98.64701800000006,31.213061206000077],[98.65083501600009,31.18537537000003],[98.74071398100006,31.14136052300006],[98.74686989800006,31.09636265300003],[98.74834468300008,31.07485306700005],[98.77048226400007,31.046005812000033],[98.81049262700009,31.028759278000052],[98.83076802000005,31.00262435700006],[98.83545718900007,30.968001017000063],[98.82279127500004,30.90718031800003],[98.83704041900006,30.89449893400007],[98.89990557400006,30.861850508000032],[98.92929248900003,30.829538660000026],[98.94443669900005,30.80991531400008],[98.97146789300007,30.794911202000037],[98.99668548300008,30.76219315800006],[98.99944583300004,30.741405384000075],[98.98528159500006,30.722543348000045],[98.95054088500007,30.701746343000025],[98.93593202400007,30.686340392000034],[98.92457320300008,30.64667983100003],[98.96666454000007,30.61204097700005],[98.97491894600006,30.581237282000075],[98.96497442200007,30.499593352000034],[98.99922688900006,30.46069645800003],[99.01477031200005,30.40599882300006],[99.00731561200007,30.39165394200006],[99.00591046700004,30.367121707000024],[99.01802997000004,30.31537492500007],[99.02051826900004,30.309367553000072],[99.01712551200006,30.293893836000052],[99.00394772500005,30.268083554000043],[99.00714412700006,30.24380756800008],[99.03081036600008,30.221452577000036],[99.03403000200007,30.133975485000065],[99.05947901800005,30.09773369900006],[99.10119078000008,29.93656733200004],[99.10073107800008,29.90842100900005],[99.05001820400008,29.791232824000076],[99.04911551900005,29.76654942400006],[99.02380514900005,29.739560948000076],[99.01432676500008,29.717578222000043],[99.01195576700007,29.640594590000035],[99.03742696600006,29.603771787000028],[99.05593789900007,29.587942901000076],[99.07894742000008,29.53737996900003],[99.06902617100008,29.518868714000064],[99.08209824000005,29.481428395000023],[99.09651798400006,29.46520624200008],[99.10371535000007,29.441270707000058],[99.09289130800005,29.398053911000034],[99.11449348800005,29.357890436000048],[99.11673400000006,29.34051809300007],[99.10141272700008,29.300383991000047],[99.10725646400005,29.286867823000023],[99.14095199600007,29.24783424000003],[99.15261715500009,29.220789610000054],[99.07711834500009,29.203107293000073],[99.04476880500005,29.20004029200004],[99.01196779300005,29.200437842000042],[98.98952530200006,29.18421957700008],[98.99676074700005,29.128609665000056],[99.01248773600008,29.101959756000042],[99.03134307000005,29.082642958000065],[99.03584929100003,29.04787847600005],[99.02240888300008,29.025479270000062],[98.97044562300005,28.985306188000038],[98.94049616500007,28.933143999000038],[98.94593564100006,28.89141290300006],[98.97729004800004,28.869782635000035],[98.97909553100004,28.855870836000065],[98.96479833100005,28.840412928000035],[98.89506387300008,28.812552054000037],[98.85391026400004,28.81560189700008],[98.84805841300005,28.829121457000042],[98.84029544500004,28.88823221900003],[98.82262625300007,28.960463713000024],[98.80410847900004,29.007951916000025],[98.77449765000006,29.015626532000056],[98.73336556200007,28.986954953000065],[98.68280962100005,28.967902863000063],[98.66854272200004,28.952407127000072],[98.68883563100007,28.922714469000027],[98.68865892400004,28.862820879000026],[98.69638370600006,28.835404244000074],[98.69018756200006,28.820702358000062],[98.67238662500006,28.801331867000044],[98.70563063000009,28.76585765200008],[98.71288132700005,28.74191244000008],[98.70358659200008,28.719856380000067],[98.69878179800008,28.69471935000007],[98.67652792200005,28.678423957000064],[98.63452098000005,28.662266012000032],[98.66692353500008,28.536493394000047],[98.71051601000005,28.45268193100003],[98.72959911600003,28.426016049000054],[98.70434797600007,28.430959347000055],[98.66936238100004,28.445768791000035],[98.61680499900007,28.458236639000063],[98.59375851900006,28.46693854600005],[98.57130387100005,28.484311003000073],[98.54177299600008,28.512891067000055],[98.54025728700003,28.520636529000058],[98.53777075400006,28.52886703400003],[98.54260439700005,28.539131188000056],[98.55133466600006,28.543134209000073],[98.55475347300006,28.547377250000068],[98.54803384400009,28.558068898000045],[98.53939076700004,28.569461370000056],[98.51926692200004,28.580203194000035],[98.50036905100006,28.599381050000034],[98.48424874200003,28.631132705000027],[98.47998110200007,28.64627819800006],[98.48043932100006,28.66898105100006],[98.47541280700005,28.69406990300007],[98.47956566300007,28.705103740000027],[98.47923871500006,28.709404032000066],[98.47959861700008,28.716982474000076],[98.47399317600008,28.725031068000078],[98.45550242900003,28.762844297000072],[98.45012047100005,28.771983525000053],[98.43886847400006,28.776198574000034],[98.43694121300007,28.776898006000067],[98.41952985000006,28.775900455000055],[98.41094830900005,28.773788400000058],[98.39007665600008,28.765030025000044],[98.37733117500005,28.764294714000073],[98.37047046500004,28.76821694800003],[98.36590899400005,28.77470098400005],[98.35829858000005,28.784247168000036],[98.34938396600006,28.786429745000078],[98.33331451600009,28.792244676000053],[98.32522662900004,28.795822986000076],[98.32028975600008,28.799044421000076],[98.31632035400008,28.80987920000007],[98.31169561500008,28.833090301000027],[98.30467993000008,28.85885946800005],[98.29364362800004,28.876026667000076],[98.27842408400005,28.88269315100007],[98.26544466600006,28.88867943100007],[98.25813054400004,28.89418730400007],[98.25893745000008,28.89585379300007],[98.25927865100005,28.903429716000062],[98.25715646100008,28.906543404000047],[98.24511295900004,28.908534540000062],[98.24003917700009,28.91336331800005],[98.23747719900007,28.918069841000033],[98.23446215600006,28.92059084500005],[98.22854558400007,28.92024238700003],[98.22701763000003,28.91583477000006],[98.22895144100005,28.903265625000074],[98.22755138700006,28.897246206000034],[98.21000733700004,28.870032992000063],[98.20195510900004,28.861190187000034],[98.19050578300005,28.85970211700004],[98.17653601700005,28.862381413000037],[98.17280191700007,28.862159460000044],[98.16206116300003,28.859631084000057],[98.15120222100006,28.862492562000057],[98.14596531100005,28.865418847000058],[98.14555646100007,28.87052243000005],[98.14707941700004,28.874931574000072],[98.14838456800004,28.897679565000033],[98.14193148700008,28.904041396000025],[98.13582241100005,28.906105438000054],[98.13006752800004,28.907650597000043],[98.11029130500003,28.943438110000045],[98.09093958000005,28.966023644000074],[98.08672316000008,28.971706803000075],[98.08598426900005,28.980836943000043],[98.09488518500007,29.002418336000062],[98.08887717900006,29.014739133000035],[98.08591975700006,29.028052124000055],[98.08363588500004,29.033041249000064],[98.07751618700007,29.03510160600007],[98.06321166100008,29.02992340800006],[98.04855905800008,29.02903931700007],[98.04266302900004,29.03219064500007],[98.04006474100004,29.03716001400005],[98.03951196400004,29.043938512000068],[98.03951190000004,29.04393930200007],[98.06518112500004,29.056333980000034],[98.09009709100008,29.08299635800006],[98.07559189900007,29.12089232900007],[98.04368670300005,29.12891865200004],[98.00585918500008,29.139470224000036],[97.95512418600003,29.110491486000058],[97.91674469300006,29.09638303400004],[97.87679857700005,29.089126277000048],[97.84393308200004,29.096682688000044],[97.82207279100004,29.122093507000045],[97.80697628700005,29.153519497000048],[97.79843551500005,29.181218645000058],[97.76733740900005,29.204632110000034],[97.73291711300004,29.230127233000076],[97.69142266700004,29.258826714000065],[97.66378345900006,29.271305599000073],[97.62210620000008,29.283267566000063],[97.57509505400009,29.27814667800004],[97.55051996100008,29.254663183000048],[97.53912536700005,29.22376107300005],[97.53362822800005,29.19698307500005],[97.54458172300008,29.160706401000027],[97.57387784300005,29.140984868000032],[97.57785401000007,29.113013159000047],[97.53543669100009,29.091995670000074],[97.50293457300006,29.088783858000056],[97.47068679800003,29.112429547000033],[97.46344933500006,29.141548194000052],[97.46451939300005,29.182829113000025],[97.46491152200008,29.22590531000003],[97.45166341500004,29.26383276100006],[97.43030938000004,29.29884552900006],[97.41685187100006,29.34459298300004],[97.40120717600007,29.37351300100005],[97.38024287700006,29.40341104500004],[97.38580797600008,29.434823520000066],[97.37048721400004,29.471629375000077],[97.33113211700004,29.472373357000038],[97.30348171300005,29.45964610900006],[97.27321674000007,29.446721842000045],[97.22172546700006,29.437292944000035],[97.17459980200005,29.43190844700007],[97.16765832700008,29.46191460600005],[97.13261693100009,29.495000141000048],[97.10909286200007,29.523376592000034],[97.08168152200005,29.50369165500007],[97.03235758900007,29.505629200000044],[96.99099025100008,29.489640515000076],[96.98466186800005,29.46232261700004],[96.95379939600008,29.440618191000056],[96.95963783300004,29.406350237000026],[96.99243470100004,29.396275004000074],[96.99810548400006,29.363869799000042],[96.99604434500009,29.319344326000078],[96.98440381600005,29.276870382000027],[96.99317611100008,29.244700269000077],[96.97842531700007,29.21861397400005],[96.94725355100007,29.17322994400007],[96.94111141800005,29.138981597000054],[96.90098654300004,29.122482105000074],[96.86872160600007,29.13295421600003],[96.83309712700009,29.156575082000074],[96.79822651900008,29.199210566000033],[96.77389596700004,29.22414403700003],[96.74875367900006,29.241132133000065],[96.71641538700004,29.245967689000054],[96.67447037000005,29.242156829000066],[96.65496573000007,29.265106349000064],[96.63660192100008,29.292310237000038],[96.61120998700005,29.321732568000073],[96.58162742600007,29.367039783000052],[96.57099045000007,29.395378891000064],[96.53594112200005,29.395342827000036],[96.49510022500004,29.395790547000047],[96.49081909300008,29.42327497200006],[96.47824982500003,29.46079971000006],[96.47397444800004,29.493895321000025],[96.49108049900008,29.517089759000044],[96.51607353200006,29.54556441400007],[96.54398303500005,29.576589719000026],[96.57554226500008,29.607899374000056],[96.59148949000007,29.632838088000028],[96.58895762000009,29.66975579600006],[96.57551761900004,29.694662572000027],[96.54930941800006,29.72642849300007],[96.51999270700009,29.757467461000033],[96.49702800200004,29.79316775800004],[96.50680868000006,29.821748975000048],[96.52785100500006,29.853541284000073],[96.54860417800006,29.882979225000042],[96.56648353500003,29.91495495500004],[96.57121939200005,29.957444663000047],[96.57890933700008,29.991362223000067],[96.62107420000007,29.996555538000052],[96.65837625800003,30.035108326000056],[96.66580747400008,30.06667522200007],[96.67554546500008,30.101652786000045],[96.66906234500004,30.14598172600006],[96.62780664500008,30.151958036000053],[96.59705812100003,30.179546146000064],[96.58586538600008,30.206834752000077],[96.58303746800004,30.240340296000056],[96.55969940000006,30.26203419500007],[96.52402944000005,30.253612513000064],[96.48719349300006,30.246477326000047],[96.47610043800006,30.272382513000025],[96.46574941400007,30.30669067200006],[96.43418014900004,30.330978026000025],[96.36766104600008,30.334900297000047],[96.32253309100008,30.31094274800006],[96.27533442800006,30.29748820100008],[96.24539676900008,30.28587039100006],[96.23032259500008,30.25322628600003],[96.21872708400008,30.227800246000072],[96.18400807500007,30.206499691000033],[96.14556442200006,30.195503944000052],[96.10196834300007,30.20351416400007],[96.08925713100007,30.234440679000045],[96.04865343800003,30.23388151900008],[96.00621415600006,30.225740879000057],[95.97199683400004,30.224760814000035],[95.94195278000007,30.244531797000036],[95.91458950500004,30.268689239000025],[95.88764457700006,30.293802232000075],[95.87738935100003,30.320761565000055],[95.86616442400003,30.351803791000066],[95.82268153900009,30.363001091000058],[95.80048524000006,30.387548629000037],[95.77452916200008,30.41733386900006],[95.75649409200008,30.442216187000042],[95.72703023500009,30.46010836100004],[95.70399429000008,30.486868539000056],[95.71392867900005,30.51224800600005],[95.71566577600004,30.544804501000044],[95.67747022600008,30.559620245000076],[95.64278518500004,30.561756557000024],[95.59435768400004,30.568260545000044],[95.55324173000008,30.585090064000042],[95.51697498200008,30.596308049000072],[95.46941400700007,30.608844930000032],[95.42736081600003,30.591285451000033],[95.40580287700004,30.57087907500005],[95.37312358400004,30.55504364600006],[95.33442601400009,30.56412920400004],[95.33874627900008,30.600627830000064],[95.35107641200005,30.633917835000034],[95.31610663600009,30.645380535000072],[95.28619313200005,30.660783373000072],[95.25022474500008,30.65480721800003],[95.22342901600007,30.638526656000067],[95.18844880200004,30.61964931700004],[95.17226458000005,30.644590297000036],[95.14513697800004,30.672240637000073],[95.10585133800004,30.66730642500005],[95.09962522300003,30.63432805000008],[95.11080438200008,30.60246801900007],[95.09974654100006,30.569975202000023],[95.05156442100008,30.555409031000067],[95.00200742600003,30.548103722000064],[94.96346034700008,30.546420531000024],[94.92321128500004,30.550126782000063],[94.87722124200008,30.57505421500008],[94.83858812700004,30.596017587000063],[94.80136529100008,30.61385821600004],[94.76285804800006,30.642218722000052],[94.72064393300008,30.661420084000042],[94.68385942700007,30.67093088000007],[94.64420537000007,30.656066895000038],[94.60017035900006,30.63799754200005],[94.55383361900005,30.62153889600006],[94.51247418900005,30.603682503000073],[94.48512010700006,30.588554215000045],[94.46894767800006,30.556409987000052],[94.43922765900004,30.535008728000037],[94.39958836300008,30.537666700000045],[94.38646512000008,30.57022636000005],[94.35837983200008,30.59067191400004],[94.32564274500004,30.58053453800005],[94.29414400800005,30.564946444000043],[94.24819852300004,30.541907259000027],[94.21119252600005,30.519727442000033],[94.17669875400009,30.502879636000046],[94.13006808700004,30.49453156900006],[94.09666967500004,30.498177720000058],[94.05282050100004,30.50865037400007],[94.02640060800007,30.53615545300005],[94.02520536900005,30.565706342000055],[93.99333762600008,30.573649330000023],[93.96225930300005,30.587687647000052],[93.92710655700006,30.596211737000033],[93.88940191600005,30.59983068500003],[93.85639300800005,30.620144026000048],[93.82635970500007,30.65002349300005],[93.79313685700004,30.671685516000025],[93.76799014800008,30.69648624000007],[93.74530754100005,30.71874854600003],[93.70801531700005,30.738581529000044],[93.68481278000007,30.764492459000053],[93.70615630200007,30.78800467600007],[93.69974084100005,30.819799733000025],[93.66533259500005,30.813960663000046],[93.65651034300004,30.843652129000077],[93.62444703400007,30.844066052000073],[93.62086692100007,30.87429796300006],[93.63349902200008,30.899238092000076],[93.65108433800003,30.927000857000053],[93.69535964400006,30.91948357600006],[93.72518594800005,30.908155024000052],[93.77118204900006,30.90356504400006],[93.80905991500003,30.90369856800004],[93.85304835200009,30.890066383000033],[93.88678581500005,30.861022323000043],[93.90929251200004,30.84011106500003],[93.95220330500007,30.834217980000062],[93.98556480500008,30.84403665800005],[94.01025625100004,30.863182557000073],[94.04928273800004,30.866596340000058],[94.08653162600007,30.859164000000078],[94.12065367400004,30.855121696000026],[94.16559815500005,30.849814768000044],[94.21474011300006,30.865749324000035],[94.24728406500003,30.861515087000043],[94.27952827600006,30.847050938000052],[94.31123431500004,30.845034113000054],[94.32980050500004,30.875092235000068],[94.32888635800003,30.907425126000078],[94.31759494400006,30.933196950000024],[94.30015253600004,30.96115123100003],[94.28346065800008,30.999823236000054],[94.27225910100003,31.028838817000064],[94.25705755000007,31.05561420300006],[94.23259003200008,31.079630284000075],[94.21784481900005,31.111071785000036],[94.22516430000007,31.13725237500006],[94.24071292900004,31.16608842900007],[94.25796976600003,31.19415301500004],[94.27788842900009,31.218303082000034],[94.29418331900007,31.283301426000037],[94.30472433800009,31.31394186800003],[94.35908245100006,31.308061457000065],[94.40241544600008,31.325635012000077],[94.42124734900005,31.358900136000045],[94.45914236600004,31.351867044000073],[94.49297970500004,31.368498525000064],[94.51981479800008,31.38538016700005],[94.54127902300007,31.411002323000048],[94.57045038300004,31.43086904300003],[94.61327517700005,31.427482827000063],[94.62730263900005,31.40103809900006],[94.62706539500005,31.37279249100004],[94.62635967400007,31.331088816000033],[94.65590508500009,31.317658304000076],[94.69252621100009,31.333564546000048],[94.73063889100007,31.350522100000035],[94.76918399700008,31.337898909000046],[94.75124946900007,31.309407087000068],[94.73616781900006,31.275160871000026],[94.72841360100006,31.233724705000043],[94.72159044300008,31.189130758000033],[94.72242527500003,31.14756192200008],[94.74220724400004,31.10404369400004],[94.78984505200003,31.090414761000034],[94.82600331100008,31.083115814000053],[94.82973134900004,31.113996463000035],[94.86612553400005,31.122437990000037],[94.89415369400007,31.142594830000064],[94.93050119100008,31.156097267000064],[94.96386266700006,31.163301180000076],[95.00313541300005,31.16131822500006],[95.01280686500007,31.192263123000032],[94.98998639800004,31.217487522000056],[94.97923556100005,31.244729284000073],[94.99760376900008,31.27461198700007],[94.99991418400003,31.304420709000055],[94.98486811800007,31.34052386500008],[94.96395896400008,31.367300405000037],[94.92711051200007,31.383838280000077],[94.89655357500004,31.392616340000075],[94.86590230900003,31.406467559000077],[94.86290662500005,31.439954742000054],[94.89772539300009,31.46255836000006],[94.91542230700009,31.493763803000036],[94.89967633000003,31.52608940300007],[94.87742785600005,31.549954110000044],[94.84627599400005,31.55866754300007],[94.79863327600003,31.56586340800004],[94.76440801100006,31.57750899000007],[94.75604789300007,31.61049251000003],[94.73188244600004,31.64062970200007],[94.69196906400003,31.645722731000035],[94.69600969900006,31.673845296000025],[94.72568831400008,31.686297697000043],[94.76293126100006,31.70729826400003],[94.77605642700007,31.736247938000076],[94.76090944400005,31.776000405000048],[94.73276520600007,31.790050175000033],[94.69731398800008,31.802035986000078],[94.66454480100003,31.83136185500007],[94.65212371600006,31.86164715500007],[94.66239759300004,31.891723882000065],[94.67094407700006,31.918396909000023],[94.67905200200005,31.95289021900004],[94.68812654900006,31.988396013000056],[94.70145706300008,32.020125406000034],[94.70999228300008,32.05141387500004],[94.70029263000004,32.08148102700005],[94.70978870400006,32.11378036000008],[94.74355771900008,32.129351772000064],[94.74516692600008,32.15999452700004],[94.73599910300004,32.190111898000055],[94.74151822200008,32.219724334000034],[94.77958161000004,32.227361589000054],[94.82321480300004,32.238259920000075],[94.85316743000004,32.25021418400007],[94.88321987900008,32.27464364700006],[94.89924686500007,32.30749511300007],[94.90122122700006,32.34000620300003],[94.93878033100003,32.36713013200006],[94.94123666100006,32.36015532700003],[95.04142397100009,32.343047385000034],[95.10180451900004,32.31105024900006],[95.11734143200005,32.26807220500007],[95.15913922100003,32.25978385600007],[95.22199728200007,32.26126456800006],[95.32945983000008,32.26279033600002],[95.33986438400007,32.22836558000006],[95.33503053000004,32.23205086300004],[95.35581186500008,32.201373053000054],[95.45139449800007,32.12324272700005],[95.44782597500006,32.06444813100006],[95.44736310900004,32.04284062500005],[95.42405103000004,32.009470762000035],[95.39541675000004,31.98172299400005],[95.49605004500006,31.794616964000056],[95.60282738600006,31.747392491000028],[95.64607160800006,31.79032854600007],[95.68042639100008,31.791770292000024],[95.75286347100007,31.760942945000068],[95.81519316900005,31.688473704000046],[95.81895711000004,31.689418242000045],[95.87892872100008,31.731966172000057],[95.91522618600004,31.734466103000045],[96.01308765300007,31.718170833000045],[96.16267518300003,31.66384660800003],[96.16615869000003,31.598729314000025],[96.20516777300008,31.57468253500008],[96.22257288500003,31.561004534000062],[96.25374443400005,31.555194319000066],[96.29920403300008,31.554164227000058],[96.30402765300005,31.570423229000028],[96.29627851600009,31.616624891000072],[96.27360563400003,31.66502329700006],[96.24246048800006,31.70899027400003],[96.22735913400004,31.766471163000062],[96.17614472000008,31.800920803000054],[96.18140312500003,31.846392974000025],[96.23599661500003,31.868849435000072],[96.23967078900006,31.93027984400004],[96.31019258900005,31.935688583000058],[96.36214309300004,31.890503484000078],[96.36883945400007,31.863464134000026],[96.43416292600006,31.841305506000026],[96.46127201700006,31.788774439000065],[96.49705183100008,31.774890608000078],[96.57123503800005,31.75726134200005],[96.58789948300006,31.76093064500003],[96.65352099400008,31.736010006000072],[96.69125724700007,31.70974043800004],[96.74507019400005,31.689440752000053],[96.78559225200007,31.672064103000025],[96.85092450700006,31.722976618000075],[96.82177286700005,31.75651855900003],[96.77245080800009,31.787818163000054],[96.75790872100004,31.850757884000075],[96.80304847400004,31.912231722000058],[96.73392600200003,31.944915466000054],[96.74266123200005,32.00415095500006],[96.74991037100006,32.03273844700004],[96.77132435300007,32.03421066200008],[96.85235028500006,32.01535387100006],[96.90731029500006,32.00345372600003],[96.94617050400007,32.017557485000054],[96.95636884600003,32.04513853100008],[96.96250964900008,32.064141326000026],[96.97801963000006,32.075706668000066],[97.00637136600005,32.08818909000007],[97.05457368000003,32.071469354000044],[97.11217104300005,32.04320979400006],[97.16778063600003,32.02724628200008],[97.18917564400004,32.035808616000054],[97.20676405500006,32.06718318600008],[97.19417395400006,32.09897893700003],[97.22483861800004,32.117478138000024],[97.26335866600004,32.092920296000045],[97.31262889000004,32.151875103000066],[97.27340483500006,32.18085164000007],[97.30964466000006,32.26795919500006],[97.35677069900004,32.29978460500007],[97.37029381000008,32.26181402100008],[97.41401025300007,32.31563597500008],[97.37684009100008,32.324270703000025],[97.37857688900004,32.35488907800004],[97.43699467000005,32.391435020000074],[97.39353162200007,32.42627487300007],[97.33642357800005,32.45071429200004],[97.36254349800004,32.50626295400008],[97.39479804600006,32.543644122000046],[97.42506753900005,32.545015198000044],[97.56058082000004,32.51343267800007],[97.61190334500009,32.49098356500008],[97.67376392400007,32.484797599000046],[97.74512844600008,32.509069544000056],[97.77203431400005,32.54436032700005]]]}},{"type":"Feature","properties":{"code":"CN054070","name":"Xigazê","label":"Xigazê · 日喀则市","type":"Prefecture-level city","parentCode":"CN-XZ"},"geometry":{"type":"Polygon","coordinates":[[[86.08319613300006,30.981112624000048],[86.14589238400004,30.990516253000067],[86.16936922300005,31.010865860000024],[86.20284491200005,31.027716517000044],[86.23516223300004,31.00449567000004],[86.27110977400008,30.98421284500006],[86.30312652000003,30.97171102300007],[86.33132105900006,30.94731323600007],[86.32796287100007,30.91673830700006],[86.33976772600005,30.883518136000077],[86.34365279500008,30.847106542000063],[86.35118198800006,30.81364402300005],[86.37325953400006,30.782596028000057],[86.40178350900004,30.756363152000063],[86.42252333000005,30.73353029200007],[86.42642139600008,30.70649418100004],[86.41429293000004,30.671643049000068],[86.42492072500005,30.643379972000048],[86.44560941500004,30.618189424000036],[86.45640609600008,30.586665680000067],[86.45775188200008,30.55169728100003],[86.44405440200006,30.511882996000054],[86.45954986600003,30.47127929000004],[86.49992226400008,30.47562360200004],[86.54015933900007,30.473360279000076],[86.54876711000009,30.446628797000074],[86.58591953100006,30.421790368000075],[86.62307968100004,30.413836875000072],[86.65644801700006,30.43527565100004],[86.65072637400004,30.468583644000034],[86.65375069500004,30.496288596000056],[86.68514534700006,30.51222417200006],[86.70481661900004,30.53514440300006],[86.73200544300005,30.55318977400003],[86.76838053300008,30.56616008800006],[86.80490378100006,30.551472036000064],[86.83795176800004,30.55262614800006],[86.87903213100003,30.558814608000034],[86.91087757200006,30.53584075200007],[86.94908617400006,30.535454815000037],[86.93981389700008,30.565835664000076],[86.92229633500006,30.592069267000056],[86.89043823900005,30.62489245300003],[86.89595479700006,30.65390890900005],[86.85669980800003,30.65880658900005],[86.81493080200005,30.660475440000027],[86.79312773700008,30.68880936200003],[86.81192201700009,30.71108245100004],[86.80785700200005,30.73948520600004],[86.79702309800007,30.766791802000057],[86.76837926500008,30.789327092000065],[86.74731338400005,30.823874514000067],[86.77338410300007,30.85482577500005],[86.77440373900004,30.884514500000023],[86.80979032100004,30.907588283000052],[86.84503405800007,30.90672741800006],[86.88449464900003,30.90138035800004],[86.93040512000005,30.913456930000052],[86.97323074800005,30.91986552900005],[86.96940931700004,30.887862339000037],[86.96056278500004,30.861613396000052],[86.94062579400008,30.836857119000058],[86.91422451800008,30.809646044000033],[86.88831481400007,30.777816952000023],[86.89579567300007,30.75090546900003],[86.93745869100007,30.762312949000034],[86.98540498700004,30.77704884800005],[87.01706790900005,30.79243680700006],[87.04176552700005,30.82262755200003],[87.03500008800006,30.853867235000052],[87.03924318700007,30.884057703000053],[87.06322878700007,30.90521923700004],[87.09280096200007,30.92305195600005],[87.12258054900008,30.902501896000047],[87.12918652000008,30.869366280000065],[87.12335287900004,30.838930795000067],[87.11830957500007,30.812364040000034],[87.11898459800005,30.779211480000072],[87.13559694800006,30.749538190000067],[87.17150820000006,30.720124267000074],[87.18405627400006,30.691668262000064],[87.18223846300003,30.659991724000065],[87.17363973500005,30.62488736800003],[87.16670230000005,30.589580814000044],[87.17044841100005,30.56206422500003],[87.20612692300006,30.55837771100005],[87.24671993400005,30.564358835000064],[87.28142215500003,30.54503406500004],[87.31615709600004,30.54069737100008],[87.34553450400006,30.55142819400004],[87.37440750100006,30.531627555000057],[87.40717299200008,30.516178248000074],[87.43555939700008,30.529076872000076],[87.46896026100006,30.520736786000043],[87.49994061400008,30.51107775400004],[87.55640195300003,30.51288174700005],[87.55043792600009,30.482447912000055],[87.52262972300008,30.431961277000028],[87.55368878700006,30.39256834400004],[87.58057095500004,30.37662570300006],[87.63170126300008,30.385542860000044],[87.66016807400007,30.37217462600006],[87.67881951200008,30.349317146000033],[87.72597754500003,30.346336687000075],[87.76643133100004,30.33433573700006],[87.79711133800004,30.367172491000076],[87.82862307200008,30.380459538000025],[87.86209694900003,30.38420456800003],[87.90087858000004,30.380330000000072],[87.93364808500007,30.371778111000026],[87.98617921600004,30.38963851400007],[88.04856549500005,30.366853762000062],[88.08734647600005,30.383974744000056],[88.11308379500008,30.36776093700007],[88.11925526200008,30.334532143000047],[88.12399130900008,30.305769316000067],[88.13991514000008,30.282441832000075],[88.16749745200008,30.267429788000072],[88.19913729300004,30.261452494000025],[88.21556525700004,30.23538794500007],[88.24672828100006,30.223707466000064],[88.28123674200003,30.23264498700007],[88.31709131400004,30.24551712300007],[88.34065550600008,30.27197301800004],[88.37792214000007,30.264449004000028],[88.43238777800008,30.245445588000052],[88.46555490800006,30.215300521000074],[88.49439625600007,30.193396131000043],[88.49952991500004,30.161881334000043],[88.48239519700007,30.127055660000053],[88.49693985400006,30.082901324000034],[88.53811099600006,30.068431366000027],[88.56742270900008,30.090090839000027],[88.58016744900004,30.125656513000024],[88.61590604000008,30.147308260000045],[88.64421086700008,30.171591248000027],[88.66666482300008,30.212307499000076],[88.70975401200008,30.22377818800004],[88.74495931600006,30.220985679000023],[88.79471989000007,30.206283191000068],[88.83608197400008,30.190806966000025],[88.88823679700005,30.213344260000042],[88.92455392200009,30.21580110600007],[88.96485668300005,30.20012866600007],[88.99510065300007,30.217577509000023],[89.02050579900003,30.24927583300007],[89.07292232300006,30.265214338000078],[89.10872651300008,30.25351906800006],[89.14920582300005,30.250893724000036],[89.17423509400004,30.27361571600005],[89.20041335700006,30.29882900700005],[89.23898894500007,30.29216204200003],[89.25483303800007,30.25891071600006],[89.29601187200007,30.261003867000056],[89.33749273700005,30.272931352000057],[89.36447504000006,30.24824647500003],[89.39744617600007,30.23140279300003],[89.42183550300007,30.252105550000067],[89.47521698600008,30.254449728000054],[89.53204632900008,30.269848930000023],[89.57044495600007,30.26678858100007],[89.59750781700006,30.252810301000068],[89.63420022800005,30.22988477100006],[89.67061801400007,30.208316077000063],[89.69987757200005,30.190881183000045],[89.73705545600006,30.170800412000062],[89.77374904500005,30.14737243500008],[89.81575149400004,30.12979795800004],[89.84055163800008,30.11312451200007],[89.87179398300003,30.09312380700004],[89.89438805300006,30.064939776000074],[89.91829460400004,30.03225969400006],[89.94825266800007,30.001332483000056],[89.97820346900005,29.988134615000035],[90.02242762600008,29.942325873000073],[90.04674186000005,29.921814167000036],[90.01651067700004,29.892041791000054],[89.95721803000004,29.864829239000073],[89.92126101000008,29.876266052000062],[89.88907867100005,29.887272299000074],[89.83829639800007,29.86302871500004],[89.80351126000005,29.844230906000064],[89.77683989300004,29.81579982900007],[89.79592500400008,29.774523329000033],[89.79989617400008,29.73770382400005],[89.82846053600008,29.702400561000047],[89.85555472700008,29.68697441000006],[89.88736197500003,29.662850696000078],[89.91230814400006,29.641518980000058],[89.91733842000008,29.604362098000024],[89.89926206800004,29.581324963000043],[89.88532943000007,29.54389809500003],[89.87857448800008,29.510724650000043],[89.85829399300007,29.488301345000025],[89.78941823000008,29.462923319000026],[89.82850228800004,29.44539287300006],[89.86128414800004,29.424216040000033],[89.89483457900008,29.40453714000006],[89.92051905800008,29.387505289000046],[89.94560160900005,29.37085955300006],[89.98213144700009,29.337073308000072],[90.01190290600005,29.33241658700007],[90.05827496800003,29.32981243300003],[90.15167543400008,29.35676462600003],[90.19804750500003,29.354103076000058],[90.31639918900004,29.32817533700006],[90.34996627300006,29.326817826000024],[90.36835270400007,29.31927735000005],[90.38434857700008,29.304198950000057],[90.37255512800004,29.29178332200007],[90.33344998300004,29.250615131000075],[90.31843308100008,29.20046985600004],[90.29447505900004,29.168739105000043],[90.26615883900007,29.153238505000047],[90.24799381400004,29.118534027000067],[90.24866205500007,29.08730577700004],[90.25016400900006,29.04823748900003],[90.22264654200006,29.019266610000045],[90.20873838300008,28.99353500600006],[90.20162394900007,28.964976369000055],[90.18828997800006,28.936041657000033],[90.18865915000003,28.906626439000036],[90.19438777900007,28.87654045100004],[90.17225536500007,28.856216197000037],[90.15937055100005,28.827795834000028],[90.16659771100007,28.801181021000048],[90.18887620600003,28.76305293400003],[90.19499370000005,28.73066672500005],[90.17726500300006,28.694089774000076],[90.11229943600006,28.66881289500003],[90.08917523700006,28.629599376000044],[90.09632643200007,28.603439054000035],[90.12087631400004,28.58527719500006],[90.14280262900007,28.548966225000072],[90.14954725200005,28.512910712000064],[90.12529029500007,28.484299588000056],[90.10264764400006,28.46151460300007],[90.09472722700008,28.422965567000062],[90.10312799100006,28.383382115000074],[90.12401996000006,28.36190373200003],[90.14454529000005,28.33944328700005],[90.14211105900006,28.308198701000038],[90.12351434400006,28.19412405500003],[90.12296000000003,28.19413000000003],[90.12174000000005,28.192780000000027],[90.12173406700003,28.183203607000053],[90.11961771800009,28.170221654000045],[90.11864843200004,28.168164784000055],[90.07862222100005,28.17012231700005],[90.03864070900005,28.18143879200005],[89.97493400200005,28.211631381000075],[89.93448740800005,28.207057588000055],[89.90488671700007,28.21929525400003],[89.88339335400008,28.237649540000064],[89.85808550200005,28.24973374700005],[89.82573746200006,28.251242424000054],[89.80742697000005,28.24441362700003],[89.80429000000004,28.246600000000058],[89.80083000000008,28.248470000000054],[89.79276000000004,28.248290000000054],[89.78777000000008,28.244710000000055],[89.78662000000008,28.240620000000035],[89.78758000000005,28.235730000000046],[89.78715000000005,28.23228000000006],[89.78152000000006,28.230350000000044],[89.77284000000003,28.228410000000054],[89.77155000000005,28.225720000000024],[89.77417000000008,28.222050000000024],[89.78013000000004,28.219670000000065],[89.78282000000007,28.217130000000054],[89.78283368900009,28.21699003200007],[89.77336249300004,28.20357528100004],[89.76096425100008,28.197582986000043],[89.69315538000006,28.191595456000073],[89.65221617800006,28.18031981100006],[89.63677275800006,28.171526166000035],[89.60787000000005,28.166960000000074],[89.60527000000008,28.166350000000023],[89.60384000000005,28.165580000000034],[89.59705000000008,28.158330000000035],[89.59055000000006,28.14912000000004],[89.58195000000006,28.139050000000054],[89.57265000000007,28.130750000000035],[89.56920000000008,28.12575000000004],[89.56184000000007,28.123420000000067],[89.55666000000008,28.119950000000074],[89.54931528200007,28.110432540000033],[89.52278485600004,28.09127138100007],[89.52200371400005,28.09036998700003],[89.51726000000008,28.091530000000034],[89.51218000000006,28.09048000000007],[89.50883000000005,28.08979000000005],[89.50614000000007,28.087660000000028],[89.50267000000008,28.083000000000027],[89.49889000000007,28.080910000000074],[89.49469000000005,28.075110000000052],[89.49112000000008,28.06528000000003],[89.47403000000008,28.04898000000003],[89.46714000000009,28.042040000000043],[89.45939000000004,28.035480000000064],[89.45897000000008,28.032020000000045],[89.46783000000005,28.023870000000045],[89.46924000000007,28.022590000000037],[89.47073000000006,28.015550000000076],[89.46858000000003,28.01285000000007],[89.45865000000003,28.00935000000004],[89.45764000000008,28.00887000000006],[89.45303000000007,28.00664000000006],[89.45052000000004,28.000000000000057],[89.45023000000003,27.995520000000056],[89.44949000000008,27.991930000000025],[89.44926000000004,27.99078000000003],[89.44662000000005,27.985150000000033],[89.44365000000005,27.979520000000036],[89.44087000000007,27.972210000000075],[89.43584000000004,27.962800000000072],[89.43163000000004,27.957520000000045],[89.42659000000003,27.949610000000064],[89.42281000000008,27.945080000000075],[89.41650000000004,27.938290000000052],[89.40388000000007,27.924330000000054],[89.40021000000007,27.91928000000007],[89.39717000000007,27.913770000000056],[89.39555211300006,27.910513939000055],[89.37053096200003,27.888924385000053],[89.31769916500008,27.855821513000024],[89.31684000000007,27.855920000000026],[89.30885000000006,27.85618000000005],[89.29855000000003,27.85465000000005],[89.29365000000007,27.85194000000007],[89.28958000000006,27.84555000000006],[89.28932000000003,27.845030000000065],[89.28671000000008,27.839720000000057],[89.27974000000006,27.835590000000025],[89.27103000000005,27.828880000000026],[89.26673000000005,27.822370000000035],[89.26086000000004,27.814070000000072],[89.25287000000003,27.80839000000003],[89.25212000000005,27.808110000000056],[89.24275000000006,27.80457000000007],[89.23686000000004,27.800410000000056],[89.23134000000005,27.792650000000037],[89.22885000000008,27.78738000000004],[89.22433000000007,27.78042000000005],[89.22146000000004,27.767990000000054],[89.22068000000007,27.758590000000027],[89.22073000000006,27.758380000000045],[89.22329000000008,27.74771000000004],[89.22376000000008,27.74132000000003],[89.22595821900006,27.73655376800008],[89.22172874800003,27.72756690500006],[89.21804000000003,27.72586000000007],[89.21214000000003,27.725270000000023],[89.20708000000008,27.725240000000042],[89.20516000000003,27.723600000000033],[89.20178000000004,27.720710000000054],[89.19763000000006,27.709850000000074],[89.19709000000006,27.708430000000078],[89.19301000000007,27.70130000000006],[89.18934000000007,27.696780000000047],[89.18820000000005,27.695370000000025],[89.18196000000006,27.686370000000068],[89.18225000000007,27.684070000000077],[89.18238000000008,27.68306000000007],[89.18243000000007,27.67715000000004],[89.17760000000004,27.672270000000026],[89.17434000000009,27.67095000000006],[89.16510000000005,27.667220000000043],[89.15335000000005,27.660390000000064],[89.14693000000005,27.65510000000006],[89.13914000000005,27.64605000000006],[89.13774000000006,27.641200000000026],[89.13354000000004,27.638550000000066],[89.12933000000004,27.637020000000064],[89.12858000000006,27.63223000000005],[89.12702000000007,27.626100000000065],[89.12420000000003,27.618120000000033],[89.12477000000007,27.615740000000073],[89.12509000000006,27.61444000000006],[89.12799000000007,27.610610000000065],[89.13400000000007,27.60773000000006],[89.14673000000005,27.598410000000058],[89.15091000000007,27.586750000000052],[89.16093000000006,27.57794000000007],[89.15897000000007,27.574680000000058],[89.15141000000006,27.56487000000004],[89.14120000000008,27.55475000000007],[89.13064000000008,27.547880000000077],[89.12171000000006,27.54428000000007],[89.11376000000007,27.543040000000076],[89.10670000000005,27.54102000000006],[89.10209000000003,27.537990000000036],[89.10026000000005,27.53024000000005],[89.10138000000006,27.514860000000056],[89.10175000000004,27.509840000000054],[89.10146000000003,27.505700000000047],[89.09794000000005,27.500980000000027],[89.09406000000007,27.495210000000043],[89.09353000000004,27.49120000000005],[89.09311000000008,27.47494000000006],[89.10524000000004,27.46602000000007],[89.11091000000005,27.457300000000032],[89.11692000000005,27.443340000000035],[89.11883000000006,27.442070000000058],[89.12113000000005,27.442360000000065],[89.12540000000007,27.443790000000035],[89.13003000000003,27.44458000000003],[89.13236000000006,27.443460000000073],[89.13461000000007,27.439860000000067],[89.13544000000007,27.435060000000078],[89.13745000000006,27.433710000000076],[89.14998000000008,27.424550000000067],[89.15917000000007,27.415590000000066],[89.16123000000005,27.410550000000057],[89.16129000000006,27.402270000000044],[89.16334000000006,27.39459000000005],[89.17001000000005,27.38901000000004],[89.18017000000003,27.381330000000048],[89.18076000000008,27.37734000000006],[89.17714000000007,27.374310000000037],[89.16601000000009,27.364990000000034],[89.15905000000004,27.35895000000005],[89.15771000000007,27.35197000000005],[89.15642339900006,27.343788304000043],[89.13127413700005,27.33146050000005],[89.11217926100005,27.314746171000024],[89.10786544100006,27.307839392000062],[89.10654000000005,27.307090000000073],[89.08852000000007,27.297890000000052],[89.07544000000007,27.29051000000004],[89.07069000000007,27.286560000000065],[89.06957000000006,27.27783000000005],[89.07064931100007,27.270608801000037],[89.06680806200006,27.267805751000026],[89.00274355200008,27.291798868000058],[88.96494408600006,27.29876091600005],[88.92048033400005,27.375620903000026],[88.88622872200006,27.410930008000037],[88.86126172100006,27.447093903000052],[88.81944141100007,27.482782660000055],[88.81338834400003,27.506770155000027],[88.81675673700005,27.526998459000026],[88.81474344000009,27.55176650800007],[88.80296125700005,27.569049192000023],[88.82755632000004,27.593396579000057],[88.84789798000008,27.617836513000043],[88.85184957400008,27.64841405100003],[88.86199362500008,27.692298191000077],[88.87765924500007,27.726995567000074],[88.89029108800008,27.761098121000032],[88.89167600900004,27.789303665000034],[88.89901355400008,27.814929539000047],[88.89152015200006,27.85724685100007],[88.89650496800004,27.87962181900008],[88.88278693500007,27.917007720000072],[88.87391086400004,27.947882570000047],[88.86695094300006,27.98953659400007],[88.84654469700007,28.018006781000054],[88.83357119600004,28.03970612300003],[88.79461868900006,28.071285098000033],[88.74231905300007,28.08817070200007],[88.71939104200004,28.090248289000044],[88.68987919100005,28.109661664000043],[88.67190353300003,28.117347550000034],[88.64553636100004,28.11222508900005],[88.64546000000007,28.112430000000074],[88.64313000000004,28.11513000000008],[88.64186000000007,28.115020000000072],[88.63852000000009,28.11474000000004],[88.63280000000003,28.111960000000067],[88.62956678700004,28.107611683000073],[88.60224019600008,28.093564375000028],[88.60090973500007,28.08590182000006],[88.59802000000008,28.08489000000003],[88.59354000000008,28.082900000000052],[88.58074000000005,28.083800000000053],[88.57208000000008,28.084830000000068],[88.56635000000006,28.084130000000073],[88.56516000000005,28.08399000000003],[88.56087000000008,28.08087000000006],[88.55875000000003,28.075840000000028],[88.55712000000005,28.067570000000046],[88.55335000000008,28.045360000000073],[88.55330827200004,28.042905637000047],[88.51807983600008,28.038795364000066],[88.51389000000006,28.041330000000073],[88.50985000000009,28.043450000000064],[88.50184000000007,28.045070000000067],[88.49571000000003,28.04466000000008],[88.48501000000005,28.04114000000004],[88.48268000000007,28.04007000000007],[88.47662000000008,28.037300000000073],[88.47619000000003,28.036510000000078],[88.47363000000007,28.03182000000004],[88.47246000000007,28.023060000000044],[88.47210000000007,28.018060000000048],[88.46663000000007,28.013490000000047],[88.45793000000003,28.012360000000058],[88.44814000000008,28.010500000000036],[88.44056000000006,28.009070000000065],[88.43305000000004,28.00538000000006],[88.42475000000007,28.00043000000005],[88.42402000000004,28.000000000000057],[88.42006000000003,27.99359000000004],[88.41360000000003,27.98431000000005],[88.40795000000008,27.981800000000078],[88.40331000000003,27.980240000000038],[88.39866000000006,27.98019000000005],[88.38813000000005,27.983690000000024],[88.38007000000005,27.986820000000023],[88.36717000000004,27.99034000000006],[88.35490000000004,27.989820000000066],[88.35022000000004,27.98711000000003],[88.34396000000004,27.98518000000007],[88.33936000000006,27.98174000000006],[88.33409000000006,27.979160000000036],[88.33305000000007,27.978660000000048],[88.32671000000005,27.977780000000052],[88.32554000000005,27.97744000000006],[88.32091000000008,27.97610000000003],[88.31859000000009,27.974780000000067],[88.31334000000004,27.97180000000003],[88.30886000000004,27.968680000000063],[88.30722000000009,27.967530000000068],[88.30144000000007,27.96750000000003],[88.29470000000003,27.967460000000074],[88.28801000000004,27.962770000000035],[88.28196000000008,27.960450000000037],[88.25592000000006,27.944270000000074],[88.25046000000003,27.944520000000068],[88.24765000000008,27.950740000000053],[88.24574000000007,27.95496000000003],[88.24161000000004,27.964740000000063],[88.23982000000007,27.97073000000006],[88.23602000000005,27.970300000000066],[88.23138000000006,27.969120000000032],[88.22856000000007,27.965940000000046],[88.22726000000006,27.964480000000037],[88.22266000000008,27.96088000000003],[88.21964000000008,27.96279000000004],[88.21555000000006,27.965400000000045],[88.21155000000005,27.96783000000005],[88.20917000000009,27.961420000000032],[88.20868000000007,27.960110000000043],[88.20354000000003,27.94909000000007],[88.20270000000005,27.948230000000024],[88.20130000000006,27.946800000000053],[88.19184000000007,27.94700000000006],[88.18139000000008,27.950930000000028],[88.17609000000004,27.952930000000038],[88.16256000000004,27.95727000000005],[88.15763000000004,27.95962000000003],[88.15403000000003,27.961330000000032],[88.14643000000007,27.960480000000075],[88.14626000000004,27.960410000000024],[88.14326000000005,27.95926000000003],[88.14138000000008,27.958530000000053],[88.14089000000007,27.957790000000045],[88.13576000000006,27.950120000000027],[88.13630000000006,27.937610000000063],[88.13636000000008,27.936240000000055],[88.12543000000005,27.926360000000045],[88.11914000000007,27.922110000000032],[88.11811000000006,27.918540000000064],[88.12172000000004,27.912590000000023],[88.12784000000005,27.90473000000003],[88.12855000000008,27.903820000000053],[88.12995000000006,27.899830000000065],[88.13467000000009,27.886360000000025],[88.13508000000007,27.881930000000068],[88.12944000000005,27.880670000000066],[88.12932215300003,27.880575407000038],[88.09161971800006,27.887471584000025],[88.08925387900007,27.887570917000062],[88.08849000000004,27.888810000000035],[88.08261000000005,27.89220000000006],[88.07563000000005,27.893560000000036],[88.06723000000005,27.89097000000004],[88.06526000000008,27.890750000000025],[88.05969000000005,27.890100000000075],[88.04723000000007,27.897460000000024],[88.03482000000008,27.905170000000055],[88.02850000000007,27.903580000000034],[88.02132000000006,27.900540000000035],[88.01627000000008,27.898210000000063],[88.01045610900007,27.896151838000037],[88.00135726300005,27.898292622000042],[87.97160814400007,27.897911690000058],[87.93755118200005,27.92184243500003],[87.91871951100006,27.91413457500005],[87.91222000000005,27.914310000000057],[87.89727000000005,27.91252000000003],[87.89405522000004,27.912552102000063],[87.88581107100003,27.93193687200005],[87.87353425900005,27.962114677000045],[87.85817362100005,27.94200873500006],[87.85754000000009,27.94300000000004],[87.85269000000005,27.946030000000064],[87.84445000000005,27.949250000000063],[87.83614000000006,27.950380000000052],[87.83081000000004,27.951630000000023],[87.82684000000006,27.949950000000058],[87.82362000000006,27.946990000000028],[87.82271000000009,27.942570000000046],[87.82405000000006,27.936830000000043],[87.82395000000008,27.931670000000054],[87.82202000000007,27.928260000000023],[87.81711000000007,27.923550000000034],[87.80904000000004,27.916300000000035],[87.80391000000003,27.912300000000073],[87.79997000000003,27.90886000000006],[87.79563000000007,27.905680000000075],[87.79141000000004,27.902400000000057],[87.78887000000003,27.90047000000004],[87.78488000000004,27.897050000000036],[87.78011000000004,27.894150000000025],[87.77903000000003,27.892010000000028],[87.77745000000004,27.87859000000003],[87.77784000000008,27.86892000000006],[87.77561000000009,27.863860000000045],[87.77339000000006,27.861800000000073],[87.76817000000005,27.85749000000004],[87.76470000000006,27.85596000000004],[87.76007000000004,27.845420000000047],[87.75651000000005,27.840940000000046],[87.74901000000006,27.83809000000008],[87.74378000000007,27.834670000000074],[87.74263000000008,27.83277000000004],[87.73957000000007,27.827680000000043],[87.73703000000006,27.81913000000003],[87.73570000000007,27.81308000000007],[87.72970000000004,27.809930000000065],[87.72528000000005,27.80654000000004],[87.72107000000005,27.806650000000047],[87.71613000000008,27.808140000000037],[87.70799000000005,27.80982000000006],[87.69978000000003,27.81021000000004],[87.69698000000005,27.81051000000008],[87.69123847900005,27.810217582000064],[87.67960887600003,27.833159527000078],[87.66666394400005,27.822057578000056],[87.66676000000007,27.823100000000068],[87.66870000000006,27.831230000000062],[87.66823000000005,27.833170000000052],[87.66760000000005,27.835830000000044],[87.66180000000008,27.837280000000078],[87.65434000000005,27.837090000000046],[87.64645000000007,27.83617000000004],[87.63649000000004,27.834610000000055],[87.63400000000007,27.83232000000004],[87.63263987400006,27.827311948000045],[87.60350424000006,27.846553483000037],[87.58908162400007,27.848960619000025],[87.58808000000005,27.85215000000005],[87.58409000000006,27.857780000000048],[87.57875000000007,27.86331000000007],[87.57230000000004,27.866040000000055],[87.57193000000007,27.866190000000074],[87.56652000000008,27.867410000000064],[87.56186000000008,27.867330000000038],[87.55655000000007,27.866640000000075],[87.54971000000006,27.860010000000045],[87.54531000000009,27.85343000000006],[87.53891000000004,27.84695000000005],[87.53887000000003,27.84692000000007],[87.53666000000004,27.84537000000006],[87.53382000000005,27.844890000000078],[87.53180000000003,27.844540000000052],[87.52178000000004,27.84445000000005],[87.51232000000005,27.84388000000007],[87.50798000000003,27.843560000000025],[87.49697000000003,27.842750000000024],[87.48781000000008,27.841120000000046],[87.48256653700008,27.83929073200005],[87.46783107000005,27.87100724100003],[87.43691988900008,27.859032726000066],[87.43172516000004,27.856811417000074],[87.43166000000008,27.856930000000034],[87.42608000000007,27.862820000000056],[87.42217000000005,27.864140000000077],[87.42014000000006,27.862250000000074],[87.41693000000004,27.860700000000065],[87.41241000000008,27.857830000000035],[87.40553000000006,27.85406000000006],[87.39662000000004,27.851950000000045],[87.38737000000003,27.84731000000005],[87.38101000000006,27.84376000000003],[87.37386000000004,27.83931000000007],[87.37345000000005,27.83892000000003],[87.36159000000004,27.827710000000025],[87.35452000000004,27.82639000000006],[87.35308694200006,27.826848299000062],[87.32711505600008,27.842867737000063],[87.30813403800005,27.843688584000063],[87.29511802900004,27.844248523000033],[87.29507000000007,27.844280000000026],[87.28837000000004,27.846730000000036],[87.27879000000007,27.848780000000033],[87.27202000000005,27.848700000000065],[87.26372000000003,27.848930000000053],[87.25690000000003,27.847650000000044],[87.24733000000003,27.843000000000075],[87.23868000000004,27.834970000000055],[87.23791000000006,27.83367000000004],[87.23556788900004,27.830055881000078],[87.21888617500008,27.828791516000024],[87.16880676900007,27.832370087000072],[87.14873469400004,27.83939865700006],[87.12312806500006,27.870502722000026],[87.09627790600007,27.929390471000033],[87.06570034400005,27.947293728000034],[87.03395228500005,27.94999096500004],[87.03276573100004,27.949802195000075],[87.03255000000007,27.94993000000005],[87.02615000000003,27.951430000000073],[87.02481000000006,27.951630000000023],[87.01031000000006,27.953810000000033],[86.99921000000006,27.952150000000074],[86.98461000000003,27.952220000000068],[86.97656000000006,27.95225000000005],[86.97276681000005,27.952801923000038],[86.91181166400008,28.00098590600004],[86.90666726200004,28.019531407000045],[86.87032639700004,28.018109829000025],[86.86900000000009,28.01983000000007],[86.86242000000004,28.026260000000036],[86.85612000000003,28.026620000000037],[86.85334000000006,28.026770000000056],[86.84575000000007,28.02305000000007],[86.83871000000005,28.019800000000032],[86.82564000000008,28.01615000000004],[86.82297000000005,28.016830000000027],[86.82064355600005,28.01742021800004],[86.80538446000008,28.044903255000065],[86.79473946700006,28.075383411000075],[86.77774715600003,28.101711782000052],[86.74070037000007,28.115375035000056],[86.69895636900009,28.107454192000034],[86.69690410100003,28.104981706000046],[86.68796000000003,28.10343000000006],[86.66855000000004,28.097860000000026],[86.66083000000003,28.09564000000006],[86.65944000000007,28.093390000000056],[86.65802000000008,28.08689000000004],[86.65787000000006,28.086220000000026],[86.65596154100007,28.083557530000064],[86.63894064400006,28.080659764000075],[86.61850364900005,28.084726829000033],[86.60046694800008,28.09845568000003],[86.59924000000007,28.101890000000026],[86.59687000000008,28.104280000000074],[86.59228000000007,28.10504000000003],[86.58136000000007,28.107260000000053],[86.56711000000007,28.10692000000006],[86.56359000000003,28.09964000000008],[86.56341000000003,28.08717000000007],[86.56362000000007,28.08140000000003],[86.56346000000008,28.07188000000008],[86.55990000000008,28.058280000000025],[86.55631000000005,28.05134000000004],[86.54558000000009,28.048700000000053],[86.53569000000005,28.048500000000047],[86.53198000000003,28.04427000000004],[86.53117000000003,28.03979000000004],[86.53114000000005,28.034740000000056],[86.53111000000007,28.02798000000007],[86.52830000000006,28.021610000000067],[86.51788000000005,28.006670000000042],[86.51156000000003,28.000000000000057],[86.51209000000006,27.992590000000064],[86.51259000000005,27.988440000000026],[86.51415000000009,27.98326000000003],[86.51720000000006,27.97807000000006],[86.51791000000009,27.972530000000063],[86.51627000000008,27.964090000000056],[86.51539000000008,27.962830000000054],[86.51244000000008,27.958630000000028],[86.50784000000004,27.956500000000062],[86.49869000000007,27.955160000000035],[86.49162000000007,27.95365000000004],[86.48206000000005,27.95026000000007],[86.47374000000008,27.947970000000055],[86.46966000000003,27.944210000000055],[86.46802000000008,27.940450000000055],[86.46752000000004,27.936010000000067],[86.46644000000003,27.93199000000004],[86.46617000000003,27.930990000000065],[86.46217000000007,27.926030000000026],[86.45355000000006,27.915320000000065],[86.45323195000003,27.915163634000066],[86.43117422100005,27.936024665000048],[86.39214141700006,27.956637245000024],[86.36188658200007,27.961348215000044],[86.33683349800003,27.964711230000034],[86.33679000000006,27.965140000000076],[86.33378000000005,27.968020000000024],[86.33330000000007,27.966750000000047],[86.33307864600005,27.966163892000054],[86.31196940000007,27.978649887000074],[86.26959635800006,27.988202725000065],[86.25572294700004,27.988010694000025],[86.23606079000007,28.023080383000035],[86.22850288600006,28.053282341000056],[86.24115197100008,28.087863705000075],[86.26315332100006,28.119778735000068],[86.23916067800008,28.139866178000034],[86.22882019000008,28.17601092600006],[86.20858740800008,28.17911894200006],[86.18254502600007,28.150062518000027],[86.17725207300003,28.146488133000048],[86.17659000000003,28.147380000000055],[86.17828000000009,28.15882000000005],[86.17638000000005,28.163920000000076],[86.17402000000004,28.165490000000034],[86.17355000000003,28.164750000000026],[86.17377000000005,28.15387000000004],[86.17206000000004,28.145470000000046],[86.15989000000008,28.137980000000027],[86.15580000000006,28.13558000000006],[86.15072000000004,28.131560000000036],[86.14361000000008,28.12495000000007],[86.14196288400007,28.123107607000065],[86.11029692300008,28.102511802000038],[86.11414735000005,28.090739264000035],[86.11343000000005,28.090770000000077],[86.10372000000007,28.092200000000048],[86.08421000000004,28.093410000000063],[86.08038000000005,28.08976000000007],[86.07989000000003,28.083450000000028],[86.08175000000006,28.075360000000046],[86.08705000000003,28.06021000000004],[86.08573000000007,28.050760000000025],[86.08482000000004,28.043400000000076],[86.08281000000005,28.032700000000034],[86.08054000000004,28.021700000000067],[86.08129000000008,28.01397000000003],[86.08482000000004,28.00795000000005],[86.08584000000008,28.006200000000035],[86.09343000000007,28.000000000000057],[86.09973000000008,27.992590000000064],[86.10178000000008,27.987370000000055],[86.10274000000004,27.980740000000026],[86.10512000000006,27.974470000000053],[86.10614000000004,27.970200000000034],[86.10777000000007,27.964470000000063],[86.10907000000003,27.954480000000046],[86.11197000000004,27.95129000000003],[86.11783000000008,27.945610000000045],[86.11957000000007,27.94441000000006],[86.12408000000005,27.93906000000004],[86.12435420500003,27.93740380500003],[86.06533854700007,27.915620355000044],[86.00478651300006,27.939839523000046],[85.97926753800004,27.961422973000026],[85.96739661500004,27.96912606400008],[86.00159663300008,28.014119082000036],[85.96671669700004,28.034582637000028],[85.93556743700003,28.071788987000048],[85.93041988900006,28.10439697100003],[85.91540819300008,28.137645357000054],[85.89861919300006,28.169566238000073],[85.86388306600008,28.196602735000056],[85.83628901500003,28.20271409700007],[85.81337816500007,28.23702600200005],[85.79632793000007,28.258569974000068],[85.78100586300008,28.288923456000077],[85.77271230600007,28.328323003000037],[85.76649039800003,28.35693377800004],[85.75290396800006,28.388606598000024],[85.72478769800006,28.38522103200006],[85.71629843600005,28.380032905000064],[85.71453000000008,28.383740000000046],[85.70994000000007,28.38513000000006],[85.69726000000009,28.38220000000007],[85.68575000000004,28.38196000000005],[85.68064000000004,28.37960000000004],[85.68040000000008,28.347530000000063],[85.67245000000008,28.346200000000067],[85.66556000000008,28.345260000000053],[85.65968000000004,28.331120000000055],[85.65890000000007,28.322110000000066],[85.65723000000008,28.314410000000066],[85.65323000000006,28.301540000000045],[85.64822000000004,28.28747000000004],[85.63832048200004,28.27603289700005],[85.63052785400004,28.302524105000032],[85.60986610700007,28.325125006000064],[85.56070976300003,28.32733294800005],[85.53216218300008,28.350981326000067],[85.47264960400008,28.34803762100006],[85.45555191700004,28.336696118000077],[85.45195000000007,28.337140000000034],[85.44598000000008,28.338540000000023],[85.43375000000003,28.33332000000007],[85.42947000000004,28.332880000000046],[85.42700000000008,28.332430000000045],[85.41607000000005,28.329500000000053],[85.41137000000003,28.322880000000055],[85.40717000000006,28.31487000000004],[85.40273000000008,28.30848000000003],[85.40097812300007,28.306069571000023],[85.36908130200004,28.31550593000003],[85.32650849600003,28.31721551700008],[85.29982023600007,28.327165843000046],[85.27433372800004,28.365525657000035],[85.24871518200007,28.36820462700007],[85.23098511200004,28.344511468000064],[85.19323365900004,28.344442121000043],[85.14387278500004,28.36144664400007],[85.14804506400003,28.394289383000057],[85.13856837900005,28.443752252000024],[85.11550002600006,28.479046914000037],[85.12000000000006,28.482770000000073],[85.12769000000003,28.485790000000065],[85.14606000000003,28.486800000000073],[85.15143000000006,28.490800000000036],[85.15554000000003,28.49428000000006],[85.15781000000004,28.496200000000044],[85.15919000000008,28.50356000000005],[85.16271000000006,28.516110000000026],[85.16289000000006,28.517520000000047],[85.16384265900007,28.525147669000035],[85.16799952900004,28.529192272000046],[85.17007079200005,28.533583995000072],[85.17696000000007,28.536580000000072],[85.18430000000006,28.54299000000003],[85.18657055100005,28.546741650000058],[85.20200243900007,28.552793639000072],[85.20927986300006,28.560992256000077],[85.19786962400008,28.580933575000074],[85.22818459000007,28.642128934000027],[85.17191480100007,28.670743205000065],[85.15422713300006,28.682704062000028],[85.13092217700006,28.69527833400008],[85.11195259600004,28.686318004000043],[85.07903665200007,28.694837061000044],[85.05965692300003,28.678881228000023],[85.05444000000006,28.677880000000073],[85.04445485900004,28.667403998000054],[85.02552300500008,28.66398801400004],[85.02017750300007,28.645295546000057],[85.01696000000004,28.641400000000033],[85.00576000000007,28.629320000000064],[84.99919000000006,28.62214000000006],[84.99335000000008,28.615090000000066],[84.99107592700005,28.609018226000046],[84.98510545000005,28.607924273000037],[84.94510794000007,28.596971556000028],[84.94633654300003,28.61789402100004],[84.90824404900007,28.59301748400003],[84.90491000000003,28.592620000000068],[84.89905000000005,28.591680000000053],[84.89454000000006,28.590950000000078],[84.88763000000006,28.587450000000047],[84.88722000000007,28.587240000000065],[84.88387051600006,28.585754294000026],[84.85382106300005,28.601531487000045],[84.83273326500006,28.61737076000003],[84.80791041700007,28.627662428000065],[84.73832250500004,28.638975473000073],[84.72432833500005,28.684582737000028],[84.64293092400004,28.726943223000035],[84.62792603700007,28.740394150000043],[84.59411747500008,28.765485212000044],[84.54475684600004,28.76351456900005],[84.49488129900004,28.749193409000043],[84.46681767100006,28.790608630000065],[84.45567265000005,28.812450351000052],[84.44738186100005,28.832134817000053],[84.42647325400003,28.857356724000056],[84.43577203300003,28.876405146000025],[84.41038946800006,28.87763668100007],[84.35181177200008,28.88045521600003],[84.32049455200007,28.890097664000052],[84.25230004600007,28.906186972000057],[84.25168483500005,28.922016430000042],[84.25661099400008,28.941012387000058],[84.26770646100005,28.99243394000007],[84.28090895700007,29.030245016000038],[84.26746681100008,29.048727847000066],[84.25188190100005,29.06013487200005],[84.20873186400007,29.058563700000036],[84.22097284100005,29.08206691500004],[84.22360763100005,29.111793840000075],[84.20943257000005,29.14982229800006],[84.19337381000008,29.169564858000058],[84.18832486500008,29.19938031600003],[84.22760856700006,29.227274454000053],[84.22966227400008,29.238080916000058],[84.21495732800008,29.243115430000046],[84.19839216600008,29.250544195000032],[84.19338334400004,29.25060616500008],[84.16765813100005,29.250916477000033],[84.14691702600004,29.250791020000065],[84.13434475300005,29.283551173000035],[84.12175485500006,29.29564706800005],[84.10364888400005,29.295162951000066],[84.10257000000007,29.29577000000006],[84.09252000000004,29.29750000000007],[84.08549705700005,29.294738693000056],[84.06305997200008,29.294240538000054],[84.05636000000004,29.299150000000054],[84.04938000000004,29.29980000000006],[84.03281579300005,29.293929544000036],[84.00691626600008,29.293786983000075],[84.00122609100004,29.29437359900004],[84.01853970100007,29.32418017400005],[83.99074537900003,29.32407536100004],[83.98462000000006,29.328070000000025],[83.97724000000005,29.329800000000034],[83.96626000000003,29.32869000000005],[83.96123000000006,29.32645000000008],[83.95844014400006,29.32395353700008],[83.93174186300007,29.323852858000066],[83.92723000000007,29.326250000000073],[83.91503000000006,29.327840000000037],[83.90941000000004,29.326590000000067],[83.90052000000009,29.322430000000054],[83.88344000000006,29.315990000000056],[83.87080000000003,29.31182000000007],[83.86243000000007,29.30705000000006],[83.85505000000006,29.301950000000033],[83.84904000000006,29.298110000000065],[83.84134000000006,29.29690000000005],[83.83358000000004,29.30239000000006],[83.82321000000007,29.300770000000057],[83.81788000000006,29.29722000000004],[83.81555000000003,29.293980000000033],[83.80390000000006,29.28246000000007],[83.79625000000004,29.27466000000004],[83.79735000000005,29.271640000000048],[83.80051000000003,29.26893000000007],[83.80331000000007,29.25950000000006],[83.79989326400005,29.255137673000036],[83.79238386600008,29.254206185000044],[83.73847886800007,29.25840123300003],[83.73331399900007,29.248713101000078],[83.72493000000009,29.247690000000034],[83.71954000000005,29.245110000000068],[83.71692000000007,29.243850000000066],[83.71400000000006,29.241420000000062],[83.70872000000008,29.238710000000026],[83.70394000000005,29.234390000000076],[83.69997000000006,29.230980000000045],[83.69409000000007,29.226470000000063],[83.68942000000004,29.21996000000007],[83.68816000000004,29.218590000000063],[83.68441000000007,29.21494000000007],[83.67827000000005,29.210570000000075],[83.67028000000005,29.20619000000005],[83.66474000000005,29.203440000000057],[83.66318000000007,29.197200000000066],[83.65986000000004,29.19336000000004],[83.65910000000008,29.18351000000007],[83.65841000000006,29.180000000000064],[83.65717761800005,29.17770747800006],[83.65479593200007,29.178409917000067],[83.61481651100007,29.180200213000035],[83.57918249800008,29.198999998000033],[83.57600122900004,29.203244392000045],[83.57570000000004,29.207200000000057],[83.57224240600004,29.20825934800007],[83.56183263200006,29.222147886000073],[83.53637460800007,29.266877047000037],[83.50454814300008,29.27716309400006],[83.48049090300003,29.300587488000076],[83.46045417300007,29.34189725400006],[83.43998722100008,29.364291267000056],[83.44645579700006,29.418500390000077],[83.41540710100008,29.426141048000034],[83.38504643200008,29.45181228900003],[83.37386843200005,29.479237372000057],[83.35946220900007,29.503073044000075],[83.34420887300007,29.506008129000065],[83.33066591200009,29.502767413000072],[83.32929000000007,29.503450000000043],[83.32268000000005,29.50586000000004],[83.31777000000005,29.50338000000005],[83.31194000000005,29.500420000000076],[83.31148858200004,29.50031732800005],[83.30044053700004,29.508703128000036],[83.29951859000005,29.528233800000066],[83.30513260700008,29.544630264000034],[83.30931043000004,29.56538044100006],[83.24567710900004,29.591526267000063],[83.23775695500007,29.612203618000024],[83.21282906000005,29.603857996000045],[83.20631000000003,29.60591000000005],[83.20206000000007,29.60669000000007],[83.19688000000008,29.60746000000006],[83.19173000000006,29.605770000000064],[83.18834000000004,29.601990000000058],[83.18730000000005,29.60083000000003],[83.18596483300007,29.59990894200007],[83.17514636700008,29.61504805800007],[83.15187824700007,29.62544813900007],[83.14626424900007,29.62260400300005],[83.14567000000005,29.622780000000034],[83.13456000000008,29.624430000000075],[83.12613000000005,29.626400000000046],[83.11975000000007,29.62516000000005],[83.11726000000004,29.62340000000006],[83.10980450100004,29.618135073000076],[83.09988655700005,29.626099725000074],[83.08636793800008,29.636961303000078],[83.06236672100005,29.65281460800003],[83.03646648100005,29.671030877000078],[83.01504734000008,29.672445993000053],[83.00561157600004,29.67016402400003],[83.00483000000008,29.670070000000067],[82.99236000000008,29.668600000000026],[82.98190000000005,29.66665000000006],[82.98149547900005,29.666506923000043],[82.97032709000007,29.690807449000033],[82.95970480000005,29.706119541000078],[82.94664049500005,29.701261420000037],[82.94609000000008,29.707820000000027],[82.94430000000006,29.712000000000046],[82.93893000000008,29.709610000000055],[82.93117000000007,29.707230000000038],[82.91848000000005,29.704770000000053],[82.91107000000005,29.704150000000027],[82.91042000000004,29.704090000000065],[82.90304000000003,29.702530000000024],[82.89463000000006,29.701010000000053],[82.88335000000006,29.692160000000058],[82.87464000000006,29.689710000000048],[82.86796000000004,29.690410000000043],[82.86038491300008,29.690320046000068],[82.84832092400006,29.69604505700005],[82.83547955400007,29.734350715000062],[82.80238032600005,29.724417686000038],[82.78398935300004,29.739711837000073],[82.76718687500005,29.76669097100006],[82.75497431500008,29.764576115000068],[82.75466000000006,29.765040000000056],[82.74612000000008,29.76863000000003],[82.74590000000006,29.76864000000006],[82.73745000000008,29.769090000000062],[82.72775000000007,29.768390000000068],[82.71977000000004,29.766640000000052],[82.71330367600007,29.765848907000077],[82.71230226100005,29.77873487100004],[82.71716721300004,29.798161119000042],[82.72091000000006,29.79934000000003],[82.72702000000004,29.80356000000006],[82.73532000000006,29.809290000000033],[82.73594000000008,29.812820000000045],[82.73337000000004,29.82113000000004],[82.72859000000005,29.828730000000064],[82.72540025200004,29.831090180000047],[82.73157683200003,29.855938680000065],[82.71028998100007,29.843266077000067],[82.70159000000007,29.85056000000003],[82.69450000000006,29.85193000000004],[82.68641000000008,29.851530000000025],[82.68538000000007,29.851080000000024],[82.67939000000007,29.848500000000058],[82.66937000000007,29.84337000000005],[82.66202000000004,29.84033000000005],[82.65164000000004,29.836370000000045],[82.64979000400007,29.835766483000043],[82.66217810500007,29.868199461000074],[82.65322192400004,29.884846071000027],[82.63331641200006,29.897875890000023],[82.59473113900003,29.943058999000073],[82.56559181400007,29.947449036000023],[82.55881000000005,29.958430000000078],[82.55120000000005,29.961610000000064],[82.53965000000005,29.962860000000035],[82.53304000000009,29.96309000000008],[82.52484000000004,29.961250000000064],[82.51770000000005,29.957800000000077],[82.51224000000008,29.953800000000058],[82.50758000000008,29.950800000000072],[82.50673739200005,29.950603862000037],[82.50142277300006,29.950337820000072],[82.47337057400006,29.977360946000033],[82.44599431300009,30.01208263500007],[82.41928749700008,30.02530202300005],[82.40615646600008,30.01830199500006],[82.40306896800007,30.017541536000067],[82.39576000000005,30.020590000000027],[82.37918000000008,30.02684000000005],[82.37432000000007,30.02630000000005],[82.37138480200008,30.019428969000046],[82.36759699700008,30.030474420000075],[82.34702093200008,30.04519081400008],[82.34064563400005,30.043311138000035],[82.33588000000003,30.04731000000004],[82.33114000000006,30.04782000000006],[82.32948000000005,30.04708000000005],[82.31676000000004,30.041420000000073],[82.30869000000007,30.038590000000056],[82.30552311000008,30.03999793500003],[82.29457596700007,30.071823954000024],[82.25652758900003,30.06893457900003],[82.25126000000006,30.072520000000054],[82.24446000000006,30.074460000000045],[82.23807000000005,30.073470000000043],[82.23172000000005,30.070140000000038],[82.22905000000003,30.068620000000067],[82.22164000000004,30.06791000000004],[82.21581117400007,30.06845262300004],[82.21247831200003,30.084503478000045],[82.20181086400004,30.118618327000036],[82.24011035200004,30.12998248400004],[82.20735638700006,30.176535105000028],[82.18610435900007,30.184532370000056],[82.18617000000006,30.188480000000027],[82.18343000000004,30.19019000000003],[82.17698000000007,30.190960000000075],[82.17242987300006,30.190491536000025],[82.16303733900008,30.198551011000063],[82.14980772300004,30.23674195700005],[82.13836285200006,30.26971734600005],[82.13481223800005,30.289570385000047],[82.13349708200008,30.322229270000037],[82.12764717300007,30.33585800900005],[82.10616812200004,30.355978426000036],[82.10012802900008,30.349590269000032],[82.08935000000008,30.352010000000064],[82.08079000000004,30.35597000000007],[82.07778195600008,30.354820524000047],[82.05967538600004,30.384866427000077],[82.04496431300004,30.410579707000068],[82.03207390800003,30.435224301000062],[82.01966857600007,30.471252726000046],[82.02012142500007,30.505752873000063],[82.03310547700005,30.540081706000024],[82.05922221200007,30.558806081000057],[82.09633836300003,30.552003627000033],[82.12771991600005,30.530756109000038],[82.15473098800004,30.513289694000036],[82.17947285200006,30.540624533000027],[82.20754049300007,30.558304320000047],[82.24716537000006,30.545783871000026],[82.27778929300007,30.530411325000046],[82.31089994700005,30.53590636900003],[82.35680301300005,30.558826925000062],[82.39924342000006,30.56441558800003],[82.42996282600006,30.556586588000073],[82.46169262600006,30.544658880000043],[82.50309082700005,30.538991448000047],[82.51524518200006,30.57385438700004],[82.50873898000003,30.605824582000025],[82.50820042700008,30.64615096800003],[82.50789302400005,30.678881601000057],[82.49157912400005,30.706364533000055],[82.46770813900008,30.74286826100007],[82.46679379200003,30.78874510600008],[82.47470119500008,30.82101603800004],[82.48123723000003,30.853889577000075],[82.48770686600005,30.88295782800003],[82.51331751300006,30.905577572000027],[82.55682468100008,30.912524104000056],[82.59582153800005,30.929800046000025],[82.62618336900005,30.947208621000073],[82.65357961000007,30.922113680000052],[82.66919520500005,30.888512349000052],[82.70287043200005,30.863667546000045],[82.73388604300004,30.842502756000044],[82.74449953800007,30.81489375500007],[82.78324724400005,30.805157784000073],[82.80476090500008,30.76696705100005],[82.81999970700008,30.742163610000034],[82.83839417700005,30.71374994200005],[82.86786209100006,30.69281006600005],[82.90518954100008,30.68956818500004],[82.93435457900006,30.662093243000072],[82.93895574700008,30.630509725000024],[82.93856443400006,30.590738112000054],[82.97265809800007,30.57089793700004],[83.00116466600008,30.555550923000055],[83.02891518300004,30.53856212200003],[83.06964483400003,30.553305781000063],[83.09126902900005,30.578735705000042],[83.12400736700005,30.600584816000037],[83.13228717100003,30.635180546000072],[83.15508029400007,30.671769960000063],[83.16843100600005,30.729443683000056],[83.16898274100004,30.765794302000074],[83.16387106900004,30.798932901000057],[83.14231145000008,30.82861653100008],[83.11078507400003,30.834794620000025],[83.07235967500003,30.83627926400004],[83.04299933700008,30.85451114400007],[83.05071395200008,30.894636560000038],[83.07814868000008,30.909905846000072],[83.10635858300003,30.936646599000028],[83.12529632600007,30.967743390000066],[83.13892838500004,31.000674641000046],[83.16179812900003,31.05908467900008],[83.17951526400003,31.098042062000047],[83.18347465800008,31.14893529300008],[83.20804832200008,31.19628036100005],[83.24129808000004,31.215525479000064],[83.26831130100004,31.235867564000046],[83.27686662200006,31.269555371000024],[83.27297942100006,31.312102335000077],[83.27048780800004,31.353440205000027],[83.27023978700004,31.38801927000003],[83.24379372800007,31.422095486000046],[83.19937012900004,31.423079013000063],[83.19266604300003,31.39122098000007],[83.15760694400007,31.401537647000055],[83.12444766900006,31.433581228000037],[83.07118422300005,31.473851067000055],[83.04197676700005,31.509949927000036],[83.06036028500006,31.53643693600003],[83.09607478900006,31.56852828700005],[83.13329414100008,31.590089541000054],[83.16754501600008,31.603697800000077],[83.21004082300004,31.621193783000024],[83.24105554800008,31.64041901300004],[83.28501440600007,31.66061004200003],[83.32988877700006,31.652668211000048],[83.36402932800007,31.652101883000057],[83.40017186000006,31.654256875000044],[83.43122842700006,31.644597696000062],[83.45412182000007,31.620183575000055],[83.47580527500008,31.60025530200005],[83.52140740000004,31.587201809000078],[83.57951357500008,31.620321965000073],[83.61015822500008,31.635045039000033],[83.65941961600004,31.656085572000052],[83.71652338400008,31.663959550000072],[83.76426534800004,31.653104674000076],[83.81661201300005,31.618125433000046],[83.84922246100007,31.61054101600007],[83.86121727600005,31.638204974000075],[83.88686487400008,31.661804120000056],[83.93516602600005,31.665582597000025],[83.97690144900008,31.65447723300008],[84.02006400700003,31.635615716000075],[84.05205899800006,31.645279947000063],[84.08811744000008,31.65191857700006],[84.11186798800009,31.631815214000028],[84.13403916400006,31.654236148000052],[84.15095753800006,31.682282719000057],[84.23121847000004,31.68520402300004],[84.27578821500003,31.677809168000067],[84.31159939200006,31.65092695800007],[84.32840722000003,31.62340338200005],[84.35520524300006,31.653678480000053],[84.38846712800006,31.654068556000027],[84.41033256400004,31.68013888200005],[84.39768431300007,31.710768350000023],[84.38334754400006,31.75238359000008],[84.36098701800006,31.788782277000053],[84.36274979500007,31.82296344300005],[84.40606350700006,31.82938768400004],[84.44395355000006,31.80519114200007],[84.45561691900008,31.76544769900005],[84.46551955500007,31.73478824800003],[84.49777904200005,31.710983747000057],[84.53630921000007,31.705692552000073],[84.57935979600006,31.70637682100005],[84.61439634900006,31.70842912100005],[84.65247668300003,31.691738781000026],[84.67976247200005,31.67217706200006],[84.63422563500006,31.637705178000033],[84.63262431700008,31.600276634000068],[84.64520527800005,31.567263471000047],[84.65677415500005,31.531723312000054],[84.62669290900004,31.518805400000076],[84.58557466300005,31.51517658800003],[84.55234754200006,31.49743456500005],[84.51405843600008,31.482530646000043],[84.47060572700008,31.481729716000075],[84.43873269200003,31.47172323700005],[84.40806374000005,31.448278798000047],[84.38223167800004,31.425227617000075],[84.35858255800008,31.39786619100005],[84.34296034700003,31.366783678000047],[84.37603909800004,31.354453036000052],[84.41308529100007,31.348020104000057],[84.43345568000007,31.377599876000033],[84.46699682000008,31.367690451000044],[84.49974137100008,31.343510742000035],[84.52119400800007,31.31869262300006],[84.55597093700004,31.301458738000065],[84.57032677500007,31.27441395200003],[84.57329579900005,31.240603948000057],[84.59202191400004,31.200229449000062],[84.62748352800008,31.195338881000055],[84.67212961400008,31.203851916000076],[84.69665754400006,31.183797819000063],[84.67586595100005,31.157949478000035],[84.65935962900005,31.11262955600006],[84.68901227100008,31.082682813000076],[84.70646586400005,31.044890439000028],[84.70123871200008,30.99783375000004],[84.74108273100006,30.98571204800004],[84.76856650100007,30.97089258300008],[84.78366510000006,30.93360834500004],[84.74815743600004,30.921578946000068],[84.74807755700004,30.890975178000076],[84.71440182200007,30.875965945000075],[84.68492100000003,30.865939627000046],[84.65755150800004,30.84074877300003],[84.63186954000008,30.80879069100007],[84.61530039600007,30.77941972700006],[84.59076228500004,30.749536221000028],[84.56054787000005,30.725201311000035],[84.53955286900003,30.689823467000053],[84.54354460600007,30.656165746000056],[84.55391524000004,30.625086520000025],[84.51985451500008,30.61651192200003],[84.53463318500008,30.57634468400005],[84.57130062200008,30.53922653400008],[84.58028281500003,30.509299783000074],[84.61173240700003,30.484413562000043],[84.63528550800004,30.460911758000066],[84.60166448000007,30.422275686000035],[84.60691283500006,30.385538535000023],[84.65232439000005,30.329740739000044],[84.68735544100008,30.28759060300007],[84.71826881100003,30.27106817200007],[84.72105841500007,30.228694871000073],[84.74945537500008,30.198046861000023],[84.75595075800004,30.169068279000044],[84.75171980500005,30.133427392000044],[84.74217140500008,30.10199844600004],[84.75542133300007,30.076131514000053],[84.75427597200007,30.04104398100003],[84.76547660800009,30.005842874000052],[84.83041745500003,29.98984254800007],[84.86620883200004,29.99020742700003],[84.87880406400006,29.96232827800003],[84.89700794900006,29.93781659800004],[84.92385913900006,29.919584765000025],[84.93880185300003,29.89071018100003],[84.96829822000007,29.87247454000004],[84.99630353900005,29.849249560000032],[85.03186804000006,29.827854987000023],[85.07075780000008,29.801394662000064],[85.10032579400007,29.780322306000073],[85.13647067600004,29.756177664000063],[85.17004591800008,29.731569251000053],[85.19175465500007,29.711894974000074],[85.23445546500005,29.707280789000038],[85.26388014100007,29.72053635800006],[85.29762035800007,29.70629544700006],[85.32065671000004,29.683068452000043],[85.35499593300005,29.69812016900005],[85.39309177300004,29.71995389600005],[85.42061433500004,29.746022120000077],[85.40750003400007,29.77478626000004],[85.41389528500008,29.818299077000063],[85.43423452300004,29.850143409000054],[85.46561983100008,29.857559181000056],[85.48794843400003,29.830420059000062],[85.52367292500008,29.832937712000046],[85.54974560900007,29.85634579300006],[85.55905687100005,29.885278560000074],[85.56126368800005,29.91955452600007],[85.59759309600008,29.93344164100006],[85.63894489000006,29.927959010000052],[85.67390272100005,29.924641913000073],[85.70870608700005,29.94057822900004],[85.70456694900008,29.98408154400005],[85.73949225300004,30.001908142000048],[85.77826346100005,30.01003250100007],[85.80364249100006,30.034648035000032],[85.84489767800005,30.043645540000057],[85.86649200400007,30.06382510000003],[85.87480379900006,30.095347764000053],[85.86787026800005,30.132712325000057],[85.88402741500005,30.160403942000073],[85.91390390200007,30.186684111000034],[85.89016452700008,30.21316779600005],[85.85394743000006,30.228573854000047],[85.81565608500006,30.24126430900003],[85.79010377000003,30.27306210000006],[85.82528280500009,30.285699214000033],[85.84827800600004,30.307044489000077],[85.86528766000004,30.33346033500004],[85.88179448400007,30.362137722000057],[85.89664806600007,30.390994970000065],[85.91007399900008,30.421485260000054],[85.91408887300008,30.448481382000068],[85.91707724300005,30.484699226000032],[85.91011929800004,30.52438530200004],[85.89467069100004,30.55885833700006],[85.85755637500006,30.58681194500008],[85.81867904000006,30.603648948000057],[85.78860592800004,30.614939839000044],[85.75272538300004,30.623342398000034],[85.72516749400006,30.65619763500007],[85.74085791900006,30.686140127000044],[85.77713473000006,30.697063581000066],[85.80248326200007,30.67838901400006],[85.83589488400008,30.669072189000076],[85.86377164900006,30.683699266000076],[85.84351086100008,30.708420825000076],[85.82210582100004,30.73106597800006],[85.81333889100006,30.75962760300007],[85.83500765500008,30.782582356000034],[85.86524782800007,30.76848639800005],[85.90033228300007,30.768358369000055],[85.94352668400006,30.770531654000024],[85.97747945100008,30.75657525300005],[86.02068354300008,30.77280733400005],[86.04873589400006,30.786934122000048],[86.07722418100008,30.81098492700005],[86.08942507200004,30.84026508900007],[86.09020452600004,30.872309318000077],[86.08620121600006,30.899323964000075],[86.07750654000006,30.930240473000026],[86.08319613300006,30.981112624000048]]]}}]}
