{"type":"FeatureCollection","name":"admin2_chn_cn-yn","adm0A3":"CHN","parentCode":"CN-YN","parentName":"Yunnan","bbox":[97.56053530100007,21.146722469000053,106.19189992500009,29.220789610000054],"features":[{"type":"Feature","properties":{"code":"CN053010","name":"Baoshan","label":"Baoshan · 保山市","type":"Prefecture-level city","parentCode":"CN-YN"},"geometry":{"type":"Polygon","coordinates":[[[98.71149117500005,25.841396793000058],[98.72552091600005,25.80682443300003],[98.73755485500004,25.770761453000034],[98.74876571300007,25.736417467000024],[98.75826304800006,25.696595933000026],[98.76089639400004,25.66960266500007],[98.76071715300009,25.625440105000052],[98.77698038500006,25.59147927600003],[98.80598700400009,25.555839382000045],[98.84211876200004,25.554205479000075],[98.88779319100007,25.570698519000075],[98.88548697100003,25.598171230000048],[98.94636504800008,25.61494259500006],[98.98126827100003,25.617676652000057],[98.99694810800008,25.59171518900007],[99.01477632500007,25.569952976000025],[99.04984082200008,25.552743467000028],[99.07996372500008,25.52448462700005],[99.08915519400006,25.488708495000026],[99.11336166500007,25.46798510700006],[99.15421337400005,25.478856826000026],[99.18693490000004,25.503143246000036],[99.21348394900008,25.528142899000045],[99.25313542600009,25.549465261000023],[99.30471655400004,25.528690263000044],[99.35673907800003,25.49149077000004],[99.36119958800003,25.450762938000025],[99.32645632900005,25.43039015200003],[99.28945542800005,25.431574382000065],[99.29858193300004,25.403040176000047],[99.29411435700007,25.35410775300005],[99.31598916600007,25.332918276000044],[99.34683342900007,25.31058916300003],[99.37869262200007,25.269363662000046],[99.40167341100005,25.245098953000024],[99.42481383900008,25.221039244000053],[99.45306209400007,25.19077182600006],[99.48527813200008,25.152032862000056],[99.51718015300008,25.135194460000037],[99.54909724200007,25.13523858700006],[99.59724927200006,25.13068790400007],[99.62754476700007,25.12558075100003],[99.65954574700004,25.10770341500006],[99.69025000100004,25.095037555000033],[99.72303721500003,25.090630490000024],[99.77797252900007,25.11988206600006],[99.83690695000007,25.134721340000056],[99.85607300600009,25.15544163100003],[99.87911082500005,25.192014938000057],[99.91150207500004,25.22171468500005],[99.96688552200004,25.23746347200006],[100.00906086500004,25.235695811000028],[100.03968484100005,25.211791119000054],[100.05716574100006,25.18146513800008],[100.06308540800006,25.151699290000067],[100.04870105600008,25.124728479000055],[100.03492572100004,25.09690878500004],[100.02759937900004,25.06933272400005],[100.05069668800007,25.03779073100003],[100.04659055200005,25.00102326700005],[100.07843412600005,24.99357936800004],[100.10154752100004,25.014693253000075],[100.12931131800008,25.03085022700003],[100.15982461800007,25.033680842000024],[100.15726228600005,25.00304225700006],[100.14325528400008,24.984869434000075],[100.12629097100006,24.966581233000056],[100.09198681300006,24.938112833000048],[100.04829964000004,24.888910905000046],[100.02281082200005,24.863475299000072],[100.00030199900004,24.838150735000056],[99.96810499400004,24.798859273000062],[99.92260919900008,24.759005218000027],[99.87531927000003,24.725835991000054],[99.84648782500005,24.70970600800007],[99.82643786800008,24.70826740700005],[99.77418738500006,24.689429940000025],[99.74467756400009,24.67647732300003],[99.71992453000007,24.655885917000035],[99.70014503400006,24.629348770000036],[99.67189022200006,24.598601131000066],[99.66656395300004,24.56252824300003],[99.66532218600008,24.524399905000053],[99.67443558300005,24.49141873900004],[99.68251273400006,24.459207183000046],[99.63735118400007,24.45764271400003],[99.61403738900003,24.422541185000057],[99.60222556900004,24.385589409000033],[99.56643785100005,24.36437696200005],[99.52420178100004,24.345409218000043],[99.50085495900004,24.31900935400006],[99.48078597600005,24.288051824000036],[99.45106769200004,24.260110241000064],[99.40325532000008,24.25290413600004],[99.37479853900004,24.288036454000064],[99.37158692200006,24.315046507000034],[99.37318210800004,24.343290103000072],[99.36354658800008,24.384931231000053],[99.34469872200003,24.423511631000054],[99.31955522700008,24.46354635600005],[99.28159728400004,24.454512273000034],[99.26386572300004,24.43096977400006],[99.23790443400009,24.38523550000008],[99.21421107600008,24.34728826500003],[99.18669026100008,24.312564807000058],[99.15942315000007,24.292853953000076],[99.12448673900008,24.27467176600004],[99.09653775500004,24.263559609000026],[99.04634398100006,24.24504649200003],[99.01634351200005,24.236128836000034],[98.98736707600006,24.22045228500008],[98.96227637700008,24.205542955000055],[98.92744200200008,24.183481157000074],[98.88548007800006,24.14529218800004],[98.87804520700007,24.155807219000053],[98.86752550100005,24.144681284000058],[98.84187405200004,24.137246009000023],[98.82074010900004,24.135876331000077],[98.81909571400007,24.136507513000026],[98.80668626000005,24.13496551000003],[98.79910556600004,24.134474210000064],[98.79615736800008,24.13365718600005],[98.79173277500007,24.133107385000073],[98.77238442400005,24.132702607000056],[98.76606989800007,24.12897865700006],[98.75732671100008,24.127116682000064],[98.74307855300003,24.13075967700007],[98.73627829600008,24.12825005800005],[98.72186822600008,24.13075967700007],[98.72080420500004,24.130675231000055],[98.71172867800004,24.17139478200005],[98.71849924900005,24.20042391800007],[98.71926614900008,24.244000055000072],[98.71312639700005,24.27118685000005],[98.71007313100006,24.302699474000065],[98.73016501100005,24.331923408000023],[98.73237340800006,24.37504872100004],[98.71780329100005,24.406812725000066],[98.70131316200008,24.436993217000065],[98.69919114600003,24.464180311000064],[98.72887993300009,24.490650497000047],[98.72660329500007,24.522154431000047],[98.71188254200007,24.549959052000077],[98.69585203400004,24.593159809000042],[98.66111684700007,24.606511225000077],[98.62275960300008,24.604509136000047],[98.57798055100005,24.598886527000047],[98.54048607200008,24.593342522000057],[98.50871087400009,24.59801296100005],[98.47915392500005,24.622897155000032],[98.46853548400009,24.68135969800005],[98.44867155900005,24.724359741000058],[98.42880569500005,24.773199241000043],[98.44448599600008,24.800266846000056],[98.48152521800006,24.818672906000074],[98.51645149500007,24.823926778000043],[98.55216305500005,24.844363128000055],[98.54031923500008,24.880133400000034],[98.51219998300007,24.908896924000032],[98.47761130300006,24.899157695000042],[98.44126750000004,24.915587152000057],[98.40976630800009,24.922073736000073],[98.36873045600004,24.93000372800003],[98.32860061000008,24.956254172000058],[98.28953777400005,24.94863981000003],[98.24915159700004,24.952930107000043],[98.23372449300007,24.99092998200007],[98.23229380600009,25.022485248000066],[98.25173623200004,25.05752631200005],[98.26119412300005,25.09352944400007],[98.26038541600008,25.13314909500008],[98.24503214200007,25.160878954000054],[98.21265935500008,25.17205591900006],[98.17744814600007,25.17719224700005],[98.17226044000006,25.206641147000028],[98.17525212300006,25.233636344000047],[98.16879456600009,25.274565814000027],[98.14233319100003,25.312514586000077],[98.09078021300007,25.343193077000024],[98.09071684400004,25.347862639000027],[98.09282780100006,25.35175124400007],[98.09532761800006,25.351306832000034],[98.09715618300004,25.354589350000026],[98.09738302300008,25.368805554000062],[98.09850381800004,25.380013491000057],[98.10129005300007,25.390902968000034],[98.10496801400006,25.39351431700004],[98.10814460100005,25.392539035000027],[98.12071897300007,25.384835816000077],[98.13480251400006,25.386137622000035],[98.13793793600007,25.386988186000053],[98.14360206900005,25.396503928000072],[98.14391295900003,25.40335858700007],[98.14847322100007,25.406925931000046],[98.14881307000007,25.410097845000053],[98.14719049700005,25.412663463000058],[98.14813487400005,25.415607693000027],[98.15425063600009,25.420746414000064],[98.15198498400008,25.425730850000036],[98.14886379300003,25.428011721000075],[98.17432828800008,25.451694555000074],[98.16178867100007,25.476112820000026],[98.14786903300006,25.50313716000005],[98.13673430000006,25.520677703000047],[98.13971383700004,25.51975675500006],[98.14546796300004,25.52095286100007],[98.15580994800007,25.527317159000063],[98.15944548600004,25.526630485000055],[98.15960120400007,25.53581788500003],[98.17848280100009,25.539768124000034],[98.17908601300007,25.554546366000068],[98.18171638500007,25.557898548000026],[98.18394831000006,25.560918267000034],[98.18435264800007,25.566983322000056],[98.18901661000007,25.574043276000054],[98.18499212800003,25.58127330600007],[98.18297988600006,25.59133451300005],[98.18208836000008,25.595044314000063],[98.18083684200008,25.597440412000026],[98.18150698900007,25.61385851800003],[98.17921411000003,25.627077004000057],[98.18354144200003,25.626478543000076],[98.19112244500008,25.614966650000042],[98.20132404000003,25.615013446000034],[98.20539531900005,25.62025463300006],[98.21505407800004,25.61641733600004],[98.21661874300008,25.61186473500004],[98.22488130400006,25.612158871000076],[98.23736655900007,25.608508759000074],[98.24246735800006,25.61281402000003],[98.24878486000006,25.60593496200005],[98.25697266500003,25.60305652900007],[98.26518420100007,25.60113269200008],[98.26862199700008,25.595028850000062],[98.27609363700009,25.59341648900005],[98.28167159000009,25.581838938000033],[98.28903829700005,25.578330983000058],[98.29408975300004,25.577208437000024],[98.29752754800006,25.56914014000006],[98.29601014800005,25.56699997100003],[98.29703643400006,25.563316934000056],[98.30115774200004,25.559184987000037],[98.30292979900008,25.55223179500007],[98.30775602100005,25.54968533600004],[98.31565523900008,25.548702614000035],[98.32082037200007,25.55756388700007],[98.32018894000004,25.558896910000044],[98.32398498200007,25.563630637000074],[98.32467791600004,25.564220547000048],[98.33499123700005,25.558091156000046],[98.36224802500004,25.567550578000066],[98.38361908100006,25.582805178000058],[98.39663586200004,25.60036050900004],[98.40351999300003,25.59945321300006],[98.40380077200007,25.60534954800005],[98.40985227800007,25.611095285000033],[98.40947847600006,25.617680948000043],[98.42155741700009,25.633971444000053],[98.43304885500004,25.654580752000072],[98.45375125100009,25.682640520000064],[98.45743190900004,25.688621769000065],[98.45861285500007,25.68890173400007],[98.46099826500006,25.691497620000064],[98.46180190900009,25.695723232000034],[98.46925911300008,25.707841551000058],[98.46969799500005,25.708195488000058],[98.46959887800006,25.708393685000033],[98.49142705500003,25.743865537000033],[98.49116119200005,25.776071261000027],[98.50220126900007,25.80029483800007],[98.51671789800008,25.82277687800007],[98.52067124100006,25.82507302700003],[98.52099238900007,25.82780299800004],[98.52033479200009,25.828378396000062],[98.52763221800006,25.839679989000047],[98.53008287400007,25.840329780000047],[98.53052049700005,25.841338131000043],[98.54715477600007,25.84484761500005],[98.54920334900004,25.843301874000076],[98.55227451300004,25.84424303800006],[98.55295805900005,25.846071986000027],[98.56227517100007,25.848037702000056],[98.56604521900005,25.843549549000045],[98.57512360100009,25.840488622000066],[98.57826044000007,25.833929778000027],[98.57676331100004,25.831078106000064],[98.57911594100005,25.82722835000004],[98.58409713700007,25.82761092800007],[98.59116425300004,25.825588639000046],[98.60406806600008,25.81382549400007],[98.61126853600007,25.814395828000045],[98.61397762400009,25.80997573700006],[98.61761350500007,25.808906361000027],[98.62252083200008,25.809988463000025],[98.63030344300006,25.80541306300006],[98.63008956800007,25.800921681000034],[98.63286994800006,25.79985230400007],[98.64171012900005,25.80063651300003],[98.64334983900005,25.806411148000052],[98.64586588300006,25.807956087000036],[98.66039983500008,25.80169638500007],[98.69034974600004,25.822392278000052],[98.71149117500005,25.841396793000058]]]}},{"type":"Feature","properties":{"code":"CN053020","name":"Chuxiong Yi Autonomous Prefecture","label":"Chuxiong Yi Autonomous Prefecture · 楚雄彝族自治州","type":"Autonomous prefecture","parentCode":"CN-YN"},"geometry":{"type":"Polygon","coordinates":[[[101.87664486100005,26.08960806700003],[101.91971498200007,26.095531288000075],[101.96923398700005,26.114481558000023],[102.02542730300007,26.104093859000045],[102.03448101400005,26.103841356000032],[102.08043110600005,26.06199252700003],[102.11679337800007,26.070904634000044],[102.11923031800006,26.073689958000045],[102.15144196300008,26.110379971000043],[102.18575891700004,26.142594618000032],[102.21736968900007,26.160160983000026],[102.25138312800004,26.187641769000038],[102.26609702000007,26.15929145100006],[102.28426327900007,26.131067620000067],[102.30596103000005,26.111723029000075],[102.33700062900004,26.094527063000044],[102.37052071000005,26.086569243000042],[102.40408847800006,26.073637332000033],[102.39829996400005,26.033865221000042],[102.37276573900004,25.995555695000064],[102.36972223300006,25.967751587000066],[102.38432936900006,25.93919622800007],[102.40363924300004,25.908783852000056],[102.41090112700005,25.878240253000058],[102.39411683600008,25.852410619000068],[102.36964652400007,25.81868567400005],[102.38756805200006,25.791761275000056],[102.42281297300008,25.761797965000028],[102.43967178400004,25.725734078000073],[102.44442502300006,25.680947364000076],[102.44380906300006,25.64428847100004],[102.44581248700007,25.596997000000044],[102.46163912600008,25.551332536000075],[102.47643448000008,25.51054738700003],[102.48414593000007,25.48000459800005],[102.46040121100003,25.42596779200005],[102.43299979100004,25.401911185000074],[102.38582853800006,25.41571665400005],[102.35738595100008,25.385888366000074],[102.36364172100008,25.355214157000034],[102.38622244200008,25.32097265300007],[102.41556191800004,25.288666232000026],[102.41655713200004,25.245904030000077],[102.40072735000007,25.19823117800007],[102.38800480300006,25.172693886000047],[102.37425139500004,25.13347068300004],[102.35361108200004,25.107681914000068],[102.31431654200009,25.093845559000044],[102.27784670900007,25.086126066000077],[102.24466939500007,25.09408249200004],[102.22119144000004,25.122803968000028],[102.18702133600004,25.10302598900006],[102.17926520600008,25.064303084000073],[102.20237347400007,25.043700726000054],[102.22920549700007,25.02976722300008],[102.25683167200003,24.994606427000065],[102.25414769800005,24.964021252000066],[102.23214263900007,24.93761630000006],[102.19979944700003,24.938379717000032],[102.16783379800006,24.963180909000073],[102.13079362500008,24.95218177000004],[102.12077898700005,24.92092701400003],[102.09033721000009,24.89509282800003],[102.04772698400006,24.898967841000058],[102.00487244200008,24.905071918000033],[102.03781405600006,24.82700847700005],[102.02030010100003,24.796868264000068],[101.99505986700007,24.778262571000027],[101.97500368000004,24.757853832000023],[101.96893571100009,24.72737317900004],[101.98470574200007,24.687537058000032],[101.99050559400007,24.65268764500007],[101.98350850800006,24.621659926000063],[101.96093802600006,24.597376952000047],[101.98949494300007,24.56027955600007],[102.01570176000007,24.511980272000073],[102.02713733600007,24.43500921900005],[102.01957747300008,24.400277278000033],[102.04380342000007,24.36797960100006],[102.03124404400006,24.333697845000074],[102.01815873000004,24.299820255000043],[101.99386109500006,24.26944827500006],[101.96151348300003,24.263306498000077],[101.92127620700006,24.24320089500003],[101.83898293400006,24.23019864400004],[101.79173488600009,24.278492854000035],[101.76744220500007,24.306202136000024],[101.74555236100008,24.330039862000035],[101.71614360700005,24.345904080000025],[101.69233489800007,24.364556769000046],[101.65496811700007,24.350132875000043],[101.64561194600009,24.310644207000053],[101.63109142300004,24.28201246100008],[101.60173622100007,24.245155082000053],[101.56168180900005,24.224529037000025],[101.52050085500008,24.21831398300003],[101.50669539600005,24.244253640000068],[101.49900913600004,24.27259674900006],[101.47902950700006,24.300663090000057],[101.46745458000004,24.332712653000044],[101.47193588100004,24.36675831200006],[101.44828479900008,24.392188743000077],[101.42178733100008,24.40780191600004],[101.38779244200003,24.402696879000075],[101.37351964900006,24.364062944000068],[101.35063288200007,24.331406091000076],[101.32331675400007,24.303295993000063],[101.29308791200003,24.32892595000004],[101.22748923700004,24.357923562000053],[101.19859724100007,24.37688739600003],[101.18478319500008,24.405964019000066],[101.16001697000007,24.435770003000073],[101.12729070300009,24.457509404000064],[101.10209267000005,24.482260712000027],[101.06384722200005,24.541588082000033],[101.05981018000006,24.57115779700007],[101.03771821600009,24.60256054900003],[101.01410028900005,24.621992357000067],[101.00498760800008,24.65240949300005],[100.98688350900005,24.679201544000023],[100.96649215800005,24.708482682000067],[100.95866072800004,24.736296698000046],[100.92708070400005,24.76761927700005],[100.86188838100009,24.773291958000073],[100.81826013400007,24.76886809100006],[100.77979190300005,24.779019036000022],[100.75526796600008,24.812835392000068],[100.74605614000006,24.84321297500003],[100.76283855400004,24.87624202300003],[100.75867964900004,24.905770741000026],[100.75490757700004,24.940323345000024],[100.75200515000006,24.971790456000065],[100.75396627500004,25.00011808100004],[100.76499693000005,25.027554511000062],[100.77144746300007,25.05588324100006],[100.76920859700004,25.08604132200003],[100.75953372400005,25.111812284000052],[100.75712678600007,25.143318780000072],[100.76017656400006,25.174913160000074],[100.76960730600007,25.219394992000048],[100.78855601100008,25.246256629000072],[100.83306593400005,25.25482820700006],[100.84284020600006,25.28074030600004],[100.86866764400008,25.297841487000028],[100.89842076300005,25.29538917600007],[100.92883707600004,25.275319361000072],[100.96673463900004,25.279553087000068],[100.98389475600004,25.302552168000034],[100.97359416500007,25.329627835000053],[100.96960318200007,25.358228430000054],[101.00640425000006,25.375922539000044],[101.04391673400005,25.387788245000024],[101.02596443900006,25.41636364200008],[101.00358832200004,25.43589094500004],[100.98220258800006,25.455515192000064],[100.96179643500005,25.48337984400007],[100.94774780500006,25.508252458000072],[100.93902169700004,25.542706099000043],[100.94725948500007,25.577484699000024],[100.97386644200009,25.605477705000055],[100.99987725500006,25.62208679200006],[101.00705155600008,25.649500789000058],[100.99826769000003,25.676243511000052],[100.97935533400005,25.703796514000032],[100.96874330400004,25.745549306000044],[100.96342407900005,25.796800749000056],[100.93466950400006,25.814315616000044],[100.88968739300009,25.85535674500005],[100.92684044400005,25.869642629000055],[100.92323623000004,25.90275977300007],[100.95034036400006,25.927605584000048],[100.97372057800004,25.945745919000046],[100.98577727800006,25.97858685700004],[100.97817168600005,26.011757911000075],[100.95533007000006,26.050200188000076],[100.93842232900005,26.077018601000077],[100.93050664400005,26.104264004000072],[100.93360372600006,26.148420788000067],[100.92508066300007,26.204985201000056],[100.95492671400007,26.23278068700006],[100.97729123600004,26.25576550900007],[101.00471388800008,26.282851798000024],[101.04080375300003,26.30535162500007],[101.07329240100006,26.320258702000046],[101.11089321400004,26.338814752000076],[101.14063725600005,26.355687044000035],[101.16722760100004,26.369540603000075],[101.19791002800008,26.38426579000003],[101.23398468100004,26.372785758000077],[101.28084532200006,26.37364064700006],[101.31870171800006,26.382203369000024],[101.37970117400005,26.394230630000038],[101.42732761400003,26.402833418000057],[101.45682073300009,26.41823512600007],[101.47541292500006,26.440287519000037],[101.47480216500009,26.475436736000063],[101.47040714400003,26.52085601300007],[101.47175562300004,26.520551428000033],[101.55710180400007,26.50449743000007],[101.63042391500005,26.43424509700003],[101.69329382700005,26.35593751600004],[101.68789141900004,26.33839065600006],[101.63674335300004,26.31469484200005],[101.60531426200004,26.316838287000053],[101.59541177700004,26.24116309200008],[101.66542161300003,26.213941474000023],[101.77148314700008,26.241718986000024],[101.81669195700005,26.155687667000052],[101.81452881700005,26.10315792800003],[101.82151167400008,26.082002755000076],[101.87664486100005,26.08960806700003]]]}},{"type":"Feature","properties":{"code":"CN053030","name":"Dêqên Tibetan Autonomous Prefecture","label":"Dêqên Tibetan Autonomous Prefecture · 迪庆藏族自治州","type":"Autonomous prefecture","parentCode":"CN-YN"},"geometry":{"type":"Polygon","coordinates":[[[100.20039032700004,27.943798713000035],[100.19549267400004,27.905055554000057],[100.22375390400003,27.882295853000073],[100.29114481200008,27.867381455000043],[100.32687605600006,27.841637674000026],[100.29808140700004,27.814873222000074],[100.33646168100006,27.747042600000043],[100.37227629500006,27.738389536000057],[100.39091749200009,27.75269355200004],[100.36049232100004,27.72713322900006],[100.33116620900006,27.71295039900008],[100.30905265700005,27.690942818000053],[100.29780117000007,27.649320399000032],[100.27918884900004,27.62043023600006],[100.27176632200008,27.588161201000048],[100.24411315800006,27.565512641000055],[100.23403180600008,27.53024169300005],[100.22049319400008,27.50542113000006],[100.19684693300007,27.48721239300005],[100.20208753000009,27.459811432000038],[100.22020593700006,27.435540076000052],[100.22911414300006,27.403551003000075],[100.24155076300008,27.371923781000078],[100.25595553000005,27.33688653300004],[100.25149679800006,27.305312841000045],[100.22283325500007,27.275291518000074],[100.19304211900004,27.261383704000025],[100.16382260000006,27.247073073000024],[100.13456808000007,27.22553415300007],[100.10599433200008,27.199089680000043],[100.09256446100005,27.17016151300004],[100.09741411300007,27.13051221300003],[100.09537387900008,27.092843532000074],[100.09718714300004,27.060541210000054],[100.09078266100005,27.017442351000057],[100.07891831400008,26.980991606000032],[100.06422224700003,26.954167795000046],[100.05150274800008,26.92031961300006],[100.02943647600006,26.895416940000075],[100.00139626700008,26.88476541600005],[99.97206703900008,26.909652013000027],[99.96706192800008,26.938923394000028],[99.97635986400007,26.971513053000024],[99.98200902300005,27.001006290000078],[99.96195132800005,27.032285098000045],[99.93085619000004,27.069605464000063],[99.91065884900007,27.09047096000006],[99.89183276400007,27.11238918300006],[99.86311597400004,27.146783845000073],[99.84592544700007,27.175177271000052],[99.83059571700005,27.201061173000028],[99.79445786900004,27.233282273000043],[99.76380324300004,27.255251698000052],[99.71709511600005,27.289455409000027],[99.68897274900007,27.307608474000062],[99.67481691000006,27.33177630700004],[99.67217432000007,27.361252639000043],[99.65105843400005,27.390959004000024],[99.63287166200007,27.414209424000035],[99.62892659000005,27.441710988000068],[99.60234220200005,27.48023170400006],[99.58979102800004,27.51399120900004],[99.58001379500007,27.54625869800003],[99.56292686700004,27.57955148600007],[99.54270119100005,27.54533863000006],[99.52766862000004,27.52111978100004],[99.52068020700005,27.471781057000044],[99.49367363800008,27.451321515000075],[99.43310811900005,27.43790248700003],[99.40209548000007,27.426932236000027],[99.39269701200004,27.39796825800005],[99.39801073600006,27.36030388200004],[99.40340432500005,27.331492659000048],[99.40561513600005,27.294937924000067],[99.39935782300006,27.26483990400004],[99.39509668300008,27.233525480000026],[99.39637570800005,27.200806912000075],[99.37681672600007,27.177673309000056],[99.39523124900006,27.136817120000046],[99.42454060400007,27.107360476000053],[99.41584405600008,27.076940817000036],[99.41276412000008,27.044663108000066],[99.42697300800006,27.001931972000023],[99.44659254500004,26.963105421000023],[99.41931980900006,26.93861184000008],[99.39791601200005,26.915608705000068],[99.37440170600007,26.88779129200003],[99.34502744300005,26.910957540000027],[99.33705208700007,26.955048401000056],[99.31342675500008,26.989334711000026],[99.29668248000007,27.024532625000063],[99.25920166900005,27.04311167700007],[99.24839838500009,27.001947237000024],[99.20284599600006,26.989653573000055],[99.15567364800006,26.985135224000032],[99.12610060100008,26.977064347000066],[99.07574570300005,26.964687853000044],[99.04444202200006,26.958254380000028],[98.99687835500004,26.941703757000028],[98.95534318200004,26.96212655200003],[98.95225986800006,27.00330641100004],[98.97240287100004,27.055198241000028],[98.97571281700004,27.083532459000025],[98.96796688200004,27.121724792000066],[98.96132101200004,27.15640398100004],[98.97496530800004,27.184124095000072],[98.97940516400007,27.225787437000065],[98.99580836700005,27.253656577000072],[98.97345899600003,27.279909188000033],[98.92668618600004,27.30337188900006],[98.90037776800006,27.337617890000047],[98.89125317200006,27.376670089000072],[98.88769323500009,27.41351840300007],[98.88454027600005,27.441628797000078],[98.88470155400006,27.488329563000036],[98.89857018500004,27.52598585900006],[98.90121506900005,27.55835754800006],[98.88963253300005,27.58827937600006],[98.85991004500005,27.624807232000023],[98.84068281200007,27.655383208000046],[98.85886773800007,27.68785420300003],[98.86525534000003,27.718015838000042],[98.84653561400006,27.740866765000078],[98.80678842700007,27.76556342600003],[98.79543428800008,27.79590973200004],[98.79634549000008,27.835130694000043],[98.79593892900004,27.874451470000054],[98.79280743100009,27.908025114000054],[98.79068801400007,27.94228392800005],[98.78799894900004,27.97206664600003],[98.78176639500003,28.00418002400005],[98.77220413700007,28.033203961000027],[98.74287049400004,28.06667606700006],[98.72044753000006,28.086887997000076],[98.71056321400005,28.120782836000046],[98.68811387000005,28.16413213800007],[98.72788925400005,28.228712569000038],[98.76489343800006,28.31701695600003],[98.75528767900005,28.390119995000077],[98.72959911600003,28.426016049000054],[98.71051601000005,28.45268193100003],[98.66692353500008,28.536493394000047],[98.63452098000005,28.662266012000032],[98.67652792200005,28.678423957000064],[98.69878179800008,28.69471935000007],[98.70358659200008,28.719856380000067],[98.71288132700005,28.74191244000008],[98.70563063000009,28.76585765200008],[98.67238662500006,28.801331867000044],[98.69018756200006,28.820702358000062],[98.69638370600006,28.835404244000074],[98.68865892400004,28.862820879000026],[98.68883563100007,28.922714469000027],[98.66854272200004,28.952407127000072],[98.68280962100005,28.967902863000063],[98.73336556200007,28.986954953000065],[98.77449765000006,29.015626532000056],[98.80410847900004,29.007951916000025],[98.82262625300007,28.960463713000024],[98.84029544500004,28.88823221900003],[98.84805841300005,28.829121457000042],[98.85391026400004,28.81560189700008],[98.89506387300008,28.812552054000037],[98.96479833100005,28.840412928000035],[98.97909553100004,28.855870836000065],[98.97729004800004,28.869782635000035],[98.94593564100006,28.89141290300006],[98.94049616500007,28.933143999000038],[98.97044562300005,28.985306188000038],[99.02240888300008,29.025479270000062],[99.03584929100003,29.04787847600005],[99.03134307000005,29.082642958000065],[99.01248773600008,29.101959756000042],[98.99676074700005,29.128609665000056],[98.98952530200006,29.18421957700008],[99.01196779300005,29.200437842000042],[99.04476880500005,29.20004029200004],[99.07711834500009,29.203107293000073],[99.15261715500009,29.220789610000054],[99.14405808000004,29.191840373000048],[99.15342008400006,29.118840342000055],[99.17980307300007,29.04039198600003],[99.16088596200007,28.96470570300005],[99.17024835600006,28.92335160500005],[99.15228738400003,28.87237514000003],[99.15214789100008,28.845068020000042],[99.16073011000003,28.74518310900004],[99.19523547800009,28.636927831000037],[99.22262240000003,28.543266264000067],[99.20852325300007,28.466365849000056],[99.24480631800009,28.367213503000073],[99.31912921700007,28.243702787000075],[99.35173882500004,28.19725117300004],[99.37667380000005,28.181726841000057],[99.38191061900005,28.178465238000058],[99.40857108800009,28.221455904000038],[99.41789139400004,28.28802134600005],[99.41381010100008,28.34613096100003],[99.41593661000007,28.395810587000028],[99.41212194200006,28.468327773000055],[99.40138552800005,28.513203200000078],[99.43672091100007,28.537161273000038],[99.46813071800005,28.54275615100005],[99.52310769700006,28.575680944000055],[99.56005917300007,28.612324234000027],[99.57802619000006,28.66880130800007],[99.59300863300007,28.698926561000064],[99.60865857100003,28.70663879800003],[99.62678889100005,28.721342501000038],[99.64359499400007,28.734963975000028],[99.64121375100007,28.788668791000077],[99.70237645200007,28.840896457000042],[99.74166103000005,28.85968401200006],[99.75296741500006,28.817571069000053],[99.76396695100004,28.79519010100006],[99.75190679400004,28.740198020000037],[99.79308570800004,28.71691202200003],[99.87043219000009,28.615926321000074],[99.85603489500005,28.571508965000078],[99.87978415400005,28.580804775000047],[99.92495355700004,28.62792738400003],[99.94667592800005,28.637023214000067],[99.97263954300007,28.590438461000076],[99.98868005500003,28.56161472900004],[100.00531733700006,28.543296259000044],[100.00504246900005,28.527992939000058],[100.00787055300003,28.49498096600007],[100.03208086000006,28.464735158000053],[100.05249806400008,28.431451534000075],[100.09755651200004,28.39041547900007],[100.09113683700008,28.36558184200004],[100.10669501800004,28.356142547000047],[100.12437623900007,28.354977442000063],[100.14380054900005,28.356653163000033],[100.15249476600007,28.343919481000057],[100.17712305100008,28.30018843600004],[100.17047988400009,28.295118820000027],[100.17007163700004,28.271706761000075],[100.18978405000007,28.261713873000076],[100.16149238300005,28.220604539000078],[100.13955273100004,28.187229200000047],[100.10425153000006,28.189563925000073],[100.06119496300005,28.187611025000024],[100.05385193900008,28.179776528000048],[100.06713454500004,28.08287560800005],[100.14084656600005,27.996616810000035],[100.20089879500006,27.94782165500004],[100.20039032700004,27.943798713000035]]]}},{"type":"Feature","properties":{"code":"CN053040","name":"Dali Bai Autonomous Prefecture","label":"Dali Bai Autonomous Prefecture · 大理白族自治州","type":"Autonomous prefecture","parentCode":"CN-YN"},"geometry":{"type":"Polygon","coordinates":[[[100.92508066300007,26.204985201000056],[100.93360372600006,26.148420788000067],[100.93050664400005,26.104264004000072],[100.93842232900005,26.077018601000077],[100.95533007000006,26.050200188000076],[100.97817168600005,26.011757911000075],[100.98577727800006,25.97858685700004],[100.97372057800004,25.945745919000046],[100.95034036400006,25.927605584000048],[100.92323623000004,25.90275977300007],[100.92684044400005,25.869642629000055],[100.88968739300009,25.85535674500005],[100.93466950400006,25.814315616000044],[100.96342407900005,25.796800749000056],[100.96874330400004,25.745549306000044],[100.97935533400005,25.703796514000032],[100.99826769000003,25.676243511000052],[101.00705155600008,25.649500789000058],[100.99987725500006,25.62208679200006],[100.97386644200009,25.605477705000055],[100.94725948500007,25.577484699000024],[100.93902169700004,25.542706099000043],[100.94774780500006,25.508252458000072],[100.96179643500005,25.48337984400007],[100.98220258800006,25.455515192000064],[101.00358832200004,25.43589094500004],[101.02596443900006,25.41636364200008],[101.04391673400005,25.387788245000024],[101.00640425000006,25.375922539000044],[100.96960318200007,25.358228430000054],[100.97359416500007,25.329627835000053],[100.98389475600004,25.302552168000034],[100.96673463900004,25.279553087000068],[100.92883707600004,25.275319361000072],[100.89842076300005,25.29538917600007],[100.86866764400008,25.297841487000028],[100.84284020600006,25.28074030600004],[100.83306593400005,25.25482820700006],[100.78855601100008,25.246256629000072],[100.76960730600007,25.219394992000048],[100.76017656400006,25.174913160000074],[100.75712678600007,25.143318780000072],[100.75953372400005,25.111812284000052],[100.76920859700004,25.08604132200003],[100.77144746300007,25.05588324100006],[100.76499693000005,25.027554511000062],[100.75396627500004,25.00011808100004],[100.75200515000006,24.971790456000065],[100.75490757700004,24.940323345000024],[100.75867964900004,24.905770741000026],[100.76283855400004,24.87624202300003],[100.74605614000006,24.84321297500003],[100.69796655700009,24.84645538600006],[100.67908661100006,24.870386531000065],[100.63924326800009,24.819527270000037],[100.62184870500005,24.791847482000037],[100.60166199500009,24.754796068000076],[100.57041459600003,24.738832915000046],[100.53365147100004,24.75498573300007],[100.49872472000004,24.772221459000036],[100.45265308900008,24.759670757000038],[100.39621857600008,24.762357807000058],[100.37185768500007,24.736203653000075],[100.33415462300007,24.739929671000027],[100.29267427400003,24.738242249000052],[100.25279777300005,24.72807494400007],[100.21906532200006,24.731728016000034],[100.18896333500004,24.711231605000023],[100.16487801800008,24.682730943000024],[100.15291655500005,24.656447467000078],[100.11785252900006,24.655374469000037],[100.10566902900007,24.68405224600008],[100.11620555900004,24.709733151000023],[100.14151493100007,24.728828754000062],[100.17177676800009,24.747997922000025],[100.18033900500006,24.79298704000007],[100.18696412800006,24.822313778000023],[100.20509989600004,24.862414865000062],[100.21674174500004,24.887729295000042],[100.22534038100008,24.917259500000057],[100.21942440700008,24.992852305000042],[100.19509220600008,25.022936611000034],[100.15982461800007,25.033680842000024],[100.12931131800008,25.03085022700003],[100.10154752100004,25.014693253000075],[100.07843412600005,24.99357936800004],[100.04659055200005,25.00102326700005],[100.05069668800007,25.03779073100003],[100.02759937900004,25.06933272400005],[100.03492572100004,25.09690878500004],[100.04870105600008,25.124728479000055],[100.06308540800006,25.151699290000067],[100.05716574100006,25.18146513800008],[100.03968484100005,25.211791119000054],[100.00906086500004,25.235695811000028],[99.96688552200004,25.23746347200006],[99.91150207500004,25.22171468500005],[99.87911082500005,25.192014938000057],[99.85607300600009,25.15544163100003],[99.83690695000007,25.134721340000056],[99.77797252900007,25.11988206600006],[99.72303721500003,25.090630490000024],[99.69025000100004,25.095037555000033],[99.65954574700004,25.10770341500006],[99.62754476700007,25.12558075100003],[99.59724927200006,25.13068790400007],[99.54909724200007,25.13523858700006],[99.51718015300008,25.135194460000037],[99.48527813200008,25.152032862000056],[99.45306209400007,25.19077182600006],[99.42481383900008,25.221039244000053],[99.40167341100005,25.245098953000024],[99.37869262200007,25.269363662000046],[99.34683342900007,25.31058916300003],[99.31598916600007,25.332918276000044],[99.29411435700007,25.35410775300005],[99.29858193300004,25.403040176000047],[99.28945542800005,25.431574382000065],[99.32645632900005,25.43039015200003],[99.36119958800003,25.450762938000025],[99.35673907800003,25.49149077000004],[99.30471655400004,25.528690263000044],[99.25313542600009,25.549465261000023],[99.21348394900008,25.528142899000045],[99.18693490000004,25.503143246000036],[99.15421337400005,25.478856826000026],[99.11336166500007,25.46798510700006],[99.08915519400006,25.488708495000026],[99.07996372500008,25.52448462700005],[99.04984082200008,25.552743467000028],[99.01477632500007,25.569952976000025],[98.99694810800008,25.59171518900007],[98.98126827100003,25.617676652000057],[98.94636504800008,25.61494259500006],[98.88548697100003,25.598171230000048],[98.87754084700003,25.62788344100005],[98.90411287200004,25.652699898000037],[98.90447934600007,25.68573169700005],[98.88597927200004,25.72843155000004],[98.86291877200006,25.760504008000055],[98.88527679400005,25.78364376500008],[98.91244565300008,25.767053430000033],[98.94441204900005,25.741922656000042],[98.98659571000007,25.721172908000028],[99.02456555800006,25.72022389700004],[99.05128765400008,25.74921750900006],[99.02317936900005,25.768302136000045],[98.98489289400004,25.78348022800003],[98.98286639600008,25.81585782800005],[98.99643281400006,25.84813411300007],[98.98591861900007,25.878015426000047],[98.98200948800007,25.911547067000072],[98.99772883100007,25.93460948300003],[99.01063723000004,25.97300937600005],[99.01506085200003,26.017842554000026],[99.01242149900008,26.05812276100005],[99.01517341700009,26.091708161000042],[99.02553370500004,26.136567773000024],[99.05789402200008,26.150608589000058],[99.09514138100008,26.14278747900005],[99.12382718500004,26.126807178000035],[99.15500493200005,26.109359319000077],[99.18567870200008,26.12752991900004],[99.17766886700008,26.164193413000078],[99.20927879100003,26.186108881000052],[99.26329304400008,26.211543964000043],[99.29597406200008,26.223891449000064],[99.31651493900006,26.25229297900006],[99.31964111800005,26.285250547000032],[99.34734034700006,26.31011271600005],[99.38850305900007,26.322826664000047],[99.42540331500004,26.322889002000068],[99.47095000300004,26.350364066000054],[99.48909120600007,26.378207374000056],[99.50559040300004,26.413534924000032],[99.51223727900003,26.460978477000026],[99.51781635900005,26.49378290900006],[99.52834063500006,26.54478325200006],[99.53956696500006,26.576998875000072],[99.56020280700005,26.61609991800003],[99.59463181500007,26.639169971000058],[99.68840328600004,26.698808861000032],[99.70930479200007,26.672614175000035],[99.73645087000006,26.65613251800005],[99.78037656300006,26.65774273900007],[99.82080573200005,26.658954992000076],[99.86792539800007,26.644603705000065],[99.90302122600008,26.65876885600005],[99.93413131400007,26.672495833000028],[99.96143619600008,26.658242734000055],[99.98810689300007,26.629906300000073],[100.02840863400007,26.609341850000078],[100.06989497900008,26.647631511000043],[100.09892844600006,26.635336919000054],[100.13747849700007,26.627652714000078],[100.16984324600008,26.647318125000027],[100.19363542200006,26.681888541000035],[100.22781936400008,26.707140001000027],[100.26393911500008,26.714062209000076],[100.27075556800008,26.674120478000077],[100.29418551300006,26.65035409500007],[100.33253152300006,26.65568029900004],[100.36487720000008,26.63327556100006],[100.38689529500004,26.596694386000024],[100.42705588000007,26.60084345000007],[100.43508905600004,26.549696913000048],[100.44805015100007,26.50449184400003],[100.46164761000006,26.466122016000043],[100.47154953800003,26.428727839000032],[100.44686201100006,26.40088901200005],[100.46788089200004,26.367338308000058],[100.44899862600005,26.345512967000047],[100.40931850000004,26.324246328000072],[100.42354785800006,26.288642109000023],[100.44428722900005,26.265007023000067],[100.45040784200006,26.229463042000077],[100.42599574600007,26.19981602300004],[100.42124619400005,26.170382388000064],[100.44084219900009,26.147530823000068],[100.48108645200006,26.152125930000068],[100.48322301300004,26.112092524000047],[100.48722228800005,26.065459408000038],[100.50933527500007,26.038329877000024],[100.54438915000009,26.043732886000043],[100.59025157400004,26.02761060100005],[100.63131069600007,26.03314527300006],[100.66038684500006,26.046044061000032],[100.64647970200008,26.076294800000028],[100.64389910500006,26.10452712600005],[100.67603846800006,26.133104261000028],[100.70305683700008,26.162506633000078],[100.72092552500004,26.184650975000068],[100.75689190900005,26.21131575800007],[100.80078999100004,26.207116377000034],[100.83516638400005,26.194268906000048],[100.87159233400007,26.181162580000034],[100.92508066300007,26.204985201000056]]]}},{"type":"Feature","properties":{"code":"CN053050","name":"Dehong Dai and Jingpo Autonomous Prefecture","label":"Dehong Dai and Jingpo Autonomous Prefecture · 德宏傣族景颇族自治州","type":"Autonomous prefecture","parentCode":"CN-YN"},"geometry":{"type":"Polygon","coordinates":[[[98.72080420500004,24.130675231000055],[98.71676803400004,24.130354900000043],[98.71069637500005,24.12646903800004],[98.70243892000008,24.112949479000065],[98.69531484100008,24.107363554000074],[98.69118611500005,24.106958777000045],[98.68009521900007,24.102020495000033],[98.66949005600009,24.10420629200007],[98.66024410500006,24.108252252000057],[98.64941310600005,24.109306484000058],[98.63565068000008,24.103801514000054],[98.62067392300008,24.09246775200006],[98.61942903300007,24.09182333800004],[98.60609324400008,24.09211192500004],[98.60189065800006,24.116642968000065],[98.56663567500004,24.13311957600007],[98.54822745000007,24.130059603000063],[98.54700882800006,24.131086405000076],[98.54346480500004,24.131168824000042],[98.54045650800003,24.129520442000057],[98.53769546800004,24.12877867000003],[98.51173344700004,24.12795447900004],[98.50349153700006,24.128160526000045],[98.50217283100005,24.124781343000052],[98.49891727600004,24.124492876000033],[98.48193894000008,24.12523464800006],[98.46191109500006,24.128284155000074],[98.44963064800004,24.12680061100008],[98.43747382900006,24.12482255200007],[98.42366862800009,24.123380218000023],[98.42206145500006,24.121731836000038],[98.40788536700006,24.120948854000062],[98.38981624200005,24.116280687000028],[98.37308911400004,24.11524903000003],[98.36154814900004,24.11042567800007],[98.36151657200008,24.10289038600007],[98.35954865200006,24.099095187000046],[98.35674233800006,24.098814555000047],[98.35302104400006,24.100639915000045],[98.35467268100007,24.104111472000056],[98.35257094900004,24.105647212000065],[98.34419110000005,24.10046326500003],[98.33529858700007,24.101933936000023],[98.32832212700004,24.10525338000008],[98.31785743800003,24.10322795600007],[98.29709684500006,24.101990197000077],[98.28747608200007,24.104071883000074],[98.28843253200006,24.105590951000067],[98.28584449100003,24.10772889800006],[98.27954317200005,24.109416751000026],[98.27421567000005,24.109934573000032],[98.26825225300007,24.109899494000047],[98.25560279500007,24.11196915100004],[98.24525451300008,24.111653440000055],[98.23173296300007,24.113337869000077],[98.22422804500007,24.117072928000027],[98.21630722300006,24.115318982000076],[98.21423756800004,24.111986485000045],[98.21065923200007,24.11118662800004],[98.20708146800007,24.109285408000062],[98.20430597600006,24.103517073000035],[98.19738562200007,24.101634330000024],[98.16782026400006,24.10590248500006],[98.16880685800004,24.10271249500005],[98.17252303200007,24.100114463000068],[98.16380155300004,24.101227250000022],[98.15001893200008,24.097166108000067],[98.14716941800003,24.095461917000023],[98.14151187000004,24.09637442500008],[98.12554298100008,24.094731911000054],[98.11139910700007,24.096283174000064],[98.10382529100008,24.090078120000044],[98.09825899300006,24.088435606000075],[98.09022892400009,24.08880060900003],[98.08858641000006,24.086884343000065],[98.08429762100008,24.08323431100007],[98.07608505100006,24.078124267000078],[98.07197876500004,24.08213930100004],[98.06723372400006,24.082230552000055],[98.05646613100004,24.080040533000044],[98.05381985800005,24.074200482000037],[98.05181234000008,24.073379225000053],[98.04779730500007,24.076208000000065],[98.04067974300006,24.07410923200007],[98.03027715300004,24.068086679000032],[98.01941830900006,24.05832284400003],[98.01239199800006,24.054399060000037],[98.00554818800003,24.050840279000056],[98.00052939300008,24.05157028600007],[97.99514559800008,24.048650260000045],[97.98903179400008,24.03897767600006],[97.98474300700008,24.034597638000037],[97.96464920400007,24.030730021000068],[97.96164062700007,24.028260294000063],[97.95125879400007,24.02545378600007],[97.93976333700004,24.019795866000038],[97.92295123100007,24.023208580000073],[97.90060977600007,24.01671248300005],[97.89582913700008,24.011151821000055],[97.89440472200005,24.00603614000005],[97.88391088000009,23.996272305000048],[97.88919053900008,23.985246466000035],[97.89430960800007,23.983225781000044],[97.89749780200003,23.98371972600006],[97.89763251400007,23.97990287500005],[97.89538730800007,23.977118819000054],[97.88945996300004,23.974559284000065],[97.87994028800006,23.97464909200005],[97.86935918900008,23.97645405000003],[97.86134524600004,23.98079748500004],[97.85657358700007,23.980858660000024],[97.84807024400004,23.974496446000046],[97.84726935700007,23.971710974000075],[97.84576276500007,23.971839922000072],[97.84499939500006,23.97615071900003],[97.84324813300003,23.97615071900003],[97.83938551300008,23.974725385000056],[97.84112459600004,23.96417494600007],[97.83509577300003,23.96220398500003],[97.83028430800005,23.965044488000046],[97.82877710400004,23.97252254700004],[97.82100919800007,23.97205879100005],[97.82006862300005,23.970762223000065],[97.82128103400004,23.96797816700007],[97.82608577500008,23.965688057000023],[97.82813944000009,23.960986627000068],[97.82616847800006,23.958146124000052],[97.81608179500006,23.953450598000074],[97.81486443600005,23.952059332000033],[97.81631367300008,23.947595684000078],[97.81416880200004,23.94539284500007],[97.81190799500007,23.944871120000073],[97.80982109400009,23.950899943000024],[97.81130333700008,23.95428240800004],[97.81527022200004,23.956001254000057],[97.81619773400007,23.96104459600008],[97.81498547600006,23.962320247000036],[97.81103845200005,23.962551802000064],[97.80785013200006,23.960175054000047],[97.80871967400009,23.955943285000046],[97.80715450000008,23.953334660000053],[97.80442993600008,23.952870904000065],[97.79950253200008,23.956696887000078],[97.79445919000005,23.957682368000064],[97.79480700700003,23.94881304300003],[97.79289401600005,23.944349395000074],[97.77805383800006,23.937682909000046],[97.77463364000005,23.938088695000033],[97.77040187100005,23.93605976400005],[97.76525864200005,23.931471110000075],[97.76681831600007,23.923310207000043],[97.76711451500006,23.914322328000026],[97.76500625200003,23.910976478000066],[97.76009614200007,23.910450395000055],[97.75768464800007,23.911672984000063],[97.75191262400006,23.911327200000073],[97.74892834300005,23.90655391300004],[97.74782086600004,23.90460502600007],[97.74509682500008,23.902032777000045],[97.74255240600007,23.903038710000033],[97.73781860600008,23.903393745000074],[97.72882438600004,23.899843394000072],[97.72468231000005,23.895109594000076],[97.72515569000007,23.890671656000052],[97.72403141300003,23.887831376000065],[97.72077692400006,23.882742540000038],[97.70877237500008,23.886089955000045],[97.70306954900008,23.882632337000075],[97.70284765500008,23.880257295000035],[97.70522494900007,23.877154033000068],[97.71362202000006,23.87751326600005],[97.71622064200005,23.87445838900004],[97.71397208600007,23.87155893700003],[97.70740393900007,23.869014519000075],[97.69882392500006,23.868777829000067],[97.69068666500004,23.87235558900005],[97.68996820000007,23.875633590000064],[97.69275225600006,23.880887373000064],[97.68821693900009,23.88272844200003],[97.68350200500004,23.880617948000065],[97.68044852400004,23.87103091700004],[97.68260800800005,23.867476387000067],[97.67963714100006,23.862056388000042],[97.67586519400004,23.864211786000055],[97.67061141100004,23.86326880000007],[97.66977022500004,23.856647465000037],[97.66621987400003,23.85481311700005],[97.66338184700004,23.859272332000046],[97.66230466600007,23.866585756000063],[97.66278786800007,23.86907369100004],[97.65953338000008,23.870789694000052],[97.65763986100006,23.868659484000034],[97.65757029600007,23.868102847000046],[97.62095694400006,23.908475537000072],[97.58089864100003,23.92963703500004],[97.57214824500005,23.948987104000025],[97.57535009500003,23.968844185000023],[97.64413599800008,24.014165064000053],[97.66464397900006,24.053691694000065],[97.69541266900006,24.070325118000028],[97.71440106500006,24.09945427400004],[97.73827967100004,24.115255314000024],[97.75432555800006,24.144022688000064],[97.76777574400006,24.165683757000068],[97.77481406400005,24.17701105900005],[97.74717160900008,24.19505642400003],[97.76208990400005,24.258146385000032],[97.76924479100006,24.26450041700008],[97.76494316700007,24.265191308000055],[97.77509796900006,24.282634502000064],[97.74567237900004,24.284211507000066],[97.73943196200008,24.28871145900007],[97.74043127600004,24.291417936000073],[97.73851592200003,24.291959231000078],[97.73443538900005,24.292084145000047],[97.72993847500004,24.29091827900004],[97.72710708300008,24.293166736000046],[97.72588708700005,24.29632706800004],[97.71972464700008,24.301023846000078],[97.70130715700009,24.29667630700004],[97.70047754200004,24.29451338000007],[97.69834424500004,24.293683765000026],[97.69214088500007,24.294159639000043],[97.67715575300008,24.321078460000024],[97.73090954600008,24.33947192200003],[97.71663586000005,24.367363520000026],[97.71426235500007,24.377434188000052],[97.71086928200003,24.378631743000028],[97.68732626600007,24.424636144000033],[97.68085780700005,24.43725553400003],[97.67768444900008,24.438083118000065],[97.67911556500007,24.439611811000077],[97.67717041900005,24.44511188200005],[97.67569479100007,24.44786191700007],[97.66992717800008,24.45652566700005],[97.66492660400007,24.45300674500004],[97.64807282100008,24.448253113000078],[97.64449216300005,24.44961129400008],[97.62572457800007,24.44485766200006],[97.62041532700005,24.441956095000023],[97.61411831000004,24.44343774600003],[97.60800649800007,24.440659650000043],[97.60417889700005,24.442079566000075],[97.60078344600004,24.447080139000036],[97.59386907400005,24.443129069000065],[97.59133792000006,24.43819023100008],[97.57769438000008,24.44405510100006],[97.57633620000007,24.44380815900007],[97.57571884500004,24.44140047600007],[97.56516207800007,24.439486676000058],[97.56300133600007,24.439363205000063],[97.56053530100007,24.439528989000053],[97.56396046000003,24.47983517800003],[97.58138587200006,24.52727079500005],[97.57672459800006,24.59520227300004],[97.59207767700008,24.622010877000037],[97.59672129300009,24.653096359000074],[97.59484511100004,24.69450429400007],[97.56816498300003,24.725561670000047],[97.58673245200004,24.75829161200005],[97.59501035500006,24.773421131000077],[97.60118657000004,24.77631168100004],[97.61598776700004,24.778456173000052],[97.61909938300005,24.779255101000047],[97.62208485300005,24.78144164200006],[97.62179051100009,24.783249743000056],[97.63077519100005,24.78889962100004],[97.64207305400004,24.79290323300006],[97.64419414200006,24.79218512500006],[97.65184703600005,24.795549034000032],[97.65282433000004,24.79680753200006],[97.70025800700006,24.834570445000054],[97.70373875700005,24.846179294000024],[97.70769543100005,24.838495049000073],[97.71509620100005,24.835314580000045],[97.73019117800004,24.832846372000063],[97.73153674300005,24.83112236900007],[97.73212542600004,24.83015524500007],[97.73540523700007,24.82944041500008],[97.73910553600007,24.83108032000007],[97.73989776300004,24.831412156000056],[97.75426544500004,24.82566846700007],[97.77831311800009,24.820162464000077],[97.78788314900004,24.824054871000044],[97.79382516900006,24.832144222000068],[97.78795384800009,24.83792860400007],[97.79269263000003,24.84735996200004],[97.79760581500005,24.851565314000027],[97.79841640800004,24.861607667000044],[97.79730217000008,24.86243828100004],[97.79800254400004,24.866681151000023],[97.78920785500009,24.87225828100003],[97.78881537800004,24.874779811000053],[97.78383766700006,24.88139705900005],[97.77919607200005,24.881878433000054],[97.77419007100008,24.885920316000067],[97.77515419000008,24.88699567900005],[97.77420061200007,24.888692400000025],[97.76746052500005,24.886049296000067],[97.76352962300007,24.88854206800005],[97.74597551700003,24.912369501000057],[97.73921697900005,24.94577495300007],[97.74216619800006,24.982162691000042],[97.75242425700009,25.002768837000076],[97.74580840200008,25.056510993000074],[97.73650881300006,25.08015759700004],[97.73812920100005,25.07965471800003],[97.74422312100006,25.08054271000003],[97.74713944800004,25.085246987000062],[97.74895613600006,25.091687970000066],[97.76982725000005,25.101805674000047],[97.78822366300005,25.122418417000063],[97.80262714400004,25.142564579000066],[97.81728029600004,25.168274740000072],[97.83915511100008,25.20035787100005],[97.85853539100003,25.235836972000072],[97.86758872900003,25.258112754000024],[97.86956355600006,25.263874083000076],[97.87555889100008,25.26166839900003],[97.87913982700007,25.253723199000035],[97.88281028500006,25.246990295000046],[97.88930073000006,25.24201055700007],[97.89556736700007,25.235482811000054],[97.90450478400004,25.217988450000064],[97.91797059200007,25.213773391000075],[97.92710197600007,25.21548925600007],[97.93911303000004,25.21705591500006],[97.94418602000007,25.217615436000074],[97.94972901000006,25.222763031000056],[97.95039025200003,25.223403392000023],[97.95298353300007,25.22176760800005],[97.98434992100005,25.229970468000033],[98.00505979400003,25.256333820000066],[98.01653713300004,25.27610019900004],[98.02387972900004,25.30370150600004],[98.03157209300008,25.306029454000054],[98.03959050300006,25.30384622300005],[98.04478597400004,25.307183461000022],[98.05195345200008,25.30805569300003],[98.05889339000004,25.30824530900003],[98.07072541500008,25.314768092000065],[98.07265001500008,25.321124961000066],[98.07220583000009,25.322164758000042],[98.07939410400007,25.33706654100007],[98.07982875000005,25.336957879000067],[98.08125086800004,25.33469137800006],[98.08907251800008,25.337757821000025],[98.09080572500005,25.341313117000027],[98.09078021300007,25.343193077000024],[98.14233319100003,25.312514586000077],[98.16879456600009,25.274565814000027],[98.17525212300006,25.233636344000047],[98.17226044000006,25.206641147000028],[98.17744814600007,25.17719224700005],[98.21265935500008,25.17205591900006],[98.24503214200007,25.160878954000054],[98.26038541600008,25.13314909500008],[98.26119412300005,25.09352944400007],[98.25173623200004,25.05752631200005],[98.23229380600009,25.022485248000066],[98.23372449300007,24.99092998200007],[98.24915159700004,24.952930107000043],[98.28953777400005,24.94863981000003],[98.32860061000008,24.956254172000058],[98.36873045600004,24.93000372800003],[98.40976630800009,24.922073736000073],[98.44126750000004,24.915587152000057],[98.47761130300006,24.899157695000042],[98.51219998300007,24.908896924000032],[98.54031923500008,24.880133400000034],[98.55216305500005,24.844363128000055],[98.51645149500007,24.823926778000043],[98.48152521800006,24.818672906000074],[98.44448599600008,24.800266846000056],[98.42880569500005,24.773199241000043],[98.44867155900005,24.724359741000058],[98.46853548400009,24.68135969800005],[98.47915392500005,24.622897155000032],[98.50871087400009,24.59801296100005],[98.54048607200008,24.593342522000057],[98.57798055100005,24.598886527000047],[98.62275960300008,24.604509136000047],[98.66111684700007,24.606511225000077],[98.69585203400004,24.593159809000042],[98.71188254200007,24.549959052000077],[98.72660329500007,24.522154431000047],[98.72887993300009,24.490650497000047],[98.69919114600003,24.464180311000064],[98.70131316200008,24.436993217000065],[98.71780329100005,24.406812725000066],[98.73237340800006,24.37504872100004],[98.73016501100005,24.331923408000023],[98.71007313100006,24.302699474000065],[98.71312639700005,24.27118685000005],[98.71926614900008,24.244000055000072],[98.71849924900005,24.20042391800007],[98.71172867800004,24.17139478200005],[98.72080420500004,24.130675231000055]]]}},{"type":"Feature","properties":{"code":"CN053060","name":"Honghe Hani and Yi Autonomous Prefecture","label":"Honghe Hani and Yi Autonomous Prefecture · 红河哈尼族彝族自治州","type":"Autonomous prefecture","parentCode":"CN-YN"},"geometry":{"type":"Polygon","coordinates":[[[104.05361931600004,24.460698524000065],[103.98443029900005,24.445730961000038],[103.95968532900008,24.429886683000063],[103.94699503700008,24.400415778000024],[103.91057273300004,24.371921075000046],[103.87247839600008,24.35144484600005],[103.84425785900004,24.31989777600006],[103.81481367100008,24.281883952000044],[103.80398673700006,24.209977028000026],[103.77129176300008,24.196198190000075],[103.73381250700004,24.197467721000066],[103.70116098000005,24.172332178000033],[103.66970970000006,24.155892782000024],[103.64050564100006,24.125548689000027],[103.61526917800006,24.100486889000024],[103.62167626500008,24.071124456000064],[103.62227864000005,24.069804548000036],[103.64499647700006,24.01965228100005],[103.66295418700008,23.978359727000054],[103.69815778600008,23.92063239500004],[103.67692778300005,23.884065371000077],[103.65482160600004,23.862862199000062],[103.63950771800006,23.837170788000037],[103.64495410200004,23.809432092000065],[103.65204935700007,23.77409638900008],[103.65145103600008,23.731810709000058],[103.63449522800005,23.697352357000057],[103.61301883900006,23.66435580700005],[103.59540655300003,23.632099254000025],[103.59567338100004,23.596675189000052],[103.62210146100006,23.54812781800007],[103.67040263300004,23.54787152700004],[103.70846861300004,23.564414112000065],[103.74745919100008,23.55936703800006],[103.76853836400005,23.525790811000036],[103.79988356100006,23.52451854800006],[103.81660366600005,23.489868896000075],[103.82398781100005,23.439053974000046],[103.82365062500008,23.409477984000034],[103.83037888200005,23.377245446000074],[103.85877989300008,23.36437180100006],[103.89100870600004,23.346770563000064],[103.91441454300008,23.323954900000047],[103.92814769400007,23.289050131000067],[103.92472311900008,23.261048594000044],[103.91851809800005,23.231476162000035],[103.90959041400004,23.20533124800005],[103.92371165200007,23.17135201900004],[103.94206648200009,23.14450670100007],[103.94336071500004,23.07861407200005],[103.95029372800008,23.031792254000038],[103.95171878700006,22.998210621000055],[103.92874569300005,22.971910016000038],[103.91260916400006,22.945204529000023],[103.91529791900007,22.913983200000075],[103.91881121400007,22.878721047000056],[103.90219144500008,22.84103594900006],[103.89047716700009,22.808267138000076],[103.89666950100008,22.76453698000006],[103.91610044500004,22.735463200000027],[103.94484731000006,22.716196413000034],[103.98573676300003,22.724712820000036],[104.01805148800008,22.754453452000064],[104.04211471500008,22.77901275000005],[104.06246513900004,22.807388608000053],[104.09251951700008,22.84740206600003],[104.09968758400004,22.888912894000043],[104.11029503800006,22.92429481100004],[104.13952423500007,22.916862379000065],[104.17854415000005,22.89647104000005],[104.20730348900008,22.900369757000078],[104.26081548900004,22.903758577000076],[104.28861739500007,22.883888671000022],[104.27322100900005,22.835857098000076],[104.26787844200004,22.839641417000053],[104.26335683000008,22.837057639000022],[104.25528252200007,22.835442777000026],[104.24397849000007,22.838995473000068],[104.23463907800004,22.834325767000053],[104.23012089700006,22.833181971000045],[104.22879879100009,22.833181971000045],[104.22830971600007,22.832723463000036],[104.21922626400004,22.830423950000068],[104.21749475900003,22.831244137000056],[104.20520466300007,22.826874325000063],[104.20205343800006,22.826076580000063],[104.19876236400006,22.826076580000063],[104.19591204800008,22.82452186200004],[104.19005617600004,22.823039424000058],[104.18487455400003,22.825753607000024],[104.17906105200007,22.82284685600007],[104.17638746000006,22.819579134000037],[104.15720961200009,22.814724184000056],[104.15580704300004,22.814772548000064],[104.15570816700006,22.814344087000052],[104.13365896100004,22.808762241000068],[104.13255303600005,22.811219852000022],[104.12738547900005,22.81348065900005],[104.11543550200008,22.81089688000003],[104.11123686300004,22.80411446100004],[104.10283958100007,22.79733204200005],[104.10122472000006,22.79281043000003],[104.09638013500006,22.789257734000046],[104.09490668900008,22.785070045000055],[104.08466456200006,22.773731885000075],[104.07707384100007,22.762806299000033],[104.07183423800006,22.759221307000075],[104.06698965400005,22.754053750000026],[104.06408290300004,22.74662538700005],[104.05439373200005,22.742103774000043],[104.05310184300004,22.73919702300003],[104.04761131300006,22.735321355000053],[104.04729483900007,22.73384447600006],[104.04243334900008,22.730482508000023],[104.03216228700006,22.70857884000003],[104.03444244100007,22.697851671000024],[104.02984783500006,22.69494981400004],[104.03118491200007,22.686257003000037],[104.02196859100007,22.665748612000073],[104.03458913800006,22.653211094000028],[104.03226430100005,22.651467465000053],[104.03417399000006,22.642832353000074],[104.03442307900008,22.638265707000073],[104.03085279200008,22.626558488000057],[104.02811280400005,22.621742753000035],[104.02396130800008,22.606880396000065],[104.02122132200009,22.60455555900006],[104.01540922700008,22.59293136900004],[104.01408074800008,22.587617454000053],[104.01474498700009,22.583133838000037],[104.01516013600008,22.57848416300004],[104.01109167100009,22.57931446200007],[104.00610987500005,22.575245996000035],[104.00992925200006,22.571758739000074],[104.01175186100005,22.571272710000073],[104.00415221000009,22.560622081000076],[103.99936440500005,22.530698444000052],[103.99688243300005,22.519655129000057],[103.99083038900005,22.519655129000057],[103.98925903300005,22.51449209900005],[103.98095329000006,22.507982193000032],[103.97534130200006,22.506186357000047],[103.97219858800008,22.507084275000068],[103.97174963000003,22.511349386000063],[103.96950483400008,22.51157386500006],[103.96725269600006,22.509558795000032],[103.88973027400004,22.58323276300007],[103.80705846700005,22.654930983000042],[103.76952423500006,22.688377175000028],[103.76835341400005,22.690614744000072],[103.76723431100004,22.69041769300003],[103.66458818200005,22.781884121000076],[103.66368367300004,22.78568550400007],[103.65913947500007,22.789617002000057],[103.65502162000007,22.790408742000068],[103.64413657300008,22.800108244000057],[103.64150531600006,22.79702595200007],[103.64028121400008,22.797616898000058],[103.63493748100007,22.79067004500007],[103.63551219900006,22.790005527000062],[103.63406692700005,22.78831251500003],[103.63291856100005,22.78696670900007],[103.63141061600004,22.78703630600006],[103.63183811600004,22.790883794000024],[103.63087624300005,22.790990669000053],[103.62307439300008,22.785433186000034],[103.61922690400007,22.785860685000046],[103.61762378500003,22.78265444500005],[103.62104377400004,22.774425096000073],[103.61505879400005,22.771539480000058],[103.60875318700005,22.763630755000065],[103.60826174900006,22.76191072000006],[103.60027563900007,22.754718654000044],[103.58974981500006,22.73417913800006],[103.58385139100005,22.73231647800003],[103.57743891100006,22.72376650500007],[103.57305704900006,22.716071529000033],[103.56995768500008,22.711048420000054],[103.56707206900006,22.70816280400004],[103.56429332800008,22.705811561000075],[103.56279708300008,22.698544084000048],[103.56621707100004,22.69320035100003],[103.56611019600007,22.689352863000067],[103.56482770100007,22.688711615000045],[103.56330179100007,22.686535813000035],[103.56523738600004,22.68282592500003],[103.57750816500004,22.668774236000047],[103.57887112700007,22.66070121300004],[103.57761420200006,22.656560754000054],[103.57135467600006,22.641955194000047],[103.56274782900005,22.639086245000044],[103.55283691300008,22.636999737000053],[103.55140243800008,22.626567194000074],[103.54566453900009,22.613396109000064],[103.53204994800006,22.596846010000036],[103.52986324700004,22.594707344000028],[103.51827911600009,22.59761688900005],[103.51211262400005,22.599742153000022],[103.50495499500005,22.60443256900004],[103.50877162300009,22.608249197000077],[103.50513674000007,22.611702336000064],[103.49570485900006,22.61606331300004],[103.47057581400009,22.649062867000055],[103.45526363900007,22.664560867000034],[103.45552057800006,22.67004221800005],[103.45824674100004,22.679856404000077],[103.45170395100007,22.68748965900005],[103.44529305000003,22.691407431000073],[103.44426974200007,22.698252009000043],[103.43696939800009,22.73804663900006],[103.44327732000005,22.740893197000048],[103.44405075100008,22.749981004000063],[103.44153710100005,22.75655516200004],[103.42548842100007,22.764289466000037],[103.41535511300003,22.76527616900006],[103.41662732300006,22.768184076000068],[103.41317418400007,22.775453843000037],[103.39681720800007,22.781269657000053],[103.39597033600006,22.781269657000053],[103.37266580500005,22.799033378000047],[103.36918591800008,22.799361299000054],[103.36612763900007,22.800640694000037],[103.33441699300005,22.806248064000044],[103.32281553800004,22.81436908300003],[103.31566130800007,22.802187555000046],[103.31488787600006,22.791359530000022],[103.32010853100007,22.782658438000055],[103.32010853200006,22.780531504000066],[103.31541301900006,22.778894749000074],[103.30919148700008,22.77054307800006],[103.30857055000007,22.767527095000048],[103.30990113000007,22.76362405800006],[103.30688514700006,22.75980972600007],[103.30449010200005,22.757414681000057],[103.30156282500008,22.754753519000076],[103.29535344700008,22.75147142000003],[103.29455510000008,22.746592624000073],[103.28515232900008,22.737012443000026],[103.28532973900008,22.72929507400005],[103.28595067800006,22.726545207000072],[103.28861183900005,22.720069715000022],[103.28435398000005,22.70534462100005],[103.28107188200005,22.69771595800006],[103.28275728300008,22.69106305400004],[103.28346692700006,22.686184258000026],[103.28311210400005,22.684676267000043],[103.27663661100007,22.67820077400006],[103.27087076300006,22.674563853000052],[103.26868134400007,22.673583176000022],[103.26443527200007,22.67233215600004],[103.26234506000009,22.67075146700006],[103.25188781100007,22.672789745000046],[103.24993629100004,22.669241530000022],[103.24000128800009,22.663209564000056],[103.23192909800008,22.658863000000053],[103.22997758100007,22.651145632000066],[103.22492137400008,22.646710363000068],[103.21800235400008,22.645912014000032],[103.20851087800008,22.645912014000032],[103.20239020700006,22.64706518400004],[103.19547118600008,22.650879516000032],[103.18456042400004,22.64440402300005],[103.18269761200008,22.640146164000043],[103.18420560200008,22.63118692000006],[103.18118962000005,22.62932410700006],[103.17568988500005,22.626308124000047],[103.16814992800005,22.618679461000056],[103.16504523900005,22.61060727200004],[103.16238407900005,22.602801198000066],[103.16096479200007,22.59792240200005],[103.15786010400006,22.594196776000047],[103.15661822900006,22.588430926000058],[103.15927939000005,22.580890968000062],[103.16327113300008,22.58035873600005],[103.16891210700004,22.57654924700006],[103.16550751200003,22.568321727000068],[103.17095459600006,22.55037014100003],[103.16841604500007,22.54824738700006],[103.16060997100004,22.545053993000067],[103.15761018400008,22.540589194000063],[103.15566203200007,22.53979003300003],[103.14730416300006,22.542836359000034],[103.13807880300004,22.541505778000044],[103.13390965100007,22.53201430200005],[103.12273526200005,22.525254119000067],[103.12273526200005,22.52294673700004],[103.11520430100006,22.51757638400005],[103.11004790200008,22.516402155000037],[103.09866700100008,22.516293934000032],[103.09009451400004,22.511808990000077],[103.08254391200006,22.510673561000033],[103.07363322100008,22.493142646000024],[103.06649545500005,22.489335838000045],[103.07410907100007,22.485053180000023],[103.07054018900004,22.476725788000067],[103.07910550600008,22.470301801000062],[103.07959542800006,22.465525059000072],[103.05835061600004,22.45101132700006],[103.05626466100006,22.45198153900003],[103.05261796100007,22.449820532000047],[103.02559183600005,22.45201971700004],[102.99981057400004,22.46781881000004],[102.99298515000004,22.473196572000063],[102.98655249800004,22.480294670000035],[102.98405014400004,22.480236476000073],[102.96418625300004,22.49588726500008],[102.93246582800003,22.500123961000043],[102.90680276500007,22.526101666000045],[102.88532412300003,22.58480187500004],[102.86322580600006,22.614724023000065],[102.82709832800003,22.62417298300005],[102.78793759000007,22.63431861500004],[102.78037936100009,22.666196341000045],[102.74001065100003,22.666972263000048],[102.70355260800005,22.69216281300004],[102.70128777100007,22.69718484200007],[102.68774586800004,22.702962720000073],[102.67871793400008,22.698809870000048],[102.66968999800008,22.698268194000036],[102.66081358200006,22.69409734800007],[102.64088112500008,22.711592132000078],[102.62240625700008,22.732458189000056],[102.61141613400008,22.734426561000078],[102.60607172800007,22.73337444300006],[102.60577221900007,22.733657700000037],[102.59963322300007,22.733477141000037],[102.59720006000003,22.73162793700004],[102.57890243700007,22.728025806000062],[102.57886897200007,22.728240939000045],[102.57056327200007,22.730407643000035],[102.56550762800003,22.73907446100003],[102.55774360400005,22.740699489000065],[102.55363222000005,22.744006472000024],[102.54554855600009,22.768440913000063],[102.51313952800007,22.778986891000045],[102.47501594600004,22.78724313600003],[102.47061858800004,22.778132349000032],[102.46692257700005,22.777172346000043],[102.46511699000007,22.76922776400005],[102.45933911300006,22.76633882400006],[102.45229732400009,22.75694977200004],[102.45626961500005,22.73690775600005],[102.45446402700009,22.73492161000007],[102.44670000400004,22.73492161000007],[102.44001933200008,22.717949093000072],[102.43622759800007,22.707837805000054],[102.43568592300005,22.702601603000062],[102.42312463100006,22.69346611800006],[102.41430997500004,22.69279954600006],[102.40496257200004,22.686049419000028],[102.39018513100007,22.688879142000076],[102.38296278100006,22.685809644000074],[102.38187943000008,22.680031765000024],[102.38494892700004,22.672809417000053],[102.38801842500004,22.66703153900005],[102.38896615600004,22.666502997000066],[102.39252002800004,22.660563995000075],[102.40170840200005,22.645129258000054],[102.40318535600005,22.639406058000077],[102.40504177500009,22.639529819000074],[102.40518770400007,22.639284685000064],[102.38661262200009,22.62674968600004],[102.37626317300004,22.610202081000068],[102.37968850700008,22.601713061000055],[102.37357373000003,22.59516917600007],[102.36508747100004,22.59246079600007],[102.35714288800006,22.592821913000023],[102.35226780300007,22.590113532000032],[102.34667048300008,22.589571856000077],[102.34612880700007,22.58198839100004],[102.35786512300007,22.56718257700004],[102.34053148800007,22.561224140000036],[102.32067003100008,22.557251849000068],[102.32144477500003,22.554569635000064],[102.31595906900009,22.55471982000006],[102.29555664800006,22.574330623000037],[102.24937039700006,22.599812749000023],[102.21831463400008,22.600629473000026],[102.17325896100004,22.601068360000056],[102.14335788600005,22.609276788000045],[102.10890498300006,22.623905060000027],[102.08532564500007,22.640903710000032],[102.07440733400006,22.670939820000058],[102.06540201400009,22.70114794400007],[102.03450288300007,22.72749514900005],[101.99599977900004,22.765901536000058],[101.97668487800007,22.792397222000034],[101.92978770800005,22.804436580000072],[101.89295930300005,22.79503724600005],[101.85927911500005,22.801441976000035],[101.82554389000006,22.830650453000032],[101.80290823600006,22.85132419000007],[101.83227332500007,22.919778076000057],[101.83279341200006,22.95085313100003],[101.85685961700005,22.970918492000067],[101.85396564500007,23.002118778000067],[101.85992762500007,23.032329055000048],[101.90184137600005,23.054057534000037],[101.93748950800006,23.043715638000037],[101.97001178200009,23.01711098800007],[102.00574752900008,23.014961910000068],[102.04083102800007,23.041473521000057],[102.04739854500008,23.08038096200005],[102.04610667900005,23.142714660000024],[102.02431682000008,23.164402755000026],[102.00314082300008,23.19388931000003],[101.96536986400008,23.196308560000034],[101.92273308400007,23.18959638800004],[101.88028815200005,23.18106442900006],[101.84525636300003,23.194177257000035],[101.82641763700008,23.228410196000027],[101.82273950100006,23.257690548000028],[101.83005960900005,23.284354204000067],[101.85247091700006,23.30696707800007],[101.87668183900007,23.32655627200006],[101.88320379000004,23.38339047000005],[101.93394602200004,23.397045582000032],[101.96025923500008,23.384005285000057],[101.99575919600005,23.362699900000052],[102.03194248200003,23.348279023000032],[102.06605570900007,23.344129389000045],[102.10186351900006,23.351512360000072],[102.13633935300004,23.371513354000058],[102.15285176100008,23.395332885000073],[102.17910625000007,23.428681708000056],[102.19776059200007,23.450862422000057],[102.22468736200005,23.464220944000033],[102.25343926400006,23.450876829000038],[102.29431816500005,23.433606616000077],[102.32622734900008,23.43191083100004],[102.36015426000006,23.453141456000026],[102.37247889100007,23.485187875000065],[102.37009643700009,23.512741610000035],[102.35094778100006,23.54198421800004],[102.33981458300008,23.573755506000055],[102.32267616600006,23.606809527000053],[102.30555512300003,23.634853452000073],[102.28265713600007,23.661923933000025],[102.25281662500004,23.689728299000024],[102.23965470200005,23.726300696000067],[102.22957572300004,23.75222926300006],[102.19895706000005,23.782219283000074],[102.17427960000003,23.802276324000047],[102.15820828300008,23.833562973000028],[102.16035159400008,23.846534835000057],[102.19026911700007,23.869690881000054],[102.22814123100005,23.878097576000073],[102.25918995600006,23.876784471000065],[102.29662981700005,23.880121863000056],[102.30213562300008,23.906977562000066],[102.26481527500005,23.92592269100004],[102.24334625600005,23.961729537000053],[102.23533857100006,24.009637233000035],[102.30623940500004,24.05407306400008],[102.34902006000004,24.07739305000007],[102.33312723600005,24.10233471600003],[102.34316791500004,24.128657197000052],[102.37421180100006,24.118676381000057],[102.42025991600008,24.096829496000055],[102.45248941200003,24.094198838000068],[102.49250974200004,24.087694630000044],[102.52428379200006,24.065471811000066],[102.55835042700005,24.04479976700003],[102.58443040700007,24.058858288000067],[102.61288699700003,24.093095238000046],[102.62522934400005,24.049192376000065],[102.62793383200005,24.017631809000022],[102.63889284600003,23.98223170800003],[102.70426187900006,23.971913164000057],[102.72341766000005,23.99625036200007],[102.74983570700005,24.02165436300004],[102.77938436600004,24.05048901300006],[102.80451470000008,24.074398476000056],[102.83988001900008,24.064649905000067],[102.88018077500004,24.009893886000043],[102.90762941200006,24.03034192800004],[102.91160978200008,24.05973403300004],[102.93187043700004,24.08365946300006],[102.96740637400006,24.102030477000028],[103.00157593600005,24.089408090000063],[103.03238992600006,24.10101411900007],[103.05481323600009,24.128263121000032],[103.07799808200008,24.157840521000026],[103.09199764400006,24.19119595600006],[103.12437263400005,24.221393429000045],[103.12081064600005,24.312316063000026],[103.11862578600005,24.341137452000055],[103.11642545400008,24.36995521700004],[103.09182738800007,24.382864485000027],[103.09073124100007,24.397272044000033],[103.08961986600008,24.41168023800003],[103.11093615200008,24.441991117000043],[103.13334973800005,24.457889867000063],[103.13006865300008,24.501100819000044],[103.12677954300005,24.544305391000023],[103.20552372300006,24.547698920000073],[103.24468575000009,24.551267170000074],[103.26208583500005,24.581192627000064],[103.26329495600004,24.620256760000075],[103.28749063100008,24.703707328000064],[103.31545005100008,24.690508417000046],[103.33741586100007,24.66731972100007],[103.35852177700008,24.642697016000056],[103.39825695200005,24.62495679600005],[103.43436712300007,24.619156230000044],[103.45870799300008,24.60201170700003],[103.47339932900007,24.571436637000033],[103.49314958400004,24.544868688000065],[103.52934687300007,24.548553795000032],[103.55541258800008,24.57637676300004],[103.58751127900007,24.608724175000077],[103.61046167800004,24.633113519000062],[103.63295715700008,24.668331047000038],[103.65118626800006,24.701405399000066],[103.67476198200006,24.74121199500007],[103.68271559900006,24.778934351000032],[103.72433813100008,24.800153996000063],[103.74032473000005,24.754719900000055],[103.77938876900004,24.754909705000046],[103.82341855900006,24.760428902000058],[103.85250428800003,24.750348116000055],[103.86279952000007,24.718058343000052],[103.88524133200008,24.68801413400007],[103.92548501900006,24.691406378000067],[103.95292629000005,24.677105527000037],[103.98331679800003,24.66301069000008],[103.98152436900006,24.615794591000054],[104.00133658800007,24.586886640000046],[104.02528033600004,24.55555558700007],[104.02336295300006,24.515109653000025],[104.05361931600004,24.460698524000065]]]}},{"type":"Feature","properties":{"code":"CN053070","name":"Kunming","label":"Kunming · 昆明市","type":"Prefecture-level city","parentCode":"CN-YN"},"geometry":{"type":"Polygon","coordinates":[[[103.05815505300006,26.509811263000074],[103.08351984000006,26.471692929000028],[103.08865555100004,26.44054986100008],[103.09613798900006,26.41094343000003],[103.10142208400003,26.373046603000034],[103.11669880100004,26.330968193000047],[103.13394915300006,26.28904164100004],[103.16187443400008,26.26643019000005],[103.19640528900004,26.263267014000064],[103.23586906300005,26.255965721000052],[103.26221655300009,26.233654170000023],[103.27186192500005,26.20689600600008],[103.27202734100007,26.179400816000054],[103.26783973500005,26.139842629000043],[103.28417119800008,26.106378592000056],[103.29843032900004,26.07319895300003],[103.29925932800006,26.04394229500008],[103.30269685100006,25.97793570700003],[103.31459190700008,25.947672649000026],[103.30249955400006,25.911989602000062],[103.30626214100005,25.88339779300003],[103.34287458100005,25.862303905000033],[103.38575334500007,25.86965764100006],[103.40519740500008,25.84451746700006],[103.46762868000008,25.872739660000036],[103.49369896600007,25.856661736000035],[103.54170402700004,25.852158855000027],[103.54365480300004,25.820715491000044],[103.53674039700007,25.793118121000077],[103.53384442400005,25.759948877000056],[103.53406655100008,25.725657796000064],[103.50462775700004,25.70898500800007],[103.49548990300008,25.678498500000046],[103.50634061000005,25.648162168000056],[103.52792533500008,25.625860642000077],[103.51378564300006,25.60085651000003],[103.48707360900005,25.58754170800006],[103.45583768400007,25.600972644000024],[103.43088949500009,25.579645734000053],[103.41568453700006,25.53466466100008],[103.40159999800005,25.50421860000006],[103.35911605100006,25.468415261000075],[103.31652429400003,25.433933067000055],[103.29422156300006,25.41186050300007],[103.27989905100009,25.38453061100006],[103.30811775700005,25.37091031400007],[103.34589277800006,25.356216861000064],[103.33599339500006,25.324253501000044],[103.32395109000004,25.29393716800007],[103.30367771900006,25.266584971000043],[103.29958344100004,25.22104736700004],[103.31408754100005,25.18373815500007],[103.35257602500008,25.192161146000046],[103.39001472400008,25.180137862000038],[103.41646768600003,25.19484064100004],[103.45913601700005,25.211687592000033],[103.47744010000008,25.18098243700007],[103.46932490000006,25.145541121000065],[103.45646121800007,25.113344792000078],[103.42398263400008,25.094112980000034],[103.42690774200008,25.063122932000056],[103.45602574500003,25.049078721000058],[103.45522067400009,25.01011009900003],[103.45660944600007,24.97401949700003],[103.46319307300007,24.942030129000045],[103.47308440000006,24.893372687000067],[103.49560932800006,24.864324975000045],[103.52839970200006,24.868645791000063],[103.54866869000006,24.890557530000024],[103.56487448400009,24.913514531000033],[103.59925790800008,24.91702441800004],[103.63272477600003,24.924982012000044],[103.66304556100005,24.913234525000064],[103.66747302500005,24.864693510000052],[103.65928144700007,24.82967994300003],[103.65817545300007,24.79836523700004],[103.68271559900006,24.778934351000032],[103.67476198200006,24.74121199500007],[103.65118626800006,24.701405399000066],[103.63295715700008,24.668331047000038],[103.61046167800004,24.633113519000062],[103.58751127900007,24.608724175000077],[103.55541258800008,24.57637676300004],[103.52934687300007,24.548553795000032],[103.49314958400004,24.544868688000065],[103.47339932900007,24.571436637000033],[103.45870799300008,24.60201170700003],[103.43436712300007,24.619156230000044],[103.39825695200005,24.62495679600005],[103.35852177700008,24.642697016000056],[103.33741586100007,24.66731972100007],[103.31545005100008,24.690508417000046],[103.28749063100008,24.703707328000064],[103.26329495600004,24.620256760000075],[103.26208583500005,24.581192627000064],[103.24468575000009,24.551267170000074],[103.20552372300006,24.547698920000073],[103.12677954300005,24.544305391000023],[103.07969205500007,24.541311174000043],[103.05394417900004,24.56860236800003],[103.05857963000005,24.63150798600003],[103.03376628300003,24.64762141500006],[103.02505825100008,24.675914354000042],[103.03446904900005,24.711109342000043],[103.04982393500006,24.746330942000043],[103.07137872000004,24.77389303500007],[103.06177934800007,24.801193330000046],[103.02917785200003,24.80036900700003],[103.02887879900004,24.853784595000036],[103.03919099200004,24.884958234000067],[103.00196023200004,24.94079752300007],[102.94839682100007,24.900668180000025],[102.93624127300006,24.868431714000053],[102.92939560900004,24.822580707000043],[102.90942175000004,24.789235292000058],[102.86669550600004,24.78073156000005],[102.85858420900007,24.75288046000003],[102.86503971500008,24.718073529000037],[102.85010588800009,24.694181225000023],[102.83023417300006,24.670327486000076],[102.81549921000004,24.64463223300004],[102.80540682200007,24.617048708000027],[102.80532034300006,24.588484227000038],[102.82558496000007,24.553906570000038],[102.81613521700007,24.52002131100005],[102.76723076000007,24.50550524700003],[102.73475791800007,24.489629715000035],[102.69875421300009,24.478289103000066],[102.69235985000006,24.513260282000033],[102.64493297400008,24.518308079000064],[102.61448212100004,24.53113333700003],[102.59939142400003,24.567484266000065],[102.52259400900004,24.555007017000037],[102.46487498600004,24.535056032000057],[102.43598211200003,24.52302664900003],[102.39973495300006,24.510794230000045],[102.37507446000006,24.491405798000073],[102.36317751300004,24.45906179700006],[102.32689977300004,24.447251055000038],[102.25840123500006,24.469330872000057],[102.23094317100004,24.485951529000033],[102.20653776400007,24.51099898600006],[102.24965355000006,24.551575840000055],[102.28386401400007,24.56911510300006],[102.30191558800004,24.641452172000072],[102.29714021000007,24.686374645000058],[102.29659966000008,24.71942117800006],[102.29914575200007,24.751376821000065],[102.30520894000006,24.792250632000048],[102.31531524100006,24.82304893400004],[102.32716628100007,24.85625858900005],[102.32903539100005,24.88542186600006],[102.31740971200009,24.910684729000025],[102.29507010300006,24.934094449000042],[102.25414769800005,24.964021252000066],[102.25683167200003,24.994606427000065],[102.22920549700007,25.02976722300008],[102.20237347400007,25.043700726000054],[102.17926520600008,25.064303084000073],[102.18702133600004,25.10302598900006],[102.22119144000004,25.122803968000028],[102.24466939500007,25.09408249200004],[102.27784670900007,25.086126066000077],[102.31431654200009,25.093845559000044],[102.35361108200004,25.107681914000068],[102.37425139500004,25.13347068300004],[102.38800480300006,25.172693886000047],[102.40072735000007,25.19823117800007],[102.41655713200004,25.245904030000077],[102.41556191800004,25.288666232000026],[102.38622244200008,25.32097265300007],[102.36364172100008,25.355214157000034],[102.35738595100008,25.385888366000074],[102.38582853800006,25.41571665400005],[102.43299979100004,25.401911185000074],[102.46040121100003,25.42596779200005],[102.48414593000007,25.48000459800005],[102.47643448000008,25.51054738700003],[102.46163912600008,25.551332536000075],[102.44581248700007,25.596997000000044],[102.44380906300006,25.64428847100004],[102.44442502300006,25.680947364000076],[102.43967178400004,25.725734078000073],[102.42281297300008,25.761797965000028],[102.38756805200006,25.791761275000056],[102.36964652400007,25.81868567400005],[102.39411683600008,25.852410619000068],[102.41090112700005,25.878240253000058],[102.40363924300004,25.908783852000056],[102.38432936900006,25.93919622800007],[102.36972223300006,25.967751587000066],[102.37276573900004,25.995555695000064],[102.39829996400005,26.033865221000042],[102.40408847800006,26.073637332000033],[102.37052071000005,26.086569243000042],[102.33700062900004,26.094527063000044],[102.30596103000005,26.111723029000075],[102.28426327900007,26.131067620000067],[102.26609702000007,26.15929145100006],[102.25138312800004,26.187641769000038],[102.29811187800004,26.22535593500004],[102.35731353400007,26.25019815400003],[102.40953734900006,26.286257418000048],[102.45425494800008,26.304635399000063],[102.50350787400004,26.305265064000025],[102.56088098500004,26.36160039400005],[102.56857437900004,26.369154809000065],[102.61026403300008,26.376439250000033],[102.65017332800005,26.344815907000054],[102.63486776400003,26.286983744000054],[102.63499022300005,26.23738400700006],[102.67808820200008,26.21497323400007],[102.73957138600008,26.249678989000074],[102.80163336700008,26.302412951000065],[102.80387356900007,26.301875530000075],[102.82523685800004,26.296729155000037],[102.93247720300008,26.327038549000065],[103.01509267200004,26.376431312000022],[103.00638299600007,26.42275938800003],[103.01549188900003,26.435044204000064],[102.99271469900003,26.480483143000072],[103.00204906700009,26.515312653000024],[103.04123192100008,26.504249016000074],[103.05815505300006,26.509811263000074]]]}},{"type":"Feature","properties":{"code":"CN053080","name":"Lijiang","label":"Lijiang · 丽江市","type":"Prefecture-level city","parentCode":"CN-YN"},"geometry":{"type":"Polygon","coordinates":[[[101.15514834100009,27.19064678600006],[101.16225269000006,27.18709249400007],[101.18918546400005,27.152273533000027],[101.17118296300004,27.058952823000027],[101.18813269700007,26.991797536000036],[101.25088065200003,26.963364642000045],[101.26017474400004,26.937734153000065],[101.26771392100005,26.91690715200008],[101.31364623700006,26.914168682000025],[101.39351008700004,26.886084598000025],[101.42314507100008,26.842385180000065],[101.42542695700007,26.819122183000047],[101.39841323400003,26.73319682400006],[101.42082382000007,26.72139270100007],[101.46450057800007,26.750889974000074],[101.46371959800007,26.758940852000023],[101.48851321600006,26.78517475800004],[101.51850607300008,26.774806235000028],[101.54195144800008,26.76669303600005],[101.52383918800007,26.744586110000057],[101.48920971800004,26.663498529000037],[101.43639293900009,26.62428453800004],[101.40049350500004,26.536726878000024],[101.47040714400003,26.52085601300007],[101.47480216500009,26.475436736000063],[101.47541292500006,26.440287519000037],[101.45682073300009,26.41823512600007],[101.42732761400003,26.402833418000057],[101.37970117400005,26.394230630000038],[101.31870171800006,26.382203369000024],[101.28084532200006,26.37364064700006],[101.23398468100004,26.372785758000077],[101.19791002800008,26.38426579000003],[101.16722760100004,26.369540603000075],[101.14063725600005,26.355687044000035],[101.11089321400004,26.338814752000076],[101.07329240100006,26.320258702000046],[101.04080375300003,26.30535162500007],[101.00471388800008,26.282851798000024],[100.97729123600004,26.25576550900007],[100.95492671400007,26.23278068700006],[100.92508066300007,26.204985201000056],[100.87159233400007,26.181162580000034],[100.83516638400005,26.194268906000048],[100.80078999100004,26.207116377000034],[100.75689190900005,26.21131575800007],[100.72092552500004,26.184650975000068],[100.70305683700008,26.162506633000078],[100.67603846800006,26.133104261000028],[100.64389910500006,26.10452712600005],[100.64647970200008,26.076294800000028],[100.66038684500006,26.046044061000032],[100.63131069600007,26.03314527300006],[100.59025157400004,26.02761060100005],[100.54438915000009,26.043732886000043],[100.50933527500007,26.038329877000024],[100.48722228800005,26.065459408000038],[100.48322301300004,26.112092524000047],[100.48108645200006,26.152125930000068],[100.44084219900009,26.147530823000068],[100.42124619400005,26.170382388000064],[100.42599574600007,26.19981602300004],[100.45040784200006,26.229463042000077],[100.44428722900005,26.265007023000067],[100.42354785800006,26.288642109000023],[100.40931850000004,26.324246328000072],[100.44899862600005,26.345512967000047],[100.46788089200004,26.367338308000058],[100.44686201100006,26.40088901200005],[100.47154953800003,26.428727839000032],[100.46164761000006,26.466122016000043],[100.44805015100007,26.50449184400003],[100.43508905600004,26.549696913000048],[100.42705588000007,26.60084345000007],[100.38689529500004,26.596694386000024],[100.36487720000008,26.63327556100006],[100.33253152300006,26.65568029900004],[100.29418551300006,26.65035409500007],[100.27075556800008,26.674120478000077],[100.26393911500008,26.714062209000076],[100.22781936400008,26.707140001000027],[100.19363542200006,26.681888541000035],[100.16984324600008,26.647318125000027],[100.13747849700007,26.627652714000078],[100.09892844600006,26.635336919000054],[100.06989497900008,26.647631511000043],[100.02840863400007,26.609341850000078],[99.98810689300007,26.629906300000073],[99.96143619600008,26.658242734000055],[99.93413131400007,26.672495833000028],[99.90302122600008,26.65876885600005],[99.86792539800007,26.644603705000065],[99.82080573200005,26.658954992000076],[99.78037656300006,26.65774273900007],[99.73645087000006,26.65613251800005],[99.70930479200007,26.672614175000035],[99.68840328600004,26.698808861000032],[99.59463181500007,26.639169971000058],[99.59798484700008,26.70633623300006],[99.56628049600005,26.743419591000077],[99.56404775300007,26.792992610000056],[99.53264871700009,26.845232835000047],[99.51519299000006,26.86962561200005],[99.49061458700004,26.904260472000033],[99.44659254500004,26.963105421000023],[99.42697300800006,27.001931972000023],[99.41276412000008,27.044663108000066],[99.41584405600008,27.076940817000036],[99.42454060400007,27.107360476000053],[99.39523124900006,27.136817120000046],[99.37681672600007,27.177673309000056],[99.39637570800005,27.200806912000075],[99.39509668300008,27.233525480000026],[99.39935782300006,27.26483990400004],[99.40561513600005,27.294937924000067],[99.40340432500005,27.331492659000048],[99.39801073600006,27.36030388200004],[99.39269701200004,27.39796825800005],[99.40209548000007,27.426932236000027],[99.43310811900005,27.43790248700003],[99.49367363800008,27.451321515000075],[99.52068020700005,27.471781057000044],[99.52766862000004,27.52111978100004],[99.54270119100005,27.54533863000006],[99.56292686700004,27.57955148600007],[99.58001379500007,27.54625869800003],[99.58979102800004,27.51399120900004],[99.60234220200005,27.48023170400006],[99.62892659000005,27.441710988000068],[99.63287166200007,27.414209424000035],[99.65105843400005,27.390959004000024],[99.67217432000007,27.361252639000043],[99.67481691000006,27.33177630700004],[99.68897274900007,27.307608474000062],[99.71709511600005,27.289455409000027],[99.76380324300004,27.255251698000052],[99.79445786900004,27.233282273000043],[99.83059571700005,27.201061173000028],[99.84592544700007,27.175177271000052],[99.86311597400004,27.146783845000073],[99.89183276400007,27.11238918300006],[99.91065884900007,27.09047096000006],[99.93085619000004,27.069605464000063],[99.96195132800005,27.032285098000045],[99.98200902300005,27.001006290000078],[99.97635986400007,26.971513053000024],[99.96706192800008,26.938923394000028],[99.97206703900008,26.909652013000027],[100.00139626700008,26.88476541600005],[100.02943647600006,26.895416940000075],[100.05150274800008,26.92031961300006],[100.06422224700003,26.954167795000046],[100.07891831400008,26.980991606000032],[100.09078266100005,27.017442351000057],[100.09718714300004,27.060541210000054],[100.09537387900008,27.092843532000074],[100.09741411300007,27.13051221300003],[100.09256446100005,27.17016151300004],[100.10599433200008,27.199089680000043],[100.13456808000007,27.22553415300007],[100.16382260000006,27.247073073000024],[100.19304211900004,27.261383704000025],[100.22283325500007,27.275291518000074],[100.25149679800006,27.305312841000045],[100.25595553000005,27.33688653300004],[100.24155076300008,27.371923781000078],[100.22911414300006,27.403551003000075],[100.22020593700006,27.435540076000052],[100.20208753000009,27.459811432000038],[100.19684693300007,27.48721239300005],[100.22049319400008,27.50542113000006],[100.23403180600008,27.53024169300005],[100.24411315800006,27.565512641000055],[100.27176632200008,27.588161201000048],[100.27918884900004,27.62043023600006],[100.29780117000007,27.649320399000032],[100.30905265700005,27.690942818000053],[100.33116620900006,27.71295039900008],[100.36049232100004,27.72713322900006],[100.39091749200009,27.75269355200004],[100.41972930200006,27.791023263000056],[100.43654729300005,27.842841496000062],[100.48567581000003,27.88116833500004],[100.53042842500008,27.810226998000076],[100.58862525000006,27.850167079000073],[100.63597866900005,27.886476885000036],[100.67702046900007,27.896156408000024],[100.71769344800003,27.861703479000028],[100.73633524600007,27.810514488000024],[100.73805235000003,27.80578883100003],[100.76065692100008,27.738347786000077],[100.81291736600008,27.68050438000006],[100.86273655900004,27.644944778000024],[100.86564859500004,27.627175642000054],[100.86992917600008,27.56721372800007],[100.88939315500005,27.51837273700005],[100.88724157200005,27.441666413000064],[100.97853233500007,27.457110768000064],[100.99541031500007,27.41253838600005],[101.01347038300008,27.366254456000036],[101.02708465700005,27.343024443000047],[101.04310090800004,27.316379062000067],[101.04788586300003,27.26992555000004],[101.07966162800005,27.22831304400006],[101.15514834100009,27.19064678600006]]]}},{"type":"Feature","properties":{"code":"CN053090","name":"Lincang","label":"Lincang · 临沧市","type":"Prefecture-level city","parentCode":"CN-YN"},"geometry":{"type":"Polygon","coordinates":[[[100.39621857600008,24.762357807000058],[100.43075530800007,24.678831194000054],[100.43758769800007,24.652293789000055],[100.45355632200005,24.628075524000053],[100.47594837900004,24.607717922000063],[100.50492788100007,24.562592804000076],[100.51754428100008,24.537102386000072],[100.53366201600005,24.503344707000053],[100.54994026400004,24.46823209200005],[100.56501825700008,24.442537539000057],[100.53882453100005,24.42661105800005],[100.52135400200007,24.380678500000045],[100.53163029300003,24.33810586900006],[100.53468332600005,24.309777894000035],[100.53822421000007,24.28149705900006],[100.53296579200008,24.24455733600007],[100.53987413700008,24.201157271000056],[100.53347531500003,24.141792919000068],[100.52862544800007,24.113521565000042],[100.50920608700005,24.07961838600005],[100.47822997000009,24.07133440800004],[100.44368345500004,24.07176852300006],[100.40832032000009,24.074834569000075],[100.38131647100005,24.062396458000023],[100.39726486700005,24.033595750000075],[100.41026456900005,24.00083784800006],[100.41841666600004,23.989247092000028],[100.44348855800007,23.868378516000064],[100.37928947000006,23.84764638100006],[100.36720113200005,23.814916651000033],[100.36019656300004,23.780901361000076],[100.36467419200005,23.753129396000077],[100.40395047200008,23.741397263000067],[100.43056126700009,23.728750071000036],[100.44965915000006,23.69387460100006],[100.44166421600005,23.65975050700007],[100.39570081600004,23.64297398900004],[100.35967311500008,23.648676099000056],[100.32416253000008,23.65806634100005],[100.29200351600008,23.671912805000034],[100.25825382100004,23.678740233000042],[100.22812611400008,23.664977732000068],[100.20647814600005,23.63845472500003],[100.19982923500004,23.609912630000053],[100.20948127100007,23.563592389000064],[100.17039840500007,23.462612641000078],[100.14874313200005,23.432859106000024],[100.12764209400007,23.410455316000025],[100.12772209500008,23.383083845000044],[100.12302390500008,23.35472354700005],[100.10764668000007,23.329744452000057],[100.10168924100009,23.28845426500004],[100.11525560300004,23.251147890000027],[100.11148698700003,23.223331775000077],[100.08433367300006,23.202492797000048],[100.02106737700007,23.211131933000047],[99.99479330900004,23.237804504000053],[99.94692804800007,23.24785024700003],[99.92377637000004,23.245654306000063],[99.90222364800007,23.22903188400005],[99.88066899600005,23.21240321500005],[99.85753316600005,23.21019308800004],[99.83279703800008,23.222399985000038],[99.80965900600006,23.220181705000073],[99.76339365600006,23.21572384600006],[99.74186337400005,23.199065907000033],[99.71712708100006,23.211247497000045],[99.68821384900008,23.243672725000067],[99.65669861100008,23.194077986000025],[99.62449479200006,23.18433989600004],[99.57609056400008,23.170534544000077],[99.53105089400003,23.13074517700005],[99.48834508400006,23.083898617000045],[99.48549507300004,23.083840828000064],[99.48115200800004,23.086943908000023],[99.47828883300008,23.086715817000027],[99.47428025400006,23.083613429000025],[99.47273650300008,23.083582127000057],[99.46691663100006,23.08492020600005],[99.46110227300005,23.085262227000044],[99.43950253000008,23.086171557000057],[99.43587821700004,23.087057838000078],[99.43023486800007,23.08876794400004],[99.42553207700007,23.092530176000025],[99.41398886600007,23.09689094500004],[99.40954259100005,23.097831503000066],[99.40449778000004,23.096805439000036],[99.39413030100008,23.100907680000034],[99.38300561600005,23.10752945200005],[99.38286494500005,23.10809213600004],[99.38169195300009,23.10831138700007],[99.36944145500007,23.115603279000027],[99.36918157800005,23.115560086000073],[99.36832904900007,23.11664266300005],[99.36413929000008,23.116300642000056],[99.36315832800005,23.126315848000047],[99.35841043700003,23.13015249700004],[99.35370764700008,23.131178560000023],[99.34857733000007,23.132632150000063],[99.34857733000007,23.137249435000058],[99.34567015100004,23.137505951000037],[99.33737613800008,23.132546645000048],[99.32857137000008,23.13606902500004],[99.32574742000008,23.12656127500003],[99.32207069300006,23.121003432000066],[99.32531989500006,23.116129632000025],[99.32386541900007,23.112521300000026],[99.32070260900008,23.110315273000026],[99.30989125300005,23.10659395500005],[99.30519248500008,23.103289011000072],[99.30486917500008,23.101385076000042],[99.30112190100004,23.102534293000076],[99.29770169000005,23.10424439800005],[99.29635535300008,23.10702503500005],[99.28952992500007,23.108749353000064],[99.27929896800003,23.106845418000034],[99.27502409600004,23.098116056000038],[99.27104379400004,23.100127760000078],[99.26443390600008,23.100630687000034],[99.26112896100005,23.096607277000032],[99.26075219300009,23.09469400000006],[99.20807370600005,23.10288614600006],[99.20817766700009,23.104757430000063],[99.20535599300007,23.109374715000058],[99.20004497700006,23.111623217000044],[99.18970664700004,23.105742448000058],[99.18299099200004,23.10678681400003],[99.18270120700004,23.106881341000076],[99.18250172200004,23.106862901000056],[99.15694097900007,23.110837908000065],[99.12062711500005,23.10789641100007],[99.09091941900004,23.105420803000072],[99.08581961700008,23.105954504000067],[99.07880064700004,23.10949299300006],[99.06974721700004,23.126584469000022],[99.07421277300006,23.14655705800004],[99.06844969300005,23.16914120200005],[99.06107314100007,23.168855243000053],[99.06087091700005,23.17355499200005],[99.05738245200007,23.16871217000005],[98.99363904600006,23.166241097000068],[98.98646248700004,23.167176281000025],[98.97731342200007,23.171366040000066],[98.96859188400003,23.170681998000077],[98.96697535900006,23.17065741300007],[98.96308713900004,23.171539239000026],[98.95445172400008,23.17567446700008],[98.95251689300005,23.180002073000026],[98.94123019500006,23.181883189000075],[98.93875054200004,23.183593294000048],[98.93627089000006,23.181712178000055],[98.93191012100004,23.18162667300004],[98.92703632100006,23.187441032000038],[98.92241903600006,23.188381590000063],[98.91472356000008,23.18658597900003],[98.91121784500007,23.18906563200005],[98.90668606500009,23.188296084000058],[98.90473097400007,23.185205779000057],[98.90419543500008,23.189464258000044],[98.92033343300005,23.219060520000028],[98.94165634500007,23.239003870000033],[98.95429374200006,23.27285132700007],[98.95713880700004,23.305630359000077],[98.94158639800008,23.318793928000048],[98.92776366200007,23.32319551300003],[98.92778026900004,23.32341970400006],[98.92290845700006,23.328192091000062],[98.92119741300007,23.328407388000073],[98.94051441500005,23.36691571600005],[98.94415341800004,23.377511610000056],[98.92096743200005,23.42024796900006],[98.92102933000007,23.42080622700007],[98.92060783900007,23.420910769000045],[98.90660551300004,23.44671982500006],[98.89211351500006,23.47482605400006],[98.88682939800003,23.47990337500005],[98.87738294600007,23.488990684000044],[98.87695844600006,23.488877993000074],[98.87690290400008,23.48895361500007],[98.87414538500008,23.488820136000072],[98.86260163100008,23.48652836100007],[98.85538678300009,23.485679556000036],[98.84919050300005,23.48406682500007],[98.84766265400003,23.482454095000037],[98.84877597500008,23.481396440000026],[98.83638964300008,23.478108261000045],[98.83594053500008,23.47810205600007],[98.83179771200008,23.495160690000034],[98.82500406900004,23.54078345000005],[98.83870341500005,23.550617548000048],[98.87488282500004,23.56381954400007],[98.89321797900004,23.568585975000076],[98.90305030900004,23.585405242000036],[98.88468949700007,23.598130319000063],[98.89063999800004,23.606272768000053],[98.89088856100005,23.61745805000004],[98.87726737200006,23.62511375400004],[98.86429244600004,23.627947359000075],[98.86249245300007,23.629412984000055],[98.85618035100003,23.656335203000026],[98.84005735000005,23.679144250000036],[98.83981407800007,23.68911842400007],[98.83146239900003,23.693741674000023],[98.82943923500005,23.694165591000058],[98.82576232800005,23.699367274000053],[98.82823848300006,23.71909398500003],[98.82615323100003,23.727243353000063],[98.83071134800008,23.72996223000007],[98.82453249600007,23.734804087000043],[98.82378258000006,23.73650326300003],[98.81830703400004,23.75785597400005],[98.80640455700006,23.767018826000026],[98.80776182500006,23.767561734000026],[98.80817314000006,23.76948119700006],[98.79533145400006,23.776413337000065],[98.79285577800005,23.781285148000052],[98.78609489600007,23.784417027000075],[98.77570501200006,23.782875944000068],[98.77451191500006,23.780887450000023],[98.77088291300004,23.779793777000066],[98.75086345600005,23.77661063100004],[98.74858194500007,23.778501256000027],[98.74661321600007,23.78428848300007],[98.73586552300009,23.79102877200006],[98.72824121200006,23.79004687300005],[98.72193440600006,23.792514754000024],[98.71315971600006,23.793063172000075],[98.70616738700005,23.791006604000074],[98.70030193600007,23.786505212000066],[98.69610129300008,23.791764773000068],[98.70750429300006,23.827292372000045],[98.70331070300006,23.867592152000043],[98.71449068600003,23.90493957500007],[98.69662494000005,23.927062085000045],[98.69484995100004,23.93601445200005],[98.69576752800003,23.93695941900006],[98.70456661800006,23.937158268000076],[98.70465923800003,23.94058762000003],[98.69686120100005,23.946901892000028],[98.69807822100006,23.954846489000033],[98.69355035800004,23.956372097000042],[98.69164593600004,23.956402814000057],[98.71362017000007,23.965962945000058],[98.75879583100004,23.97274152400007],[98.80817797200007,24.01699129700006],[98.82362382400004,24.021440237000036],[98.87056913900005,24.04594338100003],[98.89516274600004,24.080982423000023],[98.89470651900007,24.102735164000023],[98.89770114200007,24.106274264000035],[98.89875057100005,24.109995733000062],[98.89521138900005,24.11557807300005],[98.89443639200005,24.115614667000045],[98.89417518500005,24.128068935000044],[98.88813566500005,24.138888242000064],[98.88721797700003,24.14283430200004],[98.88548007800006,24.14529218800004],[98.92744200200008,24.183481157000074],[98.96227637700008,24.205542955000055],[98.98736707600006,24.22045228500008],[99.01634351200005,24.236128836000034],[99.04634398100006,24.24504649200003],[99.09653775500004,24.263559609000026],[99.12448673900008,24.27467176600004],[99.15942315000007,24.292853953000076],[99.18669026100008,24.312564807000058],[99.21421107600008,24.34728826500003],[99.23790443400009,24.38523550000008],[99.26386572300004,24.43096977400006],[99.28159728400004,24.454512273000034],[99.31955522700008,24.46354635600005],[99.34469872200003,24.423511631000054],[99.36354658800008,24.384931231000053],[99.37318210800004,24.343290103000072],[99.37158692200006,24.315046507000034],[99.37479853900004,24.288036454000064],[99.40325532000008,24.25290413600004],[99.45106769200004,24.260110241000064],[99.48078597600005,24.288051824000036],[99.50085495900004,24.31900935400006],[99.52420178100004,24.345409218000043],[99.56643785100005,24.36437696200005],[99.60222556900004,24.385589409000033],[99.61403738900003,24.422541185000057],[99.63735118400007,24.45764271400003],[99.68251273400006,24.459207183000046],[99.67443558300005,24.49141873900004],[99.66532218600008,24.524399905000053],[99.66656395300004,24.56252824300003],[99.67189022200006,24.598601131000066],[99.70014503400006,24.629348770000036],[99.71992453000007,24.655885917000035],[99.74467756400009,24.67647732300003],[99.77418738500006,24.689429940000025],[99.82643786800008,24.70826740700005],[99.84648782500005,24.70970600800007],[99.87531927000003,24.725835991000054],[99.92260919900008,24.759005218000027],[99.96810499400004,24.798859273000062],[100.00030199900004,24.838150735000056],[100.02281082200005,24.863475299000072],[100.04829964000004,24.888910905000046],[100.09198681300006,24.938112833000048],[100.12629097100006,24.966581233000056],[100.14325528400008,24.984869434000075],[100.15726228600005,25.00304225700006],[100.15982461800007,25.033680842000024],[100.19509220600008,25.022936611000034],[100.21942440700008,24.992852305000042],[100.22534038100008,24.917259500000057],[100.21674174500004,24.887729295000042],[100.20509989600004,24.862414865000062],[100.18696412800006,24.822313778000023],[100.18033900500006,24.79298704000007],[100.17177676800009,24.747997922000025],[100.14151493100007,24.728828754000062],[100.11620555900004,24.709733151000023],[100.10566902900007,24.68405224600008],[100.11785252900006,24.655374469000037],[100.15291655500005,24.656447467000078],[100.16487801800008,24.682730943000024],[100.18896333500004,24.711231605000023],[100.21906532200006,24.731728016000034],[100.25279777300005,24.72807494400007],[100.29267427400003,24.738242249000052],[100.33415462300007,24.739929671000027],[100.37185768500007,24.736203653000075],[100.39621857600008,24.762357807000058]]]}},{"type":"Feature","properties":{"code":"CN053100","name":"Nujiang Lisu Autonomous Prefecture","label":"Nujiang Lisu Autonomous Prefecture · 怒江傈僳族自治州","type":"Autonomous prefecture","parentCode":"CN-YN"},"geometry":{"type":"Polygon","coordinates":[[[98.68811387000005,28.16413213800007],[98.71056321400005,28.120782836000046],[98.72044753000006,28.086887997000076],[98.74287049400004,28.06667606700006],[98.77220413700007,28.033203961000027],[98.78176639500003,28.00418002400005],[98.78799894900004,27.97206664600003],[98.79068801400007,27.94228392800005],[98.79280743100009,27.908025114000054],[98.79593892900004,27.874451470000054],[98.79634549000008,27.835130694000043],[98.79543428800008,27.79590973200004],[98.80678842700007,27.76556342600003],[98.84653561400006,27.740866765000078],[98.86525534000003,27.718015838000042],[98.85886773800007,27.68785420300003],[98.84068281200007,27.655383208000046],[98.85991004500005,27.624807232000023],[98.88963253300005,27.58827937600006],[98.90121506900005,27.55835754800006],[98.89857018500004,27.52598585900006],[98.88470155400006,27.488329563000036],[98.88454027600005,27.441628797000078],[98.88769323500009,27.41351840300007],[98.89125317200006,27.376670089000072],[98.90037776800006,27.337617890000047],[98.92668618600004,27.30337188900006],[98.97345899600003,27.279909188000033],[98.99580836700005,27.253656577000072],[98.97940516400007,27.225787437000065],[98.97496530800004,27.184124095000072],[98.96132101200004,27.15640398100004],[98.96796688200004,27.121724792000066],[98.97571281700004,27.083532459000025],[98.97240287100004,27.055198241000028],[98.95225986800006,27.00330641100004],[98.95534318200004,26.96212655200003],[98.99687835500004,26.941703757000028],[99.04444202200006,26.958254380000028],[99.07574570300005,26.964687853000044],[99.12610060100008,26.977064347000066],[99.15567364800006,26.985135224000032],[99.20284599600006,26.989653573000055],[99.24839838500009,27.001947237000024],[99.25920166900005,27.04311167700007],[99.29668248000007,27.024532625000063],[99.31342675500008,26.989334711000026],[99.33705208700007,26.955048401000056],[99.34502744300005,26.910957540000027],[99.37440170600007,26.88779129200003],[99.39791601200005,26.915608705000068],[99.41931980900006,26.93861184000008],[99.44659254500004,26.963105421000023],[99.49061458700004,26.904260472000033],[99.51519299000006,26.86962561200005],[99.53264871700009,26.845232835000047],[99.56404775300007,26.792992610000056],[99.56628049600005,26.743419591000077],[99.59798484700008,26.70633623300006],[99.59463181500007,26.639169971000058],[99.56020280700005,26.61609991800003],[99.53956696500006,26.576998875000072],[99.52834063500006,26.54478325200006],[99.51781635900005,26.49378290900006],[99.51223727900003,26.460978477000026],[99.50559040300004,26.413534924000032],[99.48909120600007,26.378207374000056],[99.47095000300004,26.350364066000054],[99.42540331500004,26.322889002000068],[99.38850305900007,26.322826664000047],[99.34734034700006,26.31011271600005],[99.31964111800005,26.285250547000032],[99.31651493900006,26.25229297900006],[99.29597406200008,26.223891449000064],[99.26329304400008,26.211543964000043],[99.20927879100003,26.186108881000052],[99.17766886700008,26.164193413000078],[99.18567870200008,26.12752991900004],[99.15500493200005,26.109359319000077],[99.12382718500004,26.126807178000035],[99.09514138100008,26.14278747900005],[99.05789402200008,26.150608589000058],[99.02553370500004,26.136567773000024],[99.01517341700009,26.091708161000042],[99.01242149900008,26.05812276100005],[99.01506085200003,26.017842554000026],[99.01063723000004,25.97300937600005],[98.99772883100007,25.93460948300003],[98.98200948800007,25.911547067000072],[98.98591861900007,25.878015426000047],[98.99643281400006,25.84813411300007],[98.98286639600008,25.81585782800005],[98.98489289400004,25.78348022800003],[99.02317936900005,25.768302136000045],[99.05128765400008,25.74921750900006],[99.02456555800006,25.72022389700004],[98.98659571000007,25.721172908000028],[98.94441204900005,25.741922656000042],[98.91244565300008,25.767053430000033],[98.88527679400005,25.78364376500008],[98.86291877200006,25.760504008000055],[98.88597927200004,25.72843155000004],[98.90447934600007,25.68573169700005],[98.90411287200004,25.652699898000037],[98.87754084700003,25.62788344100005],[98.88548697100003,25.598171230000048],[98.88779319100007,25.570698519000075],[98.84211876200004,25.554205479000075],[98.80598700400009,25.555839382000045],[98.77698038500006,25.59147927600003],[98.76071715300009,25.625440105000052],[98.76089639400004,25.66960266500007],[98.75826304800006,25.696595933000026],[98.74876571300007,25.736417467000024],[98.73755485500004,25.770761453000034],[98.72552091600005,25.80682443300003],[98.71149117500005,25.841396793000058],[98.71591713300006,25.845374401000072],[98.73666812300007,25.881643050000037],[98.69224669100004,25.93121931400003],[98.67272591200003,25.95490709300003],[98.64071317200006,25.98001768900008],[98.62002653900004,26.004491888000075],[98.61245334600005,26.053373531000034],[98.60061275700008,26.055973902000062],[98.60093946400008,26.063243172000057],[98.59741148000006,26.066328283000075],[98.59349897900006,26.075247154000067],[98.59079359900005,26.07330483000004],[98.58692512900006,26.086460620000025],[98.58605319900005,26.09565551000003],[98.58577218900007,26.12227887100005],[98.58405849500008,26.13115891700005],[98.58476085200004,26.13275518300003],[98.58567835000008,26.139361173000054],[98.58274235500005,26.143275833000075],[98.58282461400006,26.146220266000057],[98.59021373800005,26.144610171000068],[98.60361601500006,26.132916028000068],[98.61084273300008,26.13482125300004],[98.61590143500007,26.142573550000066],[98.62391652200006,26.143559012000026],[98.62562465500008,26.144938658000058],[98.62601883900004,26.148289227000078],[98.63118192400003,26.15128729500003],[98.64342865900005,26.148617714000068],[98.64723911000004,26.147697950000065],[98.65505710300005,26.143756104000033],[98.66241401000008,26.134381820000044],[98.66179127300006,26.130169188000025],[98.66747391900009,26.123718388000043],[98.66484602200006,26.11320679800008],[98.65981316800008,26.109985187000063],[98.65768500000007,26.10617717300005],[98.65790832600004,26.098006660000067],[98.66096987300006,26.091001067000036],[98.66891926200003,26.091460949000066],[98.67043030200006,26.095665584000074],[98.67444382300005,26.099984765000045],[98.68028491800004,26.099016153000036],[98.68830000500009,26.105257409000046],[98.69007383400003,26.111235876000023],[98.69355085500007,26.114875503000064],[98.70157088600007,26.11208994200007],[98.70354717900005,26.119068731000027],[98.70776552100006,26.099421221000057],[98.74647565200007,26.147675853000067],[98.75803114300004,26.176489615000037],[98.74839822600006,26.21041850900008],[98.72993026800003,26.248928684000077],[98.70215616300004,26.257019126000046],[98.71507599900008,26.321828664000066],[98.74608543600004,26.359117936000075],[98.75999051300005,26.384324926000033],[98.76762817800005,26.39815481900007],[98.76222650400007,26.461917283000048],[98.76902624700006,26.51133322800007],[98.77914750600007,26.543630050000047],[98.79610021700006,26.57112763200007],[98.79868802800007,26.61365410600007],[98.79243124600004,26.645146142000044],[98.79109422100004,26.670722870000077],[98.77344199600009,26.71020022700003],[98.78121427000008,26.764394825000068],[98.78146516500004,26.766131897000037],[98.78322545800006,26.79936931900005],[98.78408794400008,26.831589808000047],[98.75326620400006,26.86875705500006],[98.78561012100005,26.92078169200005],[98.76450343600004,26.947030013000074],[98.75556271000005,26.98280261700006],[98.78957760300005,27.03039283100003],[98.78486667400006,27.050085859000035],[98.76048452400005,27.05829625800004],[98.75554981200008,27.062695173000066],[98.74691614700004,27.072383631000037],[98.74067737500008,27.07544999000004],[98.73405757300009,27.072859994000055],[98.72355900500008,27.14368306800003],[98.72165161500004,27.16549952400004],[98.73210014900008,27.18034851500005],[98.72012781700005,27.223020555000062],[98.72389268500007,27.224212828000077],[98.72415828000004,27.227665565000052],[98.74264869500007,27.248394447000067],[98.74657404800007,27.280898628000045],[98.74876601900007,27.303134127000078],[98.74002865100005,27.32834169000006],[98.74163505200005,27.33219443300004],[98.73742038200004,27.335866620000047],[98.73290436400004,27.348895466000045],[98.73675960600008,27.35300213800008],[98.73112587700007,27.354026452000028],[98.71809673500007,27.391615907000073],[98.71823199800008,27.413632895000035],[98.71012957500005,27.45036872000003],[98.71098091700009,27.455416117000027],[98.71359555800007,27.470893026000056],[98.72182045000005,27.533148572000073],[98.72467538900008,27.55818834300004],[98.71815584700005,27.58316480800005],[98.69278756900007,27.593355423000048],[98.67344195700008,27.586763586000075],[98.66893867600004,27.589374183000075],[98.66497663600006,27.58995407900005],[98.65988427800005,27.588068260000057],[98.65626976200008,27.584686700000077],[98.65380702000004,27.580353220000063],[98.63273426100005,27.574608114000057],[98.62151203100007,27.57931467000003],[98.61629134600008,27.577857118000054],[98.59684360000006,27.61631215500006],[98.56665854300007,27.646123540000076],[98.56306311900005,27.643522631000053],[98.55784816800008,27.64866308300003],[98.55387312700003,27.649937806000025],[98.55105737000008,27.648576021000054],[98.54949026300005,27.642568776000076],[98.53756283200005,27.638651007000078],[98.53706235400006,27.631052832000023],[98.45887284100007,27.658776900000078],[98.45865885600006,27.659314368000025],[98.45163310700008,27.661374066000064],[98.44579998400008,27.666858942000033],[98.44523765800005,27.668959572000063],[98.44253700100006,27.669123746000025],[98.43308900100004,27.666510696000046],[98.43051127700005,27.658370369000068],[98.43527231500008,27.650982553000063],[98.43335018600004,27.642568776000076],[98.43892212300005,27.63630034600004],[98.43962291700007,27.628737018000038],[98.42934535600006,27.613751411000067],[98.43367162000004,27.611088347000077],[98.43413373900006,27.60417464300008],[98.42943241700004,27.59546849000003],[98.43075753800008,27.59165428600005],[98.43352430900006,27.586849399000073],[98.43449249000008,27.572897442000055],[98.43378549400006,27.56847941700005],[98.43152189300008,27.557422603000077],[98.42858223700006,27.551534341000036],[98.41017836700007,27.548661302000028],[98.40088114500008,27.542583824000076],[98.40009268300008,27.53713726700005],[98.39375590200007,27.523393859000066],[98.35923813600004,27.525110663000078],[98.33181059500004,27.54233746700004],[98.31691846800004,27.611321170000053],[98.29040266700008,27.66621317700003],[98.26075034500008,27.698763859000053],[98.26913769400005,27.720748161000074],[98.24529464200003,27.742692394000073],[98.24302809300008,27.748564642000076],[98.24158727000008,27.74934784000004],[98.24244359900007,27.783848504000048],[98.23589825000005,27.815212217000067],[98.20257007500004,27.851008809000064],[98.21471360100008,27.91278494000005],[98.20467194000008,27.939183284000023],[98.18856071900007,27.956678513000043],[98.16535070100008,27.965156987000057],[98.16121655400008,28.023331666000047],[98.16806286800005,28.085428396000054],[98.18111241500009,28.11156287500006],[98.18109008600004,28.144350003000056],[98.18109049300006,28.145930900000053],[98.18952685300007,28.159953021000035],[98.20255188000004,28.192855615000042],[98.21086341800009,28.200025123000046],[98.22474670700007,28.20416894600004],[98.25607388000009,28.20921232300003],[98.28543811000009,28.24378261100003],[98.27759907500007,28.27091031300006],[98.25551354700008,28.303776070000026],[98.24142180900009,28.35367897200007],[98.23535015100003,28.382782011000074],[98.27490825600006,28.388661075000073],[98.31050324900008,28.408844604000024],[98.33498878600005,28.411036421000063],[98.35507515500007,28.38516693200006],[98.38436483400005,28.314287233000073],[98.41096217400008,28.26294305600004],[98.40600789200005,28.215585057000055],[98.41262806500004,28.120731258000035],[98.46932024100005,28.121096628000032],[98.52610177900004,28.159287148000033],[98.57389151500007,28.195634595000058],[98.63287024800007,28.179021533000025],[98.68516851400005,28.158111278000035],[98.68811387000005,28.16413213800007]]]}},{"type":"Feature","properties":{"code":"CN053110","name":"Pu'er","label":"Pu'er · 普洱市","type":"Prefecture-level city","parentCode":"CN-YN"},"geometry":{"type":"Polygon","coordinates":[[[100.74605614000006,24.84321297500003],[100.75526796600008,24.812835392000068],[100.77979190300005,24.779019036000022],[100.81826013400007,24.76886809100006],[100.86188838100009,24.773291958000073],[100.92708070400005,24.76761927700005],[100.95866072800004,24.736296698000046],[100.96649215800005,24.708482682000067],[100.98688350900005,24.679201544000023],[101.00498760800008,24.65240949300005],[101.01410028900005,24.621992357000067],[101.03771821600009,24.60256054900003],[101.05981018000006,24.57115779700007],[101.06384722200005,24.541588082000033],[101.10209267000005,24.482260712000027],[101.12729070300009,24.457509404000064],[101.16001697000007,24.435770003000073],[101.18478319500008,24.405964019000066],[101.19859724100007,24.37688739600003],[101.22748923700004,24.357923562000053],[101.29308791200003,24.32892595000004],[101.30879254600006,24.300016135000078],[101.32294729300008,24.27595175500005],[101.34626368400006,24.232326312000055],[101.36879479200007,24.19089152300006],[101.39088685200005,24.15758296200005],[101.41251463100008,24.123771874000056],[101.42138379200009,24.093718479000074],[101.42983158400006,24.067256774000043],[101.44951992100005,24.041426371000057],[101.47599343000007,24.029432549000035],[101.49806513800007,23.99109029500005],[101.50549316700005,23.943141601000036],[101.49856368600007,23.913364740000077],[101.47910953100006,23.890104975000042],[101.44271520900008,23.864740518000076],[101.39568447500005,23.851058984000076],[101.42494406500003,23.827065290000064],[101.40494607500005,23.77460171000007],[101.41866760200008,23.749083839000036],[101.45127137900005,23.76409225200007],[101.48803743700006,23.77721333900007],[101.51591673000007,23.79083247500006],[101.55254822900008,23.796634909000034],[101.57463940300005,23.765994127000056],[101.58653046200004,23.72572192900003],[101.59258559400007,23.698080796000056],[101.60900594200007,23.669614323000076],[101.64653119700006,23.671380012000043],[101.68641822400008,23.69156416900006],[101.69554187700004,23.635989119000044],[101.71002456300005,23.593664276000027],[101.73965783800008,23.569155411000054],[101.75142327100008,23.53793913000004],[101.76454659800004,23.503209883000068],[101.75077887000003,23.477313938000066],[101.74383787900007,23.438396069000078],[101.76041918300007,23.407625901000074],[101.79544053100005,23.40000511200003],[101.82846341700008,23.397197453000047],[101.88320379000004,23.38339047000005],[101.87668183900007,23.32655627200006],[101.85247091700006,23.30696707800007],[101.83005960900005,23.284354204000067],[101.82273950100006,23.257690548000028],[101.82641763700008,23.228410196000027],[101.84525636300003,23.194177257000035],[101.88028815200005,23.18106442900006],[101.92273308400007,23.18959638800004],[101.96536986400008,23.196308560000034],[102.00314082300008,23.19388931000003],[102.02431682000008,23.164402755000026],[102.04610667900005,23.142714660000024],[102.04739854500008,23.08038096200005],[102.04083102800007,23.041473521000057],[102.00574752900008,23.014961910000068],[101.97001178200009,23.01711098800007],[101.93748950800006,23.043715638000037],[101.90184137600005,23.054057534000037],[101.85992762500007,23.032329055000048],[101.85396564500007,23.002118778000067],[101.85685961700005,22.970918492000067],[101.83279341200006,22.95085313100003],[101.83227332500007,22.919778076000057],[101.80290823600006,22.85132419000007],[101.82554389000006,22.830650453000032],[101.85927911500005,22.801441976000035],[101.89295930300005,22.79503724600005],[101.92978770800005,22.804436580000072],[101.97668487800007,22.792397222000034],[101.99599977900004,22.765901536000058],[102.03450288300007,22.72749514900005],[102.06540201400009,22.70114794400007],[102.07440733400006,22.670939820000058],[102.08532564500007,22.640903710000032],[102.10890498300006,22.623905060000027],[102.14335788600005,22.609276788000045],[102.17325896100004,22.601068360000056],[102.21831463400008,22.600629473000026],[102.24937039700006,22.599812749000023],[102.29555664800006,22.574330623000037],[102.31595906900009,22.55471982000006],[102.32144477500003,22.554569635000064],[102.32230456400004,22.551592993000042],[102.32155385400006,22.548590146000038],[102.31154436600008,22.541083031000028],[102.30003345500006,22.531323780000037],[102.29102491600008,22.51355693900007],[102.28827230600007,22.504548400000033],[102.28426851100005,22.504047926000055],[102.27876329300005,22.49979389400005],[102.27626092100007,22.49378820100003],[102.26460364800005,22.48787042200007],[102.26981285100004,22.480256970000028],[102.25418523900004,22.470639978000065],[102.24456824800006,22.46743431400006],[102.24857532800007,22.46302652600008],[102.24857532800007,22.457015907000027],[102.25578807200009,22.44980316300007],[102.26420294000008,22.432172011000034],[102.26420294000008,22.428498628000057],[102.23950453300006,22.428039245000036],[102.23414984100003,22.431771303000062],[102.22768218800007,22.43388247300004],[102.20165101200007,22.43617934100007],[102.19552603000005,22.441028286000062],[102.18633855600007,22.44434598500004],[102.18302085700009,22.440517871000054],[102.17536462700008,22.440517871000054],[102.16949485300006,22.437965795000025],[102.16439070000007,22.437710587000026],[102.15341677300006,22.442049116000078],[102.15009907400008,22.426736660000074],[102.14703658200006,22.421377300000074],[102.14593809900003,22.420553437000024],[102.13082357500008,22.442803025000046],[102.09395033100009,22.44916416500007],[102.05740617100008,22.451831292000065],[102.05470378500007,22.451615789000073],[102.04970839400005,22.457961286000057],[102.04461803700008,22.45875665400007],[102.04048212300006,22.455893329000048],[102.00866739700007,22.455734256000028],[102.00548592500007,22.453348151000057],[101.99937620100008,22.442818626000076],[101.95022791900004,22.44324987500005],[101.94397841700004,22.439086812000028],[101.91247189000006,22.44129779700006],[101.91158252400004,22.431350175000034],[101.91413115500006,22.42519098500003],[101.91054873000007,22.413553711000077],[101.91243206700005,22.406076260000077],[101.91009582400005,22.399279913000044],[101.90914333400008,22.397991250000075],[101.89225710600005,22.40144781600003],[101.87193625400005,22.409074662000023],[101.85947094500006,22.437752943000078],[101.84048012500006,22.473315962000072],[101.81303087000003,22.504471281000065],[101.78259542500007,22.51496438500004],[101.75898985700007,22.504675448000057],[101.73946049900007,22.499278436000054],[101.73754029200006,22.49960832900007],[101.73670185500004,22.498516074000065],[101.73027698500005,22.49674053700005],[101.71068041700005,22.485839266000028],[101.69348185700005,22.480704067000033],[101.69558755000008,22.472758655000064],[101.69240033600005,22.47255302800005],[101.68997117300006,22.46278062400006],[101.67877322600003,22.46019547700007],[101.66650758700007,22.44821508600006],[101.66907481400006,22.44108390100007],[101.66479610300007,22.434523211000055],[101.66479610200008,22.428533015000028],[101.66821907200006,22.419119850000072],[101.65538293900005,22.414555892000067],[101.64397304100004,22.41769361300004],[101.65538293900005,22.394303326000056],[101.66108788600008,22.386031151000054],[101.66736333000006,22.38346392400007],[101.66907481400006,22.37975570800006],[101.66878956600004,22.368060564000075],[101.66135724900005,22.365357903000074],[101.65748719900006,22.364523098000063],[101.64996323700007,22.364067100000057],[101.64905457200007,22.362704103000056],[101.60696006700005,22.353623931000072],[101.56867567300009,22.380974171000048],[101.53978300600005,22.40191933500006],[101.54216881900004,22.41797477700004],[101.49549534300007,22.478487735000044],[101.48935412600008,22.51171081900003],[101.47128484600006,22.565233309000064],[101.42907069300009,22.621845273000076],[101.37490732200007,22.586761159000048],[101.34120157200005,22.563747600000056],[101.31191040100003,22.55304657100004],[101.27011010500007,22.550222638000037],[101.23693445800006,22.552367567000033],[101.18764921700006,22.551496239000073],[101.15069404800005,22.55277232000003],[101.10984053600004,22.562781421000068],[101.07445326300007,22.587966591000054],[101.05160371600005,22.609395980000045],[101.01914298000008,22.596917225000027],[100.97807496600007,22.591767181000023],[100.94977366600006,22.601642772000048],[100.92658098200008,22.568143105000047],[100.89770622500004,22.582974770000078],[100.86062685000007,22.589169817000027],[100.82635446900008,22.608447547000026],[100.78972382800004,22.59865549600005],[100.79836973500005,22.570753513000057],[100.78133876200008,22.547008695000045],[100.74686548000005,22.535595528000044],[100.69235757200005,22.52158873700006],[100.65938548100007,22.50984756400004],[100.62909911700007,22.491976265000062],[100.58546022400009,22.474044811000056],[100.53586038600008,22.51399943200005],[100.51015306700003,22.498417092000068],[100.47555748300005,22.468588942000054],[100.45123696300004,22.453593364000028],[100.39940523400008,22.45390012200005],[100.36280898800004,22.45219184700005],[100.34591038300005,22.420583297000064],[100.37126465600005,22.407335174000025],[100.39703662100004,22.39458782500003],[100.40015225000008,22.361502619000078],[100.37532238200004,22.32352687300005],[100.36480350200009,22.291228672000045],[100.34028232300005,22.262882770000033],[100.31019405500007,22.298964651000063],[100.27229514900006,22.296612715000037],[100.24434992600004,22.311383343000045],[100.20814455300007,22.322479402000056],[100.19224235800004,22.295059695000077],[100.17640215000006,22.267179990000045],[100.14823177700003,22.256701348000036],[100.10604423300003,22.246390363000046],[100.07435380600003,22.214169549000076],[100.04828752500003,22.160021906000054],[100.02448989200008,22.13127894200005],[100.00630847800005,22.107301389000042],[99.98408804700006,22.080464300000074],[99.96987464400007,22.05922522000003],[99.96905019700006,22.059201513000062],[99.96261267100004,22.05268787800003],[99.95491438600004,22.053623748000064],[99.94896708400006,22.056159654000055],[99.94235561700003,22.059540861000073],[99.93831024300005,22.061925820000056],[99.93420449200005,22.061925820000056],[99.92760724800007,22.061333654000066],[99.92408816500006,22.058114068000066],[99.92303937600008,22.057945435000022],[99.92110768700007,22.058745139000052],[99.91410265000007,22.05875306200005],[99.90777309800006,22.06286857300006],[99.90627561600007,22.06769795200006],[99.90392457300004,22.069563725000023],[99.87902893200004,22.07069291600004],[99.87466102800005,22.068919686000072],[99.86203251300009,22.05955539400003],[99.86517722500008,22.051450273000057],[99.86870366300008,22.046861334000027],[99.87281438200006,22.043738241000028],[99.87835506500005,22.042652566000072],[99.87832400300005,22.038810840000053],[99.86869630700005,22.037636002000056],[99.86663727000007,22.03501540800005],[99.86588599100008,22.028989238000065],[99.86240299400004,22.028089845000068],[99.84029715300005,22.045929589000025],[99.82064633500005,22.05510498900003],[99.77647678400007,22.064572344000055],[99.76622624000004,22.065619079000044],[99.76589886100004,22.065860498000063],[99.76247740200006,22.070489532000067],[99.75586852800006,22.07357556900007],[99.74263536100005,22.07437376100006],[99.73564281600005,22.06958012900003],[99.73281133300009,22.068557414000054],[99.72806154200003,22.069442968000033],[99.72069020400005,22.06579799800005],[99.71840333400007,22.061532106000072],[99.72148181400007,22.057266214000038],[99.72130590100005,22.051329147000047],[99.72056448000006,22.049410176000038],[99.70967134900008,22.057735579000052],[99.70562534900006,22.07594298600003],[99.66268487500008,22.08871709700003],[99.66060709100003,22.090975558000025],[99.65185541500006,22.092404852000072],[99.64926069700005,22.10001309300003],[99.65141563300006,22.105598333000046],[99.64211862700006,22.105818224000075],[99.63464232000007,22.104235007000057],[99.63035852700006,22.102526046000037],[99.61960645900007,22.108041124000067],[99.60126595500009,22.11083658800004],[99.60054905000004,22.11246341100008],[99.59594144300007,22.115273552000076],[99.59235260200006,22.115560927000047],[99.59118183800007,22.11330612200004],[99.59151488200007,22.112322848000076],[99.56870890200008,22.115798941000037],[99.56385812500008,22.113635268000053],[99.56150645700006,22.11786827000003],[99.55636099900005,22.113602378000053],[99.55390255600008,22.10919462000004],[99.55383572500006,22.10916481000004],[99.54352312400005,22.111255845000073],[99.53446861600008,22.108852725000077],[99.53007997200007,22.104096863000052],[99.50683261600005,22.13355351000007],[99.49410080300004,22.126938361000043],[99.48562056100008,22.126763780000033],[99.48345382200006,22.130138208000062],[99.48473473800004,22.134862732000045],[99.48037534200006,22.136515057000054],[99.47330363700007,22.13611925300006],[99.46235304800007,22.126356077000025],[99.45651495100009,22.119171012000038],[99.44980800600007,22.114868443000034],[99.44528947800006,22.11314060600006],[99.44106756400004,22.114064150000047],[99.43562305500006,22.111029649000045],[99.43432732300005,22.10593641300005],[99.42971123300003,22.105756992000067],[99.42740934000005,22.108857502000035],[99.42440859500005,22.110194062000062],[99.41437508800004,22.10892077500006],[99.41403206900009,22.10514756400005],[99.39946026500007,22.104581178000046],[99.38455210800004,22.103005761000077],[99.38174967400005,22.103993126000034],[99.37554873800008,22.10579623500007],[99.36402643100007,22.10671977900006],[99.36376256000005,22.102585821000048],[99.36328667300006,22.10179267500007],[99.34480114500008,22.10252340900007],[99.32079964200005,22.106491079000023],[99.29780256400005,22.109111651000035],[99.29519206200007,22.112175715000035],[99.29291818100006,22.11322843800008],[99.28588733900006,22.110522802000048],[99.23500240400006,22.118749898000033],[99.22399133000005,22.122973194000053],[99.22360130300007,22.123450778000063],[99.22020336500003,22.12501650100006],[99.21920338600006,22.124809609000067],[99.21418715500005,22.126733583000032],[99.21344235800007,22.13096223900004],[99.20816141200004,22.12976214300005],[99.18993570100008,22.14278657400007],[99.18171581600006,22.154008203000046],[99.18794657300003,22.166691532000073],[99.19472599600005,22.16817026500007],[99.19981786800008,22.17130961500004],[99.20115783500006,22.173798125000076],[99.20020071600004,22.174984952000045],[99.19464942600007,22.174372396000024],[99.19423513700008,22.172675127000048],[99.19062952700006,22.171079907000035],[99.19020972600003,22.171298406000062],[99.21165805200008,22.21495862000006],[99.24278484700005,22.249946633000036],[99.25983708700005,22.279694217000042],[99.27473927800008,22.311066421000078],[99.28262932200005,22.34355011400004],[99.28388780000006,22.398580653000067],[99.29327519000003,22.41267057400006],[99.29696118400005,22.414717694000046],[99.30996311700005,22.430382571000052],[99.30950390300006,22.43331625600007],[99.31809510500005,22.442644537000035],[99.32053042200005,22.443761465000023],[99.32588957500008,22.44447136200006],[99.33416662300004,22.449142417000076],[99.33714529400004,22.455191095000032],[99.34537651800008,22.46139322500005],[99.35096609100003,22.470619852000027],[99.35470512200004,22.472701511000025],[99.38467444700007,22.485510014000056],[99.38926354300008,22.517971334000038],[99.39001623600006,22.523269353000046],[99.39242554800006,22.577448595000078],[99.39401799800004,22.59713825500006],[99.37849668200005,22.628042407000066],[99.35985815500004,22.658574763000047],[99.36135212700003,22.663979426000026],[99.35647909700003,22.667556646000037],[99.35348436400005,22.66920731600004],[99.34875150400006,22.678826395000044],[99.34882214600003,22.679539775000023],[99.34652506000003,22.688996110000062],[99.34310368200005,22.695713674000046],[99.34062920800005,22.69983069700004],[99.34143318700006,22.702127782000048],[99.33936581000006,22.710971561000065],[99.33473335400004,22.714876607000065],[99.33351184000009,22.71514909900003],[99.34626901800004,22.73246233900005],[99.36042061100005,22.754390286000046],[99.38521743900009,22.761636848000023],[99.39821648500003,22.768572420000055],[99.41312616600004,22.80078582300007],[99.42946187100006,22.829427345000056],[99.45288110900003,22.831866285000046],[99.46848857900005,22.85020595800006],[99.46498030700008,22.89627168900006],[99.46474733500008,22.923174068000037],[99.47310629500004,22.928890273000036],[99.48319346100004,22.921533917000033],[99.48680695000007,22.917171686000074],[99.49579184200007,22.91199560800004],[99.50118489600004,22.910210583000037],[99.50751810500009,22.904391754000073],[99.51892872900004,22.905834425000023],[99.52491461200003,22.902424745000076],[99.53651792500006,22.90074184200006],[99.54485065400007,22.908219349000035],[99.55242190700005,22.905359127000054],[99.55703919200005,22.906470696000042],[99.56059374700004,22.909163413000044],[99.56069292000006,22.910803877000035],[99.56503279900005,22.911250691000077],[99.57253146400006,22.931514140000047],[99.56373872400007,22.94365693000003],[99.56246064100009,22.94542262400006],[99.56270324400003,22.946681847000036],[99.56052212800006,22.950718538000046],[99.55420666100008,22.95941044400007],[99.55106658700004,22.961368943000025],[99.53877486400006,22.991164726000022],[99.53768998200007,23.017040482000027],[99.54529949300007,23.044734724000023],[99.54063840300006,23.075807662000045],[99.52769369200007,23.08467967100006],[99.51131562100005,23.08435457300004],[99.51049416200004,23.084680740000067],[99.50943276500004,23.084317199000054],[99.48834508400006,23.083898617000045],[99.53105089400003,23.13074517700005],[99.57609056400008,23.170534544000077],[99.62449479200006,23.18433989600004],[99.65669861100008,23.194077986000025],[99.68821384900008,23.243672725000067],[99.71712708100006,23.211247497000045],[99.74186337400005,23.199065907000033],[99.76339365600006,23.21572384600006],[99.80965900600006,23.220181705000073],[99.83279703800008,23.222399985000038],[99.85753316600005,23.21019308800004],[99.88066899600005,23.21240321500005],[99.90222364800007,23.22903188400005],[99.92377637000004,23.245654306000063],[99.94692804800007,23.24785024700003],[99.99479330900004,23.237804504000053],[100.02106737700007,23.211131933000047],[100.08433367300006,23.202492797000048],[100.11148698700003,23.223331775000077],[100.11525560300004,23.251147890000027],[100.10168924100009,23.28845426500004],[100.10764668000007,23.329744452000057],[100.12302390500008,23.35472354700005],[100.12772209500008,23.383083845000044],[100.12764209400007,23.410455316000025],[100.14874313200005,23.432859106000024],[100.17039840500007,23.462612641000078],[100.20948127100007,23.563592389000064],[100.19982923500004,23.609912630000053],[100.20647814600005,23.63845472500003],[100.22812611400008,23.664977732000068],[100.25825382100004,23.678740233000042],[100.29200351600008,23.671912805000034],[100.32416253000008,23.65806634100005],[100.35967311500008,23.648676099000056],[100.39570081600004,23.64297398900004],[100.44166421600005,23.65975050700007],[100.44965915000006,23.69387460100006],[100.43056126700009,23.728750071000036],[100.40395047200008,23.741397263000067],[100.36467419200005,23.753129396000077],[100.36019656300004,23.780901361000076],[100.36720113200005,23.814916651000033],[100.37928947000006,23.84764638100006],[100.44348855800007,23.868378516000064],[100.41841666600004,23.989247092000028],[100.41026456900005,24.00083784800006],[100.39726486700005,24.033595750000075],[100.38131647100005,24.062396458000023],[100.40832032000009,24.074834569000075],[100.44368345500004,24.07176852300006],[100.47822997000009,24.07133440800004],[100.50920608700005,24.07961838600005],[100.52862544800007,24.113521565000042],[100.53347531500003,24.141792919000068],[100.53987413700008,24.201157271000056],[100.53296579200008,24.24455733600007],[100.53822421000007,24.28149705900006],[100.53468332600005,24.309777894000035],[100.53163029300003,24.33810586900006],[100.52135400200007,24.380678500000045],[100.53882453100005,24.42661105800005],[100.56501825700008,24.442537539000057],[100.54994026400004,24.46823209200005],[100.53366201600005,24.503344707000053],[100.51754428100008,24.537102386000072],[100.50492788100007,24.562592804000076],[100.47594837900004,24.607717922000063],[100.45355632200005,24.628075524000053],[100.43758769800007,24.652293789000055],[100.43075530800007,24.678831194000054],[100.39621857600008,24.762357807000058],[100.45265308900008,24.759670757000038],[100.49872472000004,24.772221459000036],[100.53365147100004,24.75498573300007],[100.57041459600003,24.738832915000046],[100.60166199500009,24.754796068000076],[100.62184870500005,24.791847482000037],[100.63924326800009,24.819527270000037],[100.67908661100006,24.870386531000065],[100.69796655700009,24.84645538600006],[100.74605614000006,24.84321297500003]]]}},{"type":"Feature","properties":{"code":"CN053120","name":"Qujing","label":"Qujing · 曲靖市","type":"Prefecture-level city","parentCode":"CN-YN"},"geometry":{"type":"Polygon","coordinates":[[[104.56359335000008,26.585635040000057],[104.58054034200006,26.57208876800007],[104.62422572200006,26.516716952000024],[104.64072753800008,26.51032578400003],[104.64875182300005,26.510710859000028],[104.65765145600005,26.49676511000007],[104.65984099300005,26.460935973000062],[104.67762586000003,26.43303768000004],[104.68256729500007,26.41078506300005],[104.61209301300005,26.314693937000072],[104.58880484200006,26.282887134000077],[104.53023183900007,26.17460998400003],[104.47109734900005,26.029274651000037],[104.46901653700007,25.998516653000024],[104.46669189200009,25.98379882000006],[104.45468747400008,25.90762961100006],[104.43667998700005,25.85982370000005],[104.42208986400004,25.75805230800006],[104.35235440200006,25.739172110000027],[104.32054602000005,25.674369899000055],[104.36828743300003,25.598287619000075],[104.43945983500004,25.576620665000064],[104.43045166000007,25.49762025600006],[104.44375975000008,25.475718508000057],[104.52914740400007,25.528749179000044],[104.56103239200007,25.447256612000047],[104.54591976800003,25.401354446000028],[104.54838238700006,25.39938750700003],[104.60970639400006,25.350306225000054],[104.65575345600007,25.26221985500007],[104.74221727300005,25.29529910100007],[104.80752414100004,25.283051085000068],[104.81609718700008,25.203946748000078],[104.79162340700009,25.163933163000024],[104.74644816900008,25.147414815000047],[104.73191081700008,25.12507148700007],[104.70990116700006,25.09514897500003],[104.69409606200009,25.09438353400003],[104.67038118100004,25.09323069800007],[104.64895224700007,25.09296131900004],[104.62906907800004,25.078358611000056],[104.65614805100006,25.03990671200006],[104.70422404700008,24.997938041000054],[104.66982747400004,24.926635685000065],[104.60993285500007,24.869424111000058],[104.55721824800008,24.825194959000044],[104.54533749100005,24.760357037000063],[104.56288877700007,24.742376941000032],[104.55901562700006,24.73027155400007],[104.53395592900006,24.71996768100007],[104.50755950200005,24.683338715000048],[104.50537127700005,24.57057631200007],[104.50494003000006,24.548307015000034],[104.54271779300007,24.494060766000075],[104.54049212300004,24.445529770000064],[104.51379168700004,24.44035255500006],[104.49887790400004,24.440621588000056],[104.45618506400007,24.444510577000074],[104.42586126400005,24.42975678600004],[104.40959440000006,24.405992187000038],[104.39099621700007,24.380707806000032],[104.35955575400004,24.391675247000023],[104.32354532600004,24.38057148000007],[104.28396247400008,24.36512810100004],[104.25026784200008,24.355972073000032],[104.23288856700003,24.38102666800006],[104.24077024100006,24.41012382100007],[104.22055172700004,24.445394472000032],[104.18605708500007,24.451117257000078],[104.15586333200008,24.45260029800005],[104.12292678800009,24.45161759700005],[104.08259072400006,24.45054456300005],[104.05361931600004,24.460698524000065],[104.02336295300006,24.515109653000025],[104.02528033600004,24.55555558700007],[104.00133658800007,24.586886640000046],[103.98152436900006,24.615794591000054],[103.98331679800003,24.66301069000008],[103.95292629000005,24.677105527000037],[103.92548501900006,24.691406378000067],[103.88524133200008,24.68801413400007],[103.86279952000007,24.718058343000052],[103.85250428800003,24.750348116000055],[103.82341855900006,24.760428902000058],[103.77938876900004,24.754909705000046],[103.74032473000005,24.754719900000055],[103.72433813100008,24.800153996000063],[103.68271559900006,24.778934351000032],[103.65817545300007,24.79836523700004],[103.65928144700007,24.82967994300003],[103.66747302500005,24.864693510000052],[103.66304556100005,24.913234525000064],[103.63272477600003,24.924982012000044],[103.59925790800008,24.91702441800004],[103.56487448400009,24.913514531000033],[103.54866869000006,24.890557530000024],[103.52839970200006,24.868645791000063],[103.49560932800006,24.864324975000045],[103.47308440000006,24.893372687000067],[103.46319307300007,24.942030129000045],[103.45660944600007,24.97401949700003],[103.45522067400009,25.01011009900003],[103.45602574500003,25.049078721000058],[103.42690774200008,25.063122932000056],[103.42398263400008,25.094112980000034],[103.45646121800007,25.113344792000078],[103.46932490000006,25.145541121000065],[103.47744010000008,25.18098243700007],[103.45913601700005,25.211687592000033],[103.41646768600003,25.19484064100004],[103.39001472400008,25.180137862000038],[103.35257602500008,25.192161146000046],[103.31408754100005,25.18373815500007],[103.29958344100004,25.22104736700004],[103.30367771900006,25.266584971000043],[103.32395109000004,25.29393716800007],[103.33599339500006,25.324253501000044],[103.34589277800006,25.356216861000064],[103.30811775700005,25.37091031400007],[103.27989905100009,25.38453061100006],[103.29422156300006,25.41186050300007],[103.31652429400003,25.433933067000055],[103.35911605100006,25.468415261000075],[103.40159999800005,25.50421860000006],[103.41568453700006,25.53466466100008],[103.43088949500009,25.579645734000053],[103.45583768400007,25.600972644000024],[103.48707360900005,25.58754170800006],[103.51378564300006,25.60085651000003],[103.52792533500008,25.625860642000077],[103.50634061000005,25.648162168000056],[103.49548990300008,25.678498500000046],[103.50462775700004,25.70898500800007],[103.53406655100008,25.725657796000064],[103.53384442400005,25.759948877000056],[103.53674039700007,25.793118121000077],[103.54365480300004,25.820715491000044],[103.54170402700004,25.852158855000027],[103.49369896600007,25.856661736000035],[103.46762868000008,25.872739660000036],[103.40519740500008,25.84451746700006],[103.38575334500007,25.86965764100006],[103.34287458100005,25.862303905000033],[103.30626214100005,25.88339779300003],[103.30249955400006,25.911989602000062],[103.31459190700008,25.947672649000026],[103.30269685100006,25.97793570700003],[103.29925932800006,26.04394229500008],[103.29843032900004,26.07319895300003],[103.28417119800008,26.106378592000056],[103.26783973500005,26.139842629000043],[103.27202734100007,26.179400816000054],[103.27186192500005,26.20689600600008],[103.26221655300009,26.233654170000023],[103.23586906300005,26.255965721000052],[103.19640528900004,26.263267014000064],[103.16187443400008,26.26643019000005],[103.13394915300006,26.28904164100004],[103.11669880100004,26.330968193000047],[103.10142208400003,26.373046603000034],[103.09613798900006,26.41094343000003],[103.08865555100004,26.44054986100008],[103.08351984000006,26.471692929000028],[103.05815505300006,26.509811263000074],[103.06983667600008,26.512336953000045],[103.05525045900004,26.543866628000046],[103.02271153000004,26.572472272000027],[103.02275437100008,26.579123396000057],[103.07271371800005,26.61548543500004],[103.09577108400003,26.637562411000033],[103.13223640800004,26.636810129000025],[103.16643169400004,26.61831113100004],[103.20424024200008,26.64466113000003],[103.21144357300005,26.689339336000046],[103.22402804400008,26.715525550000052],[103.25550477200005,26.740001660000075],[103.30412740000008,26.73427356700006],[103.33635221800006,26.725476835000052],[103.36762938200008,26.72109748400004],[103.39992291500005,26.727140451000025],[103.41882293900005,26.75646404500003],[103.38238880100005,26.772168626000052],[103.35310299900004,26.78705393300004],[103.38053294300005,26.812073501000043],[103.40772581000004,26.855056999000055],[103.41033021600003,26.89078411400004],[103.41475217100003,26.93384133400008],[103.42548013100009,27.000742655000067],[103.46852127800008,27.001201534000074],[103.50079350600004,27.003074868000056],[103.50831914700007,27.010692685000038],[103.55672390800004,27.01348357200004],[103.57393018800008,27.000105742000073],[103.60620297300005,27.001948651000077],[103.62986829000005,27.010473584000067],[103.63706489500004,27.00427073900005],[103.70148869800005,27.038477275000048],[103.76771875700007,26.977404802000024],[103.77281209600005,26.877825297000072],[103.73108523300004,26.83860704500006],[103.72066954000007,26.772326883000062],[103.73210419200007,26.655042024000068],[103.76466611100005,26.594733543000075],[103.82779770300004,26.55771599800005],[103.89433141700005,26.51454214000006],[103.92004220900009,26.517708343000038],[103.99929185800005,26.52743743700006],[104.08310538500007,26.540009748000045],[104.10753291000003,26.611529439000037],[104.19948496400008,26.639734675000057],[104.29353230100008,26.621172193000064],[104.40732822400008,26.734903001000077],[104.48257798000009,26.710741996000024],[104.46693787500004,26.638879192000047],[104.54103724300006,26.599315999000055],[104.56359335000008,26.585635040000057]]]}},{"type":"Feature","properties":{"code":"CN053130","name":"Wenshan Zhuang and Miao Autonomous Prefecture","label":"Wenshan Zhuang and Miao Autonomous Prefecture · 文山壮族苗族自治州","type":"Autonomous prefecture","parentCode":"CN-YN"},"geometry":{"type":"Polygon","coordinates":[[[105.51204582000008,23.20863728300003],[105.49399785700007,23.230061668000076],[105.47570311500004,23.257824903000028],[105.47274553600005,23.27614641300005],[105.46764554300006,23.297132112000043],[105.44577998300008,23.28325409400003],[105.43530176200005,23.30274358500003],[105.42851188700007,23.305590951000056],[105.42369326800008,23.306905120000067],[105.42130263900003,23.30426718500007],[105.40314850200008,23.31996150200007],[105.38443217400004,23.33661253300005],[105.36544712200003,23.340328433000025],[105.35071126900004,23.36528548800004],[105.35075688000006,23.365823703000046],[105.34804512600005,23.36980094200004],[105.34689926100003,23.37174161100006],[105.34557795500007,23.372094873000037],[105.33148240000008,23.382907902000056],[105.32753989200006,23.390135832000055],[105.32315932900008,23.392764170000078],[105.31242694800005,23.38246984600005],[105.31001763800003,23.38181276100005],[105.30913160700004,23.37802699100007],[105.30417518000007,23.37215272800006],[105.29859537000004,23.370359218000033],[105.29706244600004,23.364419140000052],[105.29220265000004,23.360632742000064],[105.28795968700007,23.359723535000057],[105.28803063600009,23.35738221300005],[105.28655028300005,23.356228830000077],[105.26830116700006,23.342015896000078],[105.26147475200008,23.34429136800003],[105.25667826700004,23.342414483000027],[105.25146469800006,23.333655685000053],[105.26020031900003,23.323590729000045],[105.26072239100006,23.321947609000063],[105.25646972400006,23.31363557700007],[105.24979635500006,23.310715978000076],[105.25020189100007,23.30436258000003],[105.24312227600007,23.301247517000036],[105.24284154500003,23.29314451700003],[105.24208027200007,23.292364212000052],[105.23540690100003,23.289653155000053],[105.22935916100005,23.289653155000053],[105.22789936000004,23.286942099000044],[105.23519835800005,23.283396871000036],[105.23186167500006,23.275055159000033],[105.22664810400005,23.276097873000026],[105.21976619100008,23.27046721800008],[105.21622096500005,23.275055159000033],[105.21038176600007,23.275680788000045],[105.20141442600004,23.27088430300006],[105.19912045500007,23.28089435800007],[105.18723351600005,23.285482299000023],[105.17930889000007,23.288401898000075],[105.17221843400006,23.289653155000053],[105.15970586600008,23.278391844000055],[105.15490938100004,23.266504905000033],[105.14990435500005,23.266087819000063],[105.13718324500007,23.26004007800003],[105.13593198800004,23.256494850000024],[105.11407513600005,23.249742327000035],[105.10792084100007,23.253544308000073],[105.10323320400005,23.263422664000075],[105.09652884100007,23.26326303600007],[105.08327973900003,23.26773261200003],[105.07050952200007,23.262145642000064],[105.06939212800006,23.25751643800004],[105.06045297600008,23.25560090500005],[105.05247159000004,23.250173563000033],[105.04784238600007,23.245225104000042],[105.04656536400006,23.23995738900004],[105.04177653300007,23.23405116300006],[105.03571067900003,23.232454886000028],[105.02868706000004,23.225750522000055],[105.02852743100004,23.221600201000058],[105.02421748300009,23.219046158000026],[105.01048949900007,23.21649211400006],[105.00601992400004,23.218248019000043],[105.00011369800006,23.214416954000058],[104.99819816400009,23.21122439900006],[104.99787891000005,23.20308338600006],[104.98973789600007,23.202604502000042],[104.98287390400009,23.200210087000073],[104.98175651000008,23.197975299000063],[104.97361549700008,23.196219394000025],[104.97074219700005,23.199411948000034],[104.96403783300008,23.20180636400005],[104.95717384000005,23.193984606000072],[104.95046947700007,23.174350396000023],[104.94887319900005,23.17387151300005],[104.92812159500005,23.18424731500005],[104.91774579500009,23.18743986900006],[104.90721036400004,23.185045453000043],[104.90082525500009,23.17929885500007],[104.89332275200007,23.179458483000076],[104.88885317700004,23.172275236000075],[104.88071216200007,23.167167149000022],[104.88502211100007,23.157589485000074],[104.88071216300006,23.151204377000056],[104.88310657900007,23.145617406000042],[104.88262769500005,23.143701874000044],[104.87503320600007,23.129272342000036],[104.87266949700006,23.12824071800003],[104.87145375600005,23.128058357000043],[104.87064004200005,23.12735497700004],[104.85875960700008,23.12216984500003],[104.82735584400007,23.11960226900004],[104.82599160000007,23.11880890300006],[104.82117102300003,23.118480694000027],[104.82095889900006,23.11588217600007],[104.80639624100007,23.107413376000068],[104.80528239200004,23.09349757800004],[104.83481766600005,23.01901076100006],[104.83074868700004,23.013924537000037],[104.83106794200006,23.00115432000007],[104.83873007300008,22.993971072000022],[104.84434246600006,22.986438649000036],[104.84618648600008,22.979326669000045],[104.84240151100005,22.979444950000072],[104.84096486100003,22.976252395000074],[104.84656697000008,22.97085594400005],[104.84853271200006,22.970277785000064],[104.85568192600005,22.942704825000078],[104.84656697000008,22.93485718900007],[104.84539218500004,22.928983266000046],[104.84534148700004,22.928923414000053],[104.80897940700004,22.920901253000068],[104.77097703600003,22.89855016000007],[104.73629303000007,22.88652851100005],[104.72837348800005,22.85559321900007],[104.70484028000004,22.838611798000045],[104.66593195900003,22.831880135000063],[104.65989457700005,22.834886144000052],[104.63749188900005,22.84605319700006],[104.61720021500008,22.840321739000046],[104.60085043300006,22.84280577000004],[104.60061743300008,22.846160956000062],[104.59717286200004,22.847865486000046],[104.59128793400004,22.861092104000022],[104.57363886400009,22.86011927000004],[104.54592012700004,22.847491658000024],[104.52893036300009,22.83637749600007],[104.47799966000008,22.787292514000058],[104.44777527000008,22.753217122000024],[104.41643036900007,22.73664088000004],[104.36990812200008,22.696981013000027],[104.34754499800005,22.702418658000056],[104.34377694000005,22.71109843000005],[104.34119316000005,22.721110573000033],[104.32084590300008,22.731122715000026],[104.30372837100003,22.729184881000037],[104.28047436300005,22.741134857000077],[104.27312687300008,22.740889941000034],[104.27116255400006,22.746346523000057],[104.27175410900009,22.75502266700005],[104.26774125500003,22.755882564000046],[104.27004704500007,22.794840458000067],[104.27348297900005,22.83071601100005],[104.27562977700006,22.834150888000067],[104.27322100900005,22.835857098000076],[104.28861739500007,22.883888671000022],[104.26081548900004,22.903758577000076],[104.20730348900008,22.900369757000078],[104.17854415000005,22.89647104000005],[104.13952423500007,22.916862379000065],[104.11029503800006,22.92429481100004],[104.09968758400004,22.888912894000043],[104.09251951700008,22.84740206600003],[104.06246513900004,22.807388608000053],[104.04211471500008,22.77901275000005],[104.01805148800008,22.754453452000064],[103.98573676300003,22.724712820000036],[103.94484731000006,22.716196413000034],[103.91610044500004,22.735463200000027],[103.89666950100008,22.76453698000006],[103.89047716700009,22.808267138000076],[103.90219144500008,22.84103594900006],[103.91881121400007,22.878721047000056],[103.91529791900007,22.913983200000075],[103.91260916400006,22.945204529000023],[103.92874569300005,22.971910016000038],[103.95171878700006,22.998210621000055],[103.95029372800008,23.031792254000038],[103.94336071500004,23.07861407200005],[103.94206648200009,23.14450670100007],[103.92371165200007,23.17135201900004],[103.90959041400004,23.20533124800005],[103.91851809800005,23.231476162000035],[103.92472311900008,23.261048594000044],[103.92814769400007,23.289050131000067],[103.91441454300008,23.323954900000047],[103.89100870600004,23.346770563000064],[103.85877989300008,23.36437180100006],[103.83037888200005,23.377245446000074],[103.82365062500008,23.409477984000034],[103.82398781100005,23.439053974000046],[103.81660366600005,23.489868896000075],[103.79988356100006,23.52451854800006],[103.76853836400005,23.525790811000036],[103.74745919100008,23.55936703800006],[103.70846861300004,23.564414112000065],[103.67040263300004,23.54787152700004],[103.62210146100006,23.54812781800007],[103.59567338100004,23.596675189000052],[103.59540655300003,23.632099254000025],[103.61301883900006,23.66435580700005],[103.63449522800005,23.697352357000057],[103.65145103600008,23.731810709000058],[103.65204935700007,23.77409638900008],[103.64495410200004,23.809432092000065],[103.63950771800006,23.837170788000037],[103.65482160600004,23.862862199000062],[103.67692778300005,23.884065371000077],[103.69815778600008,23.92063239500004],[103.66295418700008,23.978359727000054],[103.64499647700006,24.01965228100005],[103.62227864000005,24.069804548000036],[103.62167626500008,24.071124456000064],[103.61526917800006,24.100486889000024],[103.64050564100006,24.125548689000027],[103.66970970000006,24.155892782000024],[103.70116098000005,24.172332178000033],[103.73381250700004,24.197467721000066],[103.77129176300008,24.196198190000075],[103.80398673700006,24.209977028000026],[103.81481367100008,24.281883952000044],[103.84425785900004,24.31989777600006],[103.87247839600008,24.35144484600005],[103.91057273300004,24.371921075000046],[103.94699503700008,24.400415778000024],[103.95968532900008,24.429886683000063],[103.98443029900005,24.445730961000038],[104.05361931600004,24.460698524000065],[104.08259072400006,24.45054456300005],[104.12292678800009,24.45161759700005],[104.15586333200008,24.45260029800005],[104.18605708500007,24.451117257000078],[104.22055172700004,24.445394472000032],[104.24077024100006,24.41012382100007],[104.23288856700003,24.38102666800006],[104.25026784200008,24.355972073000032],[104.28396247400008,24.36512810100004],[104.32354532600004,24.38057148000007],[104.35955575400004,24.391675247000023],[104.39099621700007,24.380707806000032],[104.40959440000006,24.405992187000038],[104.42586126400005,24.42975678600004],[104.45618506400007,24.444510577000074],[104.49887790400004,24.440621588000056],[104.51379168700004,24.44035255500006],[104.54049212300004,24.445529770000064],[104.57729364000005,24.410647840000024],[104.61487300300007,24.37446554400003],[104.67288937900008,24.324782036000045],[104.72327122800004,24.38794910000007],[104.73602715800007,24.43929815200005],[104.77801455000008,24.46215780600005],[104.79653185100005,24.431343242000025],[104.83176783700009,24.45204786000005],[104.91122714500005,24.422290286000077],[104.94608019700007,24.41485952000005],[105.02182911700004,24.432849240000053],[105.07671878900004,24.437163242000054],[105.12151934900004,24.391184898000063],[105.19225453200005,24.37441325900005],[105.20056809700009,24.310467836000043],[105.23874485900006,24.20161094200006],[105.19806405900005,24.172625363000066],[105.18441819400005,24.13394934200005],[105.26005746400006,24.075647332000074],[105.35530111700007,24.091564751000078],[105.40929678500004,24.05126645400003],[105.47150279500005,24.022156837000068],[105.49622311500008,24.04058800300004],[105.54237324100006,24.07496500800005],[105.57101126200007,24.091589003000024],[105.60623965600007,24.112020236000035],[105.64985358100006,24.061212458000057],[105.65090772400004,24.03949979400005],[105.73295257200004,24.086277685000027],[105.86518991000008,24.04518747700007],[105.87306518100007,24.087179148000075],[105.96162285800006,24.123145519000047],[106.02711043000005,24.082977936000077],[106.02410239700004,24.062022699000067],[106.07432041200008,24.03394633000005],[106.11280321100008,24.00451491000007],[106.10098792700006,23.979072452000025],[106.08414051400007,23.94273994100007],[106.15898345800008,23.90825055600004],[106.19189992500009,23.869516946000033],[106.17574478700004,23.83539247500005],[106.15465093500006,23.80289534800005],[106.13761286000005,23.766907584000023],[106.15255094600008,23.71391359200004],[106.11958037500006,23.640131093000036],[106.12605396900005,23.616166518000057],[106.13463414400007,23.58440045100008],[106.12989753100004,23.577558364000026],[106.09609209100006,23.52853814200006],[106.07321630300004,23.509382704000075],[106.05753898500006,23.496256626000047],[106.03804777800008,23.47465435600003],[106.02005304100004,23.463088860000028],[106.00764949300009,23.45718004300005],[105.99070956800006,23.488334209000072],[105.92999993100005,23.49603694800004],[105.88012588100008,23.522283129000073],[105.84156150200005,23.513534409000044],[105.78674988900008,23.455993616000058],[105.74268864100009,23.419739425000046],[105.68134348600006,23.400023775000022],[105.65572155800004,23.386265182000045],[105.69260094000003,23.346869410000068],[105.63161682500004,23.320771619000027],[105.59323630700004,23.310111728000038],[105.56263763100009,23.279763242000058],[105.54602671000004,23.241803051000034],[105.51204582000008,23.20863728300003]]]}},{"type":"Feature","properties":{"code":"CN053140","name":"Xishuangbanna Dai Autonomous Prefecture","label":"Xishuangbanna Dai Autonomous Prefecture · 西双版纳傣族自治州","type":"Autonomous prefecture","parentCode":"CN-YN"},"geometry":{"type":"MultiPolygon","coordinates":[[[[101.47128484600006,22.565233309000064],[101.48935412600008,22.51171081900003],[101.49549534300007,22.478487735000044],[101.54216881900004,22.41797477700004],[101.53978300600005,22.40191933500006],[101.56867567300009,22.380974171000048],[101.60696006700005,22.353623931000072],[101.64905457200007,22.362704103000056],[101.64596977300005,22.358076905000075],[101.65281571100007,22.354653936000034],[101.64882224700006,22.344099782000058],[101.65167472200005,22.337539091000053],[101.64768125800003,22.327840679000076],[101.63427463000005,22.313863556000058],[101.63455987800006,22.307588113000065],[101.63028116500004,22.301312670000073],[101.62771394000004,22.30102742300005],[101.62811746600005,22.290852292000068],[101.61260395000005,22.288308006000022],[101.60089713900004,22.278326605000075],[101.58464158100008,22.283627331000048],[101.55839881900005,22.277922383000032],[101.56132939900004,22.271392501000037],[101.55069713800003,22.261378033000028],[101.54927090100006,22.256814074000033],[101.53529377900009,22.255387837000058],[101.53474236000005,22.24508763700004],[101.54140657000005,22.23742379500004],[101.55056985900006,22.234091689000024],[101.55223591200007,22.228093900000033],[101.56239883400008,22.220096847000036],[101.57006267600008,22.21526529500005],[101.56956286000008,22.204602558000033],[101.57256175500004,22.195772479000027],[101.57855954500008,22.18577616300007],[101.58289128100006,22.182610663000048],[101.58455733400007,22.17411379400005],[101.59038851800005,22.166783163000048],[101.60271730800008,22.159452531000056],[101.59738593900005,22.146457320000025],[101.59955180700007,22.13346211000004],[101.57433531300006,22.126197965000074],[101.57465116100008,22.116406676000054],[101.57755991200008,22.110970399000053],[101.57755991300007,22.101640504000045],[101.57406120200005,22.088478688000066],[101.57905935900004,22.08048163600006],[101.57905935900004,22.076816320000034],[101.57699394300005,22.075352468000062],[101.57433737800005,22.068263589000026],[101.57843308000008,22.063143961000037],[101.59612882800008,22.064291749000063],[101.60421675400005,22.063321293000058],[101.60497257200007,22.060501572000078],[101.61119870100003,22.054696574000047],[101.61471288700005,22.053824793000047],[101.61521270300005,22.052158741000028],[101.61068673800008,22.039081707000037],[101.61503842400003,22.034474042000056],[101.61729064600007,22.02638998300006],[101.62297591100008,22.02102056700005],[101.61918573400004,22.016598694000038],[101.62202836700004,22.011545125000055],[101.61665895100003,22.006807405000075],[101.61785421800005,22.00119645700005],[101.61413216600005,21.99512102700004],[101.60718350900004,21.991330851000043],[101.60556711000004,21.986349535000045],[101.59897146000009,21.97932862500005],[101.59770806700004,21.97174827200007],[101.60429112500003,21.970760813000027],[101.61145468300003,21.97201457500006],[101.62297591100008,21.96795809500003],[101.62739778400004,21.955324174000054],[101.63466228900006,21.950586453000028],[101.65013884300004,21.953113237000025],[101.66561539800006,21.93605744300004],[101.67256405500007,21.932583115000057],[101.67793347100007,21.940795164000065],[101.68646136900009,21.945532884000045],[101.69720020200003,21.94521703600003],[101.70509640300008,21.925634458000047],[101.70162207400006,21.918685801000038],[101.70130622700003,21.912368840000056],[101.69498926600005,21.903209247000063],[101.70898360400008,21.89035650200003],[101.70793903600008,21.886469300000044],[101.71457184400003,21.882994972000063],[101.72404728600009,21.883310820000077],[101.73257518300005,21.878257251000036],[101.73920799200005,21.87225613800007],[101.73699705600006,21.854568648000054],[101.74078723200006,21.847619991000045],[101.74647249600008,21.842250574000047],[101.75342115300003,21.837197006000054],[101.76289659500009,21.838144550000038],[101.77268788300006,21.837197006000054],[101.77616221200009,21.828984956000056],[101.78374256600006,21.824878932000047],[101.77837314800007,21.821404603000076],[101.77300373100007,21.821088755000062],[101.76889770700006,21.797400152000023],[101.75847472200007,21.783818686000075],[101.75815887300007,21.77307985300007],[101.76068565900005,21.763604411000074],[101.75657963400005,21.757287451000025],[101.74457740900004,21.746232769000073],[101.74742004100005,21.728861127000073],[101.75436869800006,21.72728188700006],[101.76984525200004,21.71338457300004],[101.77174033900008,21.702645739000047],[101.77110864300005,21.69601293000005],[101.77363542800003,21.68969596900007],[101.77041914500006,21.67046846200003],[101.76889770800005,21.659374557000035],[101.78058408500004,21.65432098900004],[101.77937849600005,21.643590413000027],[101.78117036600008,21.639494710000065],[101.78374256500007,21.637896890000036],[101.80616777600005,21.64452969900003],[101.81248473800008,21.62652636100006],[101.82543450800006,21.62842144900003],[101.83459410100005,21.627473905000045],[101.83206731700005,21.61515583100004],[101.82543450700007,21.606627934000073],[101.82448696300008,21.590203836000057],[101.80869456100004,21.59051968400007],[101.80305425000006,21.57983277900007],[101.79792310400006,21.57954849500004],[101.78926259900004,21.57855764900006],[101.76605507400006,21.584202723000033],[101.75626378600003,21.584518571000046],[101.74710419300004,21.587361203000057],[101.74805173700008,21.57914915400005],[101.74394571200008,21.57220049700004],[101.75784302600005,21.569042017000072],[101.76352829000007,21.563672600000075],[101.75373700200004,21.546300958000074],[101.75973811500006,21.529561011000055],[101.76763431600006,21.527981771000043],[101.77733064400007,21.517391572000065],[101.76865134900004,21.51182509700004],[101.76419644200007,21.507712876000028],[101.75606452200009,21.497836690000042],[101.73918042600008,21.486809082000036],[101.73780968500006,21.480983434000052],[101.74507698400004,21.465171362000035],[101.74149324400008,21.461075660000063],[101.75326821100003,21.449250789000075],[101.75357320100005,21.442774040000074],[101.75100306400009,21.437633763000065],[101.74487927900009,21.43247292500007],[101.74534875800003,21.425639783000065],[101.73963619700004,21.412199671000053],[101.73614080900006,21.399965811000072],[101.73788850300008,21.388780568000072],[101.74348112400008,21.377595325000073],[101.73753896400007,21.376197169000022],[101.73917014400007,21.368379150000067],[101.72649353600008,21.35649483000003],[101.73390376000003,21.321494339000026],[101.73893711900007,21.31170725100003],[101.75683350800006,21.29269233800005],[101.76466317900008,21.287938610000026],[101.77500952900004,21.29353123100003],[101.78059015200006,21.293023902000073],[101.78135335200005,21.29279241300003],[101.78982997500003,21.284862668000073],[101.79217756700007,21.288288201000057],[101.79454008500005,21.288792701000034],[101.79663122600004,21.288158430000067],[101.79883308300003,21.28291259100007],[101.79857710200008,21.27881688800005],[101.80062495200008,21.27216137100004],[101.80702448900007,21.26371398400005],[101.82030976400006,21.26668664700003],[101.82590238500006,21.260814395000068],[101.82988427600009,21.26024324900004],[101.84486286400005,21.25010473800006],[101.84071841700006,21.244685078000032],[101.83648849800005,21.234687087000054],[101.83495034500004,21.22122825400004],[101.85207232200008,21.21013045600006],[101.85248599300007,21.20914224200004],[101.84261293200007,21.207866245000048],[101.81419712300004,21.200837755000066],[101.81312715100006,21.169986615000028],[101.79969290700006,21.14741868400006],[101.78023557900008,21.14858804100004],[101.76927089300005,21.146722469000053],[101.76842525500007,21.14701240200003],[101.76342626000007,21.15085778300005],[101.75496642200005,21.150473244000068],[101.74458389300008,21.152011397000024],[101.73986821700004,21.14908442500007],[101.73117559000008,21.155658734000042],[101.71009162800004,21.184650031000047],[101.68800090500008,21.18450702800004],[101.68727450000006,21.20004917700004],[101.68374823400006,21.204457008000077],[101.67175893500007,21.20375175500004],[101.65941700800005,21.20093074300007],[101.65236447800004,21.198638671000026],[101.64971977900007,21.19617028600004],[101.64513563600008,21.194407153000043],[101.63212371800006,21.199573131000022],[101.63124202600005,21.199367924000057],[101.63510349300009,21.230506675000072],[101.62348144300006,21.230447396000045],[101.61378847400005,21.23022338900006],[101.59593705300006,21.239905515000032],[101.59263808800006,21.23495706500006],[101.58645252400004,21.23495706500006],[101.58403420800005,21.241317809000066],[101.57037006200005,21.245678707000025],[101.56418449900008,21.24939004400005],[101.55387522900008,21.250627157000054],[101.53243194500004,21.256812719000038],[101.52872060800007,21.25268901100003],[101.52294741500003,21.249802415000033],[101.50892680600003,21.25268901100003],[101.50397835700005,21.24897767300007],[101.48377218600007,21.24939004400005],[101.47676188100007,21.24402922300004],[101.46727735300004,21.244441594000023],[101.45243200100003,21.232895211000027],[101.42562789700008,21.233307581000076],[101.41160728900007,21.22877150200003],[101.40253513100004,21.233719952000058],[101.38480318500007,21.226709648000053],[101.37614339700008,21.21969934400005],[101.36583412600004,21.219286973000067],[101.36212278900007,21.21145192700004],[101.35758670900003,21.207328218000043],[101.35263825800007,21.209802444000047],[101.34274135900006,21.20031791400004],[101.33985476200007,21.200730285000077],[101.33243208700009,21.19660657700007],[101.32748363700006,21.190421014000037],[101.31634962500004,21.194544722000046],[101.30712083100008,21.191160831000047],[101.29518727900006,21.207549417000052],[101.26124597100005,21.21759725100003],[101.26443266300004,21.234667055000045],[101.27800131400005,21.26477724500006],[101.28432413800004,21.289575593000052],[101.24834541800004,21.302674430000025],[101.24128980300009,21.307664986000077],[101.23894889400003,21.308284638000032],[101.23397550400006,21.31521555300003],[101.23593008500006,21.316337986000065],[101.24548012900004,21.327739571000052],[101.24616227600006,21.341090144000077],[101.24898830900008,21.341479942000035],[101.24996280400006,21.344793223000067],[101.24859851100007,21.350542740000037],[101.24694187100005,21.357169302000045],[101.26377008700007,21.360271813000054],[101.26516491500007,21.368960684000058],[101.26146183700007,21.373930605000055],[101.25551742100004,21.375782144000027],[101.25239904000006,21.376464291000048],[101.25083984800006,21.375002549000044],[101.24620527100006,21.376275312000075],[101.22668880800006,21.398524078000037],[101.21185629800004,21.403988688000027],[101.19897632300007,21.40530971100003],[101.21222454400004,21.411816428000066],[101.22873545800007,21.421672083000033],[101.22910581800005,21.447795362000022],[101.23612123700008,21.475438851000035],[101.24916187600007,21.511065469000073],[101.25253955800008,21.526268955000035],[101.23805529200007,21.535231451000072],[101.21598988800008,21.537603653000076],[101.21624247100004,21.539876895000077],[101.21270202900007,21.546149873000047],[101.21212590600004,21.55465910600003],[101.20899838600008,21.560964443000046],[101.20035655400005,21.56071753300006],[101.18761363200008,21.55709162200003],[101.18274860100007,21.55765297100004],[101.17732222000006,21.561021070000038],[101.16584646400008,21.562042477000034],[101.16724743100008,21.57271929700005],[101.18561742200006,21.583671482000057],[101.19556334000004,21.60131885100003],[101.19977491900005,21.627769215000058],[101.19542474100007,21.642280777000053],[101.18488112000006,21.670205810000027],[101.16739414100005,21.69937410500006],[101.15889700400004,21.71630627600007],[101.16461207400005,21.73729448100005],[101.18424403000006,21.755793138000058],[101.16598424900008,21.772787511000047],[101.12788696900009,21.77069645000006],[101.11723754100007,21.770108938000078],[101.12202130000009,21.774543320000078],[101.11855717100008,21.777182656000036],[101.11397957200006,21.77474951800008],[101.10791734700007,21.774295882000047],[101.09814355600008,21.77532687200005],[101.08762745200005,21.776151665000043],[101.08226630100006,21.77050183600005],[101.08193638300008,21.76641911400003],[101.07834853700007,21.764645810000047],[101.06869846500007,21.761552838000057],[101.06473946100004,21.75656284300004],[101.05678021200004,21.75326367300005],[101.05232633400004,21.74670657300004],[101.04618163000004,21.743531122000036],[101.04152155200006,21.741221703000065],[101.03958329000005,21.733633612000062],[101.02923214400005,21.72641667700003],[101.02502570200005,21.72451965500005],[101.01871604000007,21.72332370600003],[101.01558182800005,21.718787347000045],[101.01343736700005,21.715240739000023],[101.01413844100006,21.709879588000035],[101.01022067700006,21.70802380500004],[101.00584927600005,21.709508431000074],[100.99785926400006,21.70750520300004],[100.99524548300008,21.704994597000052],[100.98107603800008,21.70468507100003],[100.97629557000005,21.700145346000056],[100.96401767600008,21.700936358000035],[100.95693295500007,21.70155541200006],[100.94778472100006,21.70062683200007],[100.93977141800008,21.699663860000044],[100.93533486800004,21.696568592000062],[100.93385601900007,21.693163799000047],[100.92494852800007,21.689036776000023],[100.91975535700004,21.690068532000055],[100.91769184700007,21.69144420600003],[100.91098543400005,21.690550018000067],[100.91095104300007,21.687764277000042],[100.91251613000009,21.68596335500007],[100.90636776200006,21.686516082000026],[100.90507003500005,21.687764277000042],[100.89839801500005,21.687592318000043],[100.89636889500008,21.685700766000025],[100.89010957700003,21.68401556500004],[100.88718667000006,21.687734727000077],[100.88510199700005,21.68749647800007],[100.88140798900008,21.681143576000068],[100.87417945500005,21.676979940000024],[100.86735571700007,21.67206453700004],[100.86378675900005,21.666900308000038],[100.86209334600005,21.661886761000062],[100.85804536700005,21.656508732000077],[100.85526960900006,21.655294338000033],[100.84873501500005,21.645579189000046],[100.84659536900006,21.637888028000077],[100.83456708700004,21.637020604000043],[100.82965168500004,21.63222085800004],[100.82716506800006,21.632047373000034],[100.82652089200008,21.630139276000023],[100.81968269900005,21.62587114100006],[100.81468026100003,21.619354204000047],[100.80740792100005,21.610331575000032],[100.80092880500007,21.603979501000026],[100.79940430700003,21.59686517700004],[100.80029359600007,21.593435057000022],[100.79330631500005,21.582509488000028],[100.79356039800007,21.570948712000074],[100.77971287400004,21.569805338000037],[100.77120109500004,21.57183800200005],[100.76650055800008,21.56040426800007],[100.75989440200004,21.559218547000057],[100.75341528500007,21.554052193000075],[100.74642800300006,21.546175620000042],[100.74223563400005,21.534106678000057],[100.73753509700003,21.53029543300005],[100.73372385300007,21.523308151000037],[100.72356053400006,21.513144832000023],[100.71339721400005,21.510731043000078],[100.70615584900008,21.515177495000046],[100.69827927500006,21.51339891500004],[100.69243536700009,21.510476960000062],[100.68544808500008,21.504760093000073],[100.68011234200009,21.488117657000032],[100.67450681200006,21.483028426000033],[100.67201255000003,21.481480340000076],[100.66779056600006,21.479466084000023],[100.65622854000009,21.481765582000037],[100.64809788500008,21.484645189000048],[100.63776517600007,21.48227374800007],[100.63403862600006,21.478547198000058],[100.62235265800007,21.474519678000036],[100.62150386600007,21.47261859500003],[100.61150993400008,21.466181825000035],[100.60473438900004,21.46499610500007],[100.59485984600008,21.463591574000077],[100.58881185500007,21.457712392000076],[100.58660980200005,21.453477676000034],[100.58209378300006,21.452173048000077],[100.57449816500008,21.451928339000062],[100.55910408500006,21.469109957000057],[100.54403197900007,21.46520231200003],[100.53803370300005,21.471183731000053],[100.53099528200005,21.470470979000027],[100.52128517100005,21.472523523000064],[100.51182103400004,21.46964591400007],[100.50572211200006,21.477064299000062],[100.48229022000004,21.505585548000056],[100.44890508900005,21.535938919000046],[100.43560474500003,21.53906429500006],[100.43277633100007,21.539728488000037],[100.43093016800003,21.54146915700005],[100.42720629700005,21.541188110000064],[100.42701036800008,21.54108250300004],[100.41795214600006,21.54320963500004],[100.40256226100007,21.53240111300005],[100.38157736800008,21.52748170600006],[100.37900082700008,21.53013402700003],[100.37532718800009,21.531586396000023],[100.37126909800008,21.529322410000077],[100.34948356200005,21.531244663000052],[100.34523444800004,21.529070500000046],[100.33662840600005,21.518557660000056],[100.32951426800008,21.508062169000027],[100.32489815300005,21.504785296000023],[100.32147880700006,21.501992831000052],[100.31726161500006,21.49823155100006],[100.31522497000009,21.494828212000073],[100.31495463200008,21.494559088000074],[100.30597710300003,21.491152397000064],[100.30335074400006,21.489139909000073],[100.30162937200004,21.48574779300003],[100.29727531100008,21.480634303000045],[100.29135176300008,21.479571102000023],[100.28176608100006,21.48598405900003],[100.28034847800006,21.484937735000074],[100.27450931300007,21.480144893000045],[100.27157285400006,21.475824585000055],[100.26968271800007,21.472483097000065],[100.26610496400008,21.471335515000078],[100.26245970300005,21.470795476000035],[100.26144713200006,21.472381840000025],[100.25564219300009,21.472894031000067],[100.25289115600003,21.47173927500006],[100.25264420700006,21.470268779000037],[100.23902024300008,21.487548340000046],[100.22435686600005,21.48865653200005],[100.21534440900007,21.49257294100005],[100.21349953700008,21.499478027000066],[100.20422247500005,21.510178276000033],[100.20501313300008,21.51286651600003],[100.19839780500007,21.515345977000038],[100.19225717300009,21.51508036000007],[100.18472059000004,21.51885698700005],[100.17869423000008,21.51712768400006],[100.17745470800008,21.50619827500003],[100.17617440600009,21.50103146500004],[100.17493945100006,21.49674162200006],[100.17385272400008,21.493039959000043],[100.15471092800004,21.496210146000067],[100.14812793000004,21.501128962000053],[100.14773343400009,21.50126438600006],[100.14317501400006,21.527504092000072],[100.13761378500004,21.560521425000047],[100.13296297500005,21.602948367000067],[100.16621210200003,21.62861196600005],[100.19321321700005,21.648988561000067],[100.18597927700006,21.67064440200005],[100.15721529900009,21.692968698000072],[100.13581715600009,21.694429736000075],[100.13564838800005,21.69459438800004],[100.13880077200008,21.69875423600007],[100.13145604100004,21.702231609000023],[100.12339633500005,21.700704165000047],[100.12043894400006,21.705578986000035],[100.11861900900004,21.706033970000078],[100.11036431200006,21.70460402200007],[100.11010432100005,21.699761699000078],[100.10789440200006,21.69950170900006],[100.10243460200007,21.70154913400006],[100.10194711900004,21.704181537000068],[100.09921722000007,21.706358958000067],[100.09534986000006,21.706683946000055],[100.09028700900006,21.701847971000063],[100.08907714100008,21.698460342000033],[100.08607667000007,21.696863317000066],[100.08541094700007,21.69333995100004],[100.07226416900005,21.693808364000063],[100.06379761200009,21.68573536100007],[100.05593219000008,21.682254190000037],[100.04862495500004,21.673229443000025],[100.05087333500006,21.66710885400005],[100.04634534800005,21.670013011000037],[100.04266050300004,21.677694975000065],[100.03422907900006,21.675540278000028],[100.03182456200005,21.67806970500004],[100.03335470900004,21.689249149000034],[100.03369821100006,21.69465150600007],[100.02979116400007,21.696143779000067],[100.02903651700007,21.70538093500005],[99.99064889400006,21.743469063000077],[99.97199669000008,21.78818919400004],[99.96273655500005,21.827321520000055],[99.96868983600007,21.86146098200004],[99.99480405300005,21.89015776900004],[100.01899862800008,21.918654856000046],[100.01865459800007,21.956800731000044],[99.99539648000007,21.98985873400005],[99.97800193900008,22.014186450000068],[99.96911126400005,22.048683512000025],[99.97274863700005,22.056966638000063],[99.97192425800006,22.059284155000057],[99.96987464400007,22.05922522000003],[99.98408804700006,22.080464300000074],[100.00630847800005,22.107301389000042],[100.02448989200008,22.13127894200005],[100.04828752500003,22.160021906000054],[100.07435380600003,22.214169549000076],[100.10604423300003,22.246390363000046],[100.14823177700003,22.256701348000036],[100.17640215000006,22.267179990000045],[100.19224235800004,22.295059695000077],[100.20814455300007,22.322479402000056],[100.24434992600004,22.311383343000045],[100.27229514900006,22.296612715000037],[100.31019405500007,22.298964651000063],[100.34028232300005,22.262882770000033],[100.36480350200009,22.291228672000045],[100.37532238200004,22.32352687300005],[100.40015225000008,22.361502619000078],[100.39703662100004,22.39458782500003],[100.37126465600005,22.407335174000025],[100.34591038300005,22.420583297000064],[100.36280898800004,22.45219184700005],[100.39940523400008,22.45390012200005],[100.45123696300004,22.453593364000028],[100.47555748300005,22.468588942000054],[100.51015306700003,22.498417092000068],[100.53586038600008,22.51399943200005],[100.58546022400009,22.474044811000056],[100.62909911700007,22.491976265000062],[100.65938548100007,22.50984756400004],[100.69235757200005,22.52158873700006],[100.74686548000005,22.535595528000044],[100.78133876200008,22.547008695000045],[100.79836973500005,22.570753513000057],[100.78972382800004,22.59865549600005],[100.82635446900008,22.608447547000026],[100.86062685000007,22.589169817000027],[100.89770622500004,22.582974770000078],[100.92658098200008,22.568143105000047],[100.94977366600006,22.601642772000048],[100.97807496600007,22.591767181000023],[101.01914298000008,22.596917225000027],[101.05160371600005,22.609395980000045],[101.07445326300007,22.587966591000054],[101.10984053600004,22.562781421000068],[101.15069404800005,22.55277232000003],[101.18764921700006,22.551496239000073],[101.23693445800006,22.552367567000033],[101.27011010500007,22.550222638000037],[101.31191040100003,22.55304657100004],[101.34120157200005,22.563747600000056],[101.37490732200007,22.586761159000048],[101.42907069300009,22.621845273000076],[101.47128484600006,22.565233309000064]]],[[[101.65937640200008,22.364637595000033],[101.65748719900006,22.364523098000063],[101.66135724900005,22.365357903000074],[101.65937640200008,22.364637595000033]]]]}},{"type":"Feature","properties":{"code":"CN053150","name":"Yuxi","label":"Yuxi · 玉溪市","type":"Prefecture-level city","parentCode":"CN-YN"},"geometry":{"type":"Polygon","coordinates":[[[103.12677954300005,24.544305391000023],[103.13006865300008,24.501100819000044],[103.13334973800005,24.457889867000063],[103.11093615200008,24.441991117000043],[103.08961986600008,24.41168023800003],[103.09073124100007,24.397272044000033],[103.09182738800007,24.382864485000027],[103.11642545400008,24.36995521700004],[103.11862578600005,24.341137452000055],[103.12081064600005,24.312316063000026],[103.12437263400005,24.221393429000045],[103.09199764400006,24.19119595600006],[103.07799808200008,24.157840521000026],[103.05481323600009,24.128263121000032],[103.03238992600006,24.10101411900007],[103.00157593600005,24.089408090000063],[102.96740637400006,24.102030477000028],[102.93187043700004,24.08365946300006],[102.91160978200008,24.05973403300004],[102.90762941200006,24.03034192800004],[102.88018077500004,24.009893886000043],[102.83988001900008,24.064649905000067],[102.80451470000008,24.074398476000056],[102.77938436600004,24.05048901300006],[102.74983570700005,24.02165436300004],[102.72341766000005,23.99625036200007],[102.70426187900006,23.971913164000057],[102.63889284600003,23.98223170800003],[102.62793383200005,24.017631809000022],[102.62522934400005,24.049192376000065],[102.61288699700003,24.093095238000046],[102.58443040700007,24.058858288000067],[102.55835042700005,24.04479976700003],[102.52428379200006,24.065471811000066],[102.49250974200004,24.087694630000044],[102.45248941200003,24.094198838000068],[102.42025991600008,24.096829496000055],[102.37421180100006,24.118676381000057],[102.34316791500004,24.128657197000052],[102.33312723600005,24.10233471600003],[102.34902006000004,24.07739305000007],[102.30623940500004,24.05407306400008],[102.23533857100006,24.009637233000035],[102.24334625600005,23.961729537000053],[102.26481527500005,23.92592269100004],[102.30213562300008,23.906977562000066],[102.29662981700005,23.880121863000056],[102.25918995600006,23.876784471000065],[102.22814123100005,23.878097576000073],[102.19026911700007,23.869690881000054],[102.16035159400008,23.846534835000057],[102.15820828300008,23.833562973000028],[102.17427960000003,23.802276324000047],[102.19895706000005,23.782219283000074],[102.22957572300004,23.75222926300006],[102.23965470200005,23.726300696000067],[102.25281662500004,23.689728299000024],[102.28265713600007,23.661923933000025],[102.30555512300003,23.634853452000073],[102.32267616600006,23.606809527000053],[102.33981458300008,23.573755506000055],[102.35094778100006,23.54198421800004],[102.37009643700009,23.512741610000035],[102.37247889100007,23.485187875000065],[102.36015426000006,23.453141456000026],[102.32622734900008,23.43191083100004],[102.29431816500005,23.433606616000077],[102.25343926400006,23.450876829000038],[102.22468736200005,23.464220944000033],[102.19776059200007,23.450862422000057],[102.17910625000007,23.428681708000056],[102.15285176100008,23.395332885000073],[102.13633935300004,23.371513354000058],[102.10186351900006,23.351512360000072],[102.06605570900007,23.344129389000045],[102.03194248200003,23.348279023000032],[101.99575919600005,23.362699900000052],[101.96025923500008,23.384005285000057],[101.93394602200004,23.397045582000032],[101.88320379000004,23.38339047000005],[101.82846341700008,23.397197453000047],[101.79544053100005,23.40000511200003],[101.76041918300007,23.407625901000074],[101.74383787900007,23.438396069000078],[101.75077887000003,23.477313938000066],[101.76454659800004,23.503209883000068],[101.75142327100008,23.53793913000004],[101.73965783800008,23.569155411000054],[101.71002456300005,23.593664276000027],[101.69554187700004,23.635989119000044],[101.68641822400008,23.69156416900006],[101.64653119700006,23.671380012000043],[101.60900594200007,23.669614323000076],[101.59258559400007,23.698080796000056],[101.58653046200004,23.72572192900003],[101.57463940300005,23.765994127000056],[101.55254822900008,23.796634909000034],[101.51591673000007,23.79083247500006],[101.48803743700006,23.77721333900007],[101.45127137900005,23.76409225200007],[101.41866760200008,23.749083839000036],[101.40494607500005,23.77460171000007],[101.42494406500003,23.827065290000064],[101.39568447500005,23.851058984000076],[101.44271520900008,23.864740518000076],[101.47910953100006,23.890104975000042],[101.49856368600007,23.913364740000077],[101.50549316700005,23.943141601000036],[101.49806513800007,23.99109029500005],[101.47599343000007,24.029432549000035],[101.44951992100005,24.041426371000057],[101.42983158400006,24.067256774000043],[101.42138379200009,24.093718479000074],[101.41251463100008,24.123771874000056],[101.39088685200005,24.15758296200005],[101.36879479200007,24.19089152300006],[101.34626368400006,24.232326312000055],[101.32294729300008,24.27595175500005],[101.30879254600006,24.300016135000078],[101.29308791200003,24.32892595000004],[101.32331675400007,24.303295993000063],[101.35063288200007,24.331406091000076],[101.37351964900006,24.364062944000068],[101.38779244200003,24.402696879000075],[101.42178733100008,24.40780191600004],[101.44828479900008,24.392188743000077],[101.47193588100004,24.36675831200006],[101.46745458000004,24.332712653000044],[101.47902950700006,24.300663090000057],[101.49900913600004,24.27259674900006],[101.50669539600005,24.244253640000068],[101.52050085500008,24.21831398300003],[101.56168180900005,24.224529037000025],[101.60173622100007,24.245155082000053],[101.63109142300004,24.28201246100008],[101.64561194600009,24.310644207000053],[101.65496811700007,24.350132875000043],[101.69233489800007,24.364556769000046],[101.71614360700005,24.345904080000025],[101.74555236100008,24.330039862000035],[101.76744220500007,24.306202136000024],[101.79173488600009,24.278492854000035],[101.83898293400006,24.23019864400004],[101.92127620700006,24.24320089500003],[101.96151348300003,24.263306498000077],[101.99386109500006,24.26944827500006],[102.01815873000004,24.299820255000043],[102.03124404400006,24.333697845000074],[102.04380342000007,24.36797960100006],[102.01957747300008,24.400277278000033],[102.02713733600007,24.43500921900005],[102.01570176000007,24.511980272000073],[101.98949494300007,24.56027955600007],[101.96093802600006,24.597376952000047],[101.98350850800006,24.621659926000063],[101.99050559400007,24.65268764500007],[101.98470574200007,24.687537058000032],[101.96893571100009,24.72737317900004],[101.97500368000004,24.757853832000023],[101.99505986700007,24.778262571000027],[102.02030010100003,24.796868264000068],[102.03781405600006,24.82700847700005],[102.00487244200008,24.905071918000033],[102.04772698400006,24.898967841000058],[102.09033721000009,24.89509282800003],[102.12077898700005,24.92092701400003],[102.13079362500008,24.95218177000004],[102.16783379800006,24.963180909000073],[102.19979944700003,24.938379717000032],[102.23214263900007,24.93761630000006],[102.25414769800005,24.964021252000066],[102.29507010300006,24.934094449000042],[102.31740971200009,24.910684729000025],[102.32903539100005,24.88542186600006],[102.32716628100007,24.85625858900005],[102.31531524100006,24.82304893400004],[102.30520894000006,24.792250632000048],[102.29914575200007,24.751376821000065],[102.29659966000008,24.71942117800006],[102.29714021000007,24.686374645000058],[102.30191558800004,24.641452172000072],[102.28386401400007,24.56911510300006],[102.24965355000006,24.551575840000055],[102.20653776400007,24.51099898600006],[102.23094317100004,24.485951529000033],[102.25840123500006,24.469330872000057],[102.32689977300004,24.447251055000038],[102.36317751300004,24.45906179700006],[102.37507446000006,24.491405798000073],[102.39973495300006,24.510794230000045],[102.43598211200003,24.52302664900003],[102.46487498600004,24.535056032000057],[102.52259400900004,24.555007017000037],[102.59939142400003,24.567484266000065],[102.61448212100004,24.53113333700003],[102.64493297400008,24.518308079000064],[102.69235985000006,24.513260282000033],[102.69875421300009,24.478289103000066],[102.73475791800007,24.489629715000035],[102.76723076000007,24.50550524700003],[102.81613521700007,24.52002131100005],[102.82558496000007,24.553906570000038],[102.80532034300006,24.588484227000038],[102.80540682200007,24.617048708000027],[102.81549921000004,24.64463223300004],[102.83023417300006,24.670327486000076],[102.85010588800009,24.694181225000023],[102.86503971500008,24.718073529000037],[102.85858420900007,24.75288046000003],[102.86669550600004,24.78073156000005],[102.90942175000004,24.789235292000058],[102.92939560900004,24.822580707000043],[102.93624127300006,24.868431714000053],[102.94839682100007,24.900668180000025],[103.00196023200004,24.94079752300007],[103.03919099200004,24.884958234000067],[103.02887879900004,24.853784595000036],[103.02917785200003,24.80036900700003],[103.06177934800007,24.801193330000046],[103.07137872000004,24.77389303500007],[103.04982393500006,24.746330942000043],[103.03446904900005,24.711109342000043],[103.02505825100008,24.675914354000042],[103.03376628300003,24.64762141500006],[103.05857963000005,24.63150798600003],[103.05394417900004,24.56860236800003],[103.07969205500007,24.541311174000043],[103.12677954300005,24.544305391000023]]]}},{"type":"Feature","properties":{"code":"CN053160","name":"Zhaotong","label":"Zhaotong · 昭通市","type":"Prefecture-level city","parentCode":"CN-YN"},"geometry":{"type":"Polygon","coordinates":[[[105.14815892700005,28.055186965000075],[105.17259350600006,28.03371926500006],[105.18953280700003,28.00574905700006],[105.21294132200006,28.008525666000025],[105.27742330200005,28.028241317000038],[105.29661463300005,27.977041953000025],[105.28653246400006,27.918348304000062],[105.26103912100007,27.879632927000046],[105.26942731000008,27.838729869000076],[105.33782742100004,27.840650381000046],[105.33826036900007,27.813767408000047],[105.29976892500008,27.770028738000065],[105.27137538500006,27.72420852700003],[105.27067490600007,27.72307685100003],[105.28329029700006,27.71642382300007],[105.33217022900004,27.711922172000072],[105.32501281500004,27.700203560000034],[105.32957826100005,27.65373880800007],[105.27235146800007,27.618178766000028],[105.26779951600008,27.608117331000074],[105.24657406300008,27.56774696000008],[105.26951247100004,27.521138119000057],[105.25705443800007,27.488305654000044],[105.24176339500008,27.451759415000026],[105.22032974500007,27.41584701900007],[105.14227434400004,27.42868898000006],[105.02749270300006,27.371629042000052],[104.94001804100009,27.354281164000042],[104.89935133300008,27.285092191000047],[104.86421012700004,27.30627724800007],[104.82451051900006,27.330194706000043],[104.78838550300009,27.322248355000056],[104.71760856600008,27.332436952000023],[104.64341600400007,27.31547084700003],[104.55269944600008,27.30305203300003],[104.52300716900004,27.354615851000062],[104.51026068200008,27.395315563000054],[104.46085931400006,27.41985459500006],[104.45691811100005,27.422880839000072],[104.42124025000004,27.45023701300005],[104.38121498400005,27.439276136000046],[104.35949427200006,27.413049668000042],[104.33130109300004,27.37750493300007],[104.28674504900005,27.312376397000037],[104.25632471700004,27.28028129200004],[104.22663082000008,27.273346162000053],[104.19727955800005,27.26648107400007],[104.13937926200003,27.31111691700005],[104.04155411900007,27.40303599600003],[103.99037290400008,27.43626445800004],[103.95457876000006,27.467591260000063],[103.93367148300007,27.444676875000027],[103.89688454500003,27.40430506000007],[103.87913010300008,27.338647706000074],[103.81329464000004,27.263163096000028],[103.75437746500006,27.205978321000032],[103.74145435400004,27.18828679300003],[103.72016885000005,27.15912745600008],[103.66227292600007,27.13160354400003],[103.64756116500007,27.12448369300006],[103.65349468000005,27.09873970900003],[103.67129950500004,27.077253196000072],[103.63750568800003,27.053668264000066],[103.61242764300005,27.03615271800004],[103.62986829000005,27.010473584000067],[103.60620297300005,27.001948651000077],[103.57393018800008,27.000105742000073],[103.55672390800004,27.01348357200004],[103.50831914700007,27.010692685000038],[103.50079350600004,27.003074868000056],[103.46852127800008,27.001201534000074],[103.42548013100009,27.000742655000067],[103.41475217100003,26.93384133400008],[103.41033021600003,26.89078411400004],[103.40772581000004,26.855056999000055],[103.38053294300005,26.812073501000043],[103.35310299900004,26.78705393300004],[103.38238880100005,26.772168626000052],[103.41882293900005,26.75646404500003],[103.39992291500005,26.727140451000025],[103.36762938200008,26.72109748400004],[103.33635221800006,26.725476835000052],[103.30412740000008,26.73427356700006],[103.25550477200005,26.740001660000075],[103.22402804400008,26.715525550000052],[103.21144357300005,26.689339336000046],[103.20424024200008,26.64466113000003],[103.16643169400004,26.61831113100004],[103.13223640800004,26.636810129000025],[103.09577108400003,26.637562411000033],[103.07271371800005,26.61548543500004],[103.02275437100008,26.579123396000057],[103.02294666000006,26.607622869000068],[102.99870393500004,26.658357297000066],[102.98068340900005,26.731986285000062],[102.97219661800005,26.774679913000057],[102.90971632500003,26.89721137600003],[102.90724503200005,26.90204064900007],[102.91246891900005,27.037382668000078],[102.92463657600007,27.07504496200005],[102.92566718200004,27.149787185000037],[102.92245642400007,27.201760276000073],[102.91649654200006,27.249958698000057],[102.92077093700004,27.283790318000058],[102.92267591100006,27.298912211000072],[102.94941248400005,27.370724245000076],[102.95749508000006,27.408299773000067],[102.96061962100003,27.40828365400006],[102.97546832000006,27.401115349000065],[103.01780930600006,27.368677638000065],[103.04908396300004,27.384993956000073],[103.06001462500006,27.395707550000054],[103.07647471400008,27.411845266000057],[103.13863036800007,27.424627576000034],[103.16189820800008,27.436363534000066],[103.17378526600004,27.469896068000025],[103.20946080600004,27.50889205900006],[103.22478989500007,27.547547042000076],[103.26088537100009,27.57117859400006],[103.26556267500007,27.574240141000075],[103.29714475800006,27.601268900000036],[103.33108523400006,27.650879130000078],[103.37875497900006,27.721928492000075],[103.43445148300003,27.74222699300003],[103.45363978800003,27.75876396900003],[103.49589330200007,27.795146596000052],[103.53541474400004,27.85485320400005],[103.57119007300008,27.93766062700007],[103.56425233700008,27.989316331000055],[103.51934767700004,28.013689459000034],[103.48090882400004,28.06084895400005],[103.48174904400008,28.11741875200005],[103.52262004600004,28.17446330000007],[103.59605995500004,28.250349690000064],[103.67117672700005,28.263497955000048],[103.71192621300008,28.21283661500007],[103.74391856700004,28.211007512000037],[103.79022194800007,28.238638238000078],[103.84447985200006,28.28460586800003],[103.87529735600003,28.299704790000078],[103.89215094400004,28.35170236600004],[103.86035993000007,28.407367702000045],[103.84159214800007,28.465365117000033],[103.83783655600007,28.476958414000023],[103.81942687400004,28.518563355000026],[103.81072211900005,28.538227758000062],[103.81897646700008,28.58078163400006],[103.84871952400005,28.640606155000057],[103.86422035800007,28.669201564000048],[103.89070573000004,28.63119726900004],[103.96251005000005,28.623346721000075],[104.06460096900008,28.625075784000046],[104.11956948100004,28.621626567000078],[104.16275334100004,28.63905384700007],[104.20633654200009,28.651107525000043],[104.26075966000008,28.655625262000058],[104.29344944600007,28.645608847000062],[104.35354550000005,28.658388012000046],[104.36471603800004,28.660761422000064],[104.42733135400005,28.63515424900004],[104.40070190900008,28.597710750000033],[104.39237850400008,28.58598881300003],[104.32455911400007,28.535193539000034],[104.28484637600008,28.466038010000034],[104.27132913000008,28.402868125000055],[104.26837911400008,28.389057277000063],[104.28572356600006,28.329880770000045],[104.33492041700003,28.317087918000027],[104.34876774800006,28.314591448000044],[104.39737617000009,28.305817533000038],[104.40841652100005,28.27857437600005],[104.43626365500006,28.22973752400003],[104.40450330700008,28.19681780800005],[104.43114458000008,28.181981000000064],[104.47109881900008,28.15164825100004],[104.46373112300006,28.134658354000067],[104.45323439900005,28.11043769500003],[104.39794184900006,28.077253891000055],[104.37284384300006,28.068845714000076],[104.34662489800007,28.062172573000055],[104.32821461400005,28.061258189000057],[104.32915165500003,28.031709428000056],[104.36022327100005,27.995582187000025],[104.39497313100009,27.949760206000064],[104.44470466900003,27.934649268000044],[104.47123562100006,27.926575101000026],[104.50756025100009,27.887068329000044],[104.56984266900008,27.856864588000064],[104.61266946300009,27.842748976000053],[104.73046439000007,27.877476780000052],[104.73925726400006,27.880063843000073],[104.80052498300006,27.88197731100007],[104.83581228300005,27.873717147000036],[104.89511305200006,27.891637010000068],[104.92046105100007,27.94746961800007],[104.93948322100005,27.989566135000075],[104.96794118600008,28.02847439900006],[104.96870229700005,28.03016523100007],[104.99607424800007,28.090671271000076],[105.06096993900007,28.12127701000003],[105.13269010500005,28.068780420000053],[105.14815892700005,28.055186965000075]]]}}]}
