{"type":"FeatureCollection","name":"admin2_chn_cn-zj","adm0A3":"CHN","parentCode":"CN-ZJ","parentName":"Zhejiang","bbox":[117.99385236900002,27.160588837000034,122.51702642500004,31.19127055900003],"features":[{"type":"Feature","properties":{"code":"CN033010","name":"Hangzhou","label":"Hangzhou · 杭州市","type":"Prefecture-level city","parentCode":"CN-ZJ"},"geometry":{"type":"Polygon","coordinates":[[[120.37251693100006,30.349414256000045],[120.37191723000001,30.348160216000053],[120.3712350940001,30.345381579000048],[120.34817108700008,30.323775010000077],[120.33796891600002,30.301008024000055],[120.32172343200011,30.29057029200004],[120.31528009500005,30.28997107500004],[120.30429884300008,30.295878094000045],[120.2848207400001,30.296503462000032],[120.26290992100007,30.294650276000027],[120.26289239900007,30.283700853000028],[120.24764573700008,30.281360840000048],[120.24156700300011,30.278670197000054],[120.21483882000007,30.26684282800005],[120.18917893800005,30.23990593600007],[120.18426624900007,30.22516994800003],[120.211292963,30.236236838000025],[120.23106625200012,30.24639721500006],[120.25237042200001,30.257335155000078],[120.27773719000004,30.262411975000077],[120.28357000300002,30.257062678000068],[120.28797050200001,30.24490891800008],[120.30507809800008,30.230738262000045],[120.31678657000009,30.225181977000034],[120.33569496500002,30.219550386000037],[120.35154854900009,30.220359108000025],[120.36936991700009,30.221262782000053],[120.3778074810001,30.222840938000047],[120.38751870200008,30.22982804000003],[120.39292110100007,30.237489623000045],[120.39520320500003,30.245190497000067],[120.3924725380001,30.255867602000023],[120.39446978800004,30.261063727000078],[120.4010312470001,30.265791644000046],[120.40202987200007,30.268702391000033],[120.39907001300003,30.280008138000028],[120.40010138000002,30.284588717000076],[120.4071441430001,30.288894265000067],[120.42207440900006,30.289555650000068],[120.42549920200008,30.294110036000063],[120.43203119300006,30.29674575200005],[120.43662159500002,30.29836319700007],[120.45780882000008,30.31502550400006],[120.46192119200009,30.316646224000067],[120.47254263500008,30.318817006000074],[120.4946826470001,30.31938671300003],[120.5047311080001,30.315506809000055],[120.52088264300005,30.302367520000075],[120.53855012400004,30.294214810000028],[120.5454324530001,30.28807572000005],[120.55539578500009,30.283593366000048],[120.55737339100006,30.282706063000035],[120.55885986900012,30.256175375000055],[120.56607943800009,30.241471028000035],[120.57324989400001,30.209855536000077],[120.57398985900011,30.196274233000054],[120.58164816900012,30.17947441000007],[120.58261077800012,30.164848643000028],[120.58386151500008,30.16193789700003],[120.58677553600012,30.155189809000035],[120.59104179400003,30.15179448400005],[120.59771547200012,30.148993681000036],[120.55069549400002,30.12960056600008],[120.52214996500004,30.145502012000065],[120.49801980400002,30.16697460300003],[120.46514268300007,30.17820114400007],[120.45532311800002,30.15137264300006],[120.42566939800008,30.13860713500003],[120.39074251900001,30.137962241000025],[120.3554161730001,30.142450887000052],[120.32061786500003,30.142698032000055],[120.30233366200002,30.115318024000032],[120.31722565100006,30.087394826000036],[120.32220607300007,30.056290774000047],[120.32668135900008,30.029402618000063],[120.34144186900005,30.00473244500006],[120.32974244200011,29.974937725000075],[120.29400000800001,29.95105478800008],[120.25960448900003,29.941510227000038],[120.22261570100011,29.936391787000048],[120.18957496900009,29.92901675300004],[120.15999430900001,29.91989472100005],[120.13129183300009,29.896768610000038],[120.11421163800003,29.869700839000075],[120.08650997000007,29.85434748600005],[120.07328687800009,29.824114008000038],[120.03956596500007,29.832070676000058],[120.01350945700005,29.81700192200003],[120.01611996500003,29.78706130200004],[120.00256087200012,29.758242995000046],[119.9647297250001,29.758234402000028],[119.93242588200008,29.743293877000042],[119.89792850600008,29.74897266200003],[119.85423167500005,29.748108569000067],[119.87871504100008,29.72068766900003],[119.90863282500004,29.703399801000046],[119.93888976700009,29.680505720000042],[119.8924973280001,29.653017340000076],[119.84561966900003,29.66870072300003],[119.81410612800005,29.668496195000046],[119.7787531560001,29.65381442200004],[119.75524526400011,29.632883612000057],[119.74799082900006,29.598789621000037],[119.75474432200008,29.57216571600003],[119.7367463280001,29.54884283000007],[119.71269813600009,29.527486323000062],[119.71642814600011,29.497437453000032],[119.68890439300003,29.47734239400006],[119.69870556700005,29.44995564900006],[119.66587339900002,29.437785560000066],[119.62641134100011,29.427166139000065],[119.59981498800005,29.41020799000006],[119.57424251000009,29.388506093000046],[119.54859271300006,29.357064343000047],[119.51681526400012,29.34011610600004],[119.48161183900004,29.329510681000045],[119.44730441100012,29.34897218100008],[119.44378846100005,29.37713774300005],[119.42708458000004,29.404216801000075],[119.39239363800004,29.40281514700007],[119.35819770700004,29.414348458000063],[119.32657126000004,29.398727764000057],[119.32371781400002,29.369300726000063],[119.33563770600006,29.341291755000043],[119.3430179720001,29.309989657000074],[119.33003591600004,29.283359071000064],[119.30108119200008,29.27212056600007],[119.27246889500009,29.250175307000063],[119.2423342080001,29.237642434000065],[119.21417262500006,29.26064715900003],[119.1754887410001,29.26001770000005],[119.18641020600012,29.232106590000058],[119.18118602000004,29.204286294000042],[119.14753086700011,29.21571647500008],[119.1087576440001,29.223421951000034],[119.06287602400005,29.21877446600007],[119.03065776300002,29.210552929000073],[118.9785175610001,29.234264557000074],[118.9837841740001,29.267651321000073],[118.94900111800007,29.278653768000027],[118.92005294500007,29.304892276000032],[118.90804975000003,29.333322389000045],[118.88039789100003,29.309813466000037],[118.83277477400009,29.29919534800007],[118.80702650800004,29.278282138000066],[118.77866933200005,29.262235375000046],[118.7494670100001,29.23326785200004],[118.74566866500004,29.20299267200005],[118.70173081700011,29.19664092000005],[118.65926867000007,29.19431552800006],[118.62764323100009,29.200774771000056],[118.60252621400002,29.229379050000034],[118.58688292600004,29.253916911000033],[118.59557600100004,29.291646417000038],[118.59792531100004,29.32342649000003],[118.55730310000001,29.314415303000033],[118.53941267500011,29.337737164000032],[118.53063406500007,29.36352046500008],[118.4970739900001,29.35712084200003],[118.467306011,29.342046969000023],[118.42584484200006,29.359942097000044],[118.40536291900003,29.383921547000057],[118.38220476900005,29.41229216000005],[118.36076654800002,29.442363191000027],[118.33634442200002,29.468969155000025],[118.31312788000002,29.49271551000004],[118.32361221100007,29.50451276000007],[118.40804613800003,29.514218119000077],[118.46770974000003,29.545597428000065],[118.50794219600004,29.579982966000046],[118.53622620100009,29.61560831500003],[118.57077367300008,29.662416241000074],[118.63105478800003,29.669109838000054],[118.6912761430001,29.698086541000066],[118.72984190700004,29.775815828000077],[118.72838281200006,29.816968420000023],[118.71638589200006,29.834737440000026],[118.75022346500009,29.871714905000033],[118.79215412000008,29.893851831000063],[118.80358443700004,29.903777684000033],[118.80909965800004,29.92927872300004],[118.81444088,29.941409024000052],[118.84707489100003,29.953454081000075],[118.86243247900006,29.982738551000068],[118.86109457000009,30.013166072000047],[118.861138417,30.01558636900006],[118.86173817000008,30.04256212200005],[118.85533168100005,30.07511991800004],[118.84896318300002,30.096964370000023],[118.85714862300006,30.11692116000006],[118.84470223400001,30.146340096000074],[118.83555987800003,30.16745414600007],[118.88408078000009,30.179297501000065],[118.86974726200003,30.228439755000068],[118.84202307500004,30.28116607800007],[118.84405134400004,30.302763896000044],[118.84644247800009,30.32812523900003],[118.90784687700011,30.352455339000073],[118.92445919300008,30.34953177700004],[118.96719230800011,30.32161564100005],[119.02062190400011,30.29560539600004],[119.0765796610001,30.306854865000048],[119.12103810000008,30.297480320000034],[119.23072052400005,30.286121945000048],[119.21833138500006,30.33160788500004],[119.24882027700005,30.373129523000046],[119.29854335400012,30.363315750000027],[119.32536838300007,30.35692165100005],[119.34101284700012,30.36560107100007],[119.32821195500003,30.401063776000058],[119.4229086040001,30.39772178000004],[119.46066068400012,30.412758692000068],[119.49278786900004,30.407002293000062],[119.52368595400003,30.41755996100005],[119.5530255330001,30.43288485200003],[119.58845934600004,30.428184933000068],[119.62258403700002,30.44350786600006],[119.63676217200009,30.411617585000045],[119.6887224620001,30.42987288000006],[119.69599612400009,30.468084348000048],[119.71535057300002,30.500985365000076],[119.7792546610001,30.52403771200005],[119.82520501600004,30.49378340800007],[119.85576336400004,30.475112556000056],[119.88561788600009,30.450948098000026],[119.92177465300006,30.43496039200005],[119.9545463610001,30.434574267000073],[119.9969253920001,30.434639352000033],[120.0301239800001,30.43326297300007],[120.05433273900007,30.453137498000046],[120.05521321300012,30.48131272200004],[120.08427824500006,30.497469385000045],[120.11697699700005,30.491949403000035],[120.15512735100003,30.491909563000036],[120.17933679100008,30.511301651000053],[120.20987272600007,30.526353124000025],[120.2412829000001,30.51073463800003],[120.28301754300003,30.517717248000054],[120.3027570270001,30.543549313000028],[120.32995200500011,30.507476884000027],[120.34136136500001,30.480855268000028],[120.33210391900002,30.44609653300006],[120.32136496400005,30.41611993300006],[120.33291622100012,30.382522735000066],[120.37251693100006,30.349414256000045]]]}},{"type":"Feature","properties":{"code":"CN033020","name":"Huzhou","label":"Huzhou · 湖州市","type":"Prefecture-level city","parentCode":"CN-ZJ"},"geometry":{"type":"Polygon","coordinates":[[[119.89126995400011,31.156595371000037],[119.89862530000005,31.141348140000048],[119.90617996300011,31.11292102400006],[119.91421954100008,31.088835522000068],[119.92330502800007,31.07343869600004],[119.93488686300009,31.060758716000066],[119.95261345100005,31.044632097000033],[119.97248545000002,31.02100387400003],[119.98639073100003,31.009580924000034],[120.0090962910001,30.998874169000032],[120.0185096030001,30.993683840000074],[120.04329060100008,30.978402464000055],[120.06685711800003,30.967611516000034],[120.07513464800002,30.96397424500003],[120.08108076200006,30.959072310000067],[120.09194349000006,30.951558790000036],[120.12041104500008,30.938134052000066],[120.15067638500011,30.925281580000046],[120.18430773900002,30.915059014000065],[120.19491545000005,30.912676584000053],[120.21044467400009,30.911327889000063],[120.23254632400005,30.91379987600004],[120.24368496300008,30.91575870300005],[120.25482346600006,30.917716532000043],[120.26560518000008,30.916776473000027],[120.27243044200009,30.91910888500007],[120.27925608600003,30.921440893000067],[120.29488116000005,30.92446713100003],[120.3282607750001,30.903418645000045],[120.32927456900006,30.902786457000047],[120.35632684300003,30.909644766000042],[120.41647075100002,30.914598436000063],[120.42252369700009,30.86504466100007],[120.44187542500003,30.810843266000063],[120.46191815400005,30.760245988000065],[120.45290327700002,30.750892075000024],[120.4708889630001,30.721748827000056],[120.44232659900001,30.706559714000036],[120.42499282500012,30.683747006000033],[120.39801522900007,30.668389228000024],[120.36774894400003,30.66029640800008],[120.33426485300004,30.64372007000003],[120.30311418600002,30.57918785100003],[120.3027570270001,30.543549313000028],[120.28301754300003,30.517717248000054],[120.2412829000001,30.51073463800003],[120.20987272600007,30.526353124000025],[120.17933679100008,30.511301651000053],[120.15512735100003,30.491909563000036],[120.11697699700005,30.491949403000035],[120.08427824500006,30.497469385000045],[120.05521321300012,30.48131272200004],[120.05433273900007,30.453137498000046],[120.0301239800001,30.43326297300007],[119.9969253920001,30.434639352000033],[119.9545463610001,30.434574267000073],[119.92177465300006,30.43496039200005],[119.88561788600009,30.450948098000026],[119.85576336400004,30.475112556000056],[119.82520501600004,30.49378340800007],[119.7792546610001,30.52403771200005],[119.71535057300002,30.500985365000076],[119.69599612400009,30.468084348000048],[119.6887224620001,30.42987288000006],[119.63676217200009,30.411617585000045],[119.62258403700002,30.44350786600006],[119.58845934600004,30.428184933000068],[119.5530255330001,30.43288485200003],[119.52368595400003,30.41755996100005],[119.49278786900004,30.407002293000062],[119.46066068400012,30.412758692000068],[119.4229086040001,30.39772178000004],[119.32821195500003,30.401063776000058],[119.31122003900009,30.44802125800004],[119.29969325100001,30.49165380100004],[119.26339856100003,30.520117542000037],[119.19130706300007,30.593900787000052],[119.21478961100001,30.606495721000044],[119.22667432600008,30.609128702000078],[119.31226669800003,30.62805841000005],[119.31618796600003,30.677698288000045],[119.35296182100001,30.684854951000034],[119.38780474500004,30.652025515000048],[119.41988761400012,30.644345654000062],[119.43739739500006,30.701908466000077],[119.44946419400003,30.716185463000045],[119.44481440600009,30.75396352100006],[119.50010949300008,30.775771473000077],[119.5306970790001,30.804723876000025],[119.53221437800005,30.860767500000065],[119.53304772800004,30.867043610000053],[119.53710364300002,30.897838033000028],[119.55290385400008,30.958169059000056],[119.58229023900003,30.995213884000066],[119.59088804600003,31.047152948000075],[119.5975550930001,31.080519225000046],[119.60824717000003,31.122967542000026],[119.61209206900003,31.13824851000004],[119.64405907100002,31.17864735300003],[119.7019351570001,31.19127055900003],[119.76383382600011,31.181290137000076],[119.80598800100006,31.176329042000077],[119.85274205700011,31.17457102700007],[119.8803061530001,31.167388824000057],[119.89126995400011,31.156595371000037]]]}},{"type":"Feature","properties":{"code":"CN033030","name":"Jiaxing","label":"Jiaxing · 嘉兴市","type":"Prefecture-level city","parentCode":"CN-ZJ"},"geometry":{"type":"Polygon","coordinates":[[[121.26111319900008,30.691142004000028],[121.24836637500005,30.685675892000063],[121.2287834980001,30.67328311700004],[121.1762459900001,30.645167724000032],[121.1756959270001,30.64476172600007],[121.16570312700003,30.637414464000074],[121.16242517800003,30.632770313000037],[121.14532979100011,30.627191552000056],[121.12863285000003,30.597803197000076],[121.11604933600006,30.58926228200005],[121.11347994000005,30.588187152000046],[121.10481318300003,30.588956585000062],[121.09970218600006,30.586743238000054],[121.09438164200003,30.586202998000033],[121.08772195800009,30.590279354000074],[121.08122270800004,30.59121904400007],[121.07708741800002,30.589617969000074],[121.07008394400009,30.590076355000065],[121.0686564020001,30.59017130600006],[121.06211131400005,30.58881252100008],[121.03463781100004,30.577370831000053],[121.01664491000008,30.573416035000037],[121.01120729200011,30.568201960000067],[121.00507736200007,30.56232641400004],[121.0043875020001,30.561970785000028],[120.99289840100005,30.554011251000077],[120.983786355,30.54454886800005],[120.97007081100003,30.53390777900006],[120.96437701000002,30.52668821000003],[120.9536147770001,30.518296484000075],[120.95374607800011,30.513393531000077],[120.94020947000001,30.50026210200008],[120.93998763600007,30.50013460200006],[120.93978874600009,30.49985397100005],[120.92479112900003,30.485305264000033],[120.92412128100011,30.462640253000075],[120.93676987200001,30.426044067000078],[120.91847740000003,30.41770420200004],[120.91403320300003,30.417657982000037],[120.91039231400009,30.416043811000065],[120.90770093700007,30.413994174000038],[120.90668450300006,30.412327609000045],[120.89342969800009,30.406284506000077],[120.88942567900006,30.37407338400004],[120.88742066000009,30.374006601000076],[120.88403188200004,30.372804977000044],[120.87325982700008,30.363781334000066],[120.87087949700003,30.365068087000054],[120.86154153300004,30.36750080300004],[120.85571349100007,30.365081184000076],[120.84496435500012,30.356470087000048],[120.83867792700005,30.355311027000027],[120.83663811200006,30.34886743900006],[120.83400567100011,30.346811253000055],[120.83297102900008,30.345999257000074],[120.81640694800001,30.348114378000048],[120.81252376900011,30.345878112000037],[120.80432194600007,30.345367340000053],[120.79776048700012,30.34170025700007],[120.78988608100008,30.332211680000057],[120.78603237000004,30.331638699000052],[120.78378300800011,30.34043969700008],[120.77619018200005,30.34680797900006],[120.77068301000008,30.347931023000058],[120.7602907590001,30.345989434000046],[120.75237379000009,30.34714194600008],[120.74933535000002,30.35219728100003],[120.74075372100003,30.356905554000036],[120.73565582100002,30.367831496000065],[120.72509658700005,30.375273709000055],[120.72115447400006,30.37805021500003],[120.69174905400007,30.389516396000033],[120.67828234700005,30.390321845000074],[120.67109552000011,30.393131092000033],[120.64830067200012,30.397400624000056],[120.62378033000005,30.399391326000057],[120.58789858000011,30.399018070000068],[120.58496164000007,30.39873321600004],[120.55726534300004,30.39606148400003],[120.49395905300003,30.396634466000023],[120.45829012500008,30.39434581300003],[120.44019372600008,30.390799875000027],[120.429559186,30.388629093000077],[120.40836213800003,30.387620646000073],[120.39845119300003,30.38523049400004],[120.39069465800003,30.38135058900008],[120.38532172700002,30.376190480000048],[120.37251693100006,30.349414256000045],[120.33291622100012,30.382522735000066],[120.32136496400005,30.41611993300006],[120.33210391900002,30.44609653300006],[120.34136136500001,30.480855268000028],[120.32995200500011,30.507476884000027],[120.3027570270001,30.543549313000028],[120.30311418600002,30.57918785100003],[120.33426485300004,30.64372007000003],[120.36774894400003,30.66029640800008],[120.39801522900007,30.668389228000024],[120.42499282500012,30.683747006000033],[120.44232659900001,30.706559714000036],[120.4708889630001,30.721748827000056],[120.45290327700002,30.750892075000024],[120.46191815400005,30.760245988000065],[120.50540210500003,30.77111597000004],[120.53161457700003,30.836312493000037],[120.566810153,30.85606013000006],[120.6374738610001,30.854268941000043],[120.67751902400005,30.868962699000065],[120.68406553500006,30.87753008100003],[120.69120402500005,30.890625355000054],[120.6694594280001,30.93383149400006],[120.65018397300003,30.953898739000067],[120.6411220010001,30.96845976900005],[120.64170591600009,30.972988163000025],[120.7022817940001,30.99190691900003],[120.73444391900011,31.00260103900007],[120.77074168400009,31.003130992000024],[120.81673976100001,31.01353512700007],[120.86263968500009,31.01411680800004],[120.89260728800002,31.02406691500005],[120.90092776400002,31.02425888700003],[120.95034472700002,31.02538964200005],[120.96413132500004,30.989415333000068],[120.97197676200005,30.958622252000055],[120.97714904300005,30.93832707400003],[120.9647460010001,30.87959872500005],[120.9844743640001,30.82256718900004],[121.01048370800004,30.826577945000054],[121.0363522990001,30.836742333000075],[121.04399988000011,30.839751130000025],[121.07877091700004,30.845666711000035],[121.10716799400006,30.834273127000074],[121.10239279900009,30.786482182000043],[121.12479154000005,30.778279731000055],[121.1980618880001,30.786152886000025],[121.21667306000006,30.755944201000034],[121.23333938600001,30.718755686000065],[121.2587676600001,30.692400117000034],[121.26111319900008,30.691142004000028]]]}},{"type":"Feature","properties":{"code":"CN033040","name":"Jinhua","label":"Jinhua · 金华市","type":"Prefecture-level city","parentCode":"CN-ZJ"},"geometry":{"type":"Polygon","coordinates":[[[120.76905712000007,29.20940721900007],[120.74346746300012,29.177707448000035],[120.71377069300001,29.162238650000063],[120.68851519500004,29.132818065000038],[120.69478338500005,29.10101410200008],[120.67493820400011,29.072875185000044],[120.69295529700003,29.043094585000063],[120.70400201700011,29.007988578000038],[120.70301479200009,28.980654607000076],[120.67682684500005,28.95551237600006],[120.65394420900009,28.935590346000026],[120.64241072900006,28.907036591000065],[120.613316499,28.88729783100007],[120.57506192800008,28.87315223400003],[120.53641949900009,28.85578632000005],[120.500942699,28.84272872500003],[120.46786583700009,28.832202384000027],[120.43800411200004,28.822266953000053],[120.38812909400008,28.80600946000004],[120.35661616100003,28.81575444400005],[120.3287151190001,28.837670838000065],[120.30914580000001,28.876396726000053],[120.2802706330001,28.932332237000026],[120.25056755700007,28.91117534800003],[120.25025245500001,28.879597028000035],[120.23533919400006,28.847636273000035],[120.20366545000002,28.822949021000056],[120.17840353500003,28.80365040500004],[120.15047545200002,28.783685502000026],[120.12078396400011,28.75784601500004],[120.0885381060001,28.757361149000076],[120.05616406500008,28.755951610000068],[120.02115649100006,28.737127861000033],[119.9791972910001,28.746410740000044],[119.94954642400012,28.775846321000074],[119.91111813000009,28.78010613500004],[119.88126178400012,28.760735081000064],[119.85204456000008,28.707828531000075],[119.82970241100008,28.68584728700006],[119.80366545100003,28.663294879000034],[119.80612883300012,28.63609230000003],[119.78685778400006,28.61380160500005],[119.7484174760001,28.612900053000033],[119.73792048700011,28.585566035000056],[119.72854736900001,28.550214640000036],[119.69861884200009,28.524761709000074],[119.65815553300001,28.506363993000036],[119.61524172300005,28.506786556000066],[119.58155611900008,28.506306729000073],[119.54053492500009,28.513957821000076],[119.51517814600004,28.53636649500004],[119.48625783400007,28.554928072000052],[119.48550253600001,28.593110787000057],[119.45553800800008,28.611755893000065],[119.44303682000009,28.656157247000067],[119.45324653300008,28.68167962900003],[119.454549068,28.742418490000034],[119.41864133900003,28.736982312000066],[119.39408244100002,28.762524341000073],[119.36010684300004,28.75131491600007],[119.32833089300004,28.754752591000056],[119.3220039360001,28.794823035000036],[119.31863676000012,28.803395609000063],[119.32581729600008,28.808592549000025],[119.3278394030001,28.809240198000055],[119.33063695500005,28.81294568800007],[119.33209678000003,28.81696934100006],[119.33231550000005,28.82963765200003],[119.33290205300011,28.834672272000034],[119.32786112800011,28.851756084000044],[119.32289308400004,28.873937364000028],[119.32292855800006,28.882420643000046],[119.32837606600003,28.892027849000044],[119.33417459900011,28.908876316000033],[119.3354143470001,28.91623163500003],[119.3342248240001,28.92208895300007],[119.328536471,28.93173964400006],[119.3241671290001,28.938370553000027],[119.31523344200002,28.943244519000075],[119.31129452800008,28.947267298000043],[119.2996826750001,28.954352321000044],[119.29417986200008,28.962549858000045],[119.29549118300008,28.970346016000065],[119.30224470200005,28.97941421400003],[119.3086129720001,28.985151015000042],[119.31824188100006,28.992131549000078],[119.32500318400002,28.99811872500004],[119.3281045010001,29.00358765800007],[119.32876199200007,29.00748520700006],[119.32651859400005,29.012271531000067],[119.32369119900011,29.017731531000038],[119.3239625000001,29.027609273000053],[119.32680947900008,29.037765213000057],[119.33202693600003,29.04439558200005],[119.33746415300004,29.05077294700004],[119.34037252000007,29.060244889000046],[119.33918282800005,29.070755330000054],[119.33651121100002,29.07559464900004],[119.32116006100011,29.07819059600007],[119.31747144100007,29.082163981000065],[119.30631731900007,29.088979280000046],[119.29831792700008,29.09328111700006],[119.28452093800001,29.109790960000055],[119.27553802600005,29.11811674100005],[119.26771658300004,29.121943093000027],[119.26207302000012,29.127824867000072],[119.24986137500002,29.142929593000076],[119.2486133970001,29.14848900000004],[119.24752885400005,29.156579986000054],[119.24264371800007,29.15816250200004],[119.24056070500001,29.161873772000035],[119.23893266000005,29.167254753000066],[119.2386804460001,29.176667896000026],[119.23287806300004,29.178846386000032],[119.23148787600007,29.18342847400004],[119.23518096400005,29.21139210900003],[119.2423342080001,29.237642434000065],[119.27246889500009,29.250175307000063],[119.30108119200008,29.27212056600007],[119.33003591600004,29.283359071000064],[119.3430179720001,29.309989657000074],[119.33563770600006,29.341291755000043],[119.32371781400002,29.369300726000063],[119.32657126000004,29.398727764000057],[119.35819770700004,29.414348458000063],[119.39239363800004,29.40281514700007],[119.42708458000004,29.404216801000075],[119.44378846100005,29.37713774300005],[119.44730441100012,29.34897218100008],[119.48161183900004,29.329510681000045],[119.51681526400012,29.34011610600004],[119.54859271300006,29.357064343000047],[119.57424251000009,29.388506093000046],[119.59981498800005,29.41020799000006],[119.62641134100011,29.427166139000065],[119.66587339900002,29.437785560000066],[119.69870556700005,29.44995564900006],[119.68890439300003,29.47734239400006],[119.71642814600011,29.497437453000032],[119.71269813600009,29.527486323000062],[119.7367463280001,29.54884283000007],[119.75474432200008,29.57216571600003],[119.74799082900006,29.598789621000037],[119.75524526400011,29.632883612000057],[119.7787531560001,29.65381442200004],[119.81410612800005,29.668496195000046],[119.84561966900003,29.66870072300003],[119.8924973280001,29.653017340000076],[119.93888976700009,29.680505720000042],[119.98128513000006,29.632750910000027],[119.99945312700004,29.592922401000067],[120.02240498000003,29.566534819000026],[120.04947830100002,29.55226110600006],[120.05624876600007,29.522358247000057],[120.06417180100004,29.489085080000052],[120.10992345200009,29.482225929000037],[120.13613170600001,29.49911593300004],[120.15624184900003,29.530069711000067],[120.18930230300009,29.543013091000034],[120.2057449560001,29.51955249300005],[120.22971228300003,29.501830491000078],[120.2544074430001,29.47752855300007],[120.26207994000004,29.442866321000054],[120.26537986300002,29.406781014000046],[120.2944965160001,29.368083247000072],[120.33230013500008,29.385615935000033],[120.3677512800001,29.40105744400006],[120.40024219000009,29.42189445300005],[120.41531348600006,29.445436683000025],[120.46830129500006,29.500688126000057],[120.50310850200003,29.45222902300003],[120.5174084790001,29.408956579000062],[120.5258604920001,29.381146491000038],[120.53836781500002,29.35245123800007],[120.55959715100005,29.326560836000056],[120.60315479500002,29.319721273000027],[120.635919693,29.318171433000032],[120.6971212090001,29.326183865000075],[120.73710225600007,29.300146890000065],[120.7528445270001,29.276652893000062],[120.74452471200004,29.238745016000053],[120.76905712000007,29.20940721900007]]]}},{"type":"Feature","properties":{"code":"CN033050","name":"Lishui","label":"Lishui · 丽水市","type":"Prefecture-level city","parentCode":"CN-ZJ"},"geometry":{"type":"Polygon","coordinates":[[[120.38812909400008,28.80600946000004],[120.37438053700009,28.775334986000075],[120.35270723700012,28.743609479000042],[120.34210105500006,28.708887393000055],[120.32679018800002,28.677895884000066],[120.3135900210001,28.64715037900004],[120.32889146200012,28.620465715000023],[120.33067924400007,28.589116036000064],[120.31374359800009,28.561540851000075],[120.28064161000009,28.553761980000047],[120.25702552200005,28.534772674000067],[120.26688873300009,28.50585225800006],[120.30100943000002,28.49305597400007],[120.3368638280001,28.48565744600006],[120.37249125700009,28.464307242000075],[120.36644395500002,28.42444200600005],[120.35814903300002,28.39550762300007],[120.32826217400009,28.41301231500006],[120.30297342400002,28.388615322000078],[120.33020710100004,28.34998063200004],[120.38006470100004,28.308439711000062],[120.39191211000002,28.249796916000037],[120.39106412400008,28.217144923000035],[120.38344635700003,28.190108718000033],[120.3669646080001,28.155431156000077],[120.37496222200002,28.124134163000065],[120.3561467510001,28.09161449100003],[120.3369279310001,28.058286276000047],[120.32209541000009,28.029388123000047],[120.2736563310001,27.983470688000068],[120.23285181300002,27.974701090000053],[120.20661971300001,27.959671885000034],[120.17240968400006,27.92033972200005],[120.1301246060001,27.963229813000055],[120.0963769330001,27.977076170000032],[120.05595450800001,27.965170546000024],[120.01429149600006,27.952286360000073],[119.97433546600007,27.93773254300004],[119.94276773000001,27.937321197000074],[119.93848457600006,27.963979807000044],[119.90535012900011,27.970727563000025],[119.87699546500005,27.94991843500003],[119.86031282600004,27.98043098000005],[119.80594577600004,27.921538516000055],[119.77018294300001,27.915902180000046],[119.77014689900011,27.887590283000065],[119.76621773200009,27.846706794000056],[119.7397815920001,27.816315789000043],[119.72336526200002,27.785665580000057],[119.69351668500008,27.764509462000035],[119.6613917200001,27.75362273500008],[119.63542503500003,27.72727452600003],[119.6197978240001,27.702420911000047],[119.60851211300007,27.666665141000067],[119.55767169400008,27.68363930000004],[119.49156226900004,27.648814936000065],[119.4744828580001,27.61822685800007],[119.47073438200005,27.57991932400006],[119.4538630830001,27.532733982000025],[119.42770038100002,27.51587392700003],[119.41398768700003,27.51153061200006],[119.39228194800012,27.519460571000025],[119.3509260730001,27.51450972600003],[119.31775744000004,27.47750988100006],[119.3014412120001,27.45628952800007],[119.27127007500007,27.439697307000074],[119.25090902200009,27.42954652900005],[119.23959373800005,27.41782159400003],[119.22102862300005,27.411308632000043],[119.2037054760001,27.405230763000077],[119.15845429900003,27.401394593000077],[119.1397064140001,27.408164020000072],[119.1278565240001,27.43416976800006],[119.11116841900002,27.47399334800008],[119.06315781400008,27.484679435000032],[119.03250357900004,27.473446402000036],[118.99336443200002,27.48076783600004],[118.95212940600004,27.476561352000033],[118.8975761590001,27.471494048000068],[118.89786299000002,27.46340007400005],[118.88564928500011,27.475036239000076],[118.86969816700002,27.492751703000067],[118.86061673900008,27.502845524000065],[118.85985560300003,27.539681959000063],[118.8763821230001,27.552866103000042],[118.87985753200007,27.613622922000047],[118.86226085900012,27.65613748900006],[118.85401967700011,27.70066806600005],[118.82380937800008,27.785298770000054],[118.80076484400001,27.838752211000042],[118.79669037700012,27.848170715000037],[118.76891316000001,27.903898034000065],[118.72906355200007,27.951486173000035],[118.70890238200002,28.012925076000045],[118.69853526200006,28.069191956000054],[118.71616738000012,28.093954840000038],[118.75299528400001,28.114695727000026],[118.74868636500003,28.169635882000023],[118.75740131100008,28.197696101000076],[118.75633564100008,28.220160209000028],[118.76012515600007,28.227954158000045],[118.74003031600012,28.244226596000033],[118.73229979500002,28.25048392000008],[118.7166437840001,28.259625076000077],[118.70368811600008,28.287383686000055],[118.67493050600001,28.30159578400003],[118.71148754100011,28.354224569000053],[118.72977136100008,28.384161832000075],[118.73157488300001,28.41159260200004],[118.70166175700001,28.446696081000027],[118.7031082210001,28.485501416000034],[118.73333191600011,28.502334769000072],[118.79733907700006,28.511047435000023],[118.79398650500002,28.54711339200003],[118.83446807600001,28.52445969000007],[118.87200836500006,28.527136037000048],[118.89479398800006,28.546456883000076],[118.90414067100005,28.575342188000036],[118.91268845200011,28.601515753000058],[118.93568824300007,28.631956528000046],[118.96841677700002,28.65175604800004],[119.00202768800011,28.67472185500003],[119.02861491100009,28.69506280400003],[119.0588865960001,28.720173299000066],[119.0976887280001,28.714772451000044],[119.13299504700001,28.719897495000055],[119.15794435600003,28.738968484000054],[119.19801228400001,28.744567130000064],[119.23301515500009,28.74689938000006],[119.25728028600008,28.764159660000075],[119.28232833800007,28.783663422000075],[119.3220039360001,28.794823035000036],[119.32833089300004,28.754752591000056],[119.36010684300004,28.75131491600007],[119.39408244100002,28.762524341000073],[119.41864133900003,28.736982312000066],[119.454549068,28.742418490000034],[119.45324653300008,28.68167962900003],[119.44303682000009,28.656157247000067],[119.45553800800008,28.611755893000065],[119.48550253600001,28.593110787000057],[119.48625783400007,28.554928072000052],[119.51517814600004,28.53636649500004],[119.54053492500009,28.513957821000076],[119.58155611900008,28.506306729000073],[119.61524172300005,28.506786556000066],[119.65815553300001,28.506363993000036],[119.69861884200009,28.524761709000074],[119.72854736900001,28.550214640000036],[119.73792048700011,28.585566035000056],[119.7484174760001,28.612900053000033],[119.78685778400006,28.61380160500005],[119.80612883300012,28.63609230000003],[119.80366545100003,28.663294879000034],[119.82970241100008,28.68584728700006],[119.85204456000008,28.707828531000075],[119.88126178400012,28.760735081000064],[119.91111813000009,28.78010613500004],[119.94954642400012,28.775846321000074],[119.9791972910001,28.746410740000044],[120.02115649100006,28.737127861000033],[120.05616406500008,28.755951610000068],[120.0885381060001,28.757361149000076],[120.12078396400011,28.75784601500004],[120.15047545200002,28.783685502000026],[120.17840353500003,28.80365040500004],[120.20366545000002,28.822949021000056],[120.23533919400006,28.847636273000035],[120.25025245500001,28.879597028000035],[120.25056755700007,28.91117534800003],[120.2802706330001,28.932332237000026],[120.30914580000001,28.876396726000053],[120.3287151190001,28.837670838000065],[120.35661616100003,28.81575444400005],[120.38812909400008,28.80600946000004]]]}},{"type":"Feature","properties":{"code":"CN033060","name":"Ningbo","label":"Ningbo · 宁波市","type":"Prefecture-level city","parentCode":"CN-ZJ"},"geometry":{"type":"MultiPolygon","coordinates":[[[[121.46266731700007,30.20111130400005],[121.48988637700006,30.163037607000035],[121.50472197500005,30.128860897000038],[121.5342700970001,30.116943598000034],[121.5493164080001,30.08455275700004],[121.56529673500006,30.05935464500004],[121.57836995600007,30.05080664700006],[121.60280057400007,30.034820384000056],[121.62514229200008,30.01822514500003],[121.62918964300002,30.01000280100004],[121.6341467530001,30.007183731000055],[121.64218159400002,30.00000017800005],[121.65852303100007,29.98538750800003],[121.66577206800002,29.97813847100008],[121.67310295900006,29.965248020000047],[121.67829253600007,29.962006581000026],[121.68731617900005,29.961161842000024],[121.70675499200001,29.95933157500008],[121.71957654700009,29.965098176000026],[121.72300481400009,29.964561574000072],[121.72354826600008,29.959400333000076],[121.71782827200002,29.95200068400004],[121.72300802600012,29.948755971000026],[121.72904234200007,29.958657094000046],[121.73483595100004,29.96270972900004],[121.74313027100004,29.96141147800006],[121.74150714900009,29.958604707000063],[121.74215543700006,29.95608358800007],[121.74556713300001,29.957894210000063],[121.74739215700004,29.960744395000063],[121.76296600300009,29.95830673000006],[121.79018277400007,29.945634520000056],[121.82182503700005,29.926137605000065],[121.8317400090001,29.92019267300003],[121.83178614200006,29.919916984000054],[121.83358374300008,29.91908718600007],[121.84362434700006,29.913066926000056],[121.881776478,29.910224569000036],[121.89972892700007,29.908452901000032],[121.92817761000003,29.889238313000078],[121.97540518100004,29.874528772000076],[122.00941928700001,29.877737686000046],[122.01049749000003,29.874985398000035],[122.01306772200007,29.87283753500003],[122.01866002400004,29.875424138000028],[122.0213341870001,29.87886174500005],[122.03178448000006,29.879847633000054],[122.04759911500003,29.881660281000052],[122.04783625100004,29.88164180800004],[122.05552730200009,29.88209037100006],[122.05775970800005,29.88282487200007],[122.07420634000005,29.88470995800003],[122.11873093700001,29.889355401000046],[122.12177505700004,29.872640587000035],[122.12085604700007,29.87072579100004],[122.11459352700001,29.870051207000074],[122.10207305900008,29.860320341000033],[122.09536753600003,29.86048077600003],[122.08538783300003,29.855490924000037],[122.07917016300007,29.855847810000057],[122.07296886400002,29.848680628000068],[122.0403514730001,29.839620969000066],[122.02292628100008,29.82602984300007],[122.01487834400007,29.822834243000045],[122.01348026900007,29.822277632000066],[122.00047194800004,29.819861286000048],[121.97769019700002,29.81056261200007],[121.95443696300003,29.79354341900006],[121.9469063470001,29.78974536900006],[121.94085566000001,29.78758113600003],[121.92548338000006,29.785839272000032],[121.91924486000005,29.780767105000052],[121.90332228600005,29.776876900000047],[121.8827782830001,29.76527986600007],[121.88107238900011,29.765100609000058],[121.86926241800006,29.753663895000045],[121.86861491200011,29.75138998600005],[121.8627317380001,29.74534385000004],[121.85799911100003,29.736470961000066],[121.84843302400009,29.718499116000032],[121.83189071100003,29.697409100000073],[121.82816162400002,29.696486872000037],[121.83033259400008,29.695422636000046],[121.82653136500005,29.690576398000076],[121.82073838600002,29.678019306000067],[121.79479117100004,29.66628910000003],[121.78982828200003,29.66235914500004],[121.78507146100003,29.660011299000075],[121.76172677300008,29.644983137000054],[121.7552185610001,29.62242039700004],[121.74916873200004,29.615660439000067],[121.74506290900001,29.613869462000025],[121.74467987900005,29.610854646000064],[121.73725750400001,29.605446166000036],[121.7297321210001,29.601093570000046],[121.72107254200012,29.596088077000047],[121.70959347100006,29.589634395000076],[121.70314029600002,29.593022751000035],[121.69764622000002,29.593137348000027],[121.69615974200008,29.59107788800003],[121.69682440100007,29.588972590000026],[121.70247563700002,29.58634997100006],[121.7027571750001,29.585790941000027],[121.70034794000003,29.58443643800007],[121.69143285000007,29.57345759900005],[121.68085942400012,29.55807834700005],[121.64986152000006,29.549240017000045],[121.64847463600006,29.548979795000037],[121.64669014100002,29.554701737000073],[121.64605822400006,29.567038851000063],[121.6435469270001,29.571688188000053],[121.64140233800003,29.571521205000067],[121.63806267400003,29.553624531000025],[121.64082790300006,29.547545031000027],[121.63354490100005,29.546178515000065],[121.63002128500011,29.54773100500006],[121.62470401500002,29.545331031000046],[121.61734038200007,29.546732380000037],[121.60780269300005,29.542469397000048],[121.60348488900001,29.540538327000036],[121.60178921900001,29.54022016700003],[121.5868545620001,29.540103592000037],[121.5731422130001,29.546365672000036],[121.56762849200004,29.545848351000075],[121.5641709570001,29.541529707000052],[121.56387926500008,29.539924254000027],[121.55805483200004,29.539878790000046],[121.55310593900003,29.535292045000062],[121.55137545700006,29.536143679000077],[121.54872009600001,29.534942054000055],[121.54245682900012,29.525422210000045],[121.53166116800003,29.515416549000065],[121.52935004200003,29.515057953000053],[121.52817400300012,29.51218456600003],[121.52776329100004,29.511803909000037],[121.52010736300008,29.520498859000043],[121.51978288500004,29.524228934000064],[121.51934087000006,29.525469849000046],[121.51352592500007,29.54169014100006],[121.5135815860001,29.55296969500006],[121.51171857700001,29.55509463900006],[121.50096289200008,29.545069096000077],[121.49911311500011,29.544342334000078],[121.49620987200001,29.547639590000074],[121.48212766600011,29.54054713200003],[121.48055164800007,29.540449227000067],[121.47960476800006,29.539276482000048],[121.46883449200004,29.533852067000055],[121.45441452000011,29.521993320000036],[121.4533628480001,29.522794843000042],[121.44700766300002,29.51706502600007],[121.44500059000006,29.512926461000063],[121.44615965000003,29.509793070000057],[121.44702126400011,29.507471873000043],[121.44231504800007,29.493544529000076],[121.42351923100011,29.47984032100004],[121.42166219300009,29.465434524000045],[121.42588476900005,29.44042025400006],[121.42136708500004,29.405299995000064],[121.43666305600004,29.41181130500007],[121.43681186300012,29.411547994000045],[121.44130731400003,29.410208854000075],[121.46295947300007,29.417526649000024],[121.46182988100009,29.43008313300004],[121.46421675900001,29.439856563000035],[121.4756698440001,29.45906618300006],[121.47474652500011,29.46047735600007],[121.47290643500003,29.463296425000067],[121.47588266600008,29.46783771400004],[121.49136299300005,29.47568592600004],[121.49430677600003,29.479859859000044],[121.49525691000008,29.466606438000042],[121.49794789200007,29.454505037000047],[121.50453884500007,29.455068246000053],[121.50631617800002,29.453667059000054],[121.51515319300006,29.453496802000075],[121.51874401400005,29.45628210500007],[121.52808830900005,29.457080592000068],[121.52721800800009,29.455969198000048],[121.52205516600009,29.452733917000046],[121.5205408380001,29.447442296000077],[121.51803492500005,29.444242188000032],[121.51425279300008,29.445992379000074],[121.51252075100001,29.443729920000067],[121.5136846900001,29.438686837000034],[121.49573668900007,29.415766822000023],[121.49368438800002,29.415470463000077],[121.48931990400001,29.412631748000024],[121.48095764600009,29.40255709300004],[121.4803617450001,29.397550871000078],[121.4806429350001,29.396491749000063],[121.47961602300006,29.39518035800006],[121.48090986300008,29.39548634600004],[121.48253580100004,29.389362144000074],[121.48162885300007,29.38123235200004],[121.48763370100005,29.37338414000004],[121.48774829800004,29.387797085000045],[121.49249913400001,29.387080040000058],[121.50171595400002,29.395360443000072],[121.50615574300002,29.399351670000044],[121.5126713630001,29.40193827300004],[121.52561092700012,29.413803905000066],[121.53869782800007,29.421694681000076],[121.54215863800005,29.42664196900006],[121.54725653800006,29.429883408000023],[121.55503926600011,29.445193479000068],[121.55214816400007,29.453395302000047],[121.55316316000005,29.455883680000056],[121.57460904600009,29.47321719400003],[121.5789506100001,29.474798623000027],[121.58920207100005,29.47438607600003],[121.59448987300004,29.475741587000073],[121.59562601400012,29.476576504000036],[121.60032773800003,29.48001439400008],[121.62349584200001,29.48978127600003],[121.63400268900011,29.48956845400005],[121.64893295500008,29.494276726000066],[121.6582349030001,29.49388055000003],[121.66602418000002,29.49935825500006],[121.6661179680001,29.49958040300004],[121.68707230100006,29.50824635500004],[121.69925468400004,29.51981971300006],[121.7079281020001,29.529005012000027],[121.7271052860001,29.52895364400007],[121.73367699800008,29.52696104100005],[121.73139975200002,29.524533433000045],[121.73581007400003,29.519841532000044],[121.74107495700002,29.519730209000045],[121.74954198900002,29.524150354000028],[121.75913861400011,29.525617187000023],[121.7595909900001,29.526639725000052],[121.7695394640001,29.527533924000068],[121.76826313400011,29.521870886000045],[121.76006193300009,29.50700346800005],[121.75816945600002,29.498893321000025],[121.75845431000005,29.491575527000066],[121.76039917300011,29.485927565000054],[121.76145735700004,29.482857643000045],[121.76108285600003,29.480039447000024],[121.7631410350001,29.47797308400004],[121.76331319400003,29.47747362900003],[121.7697600570001,29.46877085600005],[121.77462982700001,29.466438608000033],[121.77517318900004,29.46589308500006],[121.77534647700008,29.466095387000053],[121.77706148100003,29.465274031000035],[121.80602161200011,29.476350585000034],[121.81239316800009,29.48206403100005],[121.81590309,29.488465055000063],[121.81797892100008,29.494476451000025],[121.81910851300006,29.509285572000067],[121.82806907500003,29.522892047000028],[121.84048592700003,29.524196278000034],[121.8401515490001,29.524724692000063],[121.84806209600004,29.522411764000026],[121.85643090300005,29.519962676000034],[121.85724617400001,29.52370506500006],[121.85304867400009,29.527349229000038],[121.84381220900002,29.52985070300008],[121.83817406900005,29.533314786000062],[121.83529606400009,29.541735980000055],[121.83270946100004,29.543045652000046],[121.81839146700008,29.543566247000058],[121.80966250100005,29.54730536200003],[121.7884981950001,29.54232860700006],[121.78045680600007,29.545635530000027],[121.77224843400006,29.542050301000074],[121.75694163800006,29.541542803000027],[121.75564656900008,29.540962428000057],[121.75109818400006,29.541190579000045],[121.7442406350001,29.543566703000067],[121.74482716800003,29.55286819500003],[121.75411929400002,29.560614908000048],[121.76738627600002,29.56513655200007],[121.77462876400011,29.57668131400004],[121.7811948640001,29.58361612500005],[121.78246975800005,29.584607918000074],[121.78519615100004,29.587842099000056],[121.79013856000006,29.593062042000042],[121.79001679400005,29.59356058000003],[121.79693614900009,29.601768657000036],[121.80091716300001,29.602648844000043],[121.81017327300003,29.600150644000053],[121.81566734900002,29.600242321000053],[121.81955707600002,29.602455667000072],[121.82261516100004,29.60970143000003],[121.83009339000012,29.611420375000023],[121.83603602900007,29.610873586000025],[121.83831813300003,29.609704704000023],[121.84664765000002,29.60541880100004],[121.85166042100002,29.605097931000046],[121.85745899500012,29.607271987000047],[121.8661990810001,29.619569626000043],[121.87021840700004,29.62006204800008],[121.87515267000003,29.615863438000076],[121.87970050700005,29.61618103400008],[121.88627506300008,29.62042437200006],[121.89585204200012,29.620836919000055],[121.91216401200006,29.630921397000066],[121.91427660400007,29.63512947600003],[121.94333754700006,29.630706442000076],[121.95013333400004,29.609971630000075],[121.97913921000008,29.587931265000066],[121.96137013600003,29.566911366000056],[121.95573426900012,29.55838695500006],[121.95097287900012,29.55964247600008],[121.95258641800001,29.553625741000076],[121.95062142800009,29.55065363800003],[121.94784007800001,29.53902796400007],[121.9423061220001,29.541451126000027],[121.92678977800006,29.54138236800003],[121.92262174600012,29.537715286000036],[121.91948835500011,29.532122985000058],[121.91858795500002,29.530495717000065],[121.91842592300009,29.527227613000036],[121.90326311700005,29.523452204000023],[121.91126272600002,29.511713858000064],[121.9337913390001,29.50491805400003],[121.93952652200005,29.484280701000046],[121.9458687130001,29.46814440600008],[121.95763807300011,29.460586226000032],[121.97254009000005,29.45271671000006],[121.96993162800004,29.44756482100007],[121.96919369700004,29.44765893700003],[121.96936182800005,29.44643942700003],[121.95671066300008,29.42145252100005],[121.94560322300003,29.424372961000074],[121.9378555940001,29.422229707000042],[121.93453061800005,29.423672459000045],[121.91877984100006,29.425243074000036],[121.8990178680001,29.420823376000044],[121.88837129700005,29.412764820000064],[121.88234575800004,29.39967852700005],[121.88929453000003,29.388043958000026],[121.90451991400005,29.37467220700006],[121.90646064500004,29.34163823800003],[121.91927010300003,29.340362609000067],[121.92146268600004,29.336051929000064],[121.92472049600008,29.33729611700005],[121.9282828050001,29.336588894000045],[121.93150459900005,29.332754828000077],[121.92906206000009,29.330721562000065],[121.92549975100007,29.33142878500007],[121.9182114240001,29.326576449000072],[121.91220985000007,29.31668187400004],[121.91522665200011,29.315271807000045],[121.90666469100006,29.31151761700005],[121.91079537700011,29.30148150200006],[121.9092860070001,29.298359557000026],[121.91007181000009,29.292073129000073],[121.9154190160001,29.29024768800008],[121.92428566000001,29.26870486300004],[121.93769370400003,29.271530520000056],[121.95176850500002,29.267104225000026],[121.9559463600001,29.26773941600004],[121.95774716000005,29.268011173000048],[121.96800189500004,29.276343963000045],[121.97564055900011,29.276799075000042],[121.9798227340001,29.28006927000007],[121.96639815500009,29.258592787000055],[121.96604066000009,29.258211549000066],[121.96608682800002,29.25809473000004],[121.96231227300007,29.252056241000048],[121.95993758700001,29.253126746000078],[121.95796325600008,29.25066128800006],[121.95797265500005,29.245113770000046],[121.95430303800003,29.239243160000058],[121.95285832100001,29.22852103500003],[121.94946348200006,29.22870463000004],[121.9465396380001,29.226471638000078],[121.94558306300007,29.219306103000065],[121.93197303300008,29.223226929000077],[121.91060649600001,29.214413356000023],[121.89128521200007,29.18896907900006],[121.87770970500003,29.174803944000075],[121.8707905440001,29.168099442000027],[121.86702615200011,29.169114535000062],[121.85627046800005,29.16726462300005],[121.84612378100007,29.161633032000054],[121.8254997140001,29.177473519000046],[121.81434785400006,29.19200106100004],[121.81301853600007,29.195792562000065],[121.80420280700002,29.19670297400006],[121.80689196100002,29.20099370300005],[121.81920707900008,29.221670913000025],[121.8193262420001,29.222562856000025],[121.8395459510001,29.242020724000042],[121.83109201600007,29.246175660000063],[121.81874180500006,29.25584759000003],[121.81832272200006,29.268907569000078],[121.81870817800007,29.273721287000058],[121.82162327500009,29.280388854000023],[121.82369891500002,29.279978304000053],[121.8348769690001,29.28788217700003],[121.8396376280001,29.29613966200003],[121.83753887800003,29.29785533300003],[121.82328636800003,29.299629939000056],[121.8173077140001,29.29892271600005],[121.81053015900011,29.295098472000063],[121.80510811500005,29.297098997000035],[121.80330731600009,29.300897047000035],[121.81025840200004,29.310988073000033],[121.81736664900006,29.309370627000078],[121.82026757300002,29.310978250000062],[121.82134150500008,29.31534273400007],[121.82031996,29.321216614000036],[121.82894742700012,29.322909366000033],[121.83439566400011,29.321743757000036],[121.83711323500006,29.325027761000058],[121.83573153000009,29.32693988300008],[121.83316784600004,29.327624187000026],[121.82295240200006,29.330351579000023],[121.824209687,29.33262386100006],[121.82900308800004,29.333563551000054],[121.83220523700004,29.337463101000026],[121.8306434530001,29.340632508000056],[121.8167576510001,29.338844805000065],[121.80325165400006,29.333078972000067],[121.79807979200007,29.329328616000055],[121.79167070000005,29.32943687200003],[121.79125178100003,29.330620062000037],[121.79589784400002,29.334905965000075],[121.79271861400002,29.340825684000038],[121.79807190000008,29.344054027000027],[121.80087132500012,29.35089051700004],[121.80049806800002,29.35465909900006],[121.78964088400005,29.358653600000025],[121.7892086920001,29.360333255000057],[121.79956820100006,29.364078918000075],[121.80740986400008,29.37378031600008],[121.80919756700007,29.375990389000037],[121.80856237600005,29.378514782000025],[121.78871756500007,29.368492514000025],[121.78776119600002,29.368346118000034],[121.78957314700006,29.37419550900006],[121.77375843000004,29.371066736000046],[121.77306370600002,29.37154732500005],[121.77114732600012,29.37055015800007],[121.75570132700011,29.367494332000035],[121.75901608600009,29.344366407000052],[121.76750931000004,29.336237331000063],[121.76775974400005,29.33207382200004],[121.76622066700008,29.33053165900003],[121.76789219200009,29.32987184700005],[121.76845225500006,29.32056067900004],[121.76653171400005,29.315896070000065],[121.76678624600004,29.315620591000027],[121.76227210500008,29.30482775400003],[121.75557216600009,29.28633012100005],[121.76238293000006,29.265596085000027],[121.76636977100009,29.239657543000078],[121.7629448130001,29.221752588000072],[121.75252322300003,29.207265757000073],[121.75051385100005,29.204936048000036],[121.75039655000012,29.204868592000025],[121.7503686230001,29.204767667000056],[121.73878462400012,29.191336927000066],[121.73422209600005,29.19622475400007],[121.73174354100001,29.201083639000046],[121.73368840500007,29.211908081000047],[121.74358298000004,29.225073563000024],[121.74447683100004,29.231949343000053],[121.73695276300009,29.244227522000074],[121.73364256600007,29.254328370000053],[121.73433014400007,29.270820420000064],[121.73671702200011,29.271187128000065],[121.73967033300005,29.274467858000037],[121.73932654400005,29.279490451000072],[121.74210305000008,29.28507293000007],[121.74002721900001,29.28783306500003],[121.73519125400003,29.285220268000046],[121.72836458600011,29.28829145000003],[121.72442574600007,29.283776354000054],[121.7272022520001,29.280164933000037],[121.72000232800008,29.278436165000073],[121.71858133300009,29.27010664900007],[121.73146196200003,29.27067308200003],[121.72805681300008,29.25924946400005],[121.72952364600008,29.25128010800006],[121.73925123800007,29.23268603400004],[121.73937893100003,29.22850490500008],[121.73094136700001,29.215935324000043],[121.72049018100006,29.20821480500007],[121.71544794200008,29.206443473000036],[121.70894541900009,29.19508533900006],[121.7056918400001,29.19243418700006],[121.68355482700008,29.19122802000004],[121.6519730010001,29.193482677000077],[121.64870979800003,29.204681765000032],[121.64839851900001,29.22965039500008],[121.65112338200004,29.23243392200004],[121.64833859900011,29.23445679100007],[121.64817348400004,29.247701181000025],[121.65438774000006,29.26621692200007],[121.65689903700002,29.280164933000037],[121.65564830000005,29.286605247000068],[121.66935729600004,29.300805370000035],[121.66536606900002,29.30318569900004],[121.6666790160001,29.307753182000056],[121.66577861600001,29.309652207000056],[121.6631330780001,29.30887295200006],[121.66172845400001,29.309946883000066],[121.66323785200007,29.312837985000044],[121.671043499,29.31936342800003],[121.66893165200008,29.320872825000038],[121.6626976120001,29.319327412000064],[121.64948132800009,29.302555013000074],[121.64684397700012,29.307910664000076],[121.63892549500008,29.302775937000035],[121.63630771300006,29.30398787400003],[121.62696974900007,29.30208884900003],[121.62323718200003,29.296316468000043],[121.62367919700011,29.294558232000043],[121.62404078800012,29.293123974000025],[121.62360704000002,29.29284271100005],[121.61228548400004,29.279354219000027],[121.61352742100007,29.256427918000043],[121.61728491500003,29.217061323000053],[121.6167084650001,29.21892792500006],[121.61177100000009,29.221534173000066],[121.60946597700001,29.224507130000063],[121.60939721900002,29.230986734000055],[121.60266222900009,29.246794480000062],[121.60109717000012,29.260405250000076],[121.59615315700012,29.28056438300007],[121.59156930300003,29.278776680000078],[121.5911923320001,29.276182945000073],[121.58757171700006,29.285396072000026],[121.57520716600004,29.272000570000046],[121.57407771400005,29.27073034400007],[121.57141999300006,29.273331717000076],[121.5683127960001,29.273184379000043],[121.56104411400008,29.267896576000055],[121.55770117500003,29.26796206000006],[121.53456908600003,29.276566608000053],[121.5280239980001,29.271891077000078],[121.52250045500011,29.270535566000035],[121.51302497500001,29.272395301000074],[121.5036771880001,29.270905549000076],[121.48990598300009,29.272424769000054],[121.47820406000005,29.271187128000065],[121.45963945300002,29.262353388000065],[121.4564504010001,29.25886311100004],[121.45639146600001,29.256145541000024],[121.47178666500008,29.26232719500007],[121.47689111300008,29.26641009800005],[121.48409431200002,29.26835823600004],[121.49331767900003,29.266089229000045],[121.50162315000011,29.267071157000032],[121.53591494400007,29.247524207000026],[121.51050458500004,29.198898262000057],[121.51649611900007,29.180262129000027],[121.51471772700006,29.17854417700005],[121.51432809900007,29.17228066800004],[121.50810388100001,29.170731981000074],[121.49518989800004,29.16249312000008],[121.48710373000006,29.178440859000034],[121.48710655800005,29.17845249900006],[121.48634367400007,29.185780117000036],[121.48838676300011,29.191801335000036],[121.48519116200009,29.197295411000027],[121.47953665200009,29.199701934000075],[121.47897349200002,29.195952997000063],[121.48183590300005,29.188830197000073],[121.47742993800011,29.197519749000037],[121.46917396200001,29.158176670000046],[121.46011075700005,29.15860112100006],[121.45580211300012,29.163594266000075],[121.44492201000003,29.166727657000024],[121.43209049400002,29.167389042000025],[121.4285576530001,29.169127632000027],[121.42257572400001,29.168194490000076],[121.42143303500006,29.168489167000075],[121.4190363350001,29.169098164000047],[121.41423251900005,29.16074970300008],[121.41329854300011,29.160793443000045],[121.41382691700005,29.16004481400006],[121.41356517800011,29.15958994300007],[121.41549201300006,29.157685617000027],[121.41641748200004,29.156374364000044],[121.41676405300007,29.15326095100005],[121.41394825700002,29.14558299600003],[121.42231051600004,29.146886120000033],[121.4233596140001,29.147611496000025],[121.43338665400006,29.143315940000036],[121.40366367900003,29.131803913000056],[121.35982639600002,29.124573573000077],[121.30817521300003,29.109815697000045],[121.28237869400004,29.093124088000025],[121.21947196100007,29.105915123000045],[121.21221398700004,29.171538700000042],[121.18883643900006,29.195485993000034],[121.16093368000008,29.209227619000046],[121.14088539500005,29.234662353000033],[121.13461384700008,29.269286369000042],[121.1241585350001,29.318721914000037],[121.1795019330001,29.337400466000076],[121.20565260900003,29.36012294300008],[121.21326226100007,29.39648216200004],[121.24289686700001,29.451822741000058],[121.19952311400004,29.456557043000032],[121.20765273900008,29.492852569000036],[121.19987731900005,29.520191226000065],[121.16527557500001,29.53557147400005],[121.09828329000004,29.54998757800007],[121.09813107700006,29.59720244400006],[121.07931510700007,29.624779834000037],[121.06707333100007,29.666051452000033],[121.01777602100003,29.666690135000067],[120.99638451300007,29.694989246000034],[120.99310083300009,29.740385721000052],[121.0628530460001,29.758472951000044],[121.09349986100005,29.76725911400007],[121.12074016100007,29.78940451400007],[121.1080404700001,29.81956841300007],[121.0846044760001,29.84066361600003],[121.05139716400004,29.855834007000055],[121.02060823900001,29.877232046000074],[121.00935897500005,29.90303739500007],[121.02957821300004,29.931524959000058],[121.06030854000005,29.96352340900006],[121.05978085700008,29.990510435000033],[121.02334489800012,29.99021898600006],[120.99444254600007,30.002584959000046],[120.97188954500007,30.026796344000047],[120.95975559300007,30.054069705000074],[120.94500179600004,30.09322415300005],[120.93611432400007,30.12107812100004],[120.91889192800011,30.158628425000074],[120.96212254200009,30.184599380000066],[120.96259258200007,30.18455266500007],[120.9632423170001,30.185272088000033],[120.96603667400007,30.186950809000052],[120.98047632300006,30.198217234000026],[120.9901972020001,30.20200732400008],[121.00995688400008,30.20970492300006],[121.05236435900008,30.241139856000075],[121.07103719000008,30.248766240000066],[121.0732795450001,30.248988547000067],[121.07567644900007,30.25066101300007],[121.08848019200002,30.25589033600005],[121.10390710400009,30.259029087000044],[121.12670685100011,30.27786726100004],[121.16040057000009,30.289333819000035],[121.20073375300001,30.29381250700004],[121.23678774900009,30.30685725400008],[121.28105296100011,30.300027774000057],[121.34136417700006,30.284400434000077],[121.37619145400004,30.26294401000007],[121.37870540500012,30.24087280400005],[121.40321765100009,30.23947783500006],[121.4397817580001,30.23148544600008],[121.46266731700007,30.20111130400005]]],[[[121.83680873600008,29.16079484100004],[121.83581017300003,29.159857959000078],[121.83433322700012,29.159953418000043],[121.81853318800006,29.168818722000026],[121.79612176800003,29.18380912400005],[121.80050688200004,29.190805873000045],[121.80145412900004,29.190609534000032],[121.81371266300005,29.186166470000046],[121.82288364400006,29.17342663200003],[121.8356791430001,29.16290996200007],[121.83680873600008,29.16079484100004]]],[[[121.51458675900005,29.26860380000005],[121.52098123500002,29.266806274000032],[121.53317101100004,29.268446639000047],[121.54138893100003,29.262689419000026],[121.50554799400004,29.26753517800006],[121.51458675900005,29.26860380000005]]],[[[121.86736647100008,29.164781597000058],[121.86143196100011,29.159031198000037],[121.85632285500003,29.160365924000075],[121.85661425700005,29.162448303000076],[121.86263875000009,29.165241179000077],[121.86736647100008,29.164781597000058]]],[[[121.8217475030001,29.235721200000057],[121.82098609200011,29.235299043000055],[121.81853410200006,29.24701664300005],[121.82129566600008,29.24513447000004],[121.8252017640001,29.239617475000045],[121.8217475030001,29.235721200000057]]],[[[122.0217164710001,29.816906348000032],[121.99706109800002,29.81029182000003],[122.00557639600004,29.814521097000068],[122.01957679400005,29.817749440000057],[122.0217164710001,29.816906348000032]]],[[[121.78249989500011,29.341883245000076],[121.78215073900003,29.341250570000057],[121.78025140800003,29.344102813000063],[121.78124778300003,29.347319339000023],[121.78249989500011,29.341883245000076]]]]}},{"type":"Feature","properties":{"code":"CN033070","name":"Quzhou","label":"Quzhou · 衢州市","type":"Prefecture-level city","parentCode":"CN-ZJ"},"geometry":{"type":"Polygon","coordinates":[[[119.2423342080001,29.237642434000065],[119.23518096400005,29.21139210900003],[119.23148787600007,29.18342847400004],[119.23287806300004,29.178846386000032],[119.2386804460001,29.176667896000026],[119.23893266000005,29.167254753000066],[119.24056070500001,29.161873772000035],[119.24264371800007,29.15816250200004],[119.24752885400005,29.156579986000054],[119.2486133970001,29.14848900000004],[119.24986137500002,29.142929593000076],[119.26207302000012,29.127824867000072],[119.26771658300004,29.121943093000027],[119.27553802600005,29.11811674100005],[119.28452093800001,29.109790960000055],[119.29831792700008,29.09328111700006],[119.30631731900007,29.088979280000046],[119.31747144100007,29.082163981000065],[119.32116006100011,29.07819059600007],[119.33651121100002,29.07559464900004],[119.33918282800005,29.070755330000054],[119.34037252000007,29.060244889000046],[119.33746415300004,29.05077294700004],[119.33202693600003,29.04439558200005],[119.32680947900008,29.037765213000057],[119.3239625000001,29.027609273000053],[119.32369119900011,29.017731531000038],[119.32651859400005,29.012271531000067],[119.32876199200007,29.00748520700006],[119.3281045010001,29.00358765800007],[119.32500318400002,28.99811872500004],[119.31824188100006,28.992131549000078],[119.3086129720001,28.985151015000042],[119.30224470200005,28.97941421400003],[119.29549118300008,28.970346016000065],[119.29417986200008,28.962549858000045],[119.2996826750001,28.954352321000044],[119.31129452800008,28.947267298000043],[119.31523344200002,28.943244519000075],[119.3241671290001,28.938370553000027],[119.328536471,28.93173964400006],[119.3342248240001,28.92208895300007],[119.3354143470001,28.91623163500003],[119.33417459900011,28.908876316000033],[119.32837606600003,28.892027849000044],[119.32292855800006,28.882420643000046],[119.32289308400004,28.873937364000028],[119.32786112800011,28.851756084000044],[119.33290205300011,28.834672272000034],[119.33231550000005,28.82963765200003],[119.33209678000003,28.81696934100006],[119.33063695500005,28.81294568800007],[119.3278394030001,28.809240198000055],[119.32581729600008,28.808592549000025],[119.31863676000012,28.803395609000063],[119.3220039360001,28.794823035000036],[119.28232833800007,28.783663422000075],[119.25728028600008,28.764159660000075],[119.23301515500009,28.74689938000006],[119.19801228400001,28.744567130000064],[119.15794435600003,28.738968484000054],[119.13299504700001,28.719897495000055],[119.0976887280001,28.714772451000044],[119.0588865960001,28.720173299000066],[119.02861491100009,28.69506280400003],[119.00202768800011,28.67472185500003],[118.96841677700002,28.65175604800004],[118.93568824300007,28.631956528000046],[118.91268845200011,28.601515753000058],[118.90414067100005,28.575342188000036],[118.89479398800006,28.546456883000076],[118.87200836500006,28.527136037000048],[118.83446807600001,28.52445969000007],[118.79398650500002,28.54711339200003],[118.79733907700006,28.511047435000023],[118.73333191600011,28.502334769000072],[118.7031082210001,28.485501416000034],[118.70166175700001,28.446696081000027],[118.73157488300001,28.41159260200004],[118.72977136100008,28.384161832000075],[118.71148754100011,28.354224569000053],[118.67493050600001,28.30159578400003],[118.67212614300001,28.302985722000074],[118.62979775200006,28.267376659000035],[118.60443692100012,28.26015141700003],[118.5599545560001,28.246154311000055],[118.56088600800001,28.268479607000074],[118.52126777700005,28.274731754000072],[118.46979611600011,28.25132369100004],[118.43989677100001,28.23899210600007],[118.4011556270001,28.24335444600007],[118.39882653400002,28.26410220500003],[118.39378767400001,28.267653885000072],[118.39736695400006,28.282998792000058],[118.43488397500005,28.31184484100004],[118.44252360900009,28.352511615000026],[118.43611047700006,28.37352709700008],[118.4371248220001,28.420896765000066],[118.44407686800002,28.46518154100005],[118.4167798090001,28.495627244000048],[118.41292619800004,28.50495049500006],[118.39629776800007,28.545295168000052],[118.38888589200008,28.603040945000032],[118.39081503300008,28.625279308000074],[118.39201831800005,28.651140558000066],[118.37518938700009,28.707697422000024],[118.36541727400004,28.750371307000023],[118.3581647530001,28.771810818000063],[118.34808116500005,28.801577425000062],[118.3023647770001,28.848361445000023],[118.26253263500007,28.855406278000032],[118.25892413100007,28.899230663000026],[118.25845530600009,28.904835096000056],[118.20815462600001,28.923257706000072],[118.17473673300003,28.90840832500004],[118.16681696600006,28.937512741000035],[118.16728592600009,28.955359524000073],[118.15581077900003,28.979322824000064],[118.12661321700011,28.990106578000052],[118.10825286300008,28.99824460600007],[118.0725372600001,29.01406159000004],[118.02877865300002,29.03734479700006],[118.00097117000007,29.128409076000025],[117.99385236900002,29.168151195000064],[117.99575231600011,29.175821006000035],[118.00477363100003,29.212129032000064],[118.05048369200006,29.23608515500007],[118.04301733900002,29.271379919000026],[118.05240389100004,29.296691580000072],[118.1141584940001,29.29997411200003],[118.1626827770001,29.319242348000046],[118.18281118700008,29.359937480000042],[118.19415693100007,29.40743526800003],[118.18861151600004,29.416350899000065],[118.1919480040001,29.418288622000034],[118.24321145200008,29.43199389700004],[118.26557146100004,29.44931273000003],[118.29584370300006,29.47326495300007],[118.31312788000002,29.49271551000004],[118.33634442200002,29.468969155000025],[118.36076654800002,29.442363191000027],[118.38220476900005,29.41229216000005],[118.40536291900003,29.383921547000057],[118.42584484200006,29.359942097000044],[118.467306011,29.342046969000023],[118.4970739900001,29.35712084200003],[118.53063406500007,29.36352046500008],[118.53941267500011,29.337737164000032],[118.55730310000001,29.314415303000033],[118.59792531100004,29.32342649000003],[118.59557600100004,29.291646417000038],[118.58688292600004,29.253916911000033],[118.60252621400002,29.229379050000034],[118.62764323100009,29.200774771000056],[118.65926867000007,29.19431552800006],[118.70173081700011,29.19664092000005],[118.74566866500004,29.20299267200005],[118.7494670100001,29.23326785200004],[118.77866933200005,29.262235375000046],[118.80702650800004,29.278282138000066],[118.83277477400009,29.29919534800007],[118.88039789100003,29.309813466000037],[118.90804975000003,29.333322389000045],[118.92005294500007,29.304892276000032],[118.94900111800007,29.278653768000027],[118.9837841740001,29.267651321000073],[118.9785175610001,29.234264557000074],[119.03065776300002,29.210552929000073],[119.06287602400005,29.21877446600007],[119.1087576440001,29.223421951000034],[119.14753086700011,29.21571647500008],[119.18118602000004,29.204286294000042],[119.18641020600012,29.232106590000058],[119.1754887410001,29.26001770000005],[119.21417262500006,29.26064715900003],[119.2423342080001,29.237642434000065]]]}},{"type":"Feature","properties":{"code":"CN033080","name":"Shaoxing","label":"Shaoxing · 绍兴市","type":"Prefecture-level city","parentCode":"CN-ZJ"},"geometry":{"type":"Polygon","coordinates":[[[120.59771547200012,30.148993681000036],[120.60797913300007,30.14468623700003],[120.61342737000007,30.140023803000076],[120.61527400800003,30.13540720800006],[120.60912182200002,30.126088889000073],[120.59384776700006,30.11814245100004],[120.59284914200009,30.11544125200004],[120.5969156750001,30.114969770000073],[120.60780232700006,30.119632204000027],[120.61138755500008,30.118751449000058],[120.61990370000001,30.11049723900004],[120.62893716500002,30.10536987100005],[120.63445416000002,30.10467247100007],[120.6440802520001,30.10642415700005],[120.65673168800004,30.101873046000037],[120.65793003800002,30.101666772000044],[120.66606965200003,30.100285068000062],[120.67820049300008,30.09365157700006],[120.68163183400009,30.09757077200004],[120.67619342000012,30.10223975400004],[120.66961559000003,30.11151550900007],[120.66107325200005,30.117055423000068],[120.64997504900009,30.127357458000063],[120.6595358620001,30.127833163000048],[120.66741206600011,30.122817982000072],[120.68433303400002,30.114658723000048],[120.69172613500007,30.112471570000025],[120.70709186600004,30.112471570000025],[120.72231353400002,30.11748106700003],[120.72237911500008,30.11753452000005],[120.76600799200003,30.112969818000067],[120.81632919600008,30.12123925000003],[120.82286825100005,30.123648665000076],[120.82398340300006,30.122313758000075],[120.8270807780001,30.121226730000046],[120.8316810020001,30.12303735200004],[120.8290588430001,30.125929683000038],[120.8515437320001,30.134214584000063],[120.85392906200002,30.13127191700005],[120.85800869200011,30.13121298200008],[120.85999284500008,30.13390108400006],[120.86045014800004,30.13749628900007],[120.86799142400002,30.140274988000044],[120.89075876400011,30.148484316000065],[120.89077014700001,30.148477738000054],[120.89078392900001,30.148493390000056],[120.91889192800011,30.158628425000074],[120.93611432400007,30.12107812100004],[120.94500179600004,30.09322415300005],[120.95975559300007,30.054069705000074],[120.97188954500007,30.026796344000047],[120.99444254600007,30.002584959000046],[121.02334489800012,29.99021898600006],[121.05978085700008,29.990510435000033],[121.06030854000005,29.96352340900006],[121.02957821300004,29.931524959000058],[121.00935897500005,29.90303739500007],[121.02060823900001,29.877232046000074],[121.05139716400004,29.855834007000055],[121.0846044760001,29.84066361600003],[121.1080404700001,29.81956841300007],[121.12074016100007,29.78940451400007],[121.09349986100005,29.76725911400007],[121.0628530460001,29.758472951000044],[120.99310083300009,29.740385721000052],[120.99638451300007,29.694989246000034],[121.01777602100003,29.666690135000067],[121.06707333100007,29.666051452000033],[121.07931510700007,29.624779834000037],[121.09813107700006,29.59720244400006],[121.09828329000004,29.54998757800007],[121.16527557500001,29.53557147400005],[121.19987731900005,29.520191226000065],[121.20765273900008,29.492852569000036],[121.19952311400004,29.456557043000032],[121.24289686700001,29.451822741000058],[121.21326226100007,29.39648216200004],[121.20565260900003,29.36012294300008],[121.1795019330001,29.337400466000076],[121.1241585350001,29.318721914000037],[121.06239939700004,29.299890659000027],[121.02045284500002,29.303017216000057],[120.99315504300012,29.321753784000066],[120.96563008500004,29.292167413000072],[120.92727456700004,29.279067257000065],[120.89417746100003,29.277950788000055],[120.8795220070001,29.246503833000077],[120.85740964000001,29.225614449000034],[120.82586004000007,29.24384002800008],[120.80099745200005,29.221838066000032],[120.76905712000007,29.20940721900007],[120.74452471200004,29.238745016000053],[120.7528445270001,29.276652893000062],[120.73710225600007,29.300146890000065],[120.6971212090001,29.326183865000075],[120.635919693,29.318171433000032],[120.60315479500002,29.319721273000027],[120.55959715100005,29.326560836000056],[120.53836781500002,29.35245123800007],[120.5258604920001,29.381146491000038],[120.5174084790001,29.408956579000062],[120.50310850200003,29.45222902300003],[120.46830129500006,29.500688126000057],[120.41531348600006,29.445436683000025],[120.40024219000009,29.42189445300005],[120.3677512800001,29.40105744400006],[120.33230013500008,29.385615935000033],[120.2944965160001,29.368083247000072],[120.26537986300002,29.406781014000046],[120.26207994000004,29.442866321000054],[120.2544074430001,29.47752855300007],[120.22971228300003,29.501830491000078],[120.2057449560001,29.51955249300005],[120.18930230300009,29.543013091000034],[120.15624184900003,29.530069711000067],[120.13613170600001,29.49911593300004],[120.10992345200009,29.482225929000037],[120.06417180100004,29.489085080000052],[120.05624876600007,29.522358247000057],[120.04947830100002,29.55226110600006],[120.02240498000003,29.566534819000026],[119.99945312700004,29.592922401000067],[119.98128513000006,29.632750910000027],[119.93888976700009,29.680505720000042],[119.90863282500004,29.703399801000046],[119.87871504100008,29.72068766900003],[119.85423167500005,29.748108569000067],[119.89792850600008,29.74897266200003],[119.93242588200008,29.743293877000042],[119.9647297250001,29.758234402000028],[120.00256087200012,29.758242995000046],[120.01611996500003,29.78706130200004],[120.01350945700005,29.81700192200003],[120.03956596500007,29.832070676000058],[120.07328687800009,29.824114008000038],[120.08650997000007,29.85434748600005],[120.11421163800003,29.869700839000075],[120.13129183300009,29.896768610000038],[120.15999430900001,29.91989472100005],[120.18957496900009,29.92901675300004],[120.22261570100011,29.936391787000048],[120.25960448900003,29.941510227000038],[120.29400000800001,29.95105478800008],[120.32974244200011,29.974937725000075],[120.34144186900005,30.00473244500006],[120.32668135900008,30.029402618000063],[120.32220607300007,30.056290774000047],[120.31722565100006,30.087394826000036],[120.30233366200002,30.115318024000032],[120.32061786500003,30.142698032000055],[120.3554161730001,30.142450887000052],[120.39074251900001,30.137962241000025],[120.42566939800008,30.13860713500003],[120.45532311800002,30.15137264300006],[120.46514268300007,30.17820114400007],[120.49801980400002,30.16697460300003],[120.52214996500004,30.145502012000065],[120.55069549400002,30.12960056600008],[120.59771547200012,30.148993681000036]]]}},{"type":"Feature","properties":{"code":"CN033090","name":"Taizhou","label":"Taizhou · 台州市","type":"Prefecture-level city","parentCode":"CN-ZJ"},"geometry":{"type":"MultiPolygon","coordinates":[[[[121.02045284500002,29.303017216000057],[121.06239939700004,29.299890659000027],[121.1241585350001,29.318721914000037],[121.13461384700008,29.269286369000042],[121.14088539500005,29.234662353000033],[121.16093368000008,29.209227619000046],[121.18883643900006,29.195485993000034],[121.21221398700004,29.171538700000042],[121.21947196100007,29.105915123000045],[121.28237869400004,29.093124088000025],[121.30817521300003,29.109815697000045],[121.35982639600002,29.124573573000077],[121.40366367900003,29.131803913000056],[121.43338665400006,29.143315940000036],[121.43845617200009,29.141143055000043],[121.43782686000009,29.139070650000065],[121.43872725900007,29.13696535200006],[121.4429935170001,29.13604858100007],[121.44683248600006,29.137552819000064],[121.44916051500002,29.136554984000043],[121.45128701800002,29.134843682000053],[121.4523339750001,29.13519478300003],[121.45241836000002,29.135158614000034],[121.44573988500008,29.114020115000073],[121.4434289830001,29.114933388000054],[121.43628799400005,29.114861356000063],[121.4281221870001,29.111672303000034],[121.42621006500008,29.11176070600004],[121.42003496000007,29.112032463000048],[121.41285795500005,29.110081051000066],[121.39981034400012,29.111371079000037],[121.39569797200011,29.10852254100007],[121.40585448200011,29.105615069000066],[121.41171199200005,29.101325891000045],[121.41619107100007,29.10019629900006],[121.4202739750001,29.101375004000033],[121.4253784230001,29.10649909700004],[121.44193268300012,29.11161991700004],[121.44412146700006,29.108897549000062],[121.44346797000003,29.106829121000033],[121.44624564700007,29.106255532000034],[121.4465394550001,29.105890100000067],[121.4524218470001,29.104980151000063],[121.45581645700008,29.104279167000072],[121.45681056100011,29.097753760000046],[121.45870958600005,29.097508196000035],[121.46661345900009,29.099862333000033],[121.46878980100007,29.101600180000048],[121.48477119300003,29.098300033000044],[121.51788661300009,29.108362347000025],[121.51966828800005,29.10860112200004],[121.54041349900001,29.111380901000075],[121.55355457100006,29.116446333000056],[121.55523193400006,29.115509857000063],[121.55802204500003,29.11165920700006],[121.5619362110001,29.111766843000055],[121.57167406400004,29.10633017600003],[121.58771689600007,29.099298489000034],[121.63163423800006,29.099418790000072],[121.62787669700003,29.098758934000045],[121.63031496000008,29.09651756200003],[121.61875235700006,29.08533373800003],[121.61695702300005,29.047184427000047],[121.60125930100003,29.048711953000065],[121.58048551900004,29.048940129000073],[121.57980189700004,29.051250567000068],[121.58258822500011,29.058090331000074],[121.58167145400012,29.059154440000043],[121.5780862260001,29.059013650000054],[121.5743798530001,29.062641443000075],[121.5696421130001,29.06336503700004],[121.56900692200009,29.057108077000066],[121.56215733500005,29.059124972000063],[121.55502944300008,29.05905948900005],[121.54853674200001,29.05626006400007],[121.54377608300001,29.055939194000075],[121.54004024300002,29.058728796000025],[121.53484411700003,29.05987476000007],[121.53053202100011,29.058709151000073],[121.53943779300005,29.053725848000056],[121.53983396900003,29.050166813000033],[121.5385140200001,29.04851004300008],[121.53767519500002,29.048495152000044],[121.52290890400002,29.049012696000034],[121.51974556300001,28.991833547000056],[121.54937471900007,29.01010719900006],[121.56009787500011,29.01507414100007],[121.56736000900003,29.02036194300007],[121.5641021990001,29.022935450000034],[121.55841822100001,29.023884962000068],[121.55149005400006,29.022349371000075],[121.55023464300007,29.022582457000055],[121.54776923100007,29.028359153000054],[121.57914796500006,29.025315211000077],[121.6155287260001,29.028161305000026],[121.63171346500008,29.038447913000027],[121.63909259500008,29.045461898000042],[121.64248609200001,29.04789125700006],[121.6576762420001,29.05367676700007],[121.66094073700003,29.049434079000036],[121.65735742300001,29.04403099800004],[121.65598226700001,29.036326850000023],[121.65795004900008,29.030227051000054],[121.66190198600009,29.026802257000043],[121.66663972600008,29.026078663000078],[121.67120393400012,29.027863092000075],[121.67403453600002,29.032416771000044],[121.67773849900004,29.027602929000068],[121.6771171050001,29.026694209000027],[121.67962512800011,29.023089336000055],[121.6813935020001,29.022852718000024],[121.68841710100003,29.013724524000054],[121.6855775890001,29.013980564000065],[121.67838421300007,29.011623154000063],[121.68108213800008,29.00592280500007],[121.67759841000009,28.999937602000045],[121.67803429500009,28.997419411000067],[121.66602283100008,28.99311363000004],[121.66594632600004,28.992099858000074],[121.66451150800003,28.990383542000075],[121.66513032800003,28.986821233000057],[121.66551659600009,28.98640546200005],[121.6645870970001,28.974088580000057],[121.67338946000007,28.960448648000067],[121.68949833600004,28.946090309000056],[121.7014179040001,28.932141585000068],[121.69267475800007,28.917648129000042],[121.69020073200011,28.919425491000027],[121.67945159600004,28.917140113000073],[121.6757190300001,28.91972671600007],[121.66110963400001,28.91501516900007],[121.65289144000008,28.918318818000046],[121.64502685700006,28.917644336000023],[121.64138924200006,28.923780152000063],[121.62196352600006,28.925849434000042],[121.61731746300006,28.93012224000006],[121.61511393900003,28.936228588000063],[121.6106708750001,28.939460205000046],[121.60624745700011,28.942675450000024],[121.6019910220001,28.943389222000064],[121.59282718400004,28.935028630000033],[121.59181637300003,28.93556185700004],[121.57550889600009,28.93400738300005],[121.56996953100008,28.935884799000064],[121.56189867500007,28.936045234000062],[121.55864086500003,28.938618740000038],[121.55690882300007,28.945340634000047],[121.55899120200002,28.961806490000072],[121.55668617900005,28.96519526700007],[121.5453869800001,28.959360677000063],[121.54332752000005,28.962536632000024],[121.53758133300005,28.96097812200003],[121.53640946100006,28.959841394000023],[121.53216787000008,28.965080382000053],[121.49058589200001,28.946283008000023],[121.49722407500008,28.939121313000044],[121.49584207300006,28.934840335000047],[121.49765924300004,28.931667654000023],[121.50220550400002,28.933747029000074],[121.508236495,28.927240410000024],[121.50347103100012,28.898495129000025],[121.53515020400005,28.889957339000034],[121.57158187700009,28.88550275600005],[121.59326920800004,28.881565951000027],[121.60545729500006,28.885853878000034],[121.63167541700011,28.87599447200006],[121.62050246700005,28.85517505200005],[121.62374541300005,28.83795050300006],[121.62487627600001,28.831923473000074],[121.66475011400007,28.829848283000047],[121.65927474500006,28.818357347000074],[121.65831675800007,28.81747404200007],[121.65856978700003,28.81687788100004],[121.65645905600002,28.81244817700008],[121.65099241500002,28.80926567100005],[121.64273165600002,28.802121408000062],[121.64388416800011,28.80084120300006],[121.6505766470001,28.80010300400005],[121.65020165800001,28.799316029000067],[121.66896799400001,28.789258897000025],[121.66559776400004,28.787898020000057],[121.66536606900002,28.788068623000072],[121.65608376600005,28.78637914500007],[121.65138859100011,28.788566298000035],[121.64497447000008,28.787652802000025],[121.64396602200009,28.78600261400004],[121.64605822400006,28.784496491000027],[121.64079334100006,28.781886969000027],[121.63494892800009,28.77636670000004],[121.63447690100008,28.775331616000074],[121.6343996380001,28.77530041800003],[121.63440628900003,28.775176775000034],[121.62890479000009,28.763112815000056],[121.62651136300008,28.743726389000074],[121.62790616400002,28.733874378000053],[121.62744777900002,28.73258435100007],[121.62486117600008,28.725368056000036],[121.62486187600007,28.725306299000067],[121.60877812900003,28.72130562700005],[121.60720679200006,28.721337539000046],[121.5971983710001,28.71842527800004],[121.59528075100002,28.71794828900005],[121.56077068600007,28.720403542000042],[121.51733366400003,28.694491111000048],[121.51407398900005,28.694715003000056],[121.51197723700011,28.695235768000032],[121.50844965500005,28.695101313000066],[121.49773167300009,28.695837483000048],[121.4944767400001,28.69683029400005],[121.49159180000004,28.696259203000068],[121.48491070600005,28.69671809700003],[121.46664155000008,28.691593736000073],[121.45693170600009,28.69254439100007],[121.44930286400006,28.690805801000067],[121.44362543400007,28.691542492000053],[121.44242651900004,28.68540463200003],[121.43165886300005,28.684510937000027],[121.45435769800008,28.67227979000006],[121.48526060300003,28.65011501200007],[121.498802479,28.624147701000027],[121.5032161370001,28.60866733200004],[121.50897471600001,28.588460268000063],[121.51798175300007,28.551961709000068],[121.52607594300002,28.524685308000073],[121.54928908900001,28.516939274000038],[121.55649771000003,28.51787746000008],[121.56234068900005,28.512192679000066],[121.56860419800012,28.49764549200006],[121.56758920200002,28.49515711500004],[121.56160072500006,28.492351142000075],[121.55592329500007,28.492256190000035],[121.54206696100005,28.496502803000055],[121.53791857300007,28.491152791000047],[121.54760032700005,28.490540519000035],[121.5590959760001,28.486968388000037],[121.56816218300003,28.489921699000035],[121.577117068,28.488693881000074],[121.5793096860001,28.48620139800005],[121.55664807800008,28.484249775000023],[121.5571595880001,28.47190395100006],[121.55766977000008,28.459481400000072],[121.55789044500011,28.436619835000045],[121.56547857900011,28.413945273000024],[121.57319869600008,28.40039927400005],[121.57444730800012,28.377427020000027],[121.58065112800011,28.35214766100006],[121.59344114500004,28.345409379000046],[121.6199535180001,28.33914614200006],[121.62086317100011,28.33901185700006],[121.6205523540001,28.338156861000073],[121.62191768700006,28.336035191000065],[121.6257026400001,28.336169433000066],[121.62724734500011,28.33806941200004],[121.63850805700008,28.33640708200005],[121.63431046200003,28.312142059000053],[121.62148786600005,28.285982742000044],[121.61840554900004,28.27635887100007],[121.61826370100005,28.276330501000075],[121.61835284800009,28.276194324000073],[121.61325911500012,28.260290241000064],[121.60984905600003,28.261452622000036],[121.60539289600001,28.253391588000056],[121.6027080670001,28.25302160600006],[121.5961597050001,28.252117932000033],[121.58567905200005,28.24835917200005],[121.58290254600001,28.250507035000055],[121.58276503100001,28.254478617000075],[121.57953014000009,28.257261670000048],[121.58055168400006,28.26016914300004],[121.58846210600007,28.264815206000037],[121.591140386,28.268315306000034],[121.59076712900003,28.272499709000044],[121.59539682100001,28.278052720000062],[121.59536735300003,28.285995883000055],[121.59018759900005,28.29571692600007],[121.58196285600002,28.306750916000055],[121.57615773300006,28.310630821000075],[121.56535948400006,28.313148666000075],[121.5590959760001,28.317663762000052],[121.55094981400009,28.313017699000056],[121.54789827700006,28.31391482500004],[121.54662462100009,28.31937615800007],[121.5446077250001,28.323806125000033],[121.53708693100009,28.32520747500007],[121.52144616900011,28.33283304200006],[121.50985556800003,28.33243686700007],[121.4983664670001,28.335589903000027],[121.48581653100007,28.33416236000005],[121.48185804600007,28.336329868000064],[121.46446232200003,28.32997795700004],[121.45662029300001,28.322481739000068],[121.44978264000008,28.322867176000045],[121.44114048100005,28.312740619000067],[121.43389168100009,28.298042575000068],[121.43206102700003,28.298621125000068],[121.42513286000008,28.30481587500003],[121.42063086100006,28.30448190900006],[121.41845025600003,28.30222599800004],[121.41166615300006,28.305280809000067],[121.40647002800006,28.304753666000067],[121.40286188000005,28.301895306000063],[121.40157185300006,28.29711172800006],[121.40241331800007,28.293123775000026],[121.40515337800002,28.29096428400004],[121.40012537700011,28.28746163900007],[121.39656671900002,28.275924946000032],[121.4128302580001,28.271615577000034],[121.41963458700002,28.259075642000028],[121.41538572000002,28.242119382000055],[121.41053327200007,28.23420945400005],[121.40588395000009,28.230351177000045],[121.39745293300007,28.232603813000026],[121.38844238700005,28.230681869000023],[121.37731017200008,28.229427858000065],[121.37523761500006,28.221523985000033],[121.36987450700008,28.224133507000033],[121.36353241800009,28.214844655000036],[121.36412831900009,28.21044415600005],[121.36665271300001,28.207055379000053],[121.36962964800011,28.20580256100004],[121.36521943600007,28.189151761000062],[121.3643280440001,28.18870359400006],[121.36442108500012,28.186137578000057],[121.36409828400008,28.18491884100007],[121.36446345700006,28.18496897700004],[121.36461617200007,28.180757157000073],[121.36717330700003,28.179244485000027],[121.3781935610001,28.179787572000066],[121.3804638370001,28.173286592000068],[121.37574788600011,28.160944869000048],[121.37289369700011,28.15641055800006],[121.36871217200007,28.15434106400005],[121.36344274600003,28.141396291000035],[121.362285627,28.139558032000025],[121.35846071200001,28.139063736000026],[121.35291424900004,28.143765460000054],[121.34694541700003,28.14094966400006],[121.34436863700012,28.141417872000034],[121.34301640000001,28.144158361000052],[121.34665728900006,28.148899375000042],[121.3455440680001,28.151220770000066],[121.33796761300005,28.15010754800005],[121.33020125500002,28.150873707000073],[121.33601292700007,28.157248537000044],[121.33468688300002,28.161452585000063],[121.33055159300011,28.16612811600004],[121.32634099600011,28.16746070800008],[121.31829960700009,28.166560308000044],[121.31433784800004,28.168724542000064],[121.30806779200009,28.174028715000077],[121.30600833200003,28.17577712700006],[121.3021153310001,28.181071478000035],[121.29974482400007,28.190101669000057],[121.29692902800002,28.191408068000044],[121.28276164700003,28.190409442000032],[121.27971011000011,28.19130002000003],[121.27442230800011,28.197458754000024],[121.27414727600001,28.20624010800003],[121.27734287700002,28.21161958700003],[121.274307711,28.213554628000054],[121.27277212000001,28.218390593000038],[121.2692556500001,28.21991636200005],[121.26860736200001,28.222227934000045],[121.27082070800009,28.226156951000064],[121.26526769700001,28.231274496000026],[121.2648682470001,28.234208162000073],[121.26656427300009,28.23626762200007],[121.26284807800005,28.239050676000033],[121.25874225500002,28.245396038000024],[121.26024510400009,28.24954770000005],[121.25749806600004,28.25315257300008],[121.25739984000006,28.25921308200003],[121.25997989500001,28.268682014000035],[121.26023200700001,28.26961188100006],[121.27102698200008,28.277780963000055],[121.26683930400009,28.27994519600003],[121.26136159900011,28.277954494000028],[121.254354852,28.281425126000045],[121.25335622700004,28.289803756000026],[121.249937982,28.29508828400003],[121.24134980500003,28.301512227000046],[121.23169751900002,28.303146043000027],[121.23082658700002,28.317372360000036],[121.22862318500006,28.31897160400007],[121.22893313200007,28.32030366200007],[121.26325412900007,28.32617216600005],[121.24869525000008,28.335782232000042],[121.24102340500008,28.33844718000006],[121.24433258400006,28.34012464400007],[121.25758319500005,28.341142914000045],[121.27414727600001,28.35359462400004],[121.27707766800006,28.357723367000062],[121.27597754400006,28.361089225000057],[121.27243160600005,28.360941886000035],[121.26280223900005,28.352753160000077],[121.25778292000007,28.35033681400006],[121.24385782800005,28.350791925000067],[121.23636650200001,28.35426910600006],[121.22502146400006,28.353633914000056],[121.22015275700005,28.35790017200003],[121.21607302000007,28.357657301000074],[121.21362568500001,28.360125243000027],[121.21247152900003,28.362844186000075],[121.21473726200009,28.369281226000055],[121.22090909300005,28.37063673600005],[121.22207797600004,28.371861280000076],[121.2230831490001,28.372895921000065],[121.22241194200001,28.374578850000034],[121.20929557300008,28.380246458000045],[121.20089729900008,28.374120465000033],[121.19879854900012,28.375200945000074],[121.19788505200006,28.376680875000034],[121.20609997200006,28.384899069000028],[121.19908995100002,28.388575974000048],[121.19901055300011,28.388554043000056],[121.21134760400003,28.402136851000023],[121.186109611,28.41843581200004],[121.17406443700008,28.451909083000032],[121.16891817400005,28.47947236500005],[121.14241630200002,28.505235239000058],[121.11098231500011,28.51054907200006],[121.07294664100004,28.497474940000075],[121.04224090900004,28.47334911300004],[120.95012020500008,28.474038117000077],[120.91652059900002,28.47068652300004],[120.88058563700008,28.473161665000077],[120.84891712600006,28.47656478700003],[120.82612131400003,28.49623708200005],[120.81722763800008,28.523259606000067],[120.79804715800003,28.574655077000045],[120.76682603200004,28.557967087000065],[120.72905662200003,28.566632853000044],[120.6914392760001,28.568294509000054],[120.64174896500003,28.56097093900007],[120.62547586800008,28.535223146000078],[120.59640216800005,28.518729294000025],[120.56625450600006,28.526079671000048],[120.53801555200005,28.54020500400003],[120.49771888500004,28.55743586400007],[120.4532921660001,28.56670248000006],[120.41601634200003,28.55474192400004],[120.41619898500005,28.519358332000024],[120.41565684900002,28.48637468100003],[120.4079785670001,28.458313002000068],[120.37249125700009,28.464307242000075],[120.3368638280001,28.48565744600006],[120.30100943000002,28.49305597400007],[120.26688873300009,28.50585225800006],[120.25702552200005,28.534772674000067],[120.28064161000009,28.553761980000047],[120.31374359800009,28.561540851000075],[120.33067924400007,28.589116036000064],[120.32889146200012,28.620465715000023],[120.3135900210001,28.64715037900004],[120.32679018800002,28.677895884000066],[120.34210105500006,28.708887393000055],[120.35270723700012,28.743609479000042],[120.37438053700009,28.775334986000075],[120.38812909400008,28.80600946000004],[120.43800411200004,28.822266953000053],[120.46786583700009,28.832202384000027],[120.500942699,28.84272872500003],[120.53641949900009,28.85578632000005],[120.57506192800008,28.87315223400003],[120.613316499,28.88729783100007],[120.64241072900006,28.907036591000065],[120.65394420900009,28.935590346000026],[120.67682684500005,28.95551237600006],[120.70301479200009,28.980654607000076],[120.70400201700011,29.007988578000038],[120.69295529700003,29.043094585000063],[120.67493820400011,29.072875185000044],[120.69478338500005,29.10101410200008],[120.68851519500004,29.132818065000038],[120.71377069300001,29.162238650000063],[120.74346746300012,29.177707448000035],[120.76905712000007,29.20940721900007],[120.80099745200005,29.221838066000032],[120.82586004000007,29.24384002800008],[120.85740964000001,29.225614449000034],[120.8795220070001,29.246503833000077],[120.89417746100003,29.277950788000055],[120.92727456700004,29.279067257000065],[120.96563008500004,29.292167413000072],[120.99315504300012,29.321753784000066],[121.02045284500002,29.303017216000057]]],[[[121.23661985800004,28.20721646000004],[121.26695437500007,28.187838811000063],[121.27072098800011,28.19255577000007],[121.2758498500001,28.187400470000057],[121.28336409600001,28.186008943000047],[121.28565929700005,28.183248809000077],[121.27823018000004,28.17795118400005],[121.27340731100003,28.180920866000065],[121.26853860400001,28.177080251000064],[121.26608951700007,28.172941687000048],[121.25862765800002,28.166180503000078],[121.25128039600008,28.15377135700004],[121.25550957900009,28.148765335000064],[121.25017776700008,28.13734398200006],[121.25011914400011,28.12185883400008],[121.2501128780001,28.119984657000032],[121.26165189300002,28.10334025700007],[121.27121900200007,28.096030945000052],[121.26795057600009,28.084008080000046],[121.2653430040001,28.08642145300007],[121.2601305070001,28.085681488000034],[121.25630299000011,28.08302940200008],[121.25301243800004,28.08308833700005],[121.24484990500002,28.087207257000046],[121.24121883800001,28.082882064000046],[121.23886142800006,28.08271508000007],[121.23300064400007,28.08407386600004],[121.23005060600008,28.07848156400007],[121.23161239100011,28.074693337000042],[121.23742733600011,28.071661445000075],[121.2456651760001,28.071307834000038],[121.24752818500008,28.069811533000063],[121.2508154620001,28.05888231700004],[121.24997203400005,28.05710268300004],[121.24814543600007,28.056641295000077],[121.24629054400009,28.05645614900004],[121.24096017800002,28.060522681000066],[121.2408357590001,28.06595782200003],[121.23468684700003,28.064602311000044],[121.22044415900007,28.069870468000033],[121.22012329000006,28.066114983000034],[121.21534625900006,28.06389836200003],[121.20945600800007,28.063377767000077],[121.21266797900012,28.059560072000068],[121.2178870240001,28.06134777500006],[121.21994648400005,28.058384641000032],[121.21872848800001,28.056315359000052],[121.20050767100008,28.052874195000072],[121.19886730600001,28.052258649000066],[121.18079382700012,28.045484368000075],[121.17662906900011,28.048689791000072],[121.16290370200011,28.045582593000063],[121.15783854400001,28.040651677000028],[121.15406668800006,28.040091792000055],[121.15178785800003,28.04389311600005],[121.15619817900006,28.051760973000057],[121.15344131900008,28.05494347700005],[121.14687986000001,28.05672790600005],[121.14573717100006,28.05862693100005],[121.15316628800008,28.06435347300004],[121.1576912060001,28.077653197000075],[121.15615234100005,28.082695435000062],[121.15033739500007,28.086558969000066],[121.14520348000008,28.09939703300006],[121.14172302500003,28.102173538000045],[121.13819018400011,28.10244202100006],[121.13797736200002,28.10321472800007],[121.13578693500006,28.111262665000027],[121.13823602200011,28.116236146000062],[121.13287209900011,28.131688267000072],[121.13872158700008,28.13421188500007],[121.14850709500001,28.138153027000044],[121.15234446800002,28.13626758500004],[121.15661727500003,28.13765911200005],[121.16189629700011,28.14398917400007],[121.16858317200001,28.14692660000003],[121.16937488400004,28.147729508000054],[121.17312569500007,28.14907945500005],[121.17890135100004,28.154416370000035],[121.18388465400005,28.155581979000033],[121.19573064100007,28.16937937800003],[121.20159797300005,28.168023867000045],[121.20540584600008,28.16963149000003],[121.20712151700002,28.172525866000058],[121.20669439700009,28.17374552900003],[121.2147360130001,28.170188103000044],[121.22217568300005,28.181598862000044],[121.22856272600006,28.190174460000037],[121.23133510100001,28.207729836000055],[121.23661985800004,28.20721646000004]]],[[[121.60808012700011,28.507534899000063],[121.6076202590001,28.50671935400004],[121.60370014400007,28.51052284600007],[121.6026393090001,28.515348989000074],[121.60302893700009,28.521402950000038],[121.6081884780001,28.52887366500005],[121.6146889470001,28.526073178000047],[121.60808012700011,28.507534899000063]]],[[[121.23613730900001,28.343405373000053],[121.23015398200005,28.34254096400008],[121.22658886200009,28.346396979000076],[121.23819022000009,28.35068387700005],[121.23903495900004,28.346695925000063],[121.23613730900001,28.343405373000053]]],[[[121.56932779200008,29.050831472000027],[121.57296708400008,29.049022711000077],[121.56952393000006,29.049060530000077],[121.55951220200006,29.048882802000037],[121.5633917020001,29.050952616000075],[121.56932779200008,29.050831472000027]]],[[[121.15363267400005,28.027824055000053],[121.14034871600006,28.01980356200005],[121.14037169500011,28.020804171000066],[121.15309753000008,28.027777597000068],[121.15363267400005,28.027824055000053]]],[[[121.53766646100007,29.116030238000064],[121.53328228700002,29.11504627000005],[121.53685431300005,29.11663222800007],[121.53766646100007,29.116030238000064]]],[[[121.20018533700011,28.18358638600006],[121.20066310000004,28.18186945100007],[121.20004928600008,28.18331101800004],[121.20018533700011,28.18358638600006]]]]}},{"type":"Feature","properties":{"code":"CN033100","name":"Wenzhou","label":"Wenzhou · 温州市","type":"Prefecture-level city","parentCode":"CN-ZJ"},"geometry":{"type":"MultiPolygon","coordinates":[[[[120.79804715800003,28.574655077000045],[120.81722763800008,28.523259606000067],[120.82612131400003,28.49623708200005],[120.84891712600006,28.47656478700003],[120.88058563700008,28.473161665000077],[120.91652059900002,28.47068652300004],[120.95012020500008,28.474038117000077],[121.04224090900004,28.47334911300004],[121.07294664100004,28.497474940000075],[121.11098231500011,28.51054907200006],[121.14241630200002,28.505235239000058],[121.16891817400005,28.47947236500005],[121.17406443700008,28.451909083000032],[121.186109611,28.41843581200004],[121.21134760400003,28.402136851000023],[121.19901055300011,28.388554043000056],[121.1912548360001,28.386411741000074],[121.1762001510001,28.390016614000047],[121.17122012200002,28.389263552000045],[121.16960692400005,28.386869512000033],[121.16896281900006,28.387184812000044],[121.17016305100003,28.382697197000027],[121.16960751600004,28.381891564000057],[121.13825460100009,28.38914819200005],[121.11333032300001,28.367103556000075],[121.09632368700011,28.330177930000048],[121.07500202200004,28.31029798800006],[121.05858599600003,28.308208147000073],[121.05827397400003,28.308607377000044],[121.04933873400012,28.310637369000062],[121.04596632700009,28.307762638000042],[121.04649529000005,28.306668940000066],[121.02672932700011,28.304152635000037],[121.02274331000001,28.26928853900006],[121.05122658000005,28.23005888800003],[121.11315304000004,28.226236592000078],[121.10985366500006,28.21461164200008],[121.1082812090001,28.208409867000057],[121.10237064300009,28.204419663000067],[121.10344784900008,28.19980306800005],[121.09642145700002,28.190304669000056],[121.09679996400007,28.187104555000076],[121.08812037100006,28.182842685000026],[121.08704890400008,28.165580197000054],[121.08690470900001,28.16539879100003],[121.08180878700011,28.168184302000043],[121.07755235100001,28.167627691000064],[121.05832636000002,28.150179580000042],[121.05049779400008,28.147799251000038],[121.04357944900005,28.143523170000037],[121.04290824200007,28.143474058000038],[121.03436917800002,28.142838866000034],[121.0264423860001,28.147147689000064],[121.02333846200008,28.14531414700008],[121.01237553900012,28.131027820000043],[120.99773339000001,28.12916073200006],[120.97867552500009,28.08433181500004],[120.98765615100001,28.06338745800008],[120.98000240500005,28.03485604000008],[120.97821624700009,28.026572878000025],[120.97543392000011,28.023183921000054],[120.9666525660001,28.007647932000054],[120.95455119300004,27.991116592000026],[120.9584441940001,27.984993874000054],[120.95511762600006,27.983792249000032],[120.94763284900012,27.986414868000054],[120.94593682300001,27.980030215000056],[120.92651438100006,27.989882226000077],[120.91613850100009,27.991054383000062],[120.90724910000006,27.992059556000072],[120.87959209300004,27.998542435000047],[120.85698059900005,27.998048033000032],[120.83712923900009,27.99395530700008],[120.82573836400002,27.989525340000057],[120.81867922900005,27.98900147100005],[120.80110015100001,27.993441261000044],[120.79667673300003,27.996430588000067],[120.79099275500005,28.007592271000078],[120.78782662200001,28.010493196000027],[120.77871785000002,28.018845631000033],[120.76421322800002,28.024280772000054],[120.73890053500008,28.031117262000066],[120.69361206300005,28.040740080000035],[120.68802631000005,28.045206063000023],[120.67977210000004,28.044272921000072],[120.6723102410001,28.048346002000073],[120.66670156900011,28.051138879000064],[120.6582869240001,28.040802289000055],[120.64314383700003,28.03682743300004],[120.65025208400004,28.024817737000035],[120.65592296500006,28.026415538000037],[120.66345358100011,28.025894943000026],[120.67347585000005,28.019906466000066],[120.6904066400001,28.01862953500006],[120.69993067100006,28.017471452000052],[120.69796136200011,28.01647336600007],[120.68187384100008,28.008314145000043],[120.70156473700001,27.99260933100004],[120.70776224600002,27.988604317000068],[120.72107316000006,27.97734016900006],[120.72922492200007,27.96654835700008],[120.7362084450001,27.960632609000072],[120.74251241900004,27.955287227000042],[120.77516714300009,27.94864919300005],[120.79242844500004,27.944329090000053],[120.81990018700003,27.938152444000025],[120.83715670000004,27.916454670000064],[120.83995150700002,27.896088836000047],[120.83747203400003,27.875290090000078],[120.8366661660001,27.862853234000056],[120.82951349400003,27.86050951200008],[120.80716720900011,27.84746190000004],[120.78727001100003,27.826012740000067],[120.77059788100007,27.813714916000038],[120.76431145400011,27.803771229000063],[120.75948203700011,27.796109645000058],[120.74965621900003,27.785795975000042],[120.7468797140001,27.774552437000068],[120.74034117400004,27.763358012000026],[120.73586209500002,27.748578359000078],[120.7319854640001,27.742573511000046],[120.72483792700007,27.736611228000072],[120.71005172600007,27.723232924000058],[120.70224607800003,27.719998033000024],[120.69683058300006,27.71944469700003],[120.68744678000007,27.71999475900003],[120.68020756600004,27.722810555000024],[120.67949035900006,27.72198991500005],[120.6658040210001,27.729151650000063],[120.63953653600004,27.745244091000075],[120.60913345800009,27.76170505300007],[120.62597799200012,27.727269901000057],[120.64356884900008,27.70830603400003],[120.6613306160001,27.682008433000078],[120.66263606000007,27.67623142900004],[120.66226178000011,27.67414967600007],[120.65708857400011,27.659589393000033],[120.65775323200012,27.657071548000033],[120.65904263000004,27.656067278000023],[120.65794297500008,27.653050775000054],[120.65244842400011,27.64165950200004],[120.65833646200008,27.635728373000063],[120.65786128000002,27.63554053400003],[120.66174445900003,27.628798995000068],[120.65751749100002,27.614854258000037],[120.65207580200001,27.612418268000056],[120.64038697600006,27.61487717700004],[120.64008247700008,27.610489775000076],[120.63717500500002,27.60488765100007],[120.63851087000012,27.600690151000038],[120.63567215600006,27.599053061000063],[120.62769952500003,27.599370656000076],[120.62129850100007,27.594858835000025],[120.61778203000006,27.595320494000077],[120.61038893000011,27.60190159800004],[120.60442992000003,27.596335490000058],[120.59712849700009,27.59455106200005],[120.59419155600006,27.58685346200008],[120.59469761300011,27.585741961000053],[120.58039448600005,27.585983128000066],[120.56877725000004,27.582311557000025],[120.54063679500007,27.57216919800004],[120.53649507400007,27.56615325300004],[120.55448910900009,27.55996182800004],[120.58342832200003,27.558271882000042],[120.58502828100006,27.53617342700005],[120.59402209300004,27.50608701500005],[120.60651255100004,27.47934271500003],[120.62770779900006,27.482911882000053],[120.63699053300002,27.491218402000072],[120.66517389900002,27.45663361000004],[120.65699779500005,27.44347106300006],[120.64717762800001,27.44381104200005],[120.6498886500001,27.437714517000074],[120.64938782800004,27.435349346000066],[120.64274917400007,27.429589203000035],[120.63987620400007,27.428026215000045],[120.63932954600011,27.426622103000057],[120.63299541000004,27.421126180000044],[120.62718175900011,27.39786466700008],[120.62784159000012,27.376756975000035],[120.62168705700003,27.36216040000005],[120.6203227950001,27.362450918000036],[120.61498915400011,27.366072162000023],[120.61550974900001,27.369202279000035],[120.62097108300009,27.37372719700005],[120.62196316000006,27.37664121800003],[120.61356488500007,27.378631920000032],[120.61102412100001,27.38096641100003],[120.61022849500011,27.38996386100007],[120.6024785080001,27.38818598100005],[120.59911265000005,27.383006226000077],[120.59416863700005,27.381398603000036],[120.59108108400005,27.37830450200005],[120.58207708600003,27.386781357000075],[120.57544032200008,27.395857387000035],[120.56168221300004,27.39896131000006],[120.55261273200006,27.40325703600007],[120.54746244500006,27.403322519000028],[120.54493805100003,27.40223876600004],[120.54415879600003,27.401901525000028],[120.54335156100001,27.399828108000065],[120.53931730200009,27.401232013000026],[120.52821210900004,27.394911212000068],[120.5334199020001,27.37705558400006],[120.53507072500008,27.35783538900006],[120.53201158500008,27.35795874100006],[120.53072483100004,27.34982240200003],[120.5321377780001,27.346234105000065],[120.52567728700001,27.33700146700005],[120.52089574000001,27.335733601000072],[120.5134502520001,27.338336575000028],[120.50900391500011,27.338182688000074],[120.51014005500008,27.335867842000027],[120.51982615700001,27.328639664000036],[120.51455036200002,27.321100066000042],[120.53780234300007,27.288804381000034],[120.50943184200003,27.258408330000066],[120.51573897300011,27.223057163000078],[120.49716483800012,27.205502812000077],[120.49798243700002,27.187743913000077],[120.4895389080001,27.179997181000033],[120.48200757300003,27.16905822600006],[120.47306655400007,27.16395155500004],[120.4708629800001,27.164971964000074],[120.46351571800005,27.174676636000072],[120.4626775270001,27.181372337000028],[120.45858807500008,27.188323423000043],[120.45979297400004,27.190815075000046],[120.4663151420001,27.189898304000053],[120.46826328000009,27.19489143000004],[120.46842044100003,27.205548889000056],[120.4662627560001,27.206806175000054],[120.4621733030001,27.20917995600007],[120.45713106500011,27.21634713800006],[120.45085118600002,27.218720920000067],[120.44757700500008,27.21855066200004],[120.44439777500008,27.20897695700006],[120.43153351800004,27.208086380000054],[120.42974254100011,27.197658113000045],[120.42549920200008,27.195199203000072],[120.42130170200005,27.19524831600006],[120.41915056500011,27.19235066600004],[120.42111834800005,27.18313057200004],[120.42255450700009,27.182191042000056],[120.41739829400001,27.176112027000045],[120.41620854000007,27.175671081000075],[120.41619070500008,27.175685084000065],[120.40339520600003,27.185638595000057],[120.40109286000006,27.189739796000026],[120.39535647700006,27.21059520600005],[120.39583870000001,27.233934000000033],[120.3992574560001,27.275002866000023],[120.37735709200001,27.28944744000006],[120.32813134700007,27.343953404000047],[120.33263468300004,27.36694121900007],[120.32740640800012,27.39434121000005],[120.3130908930001,27.40363766200005],[120.27781588000005,27.398510945000055],[120.24688917000003,27.395710204000068],[120.205415603,27.409048276000078],[120.15842134000002,27.42822484000004],[120.11909951700011,27.423381532000064],[120.10039341000004,27.410544327000025],[120.07422082000005,27.384839446000058],[120.0616924840001,27.362506523000036],[120.02956968000001,27.34805820200006],[120.00684203600008,27.345418318000043],[119.98458579700002,27.357112666000035],[119.96775244700007,27.371958220000067],[119.9349112860001,27.36023909200003],[119.92427450500008,27.347416966000026],[119.91046344500012,27.33076503600006],[119.89842778400009,27.31286876200005],[119.8590836620001,27.307042626000054],[119.83452004300011,27.316195116000074],[119.79170336800007,27.306133760000023],[119.78793612800007,27.29924412200006],[119.77448053500007,27.298352831000045],[119.75099016800004,27.29678767200005],[119.73884179100003,27.338179534000062],[119.72755044000007,27.362338264000073],[119.71615897800007,27.386678078000045],[119.70639201100005,27.42157932300006],[119.69798734100004,27.45995918400007],[119.68471743300006,27.49063442100004],[119.66923940000004,27.519681380000065],[119.6335478530001,27.57184610300004],[119.630353807,27.611595813000065],[119.61666708500002,27.638688321000075],[119.61712402600006,27.663783581000075],[119.60851211300007,27.666665141000067],[119.6197978240001,27.702420911000047],[119.63542503500003,27.72727452600003],[119.6613917200001,27.75362273500008],[119.69351668500008,27.764509462000035],[119.72336526200002,27.785665580000057],[119.7397815920001,27.816315789000043],[119.76621773200009,27.846706794000056],[119.77014689900011,27.887590283000065],[119.77018294300001,27.915902180000046],[119.80594577600004,27.921538516000055],[119.86031282600004,27.98043098000005],[119.87699546500005,27.94991843500003],[119.90535012900011,27.970727563000025],[119.93848457600006,27.963979807000044],[119.94276773000001,27.937321197000074],[119.97433546600007,27.93773254300004],[120.01429149600006,27.952286360000073],[120.05595450800001,27.965170546000024],[120.0963769330001,27.977076170000032],[120.1301246060001,27.963229813000055],[120.17240968400006,27.92033972200005],[120.20661971300001,27.959671885000034],[120.23285181300002,27.974701090000053],[120.2736563310001,27.983470688000068],[120.32209541000009,28.029388123000047],[120.3369279310001,28.058286276000047],[120.3561467510001,28.09161449100003],[120.37496222200002,28.124134163000065],[120.3669646080001,28.155431156000077],[120.38344635700003,28.190108718000033],[120.39106412400008,28.217144923000035],[120.39191211000002,28.249796916000037],[120.38006470100004,28.308439711000062],[120.33020710100004,28.34998063200004],[120.30297342400002,28.388615322000078],[120.32826217400009,28.41301231500006],[120.35814903300002,28.39550762300007],[120.36644395500002,28.42444200600005],[120.37249125700009,28.464307242000075],[120.4079785670001,28.458313002000068],[120.41565684900002,28.48637468100003],[120.41619898500005,28.519358332000024],[120.41601634200003,28.55474192400004],[120.4532921660001,28.56670248000006],[120.49771888500004,28.55743586400007],[120.53801555200005,28.54020500400003],[120.56625450600006,28.526079671000048],[120.59640216800005,28.518729294000025],[120.62547586800008,28.535223146000078],[120.64174896500003,28.56097093900007],[120.6914392760001,28.568294509000054],[120.72905662200003,28.566632853000044],[120.76682603200004,28.557967087000065],[120.79804715800003,28.574655077000045]]],[[[120.77805974000012,28.00840426800005],[120.78222435300006,27.999624147000077],[120.77044559700005,28.005742602000055],[120.75274969200007,28.018789221000077],[120.76526751400002,28.01715942800007],[120.77343659600001,28.013069976000054],[120.77805974000012,28.00840426800005]]],[[[120.6853087400001,28.037298916000054],[120.67160956600003,28.034980795000024],[120.66882323800007,28.037109013000077],[120.66841069200007,28.04087759500004],[120.68582278600002,28.039594116000046],[120.6853087400001,28.037298916000054]]],[[[120.46804648000011,27.161084335000055],[120.46717893800007,27.160588837000034],[120.46653415000003,27.16088714800003],[120.46804648000011,27.161084335000055]]]]}},{"type":"Feature","properties":{"code":"CN033110","name":"Zhoushan","label":"Zhoushan · 舟山市","type":"Prefecture-level city","parentCode":"CN-ZJ"},"geometry":{"type":"MultiPolygon","coordinates":[[[[121.93710559700003,30.168877200000054],[121.96062539800005,30.155227960000047],[121.97326777900003,30.14084600500007],[122.01951366600008,30.133516583000073],[122.0303482380001,30.134260036000057],[122.05002797800012,30.136851800000045],[122.06559951400004,30.14076159900003],[122.07724942800007,30.139594955000064],[122.09556358700002,30.13229701000006],[122.10018252000009,30.119080146000044],[122.10990238000011,30.111731134000024],[122.12820863400009,30.104425338000055],[122.14813478700012,30.103098174000024],[122.15480987300009,30.10265604800003],[122.15805233200001,30.09558230500005],[122.16139489300008,30.088327341000024],[122.17334662200005,30.08165340800008],[122.1872792910001,30.073868274000063],[122.21673427000007,30.077263225000024],[122.23123404400008,30.065773341000067],[122.2391983550001,30.062735587000077],[122.26382323600001,30.053346091000037],[122.29929591900009,30.023301307000054],[122.30548786400004,30.016601656000034],[122.31233411400001,30.009210434000067],[122.31318670500002,30.000008429000047],[122.30917314700002,29.986746442000026],[122.30228944200007,29.968310062000057],[122.30344904000003,29.95360525500007],[122.29708012800006,29.944925023000053],[122.29070190200002,29.943055621000042],[122.27011057700008,29.944401310000046],[122.25784222100003,29.95034722300005],[122.25282290200005,29.95486231800004],[122.24804587100004,29.95915149500007],[122.23027034300003,29.96585374400007],[122.2092828420001,29.977231523000057],[122.19206392400008,29.978901355000062],[122.17719259400008,29.98636321400005],[122.16577879900001,29.989771636000057],[122.14967410200006,29.99027066000008],[122.10758791600006,30.000344649000056],[122.10549130400011,30.003113924000047],[122.09864826600005,30.006826845000035],[122.07080790500004,30.006643491000034],[122.06654492100006,30.008414823000066],[122.0631626920001,30.007448939000028],[122.0547873370001,30.000540417000025],[122.05358243800003,30.00000017800005],[122.03319655400003,29.990847744000064],[122.02884584100002,29.990470767000033],[122.0261205490001,29.99129978700006],[122.02435382400006,29.993517299000075],[122.02242205800007,30.00000017800005],[122.0217279310001,30.002351040000065],[122.02005809900004,30.018473107000034],[122.01866984600008,30.021410047000074],[122.01486197400004,30.029451436000045],[122.01162053400003,30.03328550200007],[122.00637202200005,30.034451110000077],[121.9994438550001,30.043383076000055],[121.9906272610001,30.045903835000047],[121.98956755300003,30.04813742400006],[121.97954626600006,30.06585951200003],[121.9893037170001,30.07410471700007],[121.989022137,30.080587595000054],[121.98455942800001,30.092174922000027],[121.98660251700005,30.096097390000068],[121.98325303000001,30.10473795400003],[121.97670139400009,30.110523432000036],[121.97577807500011,30.12127256800005],[121.97561764000011,30.123076642000058],[121.969963129,30.12633772600003],[121.96381421700005,30.13796434300008],[121.94953878800004,30.14287888900003],[121.9525543090001,30.147197534000043],[121.95168337700011,30.150350570000057],[121.9419623330001,30.154538247000062],[121.93903194100005,30.16107678700007],[121.93637985500004,30.160926175000043],[121.93549255200003,30.16345056800003],[121.9370870780001,30.168846418000044],[121.93710559700003,30.168877200000054]]],[[[122.20354216900012,30.316556582000032],[122.21739312400007,30.307870989000037],[122.22436440800004,30.296231627000054],[122.2222943910001,30.293965719000028],[122.20696144800002,30.29056409800006],[122.20342205800011,30.285011087000044],[122.20451236100007,30.281226134000065],[122.20507257700001,30.280739625000024],[122.20144274400002,30.27851477200005],[122.21444345800012,30.23358071000007],[122.21405659800007,30.233590074000062],[122.21122115800006,30.23512239100006],[122.20575000100007,30.23713273800007],[122.20062263400007,30.234749134000026],[122.18811853600005,30.24215533100005],[122.16931818900002,30.24093733600006],[122.16137830000002,30.24843521100007],[122.15509842100005,30.247541359000024],[122.14051849300006,30.250396445000035],[122.12917345500011,30.264449230000025],[122.12171159700006,30.26816215100007],[122.11992716800012,30.269052728000077],[122.10472842000001,30.283193916000073],[122.09555089100002,30.281946453000046],[122.0836197750001,30.285151877000033],[122.0822511670001,30.28768936700004],[122.08428116000005,30.29097991900005],[122.09348160800005,30.293065572000046],[122.09005026600005,30.298782292000055],[122.09130100400012,30.300216383000077],[122.09982020500001,30.30661070900004],[122.11190357100008,30.307567197000026],[122.12744213400003,30.303276337000057],[122.13910850100001,30.30210444900007],[122.1551743120001,30.31202883700007],[122.15683046200002,30.31056607000005],[122.16858804700007,30.30944957400004],[122.17301146500006,30.31247491700003],[122.17505782800004,30.31639411200007],[122.17427202500005,30.322048622000068],[122.1765556250001,30.32383566200008],[122.1903728640001,30.322439711000072],[122.20354216900012,30.316556582000032]]],[[[122.45142661500006,30.723996661000058],[122.45314057000007,30.72242857400005],[122.45369782000012,30.72261497900007],[122.46615969200002,30.715033831000028],[122.46636838800009,30.715034744000036],[122.46938378200002,30.710111105000067],[122.47413789300003,30.707897759000048],[122.48549602700007,30.70801890300004],[122.49775783500002,30.713336173000073],[122.49881067000001,30.715176635000034],[122.50728348900009,30.715213693000067],[122.5116796530001,30.71067099000004],[122.51410582100004,30.711234149000063],[122.5161042420001,30.715252272000043],[122.51702642500004,30.715256305000025],[122.51617724700009,30.697737850000067],[122.51415165900005,30.698500859000035],[122.507668781,30.699506033000034],[122.50241699500009,30.69442450400004],[122.49851089700007,30.693271992000064],[122.49542334400007,30.69460785800004],[122.4997190690001,30.70013140100008],[122.49585881000007,30.700442448000047],[122.49035491200004,30.694948373000045],[122.48698128600006,30.693496780000032],[122.48229526500006,30.69380628300007],[122.47982187100001,30.697521879000078],[122.47693731800007,30.69822255400004],[122.46183024700008,30.694021779000025],[122.46155158200008,30.693447135000042],[122.45128648700006,30.689687006000042],[122.45040008100011,30.69181498100005],[122.44850105600005,30.69269901000007],[122.44692909500009,30.68809088200004],[122.44645482300007,30.687917155000036],[122.44091584800003,30.687639103000038],[122.4353650590001,30.69141386900003],[122.43377706400008,30.69328836300008],[122.43195649100005,30.69373183600004],[122.4237400610001,30.699319348000074],[122.42462245400009,30.700828802000046],[122.42978583700005,30.703618404000053],[122.43522752600006,30.72873792100006],[122.42973345000007,30.730132722000064],[122.42592557800003,30.73310240400008],[122.42172152900002,30.73639295600003],[122.42252370400001,30.738458964000074],[122.42465267600005,30.73881113400006],[122.42835950100005,30.73802948100007],[122.45142661500006,30.723996661000058]]],[[[122.24775774300008,29.95038651300007],[122.2502313970001,29.945112437000034],[122.22202080500006,29.953702104000058],[122.22167657300008,29.953931041000033],[122.21970456100007,29.957966242000055],[122.22109936200002,29.96399073500004],[122.22586002100002,29.96303794800008],[122.2359379500001,29.95568741200003],[122.24285956900007,29.95447596500003],[122.24775774300008,29.95038651300007]]],[[[121.9806369590001,30.073259978000067],[121.97675134100007,30.072992772000077],[121.97544626400008,30.076468282000064],[121.97931746400002,30.085400641000035],[121.98126887600006,30.08640254000005],[121.98209397000005,30.08178921900003],[121.98603935800008,30.07731341400006],[121.9806369590001,30.073259978000067]]],[[[121.97691421600007,30.09318336900003],[121.97170171900007,30.087663100000043],[121.97074974400005,30.088975438000034],[121.96818514100005,30.09580515400006],[121.96769515500011,30.09689336100007],[121.96958987300002,30.097524933000045],[121.97508394800002,30.09656559800004],[121.97691421600007,30.09318336900003]]],[[[122.06878773500011,30.29572748100003],[122.06627869300007,30.291807952000056],[122.06627745500009,30.29665278400006],[122.06800329900011,30.29756416300006],[122.06878773500011,30.29572748100003]]]]}}]}
