{"type":"FeatureCollection","name":"admin2_aus_au-sa","adm0A3":"AUS","parentCode":"AU-SA","parentName":"South Australia","bbox":[129.001847,-38.062561,141.002963,-25.996378],"features":[{"type":"Feature","properties":{"code":"AU-LGA-40070","name":"Adelaide","label":"Adelaide","type":"Local government area","parentCode":"AU-SA"},"geometry":{"type":"Polygon","coordinates":[[[138.577002,-34.909156],[138.582891,-34.942371],[138.624519,-34.94023],[138.623571,-34.92789],[138.615726,-34.922577],[138.612716,-34.905435],[138.609943,-34.90216],[138.59794,-34.898667],[138.587929,-34.899185],[138.577002,-34.909156]]]}},{"type":"Feature","properties":{"code":"AU-LGA-40120","name":"Adelaide Hills","label":"Adelaide Hills","type":"Local government area","parentCode":"AU-SA"},"geometry":{"type":"Polygon","coordinates":[[[138.722702,-34.859186],[138.723834,-34.864309],[138.718977,-34.870111],[138.719796,-34.873962],[138.712771,-34.874325],[138.713257,-34.881574],[138.706975,-34.88186],[138.707907,-34.894062],[138.690684,-34.894033],[138.691133,-34.90009],[138.684161,-34.900424],[138.685077,-34.912902],[138.693273,-34.915563],[138.697856,-34.921214],[138.697791,-34.926706],[138.701005,-34.928236],[138.697586,-34.931896],[138.693498,-34.929225],[138.684677,-34.930898],[138.685234,-34.938086],[138.675464,-34.938714],[138.671764,-34.942099],[138.672415,-34.951112],[138.676701,-34.955845],[138.676697,-34.960777],[138.685952,-34.974619],[138.684359,-34.97618],[138.675346,-34.974473],[138.665178,-34.981649],[138.669411,-34.985785],[138.673759,-34.985263],[138.671226,-34.989473],[138.675248,-34.990653],[138.677612,-34.998989],[138.676088,-34.999967],[138.680028,-35.000408],[138.677076,-35.007311],[138.681394,-35.007445],[138.675592,-35.015594],[138.671645,-35.025992],[138.676054,-35.030066],[138.682492,-35.027515],[138.681824,-35.03819],[138.680179,-35.039275],[138.685234,-35.042014],[138.68627,-35.05134],[138.6835,-35.052469],[138.685435,-35.079596],[138.683813,-35.079658],[138.68422,-35.084579],[138.681999,-35.084768],[138.684827,-35.117794],[138.685845,-35.120128],[138.688643,-35.11855],[138.697241,-35.121492],[138.703902,-35.119523],[138.710152,-35.11985],[138.712808,-35.117926],[138.713052,-35.115246],[138.716405,-35.114591],[138.712138,-35.111016],[138.716909,-35.105148],[138.717379,-35.099694],[138.72013,-35.097986],[138.720814,-35.092481],[138.718992,-35.091044],[138.72133,-35.090734],[138.721149,-35.087526],[138.715326,-35.086762],[138.716824,-35.084262],[138.720998,-35.083137],[138.719058,-35.079415],[138.726866,-35.082757],[138.728443,-35.078605],[138.733436,-35.077282],[138.737467,-35.079068],[138.73566,-35.075473],[138.738698,-35.074881],[138.7388,-35.07257],[138.735433,-35.070984],[138.737394,-35.068642],[138.744641,-35.070913],[138.745936,-35.068159],[138.750865,-35.067446],[138.750909,-35.072791],[138.75558,-35.07025],[138.755487,-35.067754],[138.75996,-35.067039],[138.756291,-35.064745],[138.755618,-35.05426],[138.759686,-35.05664],[138.758011,-35.051075],[138.764761,-35.049956],[138.770933,-35.041625],[138.774957,-35.039535],[138.779489,-35.03022],[138.778759,-35.027043],[138.783443,-35.023538],[138.788777,-35.024731],[138.791654,-35.019034],[138.787251,-35.016916],[138.788924,-35.014425],[138.787618,-35.012314],[138.788612,-35.010614],[138.792129,-35.012472],[138.794752,-35.007199],[138.799581,-35.008433],[138.808854,-35.003179],[138.8206,-35.019359],[138.822883,-35.01823],[138.825189,-35.021525],[138.828569,-35.017809],[138.839377,-35.015767],[138.85024,-35.031639],[138.853733,-35.029617],[138.855855,-35.02511],[138.859501,-35.02923],[138.864552,-35.026914],[138.863558,-35.025489],[138.869747,-35.019805],[138.876294,-35.010285],[138.891085,-35.007772],[138.893558,-35.004284],[138.896351,-35.003709],[138.898625,-34.994185],[138.901577,-34.992797],[138.90932,-34.992844],[138.916047,-34.987181],[138.922783,-34.984922],[138.938451,-34.983807],[138.937652,-34.982164],[138.942022,-34.980884],[138.943139,-34.983122],[138.944248,-34.980698],[138.952174,-34.979938],[138.95849,-34.971378],[138.955264,-34.96772],[138.955491,-34.962956],[138.961327,-34.956593],[138.963383,-34.951775],[138.961108,-34.943397],[138.963259,-34.939923],[138.960297,-34.933841],[138.961023,-34.93164],[138.96488,-34.929573],[138.966807,-34.924791],[138.971349,-34.923424],[138.966052,-34.914794],[138.9688,-34.907522],[138.972786,-34.905059],[138.975164,-34.9002],[138.972948,-34.896009],[138.977672,-34.891616],[138.980768,-34.882959],[138.975167,-34.877564],[138.989432,-34.87899],[138.991591,-34.874768],[138.998933,-34.872723],[138.99905,-34.870108],[139.009481,-34.864671],[139.003069,-34.856856],[139.003924,-34.854684],[139.001918,-34.850858],[139.005697,-34.846918],[139.006923,-34.841259],[139.002983,-34.838511],[139.001901,-34.832375],[139.003429,-34.831216],[139.010207,-34.832329],[139.01629,-34.830957],[139.025081,-34.823344],[139.030695,-34.82518],[139.037333,-34.82328],[139.043973,-34.815895],[139.026918,-34.809815],[139.017591,-34.804527],[139.010927,-34.804038],[139.004588,-34.799126],[139.002458,-34.80036],[139.004899,-34.794171],[138.988081,-34.781372],[138.991094,-34.772264],[138.989887,-34.769833],[138.970163,-34.773681],[138.960354,-34.772392],[138.95302,-34.775677],[138.948108,-34.773116],[138.949529,-34.769115],[138.948572,-34.765389],[138.941912,-34.763455],[138.940674,-34.760807],[138.934057,-34.759371],[138.930548,-34.756922],[138.924134,-34.758503],[138.928371,-34.75528],[138.929247,-34.752695],[138.918915,-34.745548],[138.926857,-34.743754],[138.926713,-34.734904],[138.917468,-34.734694],[138.917491,-34.725568],[138.910082,-34.711227],[138.910524,-34.70884],[138.903657,-34.708367],[138.903776,-34.704743],[138.898274,-34.704704],[138.896341,-34.707471],[138.89383,-34.705334],[138.891246,-34.706071],[138.891776,-34.70323],[138.885053,-34.699859],[138.878099,-34.700931],[138.876928,-34.703474],[138.873112,-34.701359],[138.867527,-34.701494],[138.861753,-34.703966],[138.859725,-34.701548],[138.861946,-34.694894],[138.858662,-34.691874],[138.854146,-34.691257],[138.85222,-34.688312],[138.853265,-34.686603],[138.8477,-34.684412],[138.848604,-34.680961],[138.847556,-34.680524],[138.843392,-34.685166],[138.83996,-34.700364],[138.835869,-34.704679],[138.833145,-34.711216],[138.833572,-34.716107],[138.828074,-34.717031],[138.825942,-34.726368],[138.819558,-34.728781],[138.815945,-34.735772],[138.811993,-34.738472],[138.813032,-34.752569],[138.814914,-34.755637],[138.814584,-34.763386],[138.811568,-34.772602],[138.814447,-34.7749],[138.81033,-34.775379],[138.799722,-34.770593],[138.793305,-34.770649],[138.787469,-34.767838],[138.780197,-34.767013],[138.780154,-34.768219],[138.775259,-34.768479],[138.77257,-34.770276],[138.771681,-34.771532],[138.772948,-34.77349],[138.768772,-34.779539],[138.769613,-34.780897],[138.768039,-34.781162],[138.766697,-34.778253],[138.763829,-34.778452],[138.753774,-34.78422],[138.759302,-34.784723],[138.758671,-34.786519],[138.76176,-34.794228],[138.758368,-34.801004],[138.750859,-34.806965],[138.749028,-34.814448],[138.753443,-34.817067],[138.753142,-34.820317],[138.756105,-34.821059],[138.746175,-34.836954],[138.747669,-34.841795],[138.744947,-34.849563],[138.747375,-34.85184],[138.747722,-34.855586],[138.752184,-34.85868],[138.756265,-34.866572],[138.753209,-34.869128],[138.752027,-34.866058],[138.745015,-34.863595],[138.747743,-34.861473],[138.742435,-34.862128],[138.740439,-34.859104],[138.738972,-34.860753],[138.736308,-34.858991],[138.732651,-34.85913],[138.731348,-34.85589],[138.728803,-34.859438],[138.722702,-34.859186]]]}},{"type":"Feature","properties":{"code":"AU-LGA-40150","name":"Adelaide Plains","label":"Adelaide Plains","type":"Local government area","parentCode":"AU-SA"},"geometry":{"type":"Polygon","coordinates":[[[138.435652,-34.672745],[138.439831,-34.669482],[138.444856,-34.670584],[138.446491,-34.673735],[138.452,-34.676196],[138.464436,-34.673344],[138.472159,-34.667185],[138.473925,-34.663822],[138.488699,-34.658447],[138.490522,-34.656187],[138.489978,-34.653324],[138.492357,-34.65126],[138.491951,-34.647435],[138.503405,-34.646487],[138.51093,-34.641065],[138.513934,-34.641473],[138.516971,-34.638695],[138.518819,-34.639631],[138.520489,-34.636956],[138.525482,-34.637009],[138.526359,-34.639869],[138.529474,-34.641412],[138.53171,-34.639428],[138.533656,-34.640059],[138.53797,-34.635309],[138.539554,-34.63592],[138.540571,-34.639877],[138.544463,-34.639574],[138.549396,-34.63535],[138.551841,-34.636418],[138.551588,-34.637683],[138.556481,-34.637018],[138.559414,-34.639227],[138.56218,-34.635842],[138.565111,-34.636425],[138.566255,-34.635203],[138.568253,-34.636419],[138.569257,-34.635058],[138.575894,-34.635802],[138.57796,-34.63863],[138.590851,-34.63884],[138.593237,-34.635074],[138.596702,-34.635603],[138.596891,-34.633795],[138.600024,-34.632519],[138.60398,-34.63428],[138.608951,-34.633761],[138.609332,-34.635405],[138.614472,-34.633042],[138.617559,-34.633738],[138.622039,-34.630881],[138.621257,-34.628703],[138.623886,-34.630228],[138.625598,-34.625629],[138.630194,-34.628737],[138.629785,-34.474806],[138.567754,-34.449012],[138.569786,-34.441772],[138.566558,-34.439365],[138.571523,-34.434855],[138.571393,-34.432693],[138.566543,-34.426806],[138.566207,-34.422936],[138.563814,-34.425423],[138.561743,-34.424083],[138.566347,-34.418053],[138.563217,-34.414186],[138.559967,-34.414973],[138.566429,-34.408942],[138.572823,-34.40864],[138.570958,-34.406365],[138.572565,-34.402923],[138.575052,-34.401962],[138.57384,-34.397492],[138.581481,-34.399692],[138.583481,-34.40201],[138.588051,-34.40227],[138.59101,-34.397914],[138.596324,-34.396917],[138.597099,-34.393215],[138.601073,-34.390219],[138.612912,-34.388888],[138.615951,-34.391738],[138.621841,-34.393692],[138.626188,-34.393213],[138.627758,-34.389343],[138.63045,-34.389045],[138.611623,-34.344863],[138.304216,-34.346342],[138.284031,-34.344366],[138.230862,-34.344382],[138.22523,-34.365894],[138.2402,-34.38573],[138.246985,-34.400884],[138.249494,-34.413604],[138.25697,-34.430189],[138.259599,-34.439806],[138.261592,-34.453422],[138.259983,-34.458678],[138.261659,-34.460004],[138.260119,-34.46152],[138.265473,-34.476532],[138.270569,-34.48182],[138.292029,-34.493161],[138.309223,-34.509037],[138.32971,-34.518096],[138.341275,-34.533256],[138.344393,-34.531199],[138.343102,-34.533025],[138.344451,-34.533134],[138.341908,-34.534543],[138.350447,-34.552698],[138.349523,-34.557515],[138.352528,-34.563122],[138.362144,-34.570464],[138.362046,-34.574482],[138.364672,-34.574776],[138.364317,-34.578135],[138.369069,-34.579571],[138.371453,-34.582101],[138.370793,-34.583309],[138.37406,-34.582356],[138.374228,-34.584993],[138.384343,-34.587794],[138.383428,-34.589829],[138.38688,-34.589637],[138.387621,-34.591935],[138.389975,-34.590951],[138.389224,-34.59369],[138.393953,-34.596904],[138.398699,-34.598473],[138.402374,-34.597657],[138.408439,-34.600247],[138.407802,-34.601423],[138.414231,-34.611486],[138.411786,-34.613227],[138.416995,-34.614374],[138.412942,-34.615298],[138.415884,-34.619958],[138.41325,-34.620839],[138.417942,-34.622084],[138.422162,-34.620036],[138.426474,-34.621615],[138.432964,-34.631091],[138.434651,-34.631217],[138.434769,-34.634122],[138.445788,-34.653379],[138.442792,-34.655381],[138.439718,-34.653539],[138.43625,-34.653872],[138.431881,-34.662877],[138.429842,-34.66424],[138.430425,-34.667993],[138.433543,-34.669456],[138.435652,-34.672745]]]}},{"type":"Feature","properties":{"code":"AU-LGA-40220","name":"Alexandrina","label":"Alexandrina","type":"Local government area","parentCode":"AU-SA"},"geometry":{"type":"MultiPolygon","coordinates":[[[[138.692182,-35.537429],[138.6899,-35.538362],[138.693375,-35.538398],[138.692182,-35.537429]]],[[[138.51634,-35.322695],[138.520057,-35.324137],[138.521541,-35.329129],[138.515758,-35.337184],[138.519873,-35.340392],[138.525088,-35.341224],[138.526401,-35.353901],[138.525325,-35.355253],[138.537347,-35.355206],[138.535096,-35.359387],[138.539572,-35.359757],[138.54086,-35.36168],[138.55913,-35.354391],[138.563234,-35.354888],[138.575838,-35.351342],[138.578484,-35.354047],[138.581846,-35.353206],[138.587076,-35.356197],[138.586246,-35.359799],[138.590672,-35.369566],[138.587711,-35.374335],[138.582308,-35.377462],[138.587192,-35.381772],[138.584241,-35.389637],[138.59539,-35.390666],[138.598913,-35.39254],[138.599898,-35.394818],[138.611197,-35.389521],[138.616427,-35.393049],[138.619664,-35.391534],[138.629766,-35.39784],[138.632525,-35.405441],[138.633945,-35.432822],[138.641153,-35.439245],[138.641031,-35.445217],[138.643378,-35.453777],[138.642321,-35.456247],[138.650068,-35.463217],[138.649145,-35.467566],[138.644789,-35.470985],[138.651793,-35.47159],[138.654005,-35.483329],[138.654949,-35.491037],[138.653372,-35.491234],[138.652154,-35.506257],[138.650672,-35.506151],[138.65246,-35.523838],[138.649433,-35.524388],[138.652627,-35.538387],[138.670835,-35.536195],[138.684439,-35.538095],[138.686206,-35.536571],[138.684116,-35.535083],[138.685269,-35.533151],[138.691079,-35.532861],[138.695204,-35.52904],[138.695397,-35.527253],[138.692456,-35.526237],[138.694139,-35.52179],[138.710276,-35.513573],[138.718221,-35.513792],[138.746069,-35.517403],[138.786001,-35.526616],[138.817889,-35.536602],[138.878096,-35.558853],[138.880775,-35.555772],[138.899404,-35.554867],[138.907711,-35.556397],[138.917712,-35.561235],[138.926097,-35.558896],[138.931542,-35.562427],[138.935146,-35.55579],[138.943056,-35.5558],[138.963017,-35.545358],[138.966281,-35.541332],[138.965959,-35.528793],[138.981032,-35.518245],[138.986849,-35.520223],[138.989655,-35.518855],[138.990508,-35.516383],[139.00174,-35.513074],[139.006924,-35.512752],[139.016338,-35.515177],[139.022378,-35.512031],[139.029761,-35.514032],[139.033466,-35.513256],[139.046736,-35.500936],[139.144716,-35.47169],[139.15513,-35.304448],[139.152554,-35.303781],[139.155229,-35.302847],[139.158319,-35.253472],[139.107624,-35.232353],[139.086079,-35.216615],[139.066444,-35.214851],[139.066694,-35.165922],[139.037892,-35.146185],[139.0388,-35.144235],[139.036353,-35.140325],[139.033335,-35.142223],[139.027428,-35.138767],[139.023725,-35.139531],[139.023377,-35.136197],[139.016391,-35.135515],[139.017807,-35.132786],[139.013403,-35.132828],[139.011264,-35.130668],[139.010443,-35.132601],[139.007313,-35.131674],[139.005606,-35.133113],[139.003076,-35.13191],[139.003115,-35.126581],[139.000586,-35.129742],[138.998909,-35.127349],[138.995302,-35.126595],[138.994734,-35.129493],[138.99171,-35.12708],[138.986649,-35.128759],[138.986855,-35.126021],[138.985504,-35.125609],[138.984588,-35.128121],[138.982844,-35.126828],[138.981045,-35.127653],[138.980708,-35.126234],[138.983529,-35.123723],[138.980973,-35.120088],[138.976876,-35.122084],[138.972418,-35.11647],[138.970286,-35.119721],[138.966789,-35.120353],[138.959632,-35.115802],[138.959746,-35.113064],[138.958254,-35.115177],[138.956236,-35.112817],[138.954314,-35.1137],[138.9503,-35.118333],[138.949415,-35.12521],[138.94184,-35.136578],[138.933147,-35.139187],[138.929297,-35.144867],[138.929949,-35.146902],[138.923473,-35.144105],[138.917518,-35.137452],[138.909467,-35.140864],[138.902388,-35.146554],[138.89206,-35.145553],[138.892401,-35.154085],[138.894911,-35.156607],[138.887419,-35.159659],[138.888473,-35.16324],[138.877355,-35.183759],[138.874056,-35.185619],[138.858272,-35.184541],[138.856671,-35.196402],[138.838561,-35.196074],[138.833099,-35.192361],[138.832225,-35.200177],[138.828725,-35.205577],[138.817695,-35.201316],[138.814277,-35.197447],[138.811339,-35.19882],[138.805832,-35.198258],[138.803518,-35.204364],[138.800719,-35.206694],[138.797808,-35.206463],[138.795369,-35.209435],[138.794792,-35.214397],[138.782979,-35.213756],[138.785931,-35.223635],[138.784977,-35.228525],[138.781429,-35.235621],[138.774512,-35.243298],[138.759685,-35.242059],[138.752703,-35.237609],[138.741678,-35.236649],[138.740313,-35.238245],[138.726192,-35.230055],[138.72776,-35.227757],[138.721229,-35.228196],[138.715012,-35.226578],[138.712203,-35.22218],[138.705411,-35.219426],[138.696073,-35.210431],[138.652918,-35.204802],[138.651919,-35.208261],[138.641451,-35.210706],[138.639827,-35.21615],[138.636499,-35.220018],[138.637472,-35.224918],[138.63491,-35.230832],[138.629771,-35.233774],[138.625669,-35.240795],[138.626671,-35.245289],[138.619471,-35.247933],[138.615146,-35.257448],[138.61354,-35.257439],[138.611583,-35.261156],[138.600076,-35.269563],[138.586017,-35.284521],[138.582224,-35.291091],[138.577775,-35.292289],[138.568656,-35.299788],[138.564826,-35.299786],[138.563799,-35.302946],[138.556907,-35.306337],[138.556648,-35.308166],[138.549329,-35.310738],[138.547362,-35.314207],[138.542061,-35.315199],[138.533539,-35.313591],[138.523785,-35.321067],[138.51634,-35.322695]]]]}},{"type":"Feature","properties":{"code":"AU-LGA-40250","name":"Anangu Pitjantjatjara Yankunytjatjara","label":"Anangu Pitjantjatjara Yankunytjatjara","type":"Local government area","parentCode":"AU-SA"},"geometry":{"type":"MultiPolygon","coordinates":[[[[133.111852,-25.998568],[129.001847,-25.998592],[129.001882,-28.115898],[131.00108,-28.116828],[132.002145,-28.120006],[133.358543,-28.11503],[133.359889,-27.842104],[133.675309,-27.841648],[133.675785,-27.560393],[133.44562,-27.560858],[133.446527,-27.273569],[133.492858,-27.273757],[133.492629,-27.146863],[133.442125,-27.072817],[133.37148,-26.999102],[133.370196,-26.99618],[133.366255,-26.911121],[133.356857,-26.876759],[133.351382,-26.862295],[133.34233,-26.846182],[133.331892,-26.808039],[133.365513,-26.71671],[133.099499,-26.717356],[133.047146,-26.631321],[133.055998,-26.536875],[133.05435,-26.481437],[133.089324,-26.358788],[133.1002,-26.350316],[133.108774,-26.351675],[133.111852,-25.998568]]],[[[133.492623,-27.14339],[133.492613,-27.138039],[133.642846,-27.137617],[133.638629,-27.120091],[133.63542,-27.067758],[133.641187,-27.047394],[133.674489,-27.024876],[133.744945,-26.718179],[133.501313,-26.716763],[133.436698,-26.718151],[133.367631,-26.71671],[133.333913,-26.807856],[133.342365,-26.84239],[133.353242,-26.861596],[133.358791,-26.876251],[133.368258,-26.910867],[133.370975,-26.969539],[133.381039,-26.969158],[133.381248,-26.973671],[133.373194,-26.973971],[133.371313,-26.97682],[133.372194,-26.995802],[133.443761,-27.071752],[133.492623,-27.14339]]]]}},{"type":"Feature","properties":{"code":"AU-LGA-40310","name":"Barossa","label":"Barossa","type":"Local government area","parentCode":"AU-SA"},"geometry":{"type":"Polygon","coordinates":[[[138.755579,-34.588147],[138.755449,-34.590109],[138.763131,-34.590316],[138.7762,-34.596875],[138.775977,-34.603156],[138.782456,-34.603908],[138.784544,-34.607438],[138.775584,-34.613634],[138.763094,-34.613164],[138.761939,-34.614666],[138.765553,-34.618194],[138.768561,-34.617418],[138.770189,-34.619314],[138.773226,-34.619126],[138.771577,-34.623703],[138.778237,-34.62342],[138.777832,-34.626061],[138.775265,-34.625261],[138.773401,-34.626471],[138.776808,-34.630438],[138.775718,-34.632823],[138.778082,-34.63543],[138.77992,-34.63637],[138.780761,-34.634294],[138.783116,-34.634344],[138.786308,-34.638027],[138.787243,-34.6346],[138.790517,-34.637013],[138.79201,-34.635417],[138.798007,-34.640033],[138.795336,-34.641626],[138.79813,-34.643236],[138.793868,-34.644305],[138.797677,-34.646312],[138.790568,-34.647401],[138.793966,-34.650848],[138.786807,-34.65051],[138.789496,-34.652777],[138.786771,-34.65472],[138.786933,-34.657257],[138.792854,-34.656137],[138.79053,-34.662307],[138.795254,-34.661933],[138.79521,-34.663988],[138.797629,-34.663717],[138.798139,-34.665456],[138.804647,-34.663836],[138.809567,-34.668305],[138.814613,-34.667687],[138.819956,-34.669426],[138.822794,-34.668274],[138.826858,-34.671235],[138.828964,-34.668328],[138.83242,-34.669882],[138.831125,-34.671057],[138.83672,-34.67342],[138.840933,-34.673228],[138.842184,-34.674397],[138.841099,-34.679324],[138.845554,-34.68142],[138.848359,-34.68061],[138.8477,-34.684412],[138.853265,-34.686603],[138.85222,-34.688312],[138.854146,-34.691257],[138.858662,-34.691874],[138.861946,-34.694894],[138.859725,-34.701548],[138.862493,-34.704275],[138.867527,-34.701494],[138.873112,-34.701359],[138.876928,-34.703474],[138.878099,-34.700931],[138.885053,-34.699859],[138.891776,-34.70323],[138.891246,-34.706071],[138.89383,-34.705334],[138.896341,-34.707471],[138.898274,-34.704704],[138.903776,-34.704743],[138.903657,-34.708367],[138.910524,-34.70884],[138.910082,-34.711227],[138.917491,-34.725568],[138.917468,-34.734694],[138.926713,-34.734904],[138.926857,-34.743754],[138.918915,-34.745548],[138.929247,-34.752695],[138.928371,-34.75528],[138.924134,-34.758503],[138.930548,-34.756922],[138.934057,-34.759371],[138.940674,-34.760807],[138.941912,-34.763455],[138.948572,-34.765389],[138.949529,-34.769115],[138.948108,-34.773116],[138.95302,-34.775677],[138.960354,-34.772392],[138.970163,-34.773681],[138.989887,-34.769833],[138.991094,-34.772264],[138.988081,-34.781372],[139.004899,-34.794171],[139.002458,-34.80036],[139.004588,-34.799126],[139.010927,-34.804038],[139.017591,-34.804527],[139.021607,-34.807471],[139.041781,-34.815324],[139.043927,-34.813309],[139.045322,-34.807846],[139.055928,-34.798182],[139.058656,-34.800182],[139.067187,-34.792366],[139.065504,-34.791152],[139.080542,-34.776818],[139.075946,-34.77334],[139.081425,-34.768344],[139.083898,-34.768853],[139.084837,-34.765299],[139.086245,-34.766318],[139.087012,-34.759231],[139.138416,-34.762944],[139.136987,-34.769853],[139.141572,-34.767843],[139.150695,-34.768509],[139.155502,-34.722524],[139.158763,-34.712838],[139.158097,-34.705752],[139.161505,-34.704567],[139.167185,-34.709506],[139.169057,-34.706714],[139.169362,-34.690975],[139.165978,-34.685007],[139.16457,-34.670509],[139.161197,-34.661139],[139.161374,-34.654362],[139.157992,-34.647479],[139.159152,-34.640469],[139.157552,-34.632603],[139.162632,-34.621109],[139.103141,-34.620621],[139.101006,-34.612879],[139.10334,-34.610238],[139.101814,-34.603975],[139.104273,-34.600865],[139.102729,-34.598018],[139.106218,-34.593572],[139.098223,-34.583464],[139.098275,-34.581429],[139.096251,-34.580525],[139.100726,-34.564851],[139.103262,-34.564889],[139.10588,-34.562699],[139.104734,-34.559802],[139.108723,-34.558731],[139.110569,-34.555574],[139.109465,-34.548804],[139.113632,-34.539592],[139.111774,-34.535719],[139.126265,-34.526367],[139.13491,-34.508663],[139.146077,-34.5108],[139.150095,-34.508273],[139.154947,-34.508623],[139.154939,-34.506071],[139.159097,-34.500942],[139.15643,-34.499095],[139.156465,-34.493557],[139.15977,-34.492066],[139.162142,-34.485873],[139.165631,-34.484111],[139.170455,-34.484261],[139.171869,-34.482187],[139.170068,-34.478113],[139.166519,-34.480199],[139.161561,-34.476985],[139.161328,-34.474132],[139.156396,-34.468187],[139.153523,-34.465501],[139.149809,-34.46526],[139.151312,-34.462408],[139.148396,-34.462371],[139.143326,-34.458143],[139.137846,-34.456478],[139.135398,-34.451114],[139.131161,-34.450937],[139.130975,-34.446202],[139.128081,-34.443562],[139.117439,-34.440988],[139.113753,-34.43818],[139.111957,-34.438769],[139.111199,-34.436182],[139.112561,-34.434252],[139.109781,-34.432285],[139.112227,-34.429544],[139.105599,-34.419001],[139.107656,-34.412914],[139.101272,-34.411673],[139.079588,-34.420001],[139.057642,-34.42447],[139.001981,-34.458502],[138.973221,-34.449904],[138.974695,-34.460055],[138.978203,-34.466372],[138.969715,-34.486288],[138.977267,-34.488548],[138.978231,-34.490398],[138.970114,-34.498749],[138.970341,-34.507096],[138.963307,-34.506202],[138.959436,-34.511313],[138.959369,-34.515239],[138.949214,-34.525568],[138.949935,-34.527317],[138.947946,-34.528877],[138.948768,-34.531624],[138.945417,-34.534405],[138.938756,-34.535341],[138.936608,-34.538835],[138.947145,-34.544176],[138.940201,-34.555152],[138.936598,-34.556032],[138.935913,-34.559105],[138.930921,-34.56075],[138.928382,-34.564746],[138.924225,-34.583693],[138.919582,-34.585004],[138.915181,-34.584151],[138.916051,-34.579542],[138.91392,-34.575168],[138.913624,-34.576743],[138.90918,-34.576746],[138.902193,-34.572378],[138.900156,-34.568291],[138.898047,-34.569416],[138.896327,-34.567567],[138.892247,-34.571369],[138.890702,-34.569109],[138.888725,-34.571183],[138.882044,-34.57332],[138.874165,-34.57414],[138.872586,-34.569893],[138.868725,-34.566968],[138.868715,-34.559733],[138.872069,-34.558727],[138.872062,-34.557503],[138.870379,-34.556398],[138.867586,-34.558457],[138.867161,-34.554336],[138.86157,-34.553444],[138.86054,-34.548655],[138.857683,-34.550797],[138.853939,-34.550437],[138.856341,-34.552901],[138.851585,-34.553751],[138.851608,-34.557426],[138.840108,-34.552938],[138.837167,-34.554084],[138.838285,-34.555202],[138.837242,-34.556052],[138.832063,-34.554463],[138.830991,-34.559304],[138.832621,-34.563717],[138.826914,-34.570341],[138.823315,-34.568801],[138.825906,-34.565101],[138.82091,-34.564057],[138.820064,-34.561064],[138.81329,-34.562613],[138.813345,-34.557817],[138.810126,-34.558853],[138.807918,-34.557703],[138.807311,-34.560374],[138.802196,-34.560986],[138.800595,-34.558776],[138.8059,-34.556161],[138.803972,-34.551141],[138.794059,-34.551089],[138.793286,-34.552804],[138.796301,-34.555191],[138.792287,-34.557377],[138.788187,-34.556379],[138.788782,-34.559689],[138.791353,-34.560831],[138.790269,-34.562738],[138.773325,-34.560592],[138.768789,-34.565594],[138.770435,-34.567239],[138.769577,-34.568956],[138.761895,-34.569114],[138.762919,-34.57171],[138.759832,-34.57292],[138.758012,-34.576729],[138.751635,-34.5782],[138.752286,-34.581129],[138.758409,-34.583478],[138.755579,-34.588147]]]}},{"type":"Feature","properties":{"code":"AU-LGA-40430","name":"Barunga West","label":"Barunga West","type":"Local government area","parentCode":"AU-SA"},"geometry":{"type":"Polygon","coordinates":[[[137.701322,-33.788131],[137.714962,-33.796479],[137.723737,-33.879421],[137.872477,-33.87924],[137.872481,-33.990758],[137.916107,-33.990929],[137.916054,-34.007225],[137.918252,-34.013835],[137.918648,-34.092865],[137.992944,-34.092853],[138.000094,-34.096394],[138.012488,-34.092909],[138.020166,-34.096915],[138.021753,-34.100384],[138.021409,-34.104722],[138.024951,-34.10818],[138.025794,-34.113939],[138.033755,-34.121568],[138.036191,-34.119607],[138.034343,-34.111899],[138.041051,-34.110776],[138.051417,-34.096009],[138.061118,-34.093816],[138.078218,-34.085201],[138.085181,-34.086382],[138.090221,-34.093],[138.11568,-34.09306],[138.118397,-34.095035],[138.11839,-34.092884],[138.144813,-34.09282],[138.144738,-33.991157],[138.084388,-33.991092],[138.085321,-33.518215],[138.068322,-33.514661],[138.068634,-33.470279],[137.921976,-33.468099],[137.930488,-33.481692],[137.929061,-33.490003],[137.933347,-33.500418],[137.939119,-33.506377],[137.941459,-33.507267],[137.941171,-33.505679],[137.944973,-33.507567],[137.942409,-33.509928],[137.943168,-33.512334],[137.947559,-33.513969],[137.946828,-33.511536],[137.949143,-33.512657],[137.947838,-33.515185],[137.942791,-33.516126],[137.941438,-33.518094],[137.939764,-33.540053],[137.938766,-33.542884],[137.93713,-33.543167],[137.939433,-33.547904],[137.944353,-33.550516],[137.951836,-33.549179],[137.962984,-33.55076],[137.966525,-33.548801],[137.968087,-33.544943],[137.969385,-33.545532],[137.968964,-33.542566],[137.971129,-33.539413],[137.969974,-33.544541],[137.976346,-33.549761],[137.97383,-33.552971],[137.978966,-33.553852],[137.975184,-33.555056],[137.977171,-33.556883],[137.977197,-33.55959],[137.971342,-33.561368],[137.971459,-33.566976],[137.968097,-33.567529],[137.967497,-33.571356],[137.964803,-33.574305],[137.961081,-33.571705],[137.954704,-33.57155],[137.951789,-33.573289],[137.949983,-33.571909],[137.948284,-33.563201],[137.949091,-33.559585],[137.943613,-33.555825],[137.946923,-33.55561],[137.946773,-33.554535],[137.93536,-33.552661],[137.937034,-33.553688],[137.934868,-33.556141],[137.936596,-33.573443],[137.935604,-33.580087],[137.929256,-33.591272],[137.929235,-33.600704],[137.926141,-33.606995],[137.927527,-33.611439],[137.9254,-33.612796],[137.925259,-33.616032],[137.922284,-33.620786],[137.917554,-33.624965],[137.901598,-33.628884],[137.893238,-33.625599],[137.8959,-33.625806],[137.893817,-33.624301],[137.893848,-33.621314],[137.897247,-33.617471],[137.901014,-33.600381],[137.905091,-33.596905],[137.907674,-33.596468],[137.909786,-33.599372],[137.906564,-33.596935],[137.903322,-33.600563],[137.903538,-33.608262],[137.906525,-33.60991],[137.903879,-33.609047],[137.905311,-33.610549],[137.903971,-33.610059],[137.903577,-33.614472],[137.905646,-33.616202],[137.90982,-33.61632],[137.913805,-33.612901],[137.910978,-33.614679],[137.924245,-33.597398],[137.919667,-33.587316],[137.904885,-33.58585],[137.892469,-33.587889],[137.889902,-33.591624],[137.87903,-33.596769],[137.876244,-33.600037],[137.876093,-33.604757],[137.872283,-33.606624],[137.86532,-33.621904],[137.857284,-33.631307],[137.847053,-33.639331],[137.834534,-33.642443],[137.827752,-33.648836],[137.825563,-33.656188],[137.818835,-33.657907],[137.819598,-33.662141],[137.815134,-33.662641],[137.813056,-33.664701],[137.814712,-33.66614],[137.813919,-33.667696],[137.809108,-33.668692],[137.806841,-33.675117],[137.805231,-33.675334],[137.806197,-33.676956],[137.800554,-33.683099],[137.796778,-33.686219],[137.796968,-33.685121],[137.79344,-33.685225],[137.789085,-33.687286],[137.783883,-33.691991],[137.776319,-33.694948],[137.760721,-33.710817],[137.755152,-33.714209],[137.742418,-33.733006],[137.736438,-33.737823],[137.733243,-33.752017],[137.726625,-33.768367],[137.715881,-33.778495],[137.701322,-33.788131]]]}},{"type":"Feature","properties":{"code":"AU-LGA-40520","name":"Berri Barmera","label":"Berri Barmera","type":"Local government area","parentCode":"AU-SA"},"geometry":{"type":"Polygon","coordinates":[[[140.386308,-34.333517],[140.409934,-34.333372],[140.428627,-34.335248],[140.434461,-34.331548],[140.440647,-34.33042],[140.454647,-34.334443],[140.457261,-34.328081],[140.448915,-34.324167],[140.445631,-34.316646],[140.44565,-34.312714],[140.45218,-34.312939],[140.45905,-34.301771],[140.457501,-34.298922],[140.461914,-34.297286],[140.463087,-34.294677],[140.47625,-34.294619],[140.475973,-34.292879],[140.490571,-34.296975],[140.505206,-34.303311],[140.500633,-34.30659],[140.504772,-34.30659],[140.504093,-34.31031],[140.505513,-34.31096],[140.503338,-34.314219],[140.505817,-34.314299],[140.505819,-34.318432],[140.510096,-34.318417],[140.512058,-34.321459],[140.514553,-34.32723],[140.51456,-34.335894],[140.525577,-34.335353],[140.526188,-34.333867],[140.528124,-34.334853],[140.537285,-34.35106],[140.522719,-34.356738],[140.515519,-34.355734],[140.512185,-34.3516],[140.508072,-34.357387],[140.519457,-34.380901],[140.516082,-34.397301],[140.501897,-34.394672],[140.489539,-34.395699],[140.482948,-34.400465],[140.482475,-34.403739],[140.485282,-34.406242],[140.492531,-34.407109],[140.495911,-34.410308],[140.495511,-34.422414],[140.498147,-34.440376],[140.515707,-34.453459],[140.526654,-34.456313],[140.526041,-34.452738],[140.529317,-34.451656],[140.532272,-34.454586],[140.536713,-34.456061],[140.547297,-34.452825],[140.545758,-34.449003],[140.547639,-34.446712],[140.565677,-34.447349],[140.572891,-34.443255],[140.571008,-34.437637],[140.572265,-34.435855],[140.581697,-34.434607],[140.584841,-34.432545],[140.587973,-34.427801],[140.590983,-34.417732],[140.585493,-34.411111],[140.576729,-34.413378],[140.567913,-34.411306],[140.566056,-34.408865],[140.565732,-34.403484],[140.561823,-34.3988],[140.567212,-34.394929],[140.593825,-34.390278],[140.596625,-34.385193],[140.592742,-34.382698],[140.591555,-34.378135],[140.59689,-34.372232],[140.597467,-34.368551],[140.594651,-34.363548],[140.588544,-34.362659],[140.586072,-34.364304],[140.583057,-34.372645],[140.579486,-34.373017],[140.575626,-34.364149],[140.5685,-34.36584],[140.564754,-34.363399],[140.566513,-34.360453],[140.576726,-34.359198],[140.577249,-34.356472],[140.566625,-34.355645],[140.562428,-34.349891],[140.552536,-34.346198],[140.552648,-34.342973],[140.554973,-34.341982],[140.565505,-34.345941],[140.574375,-34.346693],[140.576108,-34.345728],[140.576803,-34.342437],[140.571297,-34.334942],[140.571517,-34.329872],[140.575442,-34.327942],[140.593017,-34.325219],[140.599228,-34.325678],[140.598697,-34.322061],[140.590437,-34.319795],[140.586451,-34.314543],[140.595615,-34.292396],[140.604679,-34.288609],[140.613886,-34.289611],[140.621497,-34.293563],[140.628185,-34.293357],[140.631891,-34.291134],[140.632697,-34.28514],[140.626038,-34.276804],[140.623646,-34.268265],[140.622981,-34.262984],[140.625678,-34.253282],[140.633573,-34.244419],[140.644224,-34.240182],[140.645516,-34.241927],[140.641689,-34.249782],[140.645175,-34.252603],[140.661795,-34.247205],[140.665133,-34.244105],[140.662802,-34.243006],[140.666162,-34.236214],[140.666986,-34.230664],[140.664251,-34.226588],[140.654651,-34.228802],[140.647785,-34.233003],[140.644578,-34.230099],[140.646541,-34.224897],[140.645481,-34.204849],[140.533813,-34.204718],[140.533835,-34.219382],[140.541045,-34.219652],[140.538071,-34.225344],[140.537588,-34.235533],[140.533739,-34.235486],[140.529517,-34.254046],[140.514021,-34.250663],[140.504943,-34.251135],[140.49386,-34.249005],[140.498275,-34.242856],[140.504612,-34.238335],[140.510829,-34.236097],[140.524287,-34.234884],[140.50493,-34.215861],[140.501154,-34.205061],[140.49178,-34.193513],[140.484237,-34.18935],[140.473034,-34.186416],[140.473084,-34.132339],[140.406171,-34.133444],[140.374161,-34.119414],[140.370236,-34.120851],[140.355289,-34.132642],[140.354826,-34.136308],[140.328403,-34.136399],[140.328421,-34.145802],[140.323952,-34.146409],[140.320196,-34.151263],[140.323462,-34.151516],[140.322614,-34.161282],[140.328819,-34.155597],[140.333443,-34.154686],[140.335623,-34.156683],[140.33516,-34.16085],[140.337326,-34.163875],[140.348048,-34.166527],[140.350852,-34.168899],[140.350398,-34.171454],[140.342666,-34.173958],[140.339975,-34.176509],[140.338521,-34.181341],[140.340063,-34.183992],[140.344081,-34.186465],[140.356649,-34.186964],[140.363954,-34.194609],[140.364261,-34.199866],[140.362841,-34.202854],[140.346326,-34.212588],[140.345052,-34.218685],[140.349353,-34.21988],[140.356285,-34.215615],[140.362805,-34.215202],[140.367951,-34.221247],[140.368687,-34.224328],[140.366205,-34.229123],[140.366874,-34.230886],[140.374686,-34.229112],[140.379388,-34.23207],[140.380636,-34.234857],[140.389528,-34.235039],[140.394787,-34.239357],[140.392985,-34.24405],[140.386204,-34.247398],[140.385565,-34.250245],[140.395595,-34.256567],[140.398057,-34.263087],[140.393725,-34.266034],[140.382647,-34.262437],[140.376858,-34.263271],[140.372136,-34.266571],[140.36716,-34.276882],[140.367567,-34.283017],[140.383799,-34.306711],[140.384014,-34.311411],[140.379384,-34.318924],[140.378949,-34.32296],[140.386308,-34.333517]]]}},{"type":"Feature","properties":{"code":"AU-LGA-40700","name":"Burnside","label":"Burnside","type":"Local government area","parentCode":"AU-SA"},"geometry":{"type":"Polygon","coordinates":[[[138.623571,-34.92789],[138.624519,-34.94023],[138.615682,-34.940555],[138.634394,-34.951767],[138.643858,-34.963167],[138.648018,-34.965592],[138.651461,-34.972327],[138.654842,-34.97282],[138.668499,-34.96703],[138.671366,-34.96791],[138.671508,-34.974333],[138.67313,-34.973459],[138.685243,-34.976183],[138.685952,-34.974619],[138.676697,-34.960777],[138.676701,-34.955845],[138.672415,-34.951112],[138.671764,-34.942099],[138.675464,-34.938714],[138.685234,-34.938086],[138.684677,-34.930898],[138.693498,-34.929225],[138.697586,-34.931896],[138.701005,-34.928236],[138.697791,-34.926706],[138.697856,-34.921214],[138.692338,-34.914756],[138.68252,-34.912692],[138.640525,-34.914788],[138.641016,-34.921004],[138.649796,-34.92056],[138.650778,-34.932594],[138.641936,-34.932972],[138.64148,-34.926966],[138.623571,-34.92789]]]}},{"type":"Feature","properties":{"code":"AU-LGA-40910","name":"Campbelltown (SA)","label":"Campbelltown (SA)","type":"Local government area","parentCode":"AU-SA"},"geometry":{"type":"Polygon","coordinates":[[[138.647812,-34.883011],[138.656935,-34.888732],[138.6583,-34.913899],[138.685077,-34.912902],[138.684161,-34.900424],[138.691133,-34.90009],[138.690684,-34.894033],[138.707907,-34.894062],[138.706975,-34.88186],[138.713257,-34.881574],[138.712771,-34.874325],[138.719796,-34.873962],[138.718977,-34.870111],[138.723834,-34.864309],[138.722702,-34.859186],[138.718359,-34.859051],[138.719276,-34.862658],[138.717317,-34.863072],[138.709501,-34.857003],[138.707977,-34.860706],[138.704877,-34.859278],[138.702004,-34.861152],[138.69991,-34.859525],[138.695315,-34.86036],[138.690545,-34.865893],[138.685271,-34.865937],[138.678857,-34.868437],[138.675544,-34.867598],[138.673893,-34.865268],[138.670883,-34.86805],[138.667476,-34.868237],[138.66103,-34.864894],[138.65742,-34.865297],[138.656123,-34.866667],[138.657418,-34.868818],[138.655156,-34.869902],[138.656105,-34.871544],[138.647128,-34.876048],[138.649025,-34.878961],[138.647812,-34.883011]]]}},{"type":"Feature","properties":{"code":"AU-LGA-41010","name":"Ceduna","label":"Ceduna","type":"Local government area","parentCode":"AU-SA"},"geometry":{"type":"MultiPolygon","coordinates":[[[[133.244554,-32.26132],[133.247865,-32.25695],[133.246967,-32.25505],[133.243497,-32.260365],[133.244554,-32.26132]]],[[[133.254031,-32.259381],[133.255634,-32.258604],[133.253296,-32.257643],[133.254031,-32.259381]]],[[[134.119999,-32.453902],[134.120009,-32.377424],[134.513044,-32.377288],[134.512886,-32.086754],[134.290525,-32.087104],[134.290275,-31.867619],[134.120117,-31.867971],[134.120101,-31.975819],[134.089769,-31.962766],[134.08617,-31.969694],[134.076321,-31.978681],[134.058323,-31.967152],[134.052929,-31.96569],[133.888419,-31.880276],[133.851269,-31.880149],[133.851226,-31.849583],[133.727038,-31.855424],[133.675091,-31.855344],[133.675197,-31.844249],[133.61064,-31.844274],[133.610562,-31.811643],[133.457768,-31.811896],[133.285643,-31.783218],[133.239432,-31.769869],[133.212719,-31.752091],[133.213477,-32.18546],[133.221253,-32.187009],[133.232278,-32.191915],[133.246399,-32.203942],[133.252576,-32.20512],[133.253103,-32.20717],[133.251181,-32.207947],[133.251398,-32.209686],[133.25633,-32.210812],[133.259103,-32.209737],[133.25778,-32.206455],[133.267034,-32.203204],[133.26945,-32.197124],[133.275254,-32.194888],[133.275772,-32.192456],[133.273839,-32.190207],[133.27471,-32.186629],[133.278246,-32.183516],[133.285436,-32.181617],[133.311867,-32.18092],[133.314719,-32.182166],[133.323515,-32.179848],[133.326616,-32.181854],[133.331582,-32.182251],[133.337902,-32.180082],[133.382509,-32.192745],[133.389072,-32.200179],[133.395153,-32.195099],[133.402741,-32.197075],[133.405844,-32.199955],[133.408329,-32.198535],[133.409158,-32.195723],[133.413089,-32.194588],[133.419359,-32.196295],[133.420965,-32.198385],[133.4235,-32.197959],[133.426411,-32.194006],[133.425607,-32.190796],[133.428348,-32.192147],[133.428711,-32.190961],[133.424741,-32.187993],[133.42562,-32.184674],[133.434561,-32.179291],[133.441687,-32.178104],[133.44743,-32.178794],[133.479175,-32.192196],[133.485636,-32.196233],[133.48586,-32.199558],[133.488181,-32.199704],[133.485768,-32.203493],[133.487737,-32.206094],[133.488135,-32.203301],[133.49159,-32.199686],[133.491812,-32.195602],[133.490596,-32.194279],[133.486419,-32.194402],[133.485792,-32.1903],[133.482874,-32.188422],[133.478935,-32.188273],[133.478851,-32.185782],[133.474243,-32.181182],[133.4732,-32.177073],[133.468367,-32.174217],[133.464054,-32.173833],[133.464317,-32.172144],[133.456695,-32.172546],[133.451963,-32.169886],[133.4466,-32.172641],[133.440336,-32.1708],[133.438727,-32.172003],[133.43861,-32.170532],[133.437118,-32.176316],[133.43425,-32.177783],[133.429745,-32.178813],[133.426967,-32.174779],[133.4266,-32.180406],[133.425968,-32.175132],[133.427228,-32.172809],[133.430496,-32.172259],[133.417996,-32.174606],[133.41529,-32.178346],[133.41176,-32.177738],[133.412842,-32.176898],[133.411216,-32.175744],[133.414851,-32.169885],[133.411645,-32.171243],[133.404407,-32.168164],[133.400874,-32.16904],[133.397875,-32.164496],[133.399906,-32.162875],[133.396159,-32.161438],[133.395484,-32.159547],[133.392341,-32.159348],[133.398049,-32.15666],[133.396053,-32.15517],[133.397066,-32.150057],[133.393599,-32.148416],[133.3956,-32.144527],[133.395118,-32.141564],[133.400409,-32.137142],[133.410389,-32.136069],[133.413295,-32.131591],[133.419153,-32.128243],[133.424529,-32.128713],[133.427337,-32.131862],[133.432181,-32.130078],[133.438096,-32.123026],[133.437864,-32.124897],[133.443116,-32.126664],[133.446617,-32.135758],[133.451461,-32.135994],[133.449143,-32.119723],[133.451056,-32.112644],[133.460446,-32.102898],[133.465965,-32.102081],[133.467877,-32.099957],[133.472799,-32.100094],[133.478341,-32.104305],[133.480874,-32.103178],[133.484339,-32.104206],[133.482244,-32.108237],[133.483709,-32.110141],[133.489487,-32.109807],[133.488298,-32.111042],[133.489459,-32.112878],[133.48004,-32.115955],[133.480413,-32.117713],[133.484485,-32.118469],[133.486425,-32.121019],[133.485758,-32.124191],[133.483151,-32.126279],[133.492411,-32.128631],[133.49953,-32.128357],[133.502934,-32.131073],[133.501288,-32.139212],[133.498757,-32.140167],[133.494095,-32.145852],[133.496795,-32.150596],[133.503455,-32.154999],[133.504438,-32.153712],[133.511313,-32.153294],[133.519038,-32.14352],[133.517375,-32.141831],[133.517712,-32.145312],[133.515936,-32.147125],[133.516521,-32.142201],[133.514289,-32.143679],[133.51288,-32.140796],[133.5117,-32.141971],[133.512642,-32.144245],[133.510301,-32.144004],[133.509746,-32.146293],[133.506941,-32.142762],[133.504484,-32.143689],[133.504779,-32.141914],[133.507533,-32.140793],[133.509012,-32.137168],[133.515129,-32.134699],[133.513168,-32.131917],[133.517318,-32.133724],[133.525305,-32.127425],[133.520782,-32.131277],[133.519082,-32.135716],[133.519513,-32.139889],[133.520921,-32.140743],[133.52512,-32.137119],[133.522764,-32.141165],[133.524952,-32.142909],[133.521626,-32.151684],[133.522113,-32.155288],[133.537874,-32.167319],[133.553465,-32.169568],[133.55586,-32.158984],[133.567155,-32.155187],[133.571313,-32.149894],[133.577552,-32.146821],[133.579089,-32.143465],[133.584691,-32.140978],[133.577191,-32.130968],[133.579026,-32.125897],[133.574004,-32.122704],[133.572557,-32.119404],[133.573882,-32.114376],[133.580441,-32.107816],[133.577927,-32.104064],[133.581661,-32.095915],[133.592264,-32.087244],[133.598145,-32.084901],[133.613627,-32.086009],[133.620972,-32.09212],[133.628228,-32.090601],[133.627963,-32.093822],[133.632935,-32.09541],[133.630558,-32.100066],[133.636607,-32.100719],[133.6365,-32.098975],[133.643783,-32.095899],[133.651376,-32.098655],[133.653831,-32.102065],[133.652884,-32.103522],[133.661042,-32.105697],[133.665949,-32.103746],[133.671602,-32.107039],[133.671011,-32.109424],[133.67264,-32.112229],[133.670202,-32.120889],[133.672116,-32.129765],[133.670496,-32.134972],[133.666953,-32.138547],[133.65593,-32.143042],[133.647616,-32.141248],[133.642726,-32.144563],[133.643479,-32.14883],[133.647773,-32.152156],[133.661822,-32.147379],[133.665799,-32.143851],[133.674721,-32.142624],[133.684058,-32.147732],[133.692916,-32.155226],[133.694604,-32.16136],[133.691489,-32.165413],[133.689199,-32.165965],[133.686934,-32.170768],[133.688113,-32.179087],[133.68379,-32.184869],[133.682992,-32.19291],[133.678937,-32.19614],[133.679121,-32.202629],[133.687575,-32.19935],[133.699507,-32.198673],[133.702451,-32.196661],[133.71494,-32.194979],[133.722843,-32.196245],[133.725622,-32.198242],[133.733214,-32.198662],[133.738051,-32.2038],[133.736076,-32.207583],[133.745064,-32.201539],[133.756734,-32.205832],[133.759642,-32.209753],[133.759217,-32.21615],[133.762223,-32.2243],[133.759128,-32.230862],[133.755708,-32.231843],[133.755361,-32.235312],[133.757416,-32.241295],[133.76433,-32.249044],[133.762931,-32.256629],[133.765657,-32.258543],[133.765351,-32.260965],[133.769739,-32.263813],[133.773613,-32.263265],[133.776171,-32.257301],[133.781641,-32.254157],[133.78629,-32.253281],[133.792281,-32.254594],[133.797121,-32.252651],[133.799524,-32.249497],[133.798829,-32.248306],[133.801186,-32.246967],[133.800513,-32.245031],[133.808349,-32.243101],[133.80475,-32.240196],[133.808239,-32.23284],[133.806022,-32.231151],[133.814265,-32.231521],[133.821415,-32.233956],[133.825544,-32.237549],[133.827162,-32.242821],[133.819325,-32.245005],[133.81818,-32.24722],[133.825301,-32.247851],[133.825905,-32.251432],[133.829053,-32.253897],[133.828413,-32.256083],[133.835362,-32.253981],[133.842874,-32.256299],[133.847692,-32.262923],[133.853867,-32.267594],[133.859784,-32.278411],[133.866656,-32.278788],[133.869368,-32.280491],[133.876636,-32.291364],[133.880104,-32.306159],[133.882635,-32.306212],[133.883754,-32.309367],[133.889966,-32.310585],[133.901997,-32.318203],[133.911027,-32.332549],[133.91202,-32.338221],[133.921555,-32.351086],[133.923258,-32.356533],[133.931022,-32.36179],[133.934306,-32.372229],[133.932717,-32.379866],[133.934352,-32.38184],[133.939324,-32.379998],[133.944985,-32.38059],[133.951094,-32.388499],[133.951954,-32.398872],[133.950587,-32.402166],[133.948023,-32.403431],[133.949051,-32.408044],[133.946938,-32.411564],[133.941449,-32.41248],[133.941875,-32.4153],[133.938182,-32.418968],[133.938629,-32.42062],[133.934167,-32.419821],[133.931204,-32.42289],[133.930911,-32.421706],[133.925296,-32.4239],[133.923772,-32.426785],[133.91832,-32.426918],[133.919325,-32.428304],[133.917661,-32.427002],[133.916692,-32.428221],[133.914012,-32.427618],[133.908106,-32.424326],[133.901332,-32.429477],[133.904262,-32.424936],[133.902559,-32.422754],[133.900885,-32.428027],[133.893765,-32.428825],[133.893444,-32.426687],[133.891311,-32.426654],[133.887454,-32.423112],[133.888981,-32.419967],[133.893676,-32.418814],[133.891826,-32.415741],[133.899053,-32.416006],[133.897337,-32.413338],[133.90177,-32.412525],[133.90431,-32.413049],[133.904006,-32.415197],[133.905587,-32.413398],[133.903865,-32.410935],[133.895149,-32.409769],[133.891226,-32.411247],[133.896957,-32.412914],[133.894724,-32.41406],[133.88902,-32.411496],[133.888328,-32.409222],[133.89116,-32.410328],[133.892229,-32.409058],[133.8909,-32.408281],[133.893673,-32.408585],[133.889524,-32.406623],[133.886757,-32.402337],[133.892666,-32.401372],[133.893877,-32.403424],[133.892986,-32.400463],[133.889609,-32.398784],[133.894363,-32.401636],[133.893357,-32.398935],[133.897194,-32.39956],[133.889686,-32.397861],[133.877405,-32.400364],[133.871614,-32.39804],[133.866826,-32.399172],[133.86749,-32.420436],[133.864557,-32.427975],[133.862503,-32.429258],[133.8626,-32.436697],[133.855739,-32.445755],[133.856187,-32.447486],[133.853517,-32.451474],[133.855049,-32.453936],[133.853474,-32.459031],[133.850628,-32.461403],[133.862414,-32.483523],[133.859277,-32.489845],[133.855022,-32.49001],[133.850716,-32.493133],[133.852351,-32.498621],[133.851351,-32.501021],[133.847,-32.503682],[133.847313,-32.507826],[133.853164,-32.509114],[133.857128,-32.519471],[133.856672,-32.528834],[133.854026,-32.532108],[133.850085,-32.532641],[133.848655,-32.535698],[133.849008,-32.541712],[133.851967,-32.542601],[133.855776,-32.533786],[133.86106,-32.531899],[133.866878,-32.537238],[133.871399,-32.533863],[133.872552,-32.534804],[133.876658,-32.53264],[133.881432,-32.536959],[133.893703,-32.541205],[133.895545,-32.537029],[133.893416,-32.534881],[133.893,-32.531106],[133.896198,-32.523328],[133.900007,-32.520149],[133.908802,-32.517532],[133.905301,-32.513017],[133.907434,-32.508781],[133.918671,-32.496763],[133.922747,-32.494836],[133.945585,-32.493263],[133.954964,-32.494348],[133.964284,-32.496694],[133.975433,-32.502491],[133.991572,-32.505339],[133.995811,-32.500672],[133.992941,-32.496603],[133.993578,-32.494372],[133.991549,-32.489188],[133.995081,-32.484437],[134.003204,-32.479565],[134.008746,-32.473826],[134.02324,-32.466686],[134.03246,-32.464278],[134.036986,-32.459799],[134.047911,-32.459296],[134.056759,-32.461017],[134.078483,-32.469605],[134.086224,-32.470772],[134.086456,-32.465562],[134.082324,-32.466489],[134.070158,-32.458438],[134.061932,-32.456307],[134.061434,-32.44468],[134.058287,-32.441343],[134.05541,-32.440736],[134.058684,-32.440865],[134.061931,-32.44404],[134.062883,-32.455821],[134.073935,-32.459114],[134.081226,-32.457296],[134.082359,-32.458455],[134.081401,-32.459554],[134.073917,-32.460672],[134.080102,-32.462836],[134.082496,-32.465593],[134.083783,-32.465042],[134.08302,-32.462128],[134.086281,-32.458163],[134.083679,-32.459086],[134.081041,-32.455368],[134.082042,-32.456388],[134.08409,-32.455403],[134.083214,-32.457022],[134.084601,-32.458752],[134.091627,-32.456532],[134.090749,-32.453949],[134.092987,-32.454971],[134.096907,-32.452701],[134.097054,-32.454698],[134.099463,-32.453453],[134.099771,-32.451212],[134.102845,-32.450102],[134.103928,-32.451351],[134.100716,-32.452291],[134.097212,-32.45687],[134.092223,-32.456817],[134.092189,-32.457855],[134.10627,-32.456942],[134.119999,-32.453902]]]]}},{"type":"Feature","properties":{"code":"AU-LGA-41060","name":"Charles Sturt","label":"Charles Sturt","type":"Local government area","parentCode":"AU-SA"},"geometry":{"type":"Polygon","coordinates":[[[138.475813,-34.849949],[138.478307,-34.866862],[138.497877,-34.937881],[138.503014,-34.95136],[138.508436,-34.951017],[138.507648,-34.936873],[138.509435,-34.935625],[138.508123,-34.934966],[138.506313,-34.922088],[138.511175,-34.921745],[138.517043,-34.925092],[138.525367,-34.91763],[138.535038,-34.918551],[138.536771,-34.91764],[138.536175,-34.916303],[138.540865,-34.915092],[138.542683,-34.917705],[138.54771,-34.913735],[138.554227,-34.913929],[138.555573,-34.910946],[138.559573,-34.912243],[138.569705,-34.911553],[138.577002,-34.909156],[138.587929,-34.899185],[138.584246,-34.896947],[138.583567,-34.889009],[138.576194,-34.889498],[138.575954,-34.885972],[138.566952,-34.886464],[138.557597,-34.880782],[138.557211,-34.871944],[138.54821,-34.872376],[138.546723,-34.850569],[138.528951,-34.851399],[138.529103,-34.855479],[138.523783,-34.855733],[138.523365,-34.859988],[138.520209,-34.862758],[138.521658,-34.864597],[138.516852,-34.866403],[138.518874,-34.869788],[138.502958,-34.859187],[138.50217,-34.852522],[138.475813,-34.849949]]]}},{"type":"Feature","properties":{"code":"AU-LGA-41140","name":"Clare and Gilbert Valleys","label":"Clare and Gilbert Valleys","type":"Local government area","parentCode":"AU-SA"},"geometry":{"type":"Polygon","coordinates":[[[138.70474,-34.358459],[138.714964,-34.361407],[138.718175,-34.36098],[138.719207,-34.363322],[138.718183,-34.364631],[138.721326,-34.365688],[138.721304,-34.369052],[138.728482,-34.369014],[138.729616,-34.370528],[138.734654,-34.367163],[138.739346,-34.368076],[138.738366,-34.362082],[138.739721,-34.361613],[138.746093,-34.363079],[138.748033,-34.366306],[138.760596,-34.36557],[138.767828,-34.355409],[138.772309,-34.353881],[138.784667,-34.341429],[138.786491,-34.336691],[138.786511,-34.31807],[138.779433,-34.298271],[138.837026,-34.300583],[138.838801,-34.295744],[138.839691,-34.296565],[138.84085,-34.283991],[138.839303,-34.281108],[138.838855,-34.269096],[138.836716,-34.262861],[138.83273,-34.263955],[138.83334,-34.250304],[138.827227,-34.238271],[138.827886,-34.231214],[138.839008,-34.231678],[138.84087,-34.220979],[138.831907,-34.219688],[138.828597,-34.216685],[138.828179,-34.211759],[138.835821,-34.212409],[138.838383,-34.193479],[138.864771,-34.193528],[138.86482,-34.188288],[138.902951,-34.187549],[138.902929,-34.19191],[138.909213,-34.190996],[138.909133,-34.197805],[138.926817,-34.198032],[138.971611,-34.193625],[138.975798,-34.183686],[138.961738,-34.175306],[138.965124,-34.170662],[138.967207,-34.160582],[138.966656,-34.153732],[138.963538,-34.14654],[138.964783,-34.140471],[138.961736,-34.137131],[138.963,-34.132997],[138.961,-34.120868],[138.963293,-34.115271],[138.958961,-34.073669],[138.961617,-34.03859],[138.963063,-34.036211],[138.959993,-34.026456],[138.964222,-34.020306],[138.965036,-34.004678],[138.964474,-34.000729],[138.961357,-33.99774],[138.961578,-33.99499],[138.964487,-33.99299],[138.96099,-33.988501],[138.958471,-33.966434],[138.951253,-33.963249],[138.93391,-33.966059],[138.919648,-33.965616],[138.916481,-33.962558],[138.916689,-33.957241],[138.915099,-33.955113],[138.91681,-33.948662],[138.915167,-33.945183],[138.914414,-33.928511],[138.911403,-33.923758],[138.910426,-33.909701],[138.908929,-33.908636],[138.910004,-33.903761],[138.908146,-33.898771],[138.91352,-33.8966],[138.912156,-33.888636],[138.914944,-33.885455],[138.915896,-33.881409],[138.925825,-33.881135],[138.927361,-33.878775],[138.920527,-33.874475],[138.914802,-33.873914],[138.91464,-33.871075],[138.909367,-33.867993],[138.904756,-33.860811],[138.89813,-33.854488],[138.821083,-33.847105],[138.814273,-33.849884],[138.807985,-33.848929],[138.80452,-33.845278],[138.72157,-33.837097],[138.728625,-33.820734],[138.730958,-33.807194],[138.730525,-33.801316],[138.732801,-33.79322],[138.733642,-33.7711],[138.729174,-33.751881],[138.720793,-33.730274],[138.716444,-33.71108],[138.711602,-33.702711],[138.704538,-33.684284],[138.703297,-33.67435],[138.697482,-33.658648],[138.544498,-33.659134],[138.545069,-33.666709],[138.543142,-33.67807],[138.546211,-33.720608],[138.547654,-33.724485],[138.547018,-33.741858],[138.544055,-33.746907],[138.544305,-33.749471],[138.547262,-33.752486],[138.543191,-33.761914],[138.543741,-33.766331],[138.541034,-33.767462],[138.5435,-33.773839],[138.542241,-33.783854],[138.548224,-33.78945],[138.549026,-33.793647],[138.531026,-33.796864],[138.570195,-33.950536],[138.594638,-33.94641],[138.593336,-33.972912],[138.58515,-33.991326],[138.576019,-34.049221],[138.563516,-34.070282],[138.554501,-34.14021],[138.577039,-34.142232],[138.578105,-34.140843],[138.582618,-34.144364],[138.586088,-34.143634],[138.589352,-34.145542],[138.608544,-34.140462],[138.629651,-34.169619],[138.638772,-34.197912],[138.637921,-34.216157],[138.659315,-34.211999],[138.668156,-34.217594],[138.668885,-34.225288],[138.672198,-34.229567],[138.673353,-34.234694],[138.670708,-34.243112],[138.677469,-34.249135],[138.677125,-34.257501],[138.683033,-34.266678],[138.685383,-34.267712],[138.686636,-34.285062],[138.690556,-34.29244],[138.691057,-34.298183],[138.695524,-34.301026],[138.697714,-34.305532],[138.693824,-34.321021],[138.689939,-34.325665],[138.686643,-34.336778],[138.684316,-34.340213],[138.681092,-34.339821],[138.682574,-34.342799],[138.689413,-34.34514],[138.693342,-34.349993],[138.70474,-34.358459]]]}},{"type":"Feature","properties":{"code":"AU-LGA-41190","name":"Cleve","label":"Cleve","type":"Local government area","parentCode":"AU-SA"},"geometry":{"type":"Polygon","coordinates":[[[135.907573,-33.850196],[135.930561,-33.850201],[135.930371,-33.986692],[136.49564,-33.986003],[136.495606,-33.992972],[136.503833,-33.989391],[136.512246,-33.980733],[136.536829,-33.964486],[136.552462,-33.956518],[136.556096,-33.9497],[136.574758,-33.943424],[136.577669,-33.94059],[136.578023,-33.93861],[136.576186,-33.936652],[136.57811,-33.931823],[136.573247,-33.929597],[136.572202,-33.923024],[136.574641,-33.918022],[136.580159,-33.913062],[136.583219,-33.912309],[136.585992,-33.913926],[136.586035,-33.908038],[136.592692,-33.899548],[136.61141,-33.895369],[136.625225,-33.889038],[136.644755,-33.887313],[136.653422,-33.882353],[136.664535,-33.880313],[136.670829,-33.877409],[136.670975,-33.327527],[135.90811,-33.331184],[135.906916,-33.487648],[135.907573,-33.850196]]]}},{"type":"Feature","properties":{"code":"AU-LGA-41330","name":"Coober Pedy","label":"Coober Pedy","type":"Local government area","parentCode":"AU-SA"},"geometry":{"type":"Polygon","coordinates":[[[134.787285,-28.993547],[134.735938,-28.971015],[134.694111,-28.981554],[134.707802,-29.02784],[134.707499,-29.050753],[134.809146,-29.051694],[134.809695,-29.00298],[134.787285,-28.993547]]]}},{"type":"Feature","properties":{"code":"AU-LGA-41560","name":"Copper Coast","label":"Copper Coast","type":"Local government area","parentCode":"AU-SA"},"geometry":{"type":"MultiPolygon","coordinates":[[[[137.508213,-34.0092],[137.513358,-34.009179],[137.521872,-34.005963],[137.510893,-34.007457],[137.508213,-34.0092]]],[[[137.522894,-34.006073],[137.524158,-34.005597],[137.524574,-34.004679],[137.522894,-34.006073]]],[[[137.533145,-33.983154],[137.542862,-33.983992],[137.531909,-33.980518],[137.533145,-33.983154]]],[[[137.538769,-34.010429],[137.537276,-34.010571],[137.537186,-34.012187],[137.539137,-34.014159],[137.538769,-34.010429]]],[[[137.545459,-33.986181],[137.5486,-33.987815],[137.544994,-33.985705],[137.545459,-33.986181]]],[[[137.539875,-34.010325],[137.541073,-34.009522],[137.540014,-34.009794],[137.539875,-34.010325]]],[[[137.5367,-34.008921],[137.53719,-34.009085],[137.537014,-34.00831],[137.5367,-34.008921]]],[[[137.538542,-34.096795],[137.723976,-34.097263],[137.872717,-34.092793],[137.918648,-34.092865],[137.918252,-34.013835],[137.916054,-34.007225],[137.916107,-33.990929],[137.872481,-33.990758],[137.872477,-33.87924],[137.723737,-33.879421],[137.714962,-33.796479],[137.701322,-33.788131],[137.695708,-33.791008],[137.680786,-33.801406],[137.666543,-33.816201],[137.643799,-33.830424],[137.639131,-33.837796],[137.6191,-33.860112],[137.616215,-33.865786],[137.600284,-33.876886],[137.600987,-33.880009],[137.609546,-33.88521],[137.615107,-33.890997],[137.625467,-33.895148],[137.630713,-33.907792],[137.6303,-33.922423],[137.626544,-33.9223],[137.627557,-33.922862],[137.625278,-33.926197],[137.623708,-33.925537],[137.623327,-33.927262],[137.612984,-33.930462],[137.605602,-33.935757],[137.600271,-33.936299],[137.591051,-33.944021],[137.578618,-33.958254],[137.575729,-33.967154],[137.563714,-33.971622],[137.559912,-33.977981],[137.560974,-33.985503],[137.558639,-33.988838],[137.55125,-33.993343],[137.543137,-33.991589],[137.538713,-33.992437],[137.535971,-33.999636],[137.530697,-34.001232],[137.527133,-34.004374],[137.530954,-34.004485],[137.531877,-34.003527],[137.528606,-34.003971],[137.53297,-34.001661],[137.532044,-34.004477],[137.533672,-34.005117],[137.531796,-34.005438],[137.535935,-34.006114],[137.536472,-34.007961],[137.54067,-34.006959],[137.540929,-34.009084],[137.544563,-34.008867],[137.55213,-34.014231],[137.562643,-34.026911],[137.567208,-34.039931],[137.566998,-34.045105],[137.558315,-34.059313],[137.557331,-34.065645],[137.551138,-34.074455],[137.545327,-34.074902],[137.544396,-34.07638],[137.543227,-34.08857],[137.538542,-34.096795]]]]}},{"type":"Feature","properties":{"code":"AU-LGA-41750","name":"Elliston","label":"Elliston","type":"Local government area","parentCode":"AU-SA"},"geometry":{"type":"MultiPolygon","coordinates":[[[[134.241578,-34.009194],[134.251035,-34.005981],[134.246748,-34.003882],[134.247414,-34.001614],[134.249522,-34.001522],[134.245935,-33.999529],[134.244666,-33.996688],[134.240002,-33.997882],[134.241048,-34.002452],[134.24377,-34.003387],[134.241578,-34.009194]]],[[[134.258253,-33.983643],[134.266496,-33.984654],[134.262951,-33.981959],[134.258253,-33.983643]]],[[[134.264808,-33.979015],[134.267529,-33.976768],[134.264633,-33.972899],[134.263208,-33.97686],[134.264808,-33.979015]]],[[[134.268756,-33.965282],[134.272561,-33.966527],[134.274139,-33.965059],[134.265463,-33.959729],[134.264329,-33.957404],[134.268299,-33.953481],[134.277235,-33.949884],[134.275585,-33.946768],[134.276902,-33.944166],[134.273702,-33.940558],[134.26656,-33.941713],[134.266302,-33.938074],[134.264458,-33.937046],[134.261738,-33.937986],[134.259081,-33.941733],[134.261987,-33.948283],[134.266504,-33.952051],[134.265086,-33.954232],[134.25999,-33.956366],[134.264214,-33.959607],[134.259906,-33.962505],[134.265598,-33.962162],[134.268756,-33.965282]]],[[[134.282514,-33.739336],[134.284277,-33.744633],[134.288557,-33.744323],[134.283832,-33.738789],[134.282514,-33.739336]]],[[[134.761598,-33.596546],[134.76665,-33.595253],[134.757051,-33.592407],[134.752041,-33.593325],[134.761598,-33.596546]]],[[[134.451074,-33.762571],[134.446887,-33.771823],[134.448228,-33.773566],[134.451768,-33.773387],[134.460943,-33.767165],[134.463741,-33.767719],[134.487913,-33.747715],[134.49609,-33.745798],[134.493624,-33.743687],[134.506867,-33.731501],[134.507203,-33.729276],[134.503491,-33.728222],[134.504827,-33.724386],[134.507036,-33.72286],[134.510802,-33.72389],[134.517659,-33.717911],[134.523182,-33.722024],[134.526674,-33.720053],[134.530811,-33.725389],[134.531853,-33.719493],[134.53464,-33.718396],[134.539664,-33.718936],[134.541422,-33.722133],[134.547013,-33.72448],[134.547205,-33.718841],[134.537458,-33.711846],[134.534925,-33.704873],[134.535695,-33.699322],[134.531437,-33.692612],[134.53145,-33.688142],[134.52912,-33.685293],[134.52757,-33.677671],[134.520753,-33.678633],[134.513202,-33.683356],[134.501178,-33.686888],[134.497314,-33.684868],[134.491442,-33.690775],[134.483404,-33.693999],[134.475427,-33.693899],[134.473212,-33.690322],[134.470029,-33.692266],[134.468819,-33.694465],[134.471667,-33.697057],[134.471278,-33.701021],[134.466144,-33.705187],[134.468678,-33.715593],[134.465346,-33.724503],[134.468273,-33.728906],[134.467856,-33.73342],[134.46129,-33.740058],[134.453856,-33.740553],[134.458145,-33.750732],[134.456246,-33.754694],[134.451712,-33.758607],[134.451074,-33.762571]]],[[[134.623946,-33.72438],[134.624202,-33.725272],[134.625627,-33.723954],[134.623946,-33.72438]]],[[[134.808834,-33.607021],[134.806645,-33.605527],[134.80675,-33.60354],[134.808882,-33.598071],[134.813054,-33.594459],[134.809612,-33.590776],[134.805627,-33.595371],[134.791629,-33.592316],[134.787513,-33.593541],[134.783668,-33.591734],[134.781384,-33.592523],[134.78127,-33.594041],[134.776059,-33.595025],[134.77663,-33.598],[134.779888,-33.600504],[134.787427,-33.599238],[134.793136,-33.603531],[134.802146,-33.606123],[134.806727,-33.61042],[134.809512,-33.608348],[134.808834,-33.607021]]],[[[134.624199,-33.720213],[134.625023,-33.720368],[134.624331,-33.719708],[134.624199,-33.720213]]],[[[134.611358,-33.716472],[134.616897,-33.716318],[134.61038,-33.711988],[134.609545,-33.71346],[134.611358,-33.716472]]],[[[134.617554,-33.716847],[134.618243,-33.717185],[134.617962,-33.716523],[134.617554,-33.716847]]],[[[135.216884,-33.94021],[135.777694,-33.938561],[135.77745,-33.850085],[135.907573,-33.850196],[135.906916,-33.487648],[135.90811,-33.331184],[135.137424,-33.333282],[135.137129,-33.140801],[134.820844,-33.140595],[134.82086,-33.138339],[134.601075,-33.14117],[134.617833,-33.154048],[134.632426,-33.162184],[134.635058,-33.161164],[134.647948,-33.162754],[134.657928,-33.160549],[134.666662,-33.160988],[134.68479,-33.171235],[134.694367,-33.171115],[134.699676,-33.172706],[134.704133,-33.176431],[134.709687,-33.184067],[134.709078,-33.187375],[134.710847,-33.187096],[134.71349,-33.191417],[134.715677,-33.191599],[134.717409,-33.195664],[134.717783,-33.197749],[134.715482,-33.200805],[134.718638,-33.203435],[134.718301,-33.207358],[134.714881,-33.207768],[134.709644,-33.214775],[134.716772,-33.212898],[134.71829,-33.214093],[134.717736,-33.217873],[134.713958,-33.219025],[134.722446,-33.218761],[134.722849,-33.224089],[134.719104,-33.229971],[134.711625,-33.230887],[134.70893,-33.233061],[134.710098,-33.230492],[134.707681,-33.22942],[134.711269,-33.227594],[134.700252,-33.224912],[134.699893,-33.223205],[134.702135,-33.224368],[134.698508,-33.221817],[134.691354,-33.229473],[134.680859,-33.230967],[134.676398,-33.233173],[134.673428,-33.230812],[134.669118,-33.231693],[134.660674,-33.230119],[134.658302,-33.23357],[134.664115,-33.233298],[134.683086,-33.24766],[134.683953,-33.249756],[134.688014,-33.250185],[134.69663,-33.263466],[134.707872,-33.264954],[134.712319,-33.263089],[134.719316,-33.263926],[134.727373,-33.270014],[134.736782,-33.273836],[134.752019,-33.291368],[134.755013,-33.295945],[134.754882,-33.299428],[134.757463,-33.301046],[134.755276,-33.303618],[134.757504,-33.304222],[134.760691,-33.309032],[134.762004,-33.307417],[134.76508,-33.307465],[134.765627,-33.311386],[134.768349,-33.313477],[134.780772,-33.314892],[134.780966,-33.31628],[134.7838,-33.316783],[134.783148,-33.319575],[134.790505,-33.325149],[134.795029,-33.327693],[134.802055,-33.328768],[134.813621,-33.352751],[134.833421,-33.400018],[134.846486,-33.441486],[134.860621,-33.505355],[134.863318,-33.534477],[134.862587,-33.550177],[134.858272,-33.55458],[134.857006,-33.558537],[134.854244,-33.558517],[134.846699,-33.583947],[134.840474,-33.592952],[134.843838,-33.609945],[134.842702,-33.621384],[134.840385,-33.623726],[134.831978,-33.621777],[134.829334,-33.623585],[134.830254,-33.626304],[134.831927,-33.627816],[134.836254,-33.62634],[134.838915,-33.630642],[134.842763,-33.629797],[134.842514,-33.631695],[134.845169,-33.632326],[134.850784,-33.637486],[134.852742,-33.637202],[134.86077,-33.643966],[134.866461,-33.641872],[134.86524,-33.639625],[134.870006,-33.635301],[134.879145,-33.636096],[134.884871,-33.640026],[134.886107,-33.643023],[134.885624,-33.645132],[134.884089,-33.645355],[134.882467,-33.652211],[134.878261,-33.652312],[134.878925,-33.653894],[134.884579,-33.654788],[134.886712,-33.659537],[134.895245,-33.662474],[134.898409,-33.667145],[134.902676,-33.667337],[134.907558,-33.670536],[134.907022,-33.67312],[134.914427,-33.673787],[134.914435,-33.675992],[134.918984,-33.676712],[134.919976,-33.679379],[134.924665,-33.68142],[134.925509,-33.683248],[134.930658,-33.684429],[134.933774,-33.689179],[134.946737,-33.697505],[134.949663,-33.697859],[134.95193,-33.700613],[134.957563,-33.70155],[134.968957,-33.708622],[134.972781,-33.708918],[134.976978,-33.712885],[134.981993,-33.714011],[134.984466,-33.717152],[134.994699,-33.722347],[135.01071,-33.73449],[135.017531,-33.737191],[135.017529,-33.738557],[135.040279,-33.754989],[135.064535,-33.779991],[135.078857,-33.799816],[135.084358,-33.800448],[135.082244,-33.804113],[135.087025,-33.807754],[135.094927,-33.809725],[135.097323,-33.815653],[135.101363,-33.815689],[135.10157,-33.817249],[135.103943,-33.817356],[135.108116,-33.820914],[135.108142,-33.822523],[135.113768,-33.824048],[135.11751,-33.830209],[135.128984,-33.835866],[135.132382,-33.840111],[135.131944,-33.842527],[135.13438,-33.844746],[135.134698,-33.847553],[135.142764,-33.84976],[135.145854,-33.852352],[135.151469,-33.858399],[135.153768,-33.865159],[135.161755,-33.877502],[135.170382,-33.872548],[135.176298,-33.873529],[135.18216,-33.877757],[135.187951,-33.886419],[135.192131,-33.89775],[135.18888,-33.906937],[135.192735,-33.909379],[135.19141,-33.91162],[135.193962,-33.912772],[135.194035,-33.919787],[135.203444,-33.926294],[135.216884,-33.94021]]]]}},{"type":"Feature","properties":{"code":"AU-LGA-41830","name":"Flinders Ranges","label":"Flinders Ranges","type":"Local government area","parentCode":"AU-SA"},"geometry":{"type":"Polygon","coordinates":[[[137.923064,-32.415332],[137.923021,-32.494588],[137.971069,-32.494866],[137.971067,-32.497335],[138.006246,-32.497137],[138.007508,-32.506764],[138.0706,-32.506358],[138.071374,-32.504696],[138.073284,-32.506407],[138.083726,-32.506271],[138.088546,-32.510376],[138.094582,-32.509657],[138.107598,-32.50393],[138.11295,-32.508601],[138.124655,-32.514448],[138.156694,-32.52705],[138.157162,-32.414821],[138.34306,-32.415162],[138.34315,-32.324002],[138.391189,-32.325816],[138.392508,-32.323097],[138.440144,-32.323228],[138.439502,-32.12099],[138.754546,-32.120285],[138.754637,-31.975203],[138.640095,-31.975343],[138.656145,-31.967632],[138.656284,-31.966256],[138.652727,-31.949717],[138.651948,-31.930549],[138.643677,-31.917873],[138.641982,-31.910298],[138.640264,-31.910009],[138.636916,-31.900003],[138.638412,-31.897121],[138.632623,-31.893997],[138.631286,-31.891567],[138.643701,-31.875955],[138.637107,-31.869918],[138.633562,-31.870458],[138.641271,-31.851365],[138.650233,-31.848442],[138.65391,-31.842205],[138.663417,-31.835413],[138.662231,-31.827742],[138.664595,-31.824819],[138.675522,-31.818333],[138.681689,-31.81247],[138.695,-31.810877],[138.699728,-31.807496],[138.700574,-31.804961],[138.71619,-31.804935],[138.718452,-31.773754],[138.716456,-31.765257],[138.717361,-31.762998],[138.711113,-31.760253],[138.685393,-31.766526],[138.6658,-31.76882],[138.654261,-31.775178],[138.643846,-31.774393],[138.640915,-31.777124],[138.632721,-31.774072],[138.630785,-31.76817],[138.631873,-31.762844],[138.617214,-31.746979],[138.596984,-31.761762],[138.596975,-31.739955],[138.084576,-31.739734],[138.084338,-31.97616],[137.978105,-32.151433],[137.963383,-32.236797],[137.963226,-32.269893],[137.967267,-32.269893],[137.971304,-32.273067],[137.973869,-32.279285],[137.970262,-32.281226],[137.969587,-32.284905],[137.967678,-32.285781],[137.967238,-32.291045],[137.96896,-32.292973],[137.963007,-32.294321],[137.960277,-32.299635],[137.962097,-32.299695],[137.968912,-32.30654],[137.966838,-32.31205],[137.96818,-32.316105],[137.962124,-32.321673],[137.962688,-32.323502],[137.959719,-32.326696],[137.960594,-32.331239],[137.967731,-32.332187],[137.971551,-32.329218],[137.97392,-32.329802],[137.973374,-32.343766],[137.971815,-32.345859],[137.971034,-32.358985],[137.969308,-32.363134],[137.970769,-32.368324],[137.967613,-32.377694],[137.963919,-32.398733],[137.966425,-32.415244],[137.923064,-32.415332]]]}},{"type":"Feature","properties":{"code":"AU-LGA-41960","name":"Franklin Harbour","label":"Franklin Harbour","type":"Local government area","parentCode":"AU-SA"},"geometry":{"type":"Polygon","coordinates":[[[136.670829,-33.877409],[136.675245,-33.874989],[136.676013,-33.871771],[136.678071,-33.870298],[136.692107,-33.865481],[136.697643,-33.861846],[136.701276,-33.858065],[136.701702,-33.855486],[136.710726,-33.850446],[136.721516,-33.840532],[136.730468,-33.834964],[136.750286,-33.83087],[136.778491,-33.830999],[136.779606,-33.821949],[136.787604,-33.813236],[136.795611,-33.80848],[136.800205,-33.803142],[136.825267,-33.799568],[136.845584,-33.800861],[136.847875,-33.798937],[136.857226,-33.798373],[136.878545,-33.786097],[136.900688,-33.77858],[136.919611,-33.768783],[136.951497,-33.755285],[136.991682,-33.72478],[136.999404,-33.725032],[137.025518,-33.719708],[137.037288,-33.707996],[137.054222,-33.706363],[137.062628,-33.700453],[137.069481,-33.700261],[137.069741,-33.69873],[137.077406,-33.698132],[137.092589,-33.701313],[137.105784,-33.69925],[137.124336,-33.700732],[137.168516,-33.690281],[137.174838,-33.685033],[137.182099,-33.67314],[137.212053,-33.662099],[137.222966,-33.64826],[137.22693,-33.637145],[137.23213,-33.632399],[137.23395,-33.632706],[137.236999,-33.626752],[137.249329,-33.612031],[137.249475,-33.608643],[137.252404,-33.608263],[137.255853,-33.599117],[137.255106,-33.597102],[137.259398,-33.59223],[137.258598,-33.590341],[137.260981,-33.589049],[137.25799,-33.588928],[137.261822,-33.584988],[137.263292,-33.580891],[137.261289,-33.582568],[137.263924,-33.577674],[137.273405,-33.569795],[137.275686,-33.570466],[137.276698,-33.568726],[137.275529,-33.56822],[137.27884,-33.565002],[137.279783,-33.562103],[137.278379,-33.560416],[137.286203,-33.542871],[137.285875,-33.537982],[137.287289,-33.536138],[137.286962,-33.539487],[137.289053,-33.54012],[137.290148,-33.538785],[137.290994,-33.534486],[137.28802,-33.530791],[137.29529,-33.5074],[137.298115,-33.503488],[137.305008,-33.500103],[137.30285,-33.494674],[137.305479,-33.489598],[137.303774,-33.489365],[137.307638,-33.485622],[137.314621,-33.471515],[137.320264,-33.468485],[137.324906,-33.463057],[137.325392,-33.459472],[137.334594,-33.458268],[137.354159,-33.443788],[137.356674,-33.4401],[137.360529,-33.439152],[137.35863,-33.428857],[137.361124,-33.425655],[137.362173,-33.427421],[137.362999,-33.426211],[137.360108,-33.424074],[137.359266,-33.426002],[137.358,-33.425022],[137.35967,-33.423559],[137.360749,-33.414824],[137.366969,-33.405203],[137.374941,-33.397773],[137.375456,-33.393698],[137.378314,-33.390385],[137.377988,-33.384568],[137.384219,-33.377489],[137.385349,-33.373718],[137.385223,-33.371102],[137.381509,-33.368683],[137.379235,-33.360665],[137.380321,-33.354758],[137.377228,-33.344197],[137.380567,-33.328887],[137.378348,-33.325853],[136.670975,-33.327527],[136.670829,-33.877409]]]}},{"type":"Feature","properties":{"code":"AU-LGA-42030","name":"Gawler","label":"Gawler","type":"Local government area","parentCode":"AU-SA"},"geometry":{"type":"Polygon","coordinates":[[[138.682741,-34.61578],[138.680095,-34.634947],[138.699693,-34.650799],[138.726562,-34.66623],[138.726145,-34.670517],[138.732908,-34.656336],[138.742133,-34.642236],[138.757411,-34.628021],[138.755384,-34.622391],[138.765553,-34.618194],[138.762164,-34.615288],[138.762345,-34.613316],[138.775584,-34.613634],[138.784544,-34.607438],[138.782456,-34.603908],[138.775977,-34.603156],[138.7762,-34.596875],[138.763131,-34.590316],[138.755449,-34.590109],[138.754786,-34.587678],[138.748335,-34.587118],[138.746401,-34.571694],[138.73249,-34.583953],[138.731245,-34.591408],[138.725514,-34.605266],[138.729342,-34.607831],[138.726679,-34.607515],[138.722649,-34.612312],[138.720245,-34.611055],[138.718197,-34.612],[138.716257,-34.609661],[138.714328,-34.611489],[138.715337,-34.612848],[138.716993,-34.612209],[138.715755,-34.615037],[138.713005,-34.612891],[138.709234,-34.615331],[138.71188,-34.61613],[138.711095,-34.617152],[138.704767,-34.614317],[138.703362,-34.618066],[138.701963,-34.615003],[138.69951,-34.615155],[138.700005,-34.616608],[138.698093,-34.617813],[138.69212,-34.616636],[138.69044,-34.61759],[138.68946,-34.61576],[138.688111,-34.617686],[138.686112,-34.61682],[138.684655,-34.618009],[138.684219,-34.61591],[138.682741,-34.61578]]]}},{"type":"Feature","properties":{"code":"AU-LGA-42110","name":"Goyder","label":"Goyder","type":"Local government area","parentCode":"AU-SA"},"geometry":{"type":"Polygon","coordinates":[[[138.755852,-33.101374],[138.755862,-33.111476],[138.761784,-33.138587],[138.764168,-33.164907],[138.762661,-33.181565],[138.758205,-33.192542],[138.752801,-33.213395],[138.754139,-33.221037],[138.751861,-33.243928],[138.758259,-33.262166],[138.760981,-33.26473],[138.777525,-33.26865],[138.791168,-33.281628],[138.783443,-33.309031],[138.775058,-33.316268],[138.769808,-33.326126],[138.73336,-33.326573],[138.734333,-33.328531],[138.732303,-33.337125],[138.729844,-33.338258],[138.730694,-33.34149],[138.728639,-33.341453],[138.728162,-33.349053],[138.725553,-33.351877],[138.726937,-33.35947],[138.725624,-33.361233],[138.727292,-33.36267],[138.727504,-33.367132],[138.731089,-33.368527],[138.73326,-33.371831],[138.729619,-33.378115],[138.732406,-33.383834],[138.728997,-33.395157],[138.729491,-33.398583],[138.724734,-33.404062],[138.726466,-33.410645],[138.724538,-33.418582],[138.725136,-33.423197],[138.724417,-33.42645],[138.721098,-33.428957],[138.726055,-33.435637],[138.72556,-33.439187],[138.720287,-33.443502],[138.721787,-33.452059],[138.717917,-33.461288],[138.715892,-33.471901],[138.716996,-33.473228],[138.71501,-33.474972],[138.715074,-33.480897],[138.713333,-33.482973],[138.715624,-33.488096],[138.716187,-33.497817],[138.713332,-33.501375],[138.711723,-33.50784],[138.704042,-33.518421],[138.702024,-33.518008],[138.700916,-33.519738],[138.701521,-33.522644],[138.691239,-33.53672],[138.687989,-33.538008],[138.688715,-33.540491],[138.685946,-33.555155],[138.684038,-33.555677],[138.683991,-33.560749],[138.682255,-33.562837],[138.684099,-33.566842],[138.682187,-33.569433],[138.683486,-33.573068],[138.678755,-33.574441],[138.675057,-33.589328],[138.681309,-33.617736],[138.69284,-33.623177],[138.693592,-33.630756],[138.689911,-33.638177],[138.690841,-33.644725],[138.700821,-33.66563],[138.704538,-33.684284],[138.711602,-33.702711],[138.716444,-33.71108],[138.720793,-33.730274],[138.729174,-33.751881],[138.733642,-33.7711],[138.732801,-33.79322],[138.730525,-33.801316],[138.730958,-33.807194],[138.728625,-33.820734],[138.72157,-33.837097],[138.80452,-33.845278],[138.807985,-33.848929],[138.814273,-33.849884],[138.821083,-33.847105],[138.89813,-33.854488],[138.904756,-33.860811],[138.909367,-33.867993],[138.91464,-33.871075],[138.914802,-33.873914],[138.920527,-33.874475],[138.927316,-33.87861],[138.925825,-33.881135],[138.915896,-33.881409],[138.914944,-33.885455],[138.912156,-33.888636],[138.91352,-33.8966],[138.908146,-33.898771],[138.910004,-33.903761],[138.908929,-33.908636],[138.910426,-33.909701],[138.911403,-33.923758],[138.914414,-33.928511],[138.915693,-33.938484],[138.915167,-33.945183],[138.916792,-33.952538],[138.915099,-33.955113],[138.916689,-33.957241],[138.916481,-33.962558],[138.919648,-33.965616],[138.93391,-33.966059],[138.951253,-33.963249],[138.958102,-33.965898],[138.960521,-33.976796],[138.96099,-33.988501],[138.964487,-33.99299],[138.961454,-33.99541],[138.965036,-34.004678],[138.964222,-34.020306],[138.959993,-34.026456],[138.963063,-34.036211],[138.961617,-34.03859],[138.958961,-34.073669],[138.963293,-34.115271],[138.961,-34.120868],[138.963,-34.132997],[138.961736,-34.137131],[138.964783,-34.140471],[138.963538,-34.14654],[138.966656,-34.153732],[138.967207,-34.160582],[138.965124,-34.170662],[138.961738,-34.175306],[138.975798,-34.183686],[138.970429,-34.197935],[138.965838,-34.201817],[138.975856,-34.227058],[138.978088,-34.254379],[138.985013,-34.253611],[138.98344,-34.257699],[138.984403,-34.258561],[138.991107,-34.254029],[138.9957,-34.256399],[138.997793,-34.255932],[139.001051,-34.248774],[139.008083,-34.242826],[139.010446,-34.246373],[139.017708,-34.242258],[139.020891,-34.245089],[139.028151,-34.242497],[139.042366,-34.241733],[139.044724,-34.244251],[139.048553,-34.244772],[139.048009,-34.248983],[139.050552,-34.250835],[139.048507,-34.25354],[139.049542,-34.256293],[139.048217,-34.260708],[139.044899,-34.260896],[139.04867,-34.267317],[139.041554,-34.273491],[139.043346,-34.282223],[139.04042,-34.289544],[139.04277,-34.291033],[139.035839,-34.297132],[139.035897,-34.303373],[139.034084,-34.306716],[139.127397,-34.315009],[139.122292,-34.318123],[139.113232,-34.319946],[139.105045,-34.330016],[139.148474,-34.333012],[139.155842,-34.335187],[139.155483,-34.332454],[139.162763,-34.327105],[139.168312,-34.325736],[139.171582,-34.326893],[139.191143,-34.32139],[139.199646,-34.312108],[139.209276,-34.31008],[139.214688,-34.310816],[139.264381,-34.295819],[139.264247,-34.319351],[139.350791,-34.319332],[139.351104,-34.20917],[139.358046,-34.175425],[139.356727,-34.126085],[139.354296,-33.097595],[138.755852,-33.101374]]]}},{"type":"Feature","properties":{"code":"AU-LGA-42250","name":"Grant","label":"Grant","type":"Local government area","parentCode":"AU-SA"},"geometry":{"type":"MultiPolygon","coordinates":[[[[140.660249,-38.062561],[140.660952,-38.062383],[140.660045,-38.062366],[140.660249,-38.062561]]],[[[140.662437,-38.062111],[140.6629,-38.06179],[140.662487,-38.061712],[140.662437,-38.062111]]],[[[140.292788,-37.760651],[140.293492,-37.76103],[140.293358,-37.760533],[140.292788,-37.760651]]],[[[140.66093,-38.061959],[140.661617,-38.061765],[140.661034,-38.061656],[140.66093,-38.061959]]],[[[140.568483,-38.020793],[140.569981,-38.01988],[140.568089,-38.020529],[140.568483,-38.020793]]],[[[140.315805,-37.796302],[140.316881,-37.796047],[140.316443,-37.795858],[140.315805,-37.796302]]],[[[140.31853,-37.795904],[140.318905,-37.795502],[140.318196,-37.795427],[140.31853,-37.795904]]],[[[140.666159,-38.059843],[140.66578,-38.060085],[140.666536,-38.060158],[140.666159,-38.059843]]],[[[140.661072,-38.061127],[140.661699,-38.061145],[140.661563,-38.060704],[140.661072,-38.061127]]],[[[140.768905,-38.058645],[140.768917,-38.058217],[140.768512,-38.058391],[140.768905,-38.058645]]],[[[140.660046,-38.060328],[140.660392,-38.060093],[140.659763,-38.060075],[140.660046,-38.060328]]],[[[140.663922,-38.060503],[140.663984,-38.060133],[140.663623,-38.060285],[140.663922,-38.060503]]],[[[140.296782,-37.75553],[140.307211,-37.770639],[140.311131,-37.779722],[140.318873,-37.78911],[140.320651,-37.79563],[140.327643,-37.804473],[140.328665,-37.808374],[140.326027,-37.810498],[140.328646,-37.812659],[140.32696,-37.815236],[140.329701,-37.815385],[140.328502,-37.818287],[140.333543,-37.818485],[140.342406,-37.834382],[140.358163,-37.856624],[140.361539,-37.863838],[140.364004,-37.877035],[140.373002,-37.886925],[140.375895,-37.897833],[140.383504,-37.898924],[140.388683,-37.901488],[140.392058,-37.908843],[140.390378,-37.913035],[140.392093,-37.913932],[140.394574,-37.911808],[140.396486,-37.913368],[140.394471,-37.915796],[140.395557,-37.919402],[140.40324,-37.916968],[140.412511,-37.925605],[140.419578,-37.925847],[140.421221,-37.931001],[140.425466,-37.929523],[140.434771,-37.932494],[140.440865,-37.931278],[140.454022,-37.935833],[140.457184,-37.940198],[140.461849,-37.941625],[140.467153,-37.948182],[140.46655,-37.949734],[140.478308,-37.953274],[140.480899,-37.956722],[140.485886,-37.957629],[140.491171,-37.960857],[140.50266,-37.973565],[140.508791,-37.984189],[140.517013,-37.989947],[140.525765,-37.992508],[140.548295,-38.004779],[140.560949,-38.00602],[140.567298,-38.008583],[140.572152,-38.014173],[140.570566,-38.02067],[140.576752,-38.024021],[140.57718,-38.028241],[140.579392,-38.029688],[140.584466,-38.028781],[140.585011,-38.027009],[140.590786,-38.02432],[140.606824,-38.027703],[140.618189,-38.032706],[140.620943,-38.040243],[140.624825,-38.041029],[140.629224,-38.038497],[140.642665,-38.041439],[140.645016,-38.043887],[140.644998,-38.04682],[140.659937,-38.056325],[140.661459,-38.058178],[140.660649,-38.060018],[140.662646,-38.061475],[140.663352,-38.059708],[140.669538,-38.060029],[140.67596,-38.057443],[140.685741,-38.05695],[140.697674,-38.059664],[140.696118,-38.056771],[140.717709,-38.051672],[140.729154,-38.054279],[140.7388,-38.054464],[140.746803,-38.058624],[140.752971,-38.056167],[140.75995,-38.057616],[140.76328,-38.05641],[140.768985,-38.057379],[140.770485,-38.059695],[140.770609,-38.054009],[140.775182,-38.049336],[140.783005,-38.045507],[140.7971,-38.046873],[140.798996,-38.046644],[140.798787,-38.045491],[140.807619,-38.048995],[140.811468,-38.045507],[140.819128,-38.042443],[140.837845,-38.041038],[140.862194,-38.045679],[140.87308,-38.051001],[140.889337,-38.047835],[140.900142,-38.047957],[140.917799,-38.052356],[140.930482,-38.053425],[140.93841,-38.052205],[140.965803,-38.055985],[140.972017,-37.730739],[140.973574,-37.718036],[140.972122,-37.717575],[140.972784,-37.611365],[140.67656,-37.610241],[140.678727,-37.616481],[140.667299,-37.642066],[140.675366,-37.654551],[140.677552,-37.664354],[140.675673,-37.664553],[140.675741,-37.69582],[140.680026,-37.697776],[140.685454,-37.706998],[140.68626,-37.714612],[140.679337,-37.71467],[140.679905,-37.735243],[140.616935,-37.735497],[140.609715,-37.73803],[140.609499,-37.754613],[140.476496,-37.754991],[140.476113,-37.785384],[140.469873,-37.78532],[140.46966,-37.802076],[140.466996,-37.802057],[140.480184,-37.818986],[140.473074,-37.818979],[140.459018,-37.828589],[140.446917,-37.828324],[140.439905,-37.83248],[140.423606,-37.836952],[140.40744,-37.8374],[140.400082,-37.840032],[140.393608,-37.839702],[140.392828,-37.829681],[140.388498,-37.82465],[140.386205,-37.818205],[140.388215,-37.814614],[140.387078,-37.811617],[140.389085,-37.804972],[140.388642,-37.796874],[140.380132,-37.784936],[140.379201,-37.777708],[140.370938,-37.76713],[140.366148,-37.755381],[140.296782,-37.75553]],[[140.747806,-37.836123],[140.750442,-37.829848],[140.737619,-37.815764],[140.745542,-37.800144],[140.757809,-37.804072],[140.762811,-37.794279],[140.823864,-37.813817],[140.813931,-37.833295],[140.826203,-37.837215],[140.818891,-37.851672],[140.800416,-37.845947],[140.79806,-37.850773],[140.792935,-37.849186],[140.793271,-37.855066],[140.772047,-37.849323],[140.764071,-37.849387],[140.755729,-37.844972],[140.747806,-37.836123]]]]}},{"type":"Feature","properties":{"code":"AU-LGA-42600","name":"Holdfast Bay","label":"Holdfast Bay","type":"Local government area","parentCode":"AU-SA"},"geometry":{"type":"Polygon","coordinates":[[[138.511796,-35.040923],[138.515442,-35.042188],[138.52472,-35.0404],[138.524527,-35.037449],[138.533483,-35.037157],[138.529947,-34.99571],[138.53081,-34.991133],[138.526727,-34.991421],[138.52372,-34.987227],[138.529662,-34.98693],[138.529099,-34.979411],[138.537788,-34.975925],[138.532425,-34.975601],[138.531962,-34.973766],[138.528785,-34.974436],[138.528416,-34.970816],[138.524928,-34.970919],[138.523051,-34.964961],[138.519068,-34.965169],[138.516731,-34.962671],[138.516632,-34.963914],[138.508586,-34.96438],[138.510866,-34.973315],[138.50908,-34.975301],[138.510368,-34.982887],[138.509265,-34.989284],[138.511431,-35.006036],[138.517591,-35.030215],[138.515732,-35.037685],[138.511796,-35.040923]]]}},{"type":"Feature","properties":{"code":"AU-LGA-42750","name":"Kangaroo Island","label":"Kangaroo Island","type":"Local government area","parentCode":"AU-SA"},"geometry":{"type":"MultiPolygon","coordinates":[[[[136.692723,-36.085523],[136.697008,-36.08642],[136.69141,-36.083382],[136.692723,-36.085523]]],[[[136.700329,-36.065992],[136.70386,-36.068807],[136.704974,-36.06716],[136.70292,-36.065592],[136.700329,-36.065992]]],[[[136.552711,-35.907675],[136.551978,-35.908309],[136.552628,-35.908368],[136.552711,-35.907675]]],[[[138.287749,-35.785299],[138.289935,-35.782498],[138.287462,-35.78436],[138.287749,-35.785299]]],[[[138.299648,-35.759102],[138.303633,-35.759078],[138.299797,-35.758074],[138.299648,-35.759102]]],[[[136.534524,-35.901703],[136.535962,-35.902172],[136.538549,-35.899425],[136.534946,-35.900212],[136.534524,-35.901703]]],[[[138.290908,-35.778694],[138.292941,-35.775605],[138.290857,-35.776303],[138.290908,-35.778694]]],[[[136.580679,-35.951404],[136.581373,-35.951215],[136.580419,-35.950957],[136.580679,-35.951404]]],[[[137.288549,-35.993444],[137.286653,-35.994872],[137.289057,-35.994619],[137.288549,-35.993444]]],[[[136.82754,-36.034227],[136.829263,-36.033643],[136.82692,-36.033435],[136.82754,-36.034227]]],[[[136.907578,-36.043516],[136.908325,-36.043371],[136.907382,-36.043124],[136.907578,-36.043516]]],[[[137.795187,-35.831923],[137.795538,-35.831882],[137.794973,-35.831684],[137.795187,-35.831923]]],[[[137.78417,-35.830541],[137.784398,-35.830477],[137.784147,-35.830228],[137.78417,-35.830541]]],[[[137.769948,-35.820242],[137.774876,-35.823675],[137.776314,-35.822493],[137.771041,-35.81818],[137.769948,-35.820242]]],[[[137.801069,-35.820083],[137.804025,-35.821347],[137.807526,-35.817995],[137.801069,-35.820083]]],[[[137.752098,-35.803724],[137.747013,-35.808855],[137.752649,-35.808116],[137.752098,-35.803724]]],[[[137.782947,-35.823587],[137.787195,-35.825532],[137.783908,-35.822478],[137.782947,-35.823587]]],[[[137.77827,-35.816402],[137.777136,-35.814681],[137.776834,-35.818073],[137.77827,-35.816402]]],[[[137.750845,-35.817108],[137.750173,-35.81662],[137.749022,-35.817991],[137.750845,-35.817108]]],[[[137.771083,-35.815521],[137.770252,-35.815345],[137.770332,-35.816009],[137.771083,-35.815521]]],[[[137.797787,-35.826938],[137.797964,-35.827241],[137.79886,-35.827074],[137.797787,-35.826938]]],[[[137.786925,-35.817112],[137.787156,-35.816705],[137.786726,-35.816442],[137.786925,-35.817112]]],[[[137.639036,-35.623261],[137.643803,-35.625253],[137.641025,-35.621968],[137.639036,-35.623261]]],[[[137.921104,-35.719528],[137.915583,-35.719711],[137.905929,-35.716928],[137.894907,-35.725025],[137.893346,-35.731409],[137.894668,-35.742713],[137.891705,-35.746176],[137.892542,-35.757931],[137.881501,-35.7656],[137.874476,-35.773432],[137.8666,-35.776522],[137.863412,-35.783637],[137.853819,-35.794195],[137.833316,-35.798039],[137.831301,-35.800247],[137.822561,-35.800168],[137.80083,-35.795761],[137.780574,-35.784607],[137.777358,-35.784431],[137.779057,-35.79089],[137.778099,-35.796189],[137.77299,-35.798418],[137.770578,-35.797245],[137.762811,-35.798009],[137.7624,-35.803395],[137.75838,-35.806028],[137.763017,-35.806456],[137.765441,-35.810828],[137.770743,-35.814071],[137.774684,-35.812457],[137.773977,-35.811227],[137.77664,-35.808318],[137.78293,-35.811848],[137.790566,-35.812182],[137.798304,-35.81019],[137.810695,-35.815235],[137.814765,-35.822019],[137.812794,-35.822199],[137.813889,-35.824177],[137.812501,-35.825343],[137.807116,-35.822148],[137.805144,-35.822998],[137.806524,-35.826118],[137.802725,-35.829465],[137.797989,-35.83057],[137.798246,-35.833526],[137.796669,-35.834273],[137.781022,-35.830728],[137.772408,-35.822782],[137.768889,-35.824972],[137.768568,-35.828511],[137.766496,-35.830768],[137.763783,-35.83054],[137.760516,-35.833303],[137.755729,-35.832194],[137.754164,-35.833919],[137.75543,-35.837045],[137.762215,-35.838849],[137.76187,-35.840936],[137.758295,-35.843087],[137.754628,-35.843076],[137.749267,-35.834303],[137.75033,-35.830928],[137.748833,-35.829029],[137.753981,-35.825663],[137.749506,-35.822854],[137.747771,-35.823732],[137.745882,-35.822558],[137.743915,-35.8114],[137.746085,-35.800932],[137.75527,-35.793408],[137.758081,-35.792791],[137.760132,-35.789616],[137.772758,-35.787991],[137.77196,-35.787336],[137.773634,-35.786627],[137.771954,-35.780908],[137.778465,-35.775131],[137.781289,-35.774622],[137.790039,-35.765273],[137.800643,-35.760939],[137.803459,-35.757591],[137.799709,-35.748704],[137.793014,-35.745127],[137.792531,-35.737717],[137.786043,-35.735025],[137.783858,-35.730044],[137.784275,-35.727312],[137.780341,-35.723918],[137.768617,-35.722983],[137.732953,-35.735611],[137.724076,-35.734226],[137.7084,-35.738638],[137.696267,-35.739777],[137.667949,-35.739539],[137.626891,-35.731652],[137.616699,-35.735164],[137.596045,-35.735335],[137.585834,-35.732423],[137.577922,-35.725657],[137.577117,-35.720954],[137.583362,-35.71511],[137.57833,-35.71709],[137.579204,-35.709013],[137.580118,-35.707601],[137.583942,-35.708793],[137.588065,-35.704111],[137.590868,-35.703173],[137.590852,-35.700921],[137.603356,-35.692664],[137.604608,-35.688191],[137.602621,-35.686088],[137.605696,-35.678751],[137.621398,-35.665122],[137.631414,-35.660355],[137.635761,-35.660235],[137.644177,-35.654202],[137.642446,-35.652749],[137.641224,-35.638877],[137.63896,-35.641669],[137.632288,-35.64191],[137.616553,-35.636076],[137.595241,-35.642464],[137.589348,-35.643199],[137.580652,-35.641614],[137.577533,-35.639025],[137.577864,-35.636401],[137.575166,-35.635471],[137.573076,-35.636952],[137.569845,-35.632584],[137.570367,-35.627831],[137.568214,-35.623202],[137.569121,-35.619733],[137.574451,-35.613009],[137.588575,-35.601658],[137.606793,-35.590989],[137.614129,-35.589168],[137.618879,-35.589837],[137.623349,-35.592549],[137.626684,-35.597147],[137.630381,-35.590886],[137.630249,-35.575113],[137.631502,-35.571016],[137.633899,-35.569798],[137.633414,-35.564418],[137.629689,-35.564519],[137.621668,-35.561174],[137.612337,-35.568924],[137.602274,-35.571688],[137.598211,-35.570753],[137.595101,-35.565329],[137.591556,-35.564074],[137.58581,-35.568418],[137.564375,-35.571111],[137.5621,-35.574981],[137.557627,-35.575872],[137.55165,-35.583138],[137.545791,-35.587207],[137.533593,-35.592556],[137.518817,-35.595517],[137.507203,-35.593893],[137.502982,-35.58591],[137.491005,-35.579753],[137.484974,-35.58106],[137.48385,-35.584407],[137.481316,-35.586043],[137.465726,-35.588287],[137.45483,-35.594301],[137.446939,-35.596209],[137.409362,-35.58768],[137.38451,-35.590648],[137.372165,-35.585537],[137.363945,-35.587406],[137.351752,-35.587056],[137.336239,-35.579922],[137.321337,-35.578097],[137.309594,-35.580566],[137.305985,-35.584305],[137.30621,-35.586682],[137.30222,-35.587814],[137.302579,-35.589457],[137.296428,-35.590164],[137.285285,-35.595628],[137.28515,-35.598022],[137.275786,-35.601536],[137.26761,-35.603602],[137.260634,-35.600318],[137.257926,-35.602558],[137.238498,-35.604546],[137.231813,-35.608417],[137.234426,-35.610667],[137.23098,-35.612652],[137.227955,-35.612013],[137.224476,-35.616918],[137.221323,-35.617946],[137.211211,-35.61675],[137.209386,-35.621163],[137.203474,-35.624701],[137.18755,-35.622951],[137.184962,-35.621195],[137.181669,-35.622481],[137.181462,-35.625412],[137.179114,-35.625899],[137.179662,-35.626747],[137.169446,-35.629566],[137.163477,-35.633097],[137.155474,-35.629418],[137.149628,-35.632258],[137.14764,-35.630236],[137.141196,-35.629748],[137.142049,-35.630353],[137.140193,-35.631354],[137.141539,-35.632414],[137.137115,-35.633773],[137.137961,-35.635461],[137.133811,-35.63738],[137.134256,-35.63932],[137.127566,-35.639516],[137.128168,-35.642495],[137.125301,-35.642963],[137.124284,-35.647175],[137.120784,-35.648064],[137.122674,-35.649858],[137.121787,-35.651719],[137.117835,-35.651801],[137.114246,-35.655513],[137.112643,-35.654459],[137.110397,-35.655882],[137.107218,-35.653875],[137.107873,-35.655252],[137.103189,-35.65808],[137.09999,-35.65707],[137.099368,-35.658449],[137.093672,-35.658117],[137.092775,-35.660283],[137.088461,-35.659929],[137.086493,-35.662373],[137.084386,-35.661462],[137.080919,-35.663534],[137.07411,-35.663326],[137.072746,-35.667345],[137.069659,-35.669141],[137.05489,-35.666854],[137.040112,-35.670139],[137.03473,-35.670606],[137.031375,-35.66912],[137.02695,-35.671896],[137.018741,-35.673245],[137.014265,-35.672403],[137.00991,-35.673809],[136.998766,-35.671844],[136.979969,-35.674236],[136.976612,-35.672386],[136.973196,-35.673509],[136.971738,-35.675783],[136.969283,-35.673306],[136.962361,-35.67557],[136.958613,-35.673706],[136.95273,-35.674093],[136.942616,-35.676784],[136.939069,-35.676133],[136.925998,-35.680932],[136.914919,-35.682095],[136.904599,-35.685896],[136.897576,-35.686033],[136.891795,-35.688908],[136.881797,-35.687582],[136.880934,-35.686115],[136.879659,-35.688376],[136.871935,-35.687711],[136.872181,-35.689052],[136.867609,-35.6896],[136.866075,-35.692343],[136.861718,-35.69383],[136.846792,-35.692045],[136.847333,-35.694735],[136.84415,-35.693366],[136.839389,-35.695594],[136.827897,-35.696556],[136.825549,-35.695518],[136.82401,-35.699205],[136.82056,-35.697484],[136.817507,-35.699334],[136.810856,-35.698661],[136.805902,-35.700098],[136.804438,-35.702007],[136.800807,-35.699975],[136.783671,-35.700199],[136.781132,-35.701844],[136.782288,-35.703824],[136.779571,-35.706939],[136.778423,-35.712196],[136.76649,-35.71523],[136.766854,-35.716496],[136.758794,-35.722702],[136.748115,-35.723839],[136.738768,-35.722117],[136.732136,-35.723924],[136.7203,-35.720272],[136.72084,-35.721173],[136.717517,-35.722466],[136.717255,-35.725248],[136.71271,-35.727977],[136.711873,-35.73134],[136.697266,-35.739454],[136.691421,-35.739582],[136.671916,-35.744518],[136.658276,-35.745847],[136.65208,-35.744115],[136.64033,-35.74673],[136.639382,-35.748433],[136.62905,-35.748988],[136.626954,-35.746891],[136.616729,-35.745204],[136.604614,-35.745317],[136.596883,-35.74794],[136.587443,-35.748843],[136.582192,-35.753836],[136.580531,-35.760768],[136.573795,-35.765876],[136.579369,-35.79236],[136.577629,-35.797391],[136.571265,-35.801193],[136.571044,-35.807534],[136.565849,-35.809563],[136.568042,-35.821095],[136.560485,-35.828305],[136.564316,-35.842838],[136.563916,-35.849521],[136.561731,-35.852475],[136.555084,-35.854089],[136.554755,-35.855395],[136.541731,-35.858216],[136.539658,-35.861047],[136.540575,-35.86404],[136.538325,-35.864962],[136.538942,-35.867209],[136.535747,-35.869998],[136.535588,-35.874112],[136.532949,-35.876543],[136.538198,-35.879212],[136.534565,-35.881862],[136.536061,-35.883833],[136.534418,-35.886461],[136.54323,-35.884536],[136.549208,-35.884336],[136.550611,-35.885687],[136.550866,-35.887577],[136.545818,-35.889894],[136.544082,-35.892072],[136.545255,-35.892698],[136.538861,-35.899315],[136.550774,-35.901916],[136.554701,-35.905719],[136.553152,-35.907948],[136.555975,-35.910985],[136.561896,-35.913045],[136.56408,-35.917116],[136.579787,-35.930714],[136.579132,-35.936348],[136.581017,-35.939169],[136.579549,-35.941618],[136.580883,-35.942049],[136.581665,-35.945953],[136.580054,-35.947895],[136.581751,-35.950835],[136.587817,-35.950796],[136.59223,-35.953008],[136.594135,-35.954917],[136.59431,-35.960086],[136.59848,-35.960653],[136.598357,-35.961748],[136.625036,-35.954409],[136.629001,-35.956332],[136.629839,-35.96041],[136.638815,-35.960657],[136.642817,-35.963117],[136.652676,-35.965168],[136.665627,-35.975731],[136.666231,-35.97862],[136.672836,-35.984375],[136.677611,-35.992297],[136.689071,-36.004757],[136.691403,-36.01223],[136.694989,-36.014464],[136.696132,-36.018223],[136.701911,-36.023726],[136.708443,-36.036912],[136.707009,-36.043192],[136.704956,-36.045268],[136.706707,-36.04726],[136.705641,-36.051268],[136.701055,-36.054276],[136.696263,-36.054645],[136.696978,-36.058153],[136.705244,-36.06405],[136.709339,-36.056963],[136.713539,-36.055906],[136.718773,-36.057954],[136.720175,-36.055553],[136.718417,-36.05128],[136.720532,-36.049389],[136.7231,-36.049534],[136.727096,-36.045057],[136.733795,-36.043432],[136.746376,-36.044742],[136.75346,-36.046279],[136.75362,-36.048178],[136.757998,-36.049717],[136.763371,-36.047864],[136.764117,-36.045253],[136.766372,-36.043992],[136.770724,-36.0453],[136.774984,-36.043617],[136.773086,-36.038296],[136.776579,-36.037742],[136.77634,-36.03401],[136.781844,-36.031394],[136.800519,-36.032161],[136.81235,-36.035037],[136.814528,-36.036469],[136.814443,-36.038712],[136.816747,-36.038831],[136.817821,-36.037979],[136.815748,-36.036364],[136.817312,-36.033238],[136.824796,-36.031443],[136.827455,-36.025255],[136.831684,-36.02599],[136.829476,-36.022178],[136.831694,-36.019751],[136.841109,-36.018026],[136.852268,-36.019874],[136.854052,-36.016561],[136.86727,-36.019329],[136.873432,-36.023918],[136.891842,-36.029735],[136.904298,-36.037493],[136.907835,-36.042465],[136.910153,-36.041105],[136.915461,-36.043562],[136.921996,-36.040959],[136.921501,-36.039484],[136.923413,-36.037699],[136.928334,-36.039086],[136.930289,-36.034323],[136.942169,-36.026674],[136.949077,-36.02983],[136.957739,-36.02553],[136.960176,-36.027058],[136.964903,-36.026793],[136.969898,-36.021582],[136.973446,-36.021422],[136.974111,-36.023154],[136.991197,-36.020774],[136.997286,-36.017324],[137.001879,-36.020174],[137.010151,-36.019242],[137.018001,-36.020761],[137.024525,-36.022893],[137.028317,-36.026428],[137.035164,-36.025989],[137.036089,-36.027637],[137.044972,-36.026497],[137.047021,-36.027571],[137.050813,-36.023651],[137.05626,-36.022153],[137.057627,-36.020086],[137.063116,-36.022158],[137.069849,-36.019995],[137.074767,-36.021473],[137.082906,-36.021167],[137.092388,-36.025091],[137.094289,-36.023454],[137.097054,-36.023798],[137.097505,-36.020079],[137.102595,-36.018157],[137.122574,-36.026621],[137.122071,-36.030104],[137.130954,-36.033971],[137.137493,-36.029389],[137.137875,-36.02479],[137.139602,-36.024749],[137.139652,-36.022742],[137.142014,-36.024568],[137.142718,-36.022402],[137.14581,-36.020692],[137.150848,-36.023083],[137.155379,-36.022262],[137.15648,-36.027021],[137.162689,-36.024725],[137.163045,-36.023237],[137.160839,-36.022077],[137.161324,-36.016465],[137.169145,-36.014731],[137.168812,-36.011381],[137.169959,-36.010806],[137.176471,-36.010007],[137.177624,-36.00433],[137.189779,-35.997064],[137.184211,-35.996614],[137.179969,-35.993944],[137.178617,-35.990335],[137.180856,-35.983971],[137.192313,-35.976679],[137.209497,-35.973974],[137.22922,-35.977122],[137.231533,-35.978506],[137.231317,-35.980851],[137.235795,-35.979361],[137.236888,-35.982295],[137.239252,-35.981026],[137.241995,-35.98177],[137.241377,-35.983221],[137.246146,-35.982625],[137.25019,-35.984647],[137.250541,-35.982617],[137.253155,-35.98157],[137.257952,-35.982207],[137.270671,-35.988635],[137.270208,-35.991261],[137.277293,-35.992283],[137.278371,-35.994244],[137.285422,-35.990748],[137.288873,-35.991713],[137.296199,-35.990308],[137.298119,-35.991623],[137.30255,-35.990877],[137.302781,-35.993391],[137.323112,-35.995892],[137.324723,-35.997944],[137.329934,-35.994511],[137.331827,-35.99537],[137.332648,-35.993013],[137.340861,-35.995864],[137.346827,-35.993693],[137.352845,-35.99408],[137.359848,-35.996392],[137.361544,-36.000264],[137.365251,-35.997968],[137.371025,-35.998402],[137.374892,-36.00316],[137.372241,-36.006911],[137.374399,-36.00836],[137.377311,-36.00595],[137.380457,-36.008186],[137.379452,-36.013878],[137.383835,-36.015052],[137.396845,-36.023901],[137.403309,-36.032241],[137.406813,-36.032398],[137.405854,-36.034562],[137.407492,-36.036276],[137.405612,-36.038777],[137.410787,-36.035802],[137.414596,-36.039988],[137.420245,-36.041402],[137.433819,-36.052878],[137.45665,-36.066265],[137.458248,-36.068247],[137.458265,-36.073173],[137.460938,-36.074946],[137.463261,-36.072494],[137.467356,-36.07283],[137.467577,-36.070284],[137.474528,-36.066088],[137.482787,-36.065661],[137.480451,-36.06321],[137.485401,-36.057015],[137.487144,-36.057673],[137.49256,-36.0547],[137.499863,-36.056581],[137.504009,-36.055859],[137.506819,-36.053306],[137.50584,-36.050945],[137.513327,-36.04722],[137.5197,-36.037596],[137.522636,-36.037995],[137.532257,-36.031222],[137.53598,-36.02585],[137.541716,-36.024061],[137.546988,-36.024813],[137.55189,-36.02176],[137.559426,-36.023062],[137.571656,-36.021544],[137.578962,-36.018134],[137.586647,-36.019545],[137.593985,-36.010182],[137.60265,-36.009276],[137.604755,-36.005582],[137.604187,-36.003448],[137.607729,-36.001621],[137.60804,-35.996918],[137.614915,-35.991746],[137.61448,-35.98979],[137.616806,-35.989242],[137.615781,-35.982955],[137.620451,-35.978578],[137.605109,-35.964844],[137.599344,-35.951319],[137.599737,-35.946592],[137.598179,-35.942679],[137.601215,-35.929971],[137.611985,-35.913097],[137.630408,-35.89929],[137.65153,-35.887842],[137.660297,-35.884885],[137.701422,-35.876815],[137.71479,-35.875751],[137.726122,-35.876728],[137.729149,-35.873806],[137.728064,-35.872862],[137.730572,-35.870654],[137.730665,-35.867575],[137.736997,-35.863092],[137.737477,-35.861232],[137.734914,-35.859582],[137.736058,-35.855375],[137.741104,-35.853101],[137.749222,-35.852045],[137.751153,-35.854036],[137.755206,-35.851276],[137.759682,-35.852369],[137.771784,-35.851166],[137.772534,-35.852793],[137.775413,-35.850818],[137.79109,-35.853407],[137.794574,-35.851272],[137.798625,-35.85351],[137.803239,-35.850602],[137.807295,-35.852542],[137.81534,-35.852383],[137.830162,-35.855933],[137.835823,-35.855267],[137.85609,-35.859741],[137.868146,-35.863245],[137.870571,-35.865135],[137.871085,-35.868703],[137.87236,-35.868127],[137.87427,-35.870555],[137.878823,-35.868898],[137.879389,-35.870279],[137.883493,-35.870356],[137.8833,-35.867969],[137.886193,-35.864799],[137.886548,-35.867365],[137.891241,-35.867529],[137.904919,-35.861011],[137.911141,-35.859775],[137.912851,-35.861392],[137.937897,-35.864903],[137.944368,-35.868472],[137.957567,-35.872399],[137.974209,-35.880222],[137.975803,-35.881902],[137.974783,-35.884411],[137.975774,-35.885845],[137.978027,-35.886229],[137.980636,-35.884257],[137.994165,-35.888065],[138.006643,-35.893716],[138.010267,-35.897859],[138.020237,-35.902415],[138.037712,-35.902713],[138.040829,-35.90426],[138.056267,-35.895041],[138.059151,-35.887487],[138.06528,-35.88067],[138.068537,-35.880948],[138.075251,-35.876888],[138.075747,-35.874483],[138.078319,-35.874681],[138.086667,-35.865412],[138.090323,-35.865357],[138.089156,-35.863996],[138.090024,-35.862554],[138.097526,-35.859135],[138.1109,-35.848396],[138.117357,-35.848925],[138.119095,-35.846742],[138.123908,-35.845121],[138.126667,-35.848181],[138.13427,-35.843583],[138.13455,-35.840752],[138.128136,-35.838751],[138.125803,-35.834163],[138.123271,-35.834226],[138.123643,-35.827493],[138.119078,-35.819862],[138.124558,-35.811151],[138.125732,-35.802336],[138.123967,-35.802431],[138.121364,-35.806953],[138.117303,-35.808769],[138.106524,-35.809462],[138.089915,-35.80446],[138.076957,-35.795884],[138.072193,-35.790972],[138.066864,-35.780351],[138.06854,-35.76574],[138.067797,-35.75977],[138.058976,-35.751808],[138.046907,-35.746478],[138.045005,-35.742209],[138.038426,-35.740693],[138.033322,-35.742115],[138.030123,-35.737376],[138.021686,-35.737391],[138.020173,-35.733511],[138.015537,-35.732442],[138.015194,-35.730691],[138.012218,-35.729439],[138.007096,-35.728588],[138.005588,-35.726287],[137.993643,-35.726488],[137.991331,-35.724453],[137.97332,-35.719788],[137.965167,-35.719625],[137.958757,-35.72226],[137.946217,-35.7214],[137.942621,-35.720178],[137.941251,-35.718339],[137.942947,-35.716661],[137.940821,-35.716192],[137.935374,-35.716268],[137.934125,-35.717108],[137.935175,-35.718657],[137.929493,-35.719673],[137.921104,-35.719528]]]]}},{"type":"Feature","properties":{"code":"AU-LGA-43080","name":"Karoonda East Murray","label":"Karoonda East Murray","type":"Local government area","parentCode":"AU-SA"},"geometry":{"type":"Polygon","coordinates":[[[139.619935,-35.182948],[139.619607,-35.218696],[139.894235,-35.21863],[139.89418,-35.290942],[140.253222,-35.29181],[140.252933,-35.107838],[140.430079,-35.107734],[140.42966,-34.87017],[140.367226,-34.870015],[140.36759,-34.69451],[140.177099,-34.694674],[140.177199,-34.661398],[140.187986,-34.660728],[140.188176,-34.565105],[140.154094,-34.565095],[140.101678,-34.575476],[140.064239,-34.575445],[140.064204,-34.599638],[139.967661,-34.620452],[139.9287,-34.613618],[139.914384,-34.614414],[139.898784,-34.610097],[139.883653,-34.608056],[139.857732,-34.612203],[139.841148,-34.612984],[139.767869,-34.609008],[139.758837,-34.606935],[139.759697,-34.867506],[139.633737,-34.867329],[139.635539,-34.871145],[139.643414,-34.878816],[139.644358,-34.883159],[139.639955,-34.886156],[139.633046,-34.886807],[139.634789,-34.891936],[139.623765,-34.89303],[139.619903,-34.896006],[139.619922,-35.054733],[139.622432,-35.064213],[139.619923,-35.068485],[139.619935,-35.182948]]]}},{"type":"Feature","properties":{"code":"AU-LGA-43220","name":"Kimba","label":"Kimba","type":"Local government area","parentCode":"AU-SA"},"geometry":{"type":"Polygon","coordinates":[[[135.961242,-33.133643],[135.959948,-33.136359],[135.961163,-33.138209],[135.960439,-33.143681],[135.962922,-33.163382],[135.961501,-33.16772],[135.935637,-33.191191],[135.92577,-33.205642],[135.91087,-33.214157],[135.900847,-33.228468],[135.893847,-33.233997],[135.886652,-33.244744],[135.886896,-33.250336],[135.88465,-33.255364],[135.884862,-33.331236],[136.810646,-33.327007],[136.81094,-33.123927],[136.598362,-33.124553],[136.598604,-32.995093],[136.594833,-32.998689],[136.590677,-32.996697],[136.58519,-32.996909],[136.581859,-32.999971],[136.571597,-33.002952],[136.570522,-33.005103],[136.577304,-33.008463],[136.575323,-33.015289],[136.57613,-33.017668],[136.585812,-33.025371],[136.509804,-33.025078],[136.510055,-32.950013],[136.507033,-32.950015],[136.496462,-32.938116],[136.478542,-32.90691],[136.45775,-32.906891],[136.461209,-32.881006],[136.452992,-32.881052],[136.438649,-32.862294],[136.438774,-32.854644],[136.424316,-32.853488],[136.419913,-32.848151],[136.417823,-32.84878],[136.391812,-32.825885],[136.369885,-32.825724],[136.370333,-32.811269],[136.320919,-32.821781],[136.313858,-32.824583],[136.262138,-32.820433],[136.253635,-32.815034],[136.253241,-32.742137],[136.206114,-32.742588],[136.203622,-32.630907],[136.198093,-32.621561],[136.186746,-32.621949],[136.186224,-32.61389],[136.016148,-32.611865],[135.953431,-32.626571],[135.941277,-32.627375],[135.904608,-32.626418],[135.904863,-32.624704],[135.841738,-32.624521],[135.837605,-32.618554],[135.834799,-32.607184],[135.824204,-32.602215],[135.71653,-32.60251],[135.704422,-32.634917],[135.695249,-32.699041],[135.791743,-32.702529],[135.78233,-32.797437],[135.743159,-32.787573],[135.737125,-32.780979],[135.712993,-32.781164],[135.712928,-32.766325],[135.480453,-32.76724],[135.48084,-32.911963],[135.571567,-32.911508],[135.571676,-32.936408],[135.596132,-32.936263],[135.597045,-32.933973],[135.594573,-32.93247],[135.592685,-32.92667],[135.590203,-32.911423],[135.653098,-32.911122],[135.653263,-33.05635],[136.001304,-33.054262],[136.001259,-33.133423],[135.961242,-33.133643]]]}},{"type":"Feature","properties":{"code":"AU-LGA-43360","name":"Kingston (SA)","label":"Kingston (SA)","type":"Local government area","parentCode":"AU-SA"},"geometry":{"type":"Polygon","coordinates":[[[139.742462,-37.032776],[140.084535,-37.032453],[140.08499,-36.894057],[140.251666,-36.894001],[140.252186,-36.689332],[140.431454,-36.689965],[140.431825,-36.466442],[140.046285,-36.466575],[140.046065,-36.451559],[140.048525,-36.445459],[140.046317,-36.440729],[140.046869,-36.253919],[139.670738,-36.248731],[139.70933,-36.31245],[139.787522,-36.468916],[139.801032,-36.501127],[139.831951,-36.587346],[139.849876,-36.643343],[139.862113,-36.694581],[139.863487,-36.725748],[139.86135,-36.772847],[139.850081,-36.824896],[139.842898,-36.839562],[139.836365,-36.849023],[139.825658,-36.857495],[139.818796,-36.868511],[139.808273,-36.877206],[139.799779,-36.88098],[139.786603,-36.895168],[139.779007,-36.899314],[139.748158,-36.909413],[139.740999,-36.914397],[139.732397,-36.916796],[139.717469,-36.929627],[139.699169,-36.939237],[139.69606,-36.934235],[139.697757,-36.937739],[139.696281,-36.940477],[139.675916,-36.942043],[139.671082,-36.952783],[139.670055,-36.958203],[139.676764,-36.967519],[139.693289,-36.981571],[139.718892,-36.998343],[139.730615,-37.009317],[139.742431,-37.024133],[139.74346,-37.028395],[139.742462,-37.032776]]]}},{"type":"Feature","properties":{"code":"AU-LGA-43650","name":"Light","label":"Light","type":"Local government area","parentCode":"AU-SA"},"geometry":{"type":"Polygon","coordinates":[[[138.630194,-34.628737],[138.631639,-34.631035],[138.634748,-34.629347],[138.637855,-34.632042],[138.639037,-34.630615],[138.640475,-34.631795],[138.646432,-34.630441],[138.646292,-34.628696],[138.648606,-34.629231],[138.65223,-34.627263],[138.649976,-34.625784],[138.651931,-34.625468],[138.650439,-34.623424],[138.653839,-34.623326],[138.65288,-34.622168],[138.655418,-34.623376],[138.655174,-34.62199],[138.657541,-34.621689],[138.660269,-34.623758],[138.66248,-34.619954],[138.66797,-34.619992],[138.667761,-34.61849],[138.669508,-34.617689],[138.666782,-34.614546],[138.668683,-34.612979],[138.671059,-34.616],[138.679511,-34.613528],[138.679497,-34.615692],[138.683624,-34.61542],[138.684655,-34.618009],[138.686112,-34.61682],[138.688111,-34.617686],[138.68946,-34.61576],[138.69044,-34.61759],[138.698209,-34.617802],[138.700005,-34.616608],[138.69951,-34.615155],[138.701963,-34.615003],[138.703362,-34.618066],[138.704971,-34.616312],[138.704542,-34.614359],[138.709822,-34.617247],[138.712036,-34.61633],[138.709234,-34.615331],[138.713005,-34.612891],[138.715604,-34.615181],[138.716993,-34.612209],[138.715337,-34.612848],[138.714328,-34.611489],[138.716435,-34.609583],[138.718197,-34.612],[138.720245,-34.611055],[138.722961,-34.612194],[138.726679,-34.607515],[138.729342,-34.607831],[138.725514,-34.605266],[138.731245,-34.591408],[138.73249,-34.583953],[138.746401,-34.571694],[138.748335,-34.587118],[138.755738,-34.588139],[138.758409,-34.583478],[138.752286,-34.581129],[138.751635,-34.5782],[138.758012,-34.576729],[138.759832,-34.57292],[138.762919,-34.57171],[138.761895,-34.569114],[138.769577,-34.568956],[138.770435,-34.567239],[138.768789,-34.565594],[138.773325,-34.560592],[138.790269,-34.562738],[138.791353,-34.560831],[138.788782,-34.559689],[138.788187,-34.556379],[138.792287,-34.557377],[138.796301,-34.555191],[138.793286,-34.552804],[138.794059,-34.551089],[138.803972,-34.551141],[138.8059,-34.556161],[138.800595,-34.558776],[138.802196,-34.560986],[138.807311,-34.560374],[138.807918,-34.557703],[138.810126,-34.558853],[138.813345,-34.557817],[138.81329,-34.562613],[138.820064,-34.561064],[138.82091,-34.564057],[138.825906,-34.565101],[138.823315,-34.568801],[138.826914,-34.570341],[138.832621,-34.563717],[138.830991,-34.559304],[138.832063,-34.554463],[138.837242,-34.556052],[138.838285,-34.555202],[138.837167,-34.554084],[138.840108,-34.552938],[138.851608,-34.557426],[138.851585,-34.553751],[138.856341,-34.552901],[138.853939,-34.550437],[138.857683,-34.550797],[138.86054,-34.548655],[138.86157,-34.553444],[138.867161,-34.554336],[138.867586,-34.558457],[138.870379,-34.556398],[138.872062,-34.557503],[138.872069,-34.558727],[138.868715,-34.559733],[138.868725,-34.566968],[138.872586,-34.569893],[138.874165,-34.57414],[138.882044,-34.57332],[138.888725,-34.571183],[138.890702,-34.569109],[138.892247,-34.571369],[138.896327,-34.567567],[138.898047,-34.569416],[138.900156,-34.568291],[138.902193,-34.572378],[138.90918,-34.576746],[138.913624,-34.576743],[138.91392,-34.575168],[138.916051,-34.579542],[138.915181,-34.584151],[138.919582,-34.585004],[138.924225,-34.583693],[138.928382,-34.564746],[138.930921,-34.56075],[138.935913,-34.559105],[138.936598,-34.556032],[138.940201,-34.555152],[138.947145,-34.544176],[138.936608,-34.538835],[138.938756,-34.535341],[138.945417,-34.534405],[138.948768,-34.531624],[138.947946,-34.528877],[138.949935,-34.527317],[138.949214,-34.525568],[138.959369,-34.515239],[138.959436,-34.511313],[138.963307,-34.506202],[138.970341,-34.507096],[138.970114,-34.498749],[138.978231,-34.490398],[138.977267,-34.488548],[138.969715,-34.486288],[138.978203,-34.466372],[138.974695,-34.460055],[138.973221,-34.449904],[139.001981,-34.458502],[139.057642,-34.42447],[139.079588,-34.420001],[139.101272,-34.411673],[139.098875,-34.409693],[139.100141,-34.404042],[139.093772,-34.400992],[139.096257,-34.394545],[139.098387,-34.392983],[139.098351,-34.385503],[139.103555,-34.382488],[139.108688,-34.382375],[139.112257,-34.378891],[139.115133,-34.364392],[139.11279,-34.361871],[139.116783,-34.351712],[139.113801,-34.348379],[139.110418,-34.348168],[139.10743,-34.337128],[139.104379,-34.334382],[139.106055,-34.331977],[139.104862,-34.330326],[139.113232,-34.319946],[139.122292,-34.318123],[139.127397,-34.315009],[139.034084,-34.306716],[139.035897,-34.303373],[139.035839,-34.297132],[139.04277,-34.291033],[139.04042,-34.289544],[139.043346,-34.282223],[139.041554,-34.273491],[139.04867,-34.267317],[139.044899,-34.260896],[139.048217,-34.260708],[139.049542,-34.256293],[139.048507,-34.25354],[139.050552,-34.250835],[139.048009,-34.248983],[139.048789,-34.245094],[139.044724,-34.244251],[139.042366,-34.241733],[139.028151,-34.242497],[139.020891,-34.245089],[139.017708,-34.242258],[139.012957,-34.245971],[139.009811,-34.24634],[139.009197,-34.243109],[139.007666,-34.242906],[139.001051,-34.248774],[138.997793,-34.255932],[138.9957,-34.256399],[138.991107,-34.254029],[138.98655,-34.258159],[138.984033,-34.258442],[138.985013,-34.253611],[138.978088,-34.254379],[138.975856,-34.227058],[138.965838,-34.201817],[138.970429,-34.197935],[138.971611,-34.193625],[138.926817,-34.198032],[138.909133,-34.197805],[138.909213,-34.190996],[138.902929,-34.19191],[138.902951,-34.187549],[138.86482,-34.188288],[138.864771,-34.193528],[138.838383,-34.193479],[138.835821,-34.212409],[138.828179,-34.211759],[138.828597,-34.216685],[138.831907,-34.219688],[138.84087,-34.220979],[138.839008,-34.231678],[138.827886,-34.231214],[138.827227,-34.238271],[138.83334,-34.250304],[138.83273,-34.263955],[138.836716,-34.262861],[138.838337,-34.266189],[138.839303,-34.281108],[138.84085,-34.283991],[138.839691,-34.296565],[138.838801,-34.295744],[138.837026,-34.300583],[138.779433,-34.298271],[138.786511,-34.31807],[138.786491,-34.336691],[138.784667,-34.341429],[138.772309,-34.353881],[138.768504,-34.354958],[138.764415,-34.359112],[138.764164,-34.362213],[138.761395,-34.36521],[138.748033,-34.366306],[138.746093,-34.363079],[138.739721,-34.361613],[138.738366,-34.362082],[138.739346,-34.368076],[138.734654,-34.367163],[138.729969,-34.370569],[138.728482,-34.369014],[138.721304,-34.369052],[138.721326,-34.365688],[138.718183,-34.364631],[138.719207,-34.363322],[138.718175,-34.36098],[138.714722,-34.36136],[138.706449,-34.358233],[138.701577,-34.359244],[138.700739,-34.361571],[138.694996,-34.361087],[138.690207,-34.36263],[138.687483,-34.366142],[138.682409,-34.364825],[138.682422,-34.360013],[138.678822,-34.362544],[138.67319,-34.361533],[138.670116,-34.362762],[138.667138,-34.361013],[138.662204,-34.368055],[138.655976,-34.373323],[138.65722,-34.375461],[138.65622,-34.377146],[138.648036,-34.379912],[138.64314,-34.378247],[138.641215,-34.380599],[138.636544,-34.378356],[138.636611,-34.381921],[138.631161,-34.383711],[138.630996,-34.388796],[138.627758,-34.389343],[138.626188,-34.393213],[138.619835,-34.393579],[138.612912,-34.388888],[138.601073,-34.390219],[138.597099,-34.393215],[138.595708,-34.397472],[138.59101,-34.397914],[138.587096,-34.402362],[138.57384,-34.397492],[138.575052,-34.401962],[138.572565,-34.402923],[138.570958,-34.406365],[138.572823,-34.40864],[138.566429,-34.408942],[138.559962,-34.414646],[138.563217,-34.414186],[138.566478,-34.418636],[138.561902,-34.424452],[138.563814,-34.425423],[138.566207,-34.422936],[138.566543,-34.426806],[138.571393,-34.432693],[138.571523,-34.434855],[138.566558,-34.439365],[138.569786,-34.441772],[138.567754,-34.449012],[138.629785,-34.474806],[138.630194,-34.628737]]]}},{"type":"Feature","properties":{"code":"AU-LGA-43710","name":"Lower Eyre","label":"Lower Eyre","type":"Local government area","parentCode":"AU-SA"},"geometry":{"type":"MultiPolygon","coordinates":[[[[136.3658,-34.648156],[136.369796,-34.64827],[136.36968,-34.646012],[136.366289,-34.645189],[136.3658,-34.648156]]],[[[135.04675,-34.753846],[135.044567,-34.75247],[135.038185,-34.759122],[135.045138,-34.757567],[135.04675,-34.753846]]],[[[135.258462,-34.258637],[135.260991,-34.260402],[135.25974,-34.256373],[135.258462,-34.258637]]],[[[135.61775,-34.993347],[135.618884,-34.997588],[135.616968,-34.997062],[135.61584,-34.998797],[135.617912,-34.998926],[135.617139,-35.001361],[135.618246,-35.001914],[135.619622,-35.001101],[135.619628,-34.99778],[135.623757,-34.994001],[135.625239,-34.989205],[135.626352,-34.982097],[135.624079,-34.979502],[135.617367,-34.980183],[135.618997,-34.984484],[135.617477,-34.986122],[135.61775,-34.993347]]],[[[135.84962,-34.887853],[135.85021,-34.887454],[135.849444,-34.887469],[135.84962,-34.887853]]],[[[136.279435,-34.488087],[136.285201,-34.492201],[136.287255,-34.489529],[136.282106,-34.486944],[136.279435,-34.488087]]],[[[136.374074,-34.650495],[136.374344,-34.650227],[136.373304,-34.650148],[136.374074,-34.650495]]],[[[135.87375,-34.932879],[135.87378,-34.932473],[135.873232,-34.932472],[135.87375,-34.932879]]],[[[135.875024,-34.93294],[135.874972,-34.93134],[135.874277,-34.932034],[135.875024,-34.93294]]],[[[135.030406,-34.784362],[135.033951,-34.785198],[135.036991,-34.782427],[135.032499,-34.780972],[135.030406,-34.784362]]],[[[135.036695,-34.786524],[135.037936,-34.785615],[135.037045,-34.78563],[135.036695,-34.786524]]],[[[135.376069,-34.595411],[135.373855,-34.593936],[135.374451,-34.595205],[135.376069,-34.595411]]],[[[135.377445,-34.5959],[135.378436,-34.595639],[135.377073,-34.595667],[135.377445,-34.5959]]],[[[135.433711,-34.620578],[135.430928,-34.61951],[135.432779,-34.621264],[135.433711,-34.620578]]],[[[135.683578,-34.947163],[135.684826,-34.946518],[135.684022,-34.946368],[135.683578,-34.947163]]],[[[135.686263,-34.946177],[135.686805,-34.945685],[135.685695,-34.945621],[135.686263,-34.946177]]],[[[135.998188,-34.721658],[135.99929,-34.720673],[135.998206,-34.72048],[135.998188,-34.721658]]],[[[135.855364,-34.900311],[135.854723,-34.898246],[135.852459,-34.898047],[135.854549,-34.901455],[135.855364,-34.900311]]],[[[135.871191,-34.938766],[135.873355,-34.940299],[135.874832,-34.939547],[135.874652,-34.933396],[135.873134,-34.933489],[135.871191,-34.938766]]],[[[135.956314,-34.741552],[135.952617,-34.741295],[135.956144,-34.743525],[135.956314,-34.741552]]],[[[135.9758,-35.024975],[135.975603,-35.026917],[135.973537,-35.027843],[135.967467,-35.021565],[135.96557,-35.02218],[135.967989,-35.028901],[135.967501,-35.032121],[135.975025,-35.037542],[135.974878,-35.0361],[135.977636,-35.034642],[135.98307,-35.033592],[135.981355,-35.029385],[135.981598,-35.02452],[135.978907,-35.019923],[135.9758,-35.024975]]],[[[136.007633,-34.858433],[136.009551,-34.860281],[136.00852,-34.856447],[136.007633,-34.858433]]],[[[136.009586,-34.894814],[136.011379,-34.894404],[136.011767,-34.892449],[136.009586,-34.894814]]],[[[136.025751,-34.95034],[136.026397,-34.949371],[136.024398,-34.949121],[136.025751,-34.95034]]],[[[136.031319,-34.957524],[136.033076,-34.955666],[136.030573,-34.953482],[136.030033,-34.956287],[136.031319,-34.957524]]],[[[136.051372,-34.970273],[136.062638,-34.967588],[136.065482,-34.968317],[136.066441,-34.965449],[136.069953,-34.962694],[136.066109,-34.958075],[136.059983,-34.957334],[136.050641,-34.968095],[136.051372,-34.970273]]],[[[136.197084,-34.638015],[136.195129,-34.636939],[136.1953,-34.638482],[136.197084,-34.638015]]],[[[136.209135,-34.551564],[136.214231,-34.553012],[136.21666,-34.550508],[136.216744,-34.547423],[136.2108,-34.548188],[136.209135,-34.551564]]],[[[136.235576,-34.564042],[136.238904,-34.561998],[136.236573,-34.562169],[136.235576,-34.564042]]],[[[136.248608,-34.596944],[136.254414,-34.597169],[136.259565,-34.592963],[136.250795,-34.593634],[136.248608,-34.596944]]],[[[136.25748,-34.544503],[136.260585,-34.544199],[136.261578,-34.540537],[136.257851,-34.541638],[136.25748,-34.544503]]],[[[136.291325,-34.568918],[136.293766,-34.56737],[136.291073,-34.567138],[136.291325,-34.568918]]],[[[135.03119,-34.779654],[135.032408,-34.778211],[135.031568,-34.778319],[135.03119,-34.779654]]],[[[135.081219,-34.753834],[135.08045,-34.752927],[135.078862,-34.75466],[135.081816,-34.754987],[135.081219,-34.753834]]],[[[136.031507,-34.908702],[136.030136,-34.911516],[136.027557,-34.911498],[136.027161,-34.913068],[136.027955,-34.916956],[136.032403,-34.918054],[136.034192,-34.916913],[136.038224,-34.907349],[136.03368,-34.90507],[136.031507,-34.908702]]],[[[136.278685,-34.681067],[136.279759,-34.681562],[136.274863,-34.675946],[136.26951,-34.67562],[136.266897,-34.67319],[136.265729,-34.680286],[136.269182,-34.683316],[136.272832,-34.683492],[136.272555,-34.678957],[136.278685,-34.681067]]],[[[135.847234,-34.889086],[135.848602,-34.889237],[135.847774,-34.887475],[135.847234,-34.889086]]],[[[135.864731,-34.95357],[135.866915,-34.95577],[135.865739,-34.951951],[135.864731,-34.95357]]],[[[135.955715,-34.749614],[135.95663,-34.748975],[135.955359,-34.747656],[135.953721,-34.748937],[135.955715,-34.749614]]],[[[135.986466,-34.604845],[135.983912,-34.604725],[135.981821,-34.609314],[135.985073,-34.609036],[135.986466,-34.604845]]],[[[135.209595,-34.562597],[135.213142,-34.563318],[135.210597,-34.561321],[135.209595,-34.562597]]],[[[136.211232,-34.815232],[136.213678,-34.815361],[136.212347,-34.814748],[136.211232,-34.815232]]],[[[136.249857,-34.513112],[136.252448,-34.513884],[136.251342,-34.510141],[136.249138,-34.51122],[136.249857,-34.513112]]],[[[136.288279,-34.580698],[136.296685,-34.583848],[136.302515,-34.581819],[136.301577,-34.580506],[136.294406,-34.580176],[136.290902,-34.577669],[136.287251,-34.579256],[136.288279,-34.580698]]],[[[136.251311,-34.526591],[136.258227,-34.525946],[136.261031,-34.523439],[136.255622,-34.518989],[136.250777,-34.522186],[136.251311,-34.526591]]],[[[136.0275,-34.981522],[136.027195,-34.986395],[136.029757,-34.986923],[136.031009,-34.984231],[136.030153,-34.980183],[136.027928,-34.979335],[136.0275,-34.981522]]],[[[135.029821,-34.769493],[135.027984,-34.775124],[135.030964,-34.777159],[135.032288,-34.771376],[135.030797,-34.766765],[135.029821,-34.769493]]],[[[135.873039,-34.942344],[135.868282,-34.944882],[135.868586,-34.949036],[135.872852,-34.946553],[135.873369,-34.943845],[135.875409,-34.942589],[135.874713,-34.940479],[135.873039,-34.942344]]],[[[135.158594,-34.729337],[135.16575,-34.722863],[135.167026,-34.719602],[135.162455,-34.719472],[135.16473,-34.722376],[135.153327,-34.726492],[135.154777,-34.72831],[135.15051,-34.732363],[135.154392,-34.733254],[135.157842,-34.731783],[135.158594,-34.729337]]],[[[135.325513,-34.704149],[135.330061,-34.702027],[135.331981,-34.702772],[135.336106,-34.700515],[135.336631,-34.698297],[135.329407,-34.69972],[135.329817,-34.701002],[135.327219,-34.701338],[135.325513,-34.704149]]],[[[135.28352,-34.709293],[135.286795,-34.710306],[135.289705,-34.708505],[135.291942,-34.706438],[135.291505,-34.703595],[135.286004,-34.703095],[135.286775,-34.705401],[135.282811,-34.708036],[135.28352,-34.709293]]],[[[135.685044,-34.952318],[135.68453,-34.951315],[135.684604,-34.952898],[135.685044,-34.952318]]],[[[136.306568,-34.593915],[136.312283,-34.593502],[136.321741,-34.596431],[136.325584,-34.591821],[136.321949,-34.589318],[136.314327,-34.58892],[136.309751,-34.589441],[136.306568,-34.593915]]],[[[136.001451,-34.878617],[136.001397,-34.881385],[136.005475,-34.884613],[136.006886,-34.889458],[136.010203,-34.891337],[136.012893,-34.889914],[136.014592,-34.882577],[136.012852,-34.87953],[136.014482,-34.876038],[136.012417,-34.866531],[136.008227,-34.865087],[136.00258,-34.870339],[136.000755,-34.872816],[136.001451,-34.878617]]],[[[135.684952,-34.947415],[135.686792,-34.94759],[135.686918,-34.946483],[135.684952,-34.947415]]],[[[136.183918,-34.649516],[136.185804,-34.64853],[136.183193,-34.642833],[136.184538,-34.641656],[136.181312,-34.640443],[136.179869,-34.64706],[136.183918,-34.649516]]],[[[135.828366,-34.767188],[135.824054,-34.764501],[135.828128,-34.760012],[135.829597,-34.752999],[135.834537,-34.74779],[135.83619,-34.748883],[135.839399,-34.745516],[135.830029,-34.742049],[135.826101,-34.737217],[135.821616,-34.734572],[135.826167,-34.734876],[135.826853,-34.724962],[135.826129,-34.720651],[135.822881,-34.717876],[135.824994,-34.714688],[135.821342,-34.708433],[135.825269,-34.702863],[135.828658,-34.701113],[135.832097,-34.687401],[135.834774,-34.688658],[135.837076,-34.6875],[135.855505,-34.687584],[135.85397,-34.665367],[135.860522,-34.640752],[135.860063,-34.636555],[135.862909,-34.632245],[135.872298,-34.623972],[135.887319,-34.616729],[135.894699,-34.61533],[135.9042,-34.616593],[135.914474,-34.621764],[135.912631,-34.631468],[135.916881,-34.630725],[135.924684,-34.634982],[135.926914,-34.641778],[135.926684,-34.646487],[135.93742,-34.649006],[135.934841,-34.645481],[135.933427,-34.635436],[135.930768,-34.632327],[135.934691,-34.623351],[135.934358,-34.619456],[135.931561,-34.61953],[135.930568,-34.617225],[135.93343,-34.609813],[135.927104,-34.609514],[135.924559,-34.607777],[135.920022,-34.61132],[135.913895,-34.611295],[135.904261,-34.602291],[135.902135,-34.592571],[135.905816,-34.581049],[135.913314,-34.570614],[135.922759,-34.54997],[135.924995,-34.547348],[135.928239,-34.547731],[135.934835,-34.543949],[135.935578,-34.540844],[135.930316,-34.541228],[135.928246,-34.538078],[135.931423,-34.529522],[135.945999,-34.516896],[135.959819,-34.50916],[135.971996,-34.504996],[135.981279,-34.505911],[135.983716,-34.508325],[135.981914,-34.511862],[135.98264,-34.513995],[135.988415,-34.513337],[135.993151,-34.518546],[135.995262,-34.517747],[135.995446,-34.513976],[136.001521,-34.509561],[136.008314,-34.507735],[136.015738,-34.508907],[136.017814,-34.511603],[136.01695,-34.514851],[136.021878,-34.516161],[136.023585,-34.514767],[136.016591,-34.507169],[136.019076,-34.50225],[136.016207,-34.500393],[136.015831,-34.497731],[136.025671,-34.490265],[136.024159,-34.485729],[136.025028,-34.484034],[136.034958,-34.480423],[136.034956,-34.477362],[135.777378,-34.477328],[135.777694,-33.938561],[135.216884,-33.94021],[135.223634,-33.945557],[135.22887,-33.951733],[135.228518,-33.953479],[135.237041,-33.961827],[135.252182,-33.98132],[135.25521,-33.991676],[135.257437,-33.992747],[135.256729,-33.994883],[135.258249,-33.995935],[135.25876,-33.9998],[135.26675,-34.010102],[135.266384,-34.01368],[135.27057,-34.016073],[135.271565,-34.019927],[135.269611,-34.023289],[135.271981,-34.024781],[135.2691,-34.026408],[135.268929,-34.028514],[135.266226,-34.029139],[135.26478,-34.032134],[135.268982,-34.03492],[135.272723,-34.042652],[135.275271,-34.05692],[135.281127,-34.070243],[135.27804,-34.079078],[135.273049,-34.086718],[135.274467,-34.089644],[135.272749,-34.09458],[135.27478,-34.098771],[135.274574,-34.113274],[135.275176,-34.115496],[135.278931,-34.117747],[135.279006,-34.121287],[135.272957,-34.125829],[135.262102,-34.128238],[135.252594,-34.137841],[135.251603,-34.141777],[135.244048,-34.140773],[135.243981,-34.142457],[135.241411,-34.143647],[135.243933,-34.143487],[135.241097,-34.147448],[135.24361,-34.148605],[135.241245,-34.150117],[135.248177,-34.155126],[135.250191,-34.152673],[135.255693,-34.155203],[135.255729,-34.158034],[135.266409,-34.167434],[135.265897,-34.17363],[135.267773,-34.173545],[135.267887,-34.17727],[135.269275,-34.175157],[135.268326,-34.173618],[135.271737,-34.169709],[135.282875,-34.170932],[135.292259,-34.175054],[135.305031,-34.185868],[135.319992,-34.210536],[135.341868,-34.256284],[135.34951,-34.277462],[135.349897,-34.283637],[135.351323,-34.284211],[135.350338,-34.287963],[135.351556,-34.288433],[135.349494,-34.290258],[135.35045,-34.293062],[135.349032,-34.293673],[135.350125,-34.294548],[135.348969,-34.296199],[135.351823,-34.299283],[135.351021,-34.304922],[135.353416,-34.307028],[135.352814,-34.310576],[135.356108,-34.313177],[135.354128,-34.31576],[135.356508,-34.317239],[135.355361,-34.319522],[135.357674,-34.323723],[135.358675,-34.343298],[135.359848,-34.344037],[135.355995,-34.349068],[135.357834,-34.350115],[135.357094,-34.355659],[135.358553,-34.358311],[135.357373,-34.366147],[135.354935,-34.368322],[135.352975,-34.366754],[135.349865,-34.368605],[135.355456,-34.373797],[135.356405,-34.378071],[135.357857,-34.37615],[135.36146,-34.377023],[135.36458,-34.380678],[135.365605,-34.38498],[135.364806,-34.391166],[135.363391,-34.391982],[135.363752,-34.411366],[135.362037,-34.417073],[135.358942,-34.41869],[135.36123,-34.423965],[135.365858,-34.42306],[135.369103,-34.430577],[135.371679,-34.430028],[135.372828,-34.431866],[135.3747,-34.430202],[135.378206,-34.430808],[135.380966,-34.434155],[135.380042,-34.437437],[135.385563,-34.437987],[135.388367,-34.441261],[135.386915,-34.453258],[135.387947,-34.45709],[135.390504,-34.458903],[135.391339,-34.464437],[135.388428,-34.470702],[135.392244,-34.475065],[135.393027,-34.479521],[135.391072,-34.488103],[135.39473,-34.491421],[135.395323,-34.493933],[135.390136,-34.504489],[135.379033,-34.510349],[135.376873,-34.515993],[135.377581,-34.524814],[135.381906,-34.529019],[135.384886,-34.528667],[135.386685,-34.530154],[135.390331,-34.541799],[135.395281,-34.546669],[135.395715,-34.552422],[135.398331,-34.555657],[135.396966,-34.559727],[135.399212,-34.567071],[135.39398,-34.577095],[135.394682,-34.57869],[135.389243,-34.595051],[135.393212,-34.599483],[135.396135,-34.597698],[135.398301,-34.599208],[135.422251,-34.60144],[135.403425,-34.595155],[135.402068,-34.593375],[135.403618,-34.591016],[135.400248,-34.59313],[135.396349,-34.593063],[135.399126,-34.591697],[135.400246,-34.588683],[135.403705,-34.588252],[135.405336,-34.590623],[135.406977,-34.588781],[135.409491,-34.590444],[135.413645,-34.587839],[135.408615,-34.582479],[135.411346,-34.581296],[135.40966,-34.574141],[135.410488,-34.568034],[135.409263,-34.567335],[135.411772,-34.562261],[135.407465,-34.559653],[135.406392,-34.555035],[135.408754,-34.551688],[135.412756,-34.549636],[135.422198,-34.548843],[135.415326,-34.542824],[135.413173,-34.544985],[135.404244,-34.544771],[135.402223,-34.543356],[135.403213,-34.542412],[135.402184,-34.54082],[135.391451,-34.534011],[135.394145,-34.530545],[135.401252,-34.533358],[135.397352,-34.530331],[135.397982,-34.528984],[135.395238,-34.524249],[135.39953,-34.518865],[135.399825,-34.515227],[135.399642,-34.518076],[135.401096,-34.518752],[135.400125,-34.521737],[135.401419,-34.52168],[135.40139,-34.509706],[135.402298,-34.507107],[135.405093,-34.507221],[135.412283,-34.513636],[135.414594,-34.520787],[135.413751,-34.526173],[135.409359,-34.528996],[135.410859,-34.531283],[135.40931,-34.537025],[135.410356,-34.53882],[135.420348,-34.539223],[135.420241,-34.535113],[135.42305,-34.53254],[135.422623,-34.531157],[135.428666,-34.527374],[135.432024,-34.528685],[135.431558,-34.531653],[135.436363,-34.532321],[135.445792,-34.537175],[135.444444,-34.541185],[135.437454,-34.540348],[135.43575,-34.541629],[135.436163,-34.544117],[135.442544,-34.547488],[135.443111,-34.551903],[135.441754,-34.554846],[135.444039,-34.570013],[135.431702,-34.603419],[135.44586,-34.60894],[135.458427,-34.610402],[135.472973,-34.616636],[135.473559,-34.614698],[135.46697,-34.611962],[135.463616,-34.608517],[135.452414,-34.605398],[135.443145,-34.600543],[135.445339,-34.594699],[135.45264,-34.591584],[135.455774,-34.586899],[135.458078,-34.586426],[135.467258,-34.591765],[135.475709,-34.594423],[135.478242,-34.597347],[135.483815,-34.596262],[135.496155,-34.599676],[135.506888,-34.599287],[135.502586,-34.597666],[135.498216,-34.598309],[135.502546,-34.597],[135.500512,-34.594302],[135.508047,-34.594972],[135.514422,-34.604183],[135.513954,-34.606694],[135.510584,-34.607399],[135.515195,-34.608982],[135.516768,-34.612954],[135.510436,-34.620941],[135.50134,-34.620198],[135.49914,-34.618822],[135.498883,-34.61605],[135.494024,-34.613278],[135.478679,-34.616571],[135.476903,-34.621437],[135.474031,-34.622805],[135.465212,-34.620202],[135.464813,-34.615951],[135.462673,-34.614949],[135.454928,-34.616102],[135.451537,-34.614391],[135.452378,-34.622253],[135.451074,-34.626769],[135.446217,-34.630896],[135.43828,-34.63362],[135.431551,-34.634879],[135.427449,-34.632901],[135.42211,-34.635841],[135.412036,-34.638049],[135.407856,-34.635909],[135.402805,-34.637871],[135.39898,-34.636912],[135.393799,-34.640847],[135.385707,-34.644038],[135.377765,-34.644867],[135.372995,-34.643842],[135.371917,-34.641957],[135.365764,-34.642077],[135.362639,-34.639678],[135.363769,-34.637295],[135.371384,-34.638488],[135.373964,-34.641687],[135.376867,-34.640732],[135.375173,-34.637138],[135.372483,-34.635875],[135.372762,-34.629784],[135.374305,-34.628801],[135.384784,-34.631182],[135.390375,-34.630052],[135.389978,-34.633156],[135.387795,-34.633655],[135.392491,-34.63655],[135.392053,-34.637649],[135.396522,-34.634013],[135.39708,-34.63163],[135.399647,-34.634065],[135.402204,-34.633389],[135.398271,-34.630273],[135.398701,-34.627224],[135.394233,-34.626524],[135.391147,-34.623021],[135.381653,-34.621862],[135.37059,-34.622824],[135.36163,-34.620722],[135.358853,-34.613236],[135.352261,-34.608285],[135.350471,-34.603496],[135.351863,-34.596912],[135.35807,-34.58917],[135.356132,-34.587055],[135.354695,-34.580054],[135.349751,-34.575415],[135.344361,-34.576124],[135.340781,-34.572986],[135.33059,-34.572291],[135.327008,-34.570166],[135.32756,-34.568002],[135.325768,-34.566749],[135.316479,-34.566168],[135.309499,-34.563677],[135.304456,-34.559983],[135.301179,-34.555962],[135.301244,-34.553898],[135.297594,-34.552281],[135.299006,-34.54714],[135.306072,-34.536548],[135.303752,-34.539131],[135.304131,-34.536523],[135.305706,-34.53508],[135.306088,-34.536198],[135.308408,-34.531674],[135.314144,-34.526984],[135.315046,-34.525549],[135.313305,-34.526348],[135.312286,-34.524702],[135.316256,-34.520645],[135.324736,-34.519401],[135.344325,-34.522872],[135.353907,-34.522049],[135.34618,-34.519688],[135.304091,-34.516442],[135.300923,-34.514549],[135.298919,-34.510179],[135.295233,-34.508888],[135.285146,-34.508201],[135.26133,-34.510105],[135.238977,-34.504954],[135.221392,-34.498616],[135.215405,-34.493902],[135.21534,-34.484709],[135.212562,-34.481439],[135.214191,-34.472741],[135.211648,-34.46244],[135.21648,-34.455572],[135.211514,-34.440768],[135.217385,-34.433339],[135.2096,-34.43399],[135.207649,-34.431786],[135.208304,-34.429742],[135.206327,-34.429293],[135.194985,-34.434047],[135.194484,-34.437931],[135.190916,-34.440626],[135.190332,-34.453045],[135.186587,-34.459919],[135.183695,-34.461794],[135.181536,-34.460688],[135.178929,-34.464241],[135.173235,-34.464755],[135.172968,-34.466768],[135.16902,-34.468792],[135.170433,-34.470844],[135.168846,-34.474424],[135.159572,-34.488882],[135.146318,-34.501696],[135.14074,-34.501848],[135.13899,-34.503283],[135.13889,-34.505898],[135.143667,-34.509286],[135.143228,-34.516665],[135.141731,-34.518331],[135.143609,-34.51976],[135.14147,-34.522751],[135.136018,-34.522932],[135.129877,-34.527784],[135.132619,-34.531945],[135.134248,-34.544337],[135.130734,-34.553763],[135.123298,-34.557387],[135.126452,-34.559386],[135.125117,-34.560853],[135.126384,-34.567373],[135.12439,-34.571519],[135.125571,-34.571969],[135.125353,-34.57652],[135.12216,-34.576934],[135.117402,-34.581252],[135.111949,-34.581536],[135.109205,-34.58822],[135.113814,-34.590082],[135.115468,-34.588231],[135.118267,-34.588648],[135.118015,-34.586977],[135.119635,-34.587666],[135.121432,-34.585184],[135.124374,-34.587243],[135.128609,-34.58757],[135.128884,-34.590176],[135.133461,-34.587495],[135.135786,-34.590446],[135.138527,-34.589404],[135.139905,-34.591199],[135.143506,-34.591824],[135.145919,-34.588854],[135.145637,-34.586963],[135.147651,-34.585983],[135.145451,-34.581599],[135.147816,-34.576482],[135.146645,-34.57291],[135.149899,-34.56887],[135.154961,-34.567634],[135.153974,-34.566029],[135.158619,-34.561743],[135.166021,-34.560995],[135.170407,-34.556569],[135.177027,-34.554559],[135.18114,-34.557032],[135.187161,-34.555879],[135.192312,-34.557638],[135.196279,-34.555134],[135.2027,-34.555307],[135.208816,-34.55862],[135.210281,-34.557412],[135.206362,-34.550272],[135.210517,-34.546837],[135.220169,-34.544011],[135.230567,-34.543848],[135.242645,-34.547453],[135.254852,-34.553171],[135.272677,-34.565361],[135.287967,-34.581963],[135.285612,-34.584835],[135.290584,-34.587446],[135.294659,-34.593271],[135.296838,-34.59361],[135.299023,-34.599985],[135.29711,-34.603158],[135.303227,-34.601384],[135.308512,-34.602075],[135.321385,-34.607983],[135.336288,-34.62048],[135.342214,-34.630264],[135.342295,-34.634864],[135.345463,-34.639618],[135.349565,-34.652912],[135.347282,-34.666032],[135.340595,-34.671266],[135.337381,-34.670137],[135.332263,-34.671206],[135.329381,-34.66937],[135.325814,-34.674753],[135.325473,-34.679908],[135.320824,-34.680284],[135.325029,-34.686362],[135.329417,-34.689201],[135.341685,-34.681968],[135.350499,-34.680458],[135.367192,-34.683163],[135.379706,-34.687104],[135.413788,-34.702776],[135.45519,-34.728975],[135.474348,-34.744094],[135.478785,-34.748581],[135.47914,-34.752826],[135.486892,-34.758539],[135.49277,-34.765989],[135.494117,-34.765662],[135.49441,-34.769232],[135.491551,-34.772709],[135.49635,-34.779023],[135.494799,-34.781033],[135.4959,-34.782569],[135.503087,-34.785134],[135.529285,-34.805123],[135.532946,-34.808986],[135.53297,-34.811124],[135.540658,-34.814117],[135.541989,-34.817848],[135.553754,-34.826643],[135.552408,-34.830704],[135.556668,-34.831968],[135.555926,-34.833724],[135.558576,-34.833839],[135.557853,-34.836026],[135.569849,-34.844743],[135.576111,-34.853752],[135.580634,-34.855595],[135.578955,-34.857119],[135.582796,-34.858295],[135.581718,-34.860819],[135.586063,-34.862017],[135.586102,-34.864248],[135.588299,-34.863711],[135.587814,-34.86577],[135.590801,-34.865537],[135.593371,-34.869234],[135.592273,-34.871708],[135.596982,-34.871925],[135.600024,-34.876822],[135.60451,-34.878653],[135.602828,-34.883436],[135.604384,-34.88462],[135.604939,-34.891659],[135.614464,-34.892711],[135.614271,-34.895634],[135.618579,-34.898788],[135.618125,-34.904624],[135.624052,-34.906345],[135.622887,-34.91121],[135.624355,-34.915727],[135.622279,-34.916254],[135.621615,-34.919267],[135.616526,-34.918765],[135.617009,-34.921306],[135.614728,-34.924461],[135.615907,-34.925268],[135.618014,-34.921213],[135.619478,-34.923099],[135.621864,-34.922704],[135.619988,-34.927658],[135.621157,-34.931012],[135.618347,-34.932766],[135.619747,-34.936873],[135.619256,-34.944644],[135.622469,-34.942055],[135.624028,-34.945935],[135.626325,-34.946438],[135.629883,-34.941703],[135.634618,-34.941203],[135.635836,-34.942848],[135.639526,-34.94279],[135.640003,-34.937112],[135.65134,-34.9377],[135.653569,-34.936349],[135.656176,-34.938443],[135.664731,-34.940316],[135.66797,-34.942541],[135.668674,-34.946709],[135.670564,-34.946715],[135.671001,-34.943418],[135.673625,-34.942624],[135.677105,-34.945246],[135.681028,-34.944253],[135.684601,-34.945847],[135.690351,-34.938676],[135.686914,-34.936008],[135.688671,-34.932889],[135.686496,-34.929706],[135.688412,-34.923296],[135.67922,-34.913692],[135.682007,-34.910298],[135.686651,-34.908585],[135.691961,-34.913908],[135.692486,-34.910281],[135.695776,-34.906066],[135.701053,-34.905171],[135.703763,-34.907692],[135.705745,-34.905723],[135.703661,-34.901688],[135.704893,-34.896626],[135.707756,-34.895205],[135.707784,-34.874362],[135.712457,-34.86525],[135.718669,-34.864386],[135.721875,-34.861485],[135.735749,-34.857861],[135.75184,-34.856136],[135.763375,-34.856693],[135.802167,-34.86306],[135.847056,-34.880883],[135.850727,-34.886666],[135.853763,-34.886636],[135.855094,-34.889463],[135.852254,-34.891519],[135.859337,-34.899339],[135.855682,-34.906602],[135.855839,-34.914933],[135.852564,-34.920179],[135.855192,-34.926409],[135.858024,-34.926721],[135.859752,-34.92234],[135.863714,-34.919306],[135.870175,-34.920598],[135.871188,-34.924039],[135.873948,-34.922107],[135.878243,-34.924621],[135.880164,-34.929124],[135.893163,-34.930913],[135.909577,-34.936755],[135.919354,-34.941955],[135.919873,-34.945102],[135.923617,-34.945279],[135.928884,-34.948281],[135.932437,-34.952862],[135.927522,-34.95959],[135.931676,-34.970791],[135.934593,-34.973521],[135.942879,-34.973853],[135.947075,-34.975593],[135.948507,-34.981294],[135.946423,-34.981875],[135.945051,-34.985091],[135.941344,-34.985789],[135.944979,-34.990733],[135.94317,-34.99144],[135.944484,-34.996212],[135.94311,-34.997753],[135.94339,-35.002941],[135.947144,-35.005369],[135.95447,-35.006338],[135.958702,-35.004598],[135.960535,-35.005312],[135.95834,-34.997191],[135.95951,-34.992306],[135.970824,-34.990438],[135.976587,-34.994643],[135.984089,-34.989437],[135.986538,-34.98207],[135.991548,-34.980159],[135.99411,-34.980108],[135.995384,-34.982829],[136.002721,-34.985783],[136.002434,-34.981882],[136.004596,-34.979867],[136.00322,-34.979713],[136.002933,-34.976111],[136.000697,-34.974635],[135.998648,-34.969362],[135.99798,-34.95922],[135.991576,-34.962665],[135.987282,-34.958567],[135.989849,-34.954287],[135.988498,-34.95266],[135.992396,-34.948845],[135.992993,-34.9449],[135.991452,-34.942519],[135.989651,-34.943519],[135.986403,-34.941057],[135.985854,-34.93696],[135.988969,-34.930248],[135.991526,-34.931453],[135.993156,-34.930205],[135.992189,-34.926016],[135.989622,-34.920927],[135.986919,-34.919961],[135.987061,-34.918205],[135.984694,-34.916593],[135.987097,-34.912027],[135.986187,-34.909253],[135.976125,-34.906364],[135.975309,-34.902311],[135.97691,-34.895303],[135.971259,-34.891504],[135.972787,-34.886095],[135.962678,-34.875436],[135.960524,-34.862691],[135.961266,-34.851486],[135.95996,-34.848587],[135.965116,-34.84128],[135.983586,-34.82888],[135.988336,-34.826968],[135.99353,-34.827777],[136.000734,-34.815703],[136.002962,-34.807606],[136.008475,-34.805681],[136.003733,-34.801739],[136.004314,-34.798797],[136.008136,-34.794761],[136.013853,-34.795869],[136.015791,-34.794203],[136.010476,-34.793598],[136.007352,-34.791125],[136.005176,-34.792057],[136.001935,-34.787249],[136.003424,-34.775357],[136.010794,-34.763394],[136.01305,-34.762507],[136.012698,-34.757828],[136.01434,-34.7565],[136.012743,-34.752996],[136.009487,-34.751758],[136.010915,-34.743303],[136.006539,-34.735925],[136.001935,-34.736181],[136.000336,-34.733662],[135.997425,-34.73338],[135.9951,-34.725312],[135.990244,-34.72812],[135.984187,-34.726907],[135.979251,-34.730488],[135.980674,-34.734852],[135.985746,-34.734893],[135.987495,-34.736764],[135.988775,-34.740804],[135.986329,-34.744802],[135.990834,-34.74707],[135.991268,-34.750334],[135.98948,-34.755684],[135.987277,-34.75696],[135.985041,-34.756127],[135.983641,-34.757839],[135.986521,-34.75922],[135.986993,-34.764192],[135.990076,-34.76944],[135.988841,-34.773599],[135.984317,-34.777299],[135.985322,-34.780254],[135.98355,-34.783217],[135.98061,-34.784604],[135.967705,-34.786232],[135.960872,-34.783803],[135.96233,-34.772626],[135.960502,-34.767042],[135.956754,-34.763697],[135.957531,-34.759436],[135.956404,-34.757134],[135.954311,-34.758056],[135.953018,-34.762566],[135.949631,-34.765646],[135.946695,-34.76524],[135.938621,-34.769581],[135.932726,-34.767494],[135.928903,-34.768811],[135.921951,-34.782973],[135.916142,-34.787047],[135.911842,-34.786017],[135.910639,-34.790118],[135.905341,-34.792406],[135.902675,-34.798094],[135.897059,-34.804461],[135.88112,-34.808288],[135.86062,-34.807445],[135.856102,-34.812607],[135.846563,-34.813423],[135.842794,-34.817418],[135.83438,-34.818994],[135.80542,-34.813113],[135.798571,-34.813743],[135.794116,-34.810776],[135.789283,-34.812383],[135.786918,-34.811406],[135.785787,-34.80873],[135.789807,-34.802914],[135.802809,-34.794],[135.802743,-34.790678],[135.809767,-34.782076],[135.828366,-34.767188]]],[[[136.318003,-34.655804],[136.321559,-34.65457],[136.318723,-34.653712],[136.318003,-34.655804]]]]}},{"type":"Feature","properties":{"code":"AU-LGA-43790","name":"Loxton Waikerie","label":"Loxton Waikerie","type":"Local government area","parentCode":"AU-SA"},"geometry":{"type":"Polygon","coordinates":[[[139.758837,-34.606935],[139.767869,-34.609008],[139.841148,-34.612984],[139.857732,-34.612203],[139.883653,-34.608056],[139.898784,-34.610097],[139.914384,-34.614414],[139.9287,-34.613618],[139.967661,-34.620452],[140.064204,-34.599638],[140.064239,-34.575445],[140.101678,-34.575476],[140.154094,-34.565095],[140.188176,-34.565105],[140.187986,-34.660728],[140.177199,-34.661398],[140.177099,-34.694674],[140.36759,-34.69451],[140.367226,-34.870015],[140.42966,-34.87017],[140.429924,-35.019258],[140.514087,-35.019454],[140.535832,-35.017397],[140.540584,-35.018716],[140.562028,-35.01727],[140.572165,-35.018838],[140.594566,-35.018155],[140.607324,-35.016688],[140.607304,-35.003332],[140.630325,-35.000064],[140.639714,-35.002058],[140.643285,-35.000123],[140.648346,-35.001113],[140.656656,-34.998513],[140.676284,-34.996309],[140.704165,-34.988845],[140.760415,-34.99137],[140.773928,-34.988724],[140.786461,-34.996737],[140.795969,-34.986651],[140.80472,-34.987493],[140.80889,-34.98996],[140.811289,-34.993927],[140.81351,-34.99326],[140.822935,-34.998423],[140.827813,-35.003793],[140.840497,-35.007891],[140.858715,-35.004861],[140.874547,-35.007424],[140.891983,-35.005567],[140.920275,-35.00778],[140.949948,-35.006026],[140.965628,-35.008244],[140.963545,-34.322779],[140.599544,-34.32309],[140.59858,-34.325927],[140.593017,-34.325219],[140.573114,-34.328562],[140.570497,-34.332434],[140.576803,-34.342437],[140.576108,-34.345728],[140.572107,-34.346901],[140.565505,-34.345941],[140.554973,-34.341982],[140.552648,-34.342973],[140.551917,-34.345347],[140.562428,-34.349891],[140.566625,-34.355645],[140.577249,-34.356472],[140.576726,-34.359198],[140.566513,-34.360453],[140.564754,-34.363399],[140.5685,-34.36584],[140.575626,-34.364149],[140.579486,-34.373017],[140.583057,-34.372645],[140.586072,-34.364304],[140.588544,-34.362659],[140.592523,-34.362582],[140.596828,-34.366359],[140.59689,-34.372232],[140.591555,-34.378135],[140.592742,-34.382698],[140.596625,-34.385193],[140.593825,-34.390278],[140.567212,-34.394929],[140.561823,-34.3988],[140.565732,-34.403484],[140.566056,-34.408865],[140.567913,-34.411306],[140.576729,-34.413378],[140.585132,-34.411022],[140.588292,-34.413698],[140.590983,-34.417732],[140.587973,-34.427801],[140.583329,-34.433882],[140.572265,-34.435855],[140.571008,-34.437637],[140.572891,-34.443255],[140.565677,-34.447349],[140.547639,-34.446712],[140.545758,-34.449003],[140.547297,-34.452825],[140.536713,-34.456061],[140.532272,-34.454586],[140.529317,-34.451656],[140.526041,-34.452738],[140.526654,-34.456313],[140.515707,-34.453459],[140.498147,-34.440376],[140.495511,-34.422414],[140.495911,-34.410308],[140.492531,-34.407109],[140.485282,-34.406242],[140.482475,-34.403739],[140.482948,-34.400465],[140.48956,-34.395818],[140.48809,-34.392656],[140.48353,-34.391265],[140.481825,-34.389087],[140.487527,-34.386929],[140.48742,-34.383034],[140.474094,-34.376978],[140.468371,-34.377523],[140.460148,-34.38118],[140.447424,-34.379683],[140.439838,-34.38425],[140.435941,-34.393874],[140.431151,-34.397361],[140.417227,-34.382627],[140.399076,-34.359579],[140.391635,-34.338807],[140.37952,-34.325483],[140.378942,-34.32027],[140.383415,-34.313229],[140.383799,-34.306711],[140.372684,-34.291428],[140.36686,-34.280405],[140.370095,-34.26952],[140.376858,-34.263271],[140.382647,-34.262437],[140.393725,-34.266034],[140.398057,-34.263087],[140.395595,-34.256567],[140.385565,-34.250245],[140.386204,-34.247398],[140.392985,-34.24405],[140.394787,-34.239357],[140.389528,-34.235039],[140.380636,-34.234857],[140.379388,-34.23207],[140.374686,-34.229112],[140.366874,-34.230886],[140.366205,-34.229123],[140.368687,-34.224328],[140.367951,-34.221247],[140.362805,-34.215202],[140.356285,-34.215615],[140.349353,-34.21988],[140.345052,-34.218685],[140.346326,-34.212588],[140.360072,-34.205595],[140.364261,-34.199866],[140.363954,-34.194609],[140.356649,-34.186964],[140.344081,-34.186465],[140.33883,-34.182346],[140.340957,-34.175248],[140.350398,-34.171454],[140.349839,-34.167587],[140.337326,-34.163875],[140.33516,-34.16085],[140.335623,-34.156683],[140.33439,-34.155036],[140.330239,-34.154914],[140.306813,-34.173054],[140.293376,-34.186802],[140.282469,-34.183804],[140.27068,-34.174848],[140.255679,-34.169433],[140.245298,-34.173185],[140.235369,-34.180632],[140.216214,-34.174057],[140.216254,-34.055171],[140.055264,-34.057143],[140.053261,-33.959653],[140.0448,-33.952414],[139.997118,-33.948533],[139.983611,-33.931921],[139.980044,-33.944297],[139.916663,-33.943957],[139.916565,-34.007866],[139.900856,-34.024275],[139.857421,-34.024348],[139.857593,-34.1587],[139.65925,-34.15919],[139.659153,-34.165698],[139.651249,-34.170691],[139.649977,-34.185921],[139.646572,-34.197392],[139.638887,-34.209013],[139.633874,-34.213476],[139.641286,-34.236069],[139.632932,-34.248104],[139.631995,-34.25893],[139.623871,-34.265195],[139.630034,-34.274856],[139.640221,-34.277671],[139.640846,-34.284398],[139.63835,-34.286758],[139.632397,-34.287812],[139.636655,-34.296156],[139.645322,-34.299195],[139.639007,-34.308624],[139.628888,-34.315957],[139.61775,-34.329914],[139.616944,-34.351646],[139.620204,-34.355941],[139.62881,-34.360581],[139.630062,-34.362945],[139.620805,-34.390311],[139.617095,-34.396268],[139.615295,-34.417007],[139.610588,-34.428931],[139.611437,-34.4435],[139.609622,-34.451675],[139.610128,-34.459495],[139.607975,-34.465688],[139.60225,-34.47116],[139.600622,-34.47643],[139.756976,-34.476817],[139.756456,-34.494161],[139.758225,-34.495963],[139.757271,-34.50128],[139.758678,-34.510495],[139.758837,-34.606935]]]}},{"type":"Feature","properties":{"code":"AU-LGA-44000","name":"Maralinga Tjarutja","label":"Maralinga Tjarutja","type":"Local government area","parentCode":"AU-SA"},"geometry":{"type":"Polygon","coordinates":[[[132.993865,-28.117361],[132.002145,-28.120006],[131.00108,-28.116828],[129.001882,-28.115898],[129.001928,-30.763668],[129.096576,-30.751184],[129.509762,-30.708515],[129.509007,-30.703108],[129.517338,-30.702239],[129.518093,-30.707646],[130.39591,-30.612017],[130.394282,-30.601219],[130.416115,-30.598755],[130.417745,-30.609552],[130.985647,-30.543952],[131.628866,-30.466314],[131.798378,-30.463178],[131.846433,-30.453655],[131.869073,-30.458931],[131.878245,-30.463202],[131.892463,-30.465095],[131.898322,-30.463351],[131.908571,-30.463594],[131.938721,-30.471786],[131.949228,-30.472428],[131.953729,-30.474331],[131.96052,-30.473347],[131.967002,-30.475532],[131.974014,-30.475341],[131.99385,-30.467197],[132.003589,-30.470083],[132.009743,-30.46934],[132.016247,-30.470915],[132.023652,-30.468264],[132.027782,-30.46849],[132.07259,-30.478487],[132.077404,-30.477464],[132.082683,-30.473766],[132.091964,-30.472432],[132.110558,-30.481916],[132.121705,-30.480488],[132.129701,-30.484519],[132.135115,-30.485247],[132.155385,-30.497939],[132.168742,-30.500753],[132.176881,-30.504177],[132.189449,-30.501134],[132.200165,-30.500819],[132.233852,-30.505813],[132.247828,-30.504421],[132.257965,-30.502875],[132.267006,-30.497436],[132.313064,-30.492176],[132.320653,-30.488251],[132.33276,-30.488955],[132.355589,-30.48576],[132.367917,-30.486986],[132.389524,-30.485069],[132.402305,-30.486279],[132.41271,-30.482355],[132.438138,-30.482208],[132.479159,-30.48588],[132.493038,-30.491999],[132.514713,-30.492764],[132.524312,-30.495499],[132.535339,-30.493792],[132.543964,-30.496482],[132.54974,-30.495426],[132.57094,-30.499393],[132.586536,-30.506355],[132.620564,-30.508985],[132.634904,-30.513793],[132.648101,-30.513975],[132.658862,-30.516842],[132.660093,-30.513377],[132.666086,-30.514974],[132.664854,-30.518439],[132.691125,-30.524279],[132.695851,-30.528385],[132.702576,-30.531214],[132.707169,-30.535857],[132.719821,-30.540016],[132.730414,-30.542901],[132.735775,-30.540514],[132.744969,-30.540153],[132.765072,-30.549891],[132.772322,-30.549745],[132.778969,-30.552022],[132.78511,-30.548822],[132.793491,-30.551956],[132.808547,-30.553876],[132.817714,-30.561916],[132.826531,-30.563286],[132.838389,-30.570067],[132.847874,-30.573148],[132.858556,-30.571067],[132.864465,-30.572641],[132.888742,-30.571271],[132.90845,-30.572175],[132.915835,-30.568293],[132.932143,-30.568423],[132.947649,-30.563516],[132.964779,-30.566884],[132.969965,-30.566012],[132.978405,-30.568691],[133.000292,-30.568268],[133.005799,-30.569475],[133.006483,-30.486993],[133.002789,-30.486762],[132.993865,-28.117361]]]}},{"type":"Feature","properties":{"code":"AU-LGA-44060","name":"Marion","label":"Marion","type":"Local government area","parentCode":"AU-SA"},"geometry":{"type":"Polygon","coordinates":[[[138.537788,-34.975925],[138.529099,-34.979411],[138.529662,-34.98693],[138.52372,-34.987227],[138.526727,-34.991421],[138.53081,-34.991133],[138.529947,-34.99571],[138.533483,-35.037157],[138.524527,-35.037449],[138.52472,-35.0404],[138.515442,-35.042188],[138.511796,-35.040923],[138.50847,-35.044053],[138.502553,-35.060641],[138.495317,-35.074256],[138.495578,-35.080752],[138.493575,-35.084595],[138.485695,-35.09088],[138.48941,-35.090991],[138.492839,-35.09331],[138.495575,-35.090604],[138.538624,-35.08886],[138.543578,-35.08507],[138.55387,-35.071507],[138.555225,-35.064477],[138.559695,-35.060253],[138.560516,-35.036737],[138.556067,-35.031286],[138.558872,-35.026461],[138.576176,-35.011014],[138.572306,-34.958452],[138.537788,-34.975925]]]}},{"type":"Feature","properties":{"code":"AU-LGA-44210","name":"Mid Murray","label":"Mid Murray","type":"Local government area","parentCode":"AU-SA"},"geometry":{"type":"Polygon","coordinates":[[[139.041781,-34.815324],[139.043973,-34.815895],[139.043582,-34.817179],[139.037333,-34.82328],[139.030695,-34.82518],[139.025081,-34.823344],[139.01629,-34.830957],[139.010207,-34.832329],[139.003429,-34.831216],[139.001901,-34.832375],[139.002983,-34.838511],[139.006923,-34.841259],[139.005697,-34.846918],[139.001918,-34.850858],[139.003924,-34.854684],[139.003069,-34.856856],[139.009481,-34.864671],[138.99905,-34.870108],[138.998933,-34.872723],[138.991591,-34.874768],[138.989432,-34.87899],[138.975167,-34.877564],[138.980768,-34.882959],[138.975129,-34.894811],[139.171774,-35.005922],[139.173336,-34.995887],[139.177506,-34.995594],[139.180267,-34.992165],[139.179362,-34.980818],[139.327021,-34.981268],[139.327703,-34.986865],[139.330052,-34.990625],[139.350814,-35.006185],[139.36004,-35.015934],[139.366866,-35.030529],[139.376261,-35.029269],[139.391427,-35.029975],[139.391441,-35.02384],[139.465676,-35.02391],[139.465873,-34.966861],[139.619909,-34.966906],[139.619903,-34.896006],[139.623765,-34.89303],[139.634789,-34.891936],[139.633046,-34.886807],[139.639955,-34.886156],[139.644358,-34.883159],[139.643414,-34.878816],[139.635539,-34.871145],[139.633737,-34.867329],[139.759697,-34.867506],[139.758678,-34.510495],[139.757271,-34.50128],[139.758225,-34.495963],[139.756456,-34.494161],[139.756976,-34.476817],[139.600622,-34.47643],[139.60225,-34.47116],[139.607975,-34.465688],[139.610128,-34.459495],[139.609622,-34.451675],[139.611437,-34.4435],[139.610588,-34.428931],[139.615295,-34.417007],[139.617095,-34.396268],[139.620805,-34.390311],[139.630062,-34.362945],[139.62881,-34.360581],[139.620204,-34.355941],[139.616944,-34.351646],[139.61775,-34.329914],[139.628888,-34.315957],[139.639007,-34.308624],[139.645322,-34.299195],[139.636655,-34.296156],[139.632397,-34.287812],[139.63835,-34.286758],[139.640846,-34.284398],[139.640221,-34.277671],[139.630034,-34.274856],[139.623871,-34.265195],[139.631995,-34.25893],[139.632932,-34.248104],[139.641025,-34.23695],[139.633874,-34.213476],[139.638887,-34.209013],[139.646572,-34.197392],[139.649977,-34.185921],[139.651249,-34.170691],[139.659153,-34.165698],[139.65925,-34.15919],[139.857593,-34.1587],[139.857084,-33.875303],[139.699235,-33.875181],[139.699991,-33.800582],[139.355941,-33.802999],[139.356727,-34.126085],[139.358046,-34.175425],[139.351104,-34.20917],[139.350791,-34.319332],[139.264247,-34.319351],[139.264381,-34.295819],[139.214688,-34.310816],[139.209276,-34.31008],[139.199646,-34.312108],[139.191143,-34.32139],[139.171582,-34.326893],[139.168312,-34.325736],[139.162763,-34.327105],[139.155483,-34.332454],[139.155842,-34.335187],[139.148474,-34.333012],[139.105045,-34.330016],[139.106055,-34.331977],[139.104379,-34.334382],[139.10743,-34.337128],[139.110418,-34.348168],[139.113801,-34.348379],[139.116783,-34.351712],[139.11279,-34.361871],[139.115133,-34.364392],[139.114203,-34.373174],[139.112257,-34.378891],[139.108688,-34.382375],[139.103555,-34.382488],[139.098351,-34.385503],[139.098387,-34.392983],[139.096257,-34.394545],[139.093772,-34.400992],[139.100141,-34.404042],[139.098875,-34.409693],[139.100307,-34.411192],[139.107656,-34.412914],[139.105599,-34.419001],[139.112227,-34.429544],[139.109781,-34.432285],[139.112561,-34.434252],[139.111199,-34.436182],[139.111957,-34.438769],[139.113753,-34.43818],[139.117439,-34.440988],[139.128081,-34.443562],[139.130975,-34.446202],[139.131161,-34.450937],[139.135398,-34.451114],[139.137846,-34.456478],[139.143326,-34.458143],[139.148396,-34.462371],[139.151312,-34.462408],[139.149809,-34.46526],[139.153523,-34.465501],[139.156396,-34.468187],[139.163818,-34.47895],[139.167547,-34.480179],[139.170068,-34.478113],[139.171934,-34.483346],[139.162142,-34.485873],[139.15977,-34.492066],[139.156465,-34.493557],[139.15643,-34.499095],[139.159097,-34.500942],[139.154939,-34.506071],[139.154947,-34.508623],[139.150095,-34.508273],[139.146077,-34.5108],[139.13491,-34.508663],[139.126265,-34.526367],[139.111774,-34.535719],[139.113632,-34.539592],[139.109465,-34.548804],[139.110569,-34.555574],[139.108723,-34.558731],[139.104734,-34.559802],[139.10588,-34.562699],[139.103262,-34.564889],[139.100726,-34.564851],[139.096251,-34.580525],[139.098275,-34.581429],[139.098223,-34.583464],[139.106218,-34.593572],[139.102729,-34.598018],[139.104273,-34.600865],[139.101814,-34.603975],[139.10334,-34.610238],[139.101006,-34.612879],[139.103141,-34.620621],[139.162632,-34.621109],[139.157552,-34.632603],[139.159152,-34.640469],[139.157992,-34.647479],[139.161374,-34.654362],[139.161197,-34.661139],[139.16457,-34.670509],[139.165978,-34.685007],[139.169362,-34.690975],[139.169057,-34.706714],[139.167185,-34.709506],[139.161505,-34.704567],[139.158097,-34.705752],[139.158763,-34.712838],[139.155502,-34.722524],[139.150695,-34.768509],[139.141572,-34.767843],[139.136987,-34.769853],[139.138416,-34.762944],[139.087012,-34.759231],[139.086245,-34.766318],[139.084837,-34.765299],[139.083898,-34.768853],[139.081425,-34.768344],[139.075946,-34.77334],[139.080542,-34.776818],[139.065504,-34.791152],[139.067187,-34.792366],[139.058656,-34.800182],[139.055928,-34.798182],[139.045322,-34.807846],[139.043927,-34.813309],[139.041781,-34.815324]]]}},{"type":"Feature","properties":{"code":"AU-LGA-44340","name":"Mitcham","label":"Mitcham","type":"Local government area","parentCode":"AU-SA"},"geometry":{"type":"Polygon","coordinates":[[[138.562966,-35.023281],[138.563627,-35.029633],[138.570064,-35.032476],[138.572257,-35.035017],[138.570714,-35.036058],[138.57112,-35.037896],[138.584324,-35.036898],[138.587461,-35.040522],[138.596649,-35.045673],[138.599052,-35.049394],[138.603663,-35.047617],[138.609531,-35.050453],[138.612404,-35.046735],[138.615254,-35.047133],[138.623956,-35.04313],[138.626182,-35.039619],[138.62359,-35.036353],[138.629794,-35.031787],[138.64154,-35.037218],[138.652497,-35.035429],[138.655231,-35.037621],[138.656285,-35.036379],[138.66022,-35.037723],[138.66323,-35.036495],[138.66318,-35.03506],[138.664808,-35.036526],[138.665521,-35.034513],[138.670001,-35.033142],[138.67124,-35.030742],[138.675553,-35.031322],[138.675872,-35.029399],[138.671645,-35.025992],[138.675592,-35.015594],[138.681394,-35.007445],[138.677076,-35.007311],[138.680028,-35.000408],[138.676088,-34.999967],[138.677612,-34.998989],[138.675248,-34.990653],[138.671226,-34.989473],[138.673759,-34.985263],[138.669411,-34.985785],[138.665178,-34.981649],[138.675346,-34.974473],[138.671508,-34.974333],[138.671366,-34.96791],[138.668499,-34.96703],[138.652443,-34.97282],[138.648018,-34.965592],[138.644081,-34.963312],[138.57299,-34.967253],[138.576176,-35.011014],[138.562966,-35.023281]]]}},{"type":"Feature","properties":{"code":"AU-LGA-44550","name":"Mount Barker","label":"Mount Barker","type":"Local government area","parentCode":"AU-SA"},"geometry":{"type":"Polygon","coordinates":[[[138.694707,-35.120655],[138.704222,-35.152013],[138.713398,-35.153701],[138.697265,-35.179449],[138.699902,-35.210466],[138.696294,-35.210549],[138.705411,-35.219426],[138.712203,-35.22218],[138.715012,-35.226578],[138.721229,-35.228196],[138.72776,-35.227757],[138.726192,-35.230055],[138.740313,-35.238245],[138.741678,-35.236649],[138.752703,-35.237609],[138.759685,-35.242059],[138.774512,-35.243298],[138.781429,-35.235621],[138.784977,-35.228525],[138.785931,-35.223635],[138.782979,-35.213756],[138.794792,-35.214397],[138.795369,-35.209435],[138.797808,-35.206463],[138.800719,-35.206694],[138.803518,-35.204364],[138.805832,-35.198258],[138.811339,-35.19882],[138.814277,-35.197447],[138.817695,-35.201316],[138.828725,-35.205577],[138.832225,-35.200177],[138.833099,-35.192361],[138.838561,-35.196074],[138.856671,-35.196402],[138.858272,-35.184541],[138.874056,-35.185619],[138.877355,-35.183759],[138.888473,-35.16324],[138.887419,-35.159659],[138.894911,-35.156607],[138.892401,-35.154085],[138.89206,-35.145553],[138.902388,-35.146554],[138.909467,-35.140864],[138.917518,-35.137452],[138.923473,-35.144105],[138.929949,-35.146902],[138.929297,-35.144867],[138.933147,-35.139187],[138.94184,-35.136578],[138.949415,-35.12521],[138.9503,-35.118333],[138.955485,-35.112879],[138.958254,-35.115177],[138.959976,-35.113147],[138.959632,-35.115802],[138.966789,-35.120353],[138.970286,-35.119721],[138.972418,-35.11647],[138.976876,-35.122084],[138.978991,-35.122153],[138.98063,-35.119886],[138.983529,-35.123723],[138.980708,-35.126234],[138.981045,-35.127653],[138.982844,-35.126828],[138.984588,-35.128121],[138.985504,-35.125609],[138.986855,-35.126021],[138.986649,-35.128759],[138.99171,-35.12708],[138.994734,-35.129493],[138.995302,-35.126595],[138.998909,-35.127349],[139.000586,-35.129742],[139.003115,-35.126581],[139.003642,-35.132209],[139.010443,-35.132601],[139.011264,-35.130668],[139.013403,-35.132828],[139.017807,-35.132786],[139.016391,-35.135515],[139.023377,-35.136197],[139.023725,-35.139531],[139.027428,-35.138767],[139.030469,-35.129833],[139.032625,-35.130261],[139.035473,-35.124192],[139.03722,-35.12338],[139.036904,-35.120797],[139.040573,-35.117951],[139.040929,-35.114977],[139.042925,-35.114888],[139.044037,-35.111599],[139.040628,-35.103219],[139.042386,-35.096875],[139.036832,-35.095405],[139.039195,-35.089404],[139.037407,-35.086936],[139.038099,-35.084626],[139.034937,-35.082429],[139.03639,-35.078302],[139.031831,-35.073656],[139.034401,-35.068813],[139.030959,-35.065994],[139.033603,-35.064349],[139.029016,-35.06147],[139.031769,-35.052365],[139.029517,-35.048597],[139.033362,-35.040338],[139.031076,-35.033373],[139.032826,-35.031024],[139.033041,-35.026121],[139.036552,-35.025217],[139.035827,-35.022966],[139.037387,-35.021123],[139.03559,-35.016223],[139.03758,-35.013453],[139.034889,-35.011687],[139.035902,-35.00959],[139.031243,-35.00183],[139.035367,-34.998495],[139.034418,-34.99479],[139.036743,-34.995314],[139.035159,-34.990872],[139.036924,-34.984082],[139.041203,-34.976609],[139.039222,-34.972928],[139.036812,-34.973808],[139.034957,-34.970706],[139.037956,-34.969706],[139.032419,-34.967108],[139.028924,-34.96729],[139.027506,-34.963692],[139.028511,-34.957029],[139.026386,-34.956842],[139.026752,-34.95513],[139.022047,-34.952496],[139.019379,-34.952611],[139.020392,-34.948819],[139.034964,-34.928674],[138.975129,-34.894811],[138.972948,-34.896009],[138.975164,-34.9002],[138.972786,-34.905059],[138.9688,-34.907522],[138.966052,-34.914794],[138.971349,-34.923424],[138.966807,-34.924791],[138.96488,-34.929573],[138.960795,-34.932193],[138.961042,-34.93636],[138.963259,-34.939923],[138.961108,-34.943397],[138.961237,-34.947535],[138.963383,-34.951775],[138.961327,-34.956593],[138.955491,-34.962956],[138.955264,-34.96772],[138.95849,-34.971378],[138.952174,-34.979938],[138.944248,-34.980698],[138.943139,-34.983122],[138.942022,-34.980884],[138.937652,-34.982164],[138.938451,-34.983807],[138.922783,-34.984922],[138.916047,-34.987181],[138.90932,-34.992844],[138.901577,-34.992797],[138.898625,-34.994185],[138.896351,-35.003709],[138.893558,-35.004284],[138.891085,-35.007772],[138.876294,-35.010285],[138.869747,-35.019805],[138.863558,-35.025489],[138.864552,-35.026914],[138.859501,-35.02923],[138.855855,-35.02511],[138.853733,-35.029617],[138.85024,-35.031639],[138.839377,-35.015767],[138.828569,-35.017809],[138.825189,-35.021525],[138.822883,-35.01823],[138.8206,-35.019359],[138.808854,-35.003179],[138.799581,-35.008433],[138.794752,-35.007199],[138.792129,-35.012472],[138.788612,-35.010614],[138.787618,-35.012314],[138.788924,-35.014425],[138.787251,-35.016916],[138.791654,-35.019034],[138.788777,-35.024731],[138.783443,-35.023538],[138.778759,-35.027043],[138.779489,-35.03022],[138.774957,-35.039535],[138.770933,-35.041625],[138.764761,-35.049956],[138.758011,-35.051075],[138.759686,-35.05664],[138.755618,-35.05426],[138.756291,-35.064745],[138.75996,-35.067039],[138.755487,-35.067754],[138.75558,-35.07025],[138.750909,-35.072791],[138.750865,-35.067446],[138.745936,-35.068159],[138.744641,-35.070913],[138.737394,-35.068642],[138.735433,-35.070984],[138.7388,-35.07257],[138.738698,-35.074881],[138.73566,-35.075473],[138.737467,-35.079068],[138.733436,-35.077282],[138.728443,-35.078605],[138.726866,-35.082757],[138.719058,-35.079415],[138.720998,-35.083137],[138.716824,-35.084262],[138.715326,-35.086762],[138.721149,-35.087526],[138.72133,-35.090734],[138.718992,-35.091044],[138.720814,-35.092481],[138.72013,-35.097986],[138.717379,-35.099694],[138.716909,-35.105148],[138.712138,-35.111016],[138.716405,-35.114591],[138.713052,-35.115246],[138.712808,-35.117926],[138.710152,-35.11985],[138.703902,-35.119523],[138.698518,-35.121547],[138.694707,-35.120655]]]}},{"type":"Feature","properties":{"code":"AU-LGA-44620","name":"Mount Gambier","label":"Mount Gambier","type":"Local government area","parentCode":"AU-SA"},"geometry":{"type":"Polygon","coordinates":[[[140.747806,-37.836123],[140.755729,-37.844972],[140.764071,-37.849387],[140.772047,-37.849323],[140.793271,-37.855066],[140.792935,-37.849186],[140.79806,-37.850773],[140.800416,-37.845947],[140.818891,-37.851672],[140.826203,-37.837215],[140.813931,-37.833295],[140.823864,-37.813817],[140.762811,-37.794279],[140.757809,-37.804072],[140.745542,-37.800144],[140.737619,-37.815764],[140.750442,-37.829848],[140.747806,-37.836123]]]}},{"type":"Feature","properties":{"code":"AU-LGA-44830","name":"Mount Remarkable","label":"Mount Remarkable","type":"Local government area","parentCode":"AU-SA"},"geometry":{"type":"Polygon","coordinates":[[[138.040134,-33.104837],[138.196133,-33.103949],[138.200323,-33.111292],[138.21073,-33.113127],[138.210836,-33.107293],[138.212998,-33.106355],[138.213011,-33.10389],[138.285149,-33.103662],[138.293051,-33.102014],[138.302683,-33.102065],[138.303198,-33.103603],[138.439456,-33.103078],[138.440144,-32.323228],[138.392508,-32.323097],[138.391189,-32.325816],[138.34315,-32.324002],[138.34306,-32.415162],[138.157162,-32.414821],[138.156694,-32.52705],[138.124655,-32.514448],[138.11295,-32.508601],[138.107598,-32.50393],[138.094582,-32.509657],[138.088546,-32.510376],[138.083726,-32.506271],[138.073284,-32.506407],[138.071374,-32.504696],[138.0706,-32.506358],[138.007508,-32.506764],[138.006246,-32.497137],[137.971067,-32.497335],[137.971069,-32.494866],[137.923021,-32.494588],[137.922951,-32.659999],[137.930881,-32.660024],[137.942639,-32.69344],[137.94306,-32.70207],[137.94099,-32.714386],[137.943759,-32.72558],[137.943018,-32.734534],[137.946636,-32.743082],[137.947678,-32.750791],[137.95569,-32.767734],[137.955521,-32.78134],[137.965241,-32.805839],[137.902461,-32.805664],[137.903506,-32.81729],[137.907728,-32.831628],[137.906708,-32.832119],[137.911578,-32.842717],[137.912329,-32.853473],[137.916084,-32.857027],[137.914692,-32.856273],[137.923203,-32.871199],[137.926433,-32.88022],[137.93427,-32.918725],[137.938166,-32.929771],[137.940052,-32.948232],[137.951501,-32.975041],[137.95664,-32.981377],[137.95519,-32.989144],[137.958345,-32.989419],[137.952652,-33.000187],[137.952089,-33.005997],[137.96431,-33.016467],[137.971521,-33.015739],[137.983032,-33.020141],[137.984769,-33.018434],[137.988816,-33.01907],[138.001364,-33.02396],[138.018791,-33.035608],[138.028221,-33.051077],[138.033346,-33.063461],[138.039994,-33.072542],[138.04595,-33.086686],[138.045024,-33.090845],[138.040844,-33.08984],[138.041101,-33.093266],[138.036036,-33.096336],[138.03926,-33.101143],[138.030642,-33.098357],[138.024446,-33.102311],[138.024637,-33.105767],[138.032964,-33.10691],[138.03551,-33.105795],[138.034228,-33.105564],[138.036359,-33.102947],[138.040134,-33.104837]]]}},{"type":"Feature","properties":{"code":"AU-LGA-45040","name":"Murray Bridge","label":"Murray Bridge","type":"Local government area","parentCode":"AU-SA"},"geometry":{"type":"Polygon","coordinates":[[[139.027428,-35.138767],[139.032716,-35.142168],[139.036353,-35.140325],[139.0388,-35.144235],[139.037892,-35.146185],[139.066694,-35.165922],[139.066444,-35.214851],[139.086079,-35.216615],[139.107624,-35.232353],[139.158319,-35.253472],[139.155229,-35.302847],[139.152554,-35.303781],[139.15513,-35.304448],[139.144716,-35.47169],[139.327834,-35.417254],[139.330448,-35.413547],[139.331932,-35.404059],[139.34355,-35.396036],[139.351627,-35.383087],[139.366217,-35.364652],[139.378233,-35.357408],[139.387966,-35.347791],[139.387696,-35.334668],[139.380373,-35.323841],[139.379346,-35.319715],[139.383388,-35.308548],[139.388763,-35.303768],[139.394592,-35.301178],[139.42826,-35.296363],[139.448464,-35.285456],[139.454392,-35.279589],[139.456732,-35.273791],[139.456368,-35.267649],[139.453408,-35.257972],[139.450007,-35.253783],[139.443643,-35.248105],[139.417044,-35.232677],[139.400138,-35.217381],[139.36125,-35.196914],[139.365316,-35.1878],[139.358447,-35.183082],[139.619935,-35.182948],[139.619923,-35.068485],[139.622432,-35.064213],[139.619922,-35.054733],[139.619909,-34.966906],[139.465873,-34.966861],[139.465676,-35.02391],[139.391441,-35.02384],[139.391427,-35.029975],[139.376261,-35.029269],[139.366866,-35.030529],[139.36004,-35.015934],[139.350814,-35.006185],[139.330052,-34.990625],[139.327703,-34.986865],[139.327021,-34.981268],[139.179362,-34.980818],[139.180267,-34.992165],[139.177506,-34.995594],[139.173336,-34.995887],[139.171774,-35.005922],[139.034964,-34.928674],[139.020392,-34.948819],[139.019379,-34.952611],[139.022047,-34.952496],[139.026752,-34.95513],[139.026386,-34.956842],[139.028511,-34.957029],[139.027506,-34.963692],[139.028924,-34.96729],[139.032419,-34.967108],[139.037956,-34.969706],[139.034957,-34.970706],[139.036812,-34.973808],[139.039222,-34.972928],[139.041203,-34.976609],[139.036924,-34.984082],[139.035159,-34.990872],[139.036743,-34.995314],[139.034418,-34.99479],[139.035367,-34.998495],[139.031243,-35.00183],[139.035902,-35.00959],[139.034889,-35.011687],[139.03758,-35.013453],[139.03559,-35.016223],[139.037387,-35.021123],[139.035827,-35.022966],[139.036552,-35.025217],[139.033041,-35.026121],[139.032826,-35.031024],[139.031076,-35.033373],[139.033362,-35.040338],[139.029517,-35.048597],[139.031769,-35.052365],[139.029016,-35.06147],[139.033603,-35.064349],[139.030959,-35.065994],[139.034401,-35.068813],[139.031831,-35.073656],[139.03639,-35.078302],[139.034937,-35.082429],[139.038099,-35.084626],[139.037407,-35.086936],[139.039195,-35.089404],[139.036832,-35.095405],[139.042386,-35.096875],[139.040628,-35.103219],[139.044037,-35.111599],[139.042925,-35.114888],[139.040929,-35.114977],[139.040573,-35.117951],[139.036904,-35.120797],[139.03722,-35.12338],[139.035473,-35.124192],[139.032625,-35.130261],[139.030469,-35.129833],[139.027428,-35.138767]]]}},{"type":"Feature","properties":{"code":"AU-LGA-45090","name":"Naracoorte Lucindale","label":"Naracoorte Lucindale","type":"Local government area","parentCode":"AU-SA"},"geometry":{"type":"Polygon","coordinates":[[[140.084535,-37.032453],[140.08385,-37.175946],[140.24288,-37.176139],[140.243533,-37.32125],[140.610055,-37.321822],[140.611902,-37.309687],[140.612012,-37.176024],[140.971553,-37.17853],[140.97189,-37.036058],[140.968907,-36.668964],[140.612106,-36.668961],[140.611924,-36.692492],[140.548672,-36.692632],[140.546895,-36.690613],[140.535699,-36.690632],[140.516605,-36.694485],[140.48604,-36.692397],[140.486941,-36.694581],[140.431433,-36.702416],[140.431454,-36.689965],[140.252186,-36.689332],[140.251666,-36.894001],[140.08499,-36.894057],[140.084535,-37.032453]]]}},{"type":"Feature","properties":{"code":"AU-LGA-45120","name":"Northern Areas","label":"Northern Areas","type":"Local government area","parentCode":"AU-SA"},"geometry":{"type":"Polygon","coordinates":[[[138.163744,-33.104042],[138.165373,-33.110641],[138.164663,-33.117063],[138.17028,-33.128468],[138.167331,-33.133139],[138.16726,-33.140136],[138.169995,-33.146307],[138.167612,-33.161085],[138.16949,-33.165739],[138.16728,-33.170423],[138.167725,-33.183221],[138.16999,-33.188408],[138.172928,-33.18836],[138.177337,-33.191789],[138.177345,-33.197845],[138.183951,-33.200064],[138.183221,-33.207999],[138.179843,-33.208752],[138.177482,-33.211414],[138.18477,-33.214255],[138.18425,-33.217224],[138.187696,-33.220275],[138.19673,-33.216169],[138.19887,-33.221089],[138.203382,-33.224887],[138.206078,-33.232571],[138.205217,-33.240017],[138.208252,-33.242541],[138.205171,-33.246704],[138.207344,-33.25592],[138.206151,-33.257481],[138.208022,-33.260554],[138.206987,-33.262318],[138.212357,-33.264323],[138.211656,-33.267374],[138.213208,-33.271241],[138.216968,-33.270975],[138.221219,-33.273272],[138.222858,-33.278708],[138.226654,-33.281632],[138.226906,-33.284779],[138.231195,-33.286219],[138.237863,-33.284465],[138.241371,-33.28676],[138.258979,-33.286293],[138.258788,-33.47297],[138.388913,-33.474432],[138.397851,-33.493682],[138.403305,-33.626027],[138.550655,-33.625877],[138.547937,-33.63228],[138.548861,-33.6351],[138.546643,-33.657112],[138.544498,-33.659134],[138.697482,-33.658648],[138.690841,-33.644725],[138.689911,-33.638177],[138.693592,-33.630756],[138.69284,-33.623177],[138.681309,-33.617736],[138.675057,-33.589328],[138.678755,-33.574441],[138.683486,-33.573068],[138.682187,-33.569433],[138.684099,-33.566842],[138.682255,-33.562837],[138.683991,-33.560749],[138.684038,-33.555677],[138.685946,-33.555155],[138.688715,-33.540491],[138.687989,-33.538008],[138.691239,-33.53672],[138.701521,-33.522644],[138.700916,-33.519738],[138.702024,-33.518008],[138.704042,-33.518421],[138.711723,-33.50784],[138.713332,-33.501375],[138.716187,-33.497817],[138.715624,-33.488096],[138.713333,-33.482973],[138.715074,-33.480897],[138.71501,-33.474972],[138.716996,-33.473228],[138.715892,-33.471901],[138.717917,-33.461288],[138.721787,-33.452059],[138.720287,-33.443502],[138.72556,-33.439187],[138.726055,-33.435637],[138.721098,-33.428957],[138.724417,-33.42645],[138.725136,-33.423197],[138.724538,-33.418582],[138.726466,-33.410645],[138.724734,-33.404062],[138.729491,-33.398583],[138.728997,-33.395157],[138.732406,-33.383834],[138.729619,-33.378115],[138.73326,-33.371831],[138.731089,-33.368527],[138.727504,-33.367132],[138.727292,-33.36267],[138.725624,-33.361233],[138.726937,-33.35947],[138.725553,-33.351877],[138.728162,-33.349053],[138.728639,-33.341453],[138.730694,-33.34149],[138.729844,-33.338258],[138.732303,-33.337125],[138.734333,-33.328531],[138.73346,-33.326479],[138.769808,-33.326126],[138.775058,-33.316268],[138.783443,-33.309031],[138.791168,-33.281628],[138.777525,-33.26865],[138.760981,-33.26473],[138.758259,-33.262166],[138.751861,-33.243928],[138.754139,-33.221037],[138.752801,-33.213395],[138.758205,-33.192542],[138.762661,-33.181565],[138.764168,-33.164907],[138.761784,-33.138587],[138.755862,-33.111476],[138.755852,-33.101374],[138.697891,-33.101749],[138.697882,-33.094455],[138.702923,-33.087797],[138.707031,-33.077927],[138.714179,-33.075415],[138.721466,-33.070556],[138.720671,-32.942327],[138.439202,-32.943305],[138.439456,-33.103078],[138.303198,-33.103603],[138.302683,-33.102065],[138.293051,-33.102014],[138.285149,-33.103662],[138.213011,-33.10389],[138.212998,-33.106355],[138.210836,-33.107293],[138.21073,-33.113127],[138.200323,-33.111292],[138.196133,-33.103949],[138.163744,-33.104042]]]}},{"type":"Feature","properties":{"code":"AU-LGA-45290","name":"Norwood Payneham and St Peters","label":"Norwood Payneham and St Peters","type":"Local government area","parentCode":"AU-SA"},"geometry":{"type":"Polygon","coordinates":[[[138.612833,-34.909491],[138.615726,-34.922577],[138.622999,-34.927766],[138.64148,-34.926966],[138.641936,-34.932972],[138.650778,-34.932594],[138.649796,-34.92056],[138.641016,-34.921004],[138.640525,-34.914788],[138.6583,-34.913899],[138.656935,-34.888732],[138.647812,-34.883011],[138.639494,-34.888046],[138.636114,-34.88704],[138.628305,-34.890025],[138.626622,-34.893752],[138.621528,-34.893589],[138.622292,-34.896299],[138.617983,-34.895719],[138.618584,-34.900833],[138.613896,-34.899693],[138.615288,-34.905212],[138.612833,-34.909491]]]}},{"type":"Feature","properties":{"code":"AU-LGA-45340","name":"Onkaparinga","label":"Onkaparinga","type":"Local government area","parentCode":"AU-SA"},"geometry":{"type":"Polygon","coordinates":[[[138.562966,-35.023281],[138.55861,-35.026751],[138.556067,-35.031286],[138.560516,-35.036737],[138.559863,-35.05983],[138.555225,-35.064477],[138.55387,-35.071507],[138.541468,-35.087422],[138.538624,-35.08886],[138.495575,-35.090604],[138.492839,-35.09331],[138.48941,-35.090991],[138.485695,-35.09088],[138.476788,-35.100262],[138.471768,-35.109713],[138.46907,-35.109417],[138.470807,-35.110278],[138.470904,-35.112489],[138.46742,-35.121521],[138.469757,-35.140355],[138.466491,-35.144092],[138.466475,-35.14747],[138.468625,-35.151085],[138.469948,-35.164363],[138.465737,-35.167034],[138.465398,-35.173363],[138.470612,-35.203299],[138.470882,-35.211562],[138.467532,-35.219343],[138.469744,-35.24041],[138.466944,-35.245336],[138.462206,-35.245399],[138.461436,-35.257957],[138.459918,-35.261531],[138.450477,-35.268886],[138.443865,-35.270819],[138.442137,-35.277877],[138.447732,-35.312482],[138.446677,-35.334151],[138.442977,-35.342527],[138.457624,-35.350233],[138.461947,-35.350282],[138.472169,-35.346238],[138.480098,-35.348791],[138.483318,-35.347796],[138.490726,-35.338476],[138.496472,-35.334045],[138.502215,-35.330283],[138.507171,-35.330748],[138.512886,-35.328027],[138.513136,-35.32365],[138.522335,-35.321786],[138.533539,-35.313591],[138.542061,-35.315199],[138.547362,-35.314207],[138.549329,-35.310738],[138.556648,-35.308166],[138.556907,-35.306337],[138.563799,-35.302946],[138.564826,-35.299786],[138.568656,-35.299788],[138.577775,-35.292289],[138.582224,-35.291091],[138.586017,-35.284521],[138.600076,-35.269563],[138.611583,-35.261156],[138.61354,-35.257439],[138.615146,-35.257448],[138.619471,-35.247933],[138.626671,-35.245289],[138.625669,-35.240795],[138.629771,-35.233774],[138.63491,-35.230832],[138.637472,-35.224918],[138.636499,-35.220018],[138.639827,-35.21615],[138.641451,-35.210706],[138.651919,-35.208261],[138.652918,-35.204802],[138.699902,-35.210466],[138.697265,-35.179449],[138.713398,-35.153701],[138.704222,-35.152013],[138.694707,-35.120655],[138.688643,-35.11855],[138.685845,-35.120128],[138.684827,-35.117794],[138.681999,-35.084768],[138.68422,-35.084579],[138.683813,-35.079658],[138.685435,-35.079596],[138.6835,-35.052469],[138.68627,-35.05134],[138.685234,-35.042014],[138.680179,-35.039275],[138.681824,-35.03819],[138.682492,-35.027515],[138.676491,-35.029184],[138.675142,-35.031512],[138.67124,-35.030742],[138.670001,-35.033142],[138.665521,-35.034513],[138.664808,-35.036526],[138.66318,-35.03506],[138.66323,-35.036495],[138.66022,-35.037723],[138.656285,-35.036379],[138.655231,-35.037621],[138.652497,-35.035429],[138.64154,-35.037218],[138.629794,-35.031787],[138.62359,-35.036353],[138.626182,-35.039619],[138.623956,-35.04313],[138.615254,-35.047133],[138.612404,-35.046735],[138.609531,-35.050453],[138.603663,-35.047617],[138.599052,-35.049394],[138.596649,-35.045673],[138.587461,-35.040522],[138.584324,-35.036898],[138.571249,-35.03799],[138.570714,-35.036058],[138.572257,-35.035017],[138.570064,-35.032476],[138.563627,-35.029633],[138.562966,-35.023281]]]}},{"type":"Feature","properties":{"code":"AU-LGA-45400","name":"Orroroo Carrieton","label":"Orroroo Carrieton","type":"Local government area","parentCode":"AU-SA"},"geometry":{"type":"Polygon","coordinates":[[[138.439202,-32.943305],[138.720671,-32.942327],[138.719549,-32.768241],[138.890079,-32.767447],[138.890062,-32.414563],[138.826492,-32.414685],[138.825392,-32.159713],[138.754519,-32.159603],[138.754546,-32.120285],[138.439502,-32.12099],[138.439202,-32.943305]]]}},{"type":"Feature","properties":{"code":"AU-LGA-45540","name":"Peterborough","label":"Peterborough","type":"Local government area","parentCode":"AU-SA"},"geometry":{"type":"Polygon","coordinates":[[[138.720671,-32.942327],[138.721466,-33.070556],[138.714179,-33.075415],[138.707031,-33.077927],[138.702923,-33.087797],[138.697882,-33.094455],[138.697891,-33.101749],[139.354296,-33.097595],[139.353527,-32.593955],[138.890154,-32.594654],[138.890079,-32.767447],[138.719549,-32.768241],[138.720671,-32.942327]]]}},{"type":"Feature","properties":{"code":"AU-LGA-45680","name":"Playford","label":"Playford","type":"Local government area","parentCode":"AU-SA"},"geometry":{"type":"Polygon","coordinates":[[[138.699294,-34.75478],[138.700795,-34.756242],[138.704865,-34.752626],[138.707632,-34.755644],[138.709399,-34.753379],[138.713075,-34.755915],[138.720024,-34.75545],[138.722793,-34.750741],[138.722312,-34.746252],[138.732106,-34.736037],[138.736851,-34.735826],[138.738195,-34.738077],[138.737325,-34.74075],[138.739094,-34.742223],[138.744139,-34.74143],[138.750092,-34.743483],[138.751812,-34.749075],[138.756178,-34.748694],[138.755651,-34.744847],[138.765983,-34.743458],[138.766409,-34.740222],[138.771403,-34.73424],[138.775678,-34.734817],[138.770302,-34.743079],[138.771367,-34.74586],[138.768481,-34.753463],[138.769966,-34.75787],[138.773955,-34.759736],[138.781566,-34.767634],[138.787469,-34.767838],[138.795812,-34.771084],[138.799371,-34.770496],[138.81033,-34.775379],[138.814447,-34.7749],[138.811568,-34.772602],[138.814584,-34.763386],[138.814914,-34.755637],[138.813032,-34.752569],[138.811993,-34.738472],[138.815945,-34.735772],[138.819558,-34.728781],[138.825942,-34.726368],[138.828074,-34.717031],[138.833572,-34.716107],[138.833145,-34.711216],[138.835869,-34.704679],[138.83996,-34.700364],[138.843392,-34.685166],[138.847959,-34.680793],[138.841908,-34.679933],[138.84203,-34.674097],[138.831473,-34.671224],[138.83242,-34.669882],[138.828964,-34.668328],[138.826858,-34.671235],[138.822794,-34.668274],[138.819956,-34.669426],[138.814613,-34.667687],[138.809567,-34.668305],[138.804647,-34.663836],[138.798139,-34.665456],[138.797629,-34.663717],[138.79521,-34.663988],[138.795254,-34.661933],[138.79053,-34.662307],[138.792854,-34.656137],[138.786933,-34.657257],[138.786771,-34.65472],[138.789496,-34.652777],[138.786807,-34.65051],[138.793966,-34.650848],[138.790568,-34.647401],[138.797677,-34.646312],[138.793868,-34.644305],[138.79813,-34.643236],[138.795336,-34.641626],[138.798007,-34.640033],[138.79201,-34.635417],[138.790517,-34.637013],[138.787243,-34.6346],[138.786308,-34.638027],[138.783116,-34.634344],[138.780761,-34.634294],[138.77992,-34.63637],[138.778082,-34.63543],[138.775718,-34.632823],[138.776808,-34.630438],[138.773401,-34.626471],[138.775265,-34.625261],[138.777832,-34.626061],[138.778237,-34.62342],[138.771577,-34.623703],[138.773226,-34.619126],[138.770189,-34.619314],[138.768561,-34.617418],[138.755384,-34.622391],[138.757411,-34.628021],[138.742133,-34.642236],[138.732908,-34.656336],[138.726052,-34.670513],[138.726562,-34.66623],[138.699693,-34.650799],[138.680095,-34.634947],[138.682741,-34.61578],[138.679573,-34.615758],[138.679288,-34.613466],[138.671059,-34.616],[138.668683,-34.612979],[138.666782,-34.614546],[138.669508,-34.617689],[138.667761,-34.61849],[138.66797,-34.619992],[138.66248,-34.619954],[138.660269,-34.623758],[138.657541,-34.621689],[138.655174,-34.62199],[138.655418,-34.623376],[138.65288,-34.622168],[138.653839,-34.623326],[138.650439,-34.623424],[138.651931,-34.625468],[138.649976,-34.625784],[138.65223,-34.627263],[138.648606,-34.629231],[138.646292,-34.628696],[138.646432,-34.630441],[138.642755,-34.631582],[138.639163,-34.630592],[138.637855,-34.632042],[138.634748,-34.629347],[138.631639,-34.631035],[138.629473,-34.627639],[138.625598,-34.625629],[138.623886,-34.630228],[138.621257,-34.628703],[138.622039,-34.630881],[138.617559,-34.633738],[138.614472,-34.633042],[138.609332,-34.635405],[138.608951,-34.633761],[138.60398,-34.63428],[138.600024,-34.632519],[138.596891,-34.633795],[138.596702,-34.635603],[138.593237,-34.635074],[138.590851,-34.63884],[138.57796,-34.63863],[138.575894,-34.635802],[138.569257,-34.635058],[138.568253,-34.636419],[138.566255,-34.635203],[138.565111,-34.636425],[138.56218,-34.635842],[138.559414,-34.639227],[138.556481,-34.637018],[138.551588,-34.637683],[138.551841,-34.636418],[138.549396,-34.63535],[138.544463,-34.639574],[138.540571,-34.639877],[138.539554,-34.63592],[138.53797,-34.635309],[138.533656,-34.640059],[138.53171,-34.639428],[138.529474,-34.641412],[138.526359,-34.639869],[138.525482,-34.637009],[138.520489,-34.636956],[138.518819,-34.639631],[138.516971,-34.638695],[138.513934,-34.641473],[138.51093,-34.641065],[138.503405,-34.646487],[138.491951,-34.647435],[138.492357,-34.65126],[138.489978,-34.653324],[138.490522,-34.656187],[138.488699,-34.658447],[138.473925,-34.663822],[138.472159,-34.667185],[138.464436,-34.673344],[138.452,-34.676196],[138.446491,-34.673735],[138.444856,-34.670584],[138.439831,-34.669482],[138.435652,-34.672745],[138.449924,-34.682124],[138.450533,-34.684329],[138.4537,-34.683175],[138.454778,-34.68413],[138.455399,-34.689163],[138.460432,-34.691921],[138.463343,-34.697535],[138.47184,-34.697083],[138.475343,-34.698987],[138.475894,-34.704245],[138.482814,-34.70788],[138.493278,-34.721388],[138.50833,-34.726989],[138.517,-34.732276],[138.577745,-34.718237],[138.577201,-34.71657],[138.594025,-34.726832],[138.616102,-34.692147],[138.666826,-34.713887],[138.644088,-34.750756],[138.654151,-34.756848],[138.65569,-34.754406],[138.657594,-34.755558],[138.662667,-34.753585],[138.66788,-34.754572],[138.668326,-34.752421],[138.670978,-34.752886],[138.671711,-34.754559],[138.674951,-34.752387],[138.677923,-34.752924],[138.680621,-34.755676],[138.699294,-34.75478]]]}},{"type":"Feature","properties":{"code":"AU-LGA-45890","name":"Port Adelaide Enfield","label":"Port Adelaide Enfield","type":"Local government area","parentCode":"AU-SA"},"geometry":{"type":"Polygon","coordinates":[[[138.5662,-34.82538],[138.561478,-34.826535],[138.55848,-34.825147],[138.545739,-34.810596],[138.540702,-34.813118],[138.540338,-34.815427],[138.541966,-34.816928],[138.533586,-34.815122],[138.533572,-34.819851],[138.530829,-34.822559],[138.532896,-34.815012],[138.516167,-34.810821],[138.516367,-34.816492],[138.509582,-34.828058],[138.512305,-34.832018],[138.509128,-34.83115],[138.508548,-34.835862],[138.511843,-34.837192],[138.508357,-34.836781],[138.507247,-34.840586],[138.510804,-34.84229],[138.506746,-34.841243],[138.498264,-34.843792],[138.498955,-34.850598],[138.497122,-34.850538],[138.495549,-34.842104],[138.496823,-34.840434],[138.497199,-34.842156],[138.503281,-34.840838],[138.505879,-34.838439],[138.506333,-34.826306],[138.511553,-34.818072],[138.512099,-34.807259],[138.509434,-34.80029],[138.510304,-34.801168],[138.510601,-34.790763],[138.51535,-34.770154],[138.513308,-34.766242],[138.507011,-34.763375],[138.496332,-34.764598],[138.48763,-34.770576],[138.478005,-34.782926],[138.485453,-34.790491],[138.481698,-34.795739],[138.488401,-34.79704],[138.490216,-34.812499],[138.48839,-34.820079],[138.478707,-34.837952],[138.475813,-34.849949],[138.50217,-34.852522],[138.502958,-34.859187],[138.518874,-34.869788],[138.516852,-34.866403],[138.521658,-34.864597],[138.520209,-34.862758],[138.523365,-34.859988],[138.523783,-34.855733],[138.529103,-34.855479],[138.528951,-34.851399],[138.546723,-34.850569],[138.54821,-34.872376],[138.557211,-34.871944],[138.557597,-34.880782],[138.566952,-34.886464],[138.575954,-34.885972],[138.576194,-34.889498],[138.583567,-34.889009],[138.580796,-34.870921],[138.601719,-34.869922],[138.602261,-34.877468],[138.619471,-34.876431],[138.619981,-34.884276],[138.626451,-34.879338],[138.635202,-34.887356],[138.638202,-34.888262],[138.647599,-34.88408],[138.649025,-34.878961],[138.647128,-34.876048],[138.656105,-34.871544],[138.65523,-34.869606],[138.657606,-34.86838],[138.656764,-34.865663],[138.660476,-34.864739],[138.668396,-34.867873],[138.667629,-34.857357],[138.666119,-34.857442],[138.665707,-34.853545],[138.663632,-34.85358],[138.659695,-34.845536],[138.669475,-34.844999],[138.669042,-34.83981],[138.646759,-34.840912],[138.645184,-34.84392],[138.639463,-34.84291],[138.632405,-34.844369],[138.627409,-34.842078],[138.628267,-34.840912],[138.624751,-34.838447],[138.590702,-34.831855],[138.587019,-34.832749],[138.58795,-34.831484],[138.575246,-34.832068],[138.5662,-34.82538]]]}},{"type":"Feature","properties":{"code":"AU-LGA-46090","name":"Port Augusta","label":"Port Augusta","type":"Local government area","parentCode":"AU-SA"},"geometry":{"type":"MultiPolygon","coordinates":[[[[137.822163,-32.5699],[137.820209,-32.573201],[137.822205,-32.575483],[137.820742,-32.573716],[137.82249,-32.570407],[137.822298,-32.566136],[137.822163,-32.5699]]],[[[137.902461,-32.805664],[137.965241,-32.805839],[137.955521,-32.78134],[137.95569,-32.767734],[137.947678,-32.750791],[137.946636,-32.743082],[137.943018,-32.734534],[137.943759,-32.72558],[137.94099,-32.714386],[137.94306,-32.70207],[137.942639,-32.69344],[137.930881,-32.660024],[137.922951,-32.659999],[137.923064,-32.415332],[137.748648,-32.415349],[137.746661,-32.411951],[137.749154,-32.410273],[137.747481,-32.402663],[137.752213,-32.400305],[137.750768,-32.389714],[137.756536,-32.383333],[137.75407,-32.37728],[137.765128,-32.362092],[137.760568,-32.354786],[137.620444,-32.355349],[137.620234,-32.673123],[137.595875,-32.672416],[137.596016,-32.687246],[137.597421,-32.690096],[137.614761,-32.877497],[137.801031,-32.765573],[137.80313,-32.759015],[137.809981,-32.755895],[137.810261,-32.747572],[137.804625,-32.741618],[137.802413,-32.735363],[137.800343,-32.735233],[137.796117,-32.729193],[137.792803,-32.728796],[137.788001,-32.724676],[137.788683,-32.720635],[137.784974,-32.718437],[137.782185,-32.713546],[137.774713,-32.712331],[137.772752,-32.715006],[137.767653,-32.71631],[137.764149,-32.719182],[137.75316,-32.721225],[137.752471,-32.712459],[137.750278,-32.710076],[137.750432,-32.702466],[137.758027,-32.694036],[137.756501,-32.690794],[137.757047,-32.68554],[137.751779,-32.677861],[137.751233,-32.673396],[137.755745,-32.661115],[137.753853,-32.658602],[137.754289,-32.652102],[137.76,-32.635195],[137.760592,-32.626279],[137.763479,-32.621287],[137.762461,-32.61421],[137.764131,-32.612141],[137.765578,-32.601482],[137.764662,-32.587846],[137.760889,-32.574351],[137.761321,-32.568778],[137.756408,-32.564353],[137.758942,-32.560713],[137.759162,-32.55648],[137.750161,-32.53385],[137.750362,-32.529697],[137.754304,-32.523886],[137.755544,-32.518569],[137.76243,-32.509343],[137.753959,-32.499079],[137.753008,-32.492983],[137.754609,-32.489065],[137.756459,-32.488208],[137.757896,-32.48988],[137.763451,-32.484326],[137.766139,-32.474792],[137.756098,-32.465105],[137.753991,-32.459215],[137.759874,-32.446427],[137.764404,-32.442765],[137.763066,-32.438696],[137.757238,-32.434653],[137.758801,-32.432913],[137.763891,-32.435978],[137.765236,-32.441333],[137.763799,-32.44505],[137.759951,-32.448512],[137.757281,-32.455674],[137.759805,-32.462908],[137.768123,-32.471863],[137.770419,-32.476413],[137.769163,-32.483207],[137.758832,-32.490291],[137.757388,-32.493421],[137.769659,-32.506455],[137.770384,-32.514623],[137.768841,-32.514779],[137.765983,-32.522482],[137.766925,-32.524915],[137.776737,-32.524797],[137.783896,-32.529635],[137.78475,-32.534519],[137.780453,-32.537169],[137.780913,-32.541184],[137.784355,-32.541472],[137.784284,-32.54338],[137.781107,-32.542637],[137.780334,-32.544463],[137.781887,-32.547094],[137.779708,-32.54937],[137.780981,-32.551889],[137.787665,-32.556611],[137.794161,-32.557265],[137.794579,-32.558481],[137.800201,-32.557185],[137.802599,-32.559262],[137.80445,-32.557636],[137.810018,-32.558391],[137.811409,-32.557251],[137.819218,-32.559232],[137.82976,-32.567237],[137.834543,-32.575149],[137.828847,-32.577844],[137.830273,-32.591882],[137.824257,-32.585375],[137.824258,-32.580689],[137.822707,-32.581686],[137.823857,-32.578884],[137.822107,-32.579406],[137.814359,-32.59327],[137.81035,-32.595879],[137.810383,-32.594538],[137.808431,-32.594398],[137.803047,-32.604144],[137.803709,-32.607708],[137.806677,-32.610481],[137.808147,-32.614975],[137.811304,-32.614472],[137.813731,-32.619531],[137.823187,-32.625811],[137.830903,-32.635522],[137.836776,-32.63842],[137.844106,-32.639534],[137.845705,-32.644133],[137.849641,-32.642662],[137.849875,-32.640068],[137.853616,-32.64031],[137.854472,-32.651352],[137.859036,-32.657177],[137.867652,-32.663913],[137.866564,-32.66605],[137.868218,-32.668984],[137.866252,-32.671299],[137.867782,-32.67155],[137.868767,-32.675089],[137.866598,-32.678688],[137.864158,-32.679132],[137.863498,-32.684739],[137.860028,-32.68938],[137.847244,-32.689298],[137.843607,-32.691119],[137.842222,-32.694182],[137.837574,-32.69579],[137.858563,-32.707379],[137.887467,-32.715427],[137.892112,-32.718833],[137.893855,-32.725386],[137.896481,-32.727746],[137.907489,-32.731308],[137.916456,-32.738199],[137.920414,-32.744494],[137.93633,-32.751224],[137.94446,-32.757633],[137.940893,-32.76119],[137.942368,-32.764694],[137.936657,-32.766631],[137.929506,-32.766218],[137.926538,-32.763359],[137.92531,-32.76444],[137.919597,-32.762184],[137.921087,-32.760918],[137.918238,-32.759446],[137.913251,-32.762177],[137.91653,-32.768837],[137.917999,-32.767962],[137.916391,-32.770019],[137.918314,-32.770941],[137.91761,-32.77234],[137.92163,-32.771729],[137.917924,-32.772809],[137.915688,-32.771287],[137.912878,-32.775688],[137.913424,-32.772611],[137.905983,-32.770985],[137.904984,-32.773192],[137.906333,-32.774307],[137.900892,-32.777627],[137.902859,-32.77828],[137.902461,-32.805664]]]]}},{"type":"Feature","properties":{"code":"AU-LGA-46300","name":"Port Lincoln","label":"Port Lincoln","type":"Local government area","parentCode":"AU-SA"},"geometry":{"type":"Polygon","coordinates":[[[135.828366,-34.767188],[135.844101,-34.754161],[135.854954,-34.7509],[135.86382,-34.755367],[135.862843,-34.768981],[135.86489,-34.76962],[135.869824,-34.767445],[135.872599,-34.76229],[135.878686,-34.760389],[135.882196,-34.753633],[135.891459,-34.751344],[135.891694,-34.746537],[135.893578,-34.744714],[135.892108,-34.744083],[135.887193,-34.74682],[135.879718,-34.745407],[135.877962,-34.74237],[135.877417,-34.744863],[135.8751,-34.744197],[135.8731,-34.745848],[135.870063,-34.744416],[135.87301,-34.745609],[135.875016,-34.744068],[135.873128,-34.742149],[135.870715,-34.742934],[135.872841,-34.739378],[135.874228,-34.742088],[135.875648,-34.741926],[135.875079,-34.740483],[135.877879,-34.741575],[135.875561,-34.738224],[135.883578,-34.733868],[135.886198,-34.727162],[135.879521,-34.720335],[135.870618,-34.721232],[135.869193,-34.72008],[135.864441,-34.72157],[135.855012,-34.717309],[135.853514,-34.711813],[135.855505,-34.687584],[135.837076,-34.6875],[135.834774,-34.688658],[135.832097,-34.687401],[135.828658,-34.701113],[135.825269,-34.702863],[135.821342,-34.708433],[135.824994,-34.714688],[135.822881,-34.717876],[135.826129,-34.720651],[135.826853,-34.724962],[135.826167,-34.734876],[135.821616,-34.734572],[135.826101,-34.737217],[135.830029,-34.742049],[135.839399,-34.745516],[135.83619,-34.748883],[135.834537,-34.74779],[135.829597,-34.752999],[135.828128,-34.760012],[135.824054,-34.764501],[135.828366,-34.767188]]]}},{"type":"Feature","properties":{"code":"AU-LGA-46450","name":"Port Pirie","label":"Port Pirie","type":"Local government area","parentCode":"AU-SA"},"geometry":{"type":"MultiPolygon","coordinates":[[[[137.879347,-33.334577],[137.877395,-33.333915],[137.876088,-33.335243],[137.87561,-33.340836],[137.876969,-33.343077],[137.88199,-33.345083],[137.877793,-33.338493],[137.879347,-33.334577]]],[[[137.874137,-33.331816],[137.876891,-33.333399],[137.874605,-33.330915],[137.874137,-33.331816]]],[[[137.921976,-33.468099],[138.068634,-33.470279],[138.068322,-33.514661],[138.085321,-33.518215],[138.084952,-33.626203],[138.403305,-33.626027],[138.397851,-33.493682],[138.388913,-33.474432],[138.258788,-33.47297],[138.258979,-33.286293],[138.241371,-33.28676],[138.237863,-33.284465],[138.231195,-33.286219],[138.226906,-33.284779],[138.226654,-33.281632],[138.222858,-33.278708],[138.221219,-33.273272],[138.216968,-33.270975],[138.213208,-33.271241],[138.211656,-33.267374],[138.212357,-33.264323],[138.206987,-33.262318],[138.208022,-33.260554],[138.206151,-33.257481],[138.207344,-33.25592],[138.205171,-33.246704],[138.208252,-33.242541],[138.205217,-33.240017],[138.206078,-33.232571],[138.203382,-33.224887],[138.19887,-33.221089],[138.19673,-33.216169],[138.187696,-33.220275],[138.18425,-33.217224],[138.18477,-33.214255],[138.177482,-33.211414],[138.179843,-33.208752],[138.183221,-33.207999],[138.183951,-33.200064],[138.177345,-33.197845],[138.177337,-33.191789],[138.172928,-33.18836],[138.16999,-33.188408],[138.167725,-33.183221],[138.16728,-33.170423],[138.16949,-33.165739],[138.167612,-33.161085],[138.169995,-33.146307],[138.16726,-33.140136],[138.167331,-33.133139],[138.17028,-33.128468],[138.164663,-33.117063],[138.165373,-33.110641],[138.163744,-33.104042],[138.040134,-33.104837],[138.05372,-33.113502],[138.054637,-33.118176],[138.05345,-33.124931],[138.047871,-33.13598],[138.040436,-33.139568],[138.035428,-33.144034],[138.024239,-33.14657],[138.020925,-33.149017],[138.020627,-33.151129],[138.028299,-33.154996],[138.024767,-33.155255],[138.01827,-33.159339],[138.01847,-33.164151],[138.017591,-33.163077],[138.0141,-33.178075],[138.015334,-33.17895],[138.015345,-33.176878],[138.019217,-33.179798],[138.02131,-33.179627],[138.027501,-33.170878],[138.036297,-33.169486],[138.03629,-33.171008],[138.032585,-33.171211],[138.030437,-33.17323],[138.027862,-33.178781],[138.024236,-33.18187],[138.016249,-33.18207],[138.01147,-33.17713],[138.014169,-33.1682],[138.01438,-33.164702],[138.012633,-33.161672],[138.013039,-33.153705],[138.001344,-33.144013],[138.004382,-33.137822],[138.006986,-33.137022],[138.006977,-33.132582],[138.004629,-33.131016],[138.00029,-33.131876],[137.987642,-33.143937],[137.976899,-33.145398],[137.976313,-33.147863],[137.973592,-33.147223],[137.966591,-33.153027],[137.954372,-33.154699],[137.958589,-33.162569],[137.96354,-33.160491],[137.959052,-33.16355],[137.958314,-33.167751],[137.956123,-33.168111],[137.958036,-33.166019],[137.955408,-33.166835],[137.957524,-33.164967],[137.956033,-33.163698],[137.95315,-33.166383],[137.953896,-33.163133],[137.951116,-33.16066],[137.939994,-33.158136],[137.932155,-33.171245],[137.925491,-33.176482],[137.911783,-33.177346],[137.91156,-33.172224],[137.907824,-33.171427],[137.905393,-33.173748],[137.896358,-33.176256],[137.892994,-33.180328],[137.879758,-33.183339],[137.853608,-33.19682],[137.850307,-33.202561],[137.851409,-33.205817],[137.852782,-33.205252],[137.852965,-33.209576],[137.846957,-33.211872],[137.844887,-33.207094],[137.837989,-33.207224],[137.834728,-33.212165],[137.832755,-33.221566],[137.82748,-33.227148],[137.826456,-33.233662],[137.82127,-33.244917],[137.826757,-33.248579],[137.823612,-33.253978],[137.816066,-33.257185],[137.81264,-33.261028],[137.810818,-33.268934],[137.811423,-33.276617],[137.817217,-33.286396],[137.827689,-33.297206],[137.834763,-33.302551],[137.839829,-33.303658],[137.843452,-33.308185],[137.842017,-33.305244],[137.844712,-33.304714],[137.840959,-33.304026],[137.84275,-33.302825],[137.839613,-33.300697],[137.844298,-33.303741],[137.846386,-33.30868],[137.843413,-33.311149],[137.842664,-33.316863],[137.85386,-33.32752],[137.856443,-33.328828],[137.861739,-33.328935],[137.8585,-33.327017],[137.865501,-33.328496],[137.865277,-33.327247],[137.859136,-33.325932],[137.863503,-33.324359],[137.866079,-33.329068],[137.870361,-33.330898],[137.873511,-33.330265],[137.866618,-33.326948],[137.864837,-33.323317],[137.867284,-33.323976],[137.867464,-33.322573],[137.859013,-33.321043],[137.862641,-33.317388],[137.864605,-33.32041],[137.865607,-33.317342],[137.871194,-33.320235],[137.871822,-33.322059],[137.867864,-33.322324],[137.870798,-33.323359],[137.874746,-33.330529],[137.875546,-33.329366],[137.878634,-33.32987],[137.876365,-33.32845],[137.879012,-33.32793],[137.874241,-33.32678],[137.875732,-33.32256],[137.874622,-33.323005],[137.873534,-33.318783],[137.870578,-33.317214],[137.87505,-33.3164],[137.881251,-33.323144],[137.885011,-33.338575],[137.884844,-33.348265],[137.883511,-33.349443],[137.885541,-33.352182],[137.883695,-33.352386],[137.891224,-33.353964],[137.88613,-33.353238],[137.888222,-33.35572],[137.886638,-33.359793],[137.885475,-33.35883],[137.886978,-33.355527],[137.884405,-33.357044],[137.885015,-33.353818],[137.882878,-33.357748],[137.886787,-33.364424],[137.889091,-33.365551],[137.889523,-33.364186],[137.890951,-33.366827],[137.886238,-33.364775],[137.883265,-33.359392],[137.880358,-33.359411],[137.877037,-33.362849],[137.877904,-33.360772],[137.875507,-33.362372],[137.870503,-33.396526],[137.877536,-33.407222],[137.886081,-33.413899],[137.892789,-33.422443],[137.892426,-33.420495],[137.898822,-33.430933],[137.905029,-33.436762],[137.906472,-33.43563],[137.904076,-33.431888],[137.90665,-33.434118],[137.91067,-33.444419],[137.909503,-33.443883],[137.909972,-33.445583],[137.908785,-33.445949],[137.911815,-33.448706],[137.913688,-33.455048],[137.921976,-33.468099]]]]}},{"type":"Feature","properties":{"code":"AU-LGA-46510","name":"Prospect","label":"Prospect","type":"Local government area","parentCode":"AU-SA"},"geometry":{"type":"Polygon","coordinates":[[[138.583567,-34.889009],[138.584246,-34.896947],[138.587929,-34.899185],[138.597336,-34.898603],[138.603388,-34.893558],[138.609507,-34.893289],[138.619981,-34.884276],[138.619471,-34.876431],[138.602261,-34.877468],[138.601719,-34.869922],[138.580796,-34.870921],[138.583567,-34.889009]]]}},{"type":"Feature","properties":{"code":"AU-LGA-46670","name":"Renmark Paringa","label":"Renmark Paringa","type":"Local government area","parentCode":"AU-SA"},"geometry":{"type":"Polygon","coordinates":[[[140.645481,-34.204849],[140.646541,-34.224897],[140.644578,-34.230099],[140.647785,-34.233003],[140.654651,-34.228802],[140.664251,-34.226588],[140.666986,-34.230664],[140.666162,-34.236214],[140.662802,-34.243006],[140.665133,-34.244105],[140.661795,-34.247205],[140.646443,-34.252761],[140.641689,-34.249782],[140.645285,-34.240293],[140.633573,-34.244419],[140.625678,-34.253282],[140.622981,-34.262984],[140.625036,-34.274776],[140.632697,-34.28514],[140.631891,-34.291134],[140.628185,-34.293357],[140.621497,-34.293563],[140.613886,-34.289611],[140.604679,-34.288609],[140.596454,-34.2914],[140.592366,-34.302292],[140.586747,-34.31167],[140.587206,-34.317032],[140.590437,-34.319795],[140.599544,-34.32309],[140.963545,-34.322779],[140.961866,-34.095766],[140.96295,-34.095758],[140.963689,-33.980636],[140.958657,-33.978539],[140.959185,-33.971532],[140.957093,-33.966219],[140.950808,-33.962684],[140.940352,-33.968503],[140.936903,-33.968961],[140.932635,-33.965544],[140.927639,-33.96758],[140.924866,-33.965219],[140.920571,-33.964852],[140.919301,-33.968854],[140.923781,-33.971612],[140.923633,-33.974028],[140.905209,-33.968886],[140.893418,-33.971481],[140.891616,-33.975164],[140.892701,-33.978303],[140.897576,-33.982464],[140.903256,-33.982495],[140.908518,-33.9792],[140.913093,-33.980441],[140.914268,-33.984636],[140.908548,-33.992586],[140.898966,-33.999782],[140.893814,-34.0012],[140.890161,-34.000646],[140.884192,-33.994476],[140.879993,-33.995584],[140.880962,-34.001809],[140.888195,-34.011141],[140.88712,-34.016918],[140.882118,-34.020209],[140.877919,-34.020432],[140.872167,-34.014896],[140.869141,-34.014592],[140.8674,-34.016508],[140.86874,-34.0206],[140.866679,-34.022002],[140.864044,-34.020717],[140.864017,-34.014119],[140.857339,-34.0133],[140.855104,-34.014343],[140.853752,-34.019465],[140.847212,-34.018304],[140.844437,-34.020053],[140.84538,-34.025598],[140.844209,-34.027229],[140.83521,-34.025319],[140.834186,-34.028601],[140.842486,-34.032795],[140.842788,-34.037957],[140.839027,-34.039576],[140.827552,-34.040188],[140.823584,-34.042368],[140.823344,-34.049115],[140.826952,-34.051943],[140.833743,-34.051548],[140.83342,-34.053452],[140.819527,-34.053168],[140.815854,-34.048583],[140.812732,-34.04939],[140.813266,-34.056982],[140.808846,-34.061663],[140.809741,-34.063627],[140.815584,-34.065973],[140.814197,-34.067684],[140.806032,-34.06706],[140.805423,-34.069381],[140.809088,-34.072011],[140.797198,-34.07095],[140.766539,-34.059399],[140.756941,-34.060503],[140.750296,-34.063428],[140.742607,-34.07367],[140.743411,-34.077529],[140.753911,-34.079416],[140.757755,-34.090426],[140.767653,-34.099014],[140.766713,-34.103192],[140.756746,-34.105536],[140.758129,-34.109508],[140.762616,-34.109519],[140.769729,-34.105731],[140.776171,-34.107549],[140.78232,-34.104988],[140.792093,-34.105516],[140.796163,-34.109358],[140.794947,-34.114044],[140.791563,-34.116973],[140.783316,-34.117465],[140.774971,-34.114748],[140.771792,-34.115541],[140.772431,-34.120918],[140.78206,-34.124338],[140.779835,-34.131743],[140.773577,-34.136518],[140.773364,-34.139671],[140.777128,-34.141147],[140.782801,-34.140186],[140.779691,-34.153425],[140.777349,-34.15702],[140.762294,-34.164206],[140.758369,-34.164867],[140.757673,-34.163775],[140.761019,-34.159809],[140.761388,-34.156146],[140.76483,-34.154604],[140.764119,-34.15276],[140.760249,-34.152315],[140.757397,-34.149462],[140.761013,-34.143706],[140.757947,-34.142596],[140.750484,-34.133731],[140.750571,-34.129716],[140.752812,-34.127045],[140.747088,-34.123006],[140.746754,-34.121259],[140.740732,-34.121181],[140.736574,-34.117576],[140.735781,-34.113925],[140.736851,-34.112735],[140.73419,-34.113046],[140.728621,-34.107602],[140.727749,-34.10306],[140.729799,-34.101066],[140.726311,-34.090691],[140.730758,-34.087741],[140.719459,-34.074752],[140.713893,-34.075694],[140.705487,-34.072171],[140.701685,-34.068073],[140.701657,-34.06541],[140.69957,-34.065123],[140.664995,-34.061514],[140.664089,-34.06389],[140.635269,-34.064248],[140.657842,-34.085319],[140.657322,-34.155167],[140.645157,-34.198669],[140.645481,-34.204849]]]}},{"type":"Feature","properties":{"code":"AU-LGA-46860","name":"Robe","label":"Robe","type":"Local government area","parentCode":"AU-SA"},"geometry":{"type":"MultiPolygon","coordinates":[[[[139.847525,-37.325428],[139.847116,-37.325538],[139.847935,-37.325841],[139.847525,-37.325428]]],[[[139.736401,-37.176925],[139.736829,-37.17696],[139.736726,-37.176747],[139.736401,-37.176925]]],[[[139.721483,-37.091431],[139.723855,-37.091997],[139.724489,-37.089592],[139.722589,-37.088966],[139.721483,-37.091431]]],[[[139.720504,-37.087465],[139.72188,-37.087112],[139.721176,-37.086809],[139.720504,-37.087465]]],[[[139.723405,-37.086916],[139.724474,-37.085715],[139.723223,-37.08518],[139.723405,-37.086916]]],[[[139.722522,-37.087902],[139.723098,-37.087342],[139.722025,-37.087034],[139.722522,-37.087902]]],[[[139.868423,-37.339843],[139.873581,-37.320996],[139.883457,-37.320367],[140.243533,-37.32125],[140.24288,-37.176139],[140.08385,-37.175946],[140.084535,-37.032453],[139.742462,-37.032776],[139.743156,-37.037363],[139.73931,-37.046217],[139.739318,-37.055028],[139.740199,-37.062952],[139.743938,-37.074177],[139.756618,-37.07855],[139.759929,-37.077356],[139.763231,-37.078228],[139.772062,-37.084677],[139.779657,-37.092711],[139.791059,-37.111535],[139.795211,-37.12551],[139.795825,-37.137455],[139.793964,-37.146362],[139.788466,-37.157786],[139.780264,-37.164904],[139.761308,-37.161733],[139.753448,-37.162016],[139.74954,-37.159144],[139.748595,-37.156314],[139.743068,-37.155836],[139.745491,-37.158149],[139.743293,-37.160756],[139.745195,-37.163263],[139.742279,-37.166046],[139.744273,-37.171767],[139.740017,-37.182113],[139.744584,-37.183587],[139.750516,-37.190617],[139.75753,-37.194371],[139.761634,-37.199694],[139.77103,-37.21621],[139.770155,-37.218191],[139.774257,-37.220336],[139.774578,-37.223457],[139.77702,-37.223782],[139.778562,-37.229363],[139.783035,-37.23099],[139.783068,-37.236792],[139.788748,-37.2408],[139.796865,-37.256367],[139.795965,-37.258903],[139.799181,-37.260491],[139.801322,-37.264038],[139.803921,-37.264445],[139.805194,-37.269506],[139.803562,-37.270642],[139.805976,-37.270331],[139.807622,-37.274261],[139.811884,-37.277653],[139.811737,-37.280825],[139.818771,-37.285703],[139.821346,-37.291771],[139.819829,-37.293097],[139.824699,-37.295299],[139.828689,-37.300481],[139.827901,-37.304065],[139.832602,-37.305472],[139.837644,-37.310371],[139.836766,-37.314041],[139.842831,-37.316697],[139.843454,-37.319172],[139.840756,-37.322177],[139.848838,-37.321468],[139.850588,-37.324048],[139.849869,-37.32637],[139.848742,-37.327508],[139.845897,-37.326608],[139.84808,-37.327758],[139.849084,-37.331104],[139.853882,-37.329195],[139.859487,-37.330712],[139.868423,-37.339843]]]]}},{"type":"Feature","properties":{"code":"AU-LGA-46970","name":"Roxby Downs","label":"Roxby Downs","type":"Local government area","parentCode":"AU-SA"},"geometry":{"type":"Polygon","coordinates":[[[136.924542,-30.498522],[136.897872,-30.498526],[136.897894,-30.480772],[136.895237,-30.474296],[136.852463,-30.487411],[136.855155,-30.498523],[136.843026,-30.498524],[136.843004,-30.623524],[136.915237,-30.623524],[136.924542,-30.498522]]]}},{"type":"Feature","properties":{"code":"AU-LGA-47140","name":"Salisbury","label":"Salisbury","type":"Local government area","parentCode":"AU-SA"},"geometry":{"type":"Polygon","coordinates":[[[138.699294,-34.75478],[138.680621,-34.755676],[138.677923,-34.752924],[138.674951,-34.752387],[138.671711,-34.754559],[138.670978,-34.752886],[138.668326,-34.752421],[138.66788,-34.754572],[138.662667,-34.753585],[138.657594,-34.755558],[138.65569,-34.754406],[138.654151,-34.756848],[138.644088,-34.750756],[138.666826,-34.713887],[138.616102,-34.692147],[138.594025,-34.726832],[138.577201,-34.71657],[138.577745,-34.718237],[138.517,-34.732276],[138.526449,-34.738383],[138.530312,-34.744939],[138.523404,-34.748478],[138.530633,-34.745411],[138.536256,-34.751354],[138.542719,-34.76223],[138.54234,-34.768939],[138.543913,-34.772671],[138.542172,-34.774417],[138.546683,-34.783916],[138.550768,-34.787705],[138.550158,-34.793027],[138.55306,-34.798917],[138.55578,-34.799492],[138.555942,-34.80112],[138.552271,-34.801613],[138.546712,-34.809963],[138.557674,-34.822569],[138.560371,-34.824749],[138.566295,-34.825023],[138.575246,-34.832068],[138.58795,-34.831484],[138.587019,-34.832749],[138.590702,-34.831855],[138.624751,-34.838447],[138.628267,-34.840912],[138.627409,-34.842078],[138.632405,-34.844369],[138.639463,-34.84291],[138.645184,-34.84392],[138.646759,-34.840912],[138.669042,-34.83981],[138.666325,-34.808187],[138.673085,-34.807813],[138.671849,-34.792132],[138.684899,-34.791484],[138.684487,-34.786051],[138.690825,-34.785829],[138.689973,-34.775466],[138.687369,-34.771897],[138.691807,-34.765579],[138.693899,-34.765917],[138.693317,-34.763371],[138.697661,-34.75956],[138.699294,-34.75478]]]}},{"type":"Feature","properties":{"code":"AU-LGA-47290","name":"Southern Mallee","label":"Southern Mallee","type":"Local government area","parentCode":"AU-SA"},"geometry":{"type":"Polygon","coordinates":[[[140.074388,-35.291106],[140.075714,-35.294824],[140.076404,-35.328532],[140.075826,-35.490247],[140.128957,-35.490152],[140.129354,-35.537934],[140.135583,-35.537921],[140.115874,-35.54674],[140.133052,-35.558162],[140.104372,-35.586818],[140.106342,-35.649283],[140.25331,-35.648908],[140.253162,-35.747976],[140.746614,-35.745073],[140.754337,-35.743407],[140.801565,-35.744262],[140.810126,-35.743142],[140.96317,-35.742198],[140.966232,-35.389129],[140.965628,-35.008244],[140.949948,-35.006026],[140.920275,-35.00778],[140.891983,-35.005567],[140.874547,-35.007424],[140.858715,-35.004861],[140.840497,-35.007891],[140.827813,-35.003793],[140.822935,-34.998423],[140.81351,-34.99326],[140.811289,-34.993927],[140.80889,-34.98996],[140.80472,-34.987493],[140.795969,-34.986651],[140.786461,-34.996737],[140.773928,-34.988724],[140.760415,-34.99137],[140.704165,-34.988845],[140.676284,-34.996309],[140.656656,-34.998513],[140.648346,-35.001113],[140.643285,-35.000123],[140.639714,-35.002058],[140.630325,-35.000064],[140.607304,-35.003332],[140.607324,-35.016688],[140.594566,-35.018155],[140.572165,-35.018838],[140.562028,-35.01727],[140.540584,-35.018716],[140.535832,-35.017397],[140.514087,-35.019454],[140.429924,-35.019258],[140.430079,-35.107734],[140.252933,-35.107838],[140.253222,-35.29181],[140.074388,-35.291106]]]}},{"type":"Feature","properties":{"code":"AU-LGA-47490","name":"Streaky Bay","label":"Streaky Bay","type":"Local government area","parentCode":"AU-SA"},"geometry":{"type":"MultiPolygon","coordinates":[[[[134.703738,-33.218053],[134.704103,-33.217623],[134.703412,-33.21748],[134.703738,-33.218053]]],[[[134.697273,-33.21515],[134.697039,-33.216324],[134.699757,-33.215314],[134.697273,-33.21515]]],[[[134.666296,-33.213974],[134.668408,-33.2168],[134.67681,-33.216985],[134.679279,-33.213404],[134.676504,-33.21504],[134.679604,-33.212816],[134.681797,-33.208046],[134.680323,-33.209462],[134.678305,-33.204034],[134.670768,-33.202413],[134.673071,-33.208534],[134.668265,-33.209394],[134.666236,-33.212748],[134.666272,-33.209651],[134.666296,-33.213974]]],[[[134.364176,-33.187473],[134.367693,-33.185533],[134.367473,-33.18241],[134.364176,-33.187473]]],[[[134.60041,-33.168993],[134.59962,-33.169953],[134.602843,-33.171023],[134.609446,-33.170369],[134.6053,-33.168421],[134.60041,-33.168993]]],[[[133.965702,-32.722737],[133.9691,-32.723514],[133.970852,-32.720065],[133.969824,-32.718917],[133.967187,-32.719889],[133.965702,-32.722737]]],[[[134.623648,-33.1811],[134.624152,-33.182656],[134.62835,-33.182472],[134.625691,-33.179244],[134.622927,-33.179281],[134.623648,-33.1811]]],[[[134.61249,-33.182986],[134.615913,-33.179516],[134.613132,-33.179933],[134.61249,-33.182986]]],[[[134.28167,-33.081853],[134.285558,-33.083411],[134.286658,-33.079043],[134.282455,-33.079701],[134.28167,-33.081853]]],[[[134.601075,-33.14117],[134.82086,-33.138339],[134.820501,-32.767275],[134.974973,-32.767474],[134.975047,-32.6472],[135.13652,-32.647022],[135.136611,-32.573139],[135.130548,-32.572672],[135.119947,-32.575906],[135.114631,-32.572514],[135.105724,-32.572268],[135.090566,-32.514188],[134.856631,-32.514414],[134.855649,-32.236793],[134.85108,-32.236436],[134.844542,-32.231127],[134.512963,-32.232101],[134.513044,-32.377288],[134.120009,-32.377424],[134.119999,-32.453902],[134.136265,-32.457684],[134.158811,-32.469043],[134.163003,-32.468971],[134.183923,-32.482569],[134.19813,-32.496101],[134.207525,-32.507646],[134.214756,-32.511675],[134.222649,-32.524602],[134.237115,-32.537335],[134.256328,-32.557703],[134.268116,-32.577468],[134.276667,-32.603488],[134.278873,-32.62063],[134.279388,-32.631922],[134.278135,-32.634863],[134.279778,-32.640868],[134.279396,-32.648193],[134.282374,-32.653729],[134.290991,-32.656758],[134.294315,-32.661941],[134.294203,-32.666085],[134.291276,-32.674182],[134.284652,-32.67997],[134.283947,-32.687505],[134.288348,-32.686562],[134.290386,-32.690915],[134.287292,-32.700262],[134.282337,-32.700386],[134.280547,-32.706872],[134.275762,-32.706689],[134.272468,-32.709972],[134.272084,-32.714872],[134.267411,-32.724279],[134.257833,-32.737677],[134.240958,-32.748042],[134.240734,-32.758001],[134.231406,-32.762385],[134.230622,-32.764376],[134.23295,-32.772893],[134.231848,-32.77962],[134.228255,-32.783014],[134.222782,-32.783341],[134.221867,-32.789831],[134.212888,-32.795062],[134.200203,-32.796624],[134.196881,-32.795494],[134.196206,-32.792975],[134.193011,-32.790635],[134.194084,-32.778844],[134.189569,-32.771769],[134.189929,-32.765422],[134.197197,-32.755875],[134.196039,-32.752985],[134.201373,-32.749142],[134.200143,-32.746678],[134.198926,-32.746016],[134.199076,-32.749298],[134.194127,-32.749091],[134.189233,-32.745579],[134.189689,-32.743969],[134.192766,-32.745958],[134.189762,-32.742147],[134.182645,-32.743029],[134.177396,-32.740023],[134.176788,-32.741762],[134.173841,-32.740591],[134.176581,-32.739507],[134.164654,-32.736974],[134.155138,-32.728334],[134.152822,-32.723963],[134.155511,-32.724],[134.154781,-32.725549],[134.159075,-32.726599],[134.16747,-32.724696],[134.171312,-32.72621],[134.169332,-32.727061],[134.177403,-32.728412],[134.183933,-32.727358],[134.177523,-32.72642],[134.179691,-32.724441],[134.183092,-32.725239],[134.185281,-32.723722],[134.184387,-32.725845],[134.186004,-32.726699],[134.215096,-32.730768],[134.207769,-32.728328],[134.204943,-32.725188],[134.183123,-32.722662],[134.181746,-32.720262],[134.174291,-32.717933],[134.157584,-32.721493],[134.14333,-32.71946],[134.121264,-32.722066],[134.119843,-32.7197],[134.107078,-32.721272],[134.100275,-32.719044],[134.096159,-32.714411],[134.093451,-32.714438],[134.090108,-32.711704],[134.080777,-32.70957],[134.076236,-32.713085],[134.071063,-32.712141],[134.071287,-32.713984],[134.06416,-32.715429],[134.065582,-32.716153],[134.063178,-32.717657],[134.064203,-32.7199],[134.060331,-32.722485],[134.062853,-32.724889],[134.061662,-32.727107],[134.065577,-32.726678],[134.064617,-32.73034],[134.068293,-32.729848],[134.067813,-32.731135],[134.070145,-32.731386],[134.070677,-32.733371],[134.069178,-32.734517],[134.07322,-32.736852],[134.073194,-32.740004],[134.077063,-32.742564],[134.081395,-32.742963],[134.080645,-32.744713],[134.090936,-32.750345],[134.097728,-32.756478],[134.119889,-32.78494],[134.133307,-32.813031],[134.134122,-32.820828],[134.138383,-32.832076],[134.138506,-32.839701],[134.136898,-32.842827],[134.134282,-32.843241],[134.133653,-32.853848],[134.131961,-32.856484],[134.125485,-32.858887],[134.116868,-32.868094],[134.111448,-32.869741],[134.108384,-32.86856],[134.10323,-32.869464],[134.099309,-32.867184],[134.097163,-32.868805],[134.098976,-32.870909],[134.097661,-32.873601],[134.099316,-32.875518],[134.096127,-32.878629],[134.092599,-32.879392],[134.088653,-32.877589],[134.071535,-32.883801],[134.071701,-32.88625],[134.075894,-32.887167],[134.07755,-32.891966],[134.077836,-32.890801],[134.079523,-32.89539],[134.078654,-32.899106],[134.076032,-32.900747],[134.075398,-32.905942],[134.070392,-32.909383],[134.061155,-32.905776],[134.060538,-32.90792],[134.064344,-32.911133],[134.072363,-32.913253],[134.073345,-32.917037],[134.081106,-32.918612],[134.081518,-32.921115],[134.078667,-32.923016],[134.080909,-32.926503],[134.084076,-32.925113],[134.091341,-32.926293],[134.093539,-32.922692],[134.097123,-32.921092],[134.097001,-32.918361],[134.10645,-32.912367],[134.119189,-32.914584],[134.129278,-32.92642],[134.129484,-32.930482],[134.123654,-32.932104],[134.131508,-32.93479],[134.131419,-32.936667],[134.13395,-32.936175],[134.135548,-32.941085],[134.141192,-32.944254],[134.145836,-32.94056],[134.145161,-32.938187],[134.141838,-32.938777],[134.140161,-32.93633],[134.142613,-32.929429],[134.146244,-32.926953],[134.157338,-32.924407],[134.166162,-32.926274],[134.177623,-32.931223],[134.189091,-32.942356],[134.201665,-32.963169],[134.205279,-32.976892],[134.204845,-32.995296],[134.201513,-33.005696],[134.190227,-33.01565],[134.167294,-33.009269],[134.161454,-33.011839],[134.158458,-33.011208],[134.151929,-33.015381],[134.148684,-33.015963],[134.145121,-33.014477],[134.140695,-33.015688],[134.138534,-33.018073],[134.13921,-33.019876],[134.143403,-33.022228],[134.142117,-33.024138],[134.145547,-33.024799],[134.14507,-33.026646],[134.148596,-33.025915],[134.146928,-33.028866],[134.150966,-33.030501],[134.150694,-33.032078],[134.153209,-33.032385],[134.154874,-33.035304],[134.158224,-33.03509],[134.160936,-33.041258],[134.163858,-33.040082],[134.165254,-33.041346],[134.165844,-33.046876],[134.169294,-33.050334],[134.167786,-33.051511],[134.16809,-33.05581],[134.172843,-33.050352],[134.172127,-33.047428],[134.175329,-33.046463],[134.180538,-33.049425],[134.18481,-33.047423],[134.186265,-33.044183],[134.182964,-33.041335],[134.18701,-33.037306],[134.192046,-33.035153],[134.202729,-33.035669],[134.209344,-33.039557],[134.212663,-33.038857],[134.219533,-33.040841],[134.223176,-33.039669],[134.231035,-33.043968],[134.237065,-33.05086],[134.237236,-33.058506],[134.240143,-33.059486],[134.242067,-33.063383],[134.239216,-33.068137],[134.241605,-33.070556],[134.241345,-33.073599],[134.245663,-33.076026],[134.24575,-33.078232],[134.248245,-33.07989],[134.248224,-33.084158],[134.250158,-33.08441],[134.247214,-33.087256],[134.250695,-33.087716],[134.250051,-33.089761],[134.253515,-33.090528],[134.252881,-33.094253],[134.258987,-33.094504],[134.261757,-33.098189],[134.262529,-33.10757],[134.259704,-33.110376],[134.264534,-33.121895],[134.264394,-33.128345],[134.266781,-33.138498],[134.263825,-33.141265],[134.265114,-33.142834],[134.264125,-33.145871],[134.26086,-33.147067],[134.260233,-33.152617],[134.265952,-33.155978],[134.271644,-33.163322],[134.277717,-33.162994],[134.278157,-33.165089],[134.281224,-33.164435],[134.287717,-33.16759],[134.290292,-33.169813],[134.291168,-33.173328],[134.294911,-33.176087],[134.297872,-33.175591],[134.29784,-33.178189],[134.303997,-33.182038],[134.309739,-33.182229],[134.316925,-33.186695],[134.318371,-33.188555],[134.316331,-33.191675],[134.316982,-33.193973],[134.324701,-33.195238],[134.327441,-33.199122],[134.335919,-33.198229],[134.351342,-33.190287],[134.347926,-33.180051],[134.345089,-33.177841],[134.345778,-33.174444],[134.344543,-33.172115],[134.347197,-33.165518],[134.344845,-33.162201],[134.352812,-33.157378],[134.349948,-33.157189],[134.344943,-33.161222],[134.358021,-33.15099],[134.358478,-33.148284],[134.351337,-33.138964],[134.34747,-33.140222],[134.337575,-33.13766],[134.32623,-33.131968],[134.323685,-33.127857],[134.316555,-33.125241],[134.321631,-33.118275],[134.317876,-33.116706],[134.318711,-33.118389],[134.316579,-33.11825],[134.312602,-33.111997],[134.305372,-33.112878],[134.292351,-33.118551],[134.291541,-33.117483],[134.292794,-33.117444],[134.287662,-33.113721],[134.284417,-33.113282],[134.278789,-33.107417],[134.280039,-33.103346],[134.284244,-33.100382],[134.280167,-33.100714],[134.266145,-33.088007],[134.262845,-33.083357],[134.261009,-33.073078],[134.262956,-33.065059],[134.262441,-33.059992],[134.268384,-33.056981],[134.273142,-33.057781],[134.273892,-33.055325],[134.279573,-33.053313],[134.281747,-33.050423],[134.276285,-33.049486],[134.273805,-33.046699],[134.274236,-33.044498],[134.271545,-33.042309],[134.274133,-33.039114],[134.278489,-33.037591],[134.278543,-33.036215],[134.272854,-33.033869],[134.267377,-33.036293],[134.265337,-33.035364],[134.264021,-33.032111],[134.268116,-33.028018],[134.273032,-33.027176],[134.275549,-33.024769],[134.280663,-33.02484],[134.284086,-33.028492],[134.285018,-33.035458],[134.2813,-33.037369],[134.281492,-33.039406],[134.288245,-33.038106],[134.293345,-33.039969],[134.299691,-33.049203],[134.299105,-33.053836],[134.293487,-33.055779],[134.289991,-33.060359],[134.290049,-33.063754],[134.293936,-33.071463],[134.292574,-33.075906],[134.299185,-33.080101],[134.307055,-33.088969],[134.324374,-33.090612],[134.333531,-33.098522],[134.339661,-33.112628],[134.342153,-33.113665],[134.347566,-33.120477],[134.358482,-33.125327],[134.362435,-33.149505],[134.36688,-33.161055],[134.368893,-33.175885],[134.385501,-33.172979],[134.388558,-33.177331],[134.388866,-33.174756],[134.391782,-33.173513],[134.389873,-33.169292],[134.391896,-33.166077],[134.401051,-33.160348],[134.406823,-33.159525],[134.415471,-33.148849],[134.434369,-33.145371],[134.447565,-33.146899],[134.450893,-33.144643],[134.467057,-33.151302],[134.468955,-33.154201],[134.471779,-33.155213],[134.47892,-33.152874],[134.49574,-33.15727],[134.496752,-33.159847],[134.500334,-33.159189],[134.506212,-33.161394],[134.51409,-33.167778],[134.514537,-33.170294],[134.518227,-33.1707],[134.526175,-33.175561],[134.530352,-33.175063],[134.534259,-33.177623],[134.534454,-33.180911],[134.53632,-33.179693],[134.537,-33.181732],[134.541544,-33.180827],[134.544798,-33.183943],[134.54389,-33.1868],[134.546751,-33.187219],[134.547674,-33.189856],[134.551629,-33.189077],[134.551724,-33.190886],[134.560835,-33.192511],[134.562293,-33.194356],[134.568272,-33.191771],[134.573498,-33.191995],[134.57705,-33.195373],[134.581188,-33.196335],[134.582591,-33.199501],[134.586805,-33.201133],[134.588391,-33.204179],[134.590978,-33.205],[134.595768,-33.203404],[134.596435,-33.206684],[134.599199,-33.206866],[134.596451,-33.209956],[134.597114,-33.211057],[134.603322,-33.213863],[134.605514,-33.217453],[134.608984,-33.217616],[134.609067,-33.220616],[134.611153,-33.2205],[134.610928,-33.22247],[134.612915,-33.222372],[134.618437,-33.227405],[134.617596,-33.229733],[134.623305,-33.233017],[134.62896,-33.239776],[134.629004,-33.243295],[134.630846,-33.245149],[134.634857,-33.239516],[134.633807,-33.236539],[134.635009,-33.233931],[134.636576,-33.234551],[134.638175,-33.232312],[134.640362,-33.232207],[134.642397,-33.228838],[134.640466,-33.226476],[134.64248,-33.224323],[134.652232,-33.223103],[134.660125,-33.227076],[134.663784,-33.223063],[134.662166,-33.219121],[134.653203,-33.219377],[134.651909,-33.218693],[134.654014,-33.218098],[134.652976,-33.217403],[134.641913,-33.221417],[134.635538,-33.218779],[134.631226,-33.213737],[134.631612,-33.210221],[134.623156,-33.197887],[134.62839,-33.194835],[134.635767,-33.198834],[134.644517,-33.19497],[134.647452,-33.195376],[134.643467,-33.194157],[134.641045,-33.190499],[134.640761,-33.182705],[134.637123,-33.180937],[134.63537,-33.18787],[134.625548,-33.195099],[134.620967,-33.194197],[134.613481,-33.18908],[134.606572,-33.197379],[134.598192,-33.196543],[134.57637,-33.189302],[134.573751,-33.185621],[134.57474,-33.182098],[134.56968,-33.178595],[134.558342,-33.163391],[134.558272,-33.161434],[134.560376,-33.15969],[134.578492,-33.151819],[134.588796,-33.140124],[134.595159,-33.138776],[134.601075,-33.14117]]],[[[134.275872,-32.675349],[134.27449,-32.674234],[134.269857,-32.676408],[134.266507,-32.674561],[134.261185,-32.674336],[134.259741,-32.678637],[134.268464,-32.680136],[134.270468,-32.682357],[134.276997,-32.681783],[134.279586,-32.679952],[134.27531,-32.677192],[134.275872,-32.675349]]],[[[134.276489,-32.696227],[134.280642,-32.695198],[134.278125,-32.693979],[134.276489,-32.696227]]]]}},{"type":"Feature","properties":{"code":"AU-LGA-47630","name":"Tatiara","label":"Tatiara","type":"Local government area","parentCode":"AU-SA"},"geometry":{"type":"Polygon","coordinates":[[[140.046869,-36.253919],[140.046317,-36.440729],[140.048525,-36.445459],[140.046065,-36.451559],[140.046285,-36.466575],[140.431825,-36.466442],[140.431433,-36.702416],[140.486941,-36.694581],[140.48604,-36.692397],[140.516605,-36.694485],[140.535699,-36.690632],[140.546895,-36.690613],[140.548672,-36.692632],[140.611924,-36.692492],[140.612106,-36.668961],[140.968907,-36.668964],[140.96317,-35.742198],[140.520332,-35.746658],[140.520403,-35.811533],[140.454866,-35.811974],[140.454757,-36.033537],[140.046788,-36.032682],[140.046869,-36.253919]]]}},{"type":"Feature","properties":{"code":"AU-LGA-47700","name":"Tea Tree Gully","label":"Tea Tree Gully","type":"Local government area","parentCode":"AU-SA"},"geometry":{"type":"Polygon","coordinates":[[[138.722702,-34.859186],[138.728803,-34.859438],[138.731348,-34.85589],[138.732651,-34.85913],[138.736308,-34.858991],[138.738972,-34.860753],[138.740439,-34.859104],[138.742435,-34.862128],[138.747743,-34.861473],[138.745015,-34.863595],[138.752027,-34.866058],[138.753209,-34.869128],[138.756265,-34.866572],[138.752184,-34.85868],[138.747722,-34.855586],[138.747375,-34.85184],[138.744947,-34.849563],[138.747669,-34.841795],[138.746175,-34.836954],[138.756105,-34.821059],[138.753142,-34.820317],[138.753443,-34.817067],[138.749016,-34.813723],[138.750859,-34.806965],[138.758368,-34.801004],[138.76176,-34.794228],[138.758671,-34.786519],[138.759302,-34.784723],[138.753774,-34.78422],[138.763829,-34.778452],[138.766697,-34.778253],[138.768039,-34.781162],[138.769613,-34.780897],[138.768772,-34.779539],[138.772948,-34.77349],[138.771681,-34.771532],[138.77257,-34.770276],[138.775259,-34.768479],[138.780154,-34.768219],[138.77876,-34.764437],[138.76903,-34.756762],[138.768481,-34.753463],[138.771367,-34.74586],[138.770801,-34.741351],[138.775774,-34.734834],[138.771403,-34.73424],[138.766409,-34.740222],[138.765983,-34.743458],[138.755651,-34.744847],[138.756178,-34.748694],[138.751812,-34.749075],[138.750092,-34.743483],[138.744139,-34.74143],[138.739094,-34.742223],[138.737325,-34.74075],[138.738195,-34.738077],[138.736851,-34.735826],[138.731367,-34.736277],[138.722312,-34.746252],[138.722793,-34.750741],[138.720024,-34.75545],[138.713075,-34.755915],[138.709399,-34.753379],[138.707632,-34.755644],[138.704865,-34.752626],[138.700795,-34.756242],[138.699294,-34.75478],[138.697661,-34.75956],[138.693317,-34.763371],[138.693899,-34.765917],[138.691807,-34.765579],[138.687369,-34.771897],[138.689973,-34.775466],[138.690825,-34.785829],[138.684487,-34.786051],[138.684899,-34.791484],[138.671849,-34.792132],[138.673085,-34.807813],[138.666325,-34.808187],[138.669475,-34.844999],[138.659695,-34.845536],[138.663632,-34.85358],[138.665707,-34.853545],[138.666119,-34.857442],[138.667629,-34.857357],[138.668396,-34.867873],[138.670883,-34.86805],[138.673259,-34.865246],[138.677434,-34.868464],[138.685271,-34.865937],[138.690223,-34.866048],[138.695315,-34.86036],[138.69991,-34.859525],[138.702004,-34.861152],[138.704877,-34.859278],[138.707977,-34.860706],[138.709501,-34.857003],[138.717317,-34.863072],[138.719276,-34.862658],[138.718359,-34.859051],[138.722702,-34.859186]]]}},{"type":"Feature","properties":{"code":"AU-LGA-47800","name":"Coorong","label":"Coorong","type":"Local government area","parentCode":"AU-SA"},"geometry":{"type":"MultiPolygon","coordinates":[[[[139.262692,-35.727283],[139.261569,-35.727466],[139.263725,-35.727539],[139.262692,-35.727283]]],[[[139.22788,-35.688701],[139.227427,-35.688524],[139.22775,-35.688959],[139.22788,-35.688701]]],[[[139.266601,-35.723731],[139.260087,-35.726989],[139.266106,-35.726954],[139.266601,-35.723731]]],[[[139.270464,-35.726882],[139.270329,-35.728639],[139.273128,-35.727647],[139.270464,-35.726882]]],[[[139.267989,-35.732411],[139.269519,-35.732119],[139.26925,-35.731203],[139.267989,-35.732411]]],[[[139.670738,-36.248731],[140.046869,-36.253919],[140.046788,-36.032682],[140.454757,-36.033537],[140.454866,-35.811974],[140.520403,-35.811533],[140.520332,-35.746658],[140.253162,-35.747976],[140.25331,-35.648908],[140.106342,-35.649283],[140.104372,-35.586818],[140.133052,-35.558162],[140.115874,-35.54674],[140.135583,-35.537921],[140.129354,-35.537934],[140.128957,-35.490152],[140.075826,-35.490247],[140.076404,-35.328532],[140.075714,-35.294824],[140.074388,-35.291106],[139.89418,-35.290942],[139.894235,-35.21863],[139.619607,-35.218696],[139.619935,-35.182948],[139.358447,-35.183082],[139.365316,-35.1878],[139.36125,-35.196914],[139.400138,-35.217381],[139.417044,-35.232677],[139.445941,-35.249962],[139.453408,-35.257972],[139.456732,-35.273791],[139.454392,-35.279589],[139.449629,-35.284637],[139.430202,-35.295537],[139.421637,-35.298175],[139.394592,-35.301178],[139.388763,-35.303768],[139.383388,-35.308548],[139.379346,-35.319715],[139.380373,-35.323841],[139.387696,-35.334668],[139.387966,-35.347791],[139.378233,-35.357408],[139.366217,-35.364652],[139.351627,-35.383087],[139.34355,-35.396036],[139.331932,-35.404059],[139.329231,-35.416268],[139.046736,-35.500936],[139.033466,-35.513256],[139.029761,-35.514032],[139.022378,-35.512031],[139.016338,-35.515177],[139.006924,-35.512752],[139.00174,-35.513074],[138.990508,-35.516383],[138.989655,-35.518855],[138.986849,-35.520223],[138.981032,-35.518245],[138.965959,-35.528793],[138.966281,-35.541332],[138.963017,-35.545358],[138.943056,-35.5558],[138.935146,-35.55579],[138.931542,-35.562427],[138.926097,-35.558896],[138.917712,-35.561235],[138.907711,-35.556397],[138.899404,-35.554867],[138.880775,-35.555772],[138.878096,-35.558853],[138.892271,-35.563733],[138.942103,-35.587048],[138.986952,-35.610382],[139.031916,-35.635551],[139.102773,-35.679621],[139.211964,-35.754546],[139.268456,-35.798194],[139.330517,-35.850544],[139.413546,-35.927231],[139.484133,-35.999849],[139.523027,-36.043492],[139.550537,-36.076507],[139.593922,-36.132738],[139.649017,-36.212158],[139.670738,-36.248731]],[[139.174395,-35.51834],[139.173316,-35.515825],[139.17556,-35.513672],[139.178737,-35.513484],[139.181557,-35.515646],[139.193468,-35.510546],[139.198643,-35.511688],[139.202556,-35.514715],[139.214578,-35.515363],[139.217679,-35.518069],[139.220301,-35.516936],[139.228118,-35.517966],[139.244555,-35.528592],[139.24945,-35.529076],[139.252168,-35.532335],[139.258127,-35.532336],[139.261443,-35.538161],[139.280534,-35.542411],[139.282909,-35.545123],[139.292143,-35.549555],[139.292457,-35.551093],[139.307475,-35.557941],[139.320345,-35.567571],[139.335683,-35.573975],[139.360942,-35.590555],[139.375175,-35.604428],[139.372897,-35.606375],[139.375846,-35.607665],[139.374875,-35.609316],[139.361408,-35.609567],[139.350651,-35.61778],[139.347659,-35.634998],[139.346,-35.63628],[139.347305,-35.640712],[139.343782,-35.671227],[139.34141,-35.681266],[139.337133,-35.687281],[139.33073,-35.689622],[139.313712,-35.68981],[139.311287,-35.689333],[139.309041,-35.686221],[139.30042,-35.683548],[139.281203,-35.690289],[139.271188,-35.696955],[139.261264,-35.699554],[139.260455,-35.701494],[139.264901,-35.701568],[139.262339,-35.706917],[139.266382,-35.706697],[139.273073,-35.709886],[139.273027,-35.714062],[139.271051,-35.715525],[139.26885,-35.713585],[139.268266,-35.715598],[139.270601,-35.718384],[139.270375,-35.72157],[139.273116,-35.720837],[139.275226,-35.72212],[139.27554,-35.72765],[139.273339,-35.727504],[139.273428,-35.730617],[139.266463,-35.735305],[139.258916,-35.733876],[139.258558,-35.732519],[139.262691,-35.731824],[139.262062,-35.730616],[139.263725,-35.729224],[139.259825,-35.728454],[139.257546,-35.729833],[139.256764,-35.724901],[139.25353,-35.723544],[139.255866,-35.721274],[139.255149,-35.719332],[139.258069,-35.718161],[139.2556,-35.714534],[139.259013,-35.715084],[139.26162,-35.710322],[139.259105,-35.708968],[139.256185,-35.710577],[139.256591,-35.70783],[139.252773,-35.707244],[139.256143,-35.705487],[139.254616,-35.703838],[139.255112,-35.699515],[139.247158,-35.695991],[139.235479,-35.695927],[139.231452,-35.694443],[139.221224,-35.68366],[139.219384,-35.68372],[139.225685,-35.677664],[139.223183,-35.671542],[139.219864,-35.669425],[139.217382,-35.671071],[139.216689,-35.670091],[139.218217,-35.670144],[139.216043,-35.666949],[139.212993,-35.671604],[139.209478,-35.673225],[139.211705,-35.670009],[139.20976,-35.669301],[139.21352,-35.666468],[139.210816,-35.66138],[139.216354,-35.662217],[139.217411,-35.658869],[139.216691,-35.661077],[139.206508,-35.659195],[139.206259,-35.657943],[139.208826,-35.658359],[139.209154,-35.65678],[139.205749,-35.65708],[139.203847,-35.656226],[139.204482,-35.654314],[139.199077,-35.653358],[139.199174,-35.651415],[139.202784,-35.652394],[139.200688,-35.650808],[139.200018,-35.646348],[139.203595,-35.647987],[139.202264,-35.648773],[139.203222,-35.651839],[139.210716,-35.651704],[139.234418,-35.642743],[139.254775,-35.639369],[139.255539,-35.637245],[139.261687,-35.634059],[139.265503,-35.624609],[139.259761,-35.624535],[139.254153,-35.622154],[139.248327,-35.624715],[139.244468,-35.622496],[139.235171,-35.626576],[139.228236,-35.625277],[139.228553,-35.627691],[139.22646,-35.628487],[139.22413,-35.626431],[139.216644,-35.626821],[139.213227,-35.624228],[139.215014,-35.619223],[139.210933,-35.617079],[139.21193,-35.615307],[139.210003,-35.615406],[139.210841,-35.614661],[139.208873,-35.612708],[139.21773,-35.61142],[139.231477,-35.60556],[139.244467,-35.593582],[139.244869,-35.591055],[139.249904,-35.58599],[139.252372,-35.577481],[139.250502,-35.578505],[139.246075,-35.587309],[139.237958,-35.586421],[139.236351,-35.584538],[139.236468,-35.581386],[139.238288,-35.580445],[139.238105,-35.575832],[139.241298,-35.571832],[139.236844,-35.571122],[139.24168,-35.570765],[139.244627,-35.565632],[139.253221,-35.559256],[139.259645,-35.550444],[139.250763,-35.554154],[139.248471,-35.553892],[139.248575,-35.552389],[139.241761,-35.552444],[139.239393,-35.547629],[139.240956,-35.545823],[139.234495,-35.543272],[139.234941,-35.540922],[139.22881,-35.54148],[139.226558,-35.538652],[139.228048,-35.534675],[139.225986,-35.534666],[139.22349,-35.530851],[139.212034,-35.529537],[139.207952,-35.531643],[139.203055,-35.528776],[139.199247,-35.528863],[139.190711,-35.525494],[139.187092,-35.52609],[139.188021,-35.527727],[139.185322,-35.527249],[139.177457,-35.519143],[139.174395,-35.51834]]],[[[139.244372,-35.582719],[139.24567,-35.58272],[139.245201,-35.582331],[139.244372,-35.582719]]],[[[139.248284,-35.581666],[139.247987,-35.581551],[139.247919,-35.581711],[139.248284,-35.581666]]]]}},{"type":"Feature","properties":{"code":"AU-LGA-47910","name":"Tumby Bay","label":"Tumby Bay","type":"Local government area","parentCode":"AU-SA"},"geometry":{"type":"Polygon","coordinates":[[[136.495606,-33.992972],[136.49564,-33.986003],[135.930371,-33.986692],[135.930561,-33.850201],[135.77745,-33.850085],[135.777378,-34.477328],[136.034956,-34.477362],[136.034958,-34.480423],[136.059993,-34.479375],[136.076739,-34.486327],[136.083405,-34.496191],[136.083523,-34.500506],[136.076474,-34.505692],[136.073233,-34.506189],[136.081917,-34.510533],[136.091289,-34.520827],[136.091516,-34.527647],[136.083521,-34.53221],[136.086255,-34.535056],[136.08506,-34.540234],[136.088792,-34.543822],[136.092181,-34.54272],[136.09563,-34.539251],[136.096132,-34.534705],[136.098968,-34.53162],[136.095563,-34.528145],[136.096287,-34.524581],[136.112526,-34.515803],[136.110109,-34.512178],[136.1124,-34.507376],[136.112847,-34.499675],[136.117121,-34.495115],[136.115784,-34.491668],[136.117544,-34.48925],[136.116485,-34.48555],[136.113336,-34.486092],[136.110807,-34.484137],[136.109925,-34.47842],[136.111895,-34.473643],[136.121777,-34.467407],[136.116028,-34.463794],[136.114097,-34.45904],[136.115222,-34.455075],[136.114424,-34.447184],[136.118302,-34.443382],[136.118858,-34.439308],[136.116807,-34.437453],[136.119475,-34.433744],[136.116543,-34.429771],[136.116695,-34.425725],[136.109629,-34.425088],[136.107168,-34.43061],[136.104575,-34.432569],[136.095263,-34.432696],[136.091808,-34.429558],[136.095016,-34.427114],[136.100055,-34.418887],[136.103401,-34.420035],[136.102664,-34.4179],[136.106739,-34.422152],[136.111416,-34.412685],[136.116367,-34.408408],[136.121877,-34.406801],[136.130156,-34.407097],[136.117953,-34.402098],[136.114794,-34.396985],[136.112871,-34.388862],[136.110704,-34.386454],[136.107594,-34.387473],[136.103788,-34.382514],[136.103737,-34.376322],[136.110402,-34.361848],[136.11954,-34.351703],[136.133693,-34.342726],[136.151253,-34.339192],[136.175199,-34.339922],[136.187849,-34.334826],[136.219908,-34.309157],[136.233592,-34.296122],[136.240171,-34.287368],[136.245856,-34.283274],[136.247656,-34.278875],[136.252919,-34.275477],[136.253268,-34.272394],[136.260581,-34.26769],[136.262368,-34.263428],[136.261546,-34.259107],[136.26972,-34.243816],[136.266799,-34.24307],[136.265476,-34.240377],[136.266527,-34.239789],[136.266934,-34.24249],[136.270148,-34.233805],[136.274279,-34.231209],[136.274934,-34.227172],[136.277618,-34.225579],[136.278014,-34.220821],[136.282547,-34.220499],[136.285662,-34.217619],[136.283826,-34.216302],[136.28425,-34.214775],[136.287872,-34.214978],[136.289602,-34.211874],[136.293734,-34.209796],[136.293758,-34.206964],[136.298003,-34.204324],[136.297745,-34.201185],[136.300323,-34.201592],[136.300473,-34.199241],[136.298978,-34.198364],[136.300459,-34.196096],[136.312248,-34.191267],[136.312448,-34.187265],[136.315039,-34.187287],[136.316144,-34.184417],[136.324397,-34.181589],[136.325046,-34.17864],[136.322757,-34.177194],[136.322593,-34.171817],[136.326603,-34.168553],[136.324975,-34.167897],[136.325317,-34.16403],[136.330754,-34.161431],[136.33146,-34.159333],[136.329343,-34.159207],[136.32862,-34.157406],[136.329307,-34.153408],[136.333116,-34.150796],[136.331386,-34.148112],[136.33645,-34.143463],[136.342881,-34.142067],[136.341877,-34.14018],[136.343534,-34.138295],[136.343083,-34.135218],[136.345241,-34.133759],[136.347804,-34.127294],[136.350852,-34.12652],[136.351588,-34.123731],[136.353935,-34.122378],[136.356859,-34.122744],[136.353929,-34.120072],[136.354306,-34.11638],[136.351361,-34.117835],[136.347974,-34.114574],[136.350619,-34.104166],[136.347625,-34.102308],[136.346696,-34.099482],[136.350728,-34.092773],[136.356013,-34.088696],[136.355296,-34.083471],[136.357876,-34.081143],[136.358504,-34.075445],[136.363144,-34.069335],[136.39873,-34.041557],[136.409063,-34.032689],[136.411214,-34.028726],[136.431473,-34.015933],[136.434757,-34.011581],[136.447747,-34.005014],[136.468165,-34.002116],[136.495606,-33.992972]]]}},{"type":"Feature","properties":{"code":"AU-LGA-47980","name":"Unley","label":"Unley","type":"Local government area","parentCode":"AU-SA"},"geometry":{"type":"Polygon","coordinates":[[[138.582891,-34.942371],[138.571881,-34.953029],[138.57299,-34.967253],[138.644081,-34.963312],[138.634394,-34.951767],[138.615682,-34.940555],[138.582891,-34.942371]]]}},{"type":"Feature","properties":{"code":"AU-LGA-48050","name":"Victor Harbor","label":"Victor Harbor","type":"Local government area","parentCode":"AU-SA"},"geometry":{"type":"MultiPolygon","coordinates":[[[[138.607528,-35.584105],[138.60782,-35.582113],[138.60628,-35.58291],[138.607528,-35.584105]]],[[[138.64366,-35.577401],[138.645351,-35.576943],[138.644536,-35.576347],[138.64366,-35.577401]]],[[[138.592995,-35.606896],[138.589292,-35.608741],[138.589511,-35.610864],[138.593236,-35.610249],[138.592995,-35.606896]]],[[[138.626029,-35.56511],[138.63074,-35.566854],[138.635539,-35.563821],[138.629315,-35.562066],[138.6261,-35.56333],[138.626029,-35.56511]]],[[[138.437259,-35.629939],[138.450554,-35.630344],[138.456712,-35.632687],[138.465786,-35.630249],[138.479636,-35.634771],[138.483086,-35.63233],[138.494529,-35.633516],[138.510906,-35.637828],[138.522367,-35.642954],[138.555702,-35.619145],[138.559302,-35.613685],[138.565943,-35.608515],[138.57471,-35.605649],[138.580776,-35.605767],[138.582362,-35.604262],[138.581992,-35.601225],[138.592276,-35.594534],[138.600098,-35.59227],[138.602275,-35.594663],[138.603781,-35.594269],[138.606056,-35.590297],[138.598037,-35.585579],[138.598227,-35.579455],[138.612686,-35.565211],[138.6132,-35.561818],[138.619903,-35.557766],[138.626011,-35.557897],[138.625378,-35.55052],[138.631388,-35.543912],[138.652627,-35.538387],[138.649433,-35.524388],[138.65246,-35.523838],[138.650672,-35.506151],[138.652154,-35.506257],[138.653372,-35.491234],[138.654949,-35.491037],[138.654005,-35.483329],[138.651793,-35.47159],[138.644789,-35.470985],[138.649145,-35.467566],[138.64984,-35.462133],[138.642843,-35.457267],[138.641153,-35.439245],[138.633945,-35.432822],[138.632525,-35.405441],[138.629766,-35.39784],[138.625883,-35.394609],[138.619664,-35.391534],[138.616427,-35.393049],[138.611197,-35.389521],[138.599898,-35.394818],[138.598913,-35.39254],[138.59539,-35.390666],[138.593129,-35.39128],[138.589146,-35.389122],[138.58094,-35.3903],[138.57849,-35.38927],[138.568455,-35.396547],[138.560607,-35.395072],[138.559797,-35.396912],[138.552447,-35.396262],[138.543477,-35.402657],[138.541292,-35.403185],[138.539979,-35.399813],[138.537937,-35.399602],[138.533766,-35.401447],[138.52856,-35.401392],[138.524845,-35.403006],[138.52638,-35.407592],[138.519568,-35.408633],[138.51729,-35.412208],[138.512153,-35.41351],[138.508675,-35.417982],[138.504041,-35.418426],[138.500142,-35.416871],[138.498826,-35.41795],[138.496583,-35.416142],[138.494858,-35.417097],[138.493893,-35.415138],[138.486279,-35.418394],[138.484396,-35.42841],[138.480352,-35.434493],[138.470402,-35.436978],[138.462454,-35.442193],[138.462892,-35.448155],[138.461368,-35.450935],[138.455407,-35.455019],[138.454033,-35.458979],[138.451267,-35.460957],[138.456018,-35.468673],[138.465629,-35.468584],[138.46939,-35.466058],[138.471142,-35.471515],[138.474099,-35.473967],[138.471527,-35.47604],[138.471131,-35.48722],[138.47389,-35.490538],[138.474827,-35.500716],[138.473574,-35.528165],[138.467795,-35.528041],[138.471698,-35.532706],[138.467313,-35.531186],[138.452015,-35.530748],[138.450879,-35.532248],[138.451907,-35.540227],[138.441052,-35.540189],[138.442286,-35.546907],[138.449708,-35.560239],[138.458497,-35.568902],[138.441737,-35.57982],[138.4451,-35.590577],[138.441364,-35.598059],[138.444166,-35.605722],[138.441454,-35.605425],[138.437259,-35.629939]]]]}},{"type":"Feature","properties":{"code":"AU-LGA-48130","name":"Wakefield","label":"Wakefield","type":"Local government area","parentCode":"AU-SA"},"geometry":{"type":"Polygon","coordinates":[[[138.118397,-34.095035],[138.118435,-34.109838],[138.127847,-34.117198],[138.121812,-34.117191],[138.127168,-34.121703],[138.127257,-34.131905],[138.095765,-34.131781],[138.09403,-34.133873],[138.104776,-34.141063],[138.1069,-34.151255],[138.114338,-34.156657],[138.11929,-34.1644],[138.12297,-34.165902],[138.123244,-34.169045],[138.126023,-34.170219],[138.125842,-34.172342],[138.130318,-34.175341],[138.133948,-34.183115],[138.135691,-34.183246],[138.135837,-34.187874],[138.138,-34.187429],[138.145996,-34.191572],[138.158967,-34.208785],[138.15884,-34.214497],[138.160645,-34.219605],[138.161299,-34.216231],[138.163084,-34.215768],[138.164077,-34.220442],[138.165709,-34.221282],[138.163199,-34.223027],[138.166358,-34.228815],[138.165293,-34.230801],[138.166842,-34.232198],[138.165155,-34.234286],[138.168493,-34.234751],[138.167524,-34.236802],[138.165239,-34.236956],[138.167488,-34.238505],[138.166458,-34.241059],[138.167531,-34.245321],[138.165053,-34.24346],[138.164988,-34.248998],[138.162346,-34.253115],[138.162404,-34.25615],[138.155315,-34.260961],[138.153905,-34.259186],[138.151834,-34.261063],[138.150637,-34.260865],[138.151618,-34.259548],[138.148689,-34.259963],[138.146117,-34.265422],[138.149536,-34.269532],[138.155636,-34.271845],[138.168565,-34.270091],[138.176965,-34.271616],[138.177808,-34.270127],[138.184697,-34.269619],[138.195106,-34.274091],[138.207171,-34.294025],[138.217774,-34.304045],[138.223036,-34.311248],[138.226947,-34.322594],[138.226996,-34.329598],[138.230862,-34.344382],[138.284031,-34.344366],[138.304216,-34.346342],[138.611623,-34.344863],[138.63045,-34.389045],[138.631161,-34.383711],[138.636611,-34.381921],[138.636544,-34.378356],[138.641215,-34.380599],[138.64314,-34.378247],[138.648036,-34.379912],[138.65622,-34.377146],[138.65722,-34.375461],[138.655976,-34.373323],[138.662204,-34.368055],[138.666793,-34.361113],[138.670116,-34.362762],[138.67319,-34.361533],[138.678822,-34.362544],[138.682422,-34.360013],[138.682409,-34.364825],[138.687483,-34.366142],[138.690207,-34.36263],[138.694996,-34.361087],[138.700739,-34.361571],[138.70136,-34.359393],[138.70474,-34.358459],[138.693342,-34.349993],[138.689413,-34.34514],[138.682574,-34.342799],[138.681092,-34.339821],[138.684316,-34.340213],[138.686643,-34.336778],[138.689939,-34.325665],[138.693824,-34.321021],[138.697714,-34.305532],[138.695524,-34.301026],[138.691057,-34.298183],[138.690556,-34.29244],[138.686636,-34.285062],[138.685383,-34.267712],[138.683033,-34.266678],[138.677125,-34.257501],[138.677469,-34.249135],[138.670708,-34.243112],[138.673353,-34.234694],[138.672198,-34.229567],[138.668885,-34.225288],[138.668156,-34.217594],[138.659315,-34.211999],[138.637921,-34.216157],[138.638772,-34.197912],[138.629651,-34.169619],[138.608544,-34.140462],[138.589352,-34.145542],[138.586088,-34.143634],[138.582618,-34.144364],[138.578105,-34.140843],[138.577039,-34.142232],[138.554501,-34.14021],[138.563516,-34.070282],[138.576019,-34.049221],[138.58515,-33.991326],[138.593336,-33.972912],[138.594638,-33.94641],[138.570195,-33.950536],[138.531026,-33.796864],[138.549026,-33.793647],[138.548224,-33.78945],[138.542241,-33.783854],[138.5435,-33.773839],[138.541034,-33.767462],[138.543741,-33.766331],[138.543191,-33.761914],[138.547262,-33.752486],[138.544305,-33.749471],[138.544055,-33.746907],[138.547018,-33.741858],[138.547654,-33.724485],[138.546211,-33.720608],[138.543142,-33.67807],[138.545069,-33.666709],[138.544498,-33.659134],[138.546643,-33.657112],[138.547307,-33.652421],[138.548861,-33.6351],[138.547937,-33.63228],[138.550655,-33.625877],[138.084952,-33.626203],[138.084388,-33.991092],[138.144738,-33.991157],[138.144813,-34.09282],[138.11839,-34.092884],[138.118397,-34.095035]]]}},{"type":"Feature","properties":{"code":"AU-LGA-48260","name":"Walkerville","label":"Walkerville","type":"Local government area","parentCode":"AU-SA"},"geometry":{"type":"Polygon","coordinates":[[[138.597336,-34.898603],[138.609943,-34.90216],[138.612716,-34.905435],[138.613083,-34.909502],[138.615288,-34.905212],[138.613896,-34.899693],[138.61833,-34.901003],[138.617983,-34.895719],[138.622292,-34.896299],[138.621729,-34.893448],[138.626622,-34.893752],[138.628092,-34.890183],[138.635202,-34.887356],[138.626451,-34.879338],[138.609507,-34.893289],[138.603388,-34.893558],[138.597336,-34.898603]]]}},{"type":"Feature","properties":{"code":"AU-LGA-48340","name":"Wattle Range","label":"Wattle Range","type":"Local government area","parentCode":"AU-SA"},"geometry":{"type":"MultiPolygon","coordinates":[[[[140.011863,-37.494221],[140.009647,-37.494731],[140.010128,-37.496041],[140.011785,-37.496053],[140.011863,-37.494221]]],[[[140.013113,-37.498682],[140.014845,-37.499731],[140.013895,-37.497698],[140.013113,-37.498682]]],[[[140.004622,-37.499055],[140.006349,-37.499992],[140.005418,-37.498683],[140.004622,-37.499055]]],[[[140.013172,-37.496596],[140.013082,-37.49689],[140.013721,-37.497139],[140.013172,-37.496596]]],[[[140.134901,-37.591097],[140.135468,-37.590713],[140.134815,-37.590781],[140.134901,-37.591097]]],[[[140.151328,-37.602461],[140.151556,-37.601944],[140.151075,-37.602214],[140.151328,-37.602461]]],[[[140.130963,-37.589347],[140.130609,-37.589608],[140.131048,-37.589565],[140.130963,-37.589347]]],[[[140.13107,-37.589559],[140.131331,-37.589349],[140.130982,-37.589346],[140.13107,-37.589559]]],[[[140.296782,-37.75553],[140.366148,-37.755381],[140.370938,-37.76713],[140.379201,-37.777708],[140.380132,-37.784936],[140.388642,-37.796874],[140.389085,-37.804972],[140.387078,-37.811617],[140.388215,-37.814614],[140.386205,-37.818205],[140.388498,-37.82465],[140.392828,-37.829681],[140.393608,-37.839702],[140.400082,-37.840032],[140.40744,-37.8374],[140.423606,-37.836952],[140.439905,-37.83248],[140.446917,-37.828324],[140.459018,-37.828589],[140.473074,-37.818979],[140.480184,-37.818986],[140.466996,-37.802057],[140.46966,-37.802076],[140.469873,-37.78532],[140.476113,-37.785384],[140.476496,-37.754991],[140.609499,-37.754613],[140.609715,-37.73803],[140.616935,-37.735497],[140.679905,-37.735243],[140.679337,-37.71467],[140.68626,-37.714612],[140.685454,-37.706998],[140.680026,-37.697776],[140.675741,-37.69582],[140.675673,-37.664553],[140.677552,-37.664354],[140.675366,-37.654551],[140.667299,-37.642066],[140.678727,-37.616481],[140.67656,-37.610241],[140.972784,-37.611365],[140.973879,-37.46208],[140.973025,-37.310114],[140.970927,-37.228753],[140.971553,-37.17853],[140.612012,-37.176024],[140.611902,-37.309687],[140.610055,-37.321822],[139.873581,-37.320996],[139.868423,-37.339843],[139.87151,-37.348196],[139.881934,-37.360258],[139.88986,-37.37515],[139.910112,-37.388913],[139.924422,-37.405362],[139.929342,-37.413549],[139.93023,-37.418237],[139.939234,-37.422847],[139.946734,-37.429316],[139.951164,-37.437605],[139.949192,-37.440516],[139.95068,-37.441658],[139.949231,-37.441807],[139.951366,-37.442204],[139.951093,-37.443354],[139.95495,-37.441697],[139.960113,-37.44335],[139.962671,-37.448115],[139.97014,-37.455073],[139.969281,-37.45676],[139.971981,-37.456497],[139.973308,-37.46027],[139.984628,-37.468117],[139.985273,-37.47089],[139.990293,-37.470981],[139.996583,-37.47673],[139.99766,-37.480085],[139.995263,-37.481377],[139.996877,-37.482973],[139.993617,-37.483001],[139.993124,-37.485877],[139.99773,-37.484425],[139.999973,-37.487189],[139.997264,-37.484612],[139.998457,-37.486419],[139.996293,-37.488311],[139.997994,-37.487288],[139.999917,-37.489521],[140.001655,-37.487239],[140.005948,-37.487675],[140.011354,-37.493112],[140.016154,-37.490305],[140.014666,-37.488092],[140.015069,-37.482206],[140.020096,-37.476939],[140.032201,-37.474423],[140.04983,-37.478604],[140.060085,-37.484408],[140.077469,-37.503403],[140.095728,-37.512374],[140.11881,-37.528631],[140.129786,-37.543734],[140.131661,-37.550553],[140.131319,-37.556211],[140.12815,-37.564717],[140.120759,-37.569343],[140.11614,-37.57023],[140.111488,-37.565628],[140.1078,-37.565152],[140.108023,-37.567587],[140.112264,-37.571342],[140.11137,-37.573675],[140.113494,-37.575435],[140.11272,-37.578404],[140.115203,-37.580163],[140.115475,-37.578737],[140.120898,-37.579574],[140.122892,-37.584387],[140.127608,-37.58515],[140.127989,-37.587612],[140.132677,-37.588431],[140.134336,-37.587117],[140.137223,-37.592809],[140.144858,-37.594469],[140.149531,-37.597851],[140.1515,-37.601401],[140.157367,-37.602904],[140.164158,-37.607094],[140.16811,-37.612037],[140.170556,-37.611863],[140.178716,-37.61721],[140.2033,-37.639809],[140.237253,-37.674148],[140.25854,-37.699021],[140.279742,-37.726873],[140.284582,-37.737063],[140.293297,-37.747887],[140.296782,-37.75553]]]]}},{"type":"Feature","properties":{"code":"AU-LGA-48410","name":"West Torrens","label":"West Torrens","type":"Local government area","parentCode":"AU-SA"},"geometry":{"type":"Polygon","coordinates":[[[138.503014,-34.95136],[138.504856,-34.958627],[138.508246,-34.964316],[138.516632,-34.963914],[138.516731,-34.962671],[138.519068,-34.965169],[138.523051,-34.964961],[138.524928,-34.970919],[138.528416,-34.970816],[138.528785,-34.974436],[138.531962,-34.973766],[138.532425,-34.975601],[138.537788,-34.975925],[138.572306,-34.958452],[138.571881,-34.953029],[138.582891,-34.942371],[138.577002,-34.909156],[138.561781,-34.912332],[138.555573,-34.910946],[138.554227,-34.913929],[138.54771,-34.913735],[138.542683,-34.917705],[138.540865,-34.915092],[138.536175,-34.916303],[138.536771,-34.91764],[138.535038,-34.918551],[138.525367,-34.91763],[138.517043,-34.925092],[138.511175,-34.921745],[138.506313,-34.922088],[138.508123,-34.934966],[138.509435,-34.935625],[138.507648,-34.936873],[138.508436,-34.951017],[138.503014,-34.95136]]]}},{"type":"Feature","properties":{"code":"AU-LGA-48540","name":"Whyalla","label":"Whyalla","type":"Local government area","parentCode":"AU-SA"},"geometry":{"type":"Polygon","coordinates":[[[137.801751,-32.765106],[137.614761,-32.877497],[137.506678,-32.877551],[137.313357,-33.009399],[137.313476,-33.15438],[137.278819,-33.154372],[137.279074,-33.326137],[137.378348,-33.325853],[137.378078,-33.321002],[137.381138,-33.313677],[137.380202,-33.307958],[137.379234,-33.308818],[137.380679,-33.304965],[137.378822,-33.306042],[137.378755,-33.30361],[137.384534,-33.298494],[137.381709,-33.299767],[137.383184,-33.296808],[137.380517,-33.296015],[137.378833,-33.298386],[137.376367,-33.298745],[137.378765,-33.296634],[137.374442,-33.292713],[137.384689,-33.296037],[137.385376,-33.298325],[137.38576,-33.295032],[137.388818,-33.29217],[137.383499,-33.290879],[137.388267,-33.290386],[137.389271,-33.291916],[137.393694,-33.289877],[137.392558,-33.28953],[137.393256,-33.287067],[137.391792,-33.288454],[137.38925,-33.287792],[137.389746,-33.285304],[137.394197,-33.283197],[137.393039,-33.285318],[137.394564,-33.286412],[137.397542,-33.285286],[137.397897,-33.281007],[137.39585,-33.282326],[137.396127,-33.279675],[137.398628,-33.27922],[137.399458,-33.27627],[137.407975,-33.272193],[137.408834,-33.270808],[137.405936,-33.271226],[137.40611,-33.269677],[137.407956,-33.270113],[137.41102,-33.267777],[137.410176,-33.264547],[137.414352,-33.255491],[137.423691,-33.246879],[137.42366,-33.243299],[137.431046,-33.233784],[137.431171,-33.231487],[137.43418,-33.229839],[137.429898,-33.232248],[137.432267,-33.229273],[137.43189,-33.225948],[137.438888,-33.216543],[137.438253,-33.198069],[137.440486,-33.194778],[137.439072,-33.182811],[137.443232,-33.171678],[137.44201,-33.159661],[137.441272,-33.161121],[137.443416,-33.155893],[137.442272,-33.152164],[137.446444,-33.146065],[137.444183,-33.148552],[137.444143,-33.14651],[137.449084,-33.142276],[137.448271,-33.139796],[137.449886,-33.140467],[137.453311,-33.135839],[137.451987,-33.130688],[137.455054,-33.132858],[137.456113,-33.130875],[137.45431,-33.129464],[137.456436,-33.129822],[137.456589,-33.134932],[137.454906,-33.133741],[137.45415,-33.135608],[137.457608,-33.135559],[137.457337,-33.132371],[137.462035,-33.128666],[137.468924,-33.129461],[137.466762,-33.128437],[137.473798,-33.125014],[137.486083,-33.124644],[137.484254,-33.122693],[137.485051,-33.121312],[137.490149,-33.121418],[137.492429,-33.119861],[137.492978,-33.117289],[137.497024,-33.116987],[137.496611,-33.112974],[137.498469,-33.112809],[137.497652,-33.111181],[137.499759,-33.109608],[137.507937,-33.106727],[137.50898,-33.10842],[137.51156,-33.107773],[137.517298,-33.103305],[137.522307,-33.102152],[137.523553,-33.098677],[137.526327,-33.096738],[137.536031,-33.094804],[137.537612,-33.091],[137.541597,-33.088527],[137.538519,-33.089558],[137.538957,-33.087798],[137.535942,-33.086515],[137.538704,-33.084298],[137.538693,-33.082109],[137.542717,-33.078611],[137.545501,-33.07932],[137.544469,-33.078283],[137.551323,-33.072033],[137.549868,-33.070291],[137.553932,-33.069526],[137.54388,-33.042398],[137.5555,-33.039899],[137.563039,-33.040372],[137.56298,-33.049096],[137.565957,-33.048241],[137.567122,-33.050722],[137.570065,-33.051134],[137.569808,-33.047874],[137.573372,-33.044841],[137.59007,-33.04039],[137.588258,-33.039072],[137.590326,-33.036081],[137.587971,-33.035019],[137.588887,-33.033675],[137.572605,-33.024636],[137.574967,-33.019731],[137.577917,-33.018244],[137.576708,-33.015956],[137.575332,-33.016426],[137.577306,-33.009319],[137.572896,-33.008832],[137.571939,-33.002941],[137.574442,-33.003144],[137.57705,-33.000823],[137.582571,-32.983814],[137.57399,-32.946636],[137.616997,-32.937571],[137.6231,-32.924736],[137.634065,-32.917621],[137.639578,-32.916442],[137.663881,-32.935326],[137.668387,-32.95013],[137.667527,-32.95412],[137.694577,-32.960866],[137.696751,-32.965458],[137.70178,-32.970258],[137.713276,-32.974469],[137.713659,-32.978012],[137.720157,-32.985909],[137.721275,-32.990498],[137.747833,-32.995346],[137.760339,-32.99537],[137.756872,-32.990276],[137.759397,-32.988992],[137.767395,-32.994532],[137.769147,-32.992753],[137.776944,-32.992603],[137.783793,-32.997734],[137.783086,-33.000644],[137.785935,-33.000534],[137.786768,-32.997963],[137.782433,-32.992895],[137.779986,-32.98008],[137.774,-32.9685],[137.759616,-32.949515],[137.756197,-32.940598],[137.756353,-32.936461],[137.750922,-32.926984],[137.750134,-32.922192],[137.75423,-32.910067],[137.758685,-32.907932],[137.762373,-32.911079],[137.768277,-32.910381],[137.772069,-32.913693],[137.790024,-32.915701],[137.78999,-32.911394],[137.791789,-32.911569],[137.793308,-32.909615],[137.793021,-32.904207],[137.7952,-32.898466],[137.799152,-32.893647],[137.798067,-32.883918],[137.79261,-32.871041],[137.796447,-32.868339],[137.8013,-32.86834],[137.801523,-32.86469],[137.799001,-32.862155],[137.810084,-32.854192],[137.81073,-32.852427],[137.808327,-32.849565],[137.811468,-32.845128],[137.810868,-32.840988],[137.809208,-32.840231],[137.810245,-32.833066],[137.80719,-32.829034],[137.80723,-32.823339],[137.804376,-32.817483],[137.805748,-32.812186],[137.803417,-32.805072],[137.80487,-32.797083],[137.800056,-32.792008],[137.800396,-32.782562],[137.796985,-32.782136],[137.796313,-32.780026],[137.798272,-32.776917],[137.799085,-32.76849],[137.801751,-32.765106]]]}},{"type":"Feature","properties":{"code":"AU-LGA-48640","name":"Wudinna","label":"Wudinna","type":"Local government area","parentCode":"AU-SA"},"geometry":{"type":"Polygon","coordinates":[[[134.82086,-33.138339],[134.820844,-33.140595],[135.137129,-33.140801],[135.137424,-33.333282],[135.884862,-33.331236],[135.88465,-33.255364],[135.886896,-33.250336],[135.886652,-33.244744],[135.893847,-33.233997],[135.900847,-33.228468],[135.91087,-33.214157],[135.92577,-33.205642],[135.935637,-33.191191],[135.961501,-33.16772],[135.962922,-33.163382],[135.960439,-33.143681],[135.961163,-33.138209],[135.959948,-33.136359],[135.961242,-33.133643],[135.883422,-33.129307],[135.852355,-33.112721],[135.841986,-33.109268],[135.825973,-33.1075],[135.825643,-33.055437],[135.653263,-33.05635],[135.653098,-32.911122],[135.590203,-32.911423],[135.592685,-32.92667],[135.594573,-32.93247],[135.597045,-32.933973],[135.596132,-32.936263],[135.571676,-32.936408],[135.571567,-32.911508],[135.48084,-32.911963],[135.479958,-32.806776],[135.462073,-32.808787],[135.460359,-32.806757],[135.42456,-32.811094],[135.419841,-32.810013],[135.408136,-32.812713],[135.387479,-32.80617],[135.38791,-32.809795],[135.378278,-32.813333],[135.378103,-32.814656],[135.368718,-32.812722],[135.359664,-32.815074],[135.359563,-32.767414],[135.308519,-32.767479],[135.308514,-32.621612],[135.13659,-32.622195],[135.13652,-32.647022],[134.975047,-32.6472],[134.974973,-32.767474],[134.820501,-32.767275],[134.82086,-33.138339]]]}},{"type":"Feature","properties":{"code":"AU-LGA-48750","name":"Yankalilla","label":"Yankalilla","type":"Local government area","parentCode":"AU-SA"},"geometry":{"type":"Polygon","coordinates":[[[138.437259,-35.629939],[138.441454,-35.605425],[138.444166,-35.605722],[138.441364,-35.598059],[138.4451,-35.590577],[138.441737,-35.57982],[138.458497,-35.568902],[138.449708,-35.560239],[138.442286,-35.546907],[138.441052,-35.540189],[138.451907,-35.540227],[138.450879,-35.532248],[138.452015,-35.530748],[138.467313,-35.531186],[138.471698,-35.532706],[138.467795,-35.528041],[138.473574,-35.528165],[138.474827,-35.500716],[138.47389,-35.490538],[138.471131,-35.48722],[138.471527,-35.47604],[138.474099,-35.473967],[138.471142,-35.471515],[138.46939,-35.466058],[138.465629,-35.468584],[138.456018,-35.468673],[138.451267,-35.460957],[138.454033,-35.458979],[138.455407,-35.455019],[138.461368,-35.450935],[138.462892,-35.448155],[138.462454,-35.442193],[138.470402,-35.436978],[138.47937,-35.435046],[138.482312,-35.432121],[138.484966,-35.426643],[138.486279,-35.418394],[138.493893,-35.415138],[138.494858,-35.417097],[138.496583,-35.416142],[138.498826,-35.41795],[138.500142,-35.416871],[138.504041,-35.418426],[138.508675,-35.417982],[138.512153,-35.41351],[138.51729,-35.412208],[138.519568,-35.408633],[138.52638,-35.407592],[138.524845,-35.403006],[138.526254,-35.402107],[138.537937,-35.399602],[138.539979,-35.399813],[138.541292,-35.403185],[138.546862,-35.400788],[138.551033,-35.396683],[138.556629,-35.395629],[138.559797,-35.396912],[138.560607,-35.395072],[138.568455,-35.396547],[138.577231,-35.389767],[138.584241,-35.389637],[138.587192,-35.381772],[138.582308,-35.377462],[138.587711,-35.374335],[138.590672,-35.369566],[138.586246,-35.359799],[138.587076,-35.356197],[138.581846,-35.353206],[138.578484,-35.354047],[138.575838,-35.351342],[138.563234,-35.354888],[138.55913,-35.354391],[138.54086,-35.36168],[138.539572,-35.359757],[138.535096,-35.359387],[138.537347,-35.355206],[138.525325,-35.355253],[138.526401,-35.353901],[138.525088,-35.341224],[138.519873,-35.340392],[138.515758,-35.337184],[138.521541,-35.329129],[138.520057,-35.324137],[138.51634,-35.322695],[138.512192,-35.324567],[138.512886,-35.328027],[138.507171,-35.330748],[138.502215,-35.330283],[138.49178,-35.337584],[138.483318,-35.347796],[138.480098,-35.348791],[138.472169,-35.346238],[138.461947,-35.350282],[138.457624,-35.350233],[138.442977,-35.342527],[138.439954,-35.351408],[138.425852,-35.356399],[138.411333,-35.36602],[138.39146,-35.368807],[138.384884,-35.373549],[138.381169,-35.37103],[138.362657,-35.378471],[138.359225,-35.382985],[138.34756,-35.390635],[138.34126,-35.39285],[138.332206,-35.40266],[138.326325,-35.417147],[138.323601,-35.419497],[138.319853,-35.427921],[138.30426,-35.449986],[138.295836,-35.466249],[138.29015,-35.47245],[138.281677,-35.475839],[138.260287,-35.490792],[138.247573,-35.496988],[138.242552,-35.501989],[138.237667,-35.502222],[138.22985,-35.505631],[138.223835,-35.51025],[138.218002,-35.511373],[138.21444,-35.509828],[138.21291,-35.512745],[138.194364,-35.523473],[138.187451,-35.523908],[138.183158,-35.521431],[138.169208,-35.518331],[138.165495,-35.519363],[138.161155,-35.527439],[138.153371,-35.531843],[138.150785,-35.536946],[138.127437,-35.555357],[138.12176,-35.5642],[138.117064,-35.576855],[138.115006,-35.578016],[138.115472,-35.581843],[138.109545,-35.589078],[138.108693,-35.592438],[138.096152,-35.600262],[138.093852,-35.603728],[138.096116,-35.613993],[138.095537,-35.623857],[138.103309,-35.631555],[138.115351,-35.632594],[138.118171,-35.637589],[138.12481,-35.640261],[138.128592,-35.645375],[138.135803,-35.645082],[138.139696,-35.649483],[138.144392,-35.650493],[138.143691,-35.65176],[138.145102,-35.652894],[138.149345,-35.654856],[138.155611,-35.654225],[138.156893,-35.658153],[138.162856,-35.660599],[138.171602,-35.660622],[138.174158,-35.662767],[138.17833,-35.663602],[138.179743,-35.662283],[138.185306,-35.664715],[138.194982,-35.665078],[138.201095,-35.663044],[138.204498,-35.66405],[138.217523,-35.660669],[138.220648,-35.662288],[138.226472,-35.659317],[138.227456,-35.66068],[138.232061,-35.659575],[138.240211,-35.654516],[138.243278,-35.655385],[138.245478,-35.653114],[138.247169,-35.653739],[138.255557,-35.649541],[138.263406,-35.642217],[138.275595,-35.639402],[138.283612,-35.638864],[138.28801,-35.640235],[138.299999,-35.63819],[138.358904,-35.640011],[138.367906,-35.642285],[138.373879,-35.639767],[138.386737,-35.638655],[138.389648,-35.640193],[138.399477,-35.640386],[138.401063,-35.63844],[138.403873,-35.640348],[138.410033,-35.640562],[138.427658,-35.63025],[138.437259,-35.629939]]]}},{"type":"Feature","properties":{"code":"AU-LGA-48830","name":"Yorke Peninsula","label":"Yorke Peninsula","type":"Local government area","parentCode":"AU-SA"},"geometry":{"type":"MultiPolygon","coordinates":[[[[136.844446,-35.372481],[136.846123,-35.373559],[136.845104,-35.371791],[136.844446,-35.372481]]],[[[136.918855,-35.339348],[136.921388,-35.339371],[136.922402,-35.337764],[136.918246,-35.338123],[136.918855,-35.339348]]],[[[136.905553,-35.321222],[136.908668,-35.324178],[136.90823,-35.321832],[136.905553,-35.321222]]],[[[136.835285,-35.216041],[136.832328,-35.212782],[136.827494,-35.212241],[136.828431,-35.215718],[136.831941,-35.217437],[136.835285,-35.216041]]],[[[136.925986,-35.028741],[136.92402,-35.028804],[136.924672,-35.029406],[136.925986,-35.028741]]],[[[137.412429,-34.44316],[137.414353,-34.443896],[137.413064,-34.44223],[137.412429,-34.44316]]],[[[136.858587,-35.374276],[136.85668,-35.375371],[136.856882,-35.377976],[136.861687,-35.377689],[136.861936,-35.37357],[136.863542,-35.375082],[136.866938,-35.37254],[136.867151,-35.369807],[136.862396,-35.369053],[136.860935,-35.365585],[136.855609,-35.36739],[136.854445,-35.371505],[136.858604,-35.371936],[136.858587,-35.374276]]],[[[136.848057,-35.368993],[136.845775,-35.370481],[136.847298,-35.371097],[136.849112,-35.368643],[136.848057,-35.368993]]],[[[136.916497,-35.339457],[136.917464,-35.338711],[136.916727,-35.338748],[136.916497,-35.339457]]],[[[136.828856,-35.230438],[136.831419,-35.231893],[136.833265,-35.229552],[136.828856,-35.230438]]],[[[136.840432,-35.196006],[136.839501,-35.194281],[136.836865,-35.194799],[136.840432,-35.196006]]],[[[138.09403,-34.133873],[138.095765,-34.131781],[138.127257,-34.131905],[138.127168,-34.121703],[138.121812,-34.117191],[138.127847,-34.117198],[138.118435,-34.109838],[138.118397,-34.095035],[138.11568,-34.09306],[138.090221,-34.093],[138.086116,-34.087027],[138.080411,-34.084919],[138.074636,-34.086454],[138.061118,-34.093816],[138.051417,-34.096009],[138.041051,-34.110776],[138.034343,-34.111899],[138.036191,-34.119607],[138.034395,-34.121525],[138.025794,-34.113939],[138.024951,-34.10818],[138.021409,-34.104722],[138.021753,-34.100384],[138.020166,-34.096915],[138.012124,-34.09285],[138.000094,-34.096394],[137.992944,-34.092853],[137.872717,-34.092793],[137.723976,-34.097263],[137.538542,-34.096795],[137.531066,-34.101591],[137.527231,-34.106065],[137.522568,-34.128694],[137.51484,-34.135302],[137.504938,-34.1377],[137.503773,-34.136114],[137.493387,-34.133612],[137.475007,-34.137734],[137.45935,-34.131488],[137.454685,-34.13169],[137.452487,-34.135178],[137.450071,-34.135301],[137.449451,-34.139952],[137.457172,-34.150686],[137.461621,-34.165649],[137.474889,-34.183989],[137.48333,-34.191568],[137.489828,-34.204924],[137.490235,-34.210276],[137.499912,-34.22649],[137.501254,-34.233969],[137.499712,-34.238379],[137.499458,-34.252142],[137.502645,-34.259708],[137.497339,-34.264359],[137.498613,-34.272032],[137.496866,-34.282795],[137.499386,-34.287566],[137.501212,-34.29774],[137.499823,-34.302671],[137.500306,-34.311986],[137.497959,-34.319454],[137.495084,-34.323143],[137.492269,-34.323292],[137.48367,-34.34311],[137.482038,-34.371992],[137.476087,-34.392449],[137.471263,-34.398087],[137.465124,-34.400674],[137.457963,-34.400543],[137.453739,-34.396151],[137.446664,-34.398025],[137.444887,-34.401461],[137.444874,-34.411434],[137.438127,-34.427939],[137.42772,-34.441699],[137.420321,-34.445335],[137.416941,-34.444661],[137.414476,-34.448507],[137.415156,-34.459579],[137.422299,-34.470644],[137.427032,-34.472583],[137.428125,-34.469702],[137.440099,-34.457987],[137.439979,-34.452678],[137.446012,-34.436877],[137.453506,-34.430064],[137.457969,-34.428605],[137.462386,-34.429594],[137.459962,-34.427954],[137.463176,-34.426658],[137.46967,-34.427529],[137.472089,-34.429703],[137.467085,-34.42776],[137.48032,-34.435744],[137.483196,-34.439261],[137.485841,-34.450024],[137.48176,-34.453815],[137.484402,-34.460663],[137.486644,-34.481651],[137.483116,-34.487255],[137.483208,-34.495522],[137.481072,-34.497918],[137.479024,-34.506961],[137.474438,-34.508385],[137.473824,-34.511289],[137.475617,-34.51911],[137.48333,-34.528837],[137.485451,-34.535309],[137.483659,-34.538672],[137.487225,-34.540875],[137.488984,-34.550576],[137.49663,-34.559898],[137.506748,-34.582001],[137.509448,-34.617941],[137.505457,-34.648816],[137.498298,-34.663557],[137.493059,-34.667469],[137.493723,-34.672108],[137.491049,-34.67743],[137.491076,-34.688136],[137.487801,-34.712714],[137.484957,-34.716439],[137.478848,-34.732639],[137.477115,-34.758629],[137.473315,-34.774579],[137.464976,-34.791295],[137.459615,-34.807616],[137.459957,-34.823166],[137.458195,-34.840497],[137.459394,-34.847363],[137.456602,-34.868118],[137.457732,-34.884484],[137.450192,-34.908111],[137.434717,-34.924978],[137.415358,-34.938645],[137.395967,-34.947871],[137.374952,-34.953731],[137.360836,-34.949751],[137.35643,-34.94657],[137.352813,-34.942105],[137.352096,-34.933642],[137.348128,-34.93236],[137.346962,-34.929786],[137.320493,-34.931355],[137.309252,-34.927811],[137.302588,-34.923185],[137.295721,-34.91357],[137.291018,-34.901006],[137.285438,-34.897158],[137.276487,-34.893886],[137.267848,-34.89411],[137.257057,-34.898138],[137.251717,-34.895892],[137.247453,-34.896184],[137.241478,-34.900986],[137.224505,-34.904469],[137.194421,-34.901003],[137.178209,-34.908582],[137.156102,-34.916337],[137.146072,-34.918186],[137.130838,-34.917516],[137.093383,-34.919934],[137.07985,-34.919276],[137.072354,-34.917191],[137.056802,-34.910356],[137.04795,-34.903838],[137.035112,-34.900479],[137.02014,-34.90001],[137.016509,-34.893978],[137.013621,-34.892965],[137.013814,-34.89606],[137.010289,-34.895764],[137.008741,-34.897167],[137.013895,-34.910943],[137.01256,-34.920466],[137.004633,-34.927305],[137.00282,-34.926605],[136.999743,-34.928959],[136.99645,-34.932197],[136.996637,-34.933895],[136.991822,-34.936417],[136.988815,-34.934805],[136.987694,-34.936836],[136.985887,-34.936006],[136.979955,-34.938954],[136.980551,-34.940734],[136.976392,-34.941226],[136.975812,-34.947177],[136.97759,-34.949743],[136.973147,-34.95175],[136.973129,-34.960697],[136.969766,-34.972639],[136.966784,-34.974759],[136.971293,-34.977758],[136.972103,-34.986327],[136.970878,-34.995614],[136.968247,-35.0004],[136.964535,-35.005183],[136.956763,-35.010406],[136.950241,-35.009946],[136.947089,-35.013124],[136.943686,-35.012628],[136.946552,-35.016521],[136.944094,-35.022019],[136.935032,-35.023384],[136.930294,-35.029036],[136.936211,-35.03203],[136.945774,-35.046638],[136.955159,-35.064226],[136.961079,-35.082288],[136.959971,-35.089189],[136.953964,-35.093915],[136.951773,-35.100257],[136.945986,-35.106581],[136.941796,-35.10566],[136.943515,-35.11702],[136.941895,-35.118198],[136.94113,-35.129097],[136.939155,-35.129548],[136.938272,-35.133391],[136.932657,-35.140345],[136.920012,-35.143406],[136.913132,-35.15358],[136.905873,-35.154733],[136.903672,-35.153522],[136.902119,-35.156875],[136.897618,-35.156659],[136.897478,-35.159786],[136.893795,-35.160934],[136.894936,-35.164507],[136.894348,-35.178123],[136.888345,-35.185238],[136.884212,-35.184264],[136.881299,-35.188969],[136.875982,-35.189444],[136.873005,-35.191826],[136.869958,-35.190444],[136.868834,-35.193053],[136.86598,-35.194109],[136.86143,-35.192018],[136.85167,-35.192251],[136.849153,-35.190169],[136.845748,-35.190087],[136.845297,-35.194009],[136.843034,-35.196008],[136.844784,-35.197711],[136.845508,-35.205641],[136.84277,-35.213669],[136.846336,-35.219386],[136.846432,-35.228809],[136.842183,-35.233561],[136.837996,-35.235176],[136.833952,-35.23484],[136.831352,-35.232684],[136.829297,-35.233258],[136.828697,-35.235984],[136.831484,-35.235124],[136.832431,-35.236394],[136.829598,-35.238205],[136.832543,-35.237658],[136.834294,-35.241247],[136.831148,-35.245442],[136.822324,-35.244002],[136.822184,-35.245681],[136.829669,-35.250113],[136.845784,-35.269932],[136.848604,-35.275108],[136.847926,-35.278238],[136.850024,-35.279827],[136.848573,-35.282092],[136.853521,-35.28188],[136.852906,-35.283455],[136.857014,-35.282771],[136.856813,-35.287548],[136.870511,-35.286872],[136.878259,-35.293332],[136.881216,-35.297168],[136.880196,-35.299406],[136.882738,-35.300348],[136.885761,-35.296902],[136.888066,-35.296502],[136.890306,-35.298744],[136.894127,-35.296102],[136.894466,-35.294002],[136.896971,-35.293071],[136.896395,-35.289],[136.899757,-35.285797],[136.915043,-35.28798],[136.919994,-35.285433],[136.923799,-35.286148],[136.928754,-35.283448],[136.932337,-35.284202],[136.937822,-35.282026],[136.941548,-35.283238],[136.944029,-35.282139],[136.942281,-35.278384],[136.944716,-35.275677],[136.943315,-35.273709],[136.945724,-35.270891],[136.945251,-35.269321],[136.955134,-35.266781],[136.966862,-35.267016],[136.966736,-35.265246],[136.96866,-35.264205],[136.966347,-35.260301],[136.969763,-35.252066],[136.982707,-35.249536],[136.982655,-35.247492],[136.980342,-35.246756],[136.979691,-35.24456],[136.98307,-35.23541],[136.987852,-35.232715],[136.992736,-35.227314],[137.002356,-35.223005],[137.036319,-35.221192],[137.059884,-35.225098],[137.067694,-35.228467],[137.076694,-35.226343],[137.094233,-35.2316],[137.111436,-35.242917],[137.113106,-35.242244],[137.111752,-35.241472],[137.112458,-35.239012],[137.118577,-35.237575],[137.129671,-35.242262],[137.1362,-35.240897],[137.140562,-35.243826],[137.142141,-35.242204],[137.143922,-35.243487],[137.14588,-35.240424],[137.148849,-35.241183],[137.151568,-35.239038],[137.158126,-35.239766],[137.160181,-35.237225],[137.162674,-35.238364],[137.168398,-35.235535],[137.174,-35.237345],[137.177273,-35.2319],[137.181481,-35.231642],[137.183748,-35.229163],[137.188148,-35.230455],[137.190582,-35.229161],[137.189404,-35.226479],[137.191269,-35.224561],[137.189828,-35.223215],[137.190012,-35.217375],[137.19291,-35.213261],[137.190407,-35.208927],[137.203518,-35.191908],[137.218702,-35.176391],[137.233895,-35.1684],[137.237748,-35.164501],[137.25865,-35.159145],[137.264708,-35.159027],[137.277547,-35.161463],[137.298117,-35.168294],[137.307656,-35.165116],[137.334894,-35.167844],[137.347815,-35.16299],[137.344412,-35.161359],[137.346341,-35.162092],[137.339941,-35.163509],[137.338498,-35.165277],[137.334587,-35.163864],[137.342817,-35.161706],[137.340565,-35.1552],[137.340756,-35.149448],[137.34441,-35.142671],[137.352274,-35.133946],[137.373553,-35.120487],[137.422847,-35.098081],[137.450818,-35.097722],[137.464111,-35.099204],[137.495115,-35.110264],[137.504987,-35.117632],[137.510705,-35.119002],[137.521027,-35.11347],[137.525842,-35.112914],[137.554824,-35.117441],[137.580863,-35.130941],[137.584796,-35.131251],[137.595272,-35.139039],[137.606167,-35.143525],[137.616886,-35.152354],[137.623925,-35.160556],[137.630689,-35.161596],[137.637505,-35.168187],[137.643069,-35.166265],[137.646291,-35.167512],[137.651654,-35.166848],[137.653304,-35.168188],[137.677894,-35.167728],[137.682737,-35.163537],[137.682527,-35.160048],[137.687855,-35.148288],[137.697321,-35.141523],[137.709625,-35.136098],[137.733118,-35.130762],[137.741612,-35.12594],[137.746129,-35.120437],[137.759116,-35.114341],[137.758765,-35.111657],[137.75557,-35.111267],[137.743478,-35.103463],[137.742662,-35.100372],[137.747827,-35.089575],[137.748372,-35.082172],[137.744053,-35.073089],[137.736575,-35.068069],[137.729837,-35.054543],[137.725213,-35.054873],[137.724737,-35.053729],[137.72849,-35.052124],[137.726951,-35.049532],[137.727688,-35.047567],[137.733814,-35.044145],[137.742978,-35.042062],[137.758373,-35.044869],[137.763997,-35.040585],[137.764466,-35.034593],[137.761476,-35.025456],[137.761151,-35.010886],[137.758776,-35.006173],[137.757311,-34.996556],[137.763646,-34.979722],[137.770179,-34.966567],[137.774795,-34.961307],[137.77383,-34.959333],[137.784062,-34.947022],[137.783962,-34.939866],[137.785346,-34.934587],[137.789152,-34.92997],[137.78839,-34.92685],[137.790298,-34.922283],[137.805031,-34.912173],[137.798726,-34.909211],[137.79608,-34.906178],[137.798787,-34.903528],[137.796421,-34.90205],[137.795527,-34.894163],[137.80007,-34.877532],[137.80549,-34.869328],[137.807353,-34.861284],[137.81102,-34.856457],[137.81347,-34.84922],[137.823946,-34.837115],[137.825583,-34.826177],[137.831155,-34.816564],[137.831707,-34.812705],[137.849613,-34.796822],[137.853901,-34.789172],[137.86503,-34.777897],[137.860851,-34.776823],[137.857795,-34.771186],[137.858914,-34.767615],[137.864955,-34.766066],[137.86243,-34.761582],[137.867456,-34.745078],[137.867104,-34.738809],[137.870004,-34.725892],[137.868859,-34.722619],[137.873998,-34.711023],[137.877205,-34.707914],[137.877083,-34.701157],[137.880766,-34.695249],[137.876817,-34.668396],[137.881967,-34.66209],[137.886455,-34.649858],[137.886145,-34.646178],[137.896252,-34.63955],[137.900894,-34.633992],[137.90193,-34.621976],[137.907683,-34.615854],[137.885903,-34.608968],[137.879375,-34.60368],[137.875816,-34.597669],[137.876423,-34.580947],[137.884553,-34.567194],[137.883227,-34.56359],[137.883374,-34.553312],[137.886153,-34.544143],[137.885311,-34.524295],[137.88734,-34.519316],[137.885446,-34.515661],[137.88759,-34.507348],[137.890194,-34.502627],[137.898847,-34.493822],[137.897278,-34.489397],[137.898727,-34.481171],[137.901068,-34.476184],[137.904937,-34.472897],[137.905124,-34.468313],[137.910786,-34.458587],[137.910777,-34.448661],[137.917658,-34.437297],[137.915983,-34.430791],[137.917544,-34.428142],[137.947944,-34.396975],[137.986412,-34.36961],[138.007103,-34.349018],[138.007844,-34.342951],[138.012503,-34.334295],[138.011282,-34.333037],[138.013642,-34.33187],[138.014184,-34.328164],[138.012744,-34.32603],[138.015235,-34.324049],[138.014578,-34.318437],[138.017229,-34.314365],[138.017127,-34.309377],[138.016633,-34.311556],[138.015924,-34.308932],[138.021743,-34.285056],[138.00151,-34.261592],[138.001791,-34.255945],[138.007567,-34.238227],[138.016897,-34.227539],[138.029356,-34.221072],[138.028042,-34.219499],[138.031187,-34.207821],[138.031108,-34.206359],[138.030158,-34.207778],[138.030824,-34.203017],[138.037411,-34.18532],[138.046031,-34.170779],[138.054247,-34.165298],[138.061608,-34.152567],[138.065152,-34.149794],[138.068192,-34.140861],[138.077422,-34.133537],[138.087905,-34.13192],[138.09403,-34.133873]]]]}},{"type":"Feature","properties":{"code":"AU-LGA-49399","name":"Unincorporated SA","label":"Unincorporated SA","type":"Unincorporated area","parentCode":"AU-SA"},"geometry":{"type":"MultiPolygon","coordinates":[[[[136.115045,-35.337942],[136.119581,-35.340192],[136.126472,-35.339936],[136.122835,-35.335153],[136.121166,-35.335929],[136.118278,-35.333819],[136.114847,-35.334499],[136.112771,-35.332402],[136.111055,-35.332764],[136.111363,-35.335108],[136.114417,-35.33495],[136.115045,-35.337942]]],[[[136.112731,-35.322356],[136.109685,-35.325701],[136.112361,-35.329665],[136.11516,-35.329619],[136.114431,-35.324998],[136.117909,-35.323448],[136.118727,-35.317316],[136.114219,-35.318597],[136.112731,-35.322356]]],[[[136.055528,-35.235294],[136.060131,-35.237915],[136.071027,-35.238118],[136.072645,-35.234796],[136.068256,-35.229129],[136.073297,-35.227561],[136.070418,-35.226435],[136.068022,-35.222658],[136.063712,-35.222931],[136.061434,-35.22466],[136.063664,-35.227173],[136.061519,-35.226885],[136.058132,-35.229398],[136.055528,-35.235294]]],[[[136.077539,-35.226644],[136.076632,-35.228326],[136.085078,-35.226927],[136.081136,-35.224684],[136.077539,-35.226644]]],[[[136.481349,-35.185387],[136.483212,-35.18466],[136.48276,-35.183061],[136.481296,-35.183255],[136.481349,-35.185387]]],[[[136.492447,-35.182056],[136.493188,-35.180367],[136.491307,-35.179303],[136.492447,-35.182056]]],[[[136.074419,-35.16572],[136.077491,-35.165153],[136.075649,-35.165012],[136.074419,-35.16572]]],[[[136.452221,-35.145802],[136.450081,-35.148112],[136.445883,-35.147277],[136.441528,-35.148685],[136.44278,-35.151706],[136.441755,-35.15692],[136.444368,-35.160302],[136.453078,-35.166059],[136.46066,-35.165242],[136.463621,-35.162347],[136.468709,-35.163423],[136.471313,-35.164489],[136.472815,-35.16765],[136.480258,-35.169696],[136.479635,-35.171637],[136.481959,-35.1713],[136.485861,-35.175982],[136.491707,-35.175485],[136.49352,-35.166842],[136.49475,-35.166744],[136.492292,-35.163914],[136.494146,-35.161852],[136.493042,-35.159774],[136.470731,-35.149968],[136.461992,-35.142905],[136.457443,-35.135737],[136.452787,-35.134116],[136.451401,-35.134992],[136.454766,-35.137054],[136.453065,-35.138384],[136.453922,-35.144449],[136.452221,-35.145802]]],[[[136.463863,-35.118626],[136.467698,-35.122345],[136.472336,-35.123484],[136.478803,-35.121001],[136.475172,-35.116849],[136.470535,-35.115642],[136.4681,-35.117444],[136.464318,-35.116821],[136.463863,-35.118626]]],[[[136.145529,-34.998115],[136.147984,-35.001445],[136.153478,-35.003145],[136.157468,-35.007934],[136.155694,-35.011552],[136.158535,-35.014336],[136.157161,-35.017329],[136.159201,-35.02083],[136.152891,-35.024921],[136.147387,-35.024742],[136.146793,-35.026579],[136.154136,-35.034762],[136.151329,-35.035629],[136.15342,-35.03821],[136.152096,-35.03973],[136.155834,-35.040665],[136.154398,-35.044424],[136.155794,-35.047184],[136.160552,-35.049794],[136.16239,-35.053651],[136.164905,-35.054409],[136.163095,-35.054882],[136.167908,-35.058796],[136.171582,-35.057845],[136.176922,-35.061479],[136.179043,-35.058955],[136.178135,-35.054661],[136.184431,-35.055759],[136.187825,-35.052013],[136.189863,-35.05248],[136.195722,-35.059906],[136.198389,-35.063895],[136.197432,-35.064525],[136.200026,-35.065397],[136.201803,-35.064579],[136.201435,-35.063265],[136.203299,-35.06406],[136.20244,-35.056177],[136.204315,-35.052085],[136.201436,-35.051084],[136.197893,-35.052354],[136.194998,-35.04987],[136.192508,-35.044311],[136.192382,-35.039922],[136.194776,-35.034624],[136.192489,-35.033657],[136.193057,-35.030939],[136.191168,-35.029349],[136.189621,-35.023177],[136.194458,-35.015855],[136.189624,-35.010449],[136.189715,-35.004435],[136.188346,-35.004134],[136.18588,-35.007588],[136.176093,-35.00574],[136.169925,-35.001486],[136.168631,-34.997525],[136.165144,-34.997128],[136.162871,-34.993798],[136.157776,-34.99355],[136.149951,-34.987881],[136.141479,-34.978817],[136.132843,-34.966123],[136.129246,-34.9569],[136.129539,-34.952361],[136.123907,-34.950065],[136.121577,-34.947203],[136.116826,-34.946331],[136.107299,-34.932436],[136.103722,-34.932625],[136.098173,-34.940099],[136.094453,-34.940697],[136.091937,-34.938929],[136.090845,-34.941426],[136.082774,-34.945416],[136.078747,-34.952147],[136.082101,-34.955429],[136.086465,-34.954288],[136.089191,-34.955994],[136.085017,-34.959677],[136.084163,-34.966887],[136.089571,-34.968842],[136.10143,-34.966718],[136.10991,-34.968726],[136.110508,-34.975588],[136.111892,-34.977013],[136.117153,-34.9784],[136.117795,-34.980825],[136.126329,-34.986142],[136.129693,-34.986626],[136.145529,-34.998115]]],[[[138.524721,-34.810278],[138.537339,-34.81193],[138.541569,-34.809717],[138.544079,-34.805956],[138.540301,-34.805234],[138.537728,-34.801393],[138.530514,-34.803809],[138.524721,-34.810278]]],[[[135.868515,-34.779173],[135.873353,-34.778651],[135.876867,-34.776433],[135.87938,-34.773073],[135.878981,-34.769938],[135.873613,-34.771543],[135.872874,-34.774637],[135.868515,-34.779173]]],[[[138.509416,-34.757497],[138.51573,-34.755625],[138.511826,-34.755464],[138.509416,-34.757497]]],[[[135.921207,-34.71287],[135.927211,-34.717804],[135.926564,-34.721546],[135.931708,-34.725357],[135.92921,-34.72834],[135.929493,-34.733204],[135.932801,-34.725393],[135.93727,-34.719724],[135.942565,-34.72105],[135.948253,-34.726695],[135.953008,-34.72427],[135.949414,-34.722298],[135.947549,-34.714619],[135.945138,-34.712972],[135.941598,-34.713624],[135.939872,-34.711584],[135.940875,-34.707276],[135.939257,-34.705353],[135.939103,-34.699052],[135.942919,-34.694287],[135.939761,-34.692151],[135.938581,-34.687434],[135.932942,-34.68555],[135.931384,-34.680987],[135.921381,-34.683066],[135.918294,-34.679283],[135.917705,-34.672937],[135.913652,-34.677795],[135.913476,-34.683816],[135.915542,-34.690494],[135.91139,-34.695456],[135.918088,-34.697811],[135.923409,-34.701856],[135.921207,-34.71287]]],[[[135.952467,-34.591308],[135.952453,-34.593619],[135.954522,-34.593413],[135.959366,-34.588136],[135.958543,-34.585689],[135.96041,-34.58309],[135.957205,-34.579916],[135.958942,-34.574863],[135.953715,-34.568123],[135.946213,-34.568309],[135.946074,-34.57472],[135.953799,-34.583699],[135.951852,-34.587487],[135.952467,-34.591308]]],[[[136.285668,-34.523361],[136.282962,-34.521734],[136.282788,-34.518952],[136.287563,-34.511591],[136.296671,-34.50558],[136.304117,-34.506872],[136.305593,-34.505325],[136.304651,-34.503413],[136.302372,-34.502007],[136.295297,-34.502506],[136.293927,-34.505517],[136.288697,-34.507792],[136.283841,-34.503503],[136.279943,-34.503876],[136.278374,-34.507468],[136.279663,-34.511005],[136.276591,-34.518682],[136.278073,-34.523307],[136.275754,-34.526944],[136.276912,-34.535757],[136.270579,-34.542129],[136.271302,-34.546277],[136.275574,-34.549595],[136.28425,-34.548125],[136.28653,-34.545395],[136.28493,-34.544784],[136.283757,-34.540564],[136.280788,-34.540588],[136.278589,-34.537641],[136.281212,-34.530525],[136.287543,-34.530307],[136.283897,-34.527511],[136.285668,-34.523361]]],[[[137.40387,-34.462536],[137.404729,-34.461759],[137.403613,-34.461884],[137.40387,-34.462536]]],[[[137.36306,-34.457057],[137.366186,-34.456276],[137.364472,-34.45514],[137.362604,-34.455897],[137.36306,-34.457057]]],[[[137.361855,-34.453622],[137.362164,-34.452322],[137.361341,-34.451639],[137.361855,-34.453622]]],[[[133.131337,-32.648178],[133.133012,-32.647733],[133.134286,-32.643369],[133.131292,-32.643932],[133.131337,-32.648178]]],[[[136.338802,-34.650886],[136.335232,-34.650911],[136.331238,-34.655513],[136.329517,-34.662647],[136.336544,-34.670904],[136.340948,-34.672166],[136.342102,-34.679964],[136.344492,-34.682592],[136.3474,-34.682917],[136.347763,-34.679472],[136.344218,-34.675481],[136.345076,-34.67232],[136.350354,-34.669187],[136.352212,-34.66514],[136.358057,-34.665056],[136.35908,-34.663665],[136.353999,-34.659381],[136.355784,-34.656314],[136.352861,-34.653076],[136.344613,-34.650525],[136.338802,-34.650886]]],[[[137.350184,-34.481546],[137.343195,-34.487854],[137.340203,-34.486916],[137.338543,-34.488114],[137.339101,-34.493358],[137.337665,-34.493809],[137.339218,-34.498183],[137.337286,-34.499284],[137.339674,-34.501619],[137.339379,-34.506322],[137.34204,-34.509094],[137.341347,-34.520448],[137.342743,-34.52322],[137.340784,-34.524331],[137.340991,-34.526316],[137.34892,-34.528185],[137.352038,-34.534116],[137.357951,-34.529334],[137.36359,-34.530196],[137.36606,-34.52874],[137.3653,-34.523786],[137.368315,-34.519754],[137.371486,-34.505894],[137.375869,-34.500024],[137.381774,-34.497287],[137.378167,-34.493178],[137.379894,-34.496861],[137.378705,-34.496058],[137.376322,-34.492522],[137.376726,-34.485943],[137.373229,-34.482456],[137.376175,-34.474749],[137.374868,-34.468833],[137.3635,-34.462441],[137.361223,-34.462988],[137.361055,-34.468631],[137.356768,-34.47031],[137.356583,-34.475583],[137.354026,-34.476046],[137.353006,-34.479306],[137.349691,-34.479471],[137.350184,-34.481546]]],[[[140.386308,-34.333517],[140.391635,-34.338807],[140.399076,-34.359579],[140.417227,-34.382627],[140.431151,-34.397361],[140.434298,-34.396304],[140.437485,-34.388021],[140.443554,-34.381286],[140.449421,-34.379441],[140.460148,-34.38118],[140.470742,-34.376964],[140.477294,-34.377754],[140.48742,-34.383034],[140.487527,-34.386929],[140.481825,-34.389087],[140.48353,-34.391265],[140.48809,-34.392656],[140.489539,-34.395699],[140.501897,-34.394672],[140.516082,-34.397301],[140.519457,-34.380901],[140.508072,-34.357387],[140.512185,-34.3516],[140.515519,-34.355734],[140.522719,-34.356738],[140.537285,-34.35106],[140.528124,-34.334853],[140.526188,-34.333867],[140.525577,-34.335353],[140.51456,-34.335894],[140.514553,-34.32723],[140.512058,-34.321459],[140.510096,-34.318417],[140.505819,-34.318432],[140.505817,-34.314299],[140.503338,-34.314219],[140.505513,-34.31096],[140.504093,-34.31031],[140.504772,-34.30659],[140.500633,-34.30659],[140.505206,-34.303311],[140.490571,-34.296975],[140.475973,-34.292879],[140.47625,-34.294619],[140.463087,-34.294677],[140.461914,-34.297286],[140.457501,-34.298922],[140.45905,-34.301771],[140.45218,-34.312939],[140.44565,-34.312714],[140.445631,-34.316646],[140.448915,-34.324167],[140.457261,-34.328081],[140.454647,-34.334443],[140.440647,-34.33042],[140.434461,-34.331548],[140.428627,-34.335248],[140.409934,-34.333372],[140.386308,-34.333517]]],[[[133.24958,-32.510512],[133.252305,-32.513363],[133.255577,-32.508453],[133.253689,-32.506869],[133.251655,-32.50865],[133.24966,-32.506985],[133.24958,-32.510512]]],[[[133.262748,-32.505303],[133.261297,-32.508224],[133.264178,-32.50441],[133.262748,-32.505303]]],[[[139.174395,-35.51834],[139.177457,-35.519143],[139.185322,-35.527249],[139.188021,-35.527727],[139.187092,-35.52609],[139.190711,-35.525494],[139.199247,-35.528863],[139.203055,-35.528776],[139.207952,-35.531643],[139.212034,-35.529537],[139.22349,-35.530851],[139.225986,-35.534666],[139.228048,-35.534675],[139.226558,-35.538652],[139.22881,-35.54148],[139.234941,-35.540922],[139.234495,-35.543272],[139.240956,-35.545823],[139.239393,-35.547629],[139.241761,-35.552444],[139.248575,-35.552389],[139.248471,-35.553892],[139.250763,-35.554154],[139.259645,-35.550444],[139.253221,-35.559256],[139.244627,-35.565632],[139.24168,-35.570765],[139.236844,-35.571122],[139.241298,-35.571832],[139.238105,-35.575832],[139.238288,-35.580445],[139.236468,-35.581386],[139.236351,-35.584538],[139.237958,-35.586421],[139.246075,-35.587309],[139.250502,-35.578505],[139.252372,-35.577481],[139.249904,-35.58599],[139.244869,-35.591055],[139.244467,-35.593582],[139.231477,-35.60556],[139.21773,-35.61142],[139.208873,-35.612708],[139.210841,-35.614661],[139.210003,-35.615406],[139.21193,-35.615307],[139.210933,-35.617079],[139.215014,-35.619223],[139.213227,-35.624228],[139.216644,-35.626821],[139.22413,-35.626431],[139.22646,-35.628487],[139.228553,-35.627691],[139.228236,-35.625277],[139.235171,-35.626576],[139.244468,-35.622496],[139.248327,-35.624715],[139.254153,-35.622154],[139.259761,-35.624535],[139.265503,-35.624609],[139.261687,-35.634059],[139.255539,-35.637245],[139.254775,-35.639369],[139.234418,-35.642743],[139.210716,-35.651704],[139.203222,-35.651839],[139.202264,-35.648773],[139.203595,-35.647987],[139.200018,-35.646348],[139.200688,-35.650808],[139.202784,-35.652394],[139.199174,-35.651415],[139.199077,-35.653358],[139.204482,-35.654314],[139.203847,-35.656226],[139.205749,-35.65708],[139.209154,-35.65678],[139.208826,-35.658359],[139.206259,-35.657943],[139.206508,-35.659195],[139.216691,-35.661077],[139.217411,-35.658869],[139.216354,-35.662217],[139.210816,-35.66138],[139.21352,-35.666468],[139.20976,-35.669301],[139.211705,-35.670009],[139.209478,-35.673225],[139.212993,-35.671604],[139.216043,-35.666949],[139.218217,-35.670144],[139.216689,-35.670091],[139.217382,-35.671071],[139.219864,-35.669425],[139.223183,-35.671542],[139.225685,-35.677664],[139.219384,-35.68372],[139.221224,-35.68366],[139.231452,-35.694443],[139.235479,-35.695927],[139.247158,-35.695991],[139.255112,-35.699515],[139.254616,-35.703838],[139.256143,-35.705487],[139.252773,-35.707244],[139.256591,-35.70783],[139.256185,-35.710577],[139.259105,-35.708968],[139.26162,-35.710322],[139.259013,-35.715084],[139.2556,-35.714534],[139.258069,-35.718161],[139.255149,-35.719332],[139.255866,-35.721274],[139.25353,-35.723544],[139.256764,-35.724901],[139.257546,-35.729833],[139.259825,-35.728454],[139.263725,-35.729224],[139.262062,-35.730616],[139.262691,-35.731824],[139.258558,-35.732519],[139.258916,-35.733876],[139.266463,-35.735305],[139.273428,-35.730617],[139.273339,-35.727504],[139.27554,-35.72765],[139.275226,-35.72212],[139.273116,-35.720837],[139.270375,-35.72157],[139.270601,-35.718384],[139.268266,-35.715598],[139.26885,-35.713585],[139.271051,-35.715525],[139.273027,-35.714062],[139.273073,-35.709886],[139.266382,-35.706697],[139.262339,-35.706917],[139.264901,-35.701568],[139.260455,-35.701494],[139.261264,-35.699554],[139.271188,-35.696955],[139.281203,-35.690289],[139.30042,-35.683548],[139.309041,-35.686221],[139.311287,-35.689333],[139.313712,-35.68981],[139.33073,-35.689622],[139.337133,-35.687281],[139.34141,-35.681266],[139.343782,-35.671227],[139.347305,-35.640712],[139.346,-35.63628],[139.347659,-35.634998],[139.350651,-35.61778],[139.361408,-35.609567],[139.374875,-35.609316],[139.375846,-35.607665],[139.372897,-35.606375],[139.375175,-35.604428],[139.360942,-35.590555],[139.335683,-35.573975],[139.320345,-35.567571],[139.307475,-35.557941],[139.292457,-35.551093],[139.292143,-35.549555],[139.282909,-35.545123],[139.280534,-35.542411],[139.261443,-35.538161],[139.258127,-35.532336],[139.252168,-35.532335],[139.24945,-35.529076],[139.244555,-35.528592],[139.228118,-35.517966],[139.220301,-35.516936],[139.217679,-35.518069],[139.214578,-35.515363],[139.202556,-35.514715],[139.198643,-35.511688],[139.193468,-35.510546],[139.181557,-35.515646],[139.178737,-35.513484],[139.17556,-35.513672],[139.173316,-35.515825],[139.174395,-35.51834]],[[139.248284,-35.581666],[139.247919,-35.581711],[139.247987,-35.581551],[139.248284,-35.581666]],[[139.22788,-35.688701],[139.22775,-35.688959],[139.227427,-35.688524],[139.22788,-35.688701]],[[139.244372,-35.582719],[139.245201,-35.582331],[139.24567,-35.58272],[139.244372,-35.582719]],[[139.262692,-35.727283],[139.263725,-35.727539],[139.261569,-35.727466],[139.262692,-35.727283]],[[139.267989,-35.732411],[139.26925,-35.731203],[139.269519,-35.732119],[139.267989,-35.732411]],[[139.270464,-35.726882],[139.273128,-35.727647],[139.270329,-35.728639],[139.270464,-35.726882]],[[139.266601,-35.723731],[139.266106,-35.726954],[139.260087,-35.726989],[139.266601,-35.723731]]],[[[138.518329,-34.785936],[138.516141,-34.797683],[138.518222,-34.804977],[138.521452,-34.808081],[138.523706,-34.809004],[138.528333,-34.802353],[138.533943,-34.80065],[138.542559,-34.800314],[138.545779,-34.80188],[138.546231,-34.798288],[138.54129,-34.787298],[138.529531,-34.774142],[138.521757,-34.76011],[138.516057,-34.756389],[138.51353,-34.759474],[138.518945,-34.76322],[138.52251,-34.769654],[138.518329,-34.785936]]],[[[135.961242,-33.133643],[136.001259,-33.133423],[136.001304,-33.054262],[135.825643,-33.055437],[135.825973,-33.1075],[135.841986,-33.109268],[135.852355,-33.112721],[135.883422,-33.129307],[135.961242,-33.133643]]],[[[137.59007,-33.04039],[137.594862,-33.035937],[137.597037,-33.03597],[137.593342,-33.031191],[137.589654,-33.02966],[137.589015,-33.027213],[137.587272,-33.027179],[137.585832,-33.021017],[137.589895,-33.018477],[137.592073,-33.021205],[137.597301,-33.01969],[137.599749,-33.021075],[137.601806,-33.015315],[137.60112,-33.012815],[137.595796,-33.012094],[137.6002,-33.007846],[137.603237,-33.001772],[137.600614,-33.001192],[137.596343,-33.006768],[137.59508,-32.998794],[137.610982,-32.975004],[137.630472,-32.964144],[137.631074,-32.961289],[137.633028,-32.961296],[137.634624,-32.958735],[137.638104,-32.959992],[137.641426,-32.955305],[137.647077,-32.955116],[137.649525,-32.953215],[137.657181,-32.952252],[137.65737,-32.950909],[137.66105,-32.950945],[137.667527,-32.95412],[137.668387,-32.95013],[137.663881,-32.935326],[137.639578,-32.916442],[137.634065,-32.917621],[137.6231,-32.924736],[137.616997,-32.937571],[137.57399,-32.946636],[137.582571,-32.983814],[137.57705,-33.000823],[137.574442,-33.003144],[137.571939,-33.002941],[137.572896,-33.008832],[137.577306,-33.009319],[137.575332,-33.016426],[137.576708,-33.015956],[137.577917,-33.018244],[137.574967,-33.019731],[137.572605,-33.024636],[137.588887,-33.033675],[137.587971,-33.035019],[137.590326,-33.036081],[137.588258,-33.039072],[137.59007,-33.04039]]],[[[137.553932,-33.069526],[137.558157,-33.062685],[137.556185,-33.063019],[137.556541,-33.060447],[137.554869,-33.057912],[137.552968,-33.058045],[137.554997,-33.05736],[137.55804,-33.059949],[137.559888,-33.058317],[137.561014,-33.059336],[137.565713,-33.056317],[137.56355,-33.057178],[137.563774,-33.05558],[137.561239,-33.053314],[137.56567,-33.054866],[137.566935,-33.053308],[137.563127,-33.051728],[137.566504,-33.051143],[137.56298,-33.049096],[137.563039,-33.040372],[137.5555,-33.039899],[137.54388,-33.042398],[137.553932,-33.069526]]],[[[133.232394,-32.268265],[133.229698,-32.264787],[133.227198,-32.269899],[133.224854,-32.270875],[133.228877,-32.273179],[133.231848,-32.272656],[133.232394,-32.268265]]],[[[133.24004,-32.264003],[133.242058,-32.2636],[133.23978,-32.262399],[133.24004,-32.264003]]],[[[133.226051,-32.279037],[133.226105,-32.27712],[133.224528,-32.278364],[133.226051,-32.279037]]],[[[133.544376,-32.293987],[133.54502,-32.298489],[133.550623,-32.303834],[133.549737,-32.308084],[133.556927,-32.30797],[133.560267,-32.310669],[133.563283,-32.317073],[133.567139,-32.316156],[133.571274,-32.319082],[133.574843,-32.318531],[133.573444,-32.316851],[133.580738,-32.313247],[133.579279,-32.310811],[133.580323,-32.306567],[133.590663,-32.306142],[133.593935,-32.304074],[133.597451,-32.304975],[133.600304,-32.307907],[133.607857,-32.301169],[133.608029,-32.293661],[133.61197,-32.282827],[133.616044,-32.278737],[133.628402,-32.271346],[133.619221,-32.273725],[133.615101,-32.270327],[133.610471,-32.262809],[133.614352,-32.256801],[133.622171,-32.250928],[133.635657,-32.244762],[133.635997,-32.24327],[133.647566,-32.23947],[133.64431,-32.237586],[133.649778,-32.238387],[133.674005,-32.23248],[133.668082,-32.230922],[133.655359,-32.232162],[133.630953,-32.240586],[133.623831,-32.239278],[133.597856,-32.259281],[133.581737,-32.26843],[133.575772,-32.267837],[133.576921,-32.266345],[133.575423,-32.26445],[133.577219,-32.265944],[133.57907,-32.265274],[133.582647,-32.261286],[133.582568,-32.258512],[133.584651,-32.255735],[133.583422,-32.255891],[133.593587,-32.251029],[133.585673,-32.254223],[133.579651,-32.254002],[133.567224,-32.266859],[133.559134,-32.262517],[133.555855,-32.264894],[133.550922,-32.263663],[133.548179,-32.266383],[133.550509,-32.267742],[133.55138,-32.27312],[133.540263,-32.278734],[133.540706,-32.280846],[133.543837,-32.282009],[133.544376,-32.293987]]],[[[133.287031,-32.523304],[133.285221,-32.524412],[133.287624,-32.528462],[133.292144,-32.52426],[133.304497,-32.521984],[133.304808,-32.520681],[133.301952,-32.518586],[133.303433,-32.515299],[133.311068,-32.510444],[133.309704,-32.50773],[133.310938,-32.503514],[133.307652,-32.502435],[133.310117,-32.49927],[133.307469,-32.497864],[133.301047,-32.503266],[133.292234,-32.502099],[133.28539,-32.496319],[133.2893,-32.492227],[133.288561,-32.490537],[133.281387,-32.495361],[133.277301,-32.49455],[133.275918,-32.496165],[133.270756,-32.496136],[133.267879,-32.500935],[133.277777,-32.504197],[133.283709,-32.511768],[133.282155,-32.515421],[133.278365,-32.515883],[133.277717,-32.518341],[133.28765,-32.517262],[133.288633,-32.518896],[133.287031,-32.523304]]],[[[133.788516,-32.359428],[133.794339,-32.363656],[133.804881,-32.365344],[133.819659,-32.376289],[133.839285,-32.378947],[133.849727,-32.385574],[133.857525,-32.387558],[133.8517,-32.380529],[133.845096,-32.380713],[133.837316,-32.375079],[133.837106,-32.372537],[133.840491,-32.37341],[133.840772,-32.371945],[133.829924,-32.368351],[133.835905,-32.371476],[133.832528,-32.371709],[133.826231,-32.368718],[133.825551,-32.366368],[133.821284,-32.365439],[133.821356,-32.362702],[133.824447,-32.363228],[133.821625,-32.361385],[133.820405,-32.36113],[133.820569,-32.362515],[133.818467,-32.361604],[133.819204,-32.363468],[133.817134,-32.362568],[133.818465,-32.364583],[133.811247,-32.362589],[133.813824,-32.361276],[133.81193,-32.359337],[133.812471,-32.361074],[133.810266,-32.361168],[133.806851,-32.358745],[133.813144,-32.358477],[133.814536,-32.355437],[133.795797,-32.354591],[133.789079,-32.357734],[133.788516,-32.359428]]],[[[133.503469,-32.315323],[133.501389,-32.318342],[133.506682,-32.319178],[133.515739,-32.315906],[133.527863,-32.30913],[133.530735,-32.304589],[133.528546,-32.30266],[133.521876,-32.303439],[133.520432,-32.300766],[133.514998,-32.301252],[133.504878,-32.307003],[133.502481,-32.312581],[133.503469,-32.315323]]],[[[133.648441,-32.452529],[133.641495,-32.453878],[133.637561,-32.449866],[133.634063,-32.449979],[133.627327,-32.452136],[133.625516,-32.457143],[133.62795,-32.459008],[133.630948,-32.457244],[133.634364,-32.461955],[133.639656,-32.463205],[133.64181,-32.461108],[133.648596,-32.460657],[133.653349,-32.455447],[133.654957,-32.451083],[133.65082,-32.449959],[133.648441,-32.452529]]],[[[133.669969,-32.438614],[133.667972,-32.442819],[133.661579,-32.443981],[133.661155,-32.44786],[133.656467,-32.450784],[133.657986,-32.451467],[133.658502,-32.455616],[133.661032,-32.455175],[133.670866,-32.44727],[133.677711,-32.446681],[133.6781,-32.443648],[133.680845,-32.44372],[133.683508,-32.440637],[133.678513,-32.434338],[133.669928,-32.435977],[133.669969,-32.438614]]],[[[133.280262,-32.567539],[133.283929,-32.56861],[133.291664,-32.567491],[133.290102,-32.564375],[133.294826,-32.562762],[133.298763,-32.556379],[133.290709,-32.558241],[133.287228,-32.556301],[133.28684,-32.553435],[133.283709,-32.554063],[133.28197,-32.557337],[133.282636,-32.559495],[133.286049,-32.560255],[133.286048,-32.564114],[133.275814,-32.562511],[133.275389,-32.565462],[133.280262,-32.567539]]],[[[133.475898,-32.37909],[133.475572,-32.380933],[133.477746,-32.382355],[133.482081,-32.383733],[133.483872,-32.382599],[133.4852,-32.380465],[133.484736,-32.373166],[133.487102,-32.371154],[133.48499,-32.36877],[133.486161,-32.367563],[133.482543,-32.367598],[133.476875,-32.370747],[133.478312,-32.373081],[133.475368,-32.376396],[133.475898,-32.37909]]],[[[133.368371,-32.396229],[133.369156,-32.398709],[133.365884,-32.399201],[133.366699,-32.402918],[133.374418,-32.403178],[133.37685,-32.401649],[133.377675,-32.397291],[133.381926,-32.394733],[133.379046,-32.392388],[133.375833,-32.393751],[133.369375,-32.392995],[133.367545,-32.393727],[133.368371,-32.396229]]],[[[133.285577,-32.579961],[133.283763,-32.578859],[133.278515,-32.581303],[133.276326,-32.584791],[133.277639,-32.587206],[133.281098,-32.588802],[133.289403,-32.586462],[133.289206,-32.583391],[133.287422,-32.583251],[133.285577,-32.579961]]],[[[133.831303,-32.358402],[133.835425,-32.360014],[133.827078,-32.355673],[133.828858,-32.354117],[133.831535,-32.356368],[133.832202,-32.355351],[133.83236,-32.356872],[133.834395,-32.356463],[133.833523,-32.354122],[133.829963,-32.352271],[133.824587,-32.351806],[133.816237,-32.354706],[133.820035,-32.355319],[133.824429,-32.358971],[133.825333,-32.358106],[133.822708,-32.355484],[133.826834,-32.358186],[133.831303,-32.358402]]],[[[133.333856,-32.493343],[133.337054,-32.489874],[133.334944,-32.487499],[133.33643,-32.483547],[133.330478,-32.484156],[133.332219,-32.489632],[133.33424,-32.490219],[133.333856,-32.493343]]],[[[133.31446,-32.475721],[133.313241,-32.477258],[133.316627,-32.476516],[133.320037,-32.473369],[133.319213,-32.469503],[133.316031,-32.471472],[133.31446,-32.475721]]],[[[133.768043,-32.362505],[133.759574,-32.364665],[133.764935,-32.36493],[133.774864,-32.361901],[133.768043,-32.362505]]],[[[133.59766,-32.249135],[133.603964,-32.242849],[133.608672,-32.240985],[133.60637,-32.240604],[133.602007,-32.243223],[133.59766,-32.249135]]],[[[133.307678,-32.487099],[133.310851,-32.486127],[133.311767,-32.483786],[133.308645,-32.483854],[133.307678,-32.487099]]],[[[133.690452,-32.437646],[133.695206,-32.433902],[133.694354,-32.432628],[133.692123,-32.43353],[133.690452,-32.437646]]],[[[133.347298,-32.479183],[133.343228,-32.480837],[133.343862,-32.482239],[133.346727,-32.482259],[133.347298,-32.479183]]],[[[133.369583,-32.271755],[133.365945,-32.274864],[133.367903,-32.274596],[133.369583,-32.271755]]],[[[133.841332,-32.363173],[133.845531,-32.366174],[133.843871,-32.36357],[133.838946,-32.361185],[133.841332,-32.363173]]],[[[133.348418,-32.36672],[133.352188,-32.366254],[133.350023,-32.365563],[133.348418,-32.36672]]],[[[133.272058,-32.267992],[133.274288,-32.267804],[133.272364,-32.265423],[133.272058,-32.267992]]],[[[133.760186,-32.361579],[133.758254,-32.360455],[133.760121,-32.360073],[133.757617,-32.359],[133.758186,-32.361279],[133.760186,-32.361579]]],[[[133.642688,-32.467894],[133.646165,-32.465886],[133.644535,-32.465853],[133.642688,-32.467894]]],[[[133.849305,-32.377769],[133.846767,-32.378854],[133.849967,-32.379491],[133.849305,-32.377769]]],[[[133.307793,-32.52225],[133.306771,-32.521772],[133.306442,-32.523453],[133.307793,-32.52225]]],[[[133.844284,-32.376145],[133.846344,-32.376806],[133.84771,-32.376095],[133.844284,-32.376145]]],[[[133.532178,-32.314813],[133.529608,-32.317031],[133.531074,-32.316594],[133.532178,-32.314813]]],[[[133.63202,-32.471248],[133.634254,-32.470363],[133.632757,-32.470431],[133.63202,-32.471248]]],[[[133.561728,-32.321389],[133.561086,-32.321033],[133.560458,-32.322296],[133.561728,-32.321389]]],[[[133.608002,-32.304786],[133.608719,-32.304538],[133.608255,-32.303851],[133.608002,-32.304786]]],[[[133.836806,-32.360703],[133.837549,-32.361061],[133.838055,-32.360711],[133.836806,-32.360703]]],[[[133.339812,-32.368982],[133.34088,-32.368829],[133.339964,-32.368617],[133.339812,-32.368982]]],[[[133.355154,-32.365664],[133.354675,-32.365883],[133.355375,-32.366048],[133.355154,-32.365664]]],[[[133.719319,-32.398851],[133.71876,-32.399381],[133.718986,-32.399472],[133.719319,-32.398851]]],[[[134.512963,-32.232101],[134.844542,-32.231127],[134.85108,-32.236436],[134.855649,-32.236793],[134.856631,-32.514414],[135.090566,-32.514188],[135.105724,-32.572268],[135.114631,-32.572514],[135.119947,-32.575906],[135.130548,-32.572672],[135.136611,-32.573139],[135.13659,-32.622195],[135.308514,-32.621612],[135.308519,-32.767479],[135.359563,-32.767414],[135.359664,-32.815074],[135.368718,-32.812722],[135.378103,-32.814656],[135.378278,-32.813333],[135.38791,-32.809795],[135.387479,-32.80617],[135.408136,-32.812713],[135.412435,-32.810756],[135.42456,-32.811094],[135.460359,-32.806757],[135.462073,-32.808787],[135.478462,-32.807639],[135.480465,-32.806421],[135.480453,-32.76724],[135.712928,-32.766325],[135.712993,-32.781164],[135.737125,-32.780979],[135.743159,-32.787573],[135.78233,-32.797437],[135.791743,-32.702529],[135.695249,-32.699041],[135.704422,-32.634917],[135.71653,-32.60251],[135.824204,-32.602215],[135.834799,-32.607184],[135.837605,-32.618554],[135.841738,-32.624521],[135.904863,-32.624704],[135.904608,-32.626418],[135.941277,-32.627375],[135.953431,-32.626571],[136.016148,-32.611865],[136.186224,-32.61389],[136.186746,-32.621949],[136.198093,-32.621561],[136.203622,-32.630907],[136.206114,-32.742588],[136.253241,-32.742137],[136.253635,-32.815034],[136.262138,-32.820433],[136.313858,-32.824583],[136.320919,-32.821781],[136.370333,-32.811269],[136.369885,-32.825724],[136.391812,-32.825885],[136.417823,-32.84878],[136.419913,-32.848151],[136.424316,-32.853488],[136.438774,-32.854644],[136.438649,-32.862294],[136.452992,-32.881052],[136.461209,-32.881006],[136.45775,-32.906891],[136.478542,-32.90691],[136.496462,-32.938116],[136.507033,-32.950015],[136.510055,-32.950013],[136.509804,-33.025078],[136.585812,-33.025371],[136.57613,-33.017668],[136.575323,-33.015289],[136.577304,-33.008463],[136.570522,-33.005103],[136.571597,-33.002952],[136.581859,-32.999971],[136.58519,-32.996909],[136.590677,-32.996697],[136.594833,-32.998689],[136.598604,-32.995093],[136.598362,-33.124553],[136.81094,-33.123927],[136.810646,-33.327007],[137.279074,-33.326137],[137.278819,-33.154372],[137.313476,-33.15438],[137.313357,-33.009399],[137.506678,-32.877551],[137.614761,-32.877497],[137.597421,-32.690096],[137.596016,-32.687246],[137.595875,-32.672416],[137.620234,-32.673123],[137.620444,-32.355349],[137.760568,-32.354786],[137.765128,-32.362092],[137.75407,-32.37728],[137.756536,-32.383333],[137.750768,-32.389714],[137.752213,-32.400305],[137.747481,-32.402663],[137.749154,-32.410273],[137.746661,-32.411951],[137.748648,-32.415349],[137.966425,-32.415244],[137.963919,-32.398733],[137.967613,-32.377694],[137.970769,-32.368324],[137.969308,-32.363134],[137.971034,-32.358985],[137.971815,-32.345859],[137.973374,-32.343766],[137.97392,-32.329802],[137.971551,-32.329218],[137.967731,-32.332187],[137.960594,-32.331239],[137.959719,-32.326696],[137.962688,-32.323502],[137.962124,-32.321673],[137.96818,-32.316105],[137.966838,-32.31205],[137.968912,-32.30654],[137.962097,-32.299695],[137.960277,-32.299635],[137.963007,-32.294321],[137.96896,-32.292973],[137.967238,-32.291045],[137.967678,-32.285781],[137.969587,-32.284905],[137.970262,-32.281226],[137.973869,-32.279285],[137.971304,-32.273067],[137.967267,-32.269893],[137.963226,-32.269893],[137.963383,-32.236797],[137.978105,-32.151433],[138.084338,-31.97616],[138.084576,-31.739734],[138.596975,-31.739955],[138.596984,-31.761762],[138.617214,-31.746979],[138.631873,-31.762844],[138.630785,-31.76817],[138.632721,-31.774072],[138.640915,-31.777124],[138.643846,-31.774393],[138.654261,-31.775178],[138.6658,-31.76882],[138.676371,-31.768166],[138.713711,-31.76056],[138.717361,-31.762998],[138.716456,-31.765257],[138.718452,-31.773754],[138.71619,-31.804935],[138.700574,-31.804961],[138.699728,-31.807496],[138.695,-31.810877],[138.681689,-31.81247],[138.675522,-31.818333],[138.666809,-31.822792],[138.662231,-31.827742],[138.663417,-31.835413],[138.660879,-31.838293],[138.65391,-31.842205],[138.650233,-31.848442],[138.641271,-31.851365],[138.633562,-31.870458],[138.637107,-31.869918],[138.643701,-31.875955],[138.631286,-31.891567],[138.632623,-31.893997],[138.638412,-31.897121],[138.636916,-31.900003],[138.640264,-31.910009],[138.641982,-31.910298],[138.643677,-31.917873],[138.651948,-31.930549],[138.652727,-31.949717],[138.656284,-31.966256],[138.656145,-31.967632],[138.640095,-31.975343],[138.754637,-31.975203],[138.754519,-32.159603],[138.825392,-32.159713],[138.826492,-32.414685],[138.890062,-32.414563],[138.890154,-32.594654],[139.353527,-32.593955],[139.355941,-33.802999],[139.699991,-33.800582],[139.699235,-33.875181],[139.857084,-33.875303],[139.857421,-34.024348],[139.900856,-34.024275],[139.916565,-34.007866],[139.916663,-33.943957],[139.980044,-33.944297],[139.983611,-33.931921],[139.997118,-33.948533],[140.0448,-33.952414],[140.053261,-33.959653],[140.055264,-34.057143],[140.216254,-34.055171],[140.216214,-34.174057],[140.235369,-34.180632],[140.245298,-34.173185],[140.255679,-34.169433],[140.27068,-34.174848],[140.282469,-34.183804],[140.293957,-34.18676],[140.306813,-34.173054],[140.322614,-34.161282],[140.323462,-34.151516],[140.320196,-34.151263],[140.320198,-34.149782],[140.323952,-34.146409],[140.328421,-34.145802],[140.328403,-34.136399],[140.354826,-34.136308],[140.355289,-34.132642],[140.370236,-34.120851],[140.374161,-34.119414],[140.406171,-34.133444],[140.473084,-34.132339],[140.473034,-34.186416],[140.484237,-34.18935],[140.49178,-34.193513],[140.501154,-34.205061],[140.50493,-34.215861],[140.524287,-34.234884],[140.510829,-34.236097],[140.504612,-34.238335],[140.498275,-34.242856],[140.49386,-34.249005],[140.504943,-34.251135],[140.514021,-34.250663],[140.529517,-34.254046],[140.533739,-34.235486],[140.537588,-34.235533],[140.538071,-34.225344],[140.541045,-34.219652],[140.533835,-34.219382],[140.533813,-34.204718],[140.645481,-34.204849],[140.645157,-34.198669],[140.657322,-34.155167],[140.657842,-34.085319],[140.635269,-34.064248],[140.664089,-34.06389],[140.664995,-34.061514],[140.69957,-34.065123],[140.701657,-34.06541],[140.701685,-34.068073],[140.705487,-34.072171],[140.713893,-34.075694],[140.719459,-34.074752],[140.730758,-34.087741],[140.726311,-34.090691],[140.729799,-34.101066],[140.727749,-34.10306],[140.728621,-34.107602],[140.73419,-34.113046],[140.736851,-34.112735],[140.735781,-34.113925],[140.736574,-34.117576],[140.740732,-34.121181],[140.746754,-34.121259],[140.747088,-34.123006],[140.752812,-34.127045],[140.750571,-34.129716],[140.750484,-34.133731],[140.757947,-34.142596],[140.761013,-34.143706],[140.757397,-34.149462],[140.760249,-34.152315],[140.764119,-34.15276],[140.76483,-34.154604],[140.761388,-34.156146],[140.761019,-34.159809],[140.757673,-34.163775],[140.758369,-34.164867],[140.772971,-34.159461],[140.777349,-34.15702],[140.779691,-34.153425],[140.782801,-34.140186],[140.777128,-34.141147],[140.773364,-34.139671],[140.773123,-34.138158],[140.779835,-34.131743],[140.78206,-34.124338],[140.772431,-34.120918],[140.771792,-34.115541],[140.774971,-34.114748],[140.783316,-34.117465],[140.791563,-34.116973],[140.794947,-34.114044],[140.796163,-34.109358],[140.792093,-34.105516],[140.78232,-34.104988],[140.776171,-34.107549],[140.769729,-34.105731],[140.762616,-34.109519],[140.758129,-34.109508],[140.756746,-34.105536],[140.766713,-34.103192],[140.767653,-34.099014],[140.757755,-34.090426],[140.753911,-34.079416],[140.743411,-34.077529],[140.742607,-34.07367],[140.744077,-34.071181],[140.752789,-34.061826],[140.766539,-34.059399],[140.797198,-34.07095],[140.809088,-34.072011],[140.805423,-34.069381],[140.806032,-34.06706],[140.814197,-34.067684],[140.815584,-34.065973],[140.809741,-34.063627],[140.808846,-34.061663],[140.813266,-34.056982],[140.812732,-34.04939],[140.815854,-34.048583],[140.819527,-34.053168],[140.83342,-34.053452],[140.833743,-34.051548],[140.826952,-34.051943],[140.823344,-34.049115],[140.823584,-34.042368],[140.827552,-34.040188],[140.839027,-34.039576],[140.842788,-34.037957],[140.842486,-34.032795],[140.834186,-34.028601],[140.83521,-34.025319],[140.844209,-34.027229],[140.84538,-34.025598],[140.844437,-34.020053],[140.847212,-34.018304],[140.853752,-34.019465],[140.855104,-34.014343],[140.857339,-34.0133],[140.864017,-34.014119],[140.864044,-34.020717],[140.866679,-34.022002],[140.86874,-34.0206],[140.8674,-34.016508],[140.869141,-34.014592],[140.872167,-34.014896],[140.877919,-34.020432],[140.882118,-34.020209],[140.88712,-34.016918],[140.888195,-34.011141],[140.880962,-34.001809],[140.879993,-33.995584],[140.884192,-33.994476],[140.890161,-34.000646],[140.893814,-34.0012],[140.898966,-33.999782],[140.908548,-33.992586],[140.914268,-33.984636],[140.913093,-33.980441],[140.908518,-33.9792],[140.903256,-33.982495],[140.897576,-33.982464],[140.892701,-33.978303],[140.891616,-33.975164],[140.893418,-33.971481],[140.905209,-33.968886],[140.923633,-33.974028],[140.923781,-33.971612],[140.919301,-33.968854],[140.920571,-33.964852],[140.924866,-33.965219],[140.927639,-33.96758],[140.932635,-33.965544],[140.935976,-33.968653],[140.938632,-33.968972],[140.949583,-33.962891],[140.953775,-33.963255],[140.958706,-33.968372],[140.958993,-33.979085],[140.967095,-33.981094],[140.969856,-33.983454],[140.968765,-33.996699],[140.970663,-33.997837],[140.976328,-33.997196],[140.980582,-33.999983],[140.980828,-34.004593],[140.975874,-34.007329],[140.975327,-34.009307],[140.986754,-34.010224],[140.98046,-34.015479],[140.98554,-34.020745],[140.985705,-34.027512],[140.989772,-34.031695],[140.99345,-34.031043],[140.996066,-34.020902],[140.999457,-34.019638],[141.002963,-34.021879],[140.999272,-28.999087],[140.999396,-25.996378],[133.111852,-25.998568],[133.108774,-26.351675],[133.1002,-26.350316],[133.089324,-26.358788],[133.05435,-26.481437],[133.055998,-26.536875],[133.047146,-26.631321],[133.099499,-26.717356],[133.365513,-26.71671],[133.331892,-26.808039],[133.34233,-26.846182],[133.351382,-26.862295],[133.356857,-26.876759],[133.366255,-26.911121],[133.370196,-26.99618],[133.37148,-26.999102],[133.442125,-27.072817],[133.492629,-27.146863],[133.492858,-27.273757],[133.446527,-27.273569],[133.44562,-27.560858],[133.675785,-27.560393],[133.675309,-27.841648],[133.359889,-27.842104],[133.358543,-28.11503],[132.993865,-28.117361],[133.002789,-30.486762],[133.006483,-30.486993],[133.005799,-30.569475],[133.000292,-30.568268],[132.978405,-30.568691],[132.969965,-30.566012],[132.964779,-30.566884],[132.947649,-30.563516],[132.932143,-30.568423],[132.915835,-30.568293],[132.90845,-30.572175],[132.888742,-30.571271],[132.864465,-30.572641],[132.858556,-30.571067],[132.847874,-30.573148],[132.838389,-30.570067],[132.826531,-30.563286],[132.817714,-30.561916],[132.808547,-30.553876],[132.793491,-30.551956],[132.78511,-30.548822],[132.778969,-30.552022],[132.772322,-30.549745],[132.765072,-30.549891],[132.744969,-30.540153],[132.735775,-30.540514],[132.730414,-30.542901],[132.719821,-30.540016],[132.707169,-30.535857],[132.702576,-30.531214],[132.695851,-30.528385],[132.691125,-30.524279],[132.664854,-30.518439],[132.666086,-30.514974],[132.660093,-30.513377],[132.658862,-30.516842],[132.648101,-30.513975],[132.634904,-30.513793],[132.620564,-30.508985],[132.586536,-30.506355],[132.57094,-30.499393],[132.54974,-30.495426],[132.543964,-30.496482],[132.535339,-30.493792],[132.524312,-30.495499],[132.514713,-30.492764],[132.493038,-30.491999],[132.479159,-30.48588],[132.438138,-30.482208],[132.41271,-30.482355],[132.402305,-30.486279],[132.389524,-30.485069],[132.367917,-30.486986],[132.355589,-30.48576],[132.33276,-30.488955],[132.320653,-30.488251],[132.313064,-30.492176],[132.267006,-30.497436],[132.257965,-30.502875],[132.247828,-30.504421],[132.233852,-30.505813],[132.200165,-30.500819],[132.189449,-30.501134],[132.176881,-30.504177],[132.168742,-30.500753],[132.155385,-30.497939],[132.135115,-30.485247],[132.129701,-30.484519],[132.121705,-30.480488],[132.110558,-30.481916],[132.091964,-30.472432],[132.082683,-30.473766],[132.077404,-30.477464],[132.07259,-30.478487],[132.027782,-30.46849],[132.023652,-30.468264],[132.016247,-30.470915],[132.009743,-30.46934],[132.003589,-30.470083],[131.99385,-30.467197],[131.974014,-30.475341],[131.967002,-30.475532],[131.96052,-30.473347],[131.953729,-30.474331],[131.949228,-30.472428],[131.938721,-30.471786],[131.908571,-30.463594],[131.898322,-30.463351],[131.892463,-30.465095],[131.878245,-30.463202],[131.869073,-30.458931],[131.846433,-30.453655],[131.798378,-30.463178],[131.628866,-30.466314],[130.985647,-30.543952],[130.417745,-30.609552],[130.416115,-30.598755],[130.394282,-30.601219],[130.39591,-30.612017],[129.518093,-30.707646],[129.517338,-30.702239],[129.509007,-30.703108],[129.509762,-30.708515],[129.096576,-30.751184],[129.001928,-30.763668],[129.001928,-31.686991],[129.016689,-31.684636],[129.029039,-31.679226],[129.052819,-31.674166],[129.100618,-31.669106],[129.139528,-31.667884],[129.194747,-31.658673],[129.239736,-31.656013],[129.245686,-31.654143],[129.271686,-31.651983],[129.289216,-31.651783],[129.294916,-31.649393],[129.317456,-31.647933],[129.326155,-31.645683],[129.338025,-31.646133],[129.370185,-31.640273],[129.390355,-31.640942],[129.432794,-31.637202],[129.462974,-31.631761],[129.498553,-31.628231],[129.527793,-31.62267],[129.557582,-31.62172],[129.629655,-31.615705],[129.680925,-31.616714],[129.702394,-31.613834],[129.726114,-31.614104],[129.77194,-31.607887],[129.843104,-31.607733],[129.866133,-31.604033],[129.885983,-31.595602],[129.918223,-31.590282],[129.938363,-31.588612],[129.970398,-31.591065],[130.010673,-31.586111],[130.050603,-31.587931],[130.087343,-31.58581],[130.120412,-31.5864],[130.125932,-31.58479],[130.133792,-31.57978],[130.137092,-31.58055],[130.152196,-31.576524],[130.222175,-31.579783],[130.247403,-31.573753],[130.275071,-31.573648],[130.313731,-31.579908],[130.335741,-31.581088],[130.344984,-31.583631],[130.377003,-31.584611],[130.387661,-31.583278],[130.406781,-31.584807],[130.426001,-31.583527],[130.488813,-31.59303],[130.525312,-31.59235],[130.539992,-31.5874],[130.567932,-31.585719],[130.599389,-31.588667],[130.664331,-31.599669],[130.734481,-31.606038],[130.778721,-31.607577],[130.806141,-31.605616],[130.846119,-31.597746],[130.893417,-31.579754],[130.935367,-31.569284],[130.957287,-31.560264],[130.983137,-31.553303],[130.986967,-31.550613],[131.026406,-31.537613],[131.057566,-31.521532],[131.062727,-31.515484],[131.065556,-31.505781],[131.081807,-31.490884],[131.101585,-31.481944],[131.109775,-31.476574],[131.114905,-31.475804],[131.128516,-31.464703],[131.148645,-31.46364],[131.186875,-31.472],[131.227964,-31.486353],[131.233084,-31.489633],[131.244784,-31.492263],[131.272094,-31.504512],[131.277485,-31.505202],[131.318475,-31.521652],[131.323465,-31.525162],[131.347644,-31.534342],[131.351855,-31.537392],[131.364735,-31.540802],[131.372234,-31.545649],[131.376314,-31.545209],[131.384724,-31.548732],[131.385774,-31.552099],[131.388014,-31.552099],[131.389054,-31.553921],[131.392604,-31.553251],[131.402464,-31.557781],[131.410354,-31.559371],[131.414183,-31.562409],[131.417073,-31.561959],[131.418775,-31.564001],[131.422463,-31.563879],[131.435353,-31.570209],[131.442185,-31.571811],[131.455083,-31.578809],[131.499563,-31.595979],[131.569975,-31.627589],[131.683014,-31.681438],[131.758585,-31.720246],[131.780095,-31.733966],[131.802795,-31.744856],[131.829075,-31.762275],[131.851935,-31.778905],[131.857906,-31.787449],[131.909425,-31.814274],[131.933895,-31.831104],[131.954146,-31.842309],[132.001405,-31.87737],[132.073005,-31.917727],[132.08326,-31.929506],[132.10412,-31.941483],[132.110648,-31.948156],[132.112784,-31.946529],[132.117346,-31.955349],[132.115702,-31.958985],[132.116844,-31.961131],[132.121742,-31.967755],[132.124365,-31.967909],[132.125477,-31.970765],[132.128026,-31.971257],[132.128753,-31.9748],[132.131485,-31.975958],[132.130878,-31.980249],[132.135075,-31.982385],[132.145895,-31.99358],[132.147681,-31.999358],[132.151392,-32.001252],[132.151186,-32.003021],[132.157303,-32.001336],[132.16113,-32.002736],[132.161182,-32.004652],[132.166227,-32.004695],[132.176417,-32.018299],[132.184051,-32.018151],[132.18895,-32.021463],[132.195888,-32.022893],[132.200622,-32.027267],[132.202944,-32.027308],[132.204523,-32.024312],[132.207511,-32.026961],[132.20735,-32.024111],[132.213155,-32.027096],[132.219345,-32.024631],[132.225578,-32.02495],[132.235982,-32.028089],[132.245294,-32.028003],[132.253624,-32.030488],[132.25545,-32.029527],[132.256471,-32.031235],[132.260302,-32.032178],[132.268754,-32.031716],[132.27121,-32.03374],[132.271635,-32.027541],[132.276724,-32.024059],[132.285626,-32.022465],[132.29308,-32.026252],[132.29469,-32.025076],[132.303367,-32.027438],[132.306646,-32.026042],[132.308304,-32.028344],[132.318288,-32.02632],[132.31961,-32.027638],[132.321976,-32.026047],[132.323092,-32.027416],[132.325079,-32.026168],[132.335205,-32.029075],[132.336129,-32.026012],[132.337738,-32.02692],[132.340965,-32.022684],[132.34041,-32.018036],[132.343196,-32.014485],[132.353242,-32.011572],[132.378104,-32.011906],[132.380468,-32.009853],[132.382763,-32.011316],[132.383923,-32.015729],[132.388175,-32.013715],[132.386784,-32.008908],[132.393416,-32.001734],[132.41546,-31.998792],[132.420965,-31.999775],[132.430762,-32.006699],[132.432879,-32.009704],[132.431505,-32.01183],[132.432361,-32.01279],[132.438047,-32.01077],[132.437626,-32.013022],[132.447695,-32.019066],[132.449412,-32.02269],[132.45325,-32.023967],[132.458059,-32.021862],[132.467811,-32.02806],[132.468852,-32.03046],[132.47324,-32.030078],[132.476105,-32.025751],[132.463614,-32.016929],[132.461615,-32.010621],[132.452333,-32.008877],[132.447807,-32.006213],[132.444958,-32.007219],[132.44671,-32.008589],[132.443974,-32.0084],[132.437934,-32.000972],[132.437892,-31.99106],[132.446425,-31.970711],[132.455046,-31.960716],[132.478455,-31.946271],[132.52853,-31.935333],[132.553684,-31.932796],[132.595212,-31.934314],[132.629961,-31.941516],[132.6438,-31.946428],[132.645768,-31.945482],[132.653245,-31.950157],[132.653744,-31.948329],[132.655512,-31.948142],[132.658294,-31.955198],[132.660589,-31.957171],[132.662652,-31.955764],[132.666325,-31.957081],[132.669642,-31.95523],[132.670129,-31.956859],[132.673672,-31.955872],[132.676978,-31.957622],[132.680172,-31.954586],[132.682917,-31.955036],[132.686935,-31.950649],[132.693507,-31.951409],[132.695976,-31.954161],[132.700385,-31.952367],[132.703645,-31.952816],[132.704992,-31.955258],[132.708976,-31.953712],[132.714671,-31.955878],[132.717946,-31.953914],[132.730632,-31.954138],[132.734275,-31.956565],[132.736724,-31.950075],[132.7449,-31.949055],[132.785074,-31.961908],[132.826495,-31.981552],[132.848996,-31.994636],[132.853207,-32.001272],[132.859999,-32.00183],[132.870127,-32.009218],[132.870954,-32.011779],[132.888426,-32.022462],[132.891173,-32.025714],[132.894129,-32.026219],[132.894825,-32.028434],[132.90107,-32.03209],[132.903781,-32.036219],[132.917565,-32.040524],[132.922856,-32.044239],[132.925214,-32.048456],[132.931499,-32.052786],[132.933764,-32.052529],[132.934819,-32.054526],[132.947252,-32.054259],[132.963643,-32.065225],[132.974214,-32.072519],[132.979067,-32.078546],[132.978336,-32.081217],[132.981579,-32.081986],[132.981736,-32.089327],[132.977699,-32.092414],[132.982641,-32.097142],[132.982154,-32.100018],[132.979701,-32.102],[132.979577,-32.1065],[132.983147,-32.103503],[132.990139,-32.102663],[132.991547,-32.099021],[132.988079,-32.097609],[132.988744,-32.094745],[132.996766,-32.08793],[133.002361,-32.086888],[133.003044,-32.083647],[133.00663,-32.083387],[133.020815,-32.090123],[133.032816,-32.097969],[133.053551,-32.104118],[133.08835,-32.127007],[133.114457,-32.147898],[133.134186,-32.168246],[133.138141,-32.174864],[133.139965,-32.179953],[133.13689,-32.185295],[133.133694,-32.187422],[133.130155,-32.186818],[133.130997,-32.189137],[133.128346,-32.190748],[133.128965,-32.193528],[133.131263,-32.193992],[133.133343,-32.197849],[133.130814,-32.202236],[133.127866,-32.203322],[133.125765,-32.20877],[133.133512,-32.204052],[133.138225,-32.197765],[133.142974,-32.197647],[133.147543,-32.194503],[133.150714,-32.1879],[133.143729,-32.187053],[133.142817,-32.183381],[133.146625,-32.174821],[133.155353,-32.171004],[133.167545,-32.170129],[133.182553,-32.172536],[133.213477,-32.18546],[133.213008,-31.752092],[133.239432,-31.769869],[133.285643,-31.783218],[133.457768,-31.811896],[133.610562,-31.811643],[133.61064,-31.844274],[133.675197,-31.844249],[133.675091,-31.855344],[133.727038,-31.855424],[133.851226,-31.849583],[133.851269,-31.880149],[133.888419,-31.880276],[134.052929,-31.96569],[134.058323,-31.967152],[134.076321,-31.978681],[134.08617,-31.969694],[134.089769,-31.962766],[134.120101,-31.975819],[134.120117,-31.867971],[134.290275,-31.867619],[134.290525,-32.087104],[134.512886,-32.086754],[134.512963,-32.232101]],[[134.787285,-28.993547],[134.809695,-29.00298],[134.809146,-29.051694],[134.707499,-29.050753],[134.707802,-29.02784],[134.694111,-28.981554],[134.735938,-28.971015],[134.787285,-28.993547]],[[136.924542,-30.498522],[136.915237,-30.623524],[136.843004,-30.623524],[136.843026,-30.498524],[136.855155,-30.498523],[136.852463,-30.487411],[136.895237,-30.474296],[136.897894,-30.480772],[136.897872,-30.498526],[136.924542,-30.498522]],[[133.492623,-27.14339],[133.443761,-27.071752],[133.372194,-26.995802],[133.371313,-26.97682],[133.373194,-26.973971],[133.381248,-26.973671],[133.381039,-26.969158],[133.370975,-26.969539],[133.368258,-26.910867],[133.358791,-26.876251],[133.353242,-26.861596],[133.342365,-26.84239],[133.333913,-26.807856],[133.367631,-26.71671],[133.436698,-26.718151],[133.501313,-26.716763],[133.744945,-26.718179],[133.674489,-27.024876],[133.641187,-27.047394],[133.63542,-27.067758],[133.638629,-27.120091],[133.642846,-27.137617],[133.492613,-27.138039],[133.492623,-27.14339]]]]}}]}
