{"type":"FeatureCollection","name":"admin2_aus_au-tas","adm0A3":"AUS","parentCode":"AU-TAS","parentName":"Tasmania","bbox":[143.819256,-43.740365,148.498567,-39.203783],"features":[{"type":"Feature","properties":{"code":"AU-LGA-60210","name":"Break O'Day","label":"Break O'Day","type":"Local government area","parentCode":"AU-TAS"},"geometry":{"type":"MultiPolygon","coordinates":[[[[148.344006,-41.35309],[148.348496,-41.350896],[148.344669,-41.345038],[148.340287,-41.344849],[148.336148,-41.347172],[148.335716,-41.348426],[148.3381,-41.3499],[148.342924,-41.349146],[148.344006,-41.35309]]],[[[148.33944,-41.249539],[148.338954,-41.250463],[148.340824,-41.250591],[148.33944,-41.249539]]],[[[148.356542,-41.000469],[148.357352,-40.999823],[148.355568,-40.999775],[148.356542,-41.000469]]],[[[148.330301,-40.924453],[148.329692,-40.923207],[148.328052,-40.924222],[148.330836,-40.925926],[148.330301,-40.924453]]],[[[148.327502,-40.933922],[148.327621,-40.933815],[148.327486,-40.933836],[148.327502,-40.933922]]],[[[148.292927,-41.167876],[148.293757,-41.167044],[148.292935,-41.16723],[148.292927,-41.167876]]],[[[148.29275,-41.16917],[148.292991,-41.169497],[148.293644,-41.1689],[148.29275,-41.16917]]],[[[148.32921,-40.922067],[148.330839,-40.922043],[148.329588,-40.921316],[148.32921,-40.922067]]],[[[148.32203,-40.922068],[148.321337,-40.921566],[148.320725,-40.922678],[148.32203,-40.922068]]],[[[148.322895,-40.914586],[148.323053,-40.914971],[148.32395,-40.914866],[148.322895,-40.914586]]],[[[148.323444,-40.915813],[148.32414,-40.915313],[148.323506,-40.91532],[148.323444,-40.915813]]],[[[148.320278,-40.912811],[148.32101,-40.912854],[148.320309,-40.912515],[148.320278,-40.912811]]],[[[148.288436,-41.209616],[148.2891,-41.209828],[148.289369,-41.209052],[148.288436,-41.209616]]],[[[148.328082,-41.248576],[148.328564,-41.248492],[148.328382,-41.247928],[148.328082,-41.248576]]],[[[148.338818,-41.259906],[148.338139,-41.260429],[148.338494,-41.26052],[148.338818,-41.259906]]],[[[147.590575,-41.380843],[147.601781,-41.39312],[147.608718,-41.397725],[147.606356,-41.407436],[147.61926,-41.409213],[147.615833,-41.426389],[147.628734,-41.428162],[147.627366,-41.451462],[147.634025,-41.459157],[147.637632,-41.457369],[147.643618,-41.46435],[147.641399,-41.465447],[147.645935,-41.47073],[147.639655,-41.474129],[147.648064,-41.478412],[147.642465,-41.484807],[147.654075,-41.495703],[147.6737,-41.492973],[147.672339,-41.498749],[147.680067,-41.499772],[147.713676,-41.54876],[147.753322,-41.554198],[147.780245,-41.606461],[147.789479,-41.607691],[147.785991,-41.622974],[147.781952,-41.622513],[147.780977,-41.629267],[147.797898,-41.62775],[147.793341,-41.650438],[147.778703,-41.648867],[147.779063,-41.646953],[147.764842,-41.645383],[147.761588,-41.647277],[147.763915,-41.647926],[147.761707,-41.650337],[147.76299,-41.651129],[147.760437,-41.651219],[147.758691,-41.654246],[147.760283,-41.655981],[147.757748,-41.657278],[147.758246,-41.659454],[147.760045,-41.6594],[147.759449,-41.663255],[147.763879,-41.669556],[147.768324,-41.671818],[147.770253,-41.670311],[147.770752,-41.671858],[147.77858,-41.673507],[147.779572,-41.678082],[147.777108,-41.681531],[147.776706,-41.685675],[147.782144,-41.688471],[147.788031,-41.696996],[147.787806,-41.700022],[147.77297,-41.707616],[147.781494,-41.715935],[147.78859,-41.718582],[147.793326,-41.717914],[147.794328,-41.719334],[147.785099,-41.72449],[147.78824,-41.727768],[147.77759,-41.73248],[147.779546,-41.734568],[147.763672,-41.741182],[147.783376,-41.760987],[147.793433,-41.755939],[147.795134,-41.757937],[147.80651,-41.751814],[147.825685,-41.769605],[147.818307,-41.773702],[147.827073,-41.774866],[147.826471,-41.777447],[147.880949,-41.784766],[147.878927,-41.79328],[147.892124,-41.794992],[147.89457,-41.784655],[147.909637,-41.786617],[147.906295,-41.800953],[147.920114,-41.802757],[147.922352,-41.793278],[147.916033,-41.792436],[147.918967,-41.777023],[147.924344,-41.777734],[147.92339,-41.781862],[147.927777,-41.782458],[147.930002,-41.773503],[147.918574,-41.771982],[147.921018,-41.760677],[147.936066,-41.762694],[147.934706,-41.768858],[147.942309,-41.76988],[147.94145,-41.773671],[147.95937,-41.775997],[147.959036,-41.777388],[147.965275,-41.778147],[147.964721,-41.779966],[147.971462,-41.780896],[147.974179,-41.770629],[147.992147,-41.773191],[147.993578,-41.76758],[148.001122,-41.768663],[148.002491,-41.763535],[148.024446,-41.765618],[148.024439,-41.769409],[148.026561,-41.771009],[148.025258,-41.778377],[148.033359,-41.775465],[148.040845,-41.776492],[148.044042,-41.763691],[148.03903,-41.762949],[148.040553,-41.756786],[148.03814,-41.756421],[148.039527,-41.750837],[148.047001,-41.75192],[148.050326,-41.737714],[148.07147,-41.740344],[148.069205,-41.75077],[148.081279,-41.753637],[148.120716,-41.74937],[148.137172,-41.764957],[148.136534,-41.771082],[148.134657,-41.77229],[148.137336,-41.785057],[148.120669,-41.793867],[148.118977,-41.797115],[148.124459,-41.798878],[148.133776,-41.806422],[148.137951,-41.807856],[148.146135,-41.806381],[148.144282,-41.80959],[148.14433,-41.816625],[148.148576,-41.838714],[148.146997,-41.850443],[148.143288,-41.857682],[148.145557,-41.857958],[148.145525,-41.860231],[148.152517,-41.861176],[148.158041,-41.867967],[148.167589,-41.871349],[148.17306,-41.877139],[148.177224,-41.876825],[148.180309,-41.879346],[148.18103,-41.8822],[148.186235,-41.864398],[148.189127,-41.859859],[148.185831,-41.862693],[148.188478,-41.853032],[148.204809,-41.855234],[148.207151,-41.846667],[148.217787,-41.847977],[148.218993,-41.842742],[148.234937,-41.843391],[148.24052,-41.824355],[148.246194,-41.823195],[148.254123,-41.816176],[148.262422,-41.814019],[148.265828,-41.817157],[148.264417,-41.80717],[148.266791,-41.793364],[148.281682,-41.761896],[148.287013,-41.754157],[148.291946,-41.749975],[148.298553,-41.749343],[148.299608,-41.752261],[148.302803,-41.750662],[148.301967,-41.748727],[148.304775,-41.748163],[148.302351,-41.74498],[148.304705,-41.742262],[148.302152,-41.740742],[148.302813,-41.739406],[148.299386,-41.74122],[148.296754,-41.740617],[148.289326,-41.734809],[148.285958,-41.728412],[148.284078,-41.719986],[148.287901,-41.701114],[148.290722,-41.696522],[148.29342,-41.696259],[148.295235,-41.69316],[148.291003,-41.689956],[148.289058,-41.684501],[148.289702,-41.671575],[148.293188,-41.658948],[148.301494,-41.645805],[148.307363,-41.640516],[148.312101,-41.639152],[148.312818,-41.635941],[148.315586,-41.6339],[148.314187,-41.631925],[148.315357,-41.628299],[148.314173,-41.626198],[148.317461,-41.624947],[148.3203,-41.621379],[148.319285,-41.612941],[148.320794,-41.610933],[148.318719,-41.609902],[148.318392,-41.607121],[148.318306,-41.599865],[148.319545,-41.598399],[148.316086,-41.586262],[148.316878,-41.582399],[148.315233,-41.580842],[148.316354,-41.579071],[148.314984,-41.577288],[148.316658,-41.575365],[148.314657,-41.574652],[148.314591,-41.571286],[148.310914,-41.571723],[148.305038,-41.568478],[148.303309,-41.562422],[148.299268,-41.558025],[148.294731,-41.559516],[148.29258,-41.557226],[148.288023,-41.558182],[148.290896,-41.557283],[148.286174,-41.552473],[148.283801,-41.547263],[148.283249,-41.544382],[148.285886,-41.541525],[148.285089,-41.538432],[148.28209,-41.535648],[148.279239,-41.522827],[148.280178,-41.519966],[148.282011,-41.51946],[148.279191,-41.518906],[148.278984,-41.515831],[148.276499,-41.513427],[148.277266,-41.512185],[148.275265,-41.510774],[148.275626,-41.503487],[148.27052,-41.502891],[148.267135,-41.506354],[148.266322,-41.50561],[148.269583,-41.503952],[148.26601,-41.501154],[148.263727,-41.502789],[148.265053,-41.500306],[148.261495,-41.497559],[148.262838,-41.496825],[148.262508,-41.491459],[148.259324,-41.490378],[148.25958,-41.488637],[148.257357,-41.486441],[148.249278,-41.486013],[148.251777,-41.483772],[148.250363,-41.483311],[148.253614,-41.482521],[148.251911,-41.479249],[148.253108,-41.477839],[148.257405,-41.480778],[148.255942,-41.485047],[148.258734,-41.485352],[148.261896,-41.489348],[148.264309,-41.481922],[148.26423,-41.487784],[148.262799,-41.487556],[148.26265,-41.489026],[148.267509,-41.500786],[148.271005,-41.502412],[148.266251,-41.485059],[148.266482,-41.462158],[148.254134,-41.459207],[148.249619,-41.456632],[148.245796,-41.46195],[148.24674,-41.466355],[148.242056,-41.467211],[148.231825,-41.460699],[148.23023,-41.45776],[148.229352,-41.455189],[148.232397,-41.442908],[148.228009,-41.445082],[148.222259,-41.441869],[148.22441,-41.44502],[148.217005,-41.447856],[148.216223,-41.451314],[148.21652,-41.447992],[148.219707,-41.446917],[148.215214,-41.445882],[148.210472,-41.447078],[148.207874,-41.444628],[148.204738,-41.44813],[148.201546,-41.448124],[148.200349,-41.44734],[148.203974,-41.444245],[148.205129,-41.44107],[148.197886,-41.442344],[148.200865,-41.440553],[148.205434,-41.440969],[148.204937,-41.443465],[148.201044,-41.447288],[148.202358,-41.448025],[148.204717,-41.44767],[148.207174,-41.44398],[148.210548,-41.446636],[148.214591,-41.445505],[148.221841,-41.446445],[148.223481,-41.444525],[148.221043,-41.442988],[148.222716,-41.441153],[148.228931,-41.444301],[148.230114,-41.443437],[148.228227,-41.443441],[148.226678,-41.440891],[148.22653,-41.43967],[148.228424,-41.440959],[148.227775,-41.437835],[148.224986,-41.434476],[148.227986,-41.432555],[148.224844,-41.431337],[148.227635,-41.431599],[148.227945,-41.43316],[148.225771,-41.434726],[148.230148,-41.442872],[148.233421,-41.442764],[148.230785,-41.456222],[148.232916,-41.460385],[148.239995,-41.465473],[148.244403,-41.466557],[148.245897,-41.463061],[148.244214,-41.465064],[148.242053,-41.464681],[148.236248,-41.459133],[148.239958,-41.456867],[148.243633,-41.459125],[148.243904,-41.462519],[148.246353,-41.457442],[148.2502,-41.455357],[148.262961,-41.460221],[148.264848,-41.458485],[148.266181,-41.451911],[148.266161,-41.45581],[148.264601,-41.457451],[148.267234,-41.461685],[148.270586,-41.445704],[148.274446,-41.438033],[148.277343,-41.435902],[148.27596,-41.431217],[148.279187,-41.416592],[148.28405,-41.406311],[148.290059,-41.39854],[148.290829,-41.386276],[148.295709,-41.37168],[148.292376,-41.370456],[148.286849,-41.376196],[148.28946,-41.37746],[148.289107,-41.38045],[148.279409,-41.378761],[148.280472,-41.375927],[148.279129,-41.37172],[148.283462,-41.372354],[148.293745,-41.369304],[148.292041,-41.365632],[148.286738,-41.364809],[148.288628,-41.364708],[148.288805,-41.363244],[148.293046,-41.364917],[148.29582,-41.368219],[148.294048,-41.369394],[148.295775,-41.370314],[148.301345,-41.36617],[148.305825,-41.360076],[148.305601,-41.358213],[148.30973,-41.354954],[148.309312,-41.353377],[148.314348,-41.34468],[148.320969,-41.319949],[148.327309,-41.306441],[148.342576,-41.290369],[148.348273,-41.286463],[148.353179,-41.286895],[148.353722,-41.284014],[148.358951,-41.28146],[148.359103,-41.27644],[148.356407,-41.273937],[148.348027,-41.276274],[148.346993,-41.278629],[148.339391,-41.282032],[148.336227,-41.280983],[148.332013,-41.276476],[148.33182,-41.283012],[148.325031,-41.289056],[148.329288,-41.288269],[148.326854,-41.294712],[148.323495,-41.29852],[148.317852,-41.299739],[148.319062,-41.301285],[148.313927,-41.303121],[148.311725,-41.309049],[148.310817,-41.308342],[148.312011,-41.311979],[148.309478,-41.31696],[148.29954,-41.323249],[148.291499,-41.324667],[148.271585,-41.33956],[148.266612,-41.338283],[148.263097,-41.340682],[148.262901,-41.338532],[148.259823,-41.337514],[148.255916,-41.330382],[148.24953,-41.329994],[148.247166,-41.328059],[148.244827,-41.329591],[148.24062,-41.327017],[148.240519,-41.324777],[148.237846,-41.324104],[148.238737,-41.323054],[148.235768,-41.322746],[148.240883,-41.320145],[148.244216,-41.325997],[148.246827,-41.326011],[148.248522,-41.327985],[148.252007,-41.323721],[148.255476,-41.323621],[148.257657,-41.321295],[148.258932,-41.325087],[148.261588,-41.321392],[148.268659,-41.321992],[148.276997,-41.315188],[148.274387,-41.314977],[148.277548,-41.314097],[148.278134,-41.311912],[148.274332,-41.314416],[148.268632,-41.314074],[148.276139,-41.312268],[148.271819,-41.310702],[148.27123,-41.307458],[148.274997,-41.301722],[148.274454,-41.291266],[148.280165,-41.286225],[148.279327,-41.27884],[148.281606,-41.276543],[148.281178,-41.279212],[148.283166,-41.281751],[148.295447,-41.282693],[148.294226,-41.287758],[148.296922,-41.290762],[148.291189,-41.297482],[148.290618,-41.304025],[148.301664,-41.304363],[148.307781,-41.302212],[148.312544,-41.298936],[148.309948,-41.294504],[148.30989,-41.2885],[148.316703,-41.283763],[148.318312,-41.279823],[148.324334,-41.280035],[148.330494,-41.275544],[148.330389,-41.273019],[148.333322,-41.27109],[148.332438,-41.268164],[148.334574,-41.262131],[148.338338,-41.259991],[148.338797,-41.257245],[148.336971,-41.256947],[148.338158,-41.254354],[148.333667,-41.253224],[148.329324,-41.248596],[148.327255,-41.251181],[148.317439,-41.254956],[148.315675,-41.254449],[148.316218,-41.250987],[148.312145,-41.248399],[148.312116,-41.246726],[148.310864,-41.24913],[148.309913,-41.248351],[148.306526,-41.251334],[148.30163,-41.251898],[148.30039,-41.253447],[148.299576,-41.251523],[148.295927,-41.256002],[148.287618,-41.256922],[148.293152,-41.253725],[148.291165,-41.251121],[148.285039,-41.251466],[148.287993,-41.250234],[148.298403,-41.249998],[148.296142,-41.248506],[148.29987,-41.250674],[148.300157,-41.252868],[148.30385,-41.251464],[148.297471,-41.248353],[148.292377,-41.243202],[148.293528,-41.240728],[148.290839,-41.238141],[148.293505,-41.235975],[148.289242,-41.235847],[148.283668,-41.227744],[148.279296,-41.230423],[148.283946,-41.227199],[148.284313,-41.222892],[148.282265,-41.218874],[148.284807,-41.216492],[148.280644,-41.212924],[148.284564,-41.211143],[148.285291,-41.209238],[148.273916,-41.207829],[148.269123,-41.21017],[148.269522,-41.207011],[148.262013,-41.203321],[148.266978,-41.202643],[148.275637,-41.207693],[148.27058,-41.193611],[148.271946,-41.180599],[148.270231,-41.181734],[148.269174,-41.186108],[148.265902,-41.185905],[148.264741,-41.188943],[148.261949,-41.188344],[148.252875,-41.190926],[148.262614,-41.184094],[148.269571,-41.182862],[148.269047,-41.179212],[148.272419,-41.180151],[148.277606,-41.176215],[148.280613,-41.176988],[148.280893,-41.170433],[148.284905,-41.168588],[148.2826,-41.165245],[148.284289,-41.161847],[148.280439,-41.161278],[148.276965,-41.157629],[148.275986,-41.151397],[148.27117,-41.150083],[148.270766,-41.151886],[148.268048,-41.151781],[148.270303,-41.150403],[148.268042,-41.147929],[148.268578,-41.1452],[148.270736,-41.149498],[148.272705,-41.149174],[148.270197,-41.142106],[148.269519,-41.126013],[148.273681,-41.110262],[148.276992,-41.104202],[148.282994,-41.097899],[148.284876,-41.089769],[148.288496,-41.086284],[148.292558,-41.07132],[148.298157,-41.063816],[148.289717,-41.060349],[148.286853,-41.054331],[148.282195,-41.052217],[148.275755,-41.053886],[148.271028,-41.051768],[148.267871,-41.053287],[148.269153,-41.050983],[148.267263,-41.049703],[148.263645,-41.049935],[148.262045,-41.051773],[148.249502,-41.051085],[148.260474,-41.048972],[148.259997,-41.045262],[148.262424,-41.04216],[148.276211,-41.034376],[148.281167,-41.033385],[148.286335,-41.035231],[148.29387,-41.028936],[148.294634,-41.030914],[148.291101,-41.032274],[148.292619,-41.034518],[148.28633,-41.048424],[148.291163,-41.058177],[148.296832,-41.061932],[148.293819,-41.056259],[148.294046,-41.047364],[148.297124,-41.036479],[148.301584,-41.029193],[148.303977,-41.029204],[148.306893,-41.024712],[148.309821,-41.024288],[148.30839,-41.022546],[148.311644,-41.018387],[148.314638,-41.017266],[148.32013,-41.008928],[148.330588,-40.999991],[148.340663,-40.993966],[148.344495,-40.993322],[148.34975,-40.995344],[148.349464,-40.992882],[148.346556,-40.991374],[148.344822,-40.987718],[148.3424,-40.989383],[148.336749,-40.988913],[148.335998,-40.990866],[148.33266,-40.991433],[148.323838,-40.987835],[148.316663,-40.978911],[148.316644,-40.971296],[148.314449,-40.969065],[148.308662,-40.969655],[148.313035,-40.968966],[148.305808,-40.964505],[148.300845,-40.95507],[148.298481,-40.954724],[148.299974,-40.954146],[148.302963,-40.957311],[148.301023,-40.94998],[148.301979,-40.941651],[148.294751,-40.939471],[148.290255,-40.933792],[148.285963,-40.932399],[148.280384,-40.927602],[148.269776,-40.91409],[148.2673,-40.907836],[148.268225,-40.9017],[148.264094,-40.89919],[148.259485,-40.900538],[148.258191,-40.904146],[148.254783,-40.904671],[148.251472,-40.902783],[148.23689,-40.911293],[148.228864,-40.913629],[148.224886,-40.919799],[148.22126,-40.921091],[148.215366,-40.919598],[148.213447,-40.922322],[148.213679,-40.926133],[148.216301,-40.928024],[148.217591,-40.932596],[148.210922,-40.937244],[148.186353,-40.931114],[148.185522,-40.933753],[148.116764,-40.92354],[148.112018,-40.942211],[148.088135,-40.935586],[148.088945,-40.937796],[148.086023,-40.940172],[148.085065,-40.94433],[148.085866,-40.949048],[148.082446,-40.952],[148.08563,-40.953705],[148.084554,-40.955902],[148.085765,-40.960523],[148.0813,-40.963185],[148.082303,-40.968365],[148.078492,-40.97153],[148.078992,-40.976738],[148.077554,-40.979172],[148.078038,-40.981566],[148.08066,-40.983063],[148.080473,-40.988456],[148.074218,-40.995336],[148.07526,-40.997643],[148.078786,-40.998323],[148.080975,-41.000985],[148.080023,-41.00239],[148.081544,-41.005624],[148.079365,-41.006457],[148.078821,-41.010422],[148.081168,-41.013471],[148.077873,-41.0154],[148.074436,-41.014738],[148.076213,-41.021723],[148.074101,-41.02332],[148.073109,-41.030725],[148.071062,-41.031311],[148.071237,-41.033442],[148.068758,-41.03374],[148.073945,-41.04219],[148.073252,-41.04779],[148.077531,-41.051974],[148.08039,-41.05186],[148.08031,-41.057028],[148.082101,-41.060236],[148.077045,-41.065041],[148.071385,-41.067473],[148.071131,-41.072065],[148.069749,-41.07228],[148.071108,-41.073858],[148.06224,-41.087048],[148.068343,-41.095947],[148.0627,-41.105093],[148.064825,-41.106394],[148.065225,-41.112923],[148.069549,-41.117323],[148.069864,-41.119601],[148.079668,-41.124528],[148.082423,-41.124454],[148.079214,-41.128901],[148.0823,-41.132126],[148.005141,-41.15339],[147.934822,-41.168457],[147.889534,-41.164944],[147.833969,-41.372411],[147.590575,-41.380843]]],[[[148.304536,-41.397329],[148.303279,-41.396515],[148.301575,-41.398901],[148.304536,-41.397329]]]]}},{"type":"Feature","properties":{"code":"AU-LGA-60410","name":"Brighton","label":"Brighton","type":"Local government area","parentCode":"AU-TAS"},"geometry":{"type":"MultiPolygon","coordinates":[[[[147.193478,-42.736776],[147.190127,-42.73661],[147.191057,-42.737666],[147.193478,-42.736776]]],[[[147.184363,-42.735814],[147.186509,-42.736716],[147.185482,-42.735736],[147.184363,-42.735814]]],[[[147.185596,-42.734724],[147.185111,-42.735039],[147.186389,-42.735936],[147.185596,-42.734724]]],[[[147.186253,-42.734562],[147.186697,-42.733909],[147.186104,-42.733653],[147.186253,-42.734562]]],[[[147.185825,-42.734548],[147.186175,-42.734633],[147.185989,-42.734156],[147.185825,-42.734548]]],[[[147.188679,-42.735557],[147.188154,-42.735465],[147.188798,-42.735827],[147.188679,-42.735557]]],[[[147.188216,-42.735776],[147.188102,-42.736173],[147.188394,-42.736005],[147.188216,-42.735776]]],[[[147.185527,-42.733747],[147.185967,-42.733455],[147.185717,-42.733407],[147.185527,-42.733747]]],[[[147.189933,-42.737258],[147.189449,-42.737345],[147.190048,-42.737474],[147.189933,-42.737258]]],[[[147.184881,-42.733764],[147.185217,-42.733847],[147.185395,-42.733666],[147.184881,-42.733764]]],[[[147.192327,-42.73409],[147.192779,-42.734027],[147.192453,-42.733964],[147.192327,-42.73409]]],[[[147.185137,-42.735528],[147.185362,-42.735592],[147.185376,-42.735388],[147.185137,-42.735528]]],[[[147.188479,-42.735391],[147.188673,-42.735391],[147.188732,-42.73524],[147.188479,-42.735391]]],[[[147.096618,-42.718705],[147.091693,-42.721249],[147.092741,-42.72345],[147.107817,-42.734459],[147.110366,-42.732745],[147.115544,-42.736574],[147.112696,-42.738653],[147.11543,-42.745225],[147.113523,-42.745661],[147.114609,-42.748289],[147.112934,-42.748658],[147.113872,-42.750894],[147.112131,-42.751249],[147.118095,-42.757571],[147.123879,-42.754757],[147.128031,-42.766629],[147.132035,-42.769807],[147.141116,-42.766049],[147.14179,-42.764937],[147.13976,-42.766366],[147.144055,-42.75841],[147.150012,-42.751787],[147.161944,-42.749549],[147.177532,-42.742595],[147.175902,-42.741037],[147.177863,-42.742533],[147.185985,-42.740905],[147.183355,-42.740403],[147.184104,-42.73924],[147.179106,-42.739831],[147.18578,-42.737046],[147.184278,-42.736005],[147.183975,-42.732278],[147.191451,-42.727349],[147.198996,-42.725306],[147.203878,-42.726566],[147.214599,-42.736989],[147.223426,-42.737174],[147.221956,-42.73826],[147.228644,-42.742144],[147.230672,-42.742815],[147.234962,-42.740902],[147.247784,-42.746496],[147.248289,-42.750278],[147.254479,-42.757476],[147.256923,-42.756943],[147.252234,-42.751202],[147.258717,-42.740683],[147.264679,-42.738977],[147.260636,-42.7347],[147.262602,-42.730185],[147.261267,-42.734908],[147.265589,-42.73894],[147.25938,-42.74129],[147.256089,-42.748623],[147.258607,-42.751383],[147.261631,-42.752095],[147.263654,-42.754266],[147.262707,-42.755303],[147.266688,-42.755642],[147.262967,-42.757108],[147.261523,-42.76117],[147.263102,-42.76288],[147.260527,-42.765281],[147.263197,-42.76783],[147.264682,-42.778485],[147.270842,-42.782226],[147.276679,-42.782348],[147.280569,-42.781798],[147.284157,-42.777736],[147.28579,-42.782475],[147.291139,-42.786296],[147.295129,-42.794334],[147.307338,-42.798065],[147.305436,-42.790749],[147.307161,-42.78603],[147.311661,-42.782174],[147.326193,-42.780465],[147.324427,-42.763413],[147.318891,-42.763222],[147.329656,-42.73366],[147.345206,-42.744528],[147.366908,-42.731504],[147.36455,-42.729682],[147.39298,-42.706789],[147.384947,-42.687185],[147.385622,-42.68441],[147.371644,-42.682655],[147.373347,-42.67549],[147.355531,-42.680574],[147.348134,-42.675316],[147.338808,-42.677292],[147.338204,-42.675745],[147.340286,-42.675195],[147.340721,-42.672773],[147.321254,-42.670396],[147.323531,-42.662662],[147.317931,-42.661858],[147.319037,-42.657682],[147.316879,-42.657375],[147.314518,-42.667267],[147.310491,-42.661087],[147.30331,-42.655363],[147.280014,-42.668499],[147.272617,-42.677846],[147.262529,-42.680731],[147.256315,-42.679623],[147.249913,-42.682933],[147.235914,-42.678554],[147.231403,-42.681096],[147.22719,-42.679674],[147.225313,-42.675823],[147.217439,-42.676921],[147.21017,-42.681133],[147.211005,-42.683891],[147.206157,-42.687772],[147.197566,-42.691556],[147.194668,-42.69126],[147.189025,-42.6949],[147.138143,-42.710528],[147.134415,-42.706914],[147.12514,-42.711405],[147.096618,-42.718705]]],[[[147.19564,-42.733435],[147.194209,-42.734132],[147.200805,-42.735446],[147.19857,-42.732495],[147.19564,-42.733435]]],[[[147.189923,-42.734977],[147.191048,-42.733725],[147.192288,-42.734884],[147.192328,-42.733443],[147.18765,-42.733227],[147.186418,-42.73519],[147.189923,-42.734977]]],[[[147.194579,-42.726874],[147.194323,-42.727644],[147.196012,-42.726842],[147.194579,-42.726874]]],[[[147.195496,-42.731017],[147.196887,-42.730808],[147.196582,-42.730355],[147.195496,-42.731017]]],[[[147.190104,-42.731815],[147.189353,-42.732378],[147.189857,-42.732348],[147.190104,-42.731815]],[[147.197391,-42.73064],[147.197011,-42.730426],[147.198094,-42.730872],[147.197391,-42.73064]]],[[[147.186565,-42.732834],[147.186536,-42.733249],[147.186993,-42.73319],[147.186565,-42.732834]]],[[[147.187723,-42.732739],[147.18804,-42.732824],[147.188304,-42.732359],[147.187723,-42.732739]]],[[[147.19212,-42.731655],[147.191714,-42.731845],[147.1921,-42.732004],[147.19212,-42.731655]]],[[[147.190445,-42.732206],[147.190987,-42.732141],[147.1907,-42.731949],[147.190445,-42.732206]]],[[[147.191118,-42.732017],[147.191557,-42.731879],[147.191176,-42.731771],[147.191118,-42.732017]]],[[[147.188934,-42.731837],[147.189316,-42.731666],[147.189027,-42.731616],[147.188934,-42.731837]]],[[[147.197032,-42.73111],[147.197609,-42.731043],[147.197094,-42.730999],[147.197032,-42.73111]]],[[[147.186695,-42.732512],[147.186951,-42.732456],[147.186761,-42.732297],[147.186695,-42.732512]]],[[[147.187152,-42.732345],[147.187328,-42.732101],[147.187104,-42.732154],[147.187152,-42.732345]]],[[[147.187657,-42.732366],[147.187872,-42.732105],[147.187613,-42.732235],[147.187657,-42.732366]]],[[[147.186307,-42.732873],[147.186106,-42.73292],[147.186353,-42.733091],[147.186307,-42.732873]]]]}},{"type":"Feature","properties":{"code":"AU-LGA-60610","name":"Burnie","label":"Burnie","type":"Local government area","parentCode":"AU-TAS"},"geometry":{"type":"Polygon","coordinates":[[[145.845476,-41.355947],[145.846642,-41.354289],[145.846061,-41.349616],[145.848347,-41.345999],[145.855778,-41.340876],[145.854497,-41.338786],[145.852031,-41.339173],[145.848731,-41.336903],[145.845511,-41.331694],[145.84524,-41.329905],[145.851508,-41.323019],[145.849182,-41.31268],[145.852443,-41.312699],[145.853625,-41.309688],[145.859831,-41.308659],[145.861298,-41.306882],[145.868121,-41.306343],[145.867873,-41.303291],[145.870883,-41.301146],[145.870191,-41.29995],[145.874317,-41.296166],[145.875324,-41.292669],[145.877348,-41.291828],[145.87654,-41.28472],[145.881969,-41.282868],[145.883808,-41.278743],[145.885898,-41.279123],[145.886946,-41.277286],[145.89249,-41.279392],[145.892362,-41.275728],[145.897472,-41.276289],[145.896348,-41.275758],[145.896555,-41.270849],[145.903148,-41.263852],[145.904941,-41.264725],[145.90381,-41.261507],[145.906356,-41.261666],[145.908475,-41.258702],[145.906842,-41.256765],[145.907885,-41.255044],[145.916293,-41.255732],[145.919271,-41.253221],[145.919511,-41.250884],[145.93165,-41.252731],[145.93244,-41.249528],[145.936562,-41.247414],[145.933281,-41.245202],[145.93547,-41.242958],[145.933137,-41.24104],[145.929587,-41.232577],[145.92935,-41.228534],[145.932793,-41.224449],[145.929163,-41.222732],[145.930152,-41.220776],[145.928111,-41.219499],[145.928553,-41.214642],[145.931822,-41.214181],[145.931218,-41.209409],[145.927596,-41.205771],[145.930225,-41.197584],[145.932855,-41.196097],[145.930649,-41.192963],[145.932272,-41.191305],[145.938584,-41.190191],[145.939559,-41.186161],[145.951549,-41.177051],[145.951877,-41.172513],[145.956582,-41.171802],[145.955686,-41.166056],[145.962702,-41.16407],[145.955863,-41.162643],[145.95844,-41.159595],[145.954608,-41.158038],[145.957124,-41.156459],[145.958893,-41.149902],[145.946613,-41.139569],[145.949972,-41.137967],[145.949628,-41.136225],[145.946165,-41.136793],[145.946793,-41.134142],[145.943717,-41.133617],[145.946732,-41.132757],[145.945077,-41.131092],[145.948809,-41.127941],[145.951942,-41.12923],[145.9515,-41.12685],[145.949672,-41.126176],[145.953908,-41.123059],[145.951707,-41.122166],[145.953121,-41.12062],[145.952653,-41.118013],[145.958245,-41.116447],[145.956706,-41.113453],[145.961905,-41.112154],[145.962767,-41.109361],[145.961444,-41.107101],[145.964176,-41.107563],[145.963894,-41.105109],[145.966967,-41.104365],[145.963823,-41.102123],[145.969415,-41.098189],[145.969222,-41.095919],[145.971962,-41.095342],[145.970413,-41.092687],[145.971772,-41.089226],[145.975098,-41.089187],[145.972525,-41.082813],[145.976429,-41.078836],[145.976081,-41.077181],[145.978627,-41.078001],[145.985163,-41.076352],[145.983983,-41.07442],[145.97461,-41.070683],[145.97156,-41.067861],[145.972487,-41.066258],[145.966709,-41.067693],[145.963975,-41.066523],[145.964881,-41.0653],[145.958013,-41.063013],[145.954866,-41.063138],[145.953447,-41.0651],[145.943995,-41.065306],[145.939316,-41.067233],[145.924905,-41.066169],[145.925601,-41.068887],[145.922271,-41.070633],[145.923303,-41.075844],[145.924994,-41.076452],[145.923263,-41.078003],[145.924708,-41.076491],[145.922978,-41.075908],[145.921557,-41.071131],[145.924952,-41.067677],[145.916943,-41.063101],[145.917477,-41.061523],[145.915832,-41.062645],[145.912599,-41.06055],[145.914152,-41.059345],[145.912921,-41.057019],[145.915191,-41.057298],[145.912805,-41.053913],[145.909345,-41.053863],[145.912888,-41.053095],[145.910224,-41.050185],[145.912821,-41.051098],[145.916877,-41.048687],[145.921417,-41.051377],[145.916904,-41.048527],[145.914731,-41.049866],[145.904192,-41.048708],[145.899111,-41.043741],[145.894356,-41.04611],[145.892448,-41.044742],[145.885214,-41.044828],[145.882914,-41.042287],[145.879308,-41.042666],[145.876324,-41.036695],[145.870372,-41.040067],[145.852599,-41.040594],[145.841026,-41.038689],[145.83877,-41.044767],[145.835493,-41.045591],[145.83749,-41.048021],[145.833629,-41.048008],[145.830058,-41.050047],[145.833845,-41.052854],[145.834245,-41.051001],[145.836109,-41.051669],[145.83659,-41.056515],[145.835262,-41.058092],[145.838921,-41.058739],[145.833649,-41.061081],[145.830085,-41.0609],[145.832749,-41.063539],[145.834142,-41.062708],[145.834721,-41.065036],[145.82988,-41.065234],[145.82796,-41.069738],[145.825538,-41.069722],[145.824826,-41.072518],[145.82208,-41.070907],[145.81829,-41.07841],[145.815632,-41.078828],[145.816538,-41.080162],[145.819841,-41.07933],[145.820251,-41.083419],[145.82244,-41.082783],[145.824748,-41.08577],[145.81682,-41.087712],[145.817379,-41.090613],[145.820132,-41.09112],[145.818381,-41.094498],[145.814746,-41.09521],[145.817264,-41.099176],[145.81483,-41.100214],[145.815925,-41.103849],[145.813608,-41.104304],[145.816098,-41.105309],[145.815143,-41.107198],[145.81171,-41.109913],[145.80981,-41.108653],[145.80756,-41.111342],[145.804816,-41.110148],[145.799444,-41.112444],[145.797173,-41.114701],[145.798046,-41.117021],[145.794629,-41.120984],[145.787758,-41.121756],[145.787271,-41.124115],[145.785692,-41.123306],[145.780244,-41.126958],[145.77318,-41.127204],[145.771736,-41.132325],[145.77493,-41.134513],[145.768065,-41.13542],[145.769415,-41.139235],[145.767292,-41.140553],[145.768006,-41.142244],[145.759564,-41.144043],[145.754816,-41.147861],[145.752606,-41.14647],[145.746467,-41.14868],[145.744798,-41.150996],[145.747726,-41.151059],[145.747957,-41.152304],[145.743754,-41.153712],[145.744164,-41.156408],[145.741879,-41.157284],[145.740642,-41.159957],[145.738516,-41.16003],[145.738692,-41.162104],[145.736178,-41.162444],[145.735417,-41.165305],[145.733015,-41.165256],[145.730115,-41.169349],[145.725797,-41.171024],[145.728889,-41.172354],[145.718781,-41.176264],[145.715122,-41.181499],[145.712967,-41.18065],[145.712233,-41.182925],[145.709391,-41.182892],[145.707524,-41.185803],[145.704344,-41.186086],[145.702803,-41.18803],[145.696304,-41.188394],[145.694176,-41.192335],[145.696681,-41.195089],[145.693508,-41.195547],[145.691818,-41.198808],[145.689219,-41.199316],[145.689687,-41.20077],[145.685232,-41.202997],[145.681581,-41.202763],[145.678308,-41.206424],[145.675712,-41.205594],[145.670237,-41.207185],[145.669458,-41.209626],[145.665275,-41.210846],[145.662364,-41.209613],[145.655532,-41.213641],[145.644364,-41.212126],[145.643308,-41.217259],[145.64608,-41.217684],[145.641571,-41.239179],[145.647554,-41.239783],[145.647667,-41.262551],[145.637651,-41.262555],[145.637896,-41.35618],[145.845476,-41.355947]]]}},{"type":"Feature","properties":{"code":"AU-LGA-60810","name":"Central Coast (Tas.)","label":"Central Coast (Tas.)","type":"Local government area","parentCode":"AU-TAS"},"geometry":{"type":"MultiPolygon","coordinates":[[[[146.138564,-41.134873],[146.137732,-41.135294],[146.138595,-41.13613],[146.138564,-41.134873]]],[[[146.128237,-41.124859],[146.128929,-41.124276],[146.128359,-41.124154],[146.128237,-41.124859]]],[[[146.128267,-41.119707],[146.127608,-41.119698],[146.127405,-41.12027],[146.128267,-41.119707]]],[[[146.120575,-41.120706],[146.121465,-41.120487],[146.121099,-41.120252],[146.120575,-41.120706]]],[[[146.127559,-41.121998],[146.127833,-41.121831],[146.127626,-41.121129],[146.127559,-41.121998]]],[[[146.120079,-41.120102],[146.120261,-41.119694],[146.119977,-41.11974],[146.120079,-41.120102]]],[[[146.127286,-41.12791],[146.127199,-41.127838],[146.127034,-41.128416],[146.127286,-41.12791]]],[[[146.114765,-41.120669],[146.114954,-41.120522],[146.114767,-41.120457],[146.114765,-41.120669]]],[[[146.121725,-41.121748],[146.121734,-41.121616],[146.121516,-41.121546],[146.121725,-41.121748]]],[[[146.126082,-41.124416],[146.126138,-41.124335],[146.126017,-41.124323],[146.126082,-41.124416]]],[[[146.163353,-41.138004],[146.163042,-41.138128],[146.163061,-41.13854],[146.163353,-41.138004]]],[[[146.165072,-41.138664],[146.165252,-41.138468],[146.165212,-41.138292],[146.165072,-41.138664]]],[[[146.16292,-41.138505],[146.162966,-41.138332],[146.162845,-41.138484],[146.16292,-41.138505]]],[[[146.252547,-41.193426],[146.257105,-41.194024],[146.260077,-41.197994],[146.259499,-41.195861],[146.261799,-41.195654],[146.261186,-41.19458],[146.268266,-41.195532],[146.26863,-41.193916],[146.273096,-41.191548],[146.263573,-41.190506],[146.264987,-41.183475],[146.259716,-41.18276],[146.259941,-41.179813],[146.262403,-41.180128],[146.26189,-41.173846],[146.259186,-41.173079],[146.260175,-41.168372],[146.258036,-41.167745],[146.256989,-41.164776],[146.258755,-41.161004],[146.264914,-41.161726],[146.266756,-41.15432],[146.258474,-41.151956],[146.25534,-41.151841],[146.251254,-41.156787],[146.252986,-41.16391],[146.251828,-41.167682],[146.255447,-41.175919],[146.252939,-41.181479],[146.255063,-41.17664],[146.254336,-41.17556],[146.25284,-41.177541],[146.254341,-41.174765],[146.253162,-41.173344],[146.249546,-41.181721],[146.252547,-41.193426]]],[[[146.251307,-41.173763],[146.251304,-41.175153],[146.253125,-41.17261],[146.251307,-41.173763]]],[[[146.1255,-41.157864],[146.123988,-41.157584],[146.128423,-41.158643],[146.1255,-41.157864]]],[[[146.250511,-41.171587],[146.250938,-41.17253],[146.251224,-41.171555],[146.250511,-41.171587]]],[[[146.252392,-41.17203],[146.253192,-41.171615],[146.253044,-41.170513],[146.252392,-41.17203]]],[[[146.248628,-41.167517],[146.247907,-41.167931],[146.247749,-41.168594],[146.248628,-41.167517]]],[[[146.252422,-41.175271],[146.252726,-41.174587],[146.251764,-41.175096],[146.252422,-41.175271]]],[[[146.246441,-41.174355],[146.24671,-41.173995],[146.246311,-41.174039],[146.246441,-41.174355]]],[[[146.251441,-41.173035],[146.252201,-41.172645],[146.251697,-41.172744],[146.251441,-41.173035]]],[[[146.248188,-41.168658],[146.24844,-41.168451],[146.248454,-41.168192],[146.248188,-41.168658]]],[[[146.251737,-41.172607],[146.252024,-41.172359],[146.25181,-41.172297],[146.251737,-41.172607]]],[[[145.845476,-41.355947],[145.851985,-41.35588],[145.852837,-41.46585],[145.95407,-41.451793],[146.083263,-41.456379],[146.087487,-41.458004],[146.088942,-41.456657],[146.088723,-41.452827],[146.092049,-41.451555],[146.090818,-41.449614],[146.09234,-41.445761],[146.094694,-41.444007],[146.089608,-41.440834],[146.092179,-41.438962],[146.090629,-41.435438],[146.092026,-41.432236],[146.090311,-41.429665],[146.087206,-41.429799],[146.084914,-41.427627],[146.088534,-41.423526],[146.085259,-41.420991],[146.093645,-41.414985],[146.092,-41.412965],[146.09452,-41.410226],[146.092786,-41.408612],[146.093321,-41.405804],[146.102344,-41.402271],[146.108094,-41.389974],[146.112484,-41.385416],[146.117451,-41.384252],[146.117907,-41.379385],[146.120706,-41.377468],[146.113689,-41.378127],[146.11444,-41.371395],[146.119645,-41.371511],[146.124105,-41.367698],[146.128515,-41.3688],[146.130828,-41.365759],[146.135166,-41.368495],[146.13633,-41.366957],[146.134789,-41.362565],[146.144795,-41.362639],[146.148527,-41.357974],[146.152143,-41.356456],[146.154568,-41.357274],[146.159576,-41.352044],[146.1638,-41.351721],[146.163675,-41.348665],[146.167422,-41.345804],[146.166834,-41.343568],[146.176977,-41.341257],[146.175065,-41.338051],[146.177209,-41.337722],[146.176637,-41.336653],[146.18313,-41.328203],[146.185794,-41.319815],[146.1847,-41.316267],[146.193261,-41.317628],[146.200448,-41.315956],[146.196424,-41.312408],[146.197606,-41.310708],[146.205034,-41.311847],[146.203102,-41.303955],[146.199271,-41.302816],[146.195916,-41.304445],[146.194201,-41.302265],[146.196923,-41.29562],[146.203448,-41.297535],[146.201959,-41.294515],[146.203281,-41.290929],[146.198338,-41.292198],[146.196392,-41.290812],[146.203303,-41.287233],[146.207992,-41.287754],[146.207142,-41.283767],[146.210115,-41.282385],[146.211081,-41.279333],[146.214725,-41.278706],[146.216543,-41.275942],[146.226171,-41.271548],[146.230807,-41.27369],[146.232491,-41.277687],[146.248061,-41.277923],[146.250177,-41.272912],[146.256554,-41.267922],[146.257824,-41.262376],[146.253591,-41.261838],[146.251389,-41.258151],[146.253621,-41.253884],[146.251859,-41.252293],[146.25129,-41.237927],[146.24398,-41.233187],[146.253101,-41.227743],[146.249738,-41.224524],[146.252374,-41.215971],[146.24684,-41.212608],[146.241388,-41.204879],[146.24295,-41.200978],[146.248831,-41.19795],[146.252484,-41.193876],[146.248822,-41.182226],[146.250896,-41.172592],[146.24938,-41.171599],[146.24969,-41.175804],[146.246868,-41.17602],[146.246103,-41.178375],[146.243605,-41.177204],[146.248118,-41.170243],[146.245232,-41.167895],[146.247076,-41.168703],[146.24865,-41.166906],[146.245681,-41.165763],[146.248841,-41.166268],[146.250856,-41.163733],[146.248638,-41.162491],[146.250495,-41.162453],[146.250419,-41.158786],[146.247669,-41.156847],[146.227275,-41.160013],[146.216666,-41.154236],[146.205805,-41.155033],[146.202784,-41.151487],[146.200506,-41.152303],[146.20046,-41.150911],[146.185793,-41.152966],[146.169167,-41.150195],[146.169315,-41.145333],[146.170096,-41.154488],[146.168528,-41.157457],[146.15834,-41.159057],[146.157744,-41.161281],[146.154977,-41.162662],[146.15769,-41.164269],[146.153902,-41.162891],[146.148682,-41.166112],[146.145814,-41.164349],[146.14596,-41.162524],[146.144175,-41.164062],[146.145666,-41.165361],[146.14334,-41.16682],[146.146983,-41.168322],[146.14908,-41.175563],[146.152219,-41.176855],[146.155585,-41.175933],[146.155315,-41.177077],[146.154165,-41.175628],[146.152061,-41.176971],[146.148931,-41.175681],[146.145741,-41.169322],[146.142197,-41.16846],[146.141999,-41.166339],[146.143895,-41.165048],[146.142305,-41.16441],[146.144631,-41.161478],[146.135535,-41.163181],[146.131975,-41.158995],[146.129433,-41.158982],[146.125372,-41.16489],[146.124701,-41.161333],[146.123189,-41.160684],[146.121695,-41.162797],[146.122244,-41.15925],[146.12396,-41.159225],[146.120771,-41.155693],[146.125894,-41.157847],[146.131766,-41.157254],[146.128058,-41.156432],[146.128989,-41.152285],[146.129407,-41.154905],[146.13196,-41.15318],[146.130789,-41.155264],[146.136343,-41.156257],[146.134938,-41.157797],[146.136087,-41.158447],[146.144641,-41.157636],[146.147595,-41.161134],[146.150111,-41.160532],[146.152246,-41.162284],[146.155207,-41.15764],[146.153269,-41.155887],[146.154386,-41.154318],[146.16061,-41.153636],[146.163194,-41.156737],[146.167778,-41.156081],[146.165442,-41.147913],[146.166461,-41.147428],[146.166623,-41.149311],[146.16744,-41.146603],[146.163227,-41.144792],[146.161168,-41.141237],[146.148229,-41.14112],[146.142822,-41.139944],[146.137804,-41.136727],[146.129836,-41.135791],[146.125334,-41.132568],[146.127836,-41.125172],[146.11978,-41.121724],[146.119661,-41.118935],[146.115519,-41.120927],[146.104373,-41.121105],[146.102096,-41.120321],[146.101205,-41.117874],[146.07736,-41.115554],[146.071798,-41.11243],[146.069074,-41.109185],[146.070072,-41.108013],[146.064068,-41.104678],[146.064339,-41.102686],[146.055252,-41.101154],[146.051129,-41.102603],[146.046562,-41.101913],[146.042714,-41.097177],[146.032695,-41.096476],[146.02862,-41.094314],[146.028858,-41.092407],[146.021061,-41.092206],[146.018227,-41.089981],[146.012451,-41.088798],[146.0045,-41.081688],[146.003528,-41.078902],[145.985749,-41.074131],[145.987082,-41.077266],[145.981794,-41.079177],[145.978729,-41.078544],[145.973521,-41.082319],[145.975098,-41.089187],[145.971772,-41.089226],[145.970413,-41.092687],[145.971962,-41.095342],[145.969222,-41.095919],[145.969415,-41.098189],[145.963823,-41.102123],[145.966967,-41.104365],[145.963894,-41.105109],[145.964176,-41.107563],[145.961444,-41.107101],[145.962767,-41.109361],[145.961905,-41.112154],[145.956706,-41.113453],[145.958245,-41.116447],[145.952653,-41.118013],[145.953121,-41.12062],[145.951707,-41.122166],[145.953908,-41.123059],[145.949672,-41.126176],[145.9515,-41.12685],[145.951942,-41.12923],[145.948809,-41.127941],[145.945077,-41.131092],[145.946732,-41.132757],[145.943717,-41.133617],[145.946793,-41.134142],[145.946165,-41.136793],[145.949628,-41.136225],[145.949972,-41.137967],[145.946613,-41.139569],[145.958893,-41.149902],[145.957124,-41.156459],[145.954608,-41.158038],[145.95844,-41.159595],[145.955863,-41.162643],[145.962702,-41.16407],[145.955686,-41.166056],[145.956582,-41.171802],[145.951877,-41.172513],[145.951549,-41.177051],[145.939559,-41.186161],[145.938584,-41.190191],[145.932272,-41.191305],[145.930649,-41.192963],[145.932855,-41.196097],[145.930225,-41.197584],[145.927596,-41.205771],[145.931218,-41.209409],[145.931822,-41.214181],[145.928553,-41.214642],[145.928111,-41.219499],[145.930152,-41.220776],[145.929163,-41.222732],[145.932793,-41.224449],[145.92935,-41.228534],[145.929587,-41.232577],[145.933137,-41.24104],[145.93547,-41.242958],[145.933281,-41.245202],[145.936562,-41.247414],[145.93244,-41.249528],[145.93165,-41.252731],[145.919511,-41.250884],[145.919271,-41.253221],[145.916293,-41.255732],[145.907885,-41.255044],[145.906842,-41.256765],[145.908475,-41.258702],[145.906356,-41.261666],[145.90381,-41.261507],[145.904941,-41.264725],[145.903148,-41.263852],[145.896555,-41.270849],[145.896348,-41.275758],[145.897472,-41.276289],[145.892362,-41.275728],[145.89249,-41.279392],[145.886946,-41.277286],[145.885898,-41.279123],[145.883808,-41.278743],[145.881969,-41.282868],[145.87654,-41.28472],[145.877348,-41.291828],[145.875324,-41.292669],[145.874317,-41.296166],[145.870191,-41.29995],[145.870883,-41.301146],[145.867873,-41.303291],[145.868121,-41.306343],[145.861298,-41.306882],[145.859831,-41.308659],[145.853625,-41.309688],[145.852443,-41.312699],[145.849182,-41.31268],[145.851508,-41.323019],[145.84524,-41.329905],[145.845511,-41.331694],[145.848731,-41.336903],[145.852031,-41.339173],[145.854497,-41.338786],[145.855778,-41.340876],[145.848347,-41.345999],[145.846061,-41.349616],[145.846642,-41.354289],[145.845476,-41.355947]]]]}},{"type":"Feature","properties":{"code":"AU-LGA-61010","name":"Central Highlands (Tas.)","label":"Central Highlands (Tas.)","type":"Local government area","parentCode":"AU-TAS"},"geometry":{"type":"Polygon","coordinates":[[[146.050489,-41.974543],[146.014922,-42.005308],[146.023427,-42.039434],[145.999758,-42.066886],[146.075333,-42.210457],[146.091063,-42.281588],[146.088647,-42.287778],[146.090503,-42.291244],[146.098513,-42.294819],[146.100582,-42.299647],[146.104084,-42.301189],[146.106955,-42.305293],[146.102796,-42.326691],[146.099644,-42.329306],[146.098968,-42.335018],[146.096503,-42.338659],[146.098698,-42.351388],[146.096927,-42.352196],[146.098963,-42.354075],[146.097087,-42.358738],[146.099408,-42.364223],[146.09846,-42.370765],[146.108849,-42.37303],[146.11031,-42.37546],[146.108482,-42.378283],[146.114956,-42.380625],[146.110825,-42.384643],[146.112523,-42.388267],[146.111281,-42.39023],[146.105527,-42.392212],[146.106773,-42.39763],[146.102982,-42.398389],[146.099536,-42.402544],[146.106338,-42.407919],[146.109093,-42.405898],[146.114017,-42.406743],[146.117703,-42.404033],[146.121529,-42.406926],[146.127912,-42.406285],[146.130312,-42.407604],[146.129602,-42.410308],[146.133814,-42.414477],[146.132824,-42.416535],[146.134112,-42.417676],[146.129706,-42.418047],[146.134311,-42.424526],[146.133002,-42.425386],[146.132338,-42.423831],[146.126033,-42.426804],[146.126846,-42.429185],[146.124454,-42.430808],[146.123082,-42.434548],[146.125645,-42.435091],[146.125792,-42.436722],[146.120538,-42.44074],[146.117037,-42.439926],[146.116602,-42.442021],[146.113654,-42.441732],[146.112762,-42.443863],[146.109035,-42.445088],[146.107012,-42.45082],[146.1093,-42.450461],[146.107034,-42.454745],[146.103842,-42.458073],[146.099601,-42.458721],[146.09386,-42.467607],[146.088806,-42.470218],[146.086186,-42.475891],[146.084539,-42.474898],[146.075254,-42.477907],[146.07744,-42.483474],[146.083688,-42.481271],[146.08777,-42.483732],[146.085389,-42.485768],[146.081305,-42.485439],[146.078009,-42.487107],[146.08898,-42.488844],[146.514911,-42.656311],[146.646337,-42.654382],[146.710439,-42.674623],[146.712808,-42.674903],[146.713304,-42.672765],[146.717808,-42.675503],[146.717511,-42.676752],[146.723391,-42.679219],[146.722644,-42.683023],[146.725933,-42.685648],[146.727167,-42.684454],[146.726075,-42.68159],[146.727747,-42.679796],[146.734025,-42.68367],[146.735626,-42.683322],[146.734142,-42.681044],[146.739509,-42.67901],[146.743864,-42.680409],[146.744325,-42.681929],[146.746284,-42.679589],[146.752963,-42.67951],[146.758707,-42.676549],[146.76444,-42.677592],[146.769339,-42.68336],[146.779459,-42.685061],[146.782811,-42.682986],[146.794042,-42.669598],[146.799305,-42.672557],[146.808554,-42.672995],[146.805307,-42.673956],[146.806936,-42.675064],[146.811917,-42.675464],[146.81621,-42.673903],[146.819785,-42.67718],[146.826766,-42.678346],[146.828324,-42.680418],[146.831239,-42.679638],[146.833822,-42.676444],[146.836406,-42.677553],[146.839863,-42.675275],[146.844283,-42.675013],[146.851211,-42.680194],[146.855985,-42.680339],[146.861026,-42.678703],[146.868904,-42.673007],[146.875051,-42.674864],[146.88278,-42.680138],[146.885263,-42.677285],[146.880943,-42.673327],[146.880574,-42.670916],[146.883834,-42.667627],[146.887743,-42.666518],[146.891666,-42.668188],[146.898677,-42.675421],[146.899648,-42.679714],[146.89845,-42.685711],[146.900898,-42.691127],[146.912468,-42.692702],[146.918732,-42.691737],[146.933072,-42.684449],[146.939146,-42.684223],[146.953373,-42.668397],[146.963332,-42.673466],[146.968562,-42.66745],[146.978845,-42.672672],[146.987541,-42.663973],[146.992767,-42.666858],[146.997965,-42.661721],[147.005175,-42.665788],[147.011142,-42.660017],[147.021145,-42.666605],[147.026766,-42.659814],[147.023431,-42.658197],[147.032646,-42.649135],[147.030014,-42.64782],[147.033735,-42.643989],[147.031371,-42.642728],[147.039711,-42.634445],[147.024887,-42.626614],[147.031909,-42.618767],[147.011738,-42.607137],[147.029584,-42.59216],[147.027678,-42.58341],[147.035898,-42.583171],[147.040792,-42.578041],[147.038018,-42.576591],[147.052534,-42.573653],[147.051689,-42.571524],[147.048751,-42.572081],[147.047442,-42.568321],[147.050049,-42.567761],[147.049008,-42.564877],[147.046947,-42.565289],[147.042681,-42.553607],[147.038908,-42.554386],[147.03402,-42.552007],[147.034901,-42.546663],[147.029781,-42.546002],[147.030326,-42.543761],[147.02198,-42.541181],[147.025623,-42.526838],[147.018942,-42.525889],[147.022377,-42.512635],[147.012864,-42.51124],[147.015912,-42.498315],[147.070235,-42.505791],[147.074343,-42.484311],[147.08049,-42.485067],[147.082739,-42.475177],[147.112099,-42.478648],[147.114089,-42.465608],[147.125525,-42.449157],[147.145477,-42.451819],[147.148874,-42.448041],[147.151989,-42.450705],[147.1669,-42.451728],[147.166838,-42.443456],[147.169012,-42.434347],[147.172673,-42.434866],[147.179107,-42.416687],[147.170092,-42.41556],[147.170714,-42.412612],[147.158555,-42.411088],[147.161035,-42.400812],[147.153123,-42.399677],[147.157369,-42.397091],[147.147272,-42.395789],[147.148195,-42.393066],[147.151356,-42.388507],[147.155967,-42.389337],[147.15659,-42.387738],[147.174916,-42.390113],[147.180398,-42.362134],[147.183198,-42.361843],[147.179061,-42.356938],[147.183624,-42.355196],[147.180333,-42.353258],[147.176977,-42.355262],[147.175246,-42.35372],[147.183716,-42.349923],[147.185282,-42.351177],[147.190569,-42.350124],[147.192263,-42.342645],[147.1992,-42.341578],[147.209475,-42.335484],[147.215975,-42.336152],[147.221916,-42.334845],[147.225719,-42.33807],[147.224627,-42.329937],[147.229611,-42.330256],[147.235088,-42.333666],[147.238869,-42.332022],[147.239312,-42.329738],[147.236612,-42.327783],[147.237398,-42.32432],[147.227938,-42.325045],[147.222296,-42.316233],[147.21646,-42.315581],[147.21836,-42.312802],[147.21377,-42.312063],[147.21548,-42.310026],[147.21206,-42.306279],[147.210379,-42.298003],[147.207922,-42.294906],[147.210826,-42.284239],[147.208305,-42.278897],[147.192694,-42.271301],[147.19292,-42.269157],[147.185044,-42.267419],[147.182803,-42.262739],[147.193952,-42.25502],[147.207129,-42.248564],[147.235217,-42.244766],[147.231276,-42.236705],[147.223459,-42.238062],[147.21084,-42.235303],[147.206393,-42.237351],[147.202918,-42.236482],[147.210468,-42.234019],[147.214416,-42.234293],[147.190424,-42.227598],[147.192287,-42.220075],[147.18841,-42.219519],[147.189457,-42.215238],[147.196491,-42.211618],[147.200631,-42.216147],[147.220559,-42.205674],[147.246048,-42.216129],[147.270803,-42.219399],[147.272103,-42.209923],[147.274048,-42.210122],[147.277828,-42.195467],[147.275449,-42.182107],[147.257769,-42.163503],[147.256488,-42.121578],[147.262742,-42.125667],[147.268944,-42.123233],[147.272637,-42.124922],[147.272023,-42.121448],[147.277557,-42.12415],[147.274615,-42.121021],[147.278936,-42.118726],[147.268785,-42.107942],[147.263762,-42.110163],[147.258255,-42.103365],[147.261719,-42.101791],[147.256094,-42.0959],[147.261533,-42.093018],[147.250458,-42.08198],[147.232854,-42.076338],[147.16405,-41.916431],[147.139998,-41.939014],[147.112695,-41.936848],[147.103345,-41.940127],[147.09339,-41.938489],[147.081637,-41.939621],[147.045305,-41.918739],[147.028108,-41.904097],[147.011438,-41.902197],[147.011936,-41.899796],[146.999739,-41.898474],[147.001993,-41.887742],[146.990791,-41.886279],[146.988672,-41.879285],[146.980952,-41.873553],[146.980566,-41.86896],[146.975519,-41.861586],[146.974281,-41.850152],[146.976173,-41.844597],[146.974877,-41.843166],[146.969384,-41.844561],[146.953241,-41.84384],[146.946922,-41.840973],[146.941644,-41.840498],[146.935767,-41.835916],[146.933102,-41.838314],[146.934419,-41.840134],[146.933438,-41.841245],[146.928746,-41.838923],[146.922161,-41.842329],[146.916587,-41.842741],[146.911885,-41.836245],[146.908358,-41.836023],[146.905646,-41.83347],[146.901985,-41.827472],[146.8956,-41.826242],[146.892638,-41.822661],[146.88675,-41.820732],[146.885712,-41.815133],[146.882569,-41.816734],[146.880392,-41.814817],[146.871104,-41.814467],[146.869594,-41.817324],[146.867917,-41.815435],[146.861602,-41.815675],[146.855389,-41.813102],[146.852983,-41.806806],[146.849588,-41.802654],[146.845945,-41.801298],[146.847119,-41.798822],[146.853902,-41.794511],[146.862025,-41.796452],[146.86474,-41.792468],[146.868769,-41.792648],[146.868565,-41.791232],[146.866729,-41.790888],[146.866202,-41.788415],[146.861912,-41.785031],[146.85195,-41.788608],[146.84752,-41.786612],[146.8466,-41.782034],[146.833821,-41.778398],[146.830549,-41.773619],[146.827087,-41.773074],[146.823596,-41.766844],[146.820308,-41.765876],[146.821359,-41.764667],[146.817863,-41.759579],[146.824902,-41.763093],[146.828945,-41.761672],[146.833744,-41.754963],[146.840944,-41.752554],[146.842862,-41.75473],[146.845503,-41.753264],[146.850264,-41.753539],[146.850434,-41.751953],[146.845838,-41.751038],[146.844558,-41.748558],[146.841876,-41.74877],[146.836915,-41.746111],[146.837279,-41.743906],[146.834995,-41.742069],[146.836019,-41.740812],[146.84035,-41.741719],[146.841589,-41.733831],[146.846226,-41.729653],[146.847883,-41.722249],[146.841939,-41.717874],[146.836731,-41.718016],[146.836592,-41.714963],[146.831987,-41.712646],[146.824807,-41.703762],[146.822346,-41.703001],[146.823012,-41.702175],[146.816627,-41.700298],[146.813643,-41.707505],[146.803806,-41.716902],[146.804462,-41.720489],[146.800047,-41.72163],[146.795254,-41.72035],[146.789522,-41.721915],[146.781567,-41.727404],[146.774976,-41.724577],[146.769426,-41.726759],[146.771321,-41.724877],[146.770451,-41.72233],[146.758592,-41.717263],[146.744873,-41.718083],[146.741821,-41.72193],[146.7363,-41.724022],[146.732289,-41.727742],[146.733151,-41.731317],[146.735729,-41.73101],[146.735314,-41.736062],[146.736891,-41.737745],[146.734219,-41.739449],[146.728383,-41.738229],[146.725628,-41.739326],[146.725208,-41.737282],[146.718603,-41.736858],[146.717751,-41.734902],[146.710205,-41.731253],[146.717562,-41.730371],[146.722449,-41.718903],[146.720304,-41.713672],[146.714796,-41.713878],[146.710907,-41.71709],[146.700103,-41.72095],[146.691649,-41.721655],[146.687172,-41.728458],[146.692859,-41.730887],[146.691185,-41.732869],[146.675288,-41.730566],[146.660164,-41.733912],[146.649945,-41.730234],[146.648447,-41.731845],[146.649811,-41.732774],[146.649854,-41.736508],[146.647347,-41.737933],[146.648954,-41.738863],[146.648414,-41.741139],[146.645446,-41.743028],[146.647288,-41.746736],[146.641774,-41.741249],[146.628877,-41.736912],[146.624244,-41.740606],[146.621132,-41.747625],[146.620882,-41.754084],[146.622999,-41.757666],[146.617312,-41.754455],[146.614055,-41.750409],[146.593945,-41.743842],[146.577561,-41.746013],[146.563202,-41.74293],[146.555638,-41.738616],[146.550633,-41.741018],[146.547668,-41.739839],[146.544435,-41.740683],[146.541027,-41.742647],[146.540104,-41.746107],[146.528839,-41.74406],[146.525692,-41.742699],[146.526317,-41.740162],[146.523785,-41.738578],[146.508448,-41.737378],[146.504259,-41.734161],[146.506813,-41.732073],[146.503408,-41.730911],[146.433327,-41.730821],[146.390727,-41.743699],[146.384827,-41.760385],[146.350214,-41.776137],[146.352713,-41.782875],[146.35514,-41.783949],[146.355028,-41.786238],[146.357989,-41.7891],[146.355816,-41.787908],[146.355877,-41.789294],[146.358823,-41.792406],[146.360306,-41.791593],[146.359469,-41.793242],[146.367175,-41.800433],[146.364559,-41.801505],[146.370253,-41.803019],[146.37118,-41.805655],[146.376442,-41.809224],[146.375394,-41.810108],[146.376827,-41.811747],[146.378924,-41.811631],[146.379185,-41.809766],[146.376947,-41.809217],[146.379127,-41.80851],[146.377659,-41.807098],[146.382586,-41.806877],[146.382752,-41.809037],[146.381133,-41.809713],[146.38359,-41.811599],[146.382313,-41.811547],[146.383347,-41.813152],[146.380353,-41.812261],[146.381586,-41.815091],[146.378757,-41.813676],[146.377631,-41.815111],[146.379664,-41.820281],[146.39126,-41.826535],[146.389945,-41.826969],[146.388075,-41.842443],[146.375134,-41.855486],[146.360035,-41.875927],[146.360965,-41.879509],[146.362831,-41.880249],[146.360633,-41.883719],[146.36186,-41.885295],[146.345355,-41.891014],[146.348278,-41.899415],[146.346528,-41.901572],[146.351127,-41.907179],[146.348551,-41.907882],[146.346628,-41.906016],[146.336165,-41.912659],[146.336414,-41.916029],[146.325811,-41.91849],[146.322951,-41.92178],[146.314532,-41.924285],[146.313824,-41.925891],[146.050489,-41.974543]]]}},{"type":"Feature","properties":{"code":"AU-LGA-61210","name":"Circular Head","label":"Circular Head","type":"Local government area","parentCode":"AU-TAS"},"geometry":{"type":"MultiPolygon","coordinates":[[[[144.682952,-40.608308],[144.683304,-40.607975],[144.682857,-40.608068],[144.682952,-40.608308]]],[[[144.683789,-40.607849],[144.684565,-40.607979],[144.683858,-40.607698],[144.683789,-40.607849]]],[[[144.683817,-40.583981],[144.684031,-40.583713],[144.683539,-40.583636],[144.683817,-40.583981]]],[[[144.684539,-40.583421],[144.684206,-40.583368],[144.684545,-40.584014],[144.684539,-40.583421]]],[[[144.651282,-40.381357],[144.651224,-40.381288],[144.651186,-40.381441],[144.651282,-40.381357]]],[[[144.651258,-40.381059],[144.651215,-40.381178],[144.651486,-40.381217],[144.651258,-40.381059]]],[[[144.916794,-41.668646],[144.917318,-41.668301],[144.91702,-41.668334],[144.916794,-41.668646]]],[[[144.918362,-41.667918],[144.918516,-41.667975],[144.918502,-41.667781],[144.918362,-41.667918]]],[[[144.677431,-41.222399],[144.677441,-41.222208],[144.677331,-41.22217],[144.677431,-41.222399]]],[[[144.679133,-41.177533],[144.679832,-41.177695],[144.679756,-41.177494],[144.679133,-41.177533]]],[[[144.675471,-41.170004],[144.675622,-41.16953],[144.675131,-41.169527],[144.675471,-41.170004]]],[[[144.666437,-41.12728],[144.6667,-41.12743],[144.666587,-41.127246],[144.666437,-41.12728]]],[[[144.604395,-41.010008],[144.604359,-41.010138],[144.6046,-41.010043],[144.604395,-41.010008]]],[[[144.604083,-41.009844],[144.604204,-41.009843],[144.604221,-41.009712],[144.604083,-41.009844]]],[[[144.677082,-40.724534],[144.677196,-40.724094],[144.677006,-40.724361],[144.677082,-40.724534]]],[[[144.675388,-40.717837],[144.675717,-40.718135],[144.675884,-40.717561],[144.675388,-40.717837]]],[[[144.675661,-40.717442],[144.675953,-40.717409],[144.675569,-40.717429],[144.675661,-40.717442]]],[[[144.677815,-40.713649],[144.677646,-40.713282],[144.67776,-40.714043],[144.677815,-40.713649]]],[[[144.669927,-40.671289],[144.674311,-40.671618],[144.673665,-40.670122],[144.669927,-40.671289]]],[[[144.685676,-40.637798],[144.685574,-40.63754],[144.685576,-40.637918],[144.685676,-40.637798]]],[[[144.678819,-40.62586],[144.678369,-40.625901],[144.678892,-40.626172],[144.678819,-40.62586]]],[[[144.685679,-40.607378],[144.685933,-40.607424],[144.68558,-40.607291],[144.685679,-40.607378]]],[[[144.682804,-40.584184],[144.682917,-40.584068],[144.68273,-40.584098],[144.682804,-40.584184]]],[[[144.683287,-40.582232],[144.682565,-40.582328],[144.68484,-40.582322],[144.683287,-40.582232]]],[[[144.677723,-40.565229],[144.67785,-40.565073],[144.677571,-40.564966],[144.677723,-40.565229]]],[[[144.681616,-40.561269],[144.682236,-40.561133],[144.681865,-40.561074],[144.681616,-40.561269]]],[[[144.65405,-40.376082],[144.653914,-40.37619],[144.654077,-40.376211],[144.65405,-40.376082]]],[[[144.655516,-40.371332],[144.655702,-40.371377],[144.655692,-40.371182],[144.655516,-40.371332]]],[[[144.917365,-41.668508],[144.917741,-41.668356],[144.917479,-41.668302],[144.917365,-41.668508]]],[[[144.917812,-41.668614],[144.917932,-41.668475],[144.917816,-41.668512],[144.917812,-41.668614]]],[[[144.687669,-41.246012],[144.687926,-41.245641],[144.686842,-41.244987],[144.687669,-41.246012]]],[[[144.686932,-41.245959],[144.686542,-41.245075],[144.686266,-41.245402],[144.686932,-41.245959]]],[[[144.685954,-41.245834],[144.685514,-41.245484],[144.685658,-41.245678],[144.685954,-41.245834]]],[[[144.677188,-41.176273],[144.677463,-41.176305],[144.677204,-41.1762],[144.677188,-41.176273]]],[[[144.673953,-41.141161],[144.673919,-41.140907],[144.673729,-41.140931],[144.673953,-41.141161]]],[[[144.674049,-41.14076],[144.674419,-41.140942],[144.674142,-41.140684],[144.674049,-41.14076]]],[[[144.675808,-40.716686],[144.676387,-40.71678],[144.677339,-40.715338],[144.675808,-40.716686]]],[[[144.679311,-40.631536],[144.679405,-40.631014],[144.679237,-40.631102],[144.679311,-40.631536]]],[[[144.679264,-40.630768],[144.679161,-40.630706],[144.679113,-40.630779],[144.679264,-40.630768]]],[[[144.686382,-40.566798],[144.686457,-40.561199],[144.678546,-40.562612],[144.684116,-40.56674],[144.686382,-40.566798]]],[[[144.656088,-40.378211],[144.656167,-40.378326],[144.656248,-40.378054],[144.656088,-40.378211]]],[[[144.655519,-40.371951],[144.655265,-40.371515],[144.655287,-40.371819],[144.655519,-40.371951]]],[[[144.678976,-41.176703],[144.679977,-41.176941],[144.677662,-41.17518],[144.678976,-41.176703]]],[[[144.680647,-41.173522],[144.680727,-41.173315],[144.68034,-41.173124],[144.680647,-41.173522]]],[[[144.681087,-41.174953],[144.681447,-41.175129],[144.681462,-41.174859],[144.681087,-41.174953]]],[[[144.681475,-41.173762],[144.681549,-41.173644],[144.681347,-41.173513],[144.681475,-41.173762]]],[[[144.679063,-41.177151],[144.679263,-41.177064],[144.679007,-41.176996],[144.679063,-41.177151]]],[[[144.672763,-41.160187],[144.673245,-41.160118],[144.672587,-41.159778],[144.672763,-41.160187]]],[[[144.672517,-41.15893],[144.673506,-41.158614],[144.672797,-41.15858],[144.672517,-41.15893]]],[[[144.678466,-41.148344],[144.678599,-41.148044],[144.678188,-41.147957],[144.678466,-41.148344]]],[[[144.678175,-41.148256],[144.678223,-41.148104],[144.678087,-41.14816],[144.678175,-41.148256]]],[[[144.67812,-40.672161],[144.677882,-40.6722],[144.678164,-40.672304],[144.67812,-40.672161]]],[[[144.680147,-40.630199],[144.680289,-40.629786],[144.679846,-40.629973],[144.680147,-40.630199]]],[[[144.652535,-40.379874],[144.652661,-40.380079],[144.652961,-40.380122],[144.652535,-40.379874]]],[[[144.652343,-40.379982],[144.652222,-40.379989],[144.652537,-40.380123],[144.652343,-40.379982]]],[[[144.652627,-40.380691],[144.652738,-40.380737],[144.65253,-40.38055],[144.652627,-40.380691]]],[[[144.652372,-40.381066],[144.65248,-40.381103],[144.65226,-40.38101],[144.652372,-40.381066]]],[[[144.684892,-41.209958],[144.685802,-41.209785],[144.685833,-41.209469],[144.684892,-41.209958]]],[[[144.687683,-41.215649],[144.6879,-41.215934],[144.687585,-41.215271],[144.687683,-41.215649]]],[[[144.686718,-41.215776],[144.686918,-41.2156],[144.686664,-41.215616],[144.686718,-41.215776]]],[[[144.686496,-41.218545],[144.686705,-41.218494],[144.686539,-41.218458],[144.686496,-41.218545]]],[[[144.686362,-41.218387],[144.686448,-41.218336],[144.686251,-41.218264],[144.686362,-41.218387]]],[[[144.679118,-41.178678],[144.679777,-41.178797],[144.679891,-41.178106],[144.679118,-41.178678]]],[[[144.679217,-41.180204],[144.679501,-41.180489],[144.679994,-41.180256],[144.679217,-41.180204]]],[[[144.679941,-41.17941],[144.679698,-41.178982],[144.679557,-41.179211],[144.679941,-41.17941]]],[[[144.679429,-41.181051],[144.679261,-41.180835],[144.679309,-41.181013],[144.679429,-41.181051]]],[[[144.67901,-41.178381],[144.679048,-41.178266],[144.678866,-41.178321],[144.67901,-41.178381]]],[[[144.678787,-41.179756],[144.678889,-41.179785],[144.678858,-41.179609],[144.678787,-41.179756]]],[[[144.678688,-41.178471],[144.678827,-41.178503],[144.678817,-41.178391],[144.678688,-41.178471]]],[[[144.67293,-41.16198],[144.67309,-41.161855],[144.672948,-41.161856],[144.67293,-41.16198]]],[[[144.672712,-41.161438],[144.672778,-41.161294],[144.67264,-41.161328],[144.672712,-41.161438]]],[[[144.60912,-41.006095],[144.610112,-41.006318],[144.609381,-41.005931],[144.60912,-41.006095]]],[[[144.607999,-41.005064],[144.607793,-41.00513],[144.60822,-41.005208],[144.607999,-41.005064]]],[[[144.677908,-40.72468],[144.678156,-40.72454],[144.678282,-40.724235],[144.677908,-40.72468]]],[[[144.652219,-40.381745],[144.652993,-40.381937],[144.651942,-40.381238],[144.652219,-40.381745]]],[[[144.652139,-40.381063],[144.652432,-40.381231],[144.652011,-40.380811],[144.652139,-40.381063]]],[[[144.652872,-40.381408],[144.652625,-40.381315],[144.652987,-40.381536],[144.652872,-40.381408]]],[[[144.679775,-41.181289],[144.679686,-41.180691],[144.679581,-41.180878],[144.679775,-41.181289]]],[[[144.679628,-41.1835],[144.679921,-41.183618],[144.67985,-41.183362],[144.679628,-41.1835]]],[[[144.679841,-41.183092],[144.679795,-41.182869],[144.67958,-41.182916],[144.679841,-41.183092]]],[[[144.679431,-41.181325],[144.679489,-41.181236],[144.679389,-41.181201],[144.679431,-41.181325]]],[[[144.679829,-41.18165],[144.679923,-41.181557],[144.679795,-41.181557],[144.679829,-41.18165]]],[[[144.679905,-41.18273],[144.679942,-41.182584],[144.679854,-41.182684],[144.679905,-41.18273]]],[[[144.666282,-41.12629],[144.666978,-41.12649],[144.666427,-41.126113],[144.666282,-41.12629]]],[[[144.668421,-41.125938],[144.668553,-41.125839],[144.667912,-41.125611],[144.668421,-41.125938]]],[[[144.678213,-40.725331],[144.678641,-40.725428],[144.678474,-40.725166],[144.678213,-40.725331]]],[[[144.678399,-40.724704],[144.67868,-40.72454],[144.678439,-40.724441],[144.678399,-40.724704]]],[[[144.680448,-40.722036],[144.680717,-40.722146],[144.680598,-40.721899],[144.680448,-40.722036]]],[[[144.680006,-40.723442],[144.679857,-40.723493],[144.680109,-40.723549],[144.680006,-40.723442]]],[[[144.678844,-41.17311],[144.678534,-41.172355],[144.678344,-41.172957],[144.678844,-41.17311]]],[[[144.676964,-41.171254],[144.676868,-41.170794],[144.676423,-41.170778],[144.676964,-41.171254]]],[[[144.676831,-41.170614],[144.676615,-41.170392],[144.676345,-41.170508],[144.676831,-41.170614]]],[[[144.676497,-41.168275],[144.676358,-41.168023],[144.676264,-41.168179],[144.676497,-41.168275]]],[[[144.677151,-41.172146],[144.677343,-41.172091],[144.677038,-41.172051],[144.677151,-41.172146]]],[[[144.647857,-41.04693],[144.648015,-41.046866],[144.647881,-41.046847],[144.647857,-41.04693]]],[[[144.608216,-40.941032],[144.608215,-40.941111],[144.60839,-40.941105],[144.608216,-40.941032]]],[[[144.678047,-40.671781],[144.682044,-40.672623],[144.679178,-40.670394],[144.678047,-40.671781]]],[[[144.685647,-40.671453],[144.686471,-40.670868],[144.685527,-40.670803],[144.685647,-40.671453]]],[[[144.689003,-40.703247],[144.689214,-40.703223],[144.688238,-40.702991],[144.689003,-40.703247]]],[[[144.68742,-40.700384],[144.686975,-40.70044],[144.687862,-40.700426],[144.68742,-40.700384]]],[[[144.684312,-40.6746],[144.684691,-40.673865],[144.684322,-40.674301],[144.684312,-40.6746]]],[[[144.681277,-40.720855],[144.681545,-40.7213],[144.681503,-40.720945],[144.681277,-40.720855]]],[[[144.686472,-40.680073],[144.686757,-40.680078],[144.686403,-40.679899],[144.686472,-40.680073]]],[[[144.6832,-40.705604],[144.68361,-40.705439],[144.683602,-40.705292],[144.6832,-40.705604]]],[[[144.680715,-40.719036],[144.68098,-40.719153],[144.680831,-40.718912],[144.680715,-40.719036]]],[[[144.685002,-40.685479],[144.685171,-40.685448],[144.684899,-40.68527],[144.685002,-40.685479]]],[[[144.687673,-40.683572],[144.687562,-40.683474],[144.687428,-40.683666],[144.687673,-40.683572]]],[[[144.678308,-40.716106],[144.678427,-40.715995],[144.678236,-40.715967],[144.678308,-40.716106]]],[[[144.690834,-41.24738],[144.691286,-41.247372],[144.691428,-41.246963],[144.690834,-41.24738]]],[[[144.68773,-41.251726],[144.687997,-41.251575],[144.68727,-41.251213],[144.68773,-41.251726]]],[[[144.687596,-41.250781],[144.687271,-41.250543],[144.68723,-41.250746],[144.687596,-41.250781]]],[[[144.687875,-41.251302],[144.688129,-41.251405],[144.687953,-41.251147],[144.687875,-41.251302]]],[[[144.690407,-41.248543],[144.690479,-41.248363],[144.690266,-41.248437],[144.690407,-41.248543]]],[[[144.686704,-41.247979],[144.68677,-41.247892],[144.686587,-41.247778],[144.686704,-41.247979]]],[[[144.691726,-41.247654],[144.691798,-41.247564],[144.691567,-41.247579],[144.691726,-41.247654]]],[[[144.689786,-41.249433],[144.689953,-41.249383],[144.689794,-41.249326],[144.689786,-41.249433]]],[[[144.689731,-41.248983],[144.689841,-41.248987],[144.689845,-41.248918],[144.689731,-41.248983]]],[[[144.617479,-41.007158],[144.618282,-41.007301],[144.618335,-41.006734],[144.617479,-41.007158]]],[[[144.625101,-41.027327],[144.624329,-41.027466],[144.625884,-41.02751],[144.625101,-41.027327]]],[[[144.631537,-41.039947],[144.632003,-41.040078],[144.6318,-41.039111],[144.631537,-41.039947]]],[[[144.633703,-41.040339],[144.634356,-41.040294],[144.633899,-41.040092],[144.633703,-41.040339]]],[[[144.621453,-41.023942],[144.621238,-41.02407],[144.621981,-41.024123],[144.621453,-41.023942]]],[[[144.632838,-41.040547],[144.63339,-41.040524],[144.633013,-41.040331],[144.632838,-41.040547]]],[[[144.634357,-41.041883],[144.634058,-41.041922],[144.634488,-41.042283],[144.634357,-41.041883]]],[[[144.639107,-41.045729],[144.639606,-41.045742],[144.638848,-41.045499],[144.639107,-41.045729]]],[[[144.626703,-41.027604],[144.626374,-41.027729],[144.627045,-41.02776],[144.626703,-41.027604]]],[[[144.637038,-41.044256],[144.637719,-41.044428],[144.636698,-41.044091],[144.637038,-41.044256]]],[[[144.637688,-41.043393],[144.63744,-41.043281],[144.637815,-41.043638],[144.637688,-41.043393]]],[[[144.607789,-41.007348],[144.607894,-41.007505],[144.608288,-41.007386],[144.607789,-41.007348]]],[[[144.6165,-41.006871],[144.616914,-41.00686],[144.616406,-41.006737],[144.6165,-41.006871]]],[[[144.624178,-41.005078],[144.624453,-41.005222],[144.624133,-41.004834],[144.624178,-41.005078]]],[[[144.620658,-41.024195],[144.620408,-41.024268],[144.620928,-41.02428],[144.620658,-41.024195]]],[[[144.639507,-41.045837],[144.639732,-41.045964],[144.640064,-41.045925],[144.639507,-41.045837]]],[[[144.645404,-41.046366],[144.645817,-41.046537],[144.64552,-41.046299],[144.645404,-41.046366]]],[[[144.631092,-41.044108],[144.631414,-41.044238],[144.631243,-41.043999],[144.631092,-41.044108]]],[[[144.637028,-41.043869],[144.637389,-41.044063],[144.637547,-41.044044],[144.637028,-41.043869]]],[[[144.617321,-41.021203],[144.617694,-41.02126],[144.617589,-41.021095],[144.617321,-41.021203]]],[[[144.617761,-41.021667],[144.618165,-41.021812],[144.618088,-41.021683],[144.617761,-41.021667]]],[[[144.638432,-41.04443],[144.638763,-41.044549],[144.638546,-41.044338],[144.638432,-41.04443]]],[[[144.628009,-41.032588],[144.628497,-41.032578],[144.628047,-41.032492],[144.628009,-41.032588]]],[[[144.613174,-41.021145],[144.613546,-41.021182],[144.613488,-41.021059],[144.613174,-41.021145]]],[[[144.628771,-41.032788],[144.629153,-41.032806],[144.628811,-41.032681],[144.628771,-41.032788]]],[[[144.633819,-41.039629],[144.6342,-41.039655],[144.633989,-41.039533],[144.633819,-41.039629]]],[[[144.630084,-41.031654],[144.630411,-41.031738],[144.630332,-41.031599],[144.630084,-41.031654]]],[[[144.640503,-41.046554],[144.640233,-41.046508],[144.640566,-41.046714],[144.640503,-41.046554]]],[[[144.637197,-41.044941],[144.637394,-41.044962],[144.636969,-41.044796],[144.637197,-41.044941]]],[[[144.630037,-41.039406],[144.630199,-41.039515],[144.630295,-41.039397],[144.630037,-41.039406]]],[[[144.623973,-41.005426],[144.624202,-41.00544],[144.624025,-41.005266],[144.623973,-41.005426]]],[[[144.614008,-41.007349],[144.613809,-41.007376],[144.61416,-41.007504],[144.614008,-41.007349]]],[[[144.647081,-41.046128],[144.647193,-41.046201],[144.647232,-41.045964],[144.647081,-41.046128]]],[[[144.630915,-41.038378],[144.630654,-41.03839],[144.630972,-41.038488],[144.630915,-41.038378]]],[[[144.640756,-41.046376],[144.641064,-41.04648],[144.640807,-41.046285],[144.640756,-41.046376]]],[[[144.630473,-41.043821],[144.630738,-41.043914],[144.630595,-41.043755],[144.630473,-41.043821]]],[[[144.632714,-41.034769],[144.632947,-41.034831],[144.632822,-41.034682],[144.632714,-41.034769]]],[[[144.630678,-41.039731],[144.630886,-41.039753],[144.630793,-41.039616],[144.630678,-41.039731]]],[[[144.632849,-41.044058],[144.633112,-41.044148],[144.633055,-41.044029],[144.632849,-41.044058]]],[[[144.636984,-41.045126],[144.63723,-41.045132],[144.637067,-41.04503],[144.636984,-41.045126]]],[[[144.629785,-41.033508],[144.630003,-41.033466],[144.629824,-41.033406],[144.629785,-41.033508]]],[[[144.614348,-41.007773],[144.614511,-41.007638],[144.614379,-41.007632],[144.614348,-41.007773]]],[[[144.613246,-41.013962],[144.613475,-41.013959],[144.613293,-41.013876],[144.613246,-41.013962]]],[[[144.638483,-41.04228],[144.638329,-41.042289],[144.638524,-41.04241],[144.638483,-41.04228]]],[[[144.640266,-41.046401],[144.640486,-41.046456],[144.640331,-41.046329],[144.640266,-41.046401]]],[[[144.612843,-41.020869],[144.613055,-41.020932],[144.612955,-41.0208],[144.612843,-41.020869]]],[[[144.633735,-41.04137],[144.633924,-41.041379],[144.633771,-41.04127],[144.633735,-41.04137]]],[[[144.633966,-41.040842],[144.633791,-41.040889],[144.634009,-41.040935],[144.633966,-41.040842]]],[[[144.642823,-41.046097],[144.642626,-41.046017],[144.642739,-41.046153],[144.642823,-41.046097]]],[[[144.620107,-41.00609],[144.620015,-41.006174],[144.620217,-41.006127],[144.620107,-41.00609]]],[[[144.637913,-41.042454],[144.638116,-41.042452],[144.637975,-41.042387],[144.637913,-41.042454]]],[[[144.646016,-41.046162],[144.646214,-41.046198],[144.646104,-41.046107],[144.646016,-41.046162]]],[[[144.621186,-41.024349],[144.621069,-41.024321],[144.621019,-41.024415],[144.621186,-41.024349]]],[[[144.629495,-41.038687],[144.629636,-41.038615],[144.629526,-41.038594],[144.629495,-41.038687]]],[[[144.625699,-41.026736],[144.625666,-41.026816],[144.625835,-41.026774],[144.625699,-41.026736]]],[[[144.630869,-41.04038],[144.631038,-41.040396],[144.630938,-41.040314],[144.630869,-41.04038]]],[[[144.648198,-41.046614],[144.648083,-41.046581],[144.648124,-41.04669],[144.648198,-41.046614]]],[[[144.620725,-41.024073],[144.620907,-41.024086],[144.62074,-41.024004],[144.620725,-41.024073]]],[[[144.641434,-41.046067],[144.641517,-41.045972],[144.641424,-41.045977],[144.641434,-41.046067]]],[[[144.638751,-41.043821],[144.638906,-41.043795],[144.638775,-41.043752],[144.638751,-41.043821]]],[[[144.649031,-40.897539],[144.650015,-40.897798],[144.649312,-40.897369],[144.649031,-40.897539]]],[[[144.649387,-40.897178],[144.650063,-40.897489],[144.649833,-40.897237],[144.649387,-40.897178]]],[[[144.648467,-40.899552],[144.648733,-40.899513],[144.648483,-40.899424],[144.648467,-40.899552]]],[[[144.650733,-40.899568],[144.650937,-40.899459],[144.650694,-40.899439],[144.650733,-40.899568]]],[[[144.651202,-40.899396],[144.651376,-40.899405],[144.651219,-40.899311],[144.651202,-40.899396]]],[[[144.650088,-40.897644],[144.650294,-40.897725],[144.65038,-40.897687],[144.650088,-40.897644]]],[[[144.650538,-40.899567],[144.650722,-40.899615],[144.650595,-40.899505],[144.650538,-40.899567]]],[[[144.64917,-40.897009],[144.649395,-40.897013],[144.649215,-40.896951],[144.64917,-40.897009]]],[[[144.65447,-40.377494],[144.652631,-40.378777],[144.652415,-40.381295],[144.655181,-40.379927],[144.657121,-40.375836],[144.655664,-40.372044],[144.65377,-40.373951],[144.65447,-40.377494]]],[[[144.655623,-40.371528],[144.655552,-40.37203],[144.655833,-40.371838],[144.655623,-40.371528]]],[[[144.654243,-40.376155],[144.65442,-40.376228],[144.654314,-40.376036],[144.654243,-40.376155]]],[[[144.653452,-41.052934],[144.653229,-41.053014],[144.653633,-41.053203],[144.653452,-41.052934]]],[[[144.648475,-41.046569],[144.648795,-41.046807],[144.648674,-41.046532],[144.648475,-41.046569]]],[[[144.670524,-41.102159],[144.67098,-41.102244],[144.670707,-41.102108],[144.670524,-41.102159]]],[[[144.654174,-41.049464],[144.654033,-41.049676],[144.654225,-41.049669],[144.654174,-41.049464]]],[[[144.655602,-41.051701],[144.655845,-41.051708],[144.655919,-41.051561],[144.655602,-41.051701]]],[[[144.674381,-41.105502],[144.674406,-41.105415],[144.674115,-41.105305],[144.674381,-41.105502]]],[[[144.6484,-41.04765],[144.64853,-41.047636],[144.648511,-41.047486],[144.6484,-41.04765]]],[[[144.659244,-41.05788],[144.659287,-41.057812],[144.659064,-41.05773],[144.659244,-41.05788]]],[[[144.648587,-41.047213],[144.648652,-41.047132],[144.648518,-41.047049],[144.648587,-41.047213]]],[[[144.661729,-41.056078],[144.661893,-41.056078],[144.661814,-41.055996],[144.661729,-41.056078]]],[[[144.692372,-40.786635],[144.692177,-40.786434],[144.692132,-40.786793],[144.692372,-40.786635]]],[[[144.692852,-40.787119],[144.693155,-40.787219],[144.693043,-40.786981],[144.692852,-40.787119]]],[[[144.69132,-40.786086],[144.691151,-40.786158],[144.691253,-40.786213],[144.69132,-40.786086]]],[[[144.908071,-40.392535],[144.908177,-40.391661],[144.907475,-40.393196],[144.908071,-40.392535]]],[[[144.948443,-40.393915],[144.948935,-40.393353],[144.947734,-40.393738],[144.948443,-40.393915]]],[[[144.882405,-40.397626],[144.882912,-40.397414],[144.882531,-40.397333],[144.882405,-40.397626]]],[[[144.917606,-40.394386],[144.917967,-40.394195],[144.917449,-40.394097],[144.917606,-40.394386]]],[[[144.952944,-40.391309],[144.953199,-40.391161],[144.952902,-40.39114],[144.952944,-40.391309]]],[[[144.948849,-40.393222],[144.949109,-40.393105],[144.948825,-40.393047],[144.948849,-40.393222]]],[[[144.923189,-40.393567],[144.923474,-40.39349],[144.923213,-40.393448],[144.923189,-40.393567]]],[[[144.937371,-40.396042],[144.937211,-40.396082],[144.93752,-40.396091],[144.937371,-40.396042]]],[[[144.961197,-40.397534],[144.961331,-40.397398],[144.961238,-40.397321],[144.961197,-40.397534]]],[[[144.949245,-40.392878],[144.949171,-40.392842],[144.949138,-40.39298],[144.949245,-40.392878]]],[[[144.881655,-40.397777],[144.881735,-40.397701],[144.881644,-40.397626],[144.881655,-40.397777]]],[[[144.937995,-40.39658],[144.938125,-40.396554],[144.937908,-40.396514],[144.937995,-40.39658]]],[[[144.947421,-40.392024],[144.947514,-40.391938],[144.947369,-40.391948],[144.947421,-40.392024]]],[[[144.937685,-40.395957],[144.937584,-40.395967],[144.937784,-40.396017],[144.937685,-40.395957]]],[[[144.610575,-40.941115],[144.611881,-40.940939],[144.610922,-40.940439],[144.610575,-40.941115]]],[[[144.612423,-40.93398],[144.613625,-40.934269],[144.61308,-40.9337],[144.612423,-40.93398]]],[[[144.615742,-40.945986],[144.613423,-40.945824],[144.613908,-40.946191],[144.615742,-40.945986]]],[[[144.61208,-40.935001],[144.611351,-40.935459],[144.612345,-40.935141],[144.61208,-40.935001]]],[[[144.628326,-40.978782],[144.62891,-40.979047],[144.62908,-40.978762],[144.628326,-40.978782]]],[[[144.627885,-40.924829],[144.628196,-40.92494],[144.628823,-40.924676],[144.627885,-40.924829]]],[[[144.615244,-40.933374],[144.615175,-40.933009],[144.614796,-40.933147],[144.615244,-40.933374]]],[[[144.630054,-40.92296],[144.630265,-40.923086],[144.630716,-40.922893],[144.630054,-40.92296]]],[[[144.613373,-40.938675],[144.614299,-40.938467],[144.613912,-40.938435],[144.613373,-40.938675]]],[[[144.612668,-40.945961],[144.613144,-40.946291],[144.613349,-40.946186],[144.612668,-40.945961]]],[[[144.639254,-40.918566],[144.639616,-40.918358],[144.639319,-40.918234],[144.639254,-40.918566]]],[[[144.631742,-40.921189],[144.632464,-40.921331],[144.631885,-40.921085],[144.631742,-40.921189]]],[[[144.621527,-40.949358],[144.620976,-40.949097],[144.62126,-40.949448],[144.621527,-40.949358]]],[[[144.626717,-40.979593],[144.626886,-40.979282],[144.626625,-40.979281],[144.626717,-40.979593]]],[[[144.635347,-40.920842],[144.635765,-40.92084],[144.635393,-40.920636],[144.635347,-40.920842]]],[[[144.647579,-40.919801],[144.647577,-40.919554],[144.647176,-40.919212],[144.647579,-40.919801]]],[[[144.611281,-40.936521],[144.610684,-40.93658],[144.611006,-40.936696],[144.611281,-40.936521]]],[[[144.615658,-40.934277],[144.615898,-40.934266],[144.615875,-40.934034],[144.615658,-40.934277]]],[[[144.632659,-40.901412],[144.632981,-40.901397],[144.632971,-40.901112],[144.632659,-40.901412]]],[[[144.610778,-40.932516],[144.611133,-40.93263],[144.611014,-40.93239],[144.610778,-40.932516]]],[[[144.668075,-40.906143],[144.668621,-40.906354],[144.668246,-40.906082],[144.668075,-40.906143]]],[[[144.608945,-40.93781],[144.608777,-40.938016],[144.60913,-40.937967],[144.608945,-40.93781]]],[[[144.631195,-40.974134],[144.631166,-40.973911],[144.630907,-40.973922],[144.631195,-40.974134]]],[[[144.610742,-40.938329],[144.611107,-40.938271],[144.610848,-40.938136],[144.610742,-40.938329]]],[[[144.611214,-40.93771],[144.611681,-40.937549],[144.611249,-40.93759],[144.611214,-40.93771]]],[[[144.610687,-40.935948],[144.610392,-40.935996],[144.610711,-40.936183],[144.610687,-40.935948]]],[[[144.621215,-40.948593],[144.621111,-40.94874],[144.621403,-40.948858],[144.621215,-40.948593]]],[[[144.617653,-40.932],[144.617888,-40.9321],[144.617954,-40.931966],[144.617653,-40.932]]],[[[144.627214,-40.928287],[144.627606,-40.928263],[144.627665,-40.92815],[144.627214,-40.928287]]],[[[144.611384,-40.937962],[144.611679,-40.938026],[144.611614,-40.937875],[144.611384,-40.937962]]],[[[144.668967,-40.906223],[144.669373,-40.906249],[144.669009,-40.906145],[144.668967,-40.906223]]],[[[144.611424,-40.942163],[144.611194,-40.942225],[144.611505,-40.942423],[144.611424,-40.942163]]],[[[144.628119,-40.923999],[144.627898,-40.924021],[144.628304,-40.924108],[144.628119,-40.923999]]],[[[144.614459,-40.933083],[144.614607,-40.933117],[144.614634,-40.932842],[144.614459,-40.933083]]],[[[144.649864,-40.903399],[144.649676,-40.903465],[144.650032,-40.903596],[144.649864,-40.903399]]],[[[144.625653,-40.932097],[144.625467,-40.932183],[144.625791,-40.932273],[144.625653,-40.932097]]],[[[144.636091,-40.920714],[144.635905,-40.920847],[144.636274,-40.920824],[144.636091,-40.920714]]],[[[144.630516,-40.974277],[144.630779,-40.974391],[144.630686,-40.9742],[144.630516,-40.974277]]],[[[144.612696,-40.933117],[144.612543,-40.933128],[144.612537,-40.933367],[144.612696,-40.933117]]],[[[144.610976,-40.945585],[144.61111,-40.945583],[144.611162,-40.945371],[144.610976,-40.945585]]],[[[144.609755,-40.937482],[144.610021,-40.937575],[144.609927,-40.9374],[144.609755,-40.937482]]],[[[144.608889,-40.938372],[144.60912,-40.9384],[144.609143,-40.938229],[144.608889,-40.938372]]],[[[144.627278,-40.979545],[144.627516,-40.979453],[144.627363,-40.979392],[144.627278,-40.979545]]],[[[144.609942,-40.941278],[144.610254,-40.941429],[144.610113,-40.941242],[144.609942,-40.941278]]],[[[144.610069,-40.944367],[144.610241,-40.944329],[144.609894,-40.944175],[144.610069,-40.944367]]],[[[144.612415,-40.94628],[144.612563,-40.946131],[144.612322,-40.946063],[144.612415,-40.94628]]],[[[144.648678,-40.919411],[144.648798,-40.919325],[144.648663,-40.919175],[144.648678,-40.919411]]],[[[144.644216,-40.919968],[144.644301,-40.920106],[144.64445,-40.920049],[144.644216,-40.919968]]],[[[144.621471,-40.949197],[144.621484,-40.949015],[144.621299,-40.94898],[144.621471,-40.949197]]],[[[144.652075,-40.905481],[144.652366,-40.905499],[144.652236,-40.905394],[144.652075,-40.905481]]],[[[144.61289,-40.946491],[144.612849,-40.94638],[144.612704,-40.946478],[144.61289,-40.946491]]],[[[144.611089,-40.934121],[144.611363,-40.934257],[144.611002,-40.934074],[144.611089,-40.934121]]],[[[144.616613,-40.932016],[144.616832,-40.93209],[144.616745,-40.931904],[144.616613,-40.932016]]],[[[144.614674,-40.932628],[144.615045,-40.932574],[144.614706,-40.932555],[144.614674,-40.932628]]],[[[144.631347,-40.900676],[144.631497,-40.900727],[144.631602,-40.900609],[144.631347,-40.900676]]],[[[144.619848,-40.945306],[144.620068,-40.945218],[144.619901,-40.945162],[144.619848,-40.945306]]],[[[144.609302,-40.940631],[144.609503,-40.940677],[144.609502,-40.940516],[144.609302,-40.940631]]],[[[144.638032,-40.900757],[144.638193,-40.900675],[144.638011,-40.900632],[144.638032,-40.900757]]],[[[144.612471,-40.945612],[144.612326,-40.945647],[144.612623,-40.945742],[144.612471,-40.945612]]],[[[144.656125,-40.912343],[144.655973,-40.912369],[144.655937,-40.912513],[144.656125,-40.912343]]],[[[144.615702,-40.945714],[144.615872,-40.945662],[144.615848,-40.945532],[144.615702,-40.945714]]],[[[144.609333,-40.935065],[144.609553,-40.935041],[144.609352,-40.934969],[144.609333,-40.935065]]],[[[144.626945,-40.926745],[144.62724,-40.92681],[144.627014,-40.926661],[144.626945,-40.926745]]],[[[144.611812,-40.931783],[144.611843,-40.931882],[144.61203,-40.931866],[144.611812,-40.931783]]],[[[144.653421,-40.906421],[144.653665,-40.906352],[144.653479,-40.906301],[144.653421,-40.906421]]],[[[144.637452,-40.918144],[144.637664,-40.918152],[144.637553,-40.91805],[144.637452,-40.918144]]],[[[144.629086,-40.981861],[144.629029,-40.981765],[144.628779,-40.981836],[144.629086,-40.981861]]],[[[144.611526,-40.932561],[144.6117,-40.932576],[144.611637,-40.932446],[144.611526,-40.932561]]],[[[144.629197,-40.97515],[144.629269,-40.975251],[144.629433,-40.975193],[144.629197,-40.97515]]],[[[144.632146,-40.921112],[144.632413,-40.921124],[144.632361,-40.921051],[144.632146,-40.921112]]],[[[144.629864,-40.922019],[144.6301,-40.922051],[144.629977,-40.921952],[144.629864,-40.922019]]],[[[144.670078,-40.906622],[144.670361,-40.906695],[144.67013,-40.906571],[144.670078,-40.906622]]],[[[144.61779,-40.931437],[144.618048,-40.931367],[144.617815,-40.931364],[144.61779,-40.931437]]],[[[144.646546,-40.919139],[144.64677,-40.919158],[144.646608,-40.919055],[144.646546,-40.919139]]],[[[144.609818,-40.938612],[144.610007,-40.93875],[144.609914,-40.938556],[144.609818,-40.938612]]],[[[144.610383,-40.937699],[144.610378,-40.937831],[144.610547,-40.937836],[144.610383,-40.937699]]],[[[144.67377,-40.907887],[144.673936,-40.907934],[144.673977,-40.907855],[144.67377,-40.907887]]],[[[144.638845,-40.918679],[144.638956,-40.918687],[144.639009,-40.918554],[144.638845,-40.918679]]],[[[144.62736,-40.980086],[144.627389,-40.980197],[144.627562,-40.98017],[144.62736,-40.980086]]],[[[144.611031,-40.942067],[144.611261,-40.941947],[144.611095,-40.941944],[144.611031,-40.942067]]],[[[144.627519,-40.924386],[144.62739,-40.924469],[144.627623,-40.924483],[144.627519,-40.924386]]],[[[144.612299,-40.933312],[144.61241,-40.933172],[144.612255,-40.933224],[144.612299,-40.933312]]],[[[144.610039,-40.935522],[144.610282,-40.935437],[144.610162,-40.935411],[144.610039,-40.935522]]],[[[144.612819,-40.945747],[144.612977,-40.945818],[144.613095,-40.94576],[144.612819,-40.945747]]],[[[144.62554,-40.980543],[144.625753,-40.980546],[144.625611,-40.98045],[144.62554,-40.980543]]],[[[144.649796,-40.902373],[144.649997,-40.902408],[144.650035,-40.902331],[144.649796,-40.902373]]],[[[144.616251,-40.945585],[144.616366,-40.945577],[144.616439,-40.945435],[144.616251,-40.945585]]],[[[144.668932,-40.905911],[144.669157,-40.905872],[144.669058,-40.905814],[144.668932,-40.905911]]],[[[144.62049,-40.94512],[144.620647,-40.945116],[144.620642,-40.945017],[144.62049,-40.94512]]],[[[144.674115,-40.908232],[144.674299,-40.90815],[144.674153,-40.908136],[144.674115,-40.908232]]],[[[144.655478,-40.909026],[144.655395,-40.908862],[144.65528,-40.908833],[144.655478,-40.909026]]],[[[144.653959,-40.900436],[144.654123,-40.900395],[144.654016,-40.900339],[144.653959,-40.900436]]],[[[144.653399,-40.90037],[144.653511,-40.900271],[144.653376,-40.900266],[144.653399,-40.90037]]],[[[144.626119,-40.952154],[144.625981,-40.9521],[144.62594,-40.952195],[144.626119,-40.952154]]],[[[144.649445,-40.902581],[144.649671,-40.902567],[144.649679,-40.902504],[144.649445,-40.902581]]],[[[144.62738,-40.980451],[144.627491,-40.980502],[144.627518,-40.980385],[144.62738,-40.980451]]],[[[144.648799,-40.901108],[144.648933,-40.901174],[144.64889,-40.901032],[144.648799,-40.901108]]],[[[144.628441,-40.930821],[144.628349,-40.93087],[144.62853,-40.930936],[144.628441,-40.930821]]],[[[144.629089,-40.956618],[144.629229,-40.956549],[144.629057,-40.95651],[144.629089,-40.956618]]],[[[144.654431,-40.914034],[144.654631,-40.914098],[144.654574,-40.914007],[144.654431,-40.914034]]],[[[144.612378,-40.945402],[144.612237,-40.94536],[144.612329,-40.945492],[144.612378,-40.945402]]],[[[144.608939,-40.94077],[144.609095,-40.94078],[144.609009,-40.940681],[144.608939,-40.94077]]],[[[144.649024,-40.900278],[144.648863,-40.90024],[144.64896,-40.900357],[144.649024,-40.900278]]],[[[144.626057,-40.951957],[144.626214,-40.951855],[144.626096,-40.95185],[144.626057,-40.951957]]],[[[144.640703,-40.918264],[144.640859,-40.918172],[144.640708,-40.918184],[144.640703,-40.918264]]],[[[144.619693,-40.944989],[144.619485,-40.945129],[144.61958,-40.945131],[144.619693,-40.944989]]],[[[144.623109,-40.950804],[144.623322,-40.9506],[144.623102,-40.950734],[144.623109,-40.950804]]],[[[144.647884,-40.899893],[144.647916,-40.899983],[144.648056,-40.900013],[144.647884,-40.899893]]],[[[144.615011,-40.945679],[144.615203,-40.945741],[144.615278,-40.945704],[144.615011,-40.945679]]],[[[144.628757,-40.92582],[144.628974,-40.925793],[144.628799,-40.925749],[144.628757,-40.92582]]],[[[144.608549,-40.937421],[144.608759,-40.937465],[144.608627,-40.937366],[144.608549,-40.937421]]],[[[144.618149,-40.933162],[144.618294,-40.933157],[144.618334,-40.933071],[144.618149,-40.933162]]],[[[144.631333,-40.901034],[144.631537,-40.901059],[144.631494,-40.900981],[144.631333,-40.901034]]],[[[144.63509,-40.90178],[144.635179,-40.901669],[144.635065,-40.901678],[144.63509,-40.90178]]],[[[144.635551,-40.901525],[144.635557,-40.901419],[144.635439,-40.901416],[144.635551,-40.901525]]],[[[144.614457,-40.946314],[144.614615,-40.946294],[144.614485,-40.946219],[144.614457,-40.946314]]],[[[144.611187,-40.940034],[144.611289,-40.940051],[144.611314,-40.939952],[144.611187,-40.940034]]],[[[144.63492,-40.901983],[144.635039,-40.901892],[144.634929,-40.901883],[144.63492,-40.901983]]],[[[144.61486,-40.934725],[144.615001,-40.934695],[144.614845,-40.934624],[144.61486,-40.934725]]],[[[144.610079,-40.93777],[144.610211,-40.937843],[144.610182,-40.937724],[144.610079,-40.93777]]],[[[144.623999,-40.951081],[144.624154,-40.950994],[144.624051,-40.950976],[144.623999,-40.951081]]],[[[144.669722,-40.905775],[144.669892,-40.905787],[144.669819,-40.905706],[144.669722,-40.905775]]],[[[144.627794,-40.979427],[144.627955,-40.979419],[144.627878,-40.979356],[144.627794,-40.979427]]],[[[144.632079,-40.900634],[144.632198,-40.900639],[144.632186,-40.900543],[144.632079,-40.900634]]],[[[144.62982,-40.975346],[144.629624,-40.975352],[144.629738,-40.975414],[144.62982,-40.975346]]],[[[144.635803,-40.901109],[144.635886,-40.901102],[144.635861,-40.900983],[144.635803,-40.901109]]],[[[144.63047,-40.923161],[144.630639,-40.923083],[144.630514,-40.923079],[144.63047,-40.923161]]],[[[144.621185,-40.932944],[144.621055,-40.932981],[144.62127,-40.933009],[144.621185,-40.932944]]],[[[144.608598,-40.937819],[144.608786,-40.93768],[144.608655,-40.937717],[144.608598,-40.937819]]],[[[144.611701,-40.936576],[144.611828,-40.936597],[144.611765,-40.93651],[144.611701,-40.936576]]],[[[144.627957,-40.979599],[144.628134,-40.979611],[144.62799,-40.979536],[144.627957,-40.979599]]],[[[144.622566,-40.932249],[144.622701,-40.932177],[144.622578,-40.932164],[144.622566,-40.932249]]],[[[144.640277,-40.918278],[144.640451,-40.918177],[144.640289,-40.918207],[144.640277,-40.918278]]],[[[144.637218,-40.920732],[144.637197,-40.920791],[144.637378,-40.920791],[144.637218,-40.920732]]],[[[144.610679,-40.934335],[144.610812,-40.934249],[144.610695,-40.934244],[144.610679,-40.934335]]],[[[144.632534,-40.901039],[144.632622,-40.901066],[144.632553,-40.900927],[144.632534,-40.901039]]],[[[144.631354,-40.900308],[144.631321,-40.900384],[144.631396,-40.900472],[144.631354,-40.900308]]],[[[144.62835,-40.925319],[144.628369,-40.925383],[144.628526,-40.925371],[144.62835,-40.925319]]],[[[144.61301,-40.933399],[144.613125,-40.933424],[144.613111,-40.933319],[144.61301,-40.933399]]],[[[144.653361,-40.906139],[144.653341,-40.906208],[144.653499,-40.906217],[144.653361,-40.906139]]],[[[144.661923,-40.904644],[144.661986,-40.904579],[144.661869,-40.904543],[144.661923,-40.904644]]],[[[144.626003,-40.925718],[144.626105,-40.925666],[144.626,-40.925614],[144.626003,-40.925718]]],[[[144.611025,-40.942611],[144.611026,-40.942554],[144.610846,-40.942524],[144.611025,-40.942611]]],[[[144.616284,-40.930272],[144.616445,-40.930234],[144.616327,-40.930207],[144.616284,-40.930272]]],[[[144.630328,-40.922158],[144.630223,-40.922188],[144.630399,-40.922232],[144.630328,-40.922158]]],[[[144.628539,-40.981955],[144.628689,-40.981913],[144.628534,-40.981893],[144.628539,-40.981955]]],[[[144.624718,-40.981173],[144.624588,-40.98123],[144.624708,-40.981256],[144.624718,-40.981173]]],[[[144.631958,-40.921934],[144.631898,-40.922019],[144.63202,-40.922012],[144.631958,-40.921934]]],[[[144.633148,-40.901474],[144.633174,-40.901326],[144.633105,-40.901397],[144.633148,-40.901474]]],[[[144.610706,-40.937179],[144.61078,-40.937125],[144.610591,-40.937102],[144.610706,-40.937179]]],[[[144.614856,-40.935403],[144.61498,-40.935445],[144.614935,-40.935362],[144.614856,-40.935403]]],[[[144.610109,-40.938559],[144.610184,-40.938532],[144.610131,-40.938436],[144.610109,-40.938559]]],[[[144.668691,-40.905955],[144.6688,-40.905925],[144.668693,-40.905868],[144.668691,-40.905955]]],[[[144.626866,-40.92679],[144.626733,-40.926767],[144.626833,-40.926842],[144.626866,-40.92679]]],[[[144.637106,-40.920426],[144.637012,-40.920467],[144.637194,-40.920491],[144.637106,-40.920426]]],[[[144.636789,-40.918217],[144.636887,-40.918241],[144.636915,-40.918173],[144.636789,-40.918217]]],[[[144.618898,-40.944683],[144.619019,-40.944689],[144.619021,-40.94462],[144.618898,-40.944683]]],[[[144.636652,-40.917972],[144.636751,-40.917995],[144.636778,-40.917928],[144.636652,-40.917972]]],[[[144.628503,-40.92677],[144.628643,-40.926711],[144.628522,-40.926693],[144.628503,-40.92677]]],[[[144.639776,-40.917285],[144.6399,-40.917286],[144.639785,-40.917213],[144.639776,-40.917285]]],[[[145.046097,-41.606498],[145.046399,-41.606781],[145.046993,-41.605874],[145.046097,-41.606498]]],[[[145.309228,-40.763831],[145.309058,-40.763984],[145.309368,-40.763969],[145.309228,-40.763831]]],[[[145.303045,-40.740939],[145.303114,-40.741099],[145.303155,-40.740997],[145.303045,-40.740939]]],[[[145.538328,-40.89016],[145.537051,-40.890446],[145.539365,-40.891057],[145.538328,-40.89016]]],[[[145.01733,-40.763086],[145.016411,-40.764045],[145.017524,-40.764839],[145.02015,-40.761286],[145.01733,-40.763086]]],[[[145.298089,-40.735939],[145.298001,-40.736469],[145.298516,-40.736459],[145.298089,-40.735939]]],[[[145.297884,-40.739457],[145.298082,-40.739408],[145.298076,-40.739285],[145.297884,-40.739457]]],[[[145.296917,-40.739851],[145.297148,-40.739758],[145.296921,-40.739748],[145.296917,-40.739851]]],[[[144.979655,-40.731248],[144.97752,-40.733543],[144.978627,-40.735608],[144.979655,-40.731248]]],[[[145.038204,-40.714492],[145.038528,-40.713682],[145.037767,-40.714651],[145.038204,-40.714492]]],[[[144.979032,-40.737098],[144.978521,-40.737398],[144.978585,-40.737656],[144.979032,-40.737098]]],[[[144.977118,-40.727203],[144.977389,-40.727018],[144.977437,-40.726578],[144.977118,-40.727203]]],[[[145.036904,-40.714584],[145.037147,-40.714133],[145.036667,-40.714532],[145.036904,-40.714584]]],[[[144.979187,-40.729073],[144.97883,-40.728931],[144.979005,-40.729219],[144.979187,-40.729073]]],[[[144.979839,-40.728466],[144.979928,-40.728128],[144.979719,-40.728212],[144.979839,-40.728466]]],[[[144.982277,-40.728395],[144.98249,-40.728178],[144.982412,-40.727904],[144.982277,-40.728395]]],[[[144.985099,-40.7149],[144.98526,-40.714717],[144.985077,-40.714724],[144.985099,-40.7149]]],[[[145.50044,-40.853735],[145.500841,-40.853676],[145.49933,-40.852852],[145.50044,-40.853735]]],[[[145.399774,-40.852803],[145.400643,-40.85298],[145.400523,-40.852682],[145.399774,-40.852803]]],[[[145.43543,-40.890268],[145.436248,-40.889488],[145.435514,-40.889933],[145.43543,-40.890268]]],[[[145.52058,-40.877879],[145.521106,-40.87801],[145.521282,-40.877717],[145.52058,-40.877879]]],[[[145.516165,-40.868872],[145.516643,-40.86881],[145.516272,-40.868768],[145.516165,-40.868872]]],[[[145.517134,-40.86878],[145.517426,-40.868897],[145.517268,-40.868644],[145.517134,-40.86878]]],[[[145.043081,-40.757462],[145.042533,-40.768886],[145.040091,-40.774375],[145.041416,-40.778537],[145.046538,-40.782971],[145.059717,-40.78534],[145.077425,-40.794903],[145.101298,-40.795887],[145.104168,-40.794499],[145.104087,-40.79235],[145.099793,-40.788086],[145.08166,-40.780394],[145.067654,-40.771092],[145.048355,-40.751513],[145.044348,-40.75104],[145.043081,-40.757462]]],[[[145.101592,-40.811573],[145.102406,-40.812003],[145.102741,-40.81143],[145.101592,-40.811573]]],[[[145.296942,-40.848788],[145.297991,-40.84938],[145.299217,-40.848928],[145.296942,-40.848788]]],[[[145.302619,-40.846973],[145.304569,-40.84708],[145.303858,-40.846597],[145.302619,-40.846973]]],[[[145.30989,-40.846175],[145.310436,-40.845522],[145.310106,-40.845572],[145.30989,-40.846175]]],[[[144.929184,-40.576628],[144.928515,-40.576692],[144.929247,-40.576872],[144.929184,-40.576628]]],[[[144.93574,-40.576698],[144.936034,-40.576542],[144.935768,-40.576496],[144.93574,-40.576698]]],[[[144.726665,-40.640003],[144.726503,-40.640109],[144.726622,-40.640146],[144.726665,-40.640003]]],[[[144.683693,-40.631227],[144.686574,-40.63408],[144.685902,-40.637813],[144.687626,-40.638787],[144.695848,-40.636879],[144.698288,-40.633887],[144.687397,-40.626668],[144.679307,-40.626768],[144.680962,-40.628165],[144.679268,-40.62958],[144.683357,-40.629668],[144.683693,-40.631227]]],[[[144.920307,-40.574159],[144.921117,-40.573483],[144.920374,-40.573779],[144.920307,-40.574159]]],[[[144.921296,-40.572726],[144.922335,-40.572976],[144.92251,-40.571556],[144.921296,-40.572726]]],[[[144.938146,-40.562635],[144.940878,-40.559489],[144.939866,-40.55808],[144.938146,-40.562635]]],[[[144.707172,-40.512205],[144.707308,-40.512204],[144.707226,-40.511914],[144.707172,-40.512205]]],[[[144.706779,-40.511292],[144.707473,-40.51148],[144.706781,-40.511058],[144.706779,-40.511292]]],[[[144.707983,-40.510421],[144.708253,-40.510306],[144.708006,-40.510189],[144.707983,-40.510421]]],[[[144.706023,-40.509758],[144.706029,-40.50987],[144.706115,-40.509805],[144.706023,-40.509758]]],[[[144.706008,-40.509627],[144.706101,-40.509619],[144.706038,-40.509518],[144.706008,-40.509627]]],[[[144.704142,-40.506242],[144.704565,-40.50636],[144.704553,-40.505757],[144.704142,-40.506242]]],[[[144.703901,-40.504248],[144.703941,-40.504085],[144.703846,-40.504206],[144.703901,-40.504248]]],[[[144.710454,-40.490981],[144.710546,-40.490899],[144.710412,-40.49091],[144.710454,-40.490981]]],[[[144.708927,-40.485837],[144.708978,-40.485709],[144.708914,-40.485678],[144.708927,-40.485837]]],[[[144.890644,-40.485241],[144.891213,-40.485471],[144.891149,-40.484819],[144.890644,-40.485241]]],[[[144.973314,-40.424297],[144.973179,-40.424354],[144.973333,-40.424404],[144.973314,-40.424297]]],[[[144.704647,-40.506484],[144.70885,-40.507347],[144.705281,-40.504849],[144.704647,-40.506484]]],[[[144.704694,-40.507519],[144.704925,-40.507842],[144.704616,-40.507269],[144.704694,-40.507519]]],[[[144.734844,-40.638006],[144.734552,-40.637324],[144.734941,-40.639766],[144.734844,-40.638006]]],[[[144.922917,-40.56709],[144.922997,-40.567068],[144.922944,-40.566931],[144.922917,-40.56709]]],[[[144.707505,-40.510414],[144.70777,-40.510389],[144.70762,-40.510316],[144.707505,-40.510414]]],[[[144.707264,-40.509791],[144.707492,-40.509854],[144.707334,-40.509695],[144.707264,-40.509791]]],[[[144.710602,-40.504959],[144.710447,-40.504818],[144.710602,-40.505138],[144.710602,-40.504959]]],[[[144.72231,-40.609392],[144.722507,-40.609269],[144.722298,-40.609027],[144.72231,-40.609392]]],[[[144.737938,-40.617165],[144.738018,-40.616778],[144.737929,-40.616731],[144.737938,-40.617165]]],[[[144.720875,-40.60906],[144.720931,-40.608846],[144.720801,-40.608954],[144.720875,-40.60906]]],[[[144.966741,-40.433045],[144.966875,-40.432967],[144.966826,-40.432788],[144.966741,-40.433045]]],[[[144.705771,-40.832486],[144.705836,-40.832167],[144.70521,-40.833266],[144.705771,-40.832486]]],[[[144.792516,-41.082642],[144.792775,-41.082673],[144.792768,-41.082263],[144.792516,-41.082642]]],[[[144.698393,-41.255143],[144.69873,-41.255294],[144.698602,-41.254912],[144.698393,-41.255143]]],[[[144.696735,-41.253641],[144.697044,-41.253541],[144.696918,-41.25326],[144.696735,-41.253641]]],[[[144.697766,-41.25439],[144.697993,-41.254521],[144.698015,-41.254241],[144.697766,-41.25439]]],[[[144.700017,-40.827147],[144.700229,-40.826975],[144.700006,-40.826929],[144.700017,-40.827147]]],[[[144.697151,-41.253975],[144.697251,-41.253847],[144.696981,-41.253748],[144.697151,-41.253975]]],[[[144.69553,-41.25303],[144.695621,-41.252897],[144.695381,-41.252847],[144.69553,-41.25303]]],[[[144.696657,-41.252044],[144.696944,-41.251972],[144.696727,-41.251926],[144.696657,-41.252044]]],[[[144.697344,-41.254513],[144.697303,-41.25436],[144.697068,-41.254342],[144.697344,-41.254513]]],[[[144.780005,-41.068533],[144.780085,-41.068534],[144.780072,-41.068348],[144.780005,-41.068533]]],[[[144.935817,-40.587159],[144.935967,-40.587123],[144.935926,-40.586754],[144.935817,-40.587159]]],[[[144.709906,-40.483816],[144.709199,-40.483521],[144.709526,-40.484058],[144.709906,-40.483816]]],[[[144.710547,-40.490142],[144.710194,-40.490418],[144.710607,-40.490675],[144.710547,-40.490142]]],[[[144.741751,-40.486657],[144.741884,-40.486224],[144.741584,-40.486324],[144.741751,-40.486657]]],[[[144.710741,-40.490073],[144.711041,-40.49023],[144.710774,-40.489768],[144.710741,-40.490073]]],[[[144.709274,-40.486475],[144.709376,-40.486444],[144.709351,-40.48617],[144.709274,-40.486475]]],[[[144.709259,-41.272472],[144.710416,-41.272945],[144.709505,-41.269771],[144.709259,-41.272472]]],[[[144.710936,-41.277916],[144.710765,-41.278265],[144.711551,-41.277996],[144.710936,-41.277916]]],[[[144.713991,-41.278968],[144.714708,-41.27892],[144.71419,-41.278674],[144.713991,-41.278968]]],[[[144.705904,-41.266534],[144.705621,-41.266022],[144.705531,-41.266323],[144.705904,-41.266534]]],[[[144.709587,-41.273829],[144.709307,-41.273388],[144.709244,-41.273686],[144.709587,-41.273829]]],[[[144.708563,-41.275139],[144.70875,-41.274861],[144.708464,-41.274649],[144.708563,-41.275139]]],[[[144.711361,-41.273989],[144.711445,-41.273706],[144.711195,-41.273682],[144.711361,-41.273989]]],[[[144.710109,-41.277428],[144.710379,-41.27731],[144.710223,-41.27707],[144.710109,-41.277428]]],[[[144.707423,-41.283608],[144.707774,-41.283458],[144.707571,-41.283351],[144.707423,-41.283608]]],[[[144.7129,-41.283236],[144.713104,-41.283122],[144.712708,-41.283143],[144.7129,-41.283236]]],[[[144.707101,-41.283274],[144.707155,-41.283018],[144.707005,-41.283073],[144.707101,-41.283274]]],[[[144.70189,-41.259635],[144.70211,-41.259494],[144.701898,-41.25945],[144.70189,-41.259635]]],[[[144.701963,-41.258026],[144.702154,-41.257963],[144.702008,-41.257925],[144.701963,-41.258026]]],[[[144.707187,-41.283773],[144.707313,-41.283719],[144.707182,-41.283679],[144.707187,-41.283773]]],[[[144.707384,-41.283296],[144.7074,-41.283214],[144.707279,-41.283211],[144.707384,-41.283296]]],[[[144.935058,-40.577444],[144.935532,-40.577239],[144.93516,-40.577102],[144.935058,-40.577444]]],[[[144.934576,-40.584424],[144.934645,-40.584235],[144.934509,-40.584318],[144.934576,-40.584424]]],[[[144.934449,-40.584854],[144.934561,-40.584744],[144.934517,-40.58464],[144.934449,-40.584854]]],[[[144.788794,-40.509774],[144.789418,-40.509643],[144.788889,-40.509525],[144.788794,-40.509774]]],[[[144.725997,-40.544549],[144.726339,-40.544212],[144.726309,-40.543913],[144.725997,-40.544549]]],[[[144.720207,-40.525978],[144.720314,-40.525706],[144.720131,-40.525773],[144.720207,-40.525978]]],[[[144.72777,-40.54551],[144.728013,-40.545297],[144.727781,-40.545257],[144.72777,-40.54551]]],[[[144.725738,-40.536791],[144.725813,-40.536768],[144.725873,-40.536533],[144.725738,-40.536791]]],[[[144.727117,-40.541512],[144.727286,-40.541331],[144.727293,-40.541202],[144.727117,-40.541512]]],[[[144.941609,-40.461861],[144.941325,-40.461861],[144.941856,-40.462144],[144.941609,-40.461861]]],[[[144.935587,-40.468922],[144.935835,-40.469025],[144.935959,-40.468689],[144.935587,-40.468922]]],[[[144.697733,-40.801616],[144.697002,-40.803155],[144.698916,-40.801653],[144.697733,-40.801616]]],[[[144.702558,-40.79166],[144.703176,-40.79187],[144.703696,-40.791181],[144.702558,-40.79166]]],[[[144.698695,-40.80065],[144.698739,-40.801053],[144.699658,-40.801385],[144.698695,-40.80065]]],[[[144.705003,-40.793212],[144.704451,-40.793416],[144.704268,-40.79378],[144.705003,-40.793212]]],[[[144.697587,-40.800588],[144.697079,-40.800569],[144.697746,-40.80088],[144.697587,-40.800588]]],[[[144.70099,-40.805509],[144.701419,-40.805448],[144.700986,-40.805217],[144.70099,-40.805509]]],[[[144.696702,-40.801821],[144.697425,-40.801408],[144.696837,-40.801594],[144.696702,-40.801821]]],[[[144.703428,-40.79201],[144.704087,-40.791558],[144.70382,-40.791599],[144.703428,-40.79201]]],[[[144.695311,-40.812688],[144.69554,-40.812455],[144.695459,-40.812146],[144.695311,-40.812688]]],[[[144.700437,-40.802532],[144.700966,-40.802646],[144.700935,-40.802376],[144.700437,-40.802532]]],[[[144.697552,-40.821366],[144.697978,-40.821044],[144.697723,-40.820967],[144.697552,-40.821366]]],[[[144.698842,-40.821235],[144.699145,-40.821297],[144.699249,-40.821116],[144.698842,-40.821235]]],[[[144.700601,-40.801986],[144.700256,-40.801849],[144.700376,-40.802114],[144.700601,-40.801986]]],[[[144.703888,-40.795622],[144.704345,-40.795789],[144.704154,-40.795477],[144.703888,-40.795622]]],[[[144.69691,-40.800186],[144.697085,-40.800273],[144.69723,-40.800018],[144.69691,-40.800186]]],[[[144.698321,-40.805826],[144.698531,-40.805813],[144.698615,-40.805592],[144.698321,-40.805826]]],[[[144.699626,-40.81861],[144.699857,-40.818785],[144.699813,-40.818503],[144.699626,-40.81861]]],[[[144.699094,-40.817011],[144.699341,-40.817054],[144.699207,-40.816867],[144.699094,-40.817011]]],[[[144.703981,-40.796264],[144.703806,-40.796418],[144.704131,-40.796283],[144.703981,-40.796264]]],[[[144.696689,-40.804577],[144.696864,-40.804546],[144.696871,-40.804335],[144.696689,-40.804577]]],[[[144.696343,-40.803879],[144.696161,-40.803952],[144.696466,-40.803885],[144.696343,-40.803879]]],[[[144.696381,-40.804106],[144.696468,-40.80426],[144.696514,-40.804024],[144.696381,-40.804106]]],[[[144.703993,-40.796148],[144.704229,-40.795984],[144.703906,-40.796103],[144.703993,-40.796148]]],[[[144.7034,-40.790917],[144.703577,-40.791005],[144.703637,-40.790908],[144.7034,-40.790917]]],[[[144.705092,-40.793781],[144.70496,-40.793839],[144.705198,-40.79386],[144.705092,-40.793781]]],[[[144.699897,-40.816365],[144.699907,-40.81646],[144.700087,-40.816392],[144.699897,-40.816365]]],[[[144.701922,-40.79887],[144.702046,-40.798685],[144.701947,-40.798695],[144.701922,-40.79887]]],[[[144.699528,-40.816946],[144.699671,-40.816915],[144.69953,-40.816842],[144.699528,-40.816946]]],[[[144.697189,-40.804082],[144.697282,-40.803851],[144.697203,-40.803775],[144.697189,-40.804082]]],[[[144.698504,-40.821041],[144.698623,-40.82105],[144.698619,-40.820956],[144.698504,-40.821041]]],[[[144.699797,-40.819157],[144.700002,-40.819152],[144.699799,-40.819086],[144.699797,-40.819157]]],[[[144.696859,-40.802064],[144.696735,-40.802218],[144.69683,-40.80219],[144.696859,-40.802064]]],[[[144.704998,-40.794288],[144.705088,-40.794295],[144.705094,-40.794182],[144.704998,-40.794288]]],[[[144.704568,-40.79423],[144.704708,-40.794158],[144.704587,-40.794139],[144.704568,-40.79423]]],[[[144.737267,-40.619039],[144.73832,-40.619912],[144.739779,-40.619068],[144.737267,-40.619039]]],[[[144.737928,-40.617932],[144.738012,-40.617438],[144.737863,-40.618239],[144.737928,-40.617932]]],[[[144.838547,-40.430655],[144.837995,-40.430353],[144.838716,-40.431373],[144.838547,-40.430655]]],[[[144.725531,-40.480479],[144.726066,-40.480453],[144.725907,-40.48001],[144.725531,-40.480479]]],[[[144.766585,-40.468553],[144.766432,-40.468134],[144.766475,-40.468893],[144.766585,-40.468553]]],[[[144.766341,-40.456579],[144.766741,-40.456763],[144.766301,-40.456307],[144.766341,-40.456579]]],[[[144.906417,-40.481144],[144.906135,-40.481228],[144.906665,-40.481436],[144.906417,-40.481144]]],[[[144.772531,-40.432057],[144.77284,-40.432227],[144.772915,-40.431882],[144.772531,-40.432057]]],[[[144.918811,-40.477603],[144.919127,-40.47753],[144.91878,-40.477326],[144.918811,-40.477603]]],[[[144.771261,-40.435347],[144.771431,-40.434979],[144.771196,-40.434892],[144.771261,-40.435347]]],[[[144.788946,-40.430921],[144.789054,-40.430183],[144.788873,-40.430576],[144.788946,-40.430921]]],[[[144.918245,-40.477631],[144.918547,-40.477531],[144.918046,-40.47751],[144.918245,-40.477631]]],[[[144.771138,-40.43579],[144.770973,-40.435973],[144.771176,-40.436062],[144.771138,-40.43579]]],[[[144.905392,-40.482245],[144.905696,-40.482141],[144.905199,-40.482068],[144.905392,-40.482245]]],[[[144.772333,-40.431293],[144.772511,-40.431326],[144.772563,-40.431028],[144.772333,-40.431293]]],[[[144.838237,-40.447336],[144.83806,-40.447374],[144.83835,-40.447571],[144.838237,-40.447336]]],[[[144.880221,-40.477675],[144.880379,-40.477633],[144.880301,-40.477432],[144.880221,-40.477675]]],[[[144.770293,-40.437296],[144.770375,-40.436936],[144.7702,-40.437171],[144.770293,-40.437296]]],[[[144.771114,-40.43455],[144.771302,-40.43442],[144.771062,-40.434346],[144.771114,-40.43455]]],[[[144.766766,-40.446099],[144.766999,-40.446208],[144.767076,-40.44607],[144.766766,-40.446099]]],[[[144.770209,-40.437599],[144.770353,-40.437396],[144.770244,-40.437409],[144.770209,-40.437599]]],[[[144.766622,-40.454249],[144.766771,-40.454134],[144.766539,-40.454172],[144.766622,-40.454249]]],[[[144.769782,-40.436964],[144.769861,-40.436721],[144.76978,-40.436747],[144.769782,-40.436964]]],[[[144.770793,-40.433019],[144.770878,-40.432881],[144.770778,-40.432805],[144.770793,-40.433019]]],[[[144.8486,-40.431862],[144.848594,-40.431703],[144.848502,-40.431788],[144.8486,-40.431862]]],[[[144.789143,-40.430131],[144.789276,-40.430244],[144.789137,-40.430037],[144.789143,-40.430131]]],[[[144.769914,-40.436302],[144.76997,-40.436132],[144.769925,-40.436057],[144.769914,-40.436302]]],[[[144.771609,-40.434772],[144.77168,-40.43461],[144.77163,-40.434546],[144.771609,-40.434772]]],[[[144.792115,-40.478166],[144.79219,-40.478084],[144.792052,-40.478096],[144.792115,-40.478166]]],[[[144.773146,-40.425211],[144.7732,-40.425128],[144.773171,-40.425026],[144.773146,-40.425211]]],[[[144.728069,-41.307301],[144.728633,-41.307879],[144.729083,-41.307614],[144.728069,-41.307301]],[[144.724509,-41.303556],[144.723753,-41.30381],[144.724438,-41.303098],[144.724509,-41.303556]]],[[[144.730437,-41.318141],[144.730756,-41.318278],[144.730346,-41.317554],[144.730437,-41.318141]]],[[[144.732961,-41.319535],[144.733298,-41.31976],[144.733556,-41.319408],[144.732961,-41.319535]]],[[[144.731944,-41.318848],[144.732376,-41.318855],[144.732272,-41.318276],[144.731944,-41.318848]]],[[[144.738408,-41.310908],[144.738946,-41.310803],[144.738436,-41.310594],[144.738408,-41.310908]]],[[[144.714811,-41.286018],[144.715103,-41.285824],[144.71459,-41.285512],[144.714811,-41.286018]]],[[[144.730731,-41.308026],[144.730808,-41.307778],[144.730308,-41.307573],[144.730731,-41.308026]]],[[[144.741463,-41.329944],[144.741567,-41.329585],[144.741159,-41.329591],[144.741463,-41.329944]]],[[[144.728305,-41.305815],[144.728924,-41.30602],[144.728446,-41.305557],[144.728305,-41.305815]]],[[[144.731229,-41.317293],[144.731817,-41.316913],[144.73125,-41.317098],[144.731229,-41.317293]]],[[[144.7135,-41.296756],[144.713414,-41.295969],[144.713278,-41.296379],[144.7135,-41.296756]]],[[[144.731073,-41.317921],[144.731345,-41.31784],[144.731219,-41.317479],[144.731073,-41.317921]]],[[[144.729591,-41.30685],[144.729498,-41.306412],[144.729236,-41.306348],[144.729591,-41.30685]]],[[[144.719516,-41.292456],[144.719631,-41.292061],[144.719338,-41.292261],[144.719516,-41.292456]]],[[[144.727007,-41.305248],[144.726999,-41.304954],[144.726699,-41.304898],[144.727007,-41.305248]]],[[[144.731784,-41.319574],[144.731895,-41.319318],[144.731678,-41.31913],[144.731784,-41.319574]]],[[[144.72077,-41.302641],[144.721162,-41.302644],[144.721488,-41.302452],[144.72077,-41.302641]]],[[[144.735753,-41.326648],[144.736039,-41.326469],[144.735716,-41.326428],[144.735753,-41.326648]]],[[[144.735467,-41.324718],[144.735782,-41.324797],[144.735604,-41.324487],[144.735467,-41.324718]]],[[[144.721643,-41.302411],[144.722561,-41.302466],[144.721796,-41.302333],[144.721643,-41.302411]]],[[[144.730784,-41.320749],[144.731026,-41.320756],[144.731076,-41.320424],[144.730784,-41.320749]]],[[[144.748428,-41.333721],[144.748506,-41.333394],[144.748258,-41.333473],[144.748428,-41.333721]]],[[[144.739281,-41.327703],[144.73954,-41.327872],[144.739432,-41.327522],[144.739281,-41.327703]]],[[[144.746474,-41.332634],[144.746759,-41.332606],[144.746757,-41.332356],[144.746474,-41.332634]]],[[[144.716526,-41.297038],[144.716956,-41.297397],[144.716675,-41.296985],[144.716526,-41.297038]]],[[[144.731377,-41.320362],[144.731468,-41.320016],[144.731264,-41.320099],[144.731377,-41.320362]]],[[[144.73163,-41.320761],[144.731823,-41.320684],[144.731747,-41.320367],[144.73163,-41.320761]]],[[[144.739918,-41.327599],[144.74012,-41.327389],[144.739586,-41.327558],[144.739918,-41.327599]]],[[[144.718742,-41.299846],[144.719083,-41.300151],[144.718907,-41.299784],[144.718742,-41.299846]]],[[[144.731176,-41.318856],[144.731376,-41.318663],[144.731046,-41.318659],[144.731176,-41.318856]]],[[[144.738511,-41.326495],[144.738748,-41.326596],[144.738857,-41.326395],[144.738511,-41.326495]]],[[[144.744507,-41.331578],[144.74463,-41.331296],[144.744364,-41.331399],[144.744507,-41.331578]]],[[[144.716797,-41.296155],[144.716563,-41.296324],[144.716905,-41.296318],[144.716797,-41.296155]]],[[[144.71547,-41.29671],[144.715686,-41.296853],[144.715428,-41.296459],[144.71547,-41.29671]]],[[[144.74688,-41.332138],[144.747185,-41.332239],[144.747052,-41.332028],[144.74688,-41.332138]]],[[[144.729196,-41.30718],[144.729312,-41.307038],[144.729034,-41.306869],[144.729196,-41.30718]]],[[[144.745733,-41.331871],[144.746037,-41.331856],[144.74584,-41.331731],[144.745733,-41.331871]]],[[[144.733609,-41.307679],[144.733787,-41.307589],[144.733703,-41.307363],[144.733609,-41.307679]]],[[[144.747084,-41.332702],[144.747294,-41.332537],[144.747046,-41.332564],[144.747084,-41.332702]]],[[[144.731457,-41.321256],[144.731586,-41.32111],[144.73141,-41.320954],[144.731457,-41.321256]]],[[[144.727425,-41.306109],[144.727465,-41.305962],[144.72722,-41.305975],[144.727425,-41.306109]]],[[[144.720654,-41.302515],[144.721045,-41.302401],[144.720813,-41.302391],[144.720654,-41.302515]]],[[[144.717469,-41.285915],[144.717485,-41.285745],[144.717239,-41.285824],[144.717469,-41.285915]]],[[[144.717114,-41.301373],[144.717125,-41.301153],[144.717009,-41.301111],[144.717114,-41.301373]]],[[[144.747936,-41.333475],[144.74814,-41.333296],[144.747979,-41.333291],[144.747936,-41.333475]]],[[[144.738657,-41.326059],[144.738939,-41.325997],[144.738722,-41.325956],[144.738657,-41.326059]]],[[[144.721353,-41.303651],[144.721535,-41.303484],[144.721379,-41.303481],[144.721353,-41.303651]]],[[[144.736259,-41.309511],[144.736473,-41.309517],[144.736521,-41.309407],[144.736259,-41.309511]]],[[[144.742926,-41.330494],[144.743087,-41.330377],[144.74291,-41.330332],[144.742926,-41.330494]]],[[[144.741893,-41.330504],[144.742146,-41.330402],[144.741934,-41.330392],[144.741893,-41.330504]]],[[[144.73637,-41.309831],[144.736405,-41.309737],[144.736156,-41.309674],[144.73637,-41.309831]]],[[[144.718227,-41.297899],[144.718248,-41.297793],[144.718076,-41.297718],[144.718227,-41.297899]]],[[[144.730801,-41.317182],[144.730815,-41.317063],[144.730635,-41.317052],[144.730801,-41.317182]]],[[[144.732133,-41.319492],[144.732263,-41.319514],[144.732304,-41.31938],[144.732133,-41.319492]]],[[[144.750727,-41.335036],[144.750804,-41.33491],[144.750654,-41.334885],[144.750727,-41.335036]]],[[[144.736225,-41.309636],[144.736436,-41.309703],[144.736518,-41.30965],[144.736225,-41.309636]]],[[[144.713073,-41.296386],[144.713166,-41.296421],[144.713157,-41.296246],[144.713073,-41.296386]]],[[[144.728261,-41.306327],[144.728322,-41.306125],[144.728221,-41.306194],[144.728261,-41.306327]]],[[[144.7269,-41.306267],[144.727033,-41.306281],[144.727051,-41.306181],[144.7269,-41.306267]]],[[[144.746115,-41.331853],[144.746193,-41.331756],[144.746029,-41.331749],[144.746115,-41.331853]]],[[[144.73099,-41.316854],[144.731055,-41.316775],[144.730918,-41.316749],[144.73099,-41.316854]]],[[[144.731936,-41.320837],[144.731982,-41.320724],[144.731895,-41.320688],[144.731936,-41.320837]]],[[[144.717077,-41.297209],[144.717215,-41.297253],[144.71713,-41.297103],[144.717077,-41.297209]]],[[[144.740989,-41.328844],[144.741078,-41.328832],[144.741069,-41.328722],[144.740989,-41.328844]]],[[[144.737161,-40.623554],[144.736852,-40.623905],[144.738001,-40.623281],[144.737161,-40.623554]]],[[[144.735359,-40.627263],[144.735437,-40.627786],[144.735559,-40.626988],[144.735359,-40.627263]]],[[[144.736314,-40.623991],[144.735989,-40.623906],[144.736585,-40.624094],[144.736314,-40.623991]]],[[[144.735355,-40.625798],[144.735094,-40.626708],[144.735352,-40.626443],[144.735355,-40.625798]]],[[[144.735032,-40.625935],[144.735022,-40.62568],[144.734974,-40.625852],[144.735032,-40.625935]]],[[[144.835715,-40.444312],[144.840507,-40.447509],[144.843284,-40.447118],[144.850931,-40.452447],[144.853368,-40.461341],[144.858058,-40.468821],[144.872445,-40.471576],[144.880392,-40.477363],[144.896645,-40.483843],[144.908586,-40.480173],[144.91303,-40.481101],[144.913835,-40.477662],[144.916867,-40.478018],[144.91882,-40.474247],[144.922638,-40.473981],[144.92494,-40.471834],[144.927752,-40.472238],[144.926291,-40.471464],[144.927686,-40.470145],[144.932328,-40.470294],[144.940715,-40.465301],[144.93876,-40.462642],[144.942263,-40.459266],[144.945137,-40.458157],[144.949163,-40.460476],[144.951607,-40.460025],[144.952135,-40.454757],[144.947385,-40.453769],[144.946437,-40.451336],[144.947919,-40.438591],[144.950862,-40.435549],[144.956894,-40.436171],[144.960374,-40.433955],[144.960593,-40.43189],[144.958822,-40.430277],[144.963673,-40.432037],[144.96557,-40.431291],[144.96416,-40.429034],[144.969891,-40.42576],[144.964532,-40.419976],[144.961299,-40.419074],[144.961923,-40.416287],[144.957869,-40.415308],[144.956221,-40.412433],[144.956321,-40.40879],[144.959155,-40.408021],[144.957313,-40.405279],[144.961571,-40.405771],[144.961758,-40.40448],[144.959074,-40.403102],[144.962039,-40.401465],[144.959061,-40.400042],[144.954623,-40.391222],[144.952675,-40.392902],[144.949834,-40.392649],[144.947903,-40.396128],[144.943644,-40.397735],[144.936325,-40.397033],[144.935328,-40.394526],[144.933027,-40.395521],[144.93111,-40.394378],[144.931616,-40.392786],[144.929994,-40.394342],[144.926189,-40.391693],[144.923873,-40.393714],[144.918195,-40.394291],[144.913903,-40.397439],[144.907567,-40.393715],[144.905793,-40.39514],[144.903144,-40.39329],[144.899273,-40.394874],[144.897027,-40.388721],[144.891641,-40.388238],[144.892376,-40.389808],[144.890927,-40.390324],[144.887158,-40.388663],[144.881935,-40.390873],[144.882874,-40.391695],[144.881227,-40.393359],[144.879026,-40.392767],[144.881983,-40.395277],[144.880074,-40.396051],[144.883554,-40.397176],[144.884416,-40.399442],[144.879443,-40.399358],[144.8745,-40.401312],[144.879265,-40.405866],[144.885674,-40.408359],[144.883992,-40.412399],[144.884807,-40.413619],[144.881633,-40.418066],[144.865227,-40.432055],[144.852157,-40.434817],[144.846089,-40.432258],[144.844962,-40.430175],[144.84079,-40.430025],[144.84329,-40.435337],[144.841013,-40.437935],[144.836349,-40.43797],[144.83739,-40.438733],[144.835031,-40.441293],[144.835715,-40.444312]]],[[[144.781915,-40.408049],[144.783745,-40.408395],[144.782076,-40.407735],[144.781915,-40.408049]]],[[[144.773628,-40.425938],[144.774075,-40.426219],[144.774179,-40.4254],[144.773628,-40.425938]]],[[[144.778422,-40.422351],[144.779183,-40.422781],[144.778322,-40.422086],[144.778422,-40.422351]]],[[[144.9674,-40.421587],[144.967014,-40.42178],[144.968081,-40.421456],[144.9674,-40.421587]]],[[[144.77751,-40.423076],[144.777828,-40.423244],[144.778545,-40.423023],[144.77751,-40.423076]]],[[[144.784393,-40.410224],[144.783918,-40.41019],[144.784332,-40.410417],[144.784393,-40.410224]]],[[[144.95789,-40.413881],[144.958316,-40.413764],[144.957957,-40.413479],[144.95789,-40.413881]]],[[[144.774203,-40.425284],[144.774203,-40.424953],[144.77376,-40.424838],[144.774203,-40.425284]]],[[[144.958571,-40.409265],[144.958777,-40.409261],[144.958612,-40.408951],[144.958571,-40.409265]]],[[[144.783639,-40.402683],[144.783936,-40.40283],[144.783612,-40.402486],[144.783639,-40.402683]]],[[[144.782167,-40.414898],[144.782417,-40.415033],[144.782313,-40.41473],[144.782167,-40.414898]]],[[[144.789588,-40.40333],[144.789811,-40.403408],[144.789794,-40.403116],[144.789588,-40.40333]]],[[[144.960902,-40.3994],[144.961131,-40.399552],[144.961363,-40.39941],[144.960902,-40.3994]]],[[[144.783786,-40.408501],[144.783702,-40.408633],[144.783993,-40.408728],[144.783786,-40.408501]]],[[[144.783624,-40.400581],[144.783843,-40.400412],[144.783633,-40.400347],[144.783624,-40.400581]]],[[[144.78351,-40.408888],[144.783759,-40.408781],[144.783495,-40.408683],[144.78351,-40.408888]]],[[[144.960813,-40.415421],[144.961022,-40.415396],[144.960562,-40.415273],[144.960813,-40.415421]]],[[[144.961354,-40.40622],[144.961563,-40.406134],[144.961249,-40.406049],[144.961354,-40.40622]]],[[[144.961097,-40.414917],[144.961316,-40.414886],[144.960819,-40.414728],[144.961097,-40.414917]]],[[[144.778055,-40.422018],[144.777956,-40.421763],[144.777816,-40.421735],[144.778055,-40.422018]]],[[[144.782746,-40.405498],[144.782899,-40.405417],[144.782647,-40.405306],[144.782746,-40.405498]]],[[[144.781961,-40.415267],[144.782103,-40.415132],[144.781895,-40.4151],[144.781961,-40.415267]]],[[[144.959913,-40.399859],[144.96018,-40.399879],[144.960044,-40.399793],[144.959913,-40.399859]]],[[[144.95688,-40.412552],[144.957051,-40.412445],[144.956852,-40.412425],[144.95688,-40.412552]]],[[[144.783262,-40.412056],[144.783051,-40.412069],[144.783265,-40.412163],[144.783262,-40.412056]]],[[[144.781942,-40.414546],[144.781811,-40.414514],[144.781757,-40.414648],[144.781942,-40.414546]]],[[[144.786531,-40.400303],[144.786657,-40.400136],[144.786494,-40.400207],[144.786531,-40.400303]]],[[[144.966055,-40.421613],[144.966159,-40.421551],[144.96589,-40.421516],[144.966055,-40.421613]]],[[[144.790471,-40.424994],[144.790567,-40.424846],[144.790408,-40.424907],[144.790471,-40.424994]]],[[[144.778971,-40.420563],[144.77902,-40.420428],[144.778872,-40.420504],[144.778971,-40.420563]]],[[[144.961319,-40.400333],[144.961304,-40.400184],[144.961224,-40.400239],[144.961319,-40.400333]]],[[[144.959388,-40.399228],[144.959281,-40.399244],[144.959373,-40.399376],[144.959388,-40.399228]]],[[[144.782685,-40.407505],[144.782736,-40.407444],[144.782589,-40.407392],[144.782685,-40.407505]]],[[[144.965355,-40.421197],[144.965433,-40.421123],[144.965341,-40.421071],[144.965355,-40.421197]]],[[[144.957381,-40.41255],[144.957452,-40.412462],[144.95735,-40.412424],[144.957381,-40.41255]]],[[[144.961794,-40.398328],[144.961823,-40.398287],[144.961658,-40.398226],[144.961794,-40.398328]]],[[[144.961912,-40.397881],[144.961835,-40.397876],[144.962027,-40.397955],[144.961912,-40.397881]]],[[[144.868456,-40.723888],[144.872807,-40.724942],[144.878537,-40.73265],[144.882646,-40.735565],[144.893743,-40.740467],[144.898178,-40.738423],[144.90579,-40.73945],[144.910159,-40.731724],[144.919421,-40.728465],[144.930323,-40.728904],[144.937792,-40.732002],[144.943073,-40.731335],[144.96387,-40.712179],[144.976944,-40.707673],[144.987028,-40.707558],[144.993179,-40.709285],[144.993972,-40.70765],[144.995178,-40.708053],[144.994522,-40.711282],[144.99669,-40.709912],[144.997605,-40.711793],[145.000584,-40.711677],[145.004441,-40.714148],[145.00456,-40.71188],[145.008315,-40.711402],[145.009449,-40.708351],[145.014063,-40.706629],[145.020053,-40.705311],[145.031195,-40.706025],[145.03062,-40.707994],[145.032978,-40.70884],[145.032813,-40.710636],[145.033951,-40.708901],[145.032957,-40.707946],[145.038795,-40.705594],[145.038982,-40.707308],[145.03551,-40.709814],[145.039133,-40.713121],[145.043583,-40.71446],[145.051113,-40.712265],[145.048376,-40.715783],[145.042151,-40.715896],[145.041151,-40.717424],[145.059837,-40.716873],[145.067886,-40.714352],[145.067585,-40.712788],[145.064021,-40.711949],[145.056974,-40.706033],[145.044322,-40.689161],[145.044281,-40.686325],[145.047071,-40.685134],[145.044624,-40.685135],[145.044394,-40.682576],[145.049318,-40.680335],[145.045792,-40.680172],[145.037093,-40.684245],[145.026654,-40.684918],[145.014644,-40.681824],[144.991577,-40.669991],[144.979692,-40.660864],[144.957906,-40.63177],[144.954763,-40.629461],[144.952223,-40.629797],[144.952175,-40.633457],[144.95868,-40.639576],[144.96818,-40.655445],[144.967989,-40.658726],[144.962038,-40.658709],[144.959113,-40.654399],[144.954431,-40.652186],[144.94275,-40.651942],[144.937386,-40.64976],[144.933521,-40.644198],[144.936308,-40.638484],[144.929161,-40.631727],[144.929396,-40.622307],[144.919371,-40.62493],[144.915115,-40.640633],[144.914195,-40.642077],[144.91019,-40.64222],[144.912448,-40.643202],[144.91218,-40.646645],[144.908991,-40.650388],[144.905923,-40.650589],[144.903134,-40.657116],[144.897357,-40.659332],[144.892204,-40.664731],[144.87741,-40.673493],[144.871836,-40.678586],[144.871601,-40.682693],[144.874202,-40.684247],[144.872146,-40.684545],[144.871119,-40.686713],[144.8736,-40.690488],[144.871814,-40.695005],[144.876447,-40.710755],[144.87531,-40.713355],[144.873264,-40.713843],[144.873988,-40.717099],[144.869634,-40.721152],[144.867362,-40.721323],[144.868456,-40.723888]]],[[[144.831056,-40.691643],[144.82433,-40.696876],[144.823864,-40.699371],[144.827056,-40.701516],[144.837332,-40.700365],[144.841327,-40.696127],[144.839353,-40.693272],[144.833377,-40.690776],[144.831056,-40.691643]]],[[[144.92461,-40.747911],[144.922471,-40.746378],[144.921366,-40.747677],[144.91357,-40.747488],[144.909528,-40.749954],[144.919603,-40.752],[144.925038,-40.750721],[144.924566,-40.748894],[144.926406,-40.74916],[144.92461,-40.747911]]],[[[144.874398,-40.730966],[144.868421,-40.727229],[144.869998,-40.730753],[144.874398,-40.730966]]],[[[144.873933,-40.728064],[144.876187,-40.729236],[144.872533,-40.724822],[144.869612,-40.725711],[144.873933,-40.728064]]],[[[144.849249,-40.734095],[144.851995,-40.734722],[144.848775,-40.73231],[144.849249,-40.734095]]],[[[144.86934,-40.716179],[144.872075,-40.7162],[144.87063,-40.714558],[144.86934,-40.716179]]],[[[144.865656,-40.724841],[144.863432,-40.724186],[144.864968,-40.726129],[144.865656,-40.724841]]],[[[144.828224,-40.712961],[144.831057,-40.713117],[144.828663,-40.712046],[144.828224,-40.712961]]],[[[144.863845,-40.726863],[144.865807,-40.727767],[144.866066,-40.725906],[144.863845,-40.726863]]],[[[144.73413,-40.63955],[144.732719,-40.638863],[144.7332,-40.641479],[144.73413,-40.63955]]],[[[144.874567,-40.732806],[144.876731,-40.732602],[144.875968,-40.7316],[144.874567,-40.732806]]],[[[144.962552,-40.714409],[144.963841,-40.714473],[144.964604,-40.713225],[144.962552,-40.714409]]],[[[144.866865,-40.726023],[144.867499,-40.726814],[144.866691,-40.724306],[144.866865,-40.726023]]],[[[144.697136,-40.781499],[144.697336,-40.782326],[144.698256,-40.781435],[144.697136,-40.781499]]],[[[144.973944,-40.709849],[144.974781,-40.710274],[144.975444,-40.709676],[144.973944,-40.709849]]],[[[144.866556,-40.744133],[144.868243,-40.744266],[144.86757,-40.743715],[144.866556,-40.744133]]],[[[144.702103,-40.644645],[144.70256,-40.644901],[144.703284,-40.644318],[144.702103,-40.644645]]],[[[144.865975,-40.742146],[144.866843,-40.742169],[144.86621,-40.741758],[144.865975,-40.742146]],[[144.703515,-40.655847],[144.703155,-40.655217],[144.704417,-40.656511],[144.703515,-40.655847]]],[[[144.759076,-40.694477],[144.760153,-40.695527],[144.760758,-40.695216],[144.759076,-40.694477]]],[[[144.965344,-40.71301],[144.964623,-40.712917],[144.9652,-40.713894],[144.965344,-40.71301]]],[[[144.863752,-40.722829],[144.863674,-40.723267],[144.864801,-40.722562],[144.863752,-40.722829]]],[[[144.943673,-40.751507],[144.944592,-40.751149],[144.944004,-40.75081],[144.943673,-40.751507]]],[[[144.866323,-40.726697],[144.866633,-40.726756],[144.866579,-40.725482],[144.866323,-40.726697]]],[[[144.946774,-40.752317],[144.947425,-40.751728],[144.946702,-40.751706],[144.946774,-40.752317]]],[[[144.700534,-40.779326],[144.70113,-40.778948],[144.700482,-40.77853],[144.700534,-40.779326]]],[[[144.700401,-40.788401],[144.701255,-40.788812],[144.701011,-40.788385],[144.700401,-40.788401]]],[[[144.742511,-40.661965],[144.743607,-40.661554],[144.74265,-40.661621],[144.742511,-40.661965]]],[[[144.84122,-40.747037],[144.841892,-40.747955],[144.841681,-40.747229],[144.84122,-40.747037]]],[[[144.701724,-40.78897],[144.7022,-40.789131],[144.702606,-40.788739],[144.701724,-40.78897]]],[[[144.766299,-40.739381],[144.765887,-40.739449],[144.766217,-40.739951],[144.766299,-40.739381]]],[[[144.876253,-40.73022],[144.876803,-40.730482],[144.876527,-40.730029],[144.876253,-40.73022]]],[[[144.696654,-40.782355],[144.69636,-40.782316],[144.696519,-40.782938],[144.696654,-40.782355]]],[[[144.703713,-40.759025],[144.703635,-40.758533],[144.703157,-40.758346],[144.703713,-40.759025]]],[[[144.702448,-40.655037],[144.702845,-40.654856],[144.702225,-40.654763],[144.702448,-40.655037]]],[[[144.877104,-40.732574],[144.877438,-40.732802],[144.877483,-40.732334],[144.877104,-40.732574]]],[[[144.698811,-40.785961],[144.699326,-40.78596],[144.698919,-40.785641],[144.698811,-40.785961]]],[[[144.842446,-40.749637],[144.843026,-40.749942],[144.842787,-40.749649],[144.842446,-40.749637]]],[[[144.699674,-40.780152],[144.700352,-40.780121],[144.699667,-40.779963],[144.699674,-40.780152]]],[[[144.842102,-40.747624],[144.842417,-40.747796],[144.842151,-40.747404],[144.842102,-40.747624]]],[[[144.86805,-40.743575],[144.868336,-40.743665],[144.868342,-40.743406],[144.86805,-40.743575]]],[[[144.744738,-40.661327],[144.744561,-40.661556],[144.744952,-40.661529],[144.744738,-40.661327]]],[[[144.766204,-40.743299],[144.765798,-40.743157],[144.766014,-40.743451],[144.766204,-40.743299]]],[[[144.961168,-40.657286],[144.961373,-40.657084],[144.960959,-40.657232],[144.961168,-40.657286]]],[[[144.721557,-40.643081],[144.721733,-40.642758],[144.721536,-40.642823],[144.721557,-40.643081]]],[[[144.846231,-40.718115],[144.846481,-40.718065],[144.84642,-40.717881],[144.846231,-40.718115]]],[[[144.706752,-40.75459],[144.707001,-40.754387],[144.707102,-40.754107],[144.706752,-40.75459]]],[[[144.866257,-40.725423],[144.866468,-40.725321],[144.866485,-40.724903],[144.866257,-40.725423]]],[[[144.961147,-40.656894],[144.961383,-40.65667],[144.961124,-40.656691],[144.961147,-40.656894]]],[[[144.700948,-40.790046],[144.700744,-40.790128],[144.701092,-40.790134],[144.700948,-40.790046]]],[[[144.700666,-40.786629],[144.700464,-40.78668],[144.700828,-40.786757],[144.700666,-40.786629]]],[[[144.731748,-40.642003],[144.73186,-40.641802],[144.731571,-40.641913],[144.731748,-40.642003]]],[[[144.701179,-40.78802],[144.701469,-40.788075],[144.701266,-40.787912],[144.701179,-40.78802]]],[[[144.703004,-40.790824],[144.70339,-40.790755],[144.703199,-40.79069],[144.703004,-40.790824]]],[[[144.698054,-40.784527],[144.698229,-40.784547],[144.698221,-40.784357],[144.698054,-40.784527]]],[[[144.74531,-40.661613],[144.745512,-40.661637],[144.745219,-40.661434],[144.74531,-40.661613]]],[[[144.699354,-40.786236],[144.699587,-40.786224],[144.699383,-40.786103],[144.699354,-40.786236]]],[[[144.744521,-40.661827],[144.744748,-40.661783],[144.744512,-40.661675],[144.744521,-40.661827]]],[[[144.702563,-40.789019],[144.702388,-40.789263],[144.702671,-40.788988],[144.702563,-40.789019]]],[[[144.69822,-40.777999],[144.698492,-40.777972],[144.698325,-40.777903],[144.69822,-40.777999]]],[[[144.704383,-40.656961],[144.704269,-40.657107],[144.70451,-40.657089],[144.704383,-40.656961]]],[[[144.699988,-40.786818],[144.700234,-40.786878],[144.700098,-40.786723],[144.699988,-40.786818]]],[[[144.7429,-40.662439],[144.743243,-40.662323],[144.742926,-40.662343],[144.7429,-40.662439]]],[[[144.745877,-40.661281],[144.746128,-40.661188],[144.746102,-40.661093],[144.745877,-40.661281]]],[[[144.700743,-40.779715],[144.700848,-40.779677],[144.700812,-40.779446],[144.700743,-40.779715]]],[[[144.698938,-40.780114],[144.699171,-40.780082],[144.69921,-40.779996],[144.698938,-40.780114]]],[[[144.696901,-40.783162],[144.697015,-40.783104],[144.697002,-40.782919],[144.696901,-40.783162]]],[[[144.717088,-40.649387],[144.717115,-40.64915],[144.71701,-40.649263],[144.717088,-40.649387]]],[[[144.743413,-40.66216],[144.743636,-40.66203],[144.743501,-40.662023],[144.743413,-40.66216]]],[[[144.698932,-40.781326],[144.699062,-40.781486],[144.699018,-40.781219],[144.698932,-40.781326]]],[[[144.70392,-40.757799],[144.704008,-40.757711],[144.703779,-40.757767],[144.70392,-40.757799]]],[[[144.742993,-40.661479],[144.743243,-40.661415],[144.743033,-40.661417],[144.742993,-40.661479]]],[[[144.742623,-40.662634],[144.742787,-40.662466],[144.742689,-40.662484],[144.742623,-40.662634]]],[[[144.702165,-40.789489],[144.702282,-40.789413],[144.702254,-40.789307],[144.702165,-40.789489]]],[[[144.702369,-40.788527],[144.702349,-40.788467],[144.702084,-40.788397],[144.702369,-40.788527]]],[[[144.695023,-40.781686],[144.694885,-40.781612],[144.694976,-40.781755],[144.695023,-40.781686]]],[[[144.702153,-40.654292],[144.702203,-40.654073],[144.702119,-40.654127],[144.702153,-40.654292]]],[[[144.746502,-40.660883],[144.746668,-40.660784],[144.746457,-40.660817],[144.746502,-40.660883]]],[[[144.698049,-40.785506],[144.698266,-40.785493],[144.698094,-40.785441],[144.698049,-40.785506]]],[[[144.70175,-40.654464],[144.701856,-40.654355],[144.701848,-40.654234],[144.70175,-40.654464]]],[[[144.700635,-40.786948],[144.700827,-40.786984],[144.700742,-40.786912],[144.700635,-40.786948]]],[[[144.70031,-40.788641],[144.700471,-40.788747],[144.700339,-40.788562],[144.70031,-40.788641]]],[[[144.697852,-40.778537],[144.698004,-40.778452],[144.69789,-40.778421],[144.697852,-40.778537]]],[[[144.701364,-40.788486],[144.701471,-40.78843],[144.701475,-40.788333],[144.701364,-40.788486]]],[[[144.70188,-40.654722],[144.701956,-40.654706],[144.702,-40.654531],[144.70188,-40.654722]]],[[[145.067633,-41.636052],[145.11594,-41.405995],[145.443511,-41.102048],[145.445502,-41.092946],[145.455088,-41.09409],[145.45814,-41.079716],[145.453306,-41.079203],[145.452562,-41.083232],[145.447201,-41.082662],[145.446919,-41.084202],[145.436554,-41.083096],[145.437346,-41.078977],[145.44371,-41.078971],[145.446116,-41.074175],[145.457937,-41.075412],[145.459468,-41.067097],[145.45703,-41.066828],[145.458082,-41.061212],[145.461462,-41.061565],[145.462346,-41.056859],[145.472388,-41.056729],[145.472942,-41.054019],[145.478844,-41.05464],[145.479215,-41.052728],[145.480631,-41.05286],[145.482069,-41.044977],[145.491799,-41.03096],[145.492422,-41.027826],[145.487737,-41.027287],[145.488559,-41.023227],[145.493891,-41.023876],[145.515219,-40.996818],[145.515837,-40.993688],[145.512413,-40.99325],[145.513291,-40.989106],[145.516502,-40.989494],[145.516983,-40.987272],[145.522001,-40.986696],[145.524646,-40.979612],[145.528318,-40.980122],[145.529512,-40.974924],[145.531737,-40.975215],[145.541365,-40.93472],[145.556676,-40.93645],[145.563257,-40.925335],[145.541457,-40.922752],[145.543142,-40.914762],[145.538986,-40.914257],[145.540462,-40.906541],[145.545046,-40.90697],[145.548402,-40.90338],[145.5398,-40.900865],[145.535152,-40.894559],[145.537747,-40.891469],[145.531463,-40.893086],[145.522328,-40.887635],[145.519289,-40.882802],[145.523317,-40.880127],[145.519571,-40.880133],[145.518466,-40.878655],[145.522733,-40.87698],[145.518562,-40.872763],[145.521422,-40.871774],[145.516785,-40.871947],[145.509872,-40.863547],[145.510722,-40.861419],[145.513301,-40.86113],[145.512867,-40.858878],[145.517158,-40.858266],[145.512976,-40.857407],[145.513775,-40.856553],[145.510346,-40.854997],[145.511694,-40.853614],[145.508641,-40.853667],[145.509046,-40.852723],[145.505455,-40.851483],[145.500961,-40.853395],[145.500486,-40.855304],[145.502204,-40.856541],[145.501284,-40.857924],[145.498131,-40.860132],[145.495709,-40.859846],[145.488774,-40.866447],[145.475956,-40.869902],[145.453454,-40.87125],[145.447109,-40.874113],[145.448498,-40.87578],[145.446347,-40.877998],[145.447692,-40.880554],[145.446001,-40.882003],[145.449487,-40.884588],[145.447867,-40.885324],[145.448022,-40.887246],[145.442226,-40.88913],[145.437928,-40.888644],[145.433213,-40.890848],[145.43301,-40.892957],[145.435375,-40.894255],[145.432449,-40.89252],[145.433188,-40.890678],[145.446692,-40.886091],[145.445147,-40.881913],[145.446425,-40.880888],[145.445919,-40.877493],[145.443396,-40.876932],[145.443025,-40.874656],[145.443518,-40.873525],[145.446217,-40.875491],[145.444555,-40.872964],[145.446055,-40.871217],[145.427834,-40.8675],[145.420083,-40.864199],[145.419566,-40.861684],[145.413395,-40.861022],[145.409164,-40.856111],[145.404119,-40.856564],[145.40379,-40.854981],[145.399003,-40.856237],[145.39903,-40.859093],[145.395598,-40.859689],[145.39538,-40.863236],[145.394786,-40.859543],[145.398226,-40.858768],[145.398285,-40.85751],[145.389545,-40.853552],[145.389104,-40.851083],[145.391899,-40.849701],[145.384843,-40.850831],[145.382694,-40.849636],[145.374559,-40.851494],[145.372525,-40.849764],[145.367111,-40.852067],[145.34387,-40.851026],[145.32801,-40.844778],[145.315599,-40.837675],[145.313691,-40.840245],[145.315432,-40.845603],[145.317084,-40.848126],[145.321464,-40.849688],[145.311867,-40.845924],[145.313071,-40.843121],[145.311451,-40.842643],[145.309446,-40.843059],[145.311188,-40.846146],[145.309906,-40.846855],[145.300103,-40.847062],[145.298105,-40.849502],[145.291606,-40.848504],[145.287591,-40.850893],[145.291637,-40.848324],[145.298168,-40.848399],[145.299117,-40.846529],[145.307908,-40.846409],[145.308207,-40.840875],[145.313064,-40.836979],[145.312883,-40.8352],[145.2978,-40.816857],[145.286076,-40.797534],[145.280086,-40.79371],[145.287539,-40.802714],[145.293608,-40.826891],[145.29249,-40.825283],[145.288068,-40.824439],[145.284459,-40.826846],[145.284901,-40.830853],[145.280758,-40.829905],[145.279138,-40.827734],[145.280711,-40.823675],[145.284779,-40.82054],[145.28262,-40.820465],[145.283903,-40.818833],[145.282586,-40.817651],[145.275211,-40.816717],[145.273123,-40.81336],[145.269077,-40.811041],[145.266258,-40.800312],[145.267594,-40.79962],[145.266146,-40.797897],[145.267274,-40.796192],[145.271214,-40.801056],[145.270863,-40.796411],[145.271918,-40.796676],[145.273288,-40.789433],[145.288932,-40.766296],[145.293791,-40.763785],[145.296459,-40.764332],[145.296938,-40.767231],[145.301217,-40.768659],[145.303043,-40.767716],[145.301679,-40.768743],[145.305454,-40.767368],[145.305803,-40.769152],[145.308678,-40.764159],[145.305639,-40.76066],[145.297495,-40.758583],[145.294784,-40.754814],[145.293988,-40.750809],[145.296501,-40.749874],[145.29945,-40.743687],[145.296719,-40.742606],[145.295978,-40.738647],[145.292103,-40.737584],[145.2915,-40.73584],[145.28151,-40.738532],[145.275919,-40.735549],[145.269007,-40.72797],[145.268758,-40.721007],[145.264914,-40.719309],[145.260455,-40.712335],[145.252625,-40.715524],[145.253728,-40.717964],[145.251259,-40.722266],[145.253547,-40.725821],[145.250881,-40.729962],[145.257525,-40.732483],[145.261059,-40.74093],[145.260926,-40.745476],[145.268476,-40.746948],[145.269447,-40.758232],[145.263932,-40.77585],[145.264316,-40.78455],[145.266383,-40.786135],[145.266875,-40.78936],[145.259208,-40.799739],[145.258995,-40.805747],[145.254171,-40.806549],[145.241392,-40.813687],[145.225091,-40.812897],[145.220554,-40.810862],[145.21871,-40.811567],[145.218515,-40.809963],[145.216112,-40.8109],[145.241833,-40.801631],[145.252837,-40.791217],[145.259983,-40.79114],[145.256925,-40.789837],[145.248009,-40.790627],[145.217152,-40.801081],[145.187804,-40.804068],[145.152265,-40.802882],[145.139228,-40.800754],[145.119674,-40.794941],[145.110437,-40.794275],[145.10947,-40.796152],[145.112789,-40.801385],[145.119084,-40.799669],[145.133845,-40.80284],[145.138482,-40.804983],[145.140964,-40.811121],[145.142357,-40.808854],[145.145426,-40.808336],[145.152439,-40.809965],[145.160677,-40.81495],[145.161878,-40.818692],[145.163236,-40.817713],[145.165595,-40.820767],[145.165557,-40.819291],[145.167163,-40.818986],[145.164034,-40.821414],[145.164506,-40.822872],[145.161877,-40.823052],[145.163921,-40.825378],[145.16469,-40.824587],[145.164152,-40.82558],[145.160844,-40.823593],[145.161085,-40.82192],[145.156632,-40.819855],[145.155505,-40.822344],[145.154831,-40.819258],[145.153428,-40.820001],[145.148502,-40.817871],[145.139637,-40.820544],[145.131612,-40.819281],[145.133186,-40.825349],[145.127698,-40.831559],[145.125505,-40.831991],[145.126082,-40.833212],[145.12345,-40.834832],[145.122315,-40.838646],[145.1197,-40.841029],[145.113293,-40.840738],[145.109438,-40.843285],[145.098271,-40.84331],[145.096251,-40.845064],[145.095613,-40.843471],[145.092938,-40.845177],[145.090755,-40.843592],[145.088154,-40.845512],[145.09138,-40.847688],[145.087894,-40.845599],[145.090442,-40.843504],[145.092641,-40.843464],[145.093056,-40.844911],[145.095685,-40.843281],[145.096536,-40.844859],[145.097998,-40.842869],[145.103775,-40.843021],[145.105664,-40.841413],[145.109068,-40.84291],[145.110222,-40.840675],[145.11374,-40.839731],[145.117863,-40.84101],[145.121677,-40.838597],[145.118611,-40.828976],[145.111525,-40.831648],[145.113577,-40.828206],[145.110743,-40.827371],[145.110327,-40.828662],[145.110508,-40.827324],[145.113792,-40.824504],[145.112995,-40.822489],[145.110833,-40.822319],[145.114784,-40.821912],[145.108548,-40.814409],[145.103706,-40.810984],[145.096741,-40.814451],[145.096691,-40.818191],[145.101634,-40.820869],[145.099856,-40.826677],[145.093659,-40.821585],[145.091502,-40.825141],[145.08854,-40.823307],[145.085706,-40.824392],[145.089819,-40.82062],[145.090844,-40.815704],[145.087739,-40.815575],[145.090364,-40.813028],[145.08533,-40.812506],[145.077279,-40.808339],[145.075521,-40.808591],[145.074685,-40.811553],[145.076018,-40.813359],[145.074687,-40.815428],[145.065291,-40.819222],[145.071212,-40.81563],[145.070142,-40.809442],[145.068002,-40.806253],[145.06365,-40.807542],[145.064891,-40.803342],[145.062346,-40.802154],[145.062505,-40.799592],[145.058531,-40.792885],[145.050433,-40.789783],[145.052847,-40.788414],[145.052659,-40.786859],[145.038848,-40.780585],[145.036391,-40.782787],[145.036097,-40.787348],[145.030416,-40.785444],[145.026684,-40.790293],[145.027596,-40.791355],[145.024649,-40.79142],[145.022628,-40.78821],[145.018765,-40.789453],[145.017549,-40.787862],[145.02201,-40.784188],[145.023567,-40.778006],[145.018302,-40.780087],[145.015641,-40.779275],[145.020861,-40.775562],[145.024192,-40.770565],[145.016853,-40.772358],[145.014482,-40.776116],[145.007594,-40.77845],[145.007967,-40.773071],[145.01625,-40.766557],[145.010185,-40.766706],[145.008038,-40.770878],[145.007087,-40.768502],[145.005001,-40.768135],[145.005097,-40.771887],[145.000613,-40.775076],[145.000975,-40.76919],[144.996817,-40.76613],[145.000181,-40.765043],[145.001757,-40.762178],[144.996912,-40.760326],[144.995267,-40.755342],[144.991224,-40.751226],[144.986126,-40.749906],[144.984119,-40.751052],[144.985706,-40.748863],[144.983536,-40.745322],[144.981063,-40.745326],[144.979252,-40.743325],[144.975718,-40.744151],[144.973974,-40.74668],[144.972002,-40.746386],[144.970289,-40.750234],[144.967389,-40.751828],[144.951767,-40.75493],[144.947053,-40.754042],[144.946528,-40.756811],[144.937356,-40.755422],[144.930957,-40.758943],[144.927976,-40.758702],[144.927979,-40.76067],[144.922965,-40.765366],[144.924638,-40.7689],[144.929953,-40.767927],[144.931402,-40.770943],[144.929127,-40.775406],[144.930933,-40.770781],[144.929393,-40.767886],[144.924134,-40.769227],[144.921473,-40.76398],[144.920094,-40.764442],[144.920372,-40.760496],[144.915809,-40.761884],[144.918847,-40.759067],[144.918226,-40.755475],[144.907813,-40.750778],[144.881328,-40.749552],[144.870824,-40.747178],[144.868322,-40.744628],[144.861479,-40.744524],[144.857264,-40.740423],[144.848908,-40.738753],[144.840246,-40.743466],[144.843512,-40.750075],[144.842257,-40.753323],[144.842961,-40.750173],[144.840479,-40.746567],[144.838562,-40.745123],[144.836218,-40.746467],[144.841839,-40.735321],[144.838893,-40.721387],[144.83655,-40.718691],[144.832955,-40.717575],[144.821466,-40.719689],[144.812322,-40.723971],[144.811353,-40.726722],[144.809881,-40.726249],[144.810603,-40.727297],[144.807402,-40.724051],[144.808581,-40.718946],[144.804678,-40.713674],[144.785523,-40.708465],[144.781124,-40.709667],[144.778442,-40.713323],[144.779804,-40.729168],[144.774815,-40.737132],[144.768495,-40.739459],[144.765885,-40.743558],[144.765442,-40.738446],[144.768697,-40.738316],[144.768421,-40.733002],[144.770503,-40.728992],[144.766205,-40.719642],[144.771725,-40.7092],[144.77176,-40.705909],[144.767852,-40.69969],[144.764372,-40.697887],[144.758102,-40.699494],[144.752832,-40.696195],[144.745383,-40.694215],[144.744943,-40.696211],[144.748163,-40.697999],[144.743496,-40.697512],[144.736354,-40.690108],[144.734681,-40.685011],[144.738135,-40.682233],[144.740375,-40.683493],[144.738928,-40.684981],[144.742083,-40.687217],[144.748804,-40.689563],[144.740574,-40.672331],[144.741632,-40.670955],[144.732664,-40.662776],[144.728147,-40.656065],[144.727115,-40.648793],[144.728446,-40.64607],[144.726246,-40.641473],[144.721807,-40.643413],[144.714379,-40.656249],[144.708501,-40.658744],[144.702775,-40.6573],[144.702542,-40.660515],[144.692607,-40.663231],[144.693176,-40.665],[144.690075,-40.667298],[144.69161,-40.669167],[144.686049,-40.672205],[144.684541,-40.675554],[144.686754,-40.6746],[144.687868,-40.675811],[144.68481,-40.678825],[144.688086,-40.680953],[144.686336,-40.682011],[144.69065,-40.684782],[144.695058,-40.684874],[144.697727,-40.689578],[144.695205,-40.692936],[144.6969,-40.693337],[144.696012,-40.695416],[144.688893,-40.69738],[144.690061,-40.699445],[144.688309,-40.700948],[144.690015,-40.701836],[144.689311,-40.704118],[144.683819,-40.704884],[144.687791,-40.710165],[144.679495,-40.71069],[144.680599,-40.712632],[144.678368,-40.716931],[144.682477,-40.719217],[144.682864,-40.722101],[144.681121,-40.723807],[144.686315,-40.726066],[144.685111,-40.727473],[144.686026,-40.731176],[144.684231,-40.735249],[144.685922,-40.73668],[144.684536,-40.741469],[144.686612,-40.747709],[144.692051,-40.752224],[144.691272,-40.755069],[144.700155,-40.750294],[144.704896,-40.751468],[144.70863,-40.754856],[144.710206,-40.761429],[144.709576,-40.771634],[144.706411,-40.777453],[144.697446,-40.783033],[144.701299,-40.787376],[144.703732,-40.78785],[144.702505,-40.790174],[144.704447,-40.791124],[144.703649,-40.792896],[144.705538,-40.792949],[144.706024,-40.795844],[144.702203,-40.797466],[144.70268,-40.800999],[144.701289,-40.800037],[144.699735,-40.801497],[144.702864,-40.80456],[144.698403,-40.805984],[144.698851,-40.808533],[144.697461,-40.807688],[144.697193,-40.809115],[144.697753,-40.811668],[144.700006,-40.811438],[144.702888,-40.813936],[144.703361,-40.819413],[144.701236,-40.820596],[144.700947,-40.825039],[144.707099,-40.829947],[144.706624,-40.831488],[144.710027,-40.831959],[144.713025,-40.835508],[144.712436,-40.855989],[144.707206,-40.861566],[144.700974,-40.860408],[144.69877,-40.862312],[144.706447,-40.867077],[144.704311,-40.876317],[144.69861,-40.888424],[144.683771,-40.907239],[144.676985,-40.909771],[144.669734,-40.90657],[144.658259,-40.904208],[144.657773,-40.902605],[144.655579,-40.902704],[144.651916,-40.899782],[144.649204,-40.900135],[144.651196,-40.901621],[144.651521,-40.904582],[144.656483,-40.907373],[144.655809,-40.913856],[144.651656,-40.914519],[144.650633,-40.917207],[144.649087,-40.91647],[144.648861,-40.920064],[144.642291,-40.920266],[144.639776,-40.918488],[144.637532,-40.920904],[144.633054,-40.920439],[144.631977,-40.923827],[144.628324,-40.92505],[144.629965,-40.926609],[144.626752,-40.928783],[144.629892,-40.929597],[144.629494,-40.931143],[144.625963,-40.933308],[144.620835,-40.933144],[144.620667,-40.934979],[144.618364,-40.933238],[144.614783,-40.935904],[144.611753,-40.935704],[144.613904,-40.936016],[144.612168,-40.938015],[144.615189,-40.938583],[144.612648,-40.93959],[144.613882,-40.941115],[144.612273,-40.942324],[144.613794,-40.943697],[144.612255,-40.944639],[144.622355,-40.944863],[144.623979,-40.94739],[144.621939,-40.950276],[144.627124,-40.950513],[144.626335,-40.952225],[144.628066,-40.952264],[144.62961,-40.954992],[144.6309,-40.952465],[144.630089,-40.956737],[144.632617,-40.958856],[144.634365,-40.967432],[144.628952,-40.9803],[144.633081,-40.984243],[144.631792,-40.989693],[144.632846,-40.993829],[144.630568,-41.000583],[144.626241,-41.002141],[144.625831,-41.004973],[144.620398,-41.0063],[144.616629,-41.009129],[144.60906,-41.006378],[144.607346,-41.008769],[144.612475,-41.012351],[144.614773,-41.012107],[144.61535,-41.013541],[144.613355,-41.014921],[144.616899,-41.016418],[144.616142,-41.017755],[144.618494,-41.022051],[144.624081,-41.024017],[144.629032,-41.028555],[144.629245,-41.030688],[144.633279,-41.034209],[144.631801,-41.03846],[144.639777,-41.041873],[144.638914,-41.045332],[144.652289,-41.046839],[144.655725,-41.051176],[144.659825,-41.053269],[144.670625,-41.047905],[144.677468,-41.050207],[144.68002,-41.049572],[144.681623,-41.044635],[144.678715,-41.040156],[144.682471,-41.037422],[144.686243,-41.03841],[144.695622,-41.047822],[144.700903,-41.045952],[144.705629,-41.04929],[144.711383,-41.04848],[144.715409,-41.050396],[144.720556,-41.048404],[144.723908,-41.054029],[144.727653,-41.054409],[144.73018,-41.05199],[144.737717,-41.054982],[144.745694,-41.055603],[144.753188,-41.06119],[144.760919,-41.063689],[144.764803,-41.068597],[144.77006,-41.068529],[144.770295,-41.070366],[144.766787,-41.072262],[144.772345,-41.074522],[144.774179,-41.069635],[144.779455,-41.070815],[144.782368,-41.065512],[144.789452,-41.069149],[144.791178,-41.068677],[144.790066,-41.061652],[144.794912,-41.058788],[144.792651,-41.05523],[144.793873,-41.053966],[144.797754,-41.055572],[144.800625,-41.061856],[144.801106,-41.064007],[144.798231,-41.066153],[144.79634,-41.072076],[144.795467,-41.080053],[144.791171,-41.086268],[144.793029,-41.088421],[144.795776,-41.087456],[144.799128,-41.089516],[144.794873,-41.087761],[144.792869,-41.08901],[144.790734,-41.086819],[144.792205,-41.082153],[144.794859,-41.080177],[144.797547,-41.066702],[144.800774,-41.063761],[144.798139,-41.056815],[144.795412,-41.054286],[144.793203,-41.055394],[144.795081,-41.059187],[144.79057,-41.06142],[144.791591,-41.068852],[144.789519,-41.06956],[144.782364,-41.065794],[144.779826,-41.07129],[144.774525,-41.070321],[144.773439,-41.074419],[144.771177,-41.075756],[144.771396,-41.078032],[144.776251,-41.080428],[144.778988,-41.078202],[144.781266,-41.07984],[144.775216,-41.08428],[144.780427,-41.081019],[144.780146,-41.078548],[144.776662,-41.08074],[144.771729,-41.078841],[144.771293,-41.074404],[144.765966,-41.072827],[144.769534,-41.068657],[144.764823,-41.069161],[144.759903,-41.063851],[144.753247,-41.061816],[144.746161,-41.056396],[144.737422,-41.055531],[144.729843,-41.052622],[144.72834,-41.055],[144.724552,-41.05486],[144.719247,-41.049204],[144.714953,-41.050966],[144.711134,-41.049137],[144.706254,-41.050133],[144.700901,-41.046883],[144.695274,-41.048473],[144.683966,-41.038472],[144.681148,-41.038494],[144.679969,-41.040653],[144.682773,-41.04512],[144.681226,-41.050194],[144.676843,-41.051343],[144.670911,-41.04914],[144.663114,-41.054137],[144.661487,-41.057134],[144.659341,-41.057355],[144.671983,-41.078434],[144.674267,-41.080745],[144.678079,-41.079765],[144.673053,-41.080349],[144.677448,-41.097713],[144.676438,-41.101952],[144.677778,-41.103438],[144.675266,-41.106556],[144.673188,-41.117205],[144.676546,-41.116998],[144.670149,-41.11719],[144.670026,-41.118818],[144.664583,-41.120547],[144.667895,-41.121912],[144.667069,-41.122828],[144.668339,-41.123365],[144.666742,-41.124374],[144.67152,-41.128307],[144.671566,-41.132105],[144.669722,-41.133169],[144.671384,-41.138688],[144.680486,-41.139294],[144.683143,-41.132442],[144.682226,-41.138078],[144.678602,-41.140693],[144.679883,-41.144019],[144.678885,-41.147622],[144.681807,-41.1446],[144.682062,-41.145705],[144.679568,-41.147076],[144.677913,-41.155664],[144.674957,-41.156434],[144.67613,-41.158495],[144.672615,-41.15933],[144.673898,-41.160309],[144.673143,-41.162204],[144.677957,-41.167479],[144.676008,-41.16997],[144.681972,-41.173776],[144.680338,-41.17943],[144.682137,-41.182811],[144.686391,-41.183069],[144.692807,-41.188977],[144.69032,-41.188497],[144.690067,-41.193454],[144.690955,-41.197314],[144.694857,-41.199981],[144.694649,-41.205876],[144.690005,-41.210852],[144.690922,-41.217889],[144.686755,-41.219957],[144.685905,-41.223218],[144.685958,-41.229638],[144.689261,-41.229733],[144.690713,-41.231638],[144.683541,-41.234709],[144.687784,-41.23923],[144.685963,-41.240677],[144.686746,-41.243214],[144.689126,-41.245337],[144.692416,-41.245008],[144.694127,-41.248413],[144.696999,-41.249652],[144.697107,-41.252871],[144.698675,-41.254104],[144.70593,-41.254741],[144.704784,-41.255858],[144.70687,-41.256567],[144.709203,-41.261293],[144.710267,-41.272422],[144.713556,-41.273803],[144.715037,-41.277991],[144.716065,-41.277646],[144.711774,-41.280079],[144.711368,-41.282105],[144.714059,-41.282645],[144.715151,-41.285706],[144.717125,-41.284441],[144.721189,-41.286881],[144.722636,-41.285126],[144.722615,-41.286646],[144.719203,-41.288301],[144.720445,-41.294918],[144.717341,-41.295698],[144.71908,-41.297233],[144.719755,-41.301471],[144.725241,-41.301553],[144.725502,-41.304644],[144.733873,-41.306399],[144.734298,-41.308548],[144.74201,-41.311673],[144.739153,-41.31258],[144.737476,-41.316697],[144.734208,-41.318269],[144.739919,-41.322041],[144.738078,-41.325565],[144.742413,-41.327283],[144.74188,-41.329697],[144.754371,-41.335664],[144.758967,-41.340491],[144.760013,-41.339698],[144.765773,-41.342408],[144.768035,-41.340733],[144.77056,-41.341506],[144.768119,-41.340871],[144.765818,-41.342626],[144.759492,-41.341181],[144.769222,-41.348726],[144.76849,-41.349873],[144.765364,-41.347118],[144.773692,-41.359134],[144.777826,-41.36975],[144.780693,-41.367232],[144.782981,-41.36741],[144.779735,-41.368753],[144.779836,-41.371902],[144.77812,-41.370607],[144.78096,-41.379641],[144.781867,-41.397016],[144.785063,-41.393761],[144.789893,-41.395089],[144.786847,-41.393838],[144.78317,-41.394786],[144.778848,-41.404012],[144.771189,-41.411341],[144.760266,-41.413944],[144.757571,-41.412982],[144.756442,-41.409784],[144.753534,-41.414829],[144.751038,-41.414453],[144.752525,-41.416832],[144.747853,-41.418415],[144.749466,-41.420259],[144.745328,-41.420372],[144.75219,-41.425013],[144.758607,-41.425753],[144.759874,-41.42887],[144.764193,-41.429236],[144.763754,-41.43371],[144.766128,-41.435351],[144.773742,-41.43611],[144.785286,-41.445701],[144.78841,-41.451197],[144.789689,-41.4506],[144.78899,-41.452969],[144.792041,-41.455077],[144.794278,-41.459529],[144.792493,-41.46312],[144.794714,-41.462976],[144.79911,-41.469697],[144.800642,-41.468033],[144.804387,-41.468284],[144.802353,-41.470127],[144.799973,-41.469585],[144.808561,-41.478724],[144.810566,-41.479453],[144.813586,-41.477449],[144.81202,-41.479313],[144.812326,-41.482617],[144.810056,-41.480293],[144.81138,-41.484698],[144.813634,-41.489974],[144.815692,-41.490753],[144.814886,-41.492518],[144.819504,-41.495143],[144.81897,-41.497079],[144.822407,-41.496351],[144.820209,-41.499365],[144.821317,-41.50076],[144.825824,-41.501985],[144.831926,-41.50791],[144.834205,-41.508283],[144.83573,-41.505501],[144.838218,-41.506549],[144.839577,-41.505554],[144.835374,-41.506775],[144.834921,-41.509956],[144.832013,-41.508607],[144.837706,-41.513986],[144.850473,-41.534203],[144.859651,-41.544813],[144.859568,-41.546635],[144.876034,-41.568801],[144.884054,-41.582829],[144.888308,-41.583181],[144.884693,-41.583771],[144.88508,-41.586265],[144.88662,-41.586315],[144.88543,-41.587863],[144.889078,-41.589742],[144.889071,-41.594674],[144.891378,-41.595857],[144.889918,-41.597329],[144.891595,-41.597889],[144.892076,-41.602168],[144.893777,-41.602247],[144.895912,-41.607652],[144.897532,-41.608319],[144.897838,-41.611825],[144.899886,-41.612274],[144.898272,-41.613387],[144.901815,-41.616397],[144.900653,-41.620521],[144.901978,-41.619998],[144.901844,-41.622054],[144.903257,-41.621674],[144.904821,-41.624234],[144.903332,-41.627567],[144.905878,-41.628807],[144.90445,-41.629472],[144.904469,-41.631858],[144.901679,-41.631979],[144.903061,-41.633764],[144.899414,-41.63738],[144.900662,-41.638078],[144.897124,-41.639495],[144.900317,-41.640799],[144.902133,-41.639447],[144.906669,-41.642005],[144.904398,-41.647732],[144.905141,-41.650126],[144.908693,-41.650996],[144.908063,-41.656246],[144.913028,-41.658504],[144.915001,-41.662318],[144.917449,-41.662032],[144.915687,-41.664042],[144.919212,-41.665533],[144.91825,-41.667564],[144.920885,-41.667577],[144.923502,-41.663732],[144.927521,-41.66228],[144.93497,-41.653577],[144.954675,-41.64676],[144.961532,-41.63799],[144.971096,-41.632984],[144.974749,-41.628721],[144.983461,-41.626337],[144.993105,-41.626311],[144.998513,-41.619392],[145.004701,-41.616484],[145.027352,-41.61766],[145.034058,-41.616705],[145.041824,-41.610796],[145.044889,-41.610426],[145.046076,-41.605927],[145.050941,-41.607835],[145.05101,-41.606088],[145.048093,-41.604762],[145.050579,-41.60129],[145.048354,-41.604648],[145.051288,-41.606146],[145.051074,-41.608],[145.047082,-41.606071],[145.044904,-41.610821],[145.041942,-41.611059],[145.034807,-41.616931],[145.05061,-41.62363],[145.052773,-41.629203],[145.056347,-41.626717],[145.06073,-41.626966],[145.067633,-41.636052]]],[[[144.899967,-41.616973],[144.900071,-41.61859],[144.900857,-41.617065],[144.899967,-41.616973]]],[[[144.812487,-41.48951],[144.813735,-41.488836],[144.812608,-41.488628],[144.812487,-41.48951]]],[[[144.762305,-41.432509],[144.76267,-41.433255],[144.763119,-41.431862],[144.762305,-41.432509]]],[[[144.899534,-41.636699],[144.899836,-41.63626],[144.898914,-41.635836],[144.899534,-41.636699]]],[[[144.753009,-41.425586],[144.752686,-41.42474],[144.752414,-41.425231],[144.753009,-41.425586]]],[[[144.898769,-41.636878],[144.898892,-41.636301],[144.898334,-41.636149],[144.898769,-41.636878]]],[[[144.922398,-41.666023],[144.922975,-41.665325],[144.922409,-41.66543],[144.922398,-41.666023]]],[[[144.891577,-41.601003],[144.891846,-41.600537],[144.891374,-41.599892],[144.891577,-41.601003]]],[[[144.788474,-41.452987],[144.788829,-41.452552],[144.788279,-41.45239],[144.788474,-41.452987]]],[[[144.89183,-41.602086],[144.892141,-41.600719],[144.891719,-41.6017],[144.89183,-41.602086]]],[[[144.895928,-41.609439],[144.896642,-41.609039],[144.896363,-41.608863],[144.895928,-41.609439]]],[[[144.818422,-41.496368],[144.819273,-41.495872],[144.81891,-41.495715],[144.818422,-41.496368]]],[[[144.815399,-41.493482],[144.815766,-41.492861],[144.815371,-41.493056],[144.815399,-41.493482]]],[[[144.813976,-41.491702],[144.81447,-41.491687],[144.81416,-41.491375],[144.813976,-41.491702]]],[[[144.816397,-41.493989],[144.816792,-41.493839],[144.816784,-41.493384],[144.816397,-41.493989]]],[[[144.798292,-41.469748],[144.798878,-41.470187],[144.798494,-41.469471],[144.798292,-41.469748]]],[[[144.762034,-41.434413],[144.762328,-41.434081],[144.761853,-41.433784],[144.762034,-41.434413]]],[[[144.755226,-41.40861],[144.756133,-41.408395],[144.755817,-41.4082],[144.755226,-41.40861]]],[[[144.898601,-41.615525],[144.899342,-41.61588],[144.898985,-41.615494],[144.898601,-41.615525]]],[[[144.814081,-41.490991],[144.814633,-41.490813],[144.8146,-41.4905],[144.814081,-41.490991]]],[[[144.788837,-41.452116],[144.789058,-41.451966],[144.788322,-41.451595],[144.788837,-41.452116]]],[[[144.893578,-41.603905],[144.894212,-41.604147],[144.893842,-41.603774],[144.893578,-41.603905]]],[[[144.885427,-41.588532],[144.88577,-41.588573],[144.88545,-41.588093],[144.885427,-41.588532]]],[[[144.763372,-41.434607],[144.763786,-41.434563],[144.763857,-41.434257],[144.763372,-41.434607]]],[[[144.755732,-41.409038],[144.756092,-41.408699],[144.755386,-41.408702],[144.755732,-41.409038]]],[[[144.760862,-41.429908],[144.760713,-41.429603],[144.760378,-41.429658],[144.760862,-41.429908]]],[[[144.811199,-41.488759],[144.811981,-41.488657],[144.811335,-41.488527],[144.811199,-41.488759]]],[[[144.88539,-41.588911],[144.885703,-41.588941],[144.885078,-41.58883],[144.88539,-41.588911]]],[[[144.813471,-41.49268],[144.813801,-41.492177],[144.813443,-41.492357],[144.813471,-41.49268]]],[[[144.81267,-41.487695],[144.812287,-41.487968],[144.812576,-41.488083],[144.81267,-41.487695]]],[[[144.895173,-41.607125],[144.895082,-41.606665],[144.894852,-41.60705],[144.895173,-41.607125]]],[[[144.765329,-41.438689],[144.765187,-41.438433],[144.764748,-41.43852],[144.765329,-41.438689]]],[[[144.82475,-41.502874],[144.82501,-41.5023],[144.824658,-41.502508],[144.82475,-41.502874]]],[[[144.888817,-41.59377],[144.889067,-41.593594],[144.888756,-41.593429],[144.888817,-41.59377]]],[[[144.754352,-41.411389],[144.75443,-41.411169],[144.753957,-41.411161],[144.754352,-41.411389]]],[[[144.812453,-41.488276],[144.811514,-41.488409],[144.812067,-41.488461],[144.812453,-41.488276]]],[[[144.834414,-41.508574],[144.834824,-41.508481],[144.834795,-41.508154],[144.834414,-41.508574]]],[[[144.817628,-41.494837],[144.817831,-41.494912],[144.817949,-41.494562],[144.817628,-41.494837]]],[[[144.819509,-41.497972],[144.820169,-41.497665],[144.819616,-41.497785],[144.819509,-41.497972]]],[[[144.889622,-41.597515],[144.890022,-41.597818],[144.889889,-41.597445],[144.889622,-41.597515]]],[[[144.891176,-41.600973],[144.891426,-41.601112],[144.891452,-41.600761],[144.891176,-41.600973]]],[[[144.889344,-41.593901],[144.889518,-41.593478],[144.889271,-41.593625],[144.889344,-41.593901]]],[[[144.765771,-41.43753],[144.76565,-41.437018],[144.765477,-41.437183],[144.765771,-41.43753]]],[[[144.91611,-41.665235],[144.916272,-41.66555],[144.91671,-41.665339],[144.91611,-41.665235]]],[[[144.883207,-41.581759],[144.883236,-41.581333],[144.883068,-41.58146],[144.883207,-41.581759]]],[[[144.790247,-41.454097],[144.790439,-41.453767],[144.790121,-41.45383],[144.790247,-41.454097]]],[[[144.781975,-41.444731],[144.781927,-41.444362],[144.781628,-41.444354],[144.781975,-41.444731]]],[[[144.745139,-41.420734],[144.745694,-41.420933],[144.745459,-41.420667],[144.745139,-41.420734]]],[[[144.79801,-41.46935],[144.798229,-41.469111],[144.797745,-41.46927],[144.79801,-41.46935]]],[[[144.766195,-41.437114],[144.766012,-41.436944],[144.76608,-41.437485],[144.766195,-41.437114]]],[[[144.894082,-41.605188],[144.893802,-41.604729],[144.893715,-41.604942],[144.894082,-41.605188]]],[[[144.74536,-41.419378],[144.745574,-41.419468],[144.745794,-41.419219],[144.74536,-41.419378]]],[[[144.788643,-41.453865],[144.788802,-41.454003],[144.78883,-41.453382],[144.788643,-41.453865]]],[[[144.759963,-41.429402],[144.760166,-41.429216],[144.759648,-41.429069],[144.759963,-41.429402]]],[[[144.90332,-41.641502],[144.903686,-41.641297],[144.903418,-41.641262],[144.90332,-41.641502]]],[[[144.811684,-41.489112],[144.81192,-41.488827],[144.81155,-41.488917],[144.811684,-41.489112]]],[[[144.898977,-41.617535],[144.899202,-41.617589],[144.899266,-41.61724],[144.898977,-41.617535]]],[[[144.811183,-41.489876],[144.811584,-41.489695],[144.811101,-41.489707],[144.811183,-41.489876]]],[[[144.796919,-41.468683],[144.797221,-41.468372],[144.796919,-41.468398],[144.796919,-41.468683]]],[[[144.803037,-41.475215],[144.803597,-41.475181],[144.803167,-41.475059],[144.803037,-41.475215]]],[[[144.756322,-41.408966],[144.756686,-41.408907],[144.756434,-41.408728],[144.756322,-41.408966]]],[[[144.893302,-41.603273],[144.893436,-41.602892],[144.893173,-41.603014],[144.893302,-41.603273]]],[[[144.912434,-41.659395],[144.91275,-41.659179],[144.912373,-41.659209],[144.912434,-41.659395]]],[[[144.804355,-41.475655],[144.804308,-41.475468],[144.80385,-41.475534],[144.804355,-41.475655]]],[[[144.820718,-41.500685],[144.821005,-41.500747],[144.820765,-41.500311],[144.820718,-41.500685]]],[[[144.815649,-41.492793],[144.815772,-41.492438],[144.815506,-41.492666],[144.815649,-41.492793]]],[[[144.88913,-41.593071],[144.889481,-41.593201],[144.88919,-41.592901],[144.88913,-41.593071]]],[[[144.828884,-41.505954],[144.829142,-41.506021],[144.829182,-41.505786],[144.828884,-41.505954]]],[[[144.899608,-41.616351],[144.899768,-41.616039],[144.899423,-41.616169],[144.899608,-41.616351]]],[[[144.751225,-41.424388],[144.751526,-41.424593],[144.751116,-41.424201],[144.751225,-41.424388]]],[[[144.813603,-41.490336],[144.81326,-41.490628],[144.813472,-41.490653],[144.813603,-41.490336]]],[[[144.817664,-41.496294],[144.81785,-41.4962],[144.817998,-41.495743],[144.817664,-41.496294]]],[[[144.884972,-41.587331],[144.88541,-41.58731],[144.885453,-41.587161],[144.884972,-41.587331]]],[[[144.759591,-41.430438],[144.759641,-41.4301],[144.759436,-41.430265],[144.759591,-41.430438]]],[[[144.82154,-41.501747],[144.821921,-41.501763],[144.822018,-41.501616],[144.82154,-41.501747]]],[[[144.797999,-41.468564],[144.798044,-41.468411],[144.797604,-41.468345],[144.797999,-41.468564]]],[[[144.765635,-41.438943],[144.765957,-41.438825],[144.765707,-41.438733],[144.765635,-41.438943]]],[[[144.750029,-41.424003],[144.750352,-41.424162],[144.749997,-41.423771],[144.750029,-41.424003]]],[[[144.799035,-41.47379],[144.799243,-41.473575],[144.799045,-41.473549],[144.799035,-41.47379]]],[[[144.765363,-41.436862],[144.765472,-41.436707],[144.765201,-41.436581],[144.765363,-41.436862]]],[[[144.917006,-41.66457],[144.916845,-41.664441],[144.916694,-41.664719],[144.917006,-41.66457]]],[[[144.794611,-41.464307],[144.794817,-41.46416],[144.794494,-41.464102],[144.794611,-41.464307]]],[[[144.888859,-41.59488],[144.888912,-41.594584],[144.88867,-41.594624],[144.888859,-41.59488]]],[[[144.754725,-41.425898],[144.754954,-41.426131],[144.754948,-41.425736],[144.754725,-41.425898]]],[[[144.805392,-41.477774],[144.805761,-41.477674],[144.805428,-41.477608],[144.805392,-41.477774]]],[[[144.902374,-41.623518],[144.902721,-41.62367],[144.902553,-41.623433],[144.902374,-41.623518]]],[[[144.904362,-41.648339],[144.904388,-41.6481],[144.904138,-41.648009],[144.904362,-41.648339]]],[[[144.900257,-41.64129],[144.900422,-41.641199],[144.90032,-41.640988],[144.900257,-41.64129]]],[[[144.819887,-41.498135],[144.820451,-41.497844],[144.820275,-41.497845],[144.819887,-41.498135]]],[[[144.818192,-41.495837],[144.818702,-41.495569],[144.818325,-41.495647],[144.818192,-41.495837]]],[[[144.895881,-41.608046],[144.896218,-41.608142],[144.89609,-41.60796],[144.895881,-41.608046]]],[[[144.814203,-41.491173],[144.814601,-41.491098],[144.81449,-41.491007],[144.814203,-41.491173]]],[[[144.792123,-41.461941],[144.79259,-41.461949],[144.792226,-41.461834],[144.792123,-41.461941]]],[[[144.815176,-41.493948],[144.815376,-41.493875],[144.81546,-41.493605],[144.815176,-41.493948]]],[[[144.889224,-41.593503],[144.889292,-41.593355],[144.888949,-41.593177],[144.889224,-41.593503]]],[[[144.782737,-41.445219],[144.782931,-41.445234],[144.783027,-41.445019],[144.782737,-41.445219]]],[[[144.890572,-41.598503],[144.890595,-41.598267],[144.890367,-41.598211],[144.890572,-41.598503]]],[[[144.888501,-41.592092],[144.888808,-41.592174],[144.888646,-41.591981],[144.888501,-41.592092]]],[[[144.762744,-41.434447],[144.762741,-41.43425],[144.762483,-41.434254],[144.762744,-41.434447]]],[[[144.813956,-41.492642],[144.814124,-41.492508],[144.813983,-41.492299],[144.813956,-41.492642]]],[[[144.817824,-41.495127],[144.818133,-41.495055],[144.818185,-41.494896],[144.817824,-41.495127]]],[[[144.803928,-41.475185],[144.804141,-41.475022],[144.803787,-41.475067],[144.803928,-41.475185]]],[[[144.890746,-41.598203],[144.890843,-41.598041],[144.890643,-41.597966],[144.890746,-41.598203]]],[[[144.805056,-41.477745],[144.80517,-41.477513],[144.804952,-41.477584],[144.805056,-41.477745]]],[[[144.764316,-41.437128],[144.764421,-41.436853],[144.764193,-41.436958],[144.764316,-41.437128]]],[[[144.79639,-41.466172],[144.796471,-41.466086],[144.796158,-41.465956],[144.79639,-41.466172]]],[[[144.79745,-41.468863],[144.797663,-41.468656],[144.79738,-41.468719],[144.79745,-41.468863]]],[[[144.76263,-41.431471],[144.762952,-41.431682],[144.762776,-41.431405],[144.76263,-41.431471]]],[[[144.890996,-41.599957],[144.89106,-41.59975],[144.890915,-41.599665],[144.890996,-41.599957]]],[[[144.793009,-41.458802],[144.793078,-41.458634],[144.792806,-41.458622],[144.793009,-41.458802]]],[[[144.810515,-41.484974],[144.810481,-41.484698],[144.810333,-41.484681],[144.810515,-41.484974]]],[[[144.819198,-41.497896],[144.819492,-41.497674],[144.819284,-41.497686],[144.819198,-41.497896]]],[[[144.803493,-41.475972],[144.804058,-41.476052],[144.803534,-41.475905],[144.803493,-41.475972]]],[[[144.745163,-41.421984],[144.745142,-41.421742],[144.744959,-41.421705],[144.745163,-41.421984]]],[[[144.890462,-41.597002],[144.890651,-41.596993],[144.890614,-41.596774],[144.890462,-41.597002]]],[[[144.912188,-41.660198],[144.912308,-41.660043],[144.912206,-41.659878],[144.912188,-41.660198]]],[[[144.892857,-41.603404],[144.893072,-41.603421],[144.893133,-41.603275],[144.892857,-41.603404]]],[[[144.794469,-41.464697],[144.79423,-41.464468],[144.794217,-41.464597],[144.794469,-41.464697]]],[[[144.8909,-41.596847],[144.890945,-41.596729],[144.890693,-41.596629],[144.8909,-41.596847]]],[[[144.803237,-41.473889],[144.803656,-41.473866],[144.803286,-41.473765],[144.803237,-41.473889]]],[[[144.756103,-41.426085],[144.756451,-41.426233],[144.756244,-41.426026],[144.756103,-41.426085]]],[[[144.798976,-41.472714],[144.799088,-41.472542],[144.798913,-41.472448],[144.798976,-41.472714]]],[[[144.7981,-41.47352],[144.798057,-41.473341],[144.797844,-41.473408],[144.7981,-41.47352]]],[[[144.758901,-41.429161],[144.758863,-41.42897],[144.75867,-41.428878],[144.758901,-41.429161]]],[[[144.792151,-41.464779],[144.79206,-41.464607],[144.791822,-41.464627],[144.792151,-41.464779]]],[[[144.762685,-41.433685],[144.762904,-41.433575],[144.762715,-41.433517],[144.762685,-41.433685]]],[[[144.761855,-41.432592],[144.761775,-41.432341],[144.761696,-41.432513],[144.761855,-41.432592]]],[[[144.883521,-41.583525],[144.883671,-41.583456],[144.883644,-41.583237],[144.883521,-41.583525]]],[[[144.89436,-41.60549],[144.894246,-41.605226],[144.894186,-41.605343],[144.89436,-41.60549]]],[[[144.885326,-41.587675],[144.885378,-41.587463],[144.885172,-41.587569],[144.885326,-41.587675]]],[[[144.904634,-41.649057],[144.904554,-41.648827],[144.90449,-41.648986],[144.904634,-41.649057]]],[[[144.751842,-41.425038],[144.752084,-41.425163],[144.751969,-41.42494],[144.751842,-41.425038]]],[[[144.812139,-41.486604],[144.812265,-41.48646],[144.812138,-41.486259],[144.812139,-41.486604]]],[[[144.820258,-41.500389],[144.820459,-41.500215],[144.820191,-41.500262],[144.820258,-41.500389]]],[[[144.889299,-41.595718],[144.889198,-41.595562],[144.889015,-41.595596],[144.889299,-41.595718]]],[[[144.747775,-41.42277],[144.747811,-41.422634],[144.747556,-41.422635],[144.747775,-41.42277]]],[[[144.904722,-41.649725],[144.904687,-41.649548],[144.904497,-41.649476],[144.904722,-41.649725]]],[[[144.916788,-41.664914],[144.917059,-41.664955],[144.916978,-41.664822],[144.916788,-41.664914]]],[[[144.825168,-41.50228],[144.825292,-41.501913],[144.825126,-41.502073],[144.825168,-41.50228]]],[[[144.792631,-41.456991],[144.792768,-41.456895],[144.792545,-41.456815],[144.792631,-41.456991]]],[[[144.764718,-41.437192],[144.764854,-41.437135],[144.764851,-41.436929],[144.764718,-41.437192]]],[[[144.907114,-41.653712],[144.907181,-41.653617],[144.906948,-41.653521],[144.907114,-41.653712]]],[[[144.884937,-41.586459],[144.884985,-41.586346],[144.884748,-41.586249],[144.884937,-41.586459]]],[[[144.891588,-41.601634],[144.891614,-41.601465],[144.891458,-41.601419],[144.891588,-41.601634]]],[[[144.795479,-41.464752],[144.795664,-41.464582],[144.795423,-41.464656],[144.795479,-41.464752]]],[[[144.764235,-41.435963],[144.764249,-41.435762],[144.764086,-41.43565],[144.764235,-41.435963]]],[[[144.888594,-41.59249],[144.888797,-41.592406],[144.88862,-41.592354],[144.888594,-41.59249]]],[[[144.74767,-41.423379],[144.74766,-41.423264],[144.747403,-41.42316],[144.74767,-41.423379]]],[[[144.89933,-41.641098],[144.89925,-41.640865],[144.899192,-41.641007],[144.89933,-41.641098]]],[[[144.764582,-41.436872],[144.764738,-41.436818],[144.764498,-41.436703],[144.764582,-41.436872]]],[[[144.895541,-41.606732],[144.895383,-41.606723],[144.895429,-41.606941],[144.895541,-41.606732]]],[[[144.890931,-41.596226],[144.890994,-41.59609],[144.890835,-41.59606],[144.890931,-41.596226]]],[[[144.81399,-41.490585],[144.814182,-41.490477],[144.814186,-41.490353],[144.81399,-41.490585]]],[[[144.803859,-41.474508],[144.804154,-41.474442],[144.803754,-41.474432],[144.803859,-41.474508]]],[[[144.75377,-41.411381],[144.753765,-41.411274],[144.753492,-41.411237],[144.75377,-41.411381]]],[[[144.904392,-41.64611],[144.904622,-41.646055],[144.90444,-41.645997],[144.904392,-41.64611]]],[[[144.825653,-41.50326],[144.825735,-41.503108],[144.82557,-41.503066],[144.825653,-41.50326]]],[[[144.894761,-41.607874],[144.894975,-41.607834],[144.894992,-41.607695],[144.894761,-41.607874]]],[[[144.765127,-41.439547],[144.765171,-41.4393],[144.765058,-41.439269],[144.765127,-41.439547]]],[[[144.898793,-41.637884],[144.89894,-41.637862],[144.898902,-41.63772],[144.898793,-41.637884]]],[[[144.812986,-41.491266],[144.813157,-41.491004],[144.812976,-41.491127],[144.812986,-41.491266]]],[[[144.824142,-41.502299],[144.824461,-41.502322],[144.824405,-41.502255],[144.824142,-41.502299]]],[[[144.797671,-41.473452],[144.797676,-41.473311],[144.797472,-41.47331],[144.797671,-41.473452]]],[[[144.747374,-41.418141],[144.747355,-41.418011],[144.747157,-41.418039],[144.747374,-41.418141]]],[[[144.89429,-41.604064],[144.894478,-41.604032],[144.894248,-41.603942],[144.89429,-41.604064]]],[[[144.765251,-41.437501],[144.765383,-41.437543],[144.765401,-41.437352],[144.765251,-41.437501]]],[[[144.792613,-41.457996],[144.792543,-41.457841],[144.792465,-41.45798],[144.792613,-41.457996]]],[[[144.889118,-41.595048],[144.889268,-41.594953],[144.889047,-41.594921],[144.889118,-41.595048]]],[[[144.75035,-41.423461],[144.75063,-41.423589],[144.750293,-41.423371],[144.75035,-41.423461]]],[[[144.759301,-41.428928],[144.7594,-41.428811],[144.759282,-41.428735],[144.759301,-41.428928]]],[[[144.81623,-41.493952],[144.816272,-41.493686],[144.816187,-41.493707],[144.81623,-41.493952]]],[[[144.76222,-41.434565],[144.762401,-41.434565],[144.76242,-41.434425],[144.76222,-41.434565]]],[[[144.798899,-41.472936],[144.798984,-41.47283],[144.798782,-41.472772],[144.798899,-41.472936]]],[[[144.820976,-41.497326],[144.821271,-41.4972],[144.821024,-41.497227],[144.820976,-41.497326]]],[[[144.898809,-41.618158],[144.898922,-41.618019],[144.898706,-41.618066],[144.898809,-41.618158]]],[[[144.870031,-41.562244],[144.870163,-41.562267],[144.87019,-41.56211],[144.870031,-41.562244]]],[[[144.758445,-41.426992],[144.758666,-41.426973],[144.758544,-41.426886],[144.758445,-41.426992]]],[[[144.752945,-41.426329],[144.753082,-41.426338],[144.753063,-41.426183],[144.752945,-41.426329]]],[[[144.813845,-41.490072],[144.813682,-41.490068],[144.813654,-41.49018],[144.813845,-41.490072]]],[[[144.751035,-41.425122],[144.751248,-41.425127],[144.751055,-41.425021],[144.751035,-41.425122]]],[[[144.766245,-41.437419],[144.766364,-41.437468],[144.7664,-41.43733],[144.766245,-41.437419]]],[[[144.820681,-41.497685],[144.820851,-41.497504],[144.820647,-41.497627],[144.820681,-41.497685]]],[[[144.90479,-41.650669],[144.905002,-41.650657],[144.904849,-41.65057],[144.90479,-41.650669]]],[[[144.764374,-41.437566],[144.764529,-41.437489],[144.764363,-41.437422],[144.764374,-41.437566]]],[[[144.753918,-41.41095],[144.754305,-41.410937],[144.754203,-41.410892],[144.753918,-41.41095]]],[[[144.747513,-41.418125],[144.747663,-41.418162],[144.747731,-41.418063],[144.747513,-41.418125]]],[[[144.762634,-41.435666],[144.762735,-41.435634],[144.762697,-41.435496],[144.762634,-41.435666]]],[[[144.747181,-41.423567],[144.747005,-41.423407],[144.747054,-41.423547],[144.747181,-41.423567]]],[[[144.803619,-41.474957],[144.803724,-41.474912],[144.803464,-41.474882],[144.803619,-41.474957]]],[[[144.903632,-41.62527],[144.903733,-41.625168],[144.903547,-41.625157],[144.903632,-41.62527]]],[[[144.788319,-41.452126],[144.788402,-41.452107],[144.788109,-41.451997],[144.788319,-41.452126]]],[[[144.760242,-41.432234],[144.760454,-41.432186],[144.760219,-41.43215],[144.760242,-41.432234]]],[[[144.756126,-41.40827],[144.756293,-41.408155],[144.756105,-41.408204],[144.756126,-41.40827]]],[[[144.764211,-41.438331],[144.764157,-41.43821],[144.764023,-41.438238],[144.764211,-41.438331]]],[[[144.79578,-41.465477],[144.795916,-41.465385],[144.795754,-41.465359],[144.79578,-41.465477]]],[[[144.81202,-41.486222],[144.812107,-41.486092],[144.811956,-41.486127],[144.81202,-41.486222]]],[[[144.806368,-41.478233],[144.806583,-41.478136],[144.806304,-41.478202],[144.806368,-41.478233]]],[[[144.793222,-41.460415],[144.793333,-41.46045],[144.79333,-41.460301],[144.793222,-41.460415]]],[[[144.76156,-41.430053],[144.761614,-41.429805],[144.761504,-41.430015],[144.76156,-41.430053]]],[[[144.803639,-41.474576],[144.803637,-41.474519],[144.803354,-41.474493],[144.803639,-41.474576]]],[[[144.762598,-41.436311],[144.762581,-41.436198],[144.762446,-41.436202],[144.762598,-41.436311]]],[[[144.799596,-41.473397],[144.799592,-41.473284],[144.799464,-41.473263],[144.799596,-41.473397]]],[[[144.76257,-41.43592],[144.76267,-41.435832],[144.762508,-41.435819],[144.76257,-41.43592]]],[[[144.76402,-41.43602],[144.763915,-41.435881],[144.763893,-41.435982],[144.76402,-41.43602]]],[[[144.761721,-41.43452],[144.7618,-41.434426],[144.761693,-41.43438],[144.761721,-41.43452]]],[[[144.897865,-41.612183],[144.897838,-41.612064],[144.897732,-41.612031],[144.897865,-41.612183]]],[[[144.82464,-41.502245],[144.824721,-41.502136],[144.824579,-41.502149],[144.82464,-41.502245]]],[[[144.75218,-41.425448],[144.752339,-41.425358],[144.75219,-41.425359],[144.75218,-41.425448]]],[[[144.749616,-41.423772],[144.749444,-41.4239],[144.749535,-41.4239],[144.749616,-41.423772]]],[[[144.826115,-41.503336],[144.826231,-41.503398],[144.826183,-41.503247],[144.826115,-41.503336]]],[[[144.763955,-41.438591],[144.76396,-41.438488],[144.763841,-41.438457],[144.763955,-41.438591]]],[[[144.803531,-41.476933],[144.803649,-41.476887],[144.803379,-41.476888],[144.803531,-41.476933]]],[[[144.824907,-41.502177],[144.824971,-41.502054],[144.824837,-41.502077],[144.824907,-41.502177]]],[[[144.794084,-41.46337],[144.794233,-41.463236],[144.794134,-41.463246],[144.794084,-41.46337]]],[[[144.747308,-41.417732],[144.74736,-41.417636],[144.74722,-41.417624],[144.747308,-41.417732]]],[[[144.763337,-41.4359],[144.763325,-41.435764],[144.763243,-41.43576],[144.763337,-41.4359]]],[[[144.762229,-41.436077],[144.762349,-41.436125],[144.762299,-41.43599],[144.762229,-41.436077]]],[[[144.807993,-41.483899],[144.808065,-41.483792],[144.807915,-41.483828],[144.807993,-41.483899]]],[[[144.815382,-41.491063],[144.815351,-41.490967],[144.81523,-41.490984],[144.815382,-41.491063]]],[[[144.813642,-41.491595],[144.813782,-41.49158],[144.813691,-41.491509],[144.813642,-41.491595]]],[[[144.792703,-41.457281],[144.792756,-41.45714],[144.792654,-41.457201],[144.792703,-41.457281]]],[[[144.752487,-41.425965],[144.752546,-41.425911],[144.752404,-41.42584],[144.752487,-41.425965]]],[[[144.75266,-41.426085],[144.752795,-41.426008],[144.752626,-41.426008],[144.75266,-41.426085]]],[[[144.78919,-41.45339],[144.789138,-41.45323],[144.789112,-41.453343],[144.78919,-41.45339]]],[[[144.747795,-41.423012],[144.747952,-41.423014],[144.747828,-41.422939],[144.747795,-41.423012]]],[[[144.820254,-41.499851],[144.820315,-41.499774],[144.820183,-41.499726],[144.820254,-41.499851]]],[[[144.744938,-41.420718],[144.745023,-41.420702],[144.745036,-41.420575],[144.744938,-41.420718]]],[[[144.765468,-41.43796],[144.765476,-41.437871],[144.76537,-41.437844],[144.765468,-41.43796]]],[[[144.761513,-41.434925],[144.761652,-41.434971],[144.761572,-41.434853],[144.761513,-41.434925]]],[[[144.751359,-41.414405],[144.751353,-41.41432],[144.751245,-41.414265],[144.751359,-41.414405]]],[[[144.810803,-41.489662],[144.81097,-41.489669],[144.810875,-41.489597],[144.810803,-41.489662]]],[[[144.764785,-41.436627],[144.764863,-41.436674],[144.764858,-41.436515],[144.764785,-41.436627]]],[[[144.764619,-41.437763],[144.764649,-41.437692],[144.764514,-41.437646],[144.764619,-41.437763]]],[[[144.764169,-41.437352],[144.76421,-41.437214],[144.764133,-41.437237],[144.764169,-41.437352]]],[[[144.764033,-41.437218],[144.764072,-41.437093],[144.763992,-41.437076],[144.764033,-41.437218]]],[[[144.760958,-41.429165],[144.761129,-41.429127],[144.761034,-41.429092],[144.760958,-41.429165]]],[[[144.803527,-41.474319],[144.803669,-41.474262],[144.803476,-41.474252],[144.803527,-41.474319]]],[[[144.796611,-41.465871],[144.796633,-41.465794],[144.796519,-41.465738],[144.796611,-41.465871]]],[[[144.788608,-41.452251],[144.788599,-41.452175],[144.788452,-41.452179],[144.788608,-41.452251]]],[[[144.753213,-41.426373],[144.753203,-41.426241],[144.75314,-41.426303],[144.753213,-41.426373]]],[[[144.753923,-41.410795],[144.754048,-41.410725],[144.753856,-41.410755],[144.753923,-41.410795]]],[[[144.788162,-41.450288],[144.788194,-41.450219],[144.788096,-41.450145],[144.788162,-41.450288]]],[[[144.808214,-41.483672],[144.808323,-41.483642],[144.808097,-41.483615],[144.808214,-41.483672]]],[[[144.761949,-41.436711],[144.762057,-41.436648],[144.761973,-41.436613],[144.761949,-41.436711]]],[[[144.793428,-41.463909],[144.793536,-41.46381],[144.79344,-41.463798],[144.793428,-41.463909]]],[[[144.753542,-41.411746],[144.753632,-41.4117],[144.75362,-41.411608],[144.753542,-41.411746]]],[[[144.762678,-41.43529],[144.762726,-41.435194],[144.76263,-41.435172],[144.762678,-41.43529]]],[[[144.914396,-41.66219],[144.91457,-41.662154],[144.914414,-41.662117],[144.914396,-41.66219]]],[[[144.821494,-41.501398],[144.821588,-41.501378],[144.821551,-41.501279],[144.821494,-41.501398]]],[[[144.764733,-41.439689],[144.76483,-41.439627],[144.764684,-41.439607],[144.764733,-41.439689]]],[[[144.803702,-41.474269],[144.803882,-41.474252],[144.80376,-41.474205],[144.803702,-41.474269]]],[[[144.747629,-41.423586],[144.747671,-41.423507],[144.747558,-41.423472],[144.747629,-41.423586]]],[[[144.821801,-41.50144],[144.82186,-41.501364],[144.821726,-41.501364],[144.821801,-41.50144]]],[[[144.914497,-41.662093],[144.914601,-41.662071],[144.914414,-41.662025],[144.914497,-41.662093]]],[[[144.79278,-41.457807],[144.792833,-41.457741],[144.79273,-41.457702],[144.79278,-41.457807]]],[[[144.763612,-41.435923],[144.763704,-41.435836],[144.763595,-41.435839],[144.763612,-41.435923]]],[[[144.786654,-40.400747],[144.784177,-40.399711],[144.785358,-40.403902],[144.78305,-40.404285],[144.783449,-40.406743],[144.78176,-40.40642],[144.785234,-40.40938],[144.784582,-40.411668],[144.783076,-40.411634],[144.786428,-40.412935],[144.78266,-40.414652],[144.784393,-40.420528],[144.781317,-40.420398],[144.774459,-40.425887],[144.775262,-40.427042],[144.772415,-40.430523],[144.773495,-40.431697],[144.770758,-40.43319],[144.772224,-40.435493],[144.770353,-40.439139],[144.768081,-40.439864],[144.766508,-40.444081],[144.767074,-40.449361],[144.765815,-40.448526],[144.765132,-40.453425],[144.771131,-40.458714],[144.772554,-40.464621],[144.77146,-40.466357],[144.766822,-40.46774],[144.767087,-40.470168],[144.763865,-40.473603],[144.764855,-40.474942],[144.761051,-40.476437],[144.755963,-40.485629],[144.746548,-40.490104],[144.744169,-40.489752],[144.742098,-40.486612],[144.739946,-40.488738],[144.737141,-40.48655],[144.735052,-40.489044],[144.730757,-40.489181],[144.728157,-40.485231],[144.725866,-40.485785],[144.724783,-40.479123],[144.721376,-40.481396],[144.71148,-40.482215],[144.71064,-40.484586],[144.710879,-40.49249],[144.714004,-40.493054],[144.715961,-40.496671],[144.717031,-40.496297],[144.716737,-40.499152],[144.718283,-40.500478],[144.712957,-40.507083],[144.710106,-40.506205],[144.709548,-40.510018],[144.719911,-40.513805],[144.722225,-40.517033],[144.719902,-40.519888],[144.721734,-40.522484],[144.720315,-40.524461],[144.72411,-40.525961],[144.724225,-40.528835],[144.726139,-40.52985],[144.722897,-40.533391],[144.72791,-40.535271],[144.726622,-40.538677],[144.72819,-40.539041],[144.729049,-40.544966],[144.733172,-40.550049],[144.730852,-40.551508],[144.732092,-40.554008],[144.725525,-40.566178],[144.725811,-40.574587],[144.731676,-40.577481],[144.732268,-40.579751],[144.730794,-40.58161],[144.733899,-40.582195],[144.734506,-40.584414],[144.733096,-40.586124],[144.735354,-40.58833],[144.733566,-40.590311],[144.735495,-40.592869],[144.747068,-40.596843],[144.757541,-40.605971],[144.767563,-40.596942],[144.775968,-40.581218],[144.776279,-40.575653],[144.769616,-40.555386],[144.773495,-40.550017],[144.773947,-40.540393],[144.77129,-40.533464],[144.773217,-40.529685],[144.779207,-40.528836],[144.780002,-40.525625],[144.785626,-40.520295],[144.783959,-40.518664],[144.784036,-40.515649],[144.787347,-40.514655],[144.786174,-40.51324],[144.787031,-40.510673],[144.791048,-40.507269],[144.787541,-40.504676],[144.786724,-40.499093],[144.790507,-40.492838],[144.792497,-40.492523],[144.789381,-40.490308],[144.788425,-40.487482],[144.792568,-40.47904],[144.790255,-40.476621],[144.790968,-40.474709],[144.78819,-40.474564],[144.784994,-40.470197],[144.786116,-40.467162],[144.789815,-40.466903],[144.791029,-40.464445],[144.790543,-40.451478],[144.78868,-40.447856],[144.790309,-40.439424],[144.788479,-40.436269],[144.7882,-40.427412],[144.792732,-40.417545],[144.791743,-40.413625],[144.789368,-40.411626],[144.790385,-40.405159],[144.786654,-40.400747]]],[[[144.923205,-40.584036],[144.924477,-40.588294],[144.923722,-40.598654],[144.919904,-40.60897],[144.91992,-40.612968],[144.92383,-40.616082],[144.931845,-40.618959],[144.934923,-40.628463],[144.937224,-40.629269],[144.941956,-40.624696],[144.949939,-40.621062],[144.942417,-40.611758],[144.936374,-40.600611],[144.937059,-40.598634],[144.93487,-40.595894],[144.938466,-40.589327],[144.936151,-40.588417],[144.933463,-40.583067],[144.932273,-40.583985],[144.930325,-40.582831],[144.928268,-40.577344],[144.922995,-40.581641],[144.923205,-40.584036]]],[[[144.716363,-40.604291],[144.716349,-40.606507],[144.721197,-40.609002],[144.722916,-40.608398],[144.722028,-40.600547],[144.720121,-40.598813],[144.717611,-40.599439],[144.716363,-40.604291]]],[[[144.77367,-40.610296],[144.778366,-40.607319],[144.779499,-40.602662],[144.776727,-40.603133],[144.773756,-40.606132],[144.77367,-40.610296]]],[[[144.925729,-40.56989],[144.926535,-40.571204],[144.930456,-40.570344],[144.929355,-40.5678],[144.925993,-40.568236],[144.925729,-40.56989]]],[[[144.811486,-40.574129],[144.810229,-40.573963],[144.811255,-40.578126],[144.811486,-40.574129]]],[[[144.922258,-40.567243],[144.921352,-40.567645],[144.92298,-40.568377],[144.922258,-40.567243]]],[[[144.781333,-40.598871],[144.781292,-40.599746],[144.781903,-40.598293],[144.781333,-40.598871]]],[[[144.731405,-40.586712],[144.731894,-40.58734],[144.732172,-40.586309],[144.731405,-40.586712]]],[[[144.780008,-40.601168],[144.780532,-40.600026],[144.779907,-40.600694],[144.780008,-40.601168]]],[[[144.732328,-40.586073],[144.732442,-40.586002],[144.732008,-40.585651],[144.732328,-40.586073]]],[[[144.723647,-40.603511],[144.723788,-40.603108],[144.723597,-40.603219],[144.723647,-40.603511]]],[[[144.726602,-40.578824],[144.72708,-40.57891],[144.72648,-40.578731],[144.726602,-40.578824]]],[[[144.725345,-40.574447],[144.725506,-40.574671],[144.725323,-40.574321],[144.725345,-40.574447]]],[[[144.713215,-40.58156],[144.71335,-40.581514],[144.713198,-40.581318],[144.713215,-40.58156]]],[[[144.917921,-40.58314],[144.918195,-40.583003],[144.917893,-40.583017],[144.917921,-40.58314]]],[[[144.739337,-40.596052],[144.739602,-40.596032],[144.739439,-40.595935],[144.739337,-40.596052]]],[[[144.723907,-40.606305],[144.723948,-40.60595],[144.723845,-40.606117],[144.723907,-40.606305]]],[[[144.719469,-40.598822],[144.719317,-40.598887],[144.719468,-40.59904],[144.719469,-40.598822]]],[[[144.929131,-40.567733],[144.928986,-40.567641],[144.928944,-40.567879],[144.929131,-40.567733]]],[[[144.811324,-40.578403],[144.811423,-40.578252],[144.811203,-40.578285],[144.811324,-40.578403]]],[[[144.723695,-40.604769],[144.723799,-40.604615],[144.723748,-40.604453],[144.723695,-40.604769]]],[[[144.72533,-40.574851],[144.72544,-40.574781],[144.725234,-40.574726],[144.72533,-40.574851]]],[[[144.779428,-40.602454],[144.779482,-40.602306],[144.779397,-40.602349],[144.779428,-40.602454]]]]}},{"type":"Feature","properties":{"code":"AU-LGA-61410","name":"Clarence","label":"Clarence","type":"Local government area","parentCode":"AU-TAS"},"geometry":{"type":"MultiPolygon","coordinates":[[[[147.489486,-43.072144],[147.489621,-43.072053],[147.489385,-43.071712],[147.489486,-43.072144]]],[[[147.489418,-43.071271],[147.489551,-43.071108],[147.489342,-43.071019],[147.489418,-43.071271]]],[[[147.485565,-43.068622],[147.485914,-43.067801],[147.484953,-43.067391],[147.485565,-43.068622]]],[[[147.484596,-43.036496],[147.484824,-43.036228],[147.484592,-43.036393],[147.484596,-43.036496]]],[[[147.490388,-43.057304],[147.485799,-43.050011],[147.486911,-43.049331],[147.48595,-43.046012],[147.483836,-43.044148],[147.472137,-43.045809],[147.478408,-43.053338],[147.478581,-43.056597],[147.480845,-43.057209],[147.487885,-43.065356],[147.489058,-43.063028],[147.490646,-43.063507],[147.490722,-43.060742],[147.489042,-43.059616],[147.490388,-43.057304]]],[[[147.417523,-43.057992],[147.416406,-43.059047],[147.417647,-43.058955],[147.417523,-43.057992]]],[[[147.392008,-42.97674],[147.392206,-42.976951],[147.3919,-42.976445],[147.392008,-42.97674]]],[[[147.484382,-43.036366],[147.484273,-43.036309],[147.484302,-43.036494],[147.484382,-43.036366]]],[[[147.484326,-43.036937],[147.484404,-43.036947],[147.484342,-43.036824],[147.484326,-43.036937]]],[[[147.482159,-43.031072],[147.48247,-43.030947],[147.48265,-43.03057],[147.482159,-43.031072]]],[[[147.482558,-43.031059],[147.482793,-43.03079],[147.482582,-43.030933],[147.482558,-43.031059]]],[[[147.482721,-43.031209],[147.482814,-43.031099],[147.482624,-43.031153],[147.482721,-43.031209]]],[[[147.402816,-42.968824],[147.403133,-42.968562],[147.402852,-42.968662],[147.402816,-42.968824]]],[[[147.458086,-42.768057],[147.458254,-42.767785],[147.4578,-42.767688],[147.458086,-42.768057]]],[[[147.459177,-42.769374],[147.459013,-42.769277],[147.458963,-42.76949],[147.459177,-42.769374]]],[[[147.53191,-42.815184],[147.530985,-42.814147],[147.53109,-42.815436],[147.53191,-42.815184]]],[[[147.490958,-42.817952],[147.4911,-42.81839],[147.490844,-42.817082],[147.490958,-42.817952]]],[[[147.490198,-42.818618],[147.489974,-42.818267],[147.489939,-42.818385],[147.490198,-42.818618]]],[[[147.458473,-42.772289],[147.462815,-42.774271],[147.462199,-42.772579],[147.464803,-42.771484],[147.456821,-42.76892],[147.452401,-42.770003],[147.458473,-42.772289]]],[[[147.45204,-42.780813],[147.452593,-42.780832],[147.452717,-42.780674],[147.45204,-42.780813]]],[[[147.457611,-42.777649],[147.457273,-42.777761],[147.457886,-42.777761],[147.457611,-42.777649]]],[[[147.488822,-42.820078],[147.489183,-42.818666],[147.486538,-42.818989],[147.487254,-42.820484],[147.488822,-42.820078]]],[[[147.468552,-42.771867],[147.489178,-42.770011],[147.484404,-42.763594],[147.483271,-42.757056],[147.478817,-42.751696],[147.47509,-42.733907],[147.469043,-42.734302],[147.469767,-42.732563],[147.466519,-42.731551],[147.470126,-42.730334],[147.473422,-42.716592],[147.477627,-42.717144],[147.479906,-42.706144],[147.487545,-42.707079],[147.500509,-42.718028],[147.514309,-42.714258],[147.51026,-42.708279],[147.523758,-42.701238],[147.5235,-42.700038],[147.489983,-42.695795],[147.49258,-42.685762],[147.463527,-42.681482],[147.464552,-42.67891],[147.427525,-42.675209],[147.429837,-42.679546],[147.415178,-42.677714],[147.414191,-42.681643],[147.410914,-42.681298],[147.409615,-42.685531],[147.400796,-42.684501],[147.400435,-42.686264],[147.385622,-42.68441],[147.384947,-42.687185],[147.39298,-42.706789],[147.392174,-42.708636],[147.365619,-42.728637],[147.36455,-42.729682],[147.366908,-42.731504],[147.345206,-42.744528],[147.329656,-42.73366],[147.318891,-42.763222],[147.324427,-42.763413],[147.325973,-42.780897],[147.311661,-42.782174],[147.307161,-42.78603],[147.305436,-42.790749],[147.307338,-42.798065],[147.295129,-42.794334],[147.292571,-42.79087],[147.289253,-42.793536],[147.289863,-42.795247],[147.282278,-42.796817],[147.281122,-42.798634],[147.283336,-42.802782],[147.291081,-42.806183],[147.293286,-42.809073],[147.308153,-42.812332],[147.312222,-42.815597],[147.312102,-42.817701],[147.314913,-42.815074],[147.319939,-42.816662],[147.320688,-42.818296],[147.317556,-42.82123],[147.317378,-42.82489],[147.321047,-42.827216],[147.322861,-42.8265],[147.322456,-42.828231],[147.326584,-42.82952],[147.330041,-42.835413],[147.335057,-42.833693],[147.331274,-42.836987],[147.333782,-42.841068],[147.347052,-42.835187],[147.344641,-42.837494],[147.345348,-42.838525],[147.338552,-42.842847],[147.337781,-42.845601],[147.343286,-42.848289],[147.344279,-42.850819],[147.350319,-42.853114],[147.355062,-42.849999],[147.355086,-42.848298],[147.358614,-42.848641],[147.355111,-42.853554],[147.354627,-42.85744],[147.350544,-42.860578],[147.351601,-42.863232],[147.350203,-42.865171],[147.355191,-42.865487],[147.353432,-42.869457],[147.350945,-42.870461],[147.352407,-42.875764],[147.355946,-42.875641],[147.362706,-42.871541],[147.364608,-42.872159],[147.365669,-42.870146],[147.369218,-42.872613],[147.363518,-42.875302],[147.363067,-42.878617],[147.366551,-42.882541],[147.369834,-42.881369],[147.370606,-42.879353],[147.378651,-42.878996],[147.383912,-42.879783],[147.386097,-42.882266],[147.391687,-42.880671],[147.404696,-42.884278],[147.405428,-42.887309],[147.403268,-42.888635],[147.405047,-42.891332],[147.409732,-42.893746],[147.417332,-42.908839],[147.415801,-42.913737],[147.409235,-42.918951],[147.411681,-42.924244],[147.411271,-42.929155],[147.408062,-42.935186],[147.408981,-42.938833],[147.41365,-42.937743],[147.419061,-42.940608],[147.421406,-42.939735],[147.428074,-42.928213],[147.433424,-42.92435],[147.435203,-42.917053],[147.431966,-42.911846],[147.435074,-42.908664],[147.446442,-42.908184],[147.458492,-42.911705],[147.463486,-42.908716],[147.479012,-42.906298],[147.484274,-42.910375],[147.482963,-42.912329],[147.485497,-42.912968],[147.485816,-42.916785],[147.483848,-42.91932],[147.484155,-42.922372],[147.491429,-42.927133],[147.488001,-42.928981],[147.484441,-42.928556],[147.479594,-42.920017],[147.476996,-42.918577],[147.474522,-42.918442],[147.464756,-42.923438],[147.463904,-42.931197],[147.456318,-42.936666],[147.454646,-42.940897],[147.455893,-42.948545],[147.45309,-42.950729],[147.44881,-42.950029],[147.452838,-42.954094],[147.452354,-42.959563],[147.450824,-42.96234],[147.446065,-42.964514],[147.449331,-42.970166],[147.445384,-42.978378],[147.449255,-42.97631],[147.452563,-42.972042],[147.460466,-42.972943],[147.465336,-42.970158],[147.472939,-42.974268],[147.478487,-42.982095],[147.478612,-42.98795],[147.472428,-42.990465],[147.472714,-42.994934],[147.468834,-42.999276],[147.47051,-43.005386],[147.473397,-43.008766],[147.469971,-43.012473],[147.473688,-43.015058],[147.472864,-43.017214],[147.474069,-43.018672],[147.471997,-43.021395],[147.472816,-43.023296],[147.469346,-43.026324],[147.460731,-43.030816],[147.452231,-43.032621],[147.437429,-43.03029],[147.430097,-43.027558],[147.425906,-43.019613],[147.428286,-43.0149],[147.42774,-43.012989],[147.417541,-43.00281],[147.419686,-42.993546],[147.417874,-42.984359],[147.408554,-42.981754],[147.403762,-42.977565],[147.404232,-42.974931],[147.408456,-42.973784],[147.407985,-42.968145],[147.410586,-42.966734],[147.40809,-42.965363],[147.408792,-42.962901],[147.404095,-42.963153],[147.404939,-42.967491],[147.401383,-42.973594],[147.391867,-42.975938],[147.393372,-42.977988],[147.40112,-42.981213],[147.404075,-42.984526],[147.403849,-42.991543],[147.401732,-42.993097],[147.398556,-42.992377],[147.400612,-42.99654],[147.398293,-42.998412],[147.399644,-43.000584],[147.397827,-43.002204],[147.397041,-43.00667],[147.399453,-43.008421],[147.400744,-43.007266],[147.404866,-43.008135],[147.408348,-43.010318],[147.412715,-43.014457],[147.41548,-43.02037],[147.414666,-43.02741],[147.41191,-43.028759],[147.409764,-43.032406],[147.406413,-43.033297],[147.40413,-43.036932],[147.411359,-43.040701],[147.411437,-43.043229],[147.407599,-43.044509],[147.408389,-43.046461],[147.414306,-43.046641],[147.415571,-43.049673],[147.418837,-43.050481],[147.423031,-43.04327],[147.441213,-43.036935],[147.456656,-43.033585],[147.477073,-43.03263],[147.482135,-43.030852],[147.484187,-43.02692],[147.50046,-43.022048],[147.512469,-43.02133],[147.514869,-43.019468],[147.521375,-43.020819],[147.523165,-43.017883],[147.520008,-43.016299],[147.520423,-43.014378],[147.525584,-43.011838],[147.528805,-43.006023],[147.527795,-43.000676],[147.523282,-42.996579],[147.523752,-42.992711],[147.542087,-42.986823],[147.548518,-42.986259],[147.550884,-42.988625],[147.551023,-42.986679],[147.55406,-42.9857],[147.549743,-42.982072],[147.550458,-42.979734],[147.548855,-42.975903],[147.550717,-42.97414],[147.548852,-42.971619],[147.550013,-42.968187],[147.543867,-42.963131],[147.541806,-42.959305],[147.540077,-42.959265],[147.540186,-42.962764],[147.537797,-42.964288],[147.532077,-42.964846],[147.53051,-42.961723],[147.527664,-42.961996],[147.530181,-42.969592],[147.535832,-42.970593],[147.539206,-42.974897],[147.53468,-42.982355],[147.528672,-42.985161],[147.522779,-42.984611],[147.517777,-42.973759],[147.515247,-42.971241],[147.511051,-42.970093],[147.509151,-42.967302],[147.508796,-42.964523],[147.511954,-42.962352],[147.518203,-42.963489],[147.518232,-42.960728],[147.515072,-42.959552],[147.513315,-42.955402],[147.513895,-42.952887],[147.516465,-42.952116],[147.514946,-42.952637],[147.522863,-42.952275],[147.52741,-42.957342],[147.532872,-42.958335],[147.537351,-42.962129],[147.538673,-42.961631],[147.534132,-42.956961],[147.534321,-42.952789],[147.536657,-42.95065],[147.534823,-42.944489],[147.536454,-42.941573],[147.532098,-42.936267],[147.530512,-42.931299],[147.525231,-42.926018],[147.51472,-42.925021],[147.512871,-42.922188],[147.512559,-42.91616],[147.500859,-42.917281],[147.497034,-42.914972],[147.494972,-42.91127],[147.495272,-42.904654],[147.501196,-42.894373],[147.500814,-42.891729],[147.511082,-42.876057],[147.51046,-42.872704],[147.503047,-42.866871],[147.503632,-42.864277],[147.515535,-42.854927],[147.529166,-42.847289],[147.543223,-42.842297],[147.564566,-42.837856],[147.589143,-42.838196],[147.608017,-42.845844],[147.613388,-42.845973],[147.594938,-42.82981],[147.578583,-42.825101],[147.54716,-42.825133],[147.532307,-42.828022],[147.522247,-42.827966],[147.517866,-42.825829],[147.514425,-42.821691],[147.513094,-42.817104],[147.514682,-42.813168],[147.513159,-42.81131],[147.509606,-42.813827],[147.503574,-42.812515],[147.502561,-42.819062],[147.491202,-42.82794],[147.488407,-42.828819],[147.481119,-42.82673],[147.476312,-42.82305],[147.474947,-42.818954],[147.471704,-42.820702],[147.47535,-42.818527],[147.474665,-42.815739],[147.477554,-42.812883],[147.48982,-42.81502],[147.483854,-42.810735],[147.485412,-42.807932],[147.483723,-42.810375],[147.479954,-42.811762],[147.481896,-42.811506],[147.475709,-42.812628],[147.465774,-42.811932],[147.459349,-42.809119],[147.458386,-42.805103],[147.454797,-42.803646],[147.454517,-42.801128],[147.451523,-42.800405],[147.452034,-42.798587],[147.447401,-42.799326],[147.4471,-42.796715],[147.44479,-42.796467],[147.447749,-42.795026],[147.444229,-42.793241],[147.445647,-42.790163],[147.437468,-42.786231],[147.435206,-42.781244],[147.438079,-42.781391],[147.436518,-42.780053],[147.436491,-42.776978],[147.4341,-42.775559],[147.434967,-42.774057],[147.437818,-42.779676],[147.442759,-42.780582],[147.445131,-42.783296],[147.447464,-42.780699],[147.445877,-42.77804],[147.448447,-42.775921],[147.454913,-42.774476],[147.458351,-42.776649],[147.457736,-42.777543],[147.459051,-42.776839],[147.457502,-42.774316],[147.45094,-42.771623],[147.448733,-42.768284],[147.445878,-42.7583],[147.447789,-42.756162],[147.449711,-42.756381],[147.448013,-42.758208],[147.44986,-42.763807],[147.451163,-42.765572],[147.451564,-42.763505],[147.454004,-42.768069],[147.456775,-42.767894],[147.457842,-42.766301],[147.459813,-42.768533],[147.465129,-42.77012],[147.463746,-42.768349],[147.466255,-42.767579],[147.468552,-42.771867]]]]}},{"type":"Feature","properties":{"code":"AU-LGA-61510","name":"Derwent Valley","label":"Derwent Valley","type":"Local government area","parentCode":"AU-TAS"},"geometry":{"type":"MultiPolygon","coordinates":[[[[145.978146,-43.039158],[146.089075,-43.05389],[146.222197,-43.118791],[146.458813,-43.087264],[146.648411,-42.921691],[146.652575,-42.908183],[146.657341,-42.904866],[146.658626,-42.899759],[146.658164,-42.897353],[146.653602,-42.893359],[146.652736,-42.876283],[146.648719,-42.873663],[146.646042,-42.865023],[146.646308,-42.860679],[146.647967,-42.852472],[146.656326,-42.847666],[146.662459,-42.847265],[146.666155,-42.85204],[146.675131,-42.849598],[146.678181,-42.852151],[146.685265,-42.853256],[146.697256,-42.850352],[146.698551,-42.851931],[146.697176,-42.856966],[146.698527,-42.858059],[146.709985,-42.857436],[146.713639,-42.860858],[146.715977,-42.858315],[146.72086,-42.857526],[146.727533,-42.860654],[146.739436,-42.871182],[146.74491,-42.870343],[146.755399,-42.874382],[146.764989,-42.873786],[146.775543,-42.88283],[146.7758,-42.890864],[146.779114,-42.894103],[146.779814,-42.897679],[146.788497,-42.903842],[146.799807,-42.903277],[146.805494,-42.894624],[146.809004,-42.893702],[146.815043,-42.897769],[146.845068,-42.907075],[146.846456,-42.908189],[146.84622,-42.913772],[146.852191,-42.919304],[146.849384,-42.923899],[146.851777,-42.930057],[146.855647,-42.932484],[146.855819,-42.940381],[146.86444,-42.943345],[146.873897,-42.954617],[146.877554,-42.952865],[146.880307,-42.948964],[146.881796,-42.941811],[146.879709,-42.93542],[146.880567,-42.934354],[146.890479,-42.935998],[146.896021,-42.935243],[146.902517,-42.940012],[146.91194,-42.940096],[146.918346,-42.932443],[146.941279,-42.926621],[146.941968,-42.922669],[146.9328,-42.918679],[146.934211,-42.915109],[146.930544,-42.903517],[146.923895,-42.899294],[146.925346,-42.895823],[146.930476,-42.892476],[146.935746,-42.893254],[146.936359,-42.889126],[146.940247,-42.886039],[146.952373,-42.88206],[146.95609,-42.88226],[146.970878,-42.888793],[146.989856,-42.885758],[146.997295,-42.88818],[147.008884,-42.887797],[147.010898,-42.894006],[147.005826,-42.900112],[147.011064,-42.901341],[147.016516,-42.907035],[147.024975,-42.907572],[147.027291,-42.905201],[147.030318,-42.905903],[147.03302,-42.904106],[147.039696,-42.906154],[147.038696,-42.907671],[147.039784,-42.910079],[147.044842,-42.90897],[147.047766,-42.90238],[147.051276,-42.900371],[147.13548,-42.910393],[147.134476,-42.9148],[147.1367,-42.915084],[147.137457,-42.912009],[147.150373,-42.913338],[147.151052,-42.85576],[147.145099,-42.854752],[147.146496,-42.849215],[147.135398,-42.847819],[147.136236,-42.844197],[147.139972,-42.844713],[147.142442,-42.841545],[147.147279,-42.842086],[147.148343,-42.837185],[147.152318,-42.837676],[147.153646,-42.834319],[147.161882,-42.835425],[147.163041,-42.830992],[147.167848,-42.831705],[147.168341,-42.829903],[147.173863,-42.829733],[147.180047,-42.822366],[147.176645,-42.817851],[147.180181,-42.816121],[147.1788,-42.814596],[147.183423,-42.812365],[147.184979,-42.813938],[147.185754,-42.811794],[147.191606,-42.812995],[147.192821,-42.80859],[147.195214,-42.808982],[147.196138,-42.805833],[147.200839,-42.806452],[147.201005,-42.804128],[147.198766,-42.803822],[147.199304,-42.801673],[147.196895,-42.801361],[147.197824,-42.797571],[147.200569,-42.797937],[147.201945,-42.792412],[147.204957,-42.792761],[147.205889,-42.789129],[147.201108,-42.786647],[147.201859,-42.783832],[147.203759,-42.780031],[147.205866,-42.780356],[147.206713,-42.777092],[147.2084,-42.777331],[147.209469,-42.773434],[147.208264,-42.773494],[147.211636,-42.766622],[147.222966,-42.758558],[147.226908,-42.750407],[147.208666,-42.741191],[147.196049,-42.7409],[147.191206,-42.743367],[147.187279,-42.742987],[147.18037,-42.745162],[147.165991,-42.751422],[147.154539,-42.752791],[147.146386,-42.75947],[147.142718,-42.768129],[147.1328,-42.771608],[147.122939,-42.770938],[147.112679,-42.776689],[147.111637,-42.775575],[147.119407,-42.769939],[147.132035,-42.769807],[147.128031,-42.766629],[147.123879,-42.754757],[147.118095,-42.757571],[147.112131,-42.751249],[147.113872,-42.750894],[147.112934,-42.748658],[147.114609,-42.748289],[147.113523,-42.745661],[147.11543,-42.745225],[147.112696,-42.738653],[147.115967,-42.737103],[147.110366,-42.732745],[147.107817,-42.734459],[147.094963,-42.725866],[147.091693,-42.721249],[147.096618,-42.718705],[147.09546,-42.716311],[147.091359,-42.713313],[147.092008,-42.710581],[147.082193,-42.708669],[147.082924,-42.70552],[147.077963,-42.704874],[147.078351,-42.703244],[147.075784,-42.702843],[147.077449,-42.696724],[147.071884,-42.69588],[147.057614,-42.687952],[147.054649,-42.675596],[147.052663,-42.676049],[147.050317,-42.670299],[147.052401,-42.669839],[147.051161,-42.666328],[147.045168,-42.667631],[147.044325,-42.665771],[147.036822,-42.667404],[147.026766,-42.659814],[147.021145,-42.666605],[147.011142,-42.660017],[147.005175,-42.665788],[146.997965,-42.661721],[146.992767,-42.666858],[146.987541,-42.663973],[146.978845,-42.672672],[146.968562,-42.66745],[146.963332,-42.673466],[146.953373,-42.668397],[146.939146,-42.684223],[146.933072,-42.684449],[146.914422,-42.692726],[146.900898,-42.691127],[146.89845,-42.685711],[146.899648,-42.679714],[146.898677,-42.675421],[146.891666,-42.668188],[146.887743,-42.666518],[146.883834,-42.667627],[146.880574,-42.670916],[146.880943,-42.673327],[146.885263,-42.677285],[146.88278,-42.680138],[146.875051,-42.674864],[146.868904,-42.673007],[146.861026,-42.678703],[146.855985,-42.680339],[146.851211,-42.680194],[146.844283,-42.675013],[146.839863,-42.675275],[146.836406,-42.677553],[146.833822,-42.676444],[146.831239,-42.679638],[146.828324,-42.680418],[146.826766,-42.678346],[146.819785,-42.67718],[146.81621,-42.673903],[146.811917,-42.675464],[146.806936,-42.675064],[146.805307,-42.673956],[146.808554,-42.672995],[146.799305,-42.672557],[146.794042,-42.669598],[146.782811,-42.682986],[146.779459,-42.685061],[146.769339,-42.68336],[146.76444,-42.677592],[146.758707,-42.676549],[146.752963,-42.67951],[146.746284,-42.679589],[146.744325,-42.681929],[146.743864,-42.680409],[146.739509,-42.67901],[146.734142,-42.681044],[146.735626,-42.683322],[146.734025,-42.68367],[146.727747,-42.679796],[146.726075,-42.68159],[146.727167,-42.684454],[146.725933,-42.685648],[146.722644,-42.683023],[146.723391,-42.679219],[146.717511,-42.676752],[146.717808,-42.675503],[146.713304,-42.672765],[146.712808,-42.674903],[146.710439,-42.674623],[146.646337,-42.654382],[146.514911,-42.656311],[146.08898,-42.488844],[146.089696,-42.491129],[146.086532,-42.496018],[146.081572,-42.499273],[146.081196,-42.503269],[146.073054,-42.50391],[146.073311,-42.50768],[146.071771,-42.509062],[146.073516,-42.511198],[146.067358,-42.514679],[146.066776,-42.517532],[146.061679,-42.519266],[146.062449,-42.520786],[146.05913,-42.520761],[146.054769,-42.527522],[146.04921,-42.529972],[146.042009,-42.530626],[146.039614,-42.533063],[146.032037,-42.535363],[146.03137,-42.537575],[146.0293,-42.538228],[146.028616,-42.541407],[146.031524,-42.543732],[146.032687,-42.547615],[146.030361,-42.54906],[146.029763,-42.554125],[146.023006,-42.556262],[146.026171,-42.559918],[146.021142,-42.560006],[146.021929,-42.561477],[146.01897,-42.561778],[146.017037,-42.564379],[146.017875,-42.572975],[146.0143,-42.573038],[146.013154,-42.577197],[146.006945,-42.580338],[146.000975,-42.579924],[146.000547,-42.581168],[146.004533,-42.582148],[146.001009,-42.583732],[146.00113,-42.58906],[145.996204,-42.59004],[145.992612,-42.595053],[145.992765,-42.598647],[145.996683,-42.601009],[145.996084,-42.607142],[145.994185,-42.60973],[145.991927,-42.609203],[145.991312,-42.611377],[145.988455,-42.612055],[145.987839,-42.617083],[145.985445,-42.617497],[145.983854,-42.620551],[145.984826,-42.626293],[145.979892,-42.627623],[145.972084,-42.624321],[145.971265,-42.631018],[145.972492,-42.632682],[145.969301,-42.634385],[145.970504,-42.638966],[145.967562,-42.63861],[145.966908,-42.633316],[145.96206,-42.638643],[145.961145,-42.646189],[145.967178,-42.647703],[145.964115,-42.652666],[145.966411,-42.656194],[145.965756,-42.658542],[145.959883,-42.65831],[145.954706,-42.665608],[145.934286,-42.669404],[145.928049,-42.682016],[145.921847,-42.681872],[145.917604,-42.679564],[145.916887,-42.681591],[145.909778,-42.681488],[145.907328,-42.684091],[145.904691,-42.684078],[145.902545,-42.693122],[145.893169,-42.698034],[145.885706,-42.699655],[145.86993,-42.69025],[145.867044,-42.691962],[145.868301,-42.694931],[145.866793,-42.698412],[145.868553,-42.70012],[145.867763,-42.702421],[145.87193,-42.704611],[145.870576,-42.708264],[145.873554,-42.713142],[145.870907,-42.716584],[145.868136,-42.7172],[145.866711,-42.714765],[145.863484,-42.715365],[145.859042,-42.713581],[145.849338,-42.716421],[145.845028,-42.719387],[145.841333,-42.716308],[145.832506,-42.717516],[145.842668,-42.725017],[145.849559,-42.733205],[145.851997,-42.741648],[145.854268,-42.742953],[145.949467,-42.905885],[145.944221,-42.907197],[145.939431,-42.903718],[145.934287,-42.905177],[145.934752,-42.917533],[145.93988,-42.922594],[145.94062,-42.930719],[145.951271,-42.938306],[145.954657,-42.94245],[145.954242,-42.943812],[145.957078,-42.945488],[145.956657,-42.94696],[145.972847,-42.958275],[145.972878,-42.960442],[145.977026,-42.962447],[145.988979,-42.978711],[145.992968,-42.97869],[145.995038,-42.980348],[145.992492,-42.981953],[145.99302,-42.992157],[145.989868,-42.99649],[145.991442,-43.004503],[145.987788,-43.010138],[145.978164,-43.017486],[145.979883,-43.026809],[145.975791,-43.031539],[145.974817,-43.036224],[145.978146,-43.039158]]],[[[147.149979,-42.752704],[147.148334,-42.754197],[147.151733,-42.751751],[147.149979,-42.752704]]]]}},{"type":"Feature","properties":{"code":"AU-LGA-61610","name":"Devonport","label":"Devonport","type":"Local government area","parentCode":"AU-TAS"},"geometry":{"type":"MultiPolygon","coordinates":[[[[146.331067,-41.162308],[146.332781,-41.161896],[146.330923,-41.161391],[146.331067,-41.162308]]],[[[146.313044,-41.155493],[146.312973,-41.155297],[146.312609,-41.155323],[146.313044,-41.155493]]],[[[146.359187,-41.206298],[146.359434,-41.204916],[146.357699,-41.206592],[146.359255,-41.207802],[146.359187,-41.206298]]],[[[146.359756,-41.206955],[146.360348,-41.207955],[146.361492,-41.206097],[146.359756,-41.206955]]],[[[146.361222,-41.208298],[146.362777,-41.207061],[146.36193,-41.206677],[146.361222,-41.208298]]],[[[146.358499,-41.204293],[146.358838,-41.204191],[146.358542,-41.204133],[146.358499,-41.204293]]],[[[146.252547,-41.193426],[146.248831,-41.19795],[146.24295,-41.200978],[146.241388,-41.204879],[146.24684,-41.212608],[146.252374,-41.215971],[146.249738,-41.224524],[146.253101,-41.227743],[146.24398,-41.233187],[146.25129,-41.237927],[146.251859,-41.252293],[146.253621,-41.253884],[146.251302,-41.257638],[146.253591,-41.261838],[146.257824,-41.262376],[146.256036,-41.268589],[146.261381,-41.269248],[146.261792,-41.267386],[146.265155,-41.267793],[146.26569,-41.26558],[146.321125,-41.27185],[146.319561,-41.266503],[146.322203,-41.266182],[146.322757,-41.263986],[146.322103,-41.261363],[146.320772,-41.260359],[146.319705,-41.261703],[146.319474,-41.260537],[146.323381,-41.254928],[146.347826,-41.242996],[146.350991,-41.23773],[146.351305,-41.23467],[146.350121,-41.234367],[146.354235,-41.232226],[146.348593,-41.226152],[146.353874,-41.223472],[146.357255,-41.226192],[146.360291,-41.224],[146.359076,-41.222475],[146.36445,-41.221681],[146.365266,-41.218303],[146.367973,-41.216674],[146.363175,-41.21657],[146.367075,-41.213077],[146.363851,-41.208406],[146.362062,-41.211226],[146.35907,-41.209419],[146.351524,-41.21177],[146.351503,-41.214334],[146.347754,-41.217353],[146.350379,-41.212728],[146.34679,-41.210966],[146.349402,-41.211731],[146.350028,-41.209192],[146.354789,-41.208725],[146.353748,-41.207414],[146.356195,-41.203883],[146.354802,-41.20053],[146.351033,-41.204148],[146.348488,-41.203798],[146.351988,-41.202673],[146.352678,-41.200478],[146.359436,-41.201135],[146.366837,-41.192587],[146.366458,-41.190026],[146.363391,-41.187611],[146.363637,-41.179501],[146.362151,-41.175744],[146.366809,-41.165235],[146.35905,-41.164447],[146.356013,-41.161752],[146.358062,-41.159654],[146.35544,-41.158046],[146.353483,-41.158379],[146.351233,-41.162004],[146.344786,-41.160754],[146.340853,-41.162513],[146.336489,-41.16029],[146.331546,-41.163763],[146.332402,-41.165368],[146.331088,-41.168223],[146.326101,-41.169826],[146.32235,-41.173684],[146.324606,-41.177358],[146.319034,-41.177839],[146.316039,-41.18283],[146.317892,-41.178272],[146.322756,-41.176842],[146.320925,-41.172494],[146.329658,-41.16716],[146.330828,-41.16365],[146.329605,-41.16148],[146.333687,-41.160463],[146.332028,-41.158947],[146.332695,-41.156613],[146.331943,-41.157645],[146.323334,-41.154056],[146.316413,-41.156594],[146.313575,-41.155187],[146.310727,-41.157761],[146.303299,-41.15969],[146.28787,-41.160693],[146.274658,-41.158479],[146.266756,-41.15432],[146.264914,-41.161726],[146.258755,-41.161004],[146.256989,-41.164776],[146.258036,-41.167745],[146.260175,-41.168372],[146.259186,-41.173079],[146.26189,-41.173846],[146.262403,-41.180128],[146.259941,-41.179813],[146.259716,-41.18276],[146.264987,-41.183475],[146.263573,-41.190506],[146.273096,-41.191548],[146.26863,-41.193916],[146.268266,-41.195532],[146.261186,-41.19458],[146.261799,-41.195654],[146.259499,-41.195861],[146.260077,-41.197994],[146.257105,-41.194024],[146.252547,-41.193426]]],[[[146.376261,-41.211253],[146.386943,-41.2128],[146.389,-41.204371],[146.394587,-41.205347],[146.400522,-41.179243],[146.404327,-41.17979],[146.406647,-41.170146],[146.391888,-41.172945],[146.385724,-41.169684],[146.378727,-41.169172],[146.368882,-41.17223],[146.369604,-41.167688],[146.368329,-41.170141],[146.368927,-41.173957],[146.366351,-41.174361],[146.365119,-41.177655],[146.3697,-41.193795],[146.362339,-41.200674],[146.36609,-41.203725],[146.370941,-41.204092],[146.376261,-41.211253]]],[[[146.322845,-41.176919],[146.323765,-41.176206],[146.322915,-41.17556],[146.322845,-41.176919]]]]}},{"type":"Feature","properties":{"code":"AU-LGA-61810","name":"Dorset","label":"Dorset","type":"Local government area","parentCode":"AU-TAS"},"geometry":{"type":"MultiPolygon","coordinates":[[[[148.248464,-40.884562],[148.248236,-40.885125],[148.249043,-40.885455],[148.248464,-40.884562]]],[[[147.636033,-40.788108],[147.631416,-40.792417],[147.631897,-40.794665],[147.627275,-40.796839],[147.626462,-40.803196],[147.624406,-40.803279],[147.623197,-40.806286],[147.615764,-40.809724],[147.617803,-40.811989],[147.617114,-40.813456],[147.619813,-40.814763],[147.626622,-40.812212],[147.630649,-40.807736],[147.634204,-40.807083],[147.644185,-40.788415],[147.643528,-40.781889],[147.641652,-40.779863],[147.636033,-40.788108]]],[[[148.093186,-40.742828],[148.093384,-40.744217],[148.095206,-40.744006],[148.094961,-40.742275],[148.100901,-40.739057],[148.105129,-40.740104],[148.107537,-40.742893],[148.113476,-40.73959],[148.117051,-40.739919],[148.116135,-40.737459],[148.117877,-40.737759],[148.116801,-40.735691],[148.118574,-40.734152],[148.124028,-40.735305],[148.127748,-40.734283],[148.125599,-40.732843],[148.127622,-40.731116],[148.126492,-40.727091],[148.123339,-40.728367],[148.119544,-40.726918],[148.117489,-40.728676],[148.113439,-40.728002],[148.113811,-40.731522],[148.108516,-40.734424],[148.103402,-40.734512],[148.100576,-40.732782],[148.093882,-40.73432],[148.089823,-40.739972],[148.093186,-40.742828]]],[[[147.957899,-40.735743],[147.95853,-40.73615],[147.957884,-40.734116],[147.957899,-40.735743]]],[[[148.082343,-40.722215],[148.080171,-40.722223],[148.079037,-40.725345],[148.082396,-40.726232],[148.083503,-40.72335],[148.082343,-40.722215]]],[[[148.0768,-40.715506],[148.077299,-40.715447],[148.077096,-40.715058],[148.0768,-40.715506]]],[[[148.088084,-40.739955],[148.089103,-40.740135],[148.088344,-40.739838],[148.088084,-40.739955]]],[[[147.972913,-40.730157],[147.973304,-40.73012],[147.97304,-40.72995],[147.972913,-40.730157]]],[[[147.973664,-40.728895],[147.973269,-40.729097],[147.973692,-40.729214],[147.973664,-40.728895]]],[[[147.971862,-40.723326],[147.973974,-40.724736],[147.976051,-40.722375],[147.972111,-40.721313],[147.971862,-40.723326]]],[[[147.96894,-40.723979],[147.972353,-40.724909],[147.970229,-40.723485],[147.96894,-40.723979]]],[[[147.542606,-40.897618],[147.543216,-40.897761],[147.542527,-40.897181],[147.542606,-40.897618]]],[[[148.263164,-40.892188],[148.26277,-40.892472],[148.26355,-40.892513],[148.263164,-40.892188]]],[[[147.935873,-40.760787],[147.934495,-40.760379],[147.935746,-40.761656],[147.935873,-40.760787]]],[[[147.935417,-40.763291],[147.935946,-40.763335],[147.935642,-40.763156],[147.935417,-40.763291]]],[[[147.548713,-40.892121],[147.549737,-40.892358],[147.548915,-40.891454],[147.548713,-40.892121]]],[[[147.573317,-40.894623],[147.574881,-40.893389],[147.573747,-40.893718],[147.573317,-40.894623]]],[[[147.57472,-40.892619],[147.575344,-40.892139],[147.575099,-40.892102],[147.57472,-40.892619]]],[[[147.940505,-40.77004],[147.937717,-40.769521],[147.940901,-40.771033],[147.940505,-40.77004]]],[[[147.935042,-40.769677],[147.936898,-40.769607],[147.935887,-40.769153],[147.935042,-40.769677]]],[[[147.950379,-40.741802],[147.949577,-40.741806],[147.950784,-40.7431],[147.950379,-40.741802]]],[[[147.965744,-40.742681],[147.966857,-40.742338],[147.965828,-40.742187],[147.965744,-40.742681]]],[[[147.951277,-40.743077],[147.952233,-40.743193],[147.951543,-40.742684],[147.951277,-40.743077]]],[[[147.96399,-40.741278],[147.96489,-40.741717],[147.964422,-40.741108],[147.96399,-40.741278]]],[[[147.953349,-40.741213],[147.953462,-40.741549],[147.953924,-40.741249],[147.953349,-40.741213]]],[[[147.758986,-40.85724],[147.76259,-40.855929],[147.76001,-40.855223],[147.758986,-40.85724]]],[[[147.759946,-40.865489],[147.768105,-40.870123],[147.766414,-40.868632],[147.759946,-40.865489]]],[[[147.782484,-40.879399],[147.777372,-40.877796],[147.780956,-40.879269],[147.782484,-40.879399]]],[[[148.233573,-40.877056],[148.234067,-40.877379],[148.233511,-40.876625],[148.233573,-40.877056]]],[[[148.235676,-40.875225],[148.236153,-40.875346],[148.235851,-40.875012],[148.235676,-40.875225]]],[[[147.78981,-40.879451],[147.789366,-40.879774],[147.790068,-40.879591],[147.78981,-40.879451]]],[[[148.231881,-40.877942],[148.232134,-40.877767],[148.231848,-40.877448],[148.231881,-40.877942]]],[[[147.626348,-40.822571],[147.627431,-40.823925],[147.629216,-40.82344],[147.626348,-40.822571]]],[[[148.203421,-40.840349],[148.203659,-40.839882],[148.203191,-40.840037],[148.203421,-40.840349]]],[[[148.178533,-40.819349],[148.178753,-40.819572],[148.179119,-40.819228],[148.178533,-40.819349]]],[[[148.178992,-40.820113],[148.179175,-40.820026],[148.179174,-40.819926],[148.178992,-40.820113]]],[[[147.953325,-40.742649],[147.952032,-40.742448],[147.953702,-40.743621],[147.953325,-40.742649]]],[[[147.960767,-40.745006],[147.961465,-40.744225],[147.960329,-40.743907],[147.960767,-40.745006]]],[[[147.953751,-40.742332],[147.95446,-40.744068],[147.954424,-40.742538],[147.953751,-40.742332]]],[[[147.949478,-40.7532],[147.950166,-40.752965],[147.949588,-40.752834],[147.949478,-40.7532]]],[[[148.029071,-40.749706],[148.029564,-40.749579],[148.029034,-40.749399],[148.029071,-40.749706]]],[[[147.96301,-40.743492],[147.96329,-40.743602],[147.963463,-40.74335],[147.96301,-40.743492]]],[[[147.964305,-40.743528],[147.964234,-40.743763],[147.964651,-40.74395],[147.964305,-40.743528]]],[[[147.203961,-41.008076],[147.205968,-41.008579],[147.209283,-41.013084],[147.215558,-41.014886],[147.221251,-41.022869],[147.230538,-41.026505],[147.231643,-41.031148],[147.233302,-41.032032],[147.233737,-41.033914],[147.232049,-41.034214],[147.230526,-41.037365],[147.23307,-41.046204],[147.235076,-41.048398],[147.234642,-41.062336],[147.235423,-41.064817],[147.242691,-41.069746],[147.245521,-41.079396],[147.244097,-41.085107],[147.248972,-41.091844],[147.243444,-41.110048],[147.268397,-41.112503],[147.266407,-41.123273],[147.267304,-41.139739],[147.263109,-41.15429],[147.267065,-41.154745],[147.2664,-41.157911],[147.26242,-41.157466],[147.258409,-41.17605],[147.26133,-41.175812],[147.262198,-41.191161],[147.271481,-41.191874],[147.276526,-41.195763],[147.280937,-41.196327],[147.280462,-41.198449],[147.297909,-41.1994],[147.295873,-41.208766],[147.289266,-41.207973],[147.284186,-41.227708],[147.280621,-41.227241],[147.285252,-41.239667],[147.289211,-41.243544],[147.288887,-41.256438],[147.292187,-41.263243],[147.289748,-41.277654],[147.341859,-41.25233],[147.345911,-41.252897],[147.346319,-41.251496],[147.354565,-41.250291],[147.357703,-41.252229],[147.387994,-41.254326],[147.393459,-41.271511],[147.490162,-41.2967],[147.49954,-41.297753],[147.590575,-41.380843],[147.833969,-41.372411],[147.889534,-41.164944],[147.934822,-41.168457],[148.005141,-41.15339],[148.0823,-41.132126],[148.079214,-41.128901],[148.082423,-41.124454],[148.079668,-41.124528],[148.069864,-41.119601],[148.069549,-41.117323],[148.065225,-41.112923],[148.064825,-41.106394],[148.0627,-41.105093],[148.068343,-41.095947],[148.06224,-41.087048],[148.071108,-41.073858],[148.069749,-41.07228],[148.071131,-41.072065],[148.071385,-41.067473],[148.077045,-41.065041],[148.082101,-41.060236],[148.08031,-41.057028],[148.08039,-41.05186],[148.077531,-41.051974],[148.073252,-41.04779],[148.073945,-41.04219],[148.068758,-41.03374],[148.071237,-41.033442],[148.071062,-41.031311],[148.073109,-41.030725],[148.074101,-41.02332],[148.076213,-41.021723],[148.074436,-41.014738],[148.077873,-41.0154],[148.081168,-41.013471],[148.078821,-41.010422],[148.079365,-41.006457],[148.081544,-41.005624],[148.080023,-41.00239],[148.080975,-41.000985],[148.078786,-40.998323],[148.07526,-40.997643],[148.074218,-40.995336],[148.080473,-40.988456],[148.08066,-40.983063],[148.078038,-40.981566],[148.077554,-40.979172],[148.078992,-40.976738],[148.078492,-40.97153],[148.082303,-40.968365],[148.0813,-40.963185],[148.085765,-40.960523],[148.084554,-40.955902],[148.08563,-40.953705],[148.082446,-40.952],[148.085866,-40.949048],[148.085577,-40.941643],[148.088945,-40.937796],[148.08742,-40.936088],[148.098648,-40.937604],[148.103666,-40.94072],[148.112018,-40.942211],[148.116764,-40.92354],[148.185522,-40.933753],[148.186353,-40.931114],[148.210922,-40.937244],[148.217591,-40.932596],[148.216301,-40.928024],[148.213679,-40.926133],[148.213447,-40.922322],[148.215366,-40.919598],[148.22126,-40.921091],[148.224886,-40.919799],[148.228864,-40.913629],[148.23689,-40.911293],[148.251472,-40.902783],[148.256966,-40.904554],[148.259006,-40.900362],[148.263839,-40.89857],[148.261917,-40.89244],[148.248286,-40.886866],[148.243588,-40.888206],[148.237234,-40.885962],[148.23265,-40.882344],[148.230914,-40.878149],[148.225639,-40.874943],[148.221958,-40.869553],[148.219808,-40.86232],[148.220212,-40.85374],[148.223802,-40.847341],[148.222763,-40.846027],[148.210743,-40.845041],[148.1976,-40.839418],[148.185093,-40.830825],[148.182364,-40.827187],[148.182652,-40.824923],[148.178447,-40.820935],[148.175851,-40.820849],[148.175984,-40.8241],[148.173549,-40.82603],[148.177394,-40.830126],[148.176991,-40.834987],[148.174507,-40.838371],[148.171731,-40.839142],[148.156626,-40.837024],[148.154266,-40.837996],[148.154857,-40.839461],[148.159348,-40.840667],[148.15805,-40.840484],[148.15462,-40.839501],[148.154097,-40.837838],[148.137498,-40.833691],[148.130603,-40.82889],[148.128641,-40.829248],[148.12734,-40.833125],[148.125665,-40.832643],[148.127044,-40.836017],[148.125025,-40.833019],[148.114028,-40.830519],[148.114658,-40.828148],[148.111848,-40.828168],[148.111619,-40.826688],[148.113498,-40.822863],[148.108121,-40.820583],[148.117244,-40.820573],[148.112012,-40.817526],[148.115357,-40.816813],[148.11528,-40.813948],[148.121536,-40.819059],[148.121394,-40.825787],[148.127106,-40.823053],[148.134057,-40.830369],[148.148171,-40.834699],[148.163513,-40.835795],[148.170101,-40.834723],[148.175321,-40.830131],[148.174972,-40.829101],[148.173316,-40.831465],[148.166253,-40.834406],[148.154323,-40.834881],[148.135601,-40.82749],[148.117307,-40.812757],[148.106696,-40.799416],[148.101308,-40.788182],[148.079278,-40.769046],[148.073745,-40.772066],[148.057854,-40.771612],[148.043088,-40.766654],[148.037499,-40.762118],[148.037032,-40.765888],[148.044098,-40.769189],[148.042783,-40.76927],[148.041746,-40.773008],[148.048772,-40.774512],[148.044102,-40.774587],[148.039136,-40.77294],[148.032766,-40.764972],[148.038011,-40.761314],[148.033286,-40.757571],[148.032964,-40.751665],[148.030665,-40.750228],[148.02623,-40.753215],[148.019031,-40.753555],[148.012165,-40.745788],[148.007696,-40.745351],[148.006664,-40.743726],[148.002417,-40.744856],[147.98795,-40.742882],[147.985807,-40.74158],[147.986576,-40.740009],[147.981018,-40.742301],[147.975133,-40.739224],[147.974709,-40.737588],[147.97412,-40.74057],[147.970487,-40.742979],[147.959873,-40.746358],[147.949916,-40.746407],[147.949424,-40.744285],[147.946976,-40.745239],[147.94625,-40.74292],[147.943751,-40.742877],[147.942267,-40.739803],[147.939603,-40.739133],[147.939091,-40.742315],[147.941245,-40.744722],[147.939066,-40.745756],[147.942625,-40.749389],[147.942757,-40.752705],[147.94782,-40.753341],[147.95023,-40.751093],[147.953934,-40.752431],[147.955033,-40.754485],[147.958802,-40.754965],[147.959786,-40.759062],[147.95589,-40.761334],[147.957558,-40.761634],[147.95885,-40.764757],[147.953,-40.776337],[147.950619,-40.777484],[147.949056,-40.776042],[147.943553,-40.775905],[147.946121,-40.779656],[147.944162,-40.782284],[147.946038,-40.784981],[147.944596,-40.785775],[147.945991,-40.787672],[147.945092,-40.788416],[147.947837,-40.791038],[147.932905,-40.815236],[147.912234,-40.840999],[147.887078,-40.863543],[147.887497,-40.866997],[147.883981,-40.871641],[147.885049,-40.877781],[147.887149,-40.879049],[147.896734,-40.875694],[147.903378,-40.877168],[147.906489,-40.869371],[147.912859,-40.869065],[147.910708,-40.871096],[147.906592,-40.869875],[147.906431,-40.871058],[147.908472,-40.870904],[147.906291,-40.87151],[147.90416,-40.877656],[147.892492,-40.877153],[147.887372,-40.88099],[147.878577,-40.879062],[147.873884,-40.8829],[147.880489,-40.873481],[147.879109,-40.87063],[147.882127,-40.870817],[147.882623,-40.868122],[147.85688,-40.880574],[147.835336,-40.887077],[147.822028,-40.886916],[147.816021,-40.884738],[147.797521,-40.883507],[147.780007,-40.879808],[147.772466,-40.873242],[147.756477,-40.865104],[147.752329,-40.867942],[147.751681,-40.871304],[147.753479,-40.873417],[147.751963,-40.875945],[147.750685,-40.871143],[147.752147,-40.868811],[147.750333,-40.868109],[147.751497,-40.866336],[147.75635,-40.864917],[147.757117,-40.862912],[147.758674,-40.864138],[147.757461,-40.857593],[147.739486,-40.856762],[147.738451,-40.858736],[147.721658,-40.862739],[147.706465,-40.860299],[147.693803,-40.849893],[147.692153,-40.844989],[147.688183,-40.841393],[147.689998,-40.839228],[147.669302,-40.827378],[147.671612,-40.821891],[147.66969,-40.821014],[147.661338,-40.82497],[147.651477,-40.833871],[147.64588,-40.834104],[147.644142,-40.838023],[147.626825,-40.845007],[147.614511,-40.847656],[147.603371,-40.847123],[147.59482,-40.849123],[147.595035,-40.850837],[147.59873,-40.851867],[147.597658,-40.854705],[147.598931,-40.856206],[147.595056,-40.859071],[147.595238,-40.862555],[147.593442,-40.864134],[147.583623,-40.863394],[147.585129,-40.865874],[147.583663,-40.867785],[147.587785,-40.868058],[147.590711,-40.871588],[147.588475,-40.872052],[147.57553,-40.890781],[147.58284,-40.89315],[147.576595,-40.892329],[147.568093,-40.898593],[147.554184,-40.918512],[147.525584,-40.950677],[147.508103,-40.966443],[147.490733,-40.979336],[147.457727,-40.996419],[147.441487,-41.002902],[147.412632,-41.006867],[147.397059,-41.002888],[147.404476,-41.006162],[147.405196,-41.009929],[147.418449,-41.011616],[147.421324,-41.010056],[147.425404,-41.013465],[147.427663,-41.01193],[147.430111,-41.012457],[147.429574,-41.009628],[147.434498,-41.0116],[147.432739,-41.009033],[147.43464,-41.01186],[147.429835,-41.009825],[147.430393,-41.01275],[147.427872,-41.012329],[147.425712,-41.013959],[147.423459,-41.013613],[147.421679,-41.010977],[147.4188,-41.013379],[147.413082,-41.012683],[147.41212,-41.013974],[147.412335,-41.012566],[147.404369,-41.011786],[147.402096,-41.009155],[147.398965,-41.008513],[147.396418,-41.004871],[147.397183,-41.001262],[147.392049,-40.998291],[147.390427,-40.99477],[147.391716,-40.985708],[147.384271,-40.980433],[147.367467,-40.976073],[147.356153,-40.977389],[147.356662,-40.981077],[147.361947,-40.982907],[147.355436,-40.982267],[147.354753,-40.976698],[147.358377,-40.976701],[147.359321,-40.975021],[147.360656,-40.976322],[147.358103,-40.968749],[147.352892,-40.960994],[147.355147,-40.953056],[147.348134,-40.944583],[147.346542,-40.940336],[147.344234,-40.93927],[147.338145,-40.941871],[147.332709,-40.947038],[147.322197,-40.953335],[147.309333,-40.957014],[147.298277,-40.95743],[147.288191,-40.954063],[147.282485,-40.949546],[147.281201,-40.945902],[147.283816,-40.943852],[147.280401,-40.941676],[147.273105,-40.946389],[147.267275,-40.945669],[147.267042,-40.947754],[147.25979,-40.951521],[147.249526,-40.953426],[147.249347,-40.958745],[147.245424,-40.965378],[147.238097,-40.973313],[147.234539,-40.97965],[147.224755,-40.98913],[147.210419,-40.997126],[147.199693,-40.9997],[147.205755,-40.999824],[147.204005,-40.999943],[147.204448,-41.00194],[147.200429,-41.005359],[147.200647,-41.008374],[147.203961,-41.008076]]]]}},{"type":"Feature","properties":{"code":"AU-LGA-62010","name":"Flinders (Tas.)","label":"Flinders (Tas.)","type":"Local government area","parentCode":"AU-TAS"},"geometry":{"type":"MultiPolygon","coordinates":[[[[148.305466,-40.505022],[148.303203,-40.504488],[148.30859,-40.511262],[148.304209,-40.520953],[148.306603,-40.522362],[148.31325,-40.521918],[148.315217,-40.517748],[148.311779,-40.512992],[148.315172,-40.510548],[148.315514,-40.508181],[148.312668,-40.505676],[148.318463,-40.501208],[148.317218,-40.497987],[148.31243,-40.496627],[148.308344,-40.50412],[148.305466,-40.505022]]],[[[148.343505,-40.498301],[148.339997,-40.495108],[148.334739,-40.494494],[148.331181,-40.496366],[148.327879,-40.501521],[148.329104,-40.503227],[148.333283,-40.50305],[148.336683,-40.505072],[148.337575,-40.511996],[148.34044,-40.513336],[148.340396,-40.517034],[148.343,-40.516686],[148.34701,-40.522503],[148.349742,-40.517392],[148.347959,-40.513694],[148.347659,-40.504719],[148.343505,-40.498301]]],[[[147.902647,-40.179215],[147.90137,-40.178559],[147.89856,-40.181923],[147.893909,-40.182004],[147.895937,-40.183475],[147.89038,-40.19051],[147.895298,-40.190148],[147.893724,-40.19107],[147.895085,-40.192735],[147.894059,-40.194248],[147.897964,-40.19192],[147.899125,-40.186504],[147.902548,-40.185018],[147.908303,-40.184964],[147.913674,-40.187832],[147.917169,-40.18648],[147.916764,-40.184312],[147.910566,-40.181136],[147.910156,-40.179463],[147.911627,-40.178767],[147.909957,-40.177753],[147.906287,-40.177331],[147.902647,-40.179215]]],[[[147.973722,-40.194164],[147.977952,-40.194191],[147.979004,-40.190515],[147.986635,-40.185992],[147.982274,-40.180904],[147.98375,-40.177517],[147.977816,-40.178611],[147.975447,-40.17462],[147.972298,-40.175357],[147.972943,-40.177059],[147.97059,-40.177786],[147.974771,-40.180476],[147.977883,-40.186912],[147.973252,-40.191663],[147.973722,-40.194164]]],[[[147.88835,-39.691062],[147.889739,-39.691847],[147.889146,-39.695951],[147.892044,-39.701903],[147.902902,-39.705212],[147.910051,-39.701823],[147.910229,-39.69956],[147.911963,-39.699057],[147.918032,-39.701037],[147.918822,-39.704333],[147.92078,-39.702912],[147.922553,-39.704029],[147.929472,-39.702531],[147.934419,-39.703842],[147.940485,-39.699751],[147.94255,-39.700163],[147.943122,-39.702339],[147.946092,-39.69986],[147.946607,-39.697167],[147.940101,-39.696479],[147.930977,-39.686701],[147.926717,-39.685273],[147.91699,-39.68922],[147.905889,-39.688981],[147.900519,-39.68144],[147.898552,-39.681553],[147.898394,-39.683687],[147.895678,-39.684951],[147.888962,-39.683988],[147.88835,-39.691062]]],[[[147.675138,-39.689079],[147.683166,-39.689281],[147.687466,-39.685572],[147.677399,-39.685714],[147.674158,-39.687783],[147.675138,-39.689079]]],[[[147.993974,-39.671792],[147.996292,-39.672154],[147.995647,-39.67154],[147.993974,-39.671792]]],[[[147.966524,-39.658504],[147.964922,-39.660626],[147.966809,-39.663681],[147.98016,-39.664388],[147.988672,-39.661375],[147.991384,-39.663369],[147.994547,-39.661265],[147.998134,-39.654936],[148.010088,-39.651647],[148.011142,-39.648615],[148.004778,-39.642087],[148.000246,-39.64011],[147.998188,-39.640279],[147.993529,-39.644785],[147.987758,-39.643638],[147.982754,-39.636918],[147.980493,-39.641938],[147.977122,-39.643449],[147.982471,-39.64597],[147.985183,-39.652256],[147.971461,-39.656783],[147.968318,-39.65576],[147.966524,-39.658504]]],[[[148.11753,-40.543731],[148.116651,-40.543416],[148.117467,-40.544478],[148.11753,-40.543731]]],[[[148.495924,-40.435248],[148.498567,-40.436056],[148.49755,-40.432707],[148.495331,-40.433349],[148.495924,-40.435248]]],[[[147.895382,-40.37852],[147.89471,-40.37978],[147.898877,-40.379228],[147.896597,-40.377078],[147.895382,-40.37852]]],[[[147.782929,-40.295003],[147.783759,-40.296084],[147.786222,-40.295685],[147.782929,-40.295003]]],[[[147.913685,-40.254932],[147.914521,-40.253912],[147.913496,-40.254472],[147.913685,-40.254932]]],[[[147.72713,-40.128728],[147.722832,-40.129223],[147.721956,-40.131421],[147.724844,-40.132197],[147.72713,-40.128728]]],[[[147.916315,-40.122998],[147.914298,-40.12314],[147.916147,-40.125306],[147.916315,-40.122998]]],[[[147.777192,-40.026035],[147.775773,-40.023018],[147.771373,-40.023453],[147.764217,-40.028631],[147.765556,-40.03636],[147.763301,-40.041704],[147.761862,-40.041943],[147.762111,-40.044625],[147.760667,-40.044886],[147.760688,-40.04889],[147.758357,-40.052093],[147.756547,-40.052034],[147.756233,-40.0555],[147.754256,-40.056736],[147.756429,-40.058743],[147.747317,-40.066612],[147.748573,-40.069129],[147.746802,-40.070048],[147.74704,-40.071893],[147.74844,-40.073474],[147.747846,-40.075398],[147.749117,-40.075075],[147.747929,-40.076193],[147.751016,-40.076161],[147.747144,-40.080294],[147.741194,-40.081246],[147.743159,-40.082474],[147.741918,-40.083862],[147.738826,-40.083856],[147.725653,-40.091187],[147.724706,-40.093363],[147.726299,-40.103125],[147.735848,-40.10186],[147.738752,-40.098448],[147.74524,-40.096564],[147.748914,-40.09984],[147.752757,-40.095522],[147.756556,-40.094742],[147.758776,-40.090804],[147.758737,-40.087424],[147.762542,-40.082686],[147.757687,-40.075964],[147.759635,-40.068311],[147.765759,-40.063756],[147.765879,-40.059611],[147.776117,-40.049494],[147.77648,-40.047555],[147.782681,-40.043021],[147.787447,-40.042347],[147.783959,-40.040451],[147.781565,-40.035225],[147.779082,-40.034914],[147.776285,-40.031989],[147.777192,-40.026035]]],[[[148.359631,-39.960054],[148.363186,-39.9614],[148.365014,-39.957841],[148.361655,-39.955236],[148.35919,-39.957339],[148.359631,-39.960054]]],[[[147.125582,-39.523748],[147.127447,-39.523682],[147.128676,-39.526253],[147.131176,-39.523138],[147.129344,-39.522323],[147.127903,-39.5185],[147.126645,-39.518646],[147.125582,-39.523748]]],[[[146.638304,-39.475776],[146.642002,-39.481011],[146.647215,-39.478909],[146.648684,-39.477426],[146.648368,-39.47252],[146.653879,-39.469996],[146.657963,-39.463148],[146.652189,-39.462751],[146.645986,-39.465973],[146.643053,-39.469318],[146.643131,-39.471836],[146.63777,-39.473725],[146.638304,-39.475776]]],[[[147.37463,-39.444358],[147.37275,-39.446911],[147.373388,-39.448592],[147.375697,-39.446336],[147.382266,-39.447259],[147.381611,-39.443839],[147.379082,-39.442285],[147.375137,-39.442266],[147.37463,-39.444358]]],[[[146.387928,-39.224757],[146.381418,-39.227247],[146.380974,-39.232895],[146.384148,-39.235633],[146.389678,-39.235355],[146.395241,-39.231094],[146.391096,-39.228153],[146.389665,-39.22483],[146.387928,-39.224757]]],[[[146.996522,-39.212026],[146.999566,-39.211112],[147.003575,-39.203783],[146.998826,-39.20649],[146.996522,-39.212026]]],[[[146.983224,-39.215406],[146.979228,-39.219262],[146.980738,-39.221676],[146.979407,-39.224354],[146.980884,-39.22517],[146.977277,-39.229028],[146.980926,-39.230395],[146.980889,-39.23263],[146.987953,-39.230976],[146.996295,-39.221276],[146.995296,-39.21959],[146.99162,-39.220126],[146.990106,-39.217529],[146.991205,-39.213273],[146.993694,-39.213046],[146.994041,-39.211364],[146.99025,-39.211563],[146.985654,-39.206695],[146.982094,-39.210238],[146.983755,-39.210163],[146.982443,-39.21307],[146.983224,-39.215406]]],[[[148.108977,-40.549583],[148.110591,-40.550433],[148.111657,-40.549257],[148.109454,-40.547467],[148.108977,-40.549583]]],[[[148.245567,-40.562065],[148.246642,-40.562227],[148.247125,-40.561526],[148.245567,-40.562065]]],[[[148.04932,-40.341575],[148.051704,-40.34309],[148.054407,-40.340366],[148.050518,-40.339125],[148.04932,-40.341575]]],[[[147.922211,-40.335614],[147.922606,-40.336676],[147.923043,-40.334779],[147.922211,-40.335614]]],[[[148.070783,-40.287023],[148.067138,-40.288611],[148.071041,-40.287956],[148.070783,-40.287023]]],[[[147.729283,-40.129066],[147.730429,-40.128577],[147.729545,-40.128215],[147.729283,-40.129066]]],[[[147.891182,-40.095562],[147.890743,-40.094277],[147.886519,-40.09461],[147.888614,-40.099222],[147.886033,-40.10107],[147.888438,-40.104629],[147.886886,-40.10619],[147.890599,-40.104792],[147.892247,-40.101662],[147.891541,-40.098785],[147.893187,-40.097267],[147.891182,-40.095562]]],[[[147.84407,-40.028217],[147.845458,-40.029757],[147.848002,-40.029267],[147.847687,-40.025772],[147.84439,-40.02488],[147.843191,-40.026316],[147.84407,-40.028217]]],[[[148.358788,-39.949922],[148.354687,-39.946756],[148.351894,-39.950709],[148.35639,-39.952652],[148.359935,-39.951852],[148.361482,-39.953555],[148.363254,-39.947022],[148.358788,-39.949922]]],[[[147.774054,-39.94278],[147.777294,-39.943029],[147.776175,-39.94129],[147.774054,-39.94278]]],[[[147.772231,-39.937394],[147.775299,-39.938805],[147.774191,-39.937126],[147.772231,-39.937394]]],[[[148.242404,-40.561335],[148.24176,-40.562372],[148.243752,-40.562221],[148.242404,-40.561335]]],[[[148.130298,-40.571593],[148.130375,-40.570992],[148.12942,-40.570958],[148.130298,-40.571593]]],[[[148.119003,-40.568541],[148.119479,-40.568009],[148.118617,-40.567899],[148.119003,-40.568541]]],[[[148.129726,-40.570453],[148.130159,-40.57055],[148.129988,-40.570222],[148.129726,-40.570453]]],[[[148.209028,-40.31797],[148.209979,-40.317925],[148.209352,-40.316921],[148.209028,-40.31797]]],[[[147.799279,-40.295418],[147.797838,-40.293394],[147.7907,-40.294958],[147.787191,-40.299906],[147.79427,-40.300242],[147.792345,-40.302635],[147.794742,-40.304639],[147.793784,-40.306215],[147.796206,-40.306847],[147.79728,-40.310447],[147.800052,-40.311651],[147.802174,-40.315086],[147.803161,-40.313937],[147.801391,-40.30855],[147.798416,-40.306082],[147.800051,-40.302212],[147.79658,-40.299721],[147.799279,-40.295418]]],[[[147.914597,-40.278676],[147.919649,-40.279225],[147.919043,-40.280852],[147.92109,-40.282896],[147.929788,-40.280409],[147.937738,-40.270558],[147.934733,-40.265728],[147.933953,-40.258585],[147.929256,-40.258744],[147.925845,-40.263027],[147.921322,-40.263809],[147.919712,-40.265089],[147.920288,-40.266473],[147.918043,-40.26588],[147.918052,-40.273776],[147.914237,-40.274034],[147.913985,-40.276343],[147.912184,-40.276299],[147.911044,-40.278422],[147.914597,-40.278676]]],[[[147.909084,-40.268701],[147.911364,-40.267512],[147.909755,-40.267322],[147.909084,-40.268701]]],[[[147.942004,-40.130849],[147.944756,-40.130795],[147.945849,-40.127914],[147.941468,-40.12817],[147.942004,-40.130849]]],[[[147.891514,-40.138066],[147.895095,-40.138092],[147.893438,-40.136168],[147.891514,-40.138066]]],[[[147.771372,-39.95193],[147.76713,-39.953653],[147.764217,-39.95757],[147.772799,-39.953708],[147.774289,-39.95093],[147.771372,-39.95193]]],[[[148.318221,-39.952696],[148.322901,-39.959522],[148.324752,-39.956903],[148.326648,-39.958255],[148.328326,-39.956116],[148.333313,-39.957929],[148.337411,-39.955397],[148.342364,-39.958807],[148.347734,-39.950909],[148.345143,-39.946552],[148.339992,-39.945309],[148.338537,-39.93889],[148.33384,-39.937062],[148.328569,-39.93197],[148.326596,-39.938025],[148.323951,-39.940637],[148.324041,-39.944655],[148.315229,-39.946659],[148.318221,-39.952696]]],[[[147.768651,-39.837508],[147.766683,-39.839228],[147.768099,-39.840572],[147.77148,-39.837823],[147.768651,-39.837508]]],[[[147.840248,-40.29775],[147.836668,-40.304768],[147.841183,-40.303214],[147.843083,-40.304801],[147.84451,-40.303309],[147.845914,-40.305378],[147.847714,-40.304305],[147.853995,-40.305812],[147.856645,-40.309189],[147.851729,-40.311343],[147.854641,-40.315141],[147.847327,-40.321354],[147.84662,-40.323894],[147.864329,-40.319512],[147.866591,-40.320055],[147.870581,-40.325205],[147.874477,-40.322178],[147.881171,-40.325941],[147.892641,-40.320867],[147.895076,-40.321232],[147.894746,-40.319204],[147.896279,-40.318436],[147.901344,-40.319406],[147.90474,-40.317077],[147.905132,-40.315412],[147.903068,-40.314069],[147.905642,-40.310575],[147.903961,-40.310229],[147.903978,-40.307369],[147.908908,-40.301704],[147.906759,-40.29889],[147.907188,-40.29324],[147.906143,-40.294262],[147.903195,-40.29145],[147.897685,-40.292242],[147.89685,-40.298567],[147.889901,-40.303806],[147.879197,-40.302538],[147.878775,-40.304622],[147.875557,-40.305648],[147.871916,-40.305119],[147.870311,-40.298987],[147.868109,-40.297279],[147.856842,-40.299219],[147.849886,-40.293428],[147.847224,-40.293406],[147.845322,-40.295791],[147.843875,-40.294346],[147.842317,-40.294996],[147.839796,-40.292099],[147.838555,-40.294397],[147.840353,-40.2953],[147.840248,-40.29775]]],[[[148.108192,-40.296507],[148.109503,-40.297927],[148.097617,-40.306659],[148.09859,-40.310374],[148.102245,-40.311426],[148.105185,-40.309798],[148.106806,-40.312626],[148.111361,-40.310624],[148.111721,-40.306963],[148.115986,-40.303169],[148.116021,-40.297664],[148.111588,-40.295057],[148.108192,-40.296507]]],[[[148.308705,-40.30347],[148.305925,-40.303737],[148.307852,-40.306594],[148.314374,-40.306029],[148.308705,-40.30347]]],[[[148.319358,-40.300149],[148.324053,-40.297918],[148.320935,-40.297432],[148.319358,-40.300149]]],[[[147.917054,-40.301127],[147.918186,-40.300978],[147.914873,-40.299631],[147.917054,-40.301127]]],[[[148.20457,-40.311132],[148.205812,-40.31149],[148.205475,-40.310704],[148.20457,-40.311132]]],[[[148.245016,-39.95241],[148.245612,-39.951758],[148.24546,-39.950771],[148.245016,-39.95241]]],[[[147.77111,-39.92559],[147.773493,-39.925402],[147.770952,-39.92491],[147.77111,-39.92559]]],[[[147.783734,-39.922688],[147.784345,-39.921882],[147.781054,-39.921949],[147.778592,-39.919126],[147.774166,-39.924264],[147.781762,-39.925036],[147.783734,-39.922688]]],[[[147.824628,-39.822397],[147.826035,-39.823141],[147.825942,-39.821261],[147.824029,-39.821279],[147.824628,-39.822397]]],[[[147.318403,-39.49596],[147.318423,-39.502447],[147.322696,-39.501519],[147.323718,-39.504494],[147.325863,-39.505065],[147.331169,-39.500842],[147.329298,-39.491474],[147.33026,-39.49041],[147.333748,-39.491301],[147.340575,-39.48877],[147.343851,-39.495519],[147.34731,-39.494293],[147.35132,-39.497484],[147.352881,-39.49182],[147.3495,-39.489505],[147.349282,-39.48553],[147.357896,-39.481076],[147.354786,-39.475953],[147.345773,-39.471741],[147.359921,-39.46816],[147.361336,-39.465265],[147.359784,-39.464705],[147.360477,-39.463824],[147.357041,-39.464278],[147.355523,-39.460601],[147.349831,-39.458613],[147.343212,-39.460531],[147.34349,-39.457174],[147.339671,-39.451146],[147.340882,-39.449659],[147.333701,-39.452119],[147.331144,-39.450736],[147.32911,-39.456949],[147.327153,-39.458265],[147.324513,-39.457499],[147.324423,-39.453873],[147.320919,-39.452396],[147.31609,-39.457065],[147.315264,-39.460817],[147.309134,-39.468219],[147.312625,-39.473344],[147.305314,-39.473722],[147.303874,-39.475449],[147.306066,-39.484167],[147.310559,-39.480048],[147.313426,-39.479947],[147.316282,-39.48317],[147.315613,-39.489217],[147.318403,-39.49596]]],[[[147.272845,-39.471018],[147.260397,-39.476929],[147.260396,-39.479486],[147.267699,-39.481336],[147.279393,-39.474955],[147.28442,-39.480676],[147.294545,-39.472703],[147.296325,-39.467333],[147.293989,-39.462448],[147.299642,-39.461664],[147.296363,-39.458758],[147.295947,-39.45623],[147.299478,-39.453828],[147.304843,-39.454572],[147.304842,-39.451459],[147.298812,-39.446792],[147.303419,-39.4424],[147.301719,-39.438121],[147.297029,-39.44145],[147.294569,-39.438624],[147.286872,-39.439013],[147.285439,-39.446471],[147.280474,-39.442661],[147.278553,-39.444377],[147.275443,-39.443409],[147.273145,-39.444993],[147.273559,-39.446206],[147.27777,-39.446321],[147.279322,-39.448861],[147.28487,-39.449337],[147.285099,-39.452992],[147.289577,-39.456218],[147.290183,-39.458667],[147.292607,-39.459285],[147.293391,-39.462145],[147.286622,-39.463345],[147.288144,-39.465044],[147.287375,-39.466595],[147.281404,-39.469327],[147.279364,-39.466615],[147.274575,-39.46928],[147.270348,-39.466808],[147.272845,-39.471018]]],[[[148.115987,-40.512618],[148.113626,-40.517348],[148.108601,-40.516677],[148.102671,-40.521034],[148.103808,-40.523287],[148.101652,-40.525603],[148.098396,-40.525839],[148.099131,-40.527961],[148.096016,-40.529199],[148.097508,-40.531069],[148.095812,-40.531618],[148.098843,-40.536902],[148.102332,-40.53522],[148.105488,-40.537155],[148.111706,-40.534384],[148.121533,-40.537099],[148.118781,-40.542929],[148.119714,-40.545614],[148.11835,-40.546589],[148.115193,-40.544884],[148.117245,-40.547801],[148.119692,-40.54794],[148.115443,-40.55561],[148.117884,-40.560026],[148.114646,-40.560079],[148.113462,-40.565092],[148.117259,-40.564458],[148.120217,-40.56758],[148.124607,-40.568381],[148.124186,-40.570481],[148.126768,-40.57238],[148.128827,-40.57047],[148.128085,-40.567604],[148.131696,-40.565757],[148.137098,-40.565483],[148.141089,-40.569609],[148.141152,-40.567315],[148.14578,-40.567301],[148.149209,-40.565356],[148.152493,-40.567888],[148.151473,-40.567671],[148.151729,-40.569309],[148.154197,-40.571725],[148.155065,-40.57009],[148.155411,-40.573727],[148.166213,-40.581638],[148.167769,-40.580803],[148.178292,-40.594172],[148.180712,-40.594171],[148.181157,-40.590789],[148.19153,-40.587311],[148.196417,-40.587935],[148.19847,-40.590109],[148.199617,-40.583286],[148.198125,-40.581588],[148.195877,-40.582773],[148.193014,-40.581364],[148.192436,-40.573989],[148.195601,-40.567966],[148.201117,-40.563662],[148.209174,-40.553633],[148.225905,-40.54467],[148.224988,-40.54186],[148.231874,-40.537341],[148.232436,-40.534677],[148.235112,-40.532753],[148.234246,-40.529946],[148.2307,-40.529993],[148.228428,-40.525778],[148.232338,-40.517938],[148.233218,-40.512148],[148.23177,-40.50862],[148.236862,-40.50121],[148.246737,-40.497025],[148.245947,-40.492898],[148.248439,-40.4879],[148.247206,-40.483705],[148.248048,-40.480329],[148.245904,-40.478267],[148.242286,-40.480162],[148.238958,-40.479883],[148.237227,-40.48198],[148.227702,-40.485331],[148.2252,-40.49017],[148.22292,-40.490512],[148.224565,-40.492304],[148.223511,-40.494461],[148.214479,-40.502746],[148.207739,-40.503449],[148.205527,-40.501999],[148.204256,-40.49834],[148.19918,-40.49577],[148.199076,-40.493125],[148.193228,-40.489457],[148.188055,-40.489548],[148.178791,-40.49316],[148.177786,-40.49541],[148.173635,-40.497682],[148.162969,-40.499717],[148.160013,-40.498939],[148.155833,-40.50144],[148.153314,-40.499769],[148.143607,-40.500709],[148.140805,-40.499443],[148.131135,-40.502094],[148.128216,-40.505349],[148.126996,-40.510562],[148.115733,-40.508926],[148.115987,-40.512618]]],[[[148.023753,-40.350458],[148.024735,-40.349157],[148.015698,-40.352777],[148.014559,-40.351592],[148.010368,-40.352014],[148.009412,-40.350584],[148.005161,-40.3516],[148.001822,-40.353593],[147.998445,-40.359046],[147.992808,-40.361577],[147.993413,-40.362653],[147.991316,-40.363455],[147.986479,-40.361177],[147.983005,-40.362792],[147.98054,-40.367184],[147.981861,-40.367479],[147.981352,-40.369353],[147.989177,-40.365975],[147.993334,-40.367005],[147.994769,-40.369324],[148.001684,-40.363695],[148.007702,-40.365319],[148.01001,-40.363057],[148.015243,-40.362048],[148.018996,-40.359876],[148.019849,-40.357368],[148.024925,-40.354963],[148.023753,-40.350458]]],[[[148.063686,-40.482612],[148.066332,-40.480056],[148.07151,-40.480618],[148.071479,-40.482806],[148.073817,-40.483081],[148.076062,-40.486078],[148.074131,-40.487294],[148.075537,-40.48993],[148.078444,-40.488354],[148.082043,-40.488817],[148.081153,-40.485396],[148.076863,-40.483173],[148.076795,-40.480191],[148.070312,-40.47802],[148.071409,-40.473745],[148.063797,-40.471847],[148.061763,-40.468441],[148.057661,-40.46785],[148.056708,-40.469783],[148.050601,-40.471023],[148.051071,-40.47248],[148.047737,-40.474061],[148.049457,-40.475191],[148.0492,-40.477273],[148.050625,-40.4749],[148.054136,-40.477062],[148.056505,-40.476594],[148.062192,-40.479708],[148.062547,-40.482875],[148.063686,-40.482612]]],[[[148.073655,-40.491123],[148.071868,-40.494974],[148.074062,-40.496385],[148.076537,-40.495382],[148.073655,-40.491123]]],[[[148.028263,-40.433436],[148.02659,-40.434427],[148.026459,-40.437033],[148.027863,-40.436854],[148.028263,-40.433436]]],[[[148.018984,-40.485468],[148.02065,-40.485068],[148.019001,-40.483242],[148.018984,-40.485468]]],[[[148.247896,-40.253941],[148.249173,-40.256207],[148.25144,-40.254831],[148.256828,-40.257529],[148.26056,-40.254606],[148.265693,-40.256838],[148.266789,-40.252583],[148.265254,-40.251554],[148.266162,-40.249824],[148.263331,-40.248044],[148.263262,-40.244973],[148.256442,-40.241749],[148.253921,-40.242777],[148.247005,-40.241266],[148.24423,-40.242485],[148.234587,-40.239759],[148.227879,-40.240614],[148.228029,-40.242442],[148.234735,-40.248514],[148.234689,-40.251137],[148.232566,-40.252087],[148.23341,-40.254528],[148.238898,-40.248614],[148.245813,-40.250639],[148.247896,-40.253941]]],[[[148.245637,-40.22819],[148.252118,-40.228463],[148.253021,-40.230255],[148.256137,-40.230969],[148.261932,-40.228455],[148.259532,-40.227031],[148.259345,-40.222718],[148.25684,-40.221943],[148.253836,-40.222192],[148.25233,-40.22401],[148.247096,-40.222553],[148.244492,-40.225401],[148.245637,-40.22819]]],[[[148.201592,-40.25053],[148.201634,-40.252944],[148.205541,-40.256362],[148.205684,-40.258478],[148.208587,-40.255124],[148.212315,-40.256454],[148.214987,-40.255327],[148.211935,-40.248386],[148.206542,-40.247253],[148.204718,-40.249812],[148.202858,-40.249075],[148.201592,-40.25053]]],[[[148.281042,-40.257102],[148.284064,-40.25587],[148.280923,-40.255184],[148.281042,-40.257102]]],[[[148.266703,-40.223332],[148.267701,-40.22269],[148.266366,-40.22229],[148.266703,-40.223332]]],[[[148.241837,-40.229898],[148.242629,-40.230151],[148.241775,-40.22907],[148.241837,-40.229898]]],[[[148.242941,-40.230472],[148.244114,-40.231018],[148.244556,-40.230752],[148.242941,-40.230472]]],[[[148.242468,-40.231657],[148.243102,-40.231569],[148.242625,-40.231241],[148.242468,-40.231657]]],[[[148.267712,-40.225762],[148.267906,-40.22548],[148.267579,-40.224979],[148.267712,-40.225762]]],[[[148.266967,-40.221112],[148.267482,-40.221026],[148.267345,-40.220838],[148.266967,-40.221112]]],[[[147.852079,-39.765943],[147.850567,-39.765819],[147.851801,-39.767089],[147.852079,-39.765943]]],[[[147.848636,-39.763976],[147.848314,-39.764995],[147.849301,-39.764738],[147.848636,-39.763976]]],[[[148.022355,-40.416627],[148.02888,-40.421054],[148.030519,-40.425855],[148.034198,-40.424492],[148.030398,-40.4272],[148.026578,-40.426763],[148.024289,-40.429914],[148.042815,-40.432106],[148.045758,-40.434954],[148.045846,-40.437317],[148.040064,-40.441836],[148.043247,-40.442429],[148.043599,-40.445515],[148.045945,-40.445273],[148.046535,-40.449073],[148.051205,-40.448005],[148.051914,-40.450057],[148.05381,-40.448932],[148.055155,-40.45055],[148.058945,-40.448926],[148.060368,-40.453261],[148.062016,-40.453611],[148.062967,-40.451945],[148.06689,-40.45322],[148.071797,-40.452346],[148.077101,-40.455323],[148.081984,-40.454721],[148.086703,-40.457311],[148.086531,-40.453062],[148.091078,-40.450032],[148.113444,-40.447764],[148.122177,-40.439997],[148.127721,-40.439677],[148.134499,-40.442297],[148.14204,-40.450001],[148.143789,-40.454224],[148.140137,-40.460571],[148.14544,-40.459057],[148.145671,-40.457373],[148.151256,-40.453796],[148.149299,-40.450225],[148.1461,-40.450718],[148.144575,-40.449658],[148.146277,-40.44995],[148.145872,-40.448962],[148.142495,-40.448091],[148.149685,-40.44841],[148.150318,-40.450436],[148.157225,-40.448137],[148.164304,-40.450312],[148.170756,-40.446563],[148.182542,-40.445306],[148.183378,-40.441736],[148.188879,-40.438526],[148.196209,-40.437084],[148.195974,-40.435499],[148.206987,-40.442436],[148.209549,-40.449479],[148.217677,-40.457408],[148.215688,-40.459197],[148.216789,-40.459319],[148.216147,-40.461782],[148.226779,-40.466071],[148.239796,-40.459757],[148.240898,-40.457023],[148.249695,-40.454811],[148.258408,-40.445674],[148.27402,-40.436292],[148.27352,-40.430294],[148.275141,-40.429578],[148.273424,-40.428973],[148.275606,-40.429666],[148.27413,-40.43097],[148.280728,-40.428154],[148.286002,-40.428111],[148.291424,-40.433959],[148.293771,-40.434235],[148.309932,-40.42672],[148.310439,-40.428403],[148.316538,-40.431334],[148.322639,-40.445381],[148.326512,-40.447518],[148.329223,-40.455749],[148.33603,-40.464896],[148.336516,-40.482732],[148.343123,-40.490477],[148.35056,-40.492822],[148.352399,-40.488901],[148.361063,-40.483203],[148.369964,-40.478577],[148.37799,-40.476547],[148.382296,-40.481203],[148.383843,-40.478486],[148.385071,-40.479897],[148.387915,-40.479617],[148.389106,-40.487388],[148.392587,-40.488338],[148.394241,-40.486479],[148.397959,-40.489443],[148.39783,-40.487656],[148.399661,-40.48685],[148.399134,-40.48341],[148.401485,-40.481888],[148.400895,-40.47299],[148.413819,-40.462014],[148.417886,-40.46105],[148.424791,-40.462359],[148.427641,-40.466606],[148.430877,-40.465243],[148.432129,-40.459157],[148.435241,-40.457199],[148.435634,-40.452984],[148.435055,-40.451695],[148.431312,-40.451394],[148.430091,-40.448462],[148.433888,-40.44373],[148.436745,-40.443064],[148.437314,-40.439946],[148.450641,-40.436539],[148.454993,-40.437933],[148.456017,-40.441783],[148.459299,-40.439222],[148.467865,-40.440977],[148.469447,-40.439202],[148.470314,-40.441777],[148.472869,-40.442856],[148.481892,-40.434917],[148.479836,-40.431162],[148.475684,-40.430067],[148.471502,-40.431359],[148.464824,-40.427077],[148.458033,-40.418332],[148.458522,-40.409341],[148.456163,-40.408207],[148.45604,-40.409717],[148.453046,-40.409651],[148.448515,-40.405512],[148.446833,-40.392168],[148.451712,-40.380717],[148.451495,-40.37668],[148.448553,-40.374665],[148.444526,-40.379566],[148.436867,-40.377103],[148.432087,-40.373442],[148.424174,-40.371432],[148.414663,-40.373567],[148.407084,-40.377984],[148.408446,-40.376972],[148.406687,-40.374273],[148.407815,-40.373042],[148.405332,-40.373063],[148.409863,-40.373139],[148.410541,-40.371913],[148.400634,-40.363457],[148.398258,-40.357746],[148.393648,-40.355364],[148.383755,-40.345972],[148.377305,-40.347196],[148.380947,-40.346349],[148.370953,-40.341432],[148.366988,-40.335978],[148.364344,-40.328188],[148.361566,-40.32873],[148.364254,-40.327695],[148.363019,-40.322222],[148.353937,-40.317948],[148.34815,-40.310457],[148.346265,-40.303199],[148.339778,-40.301526],[148.336014,-40.298012],[148.33307,-40.29211],[148.329795,-40.290749],[148.331009,-40.299864],[148.328258,-40.30265],[148.322692,-40.302801],[148.322526,-40.305609],[148.317245,-40.311551],[148.312164,-40.310503],[148.308269,-40.311491],[148.306592,-40.316125],[148.300139,-40.32175],[148.290257,-40.317894],[148.286158,-40.319885],[148.28225,-40.319625],[148.277201,-40.324331],[148.273567,-40.331188],[148.26683,-40.33664],[148.265181,-40.339135],[148.26687,-40.34069],[148.265063,-40.33899],[148.267102,-40.335803],[148.257951,-40.336867],[148.254814,-40.3355],[148.253628,-40.332984],[148.246513,-40.332242],[148.243996,-40.330123],[148.243543,-40.325372],[148.236407,-40.331082],[148.229447,-40.330713],[148.226098,-40.328505],[148.225827,-40.321867],[148.218998,-40.322225],[148.216682,-40.318736],[148.210708,-40.317812],[148.20936,-40.320481],[148.211819,-40.321605],[148.211681,-40.326061],[148.207256,-40.342376],[148.199367,-40.351853],[148.191168,-40.35326],[148.191862,-40.356206],[148.190477,-40.354026],[148.192536,-40.351769],[148.190363,-40.350811],[148.192247,-40.350267],[148.1839,-40.344863],[148.17829,-40.344683],[148.175233,-40.348087],[148.166139,-40.347897],[148.161553,-40.346689],[148.16272,-40.345299],[148.1583,-40.341898],[148.151753,-40.344058],[148.145054,-40.342969],[148.142234,-40.340035],[148.144676,-40.336812],[148.143803,-40.336158],[148.134048,-40.337932],[148.131272,-40.339812],[148.127563,-40.339361],[148.127229,-40.337747],[148.124232,-40.33826],[148.119667,-40.341581],[148.110408,-40.343733],[148.105805,-40.343107],[148.103754,-40.340847],[148.089715,-40.345732],[148.083374,-40.343148],[148.081878,-40.339397],[148.079803,-40.33983],[148.077685,-40.341268],[148.079222,-40.342934],[148.076953,-40.346983],[148.069169,-40.349657],[148.060762,-40.358622],[148.05434,-40.36015],[148.051646,-40.358525],[148.052925,-40.356126],[148.051929,-40.355162],[148.038892,-40.358206],[148.03238,-40.361639],[148.031912,-40.366655],[148.027826,-40.369142],[148.021671,-40.368103],[148.007122,-40.378089],[148.001547,-40.375986],[147.994709,-40.381738],[147.994871,-40.383509],[147.992709,-40.382878],[147.987271,-40.387083],[147.988262,-40.388095],[147.986704,-40.388294],[147.985887,-40.39109],[147.992105,-40.394379],[147.989138,-40.399787],[147.986834,-40.399872],[147.985604,-40.402566],[147.983563,-40.402743],[147.989831,-40.406026],[147.988459,-40.407927],[147.989818,-40.409907],[147.989096,-40.41479],[147.986847,-40.417134],[147.988676,-40.421144],[147.997432,-40.423677],[148.000007,-40.419597],[148.011542,-40.415571],[148.013343,-40.413477],[148.022355,-40.416627]]],[[[148.288805,-40.27279],[148.289346,-40.275829],[148.286217,-40.280792],[148.284195,-40.281697],[148.280563,-40.279764],[148.279199,-40.281041],[148.27834,-40.284179],[148.279442,-40.283784],[148.279604,-40.286558],[148.281979,-40.288378],[148.286392,-40.289444],[148.290448,-40.287766],[148.29413,-40.290602],[148.299134,-40.289742],[148.30628,-40.292808],[148.318239,-40.285271],[148.325893,-40.287523],[148.322017,-40.28443],[148.318062,-40.274353],[148.312366,-40.266246],[148.295653,-40.257516],[148.291137,-40.267404],[148.288255,-40.268643],[148.288805,-40.27279]]],[[[148.13362,-40.299368],[148.13384,-40.301434],[148.138068,-40.301059],[148.147642,-40.296979],[148.155097,-40.295782],[148.16146,-40.297473],[148.162664,-40.294346],[148.166059,-40.291922],[148.153558,-40.289858],[148.149098,-40.293409],[148.14365,-40.290143],[148.140776,-40.290547],[148.138994,-40.294326],[148.13255,-40.29636],[148.131937,-40.297861],[148.13362,-40.299368]]],[[[148.112796,-40.290837],[148.110783,-40.291271],[148.110277,-40.293236],[148.11358,-40.293199],[148.117337,-40.289928],[148.112796,-40.290837]]],[[[148.063255,-40.290836],[148.062496,-40.290788],[148.060863,-40.291952],[148.063255,-40.290836]]],[[[148.285672,-40.080113],[148.286742,-40.079813],[148.285162,-40.078533],[148.285672,-40.080113]],[[148.284393,-40.076049],[148.284084,-40.076637],[148.284514,-40.075364],[148.284393,-40.076049]]],[[[148.276106,-40.087367],[148.276594,-40.087712],[148.277129,-40.087477],[148.276106,-40.087367]]],[[[148.285336,-40.073724],[148.285652,-40.073651],[148.285355,-40.073545],[148.285336,-40.073724]]],[[[147.768134,-39.866427],[147.763951,-39.866671],[147.761747,-39.869395],[147.756008,-39.870007],[147.752531,-39.873088],[147.748204,-39.873746],[147.750587,-39.876972],[147.753431,-39.877856],[147.752758,-39.881693],[147.755426,-39.883023],[147.754187,-39.883649],[147.758434,-39.886112],[147.756072,-39.888891],[147.758144,-39.890292],[147.757115,-39.890519],[147.768488,-39.891034],[147.770588,-39.892524],[147.770512,-39.894517],[147.773514,-39.893576],[147.776823,-39.896526],[147.7801,-39.895832],[147.785112,-39.897992],[147.787492,-39.900871],[147.789733,-39.899834],[147.794093,-39.901949],[147.800237,-39.907477],[147.801632,-39.910754],[147.800081,-39.912544],[147.803992,-39.91641],[147.810092,-39.916341],[147.8112,-39.913269],[147.816866,-39.911116],[147.816829,-39.90946],[147.831754,-39.904846],[147.833989,-39.902156],[147.840814,-39.902173],[147.847811,-39.898018],[147.860756,-39.897797],[147.869584,-39.90708],[147.875269,-39.908874],[147.880017,-39.907298],[147.875972,-39.909609],[147.887264,-39.921255],[147.899189,-39.942755],[147.905618,-39.964862],[147.906756,-39.976141],[147.9056,-39.978164],[147.901991,-39.979411],[147.903385,-39.980751],[147.903237,-39.991971],[147.898228,-39.994248],[147.898953,-39.99629],[147.897251,-39.999002],[147.894503,-40.000439],[147.891257,-39.999057],[147.889485,-40.002365],[147.885869,-40.000568],[147.885729,-40.006631],[147.880473,-40.012085],[147.875945,-40.012883],[147.871311,-40.008785],[147.871212,-40.009985],[147.869314,-40.009459],[147.867486,-40.012853],[147.865093,-40.012816],[147.865714,-40.015964],[147.86279,-40.01665],[147.863204,-40.018413],[147.858076,-40.019071],[147.859022,-40.023379],[147.874754,-40.021269],[147.880462,-40.023943],[147.892177,-40.034655],[147.894634,-40.034631],[147.895144,-40.037033],[147.897993,-40.035717],[147.901829,-40.037573],[147.90627,-40.031357],[147.914458,-40.031367],[147.917228,-40.029812],[147.933855,-40.034634],[147.938887,-40.038365],[147.947305,-40.058273],[147.951708,-40.061189],[147.954071,-40.09086],[147.952019,-40.096362],[147.953655,-40.098992],[147.955447,-40.096129],[147.961596,-40.092986],[147.964492,-40.088774],[147.963328,-40.084433],[147.958301,-40.086661],[147.955343,-40.082288],[147.960015,-40.076346],[147.963913,-40.075124],[147.96671,-40.075746],[147.968463,-40.078556],[147.970213,-40.086628],[147.973564,-40.086205],[147.977553,-40.090608],[147.982744,-40.092447],[147.989564,-40.091989],[147.994816,-40.09778],[147.997184,-40.104778],[148.000311,-40.105131],[148.00119,-40.104192],[147.999081,-40.104572],[148.002579,-40.102461],[148.007024,-40.105356],[148.014408,-40.122603],[148.016946,-40.136644],[148.019672,-40.136901],[148.017,-40.136949],[148.015739,-40.163848],[148.017632,-40.170547],[148.036216,-40.190572],[148.039539,-40.195885],[148.041877,-40.204116],[148.041485,-40.208763],[148.037343,-40.214146],[148.040365,-40.215615],[148.037367,-40.214435],[148.029094,-40.217015],[148.026344,-40.214689],[148.025862,-40.211705],[148.024501,-40.211819],[148.025217,-40.225803],[148.029709,-40.230982],[148.034158,-40.227178],[148.040344,-40.230092],[148.043104,-40.237457],[148.041912,-40.243965],[148.046115,-40.249493],[148.050347,-40.247508],[148.05998,-40.247752],[148.06101,-40.249226],[148.05918,-40.24859],[148.062977,-40.251876],[148.065754,-40.257992],[148.071613,-40.25731],[148.077541,-40.260174],[148.077766,-40.261634],[148.080025,-40.259633],[148.082929,-40.260254],[148.088684,-40.265259],[148.088604,-40.268905],[148.092068,-40.268485],[148.094117,-40.26649],[148.094402,-40.262672],[148.098376,-40.260758],[148.097878,-40.262311],[148.094436,-40.263184],[148.107024,-40.265658],[148.112454,-40.269466],[148.113601,-40.272651],[148.120415,-40.272534],[148.12211,-40.274022],[148.129777,-40.266857],[148.135606,-40.269467],[148.138176,-40.265221],[148.148811,-40.265796],[148.153438,-40.259978],[148.151645,-40.26229],[148.155406,-40.262874],[148.155736,-40.265014],[148.159452,-40.259446],[148.164656,-40.257736],[148.167998,-40.25245],[148.174601,-40.252843],[148.178656,-40.250054],[148.185401,-40.249841],[148.188743,-40.245995],[148.184617,-40.245344],[148.184153,-40.241682],[148.192761,-40.233098],[148.188878,-40.226823],[148.196613,-40.219545],[148.193209,-40.218896],[148.198686,-40.219172],[148.200571,-40.216072],[148.205648,-40.214767],[148.210288,-40.210682],[148.226005,-40.210992],[148.233896,-40.209181],[148.237485,-40.211153],[148.237407,-40.213659],[148.239498,-40.212435],[148.242338,-40.214801],[148.243543,-40.212496],[148.247612,-40.212212],[148.248654,-40.210758],[148.254765,-40.21263],[148.25593,-40.209889],[148.258934,-40.20985],[148.26229,-40.212757],[148.265848,-40.212544],[148.268033,-40.217435],[148.272252,-40.217144],[148.271522,-40.229639],[148.273676,-40.229832],[148.271755,-40.230799],[148.283296,-40.231365],[148.312402,-40.222481],[148.334172,-40.209105],[148.333314,-40.204737],[148.318429,-40.182668],[148.314833,-40.174072],[148.31219,-40.160941],[148.293156,-40.110241],[148.287657,-40.080771],[148.281838,-40.080666],[148.2833,-40.085771],[148.281077,-40.09384],[148.283921,-40.111984],[148.279164,-40.116415],[148.258617,-40.120179],[148.251147,-40.125746],[148.240021,-40.122923],[148.234075,-40.127697],[148.22533,-40.123922],[148.223286,-40.121033],[148.234991,-40.107818],[148.238311,-40.101516],[148.242774,-40.099801],[148.241599,-40.100045],[148.244916,-40.104043],[148.246156,-40.103758],[148.246743,-40.099824],[148.272208,-40.087895],[148.26815,-40.091567],[148.269252,-40.090769],[148.277813,-40.08279],[148.278189,-40.079397],[148.282216,-40.076191],[148.286262,-40.06791],[148.285883,-40.050013],[148.279892,-40.022488],[148.279273,-40.008584],[148.282942,-39.985823],[148.29114,-39.965105],[148.271502,-39.967898],[148.2602,-39.966857],[148.222744,-39.954884],[148.204981,-39.94522],[148.203148,-39.946266],[148.203516,-39.94835],[148.198286,-39.949876],[148.188166,-39.947818],[148.179684,-39.949505],[148.178452,-39.949091],[148.179269,-39.947647],[148.177226,-39.949553],[148.17725,-39.952046],[148.177104,-39.948697],[148.171769,-39.945267],[148.170983,-39.942576],[148.17201,-39.945263],[148.177422,-39.948423],[148.178323,-39.946119],[148.176909,-39.943107],[148.179728,-39.944546],[148.179151,-39.945578],[148.186095,-39.946595],[148.169632,-39.937791],[148.14379,-39.918136],[148.124089,-39.898513],[148.124042,-39.899865],[148.11713,-39.898365],[148.107978,-39.894896],[148.114262,-39.896752],[148.117831,-39.894506],[148.11924,-39.897126],[148.122477,-39.897435],[148.094862,-39.865739],[148.038575,-39.815066],[148.007595,-39.780091],[147.985759,-39.762888],[147.960676,-39.730119],[147.962612,-39.733897],[147.961496,-39.734126],[147.962593,-39.734598],[147.961485,-39.734645],[147.961961,-39.740171],[147.964203,-39.738664],[147.962505,-39.741673],[147.967562,-39.741817],[147.962742,-39.741966],[147.962321,-39.743276],[147.967395,-39.746148],[147.974892,-39.761403],[147.975991,-39.762331],[147.975949,-39.760971],[147.97885,-39.760568],[147.98159,-39.762852],[147.984085,-39.770823],[147.988117,-39.774303],[147.98857,-39.772542],[147.990711,-39.779262],[147.980578,-39.772934],[147.979038,-39.770568],[147.980428,-39.768988],[147.977019,-39.768188],[147.970727,-39.762402],[147.969831,-39.760986],[147.97102,-39.759967],[147.967518,-39.759141],[147.968122,-39.764713],[147.971643,-39.771954],[147.969486,-39.774317],[147.96674,-39.772851],[147.968474,-39.769143],[147.966793,-39.767373],[147.966499,-39.764753],[147.967418,-39.765358],[147.960934,-39.761628],[147.961716,-39.759928],[147.95898,-39.754571],[147.961291,-39.750363],[147.955963,-39.744927],[147.957715,-39.738032],[147.955793,-39.73201],[147.957118,-39.730085],[147.963879,-39.728259],[147.963444,-39.727057],[147.960512,-39.728484],[147.957292,-39.727923],[147.954202,-39.724658],[147.941781,-39.719541],[147.941485,-39.721866],[147.937515,-39.722526],[147.940104,-39.72384],[147.936511,-39.726247],[147.933737,-39.731785],[147.934413,-39.732981],[147.925569,-39.737959],[147.92351,-39.740907],[147.921244,-39.73946],[147.919584,-39.744332],[147.9142,-39.744925],[147.914176,-39.746351],[147.90529,-39.746463],[147.903801,-39.749142],[147.897301,-39.750198],[147.891861,-39.75773],[147.884192,-39.76131],[147.878664,-39.761837],[147.875563,-39.759067],[147.872309,-39.758516],[147.871023,-39.753318],[147.862708,-39.747143],[147.86202,-39.749497],[147.858946,-39.75131],[147.857809,-39.750211],[147.847984,-39.750657],[147.846993,-39.754106],[147.851766,-39.762346],[147.858114,-39.764713],[147.868225,-39.774277],[147.868489,-39.776782],[147.864102,-39.780846],[147.868677,-39.781864],[147.867741,-39.783955],[147.869721,-39.786714],[147.864665,-39.793718],[147.860941,-39.794181],[147.863288,-39.796161],[147.862671,-39.797848],[147.852398,-39.800325],[147.852122,-39.802243],[147.848407,-39.804245],[147.847227,-39.803141],[147.846766,-39.805028],[147.840911,-39.808799],[147.842455,-39.811113],[147.841677,-39.813247],[147.843019,-39.814019],[147.844556,-39.812608],[147.849224,-39.817225],[147.85084,-39.822634],[147.845927,-39.831577],[147.840608,-39.835559],[147.843845,-39.837043],[147.834724,-39.835585],[147.829513,-39.832757],[147.828251,-39.834238],[147.825864,-39.833282],[147.824426,-39.838087],[147.820171,-39.837457],[147.817988,-39.834821],[147.811725,-39.833807],[147.806815,-39.835801],[147.803663,-39.83535],[147.802103,-39.836599],[147.803217,-39.842061],[147.799651,-39.843024],[147.799787,-39.844627],[147.789645,-39.850972],[147.792752,-39.852416],[147.782738,-39.851083],[147.781589,-39.848886],[147.780366,-39.850674],[147.777479,-39.849506],[147.778092,-39.850499],[147.774621,-39.851603],[147.772061,-39.85552],[147.774636,-39.858162],[147.772005,-39.85883],[147.77164,-39.863545],[147.768134,-39.866427]]],[[[147.77762,-39.907869],[147.776356,-39.904602],[147.773297,-39.903625],[147.76913,-39.909341],[147.774472,-39.910809],[147.77843,-39.909579],[147.77762,-39.907869]]]]}},{"type":"Feature","properties":{"code":"AU-LGA-62210","name":"George Town","label":"George Town","type":"Local government area","parentCode":"AU-TAS"},"geometry":{"type":"Polygon","coordinates":[[[147.000644,-41.258364],[147.006672,-41.257657],[147.093003,-41.213373],[147.095293,-41.204582],[147.099878,-41.207438],[147.103306,-41.206278],[147.105154,-41.20354],[147.108404,-41.203398],[147.110243,-41.195915],[147.12465,-41.197804],[147.124421,-41.200113],[147.126246,-41.20146],[147.129893,-41.199404],[147.138842,-41.164518],[147.136528,-41.164193],[147.137006,-41.162043],[147.14065,-41.162559],[147.141287,-41.16002],[147.144852,-41.160527],[147.145914,-41.156311],[147.144359,-41.156078],[147.147319,-41.143658],[147.1441,-41.143122],[147.146228,-41.135552],[147.188005,-41.117166],[147.192778,-41.117836],[147.193424,-41.114936],[147.204263,-41.116389],[147.200798,-41.113219],[147.200346,-41.109386],[147.208255,-41.098687],[147.208598,-41.097118],[147.206971,-41.096911],[147.208262,-41.090952],[147.206705,-41.090763],[147.207308,-41.087526],[147.210178,-41.08771],[147.210537,-41.085814],[147.248142,-41.090761],[147.244097,-41.085107],[147.245521,-41.079396],[147.242691,-41.069746],[147.235423,-41.064817],[147.234642,-41.062336],[147.235076,-41.048398],[147.23307,-41.046204],[147.230526,-41.037365],[147.233771,-41.033806],[147.231643,-41.031148],[147.232032,-41.028938],[147.230289,-41.026328],[147.220747,-41.022495],[147.215558,-41.014886],[147.209283,-41.013084],[147.205718,-41.008351],[147.200391,-41.008431],[147.200217,-41.005383],[147.203813,-41.00171],[147.20325,-40.999924],[147.199314,-41.001259],[147.198077,-40.999657],[147.194073,-40.999124],[147.175617,-41.009473],[147.169277,-41.009734],[147.162061,-41.007746],[147.159578,-41.010794],[147.161314,-41.014979],[147.157328,-41.019846],[147.160081,-41.020883],[147.155967,-41.022137],[147.160602,-41.028953],[147.157762,-41.031341],[147.16026,-41.028435],[147.152704,-41.023757],[147.15427,-41.02204],[147.151364,-41.023731],[147.151009,-41.027447],[147.148236,-41.030853],[147.143075,-41.034225],[147.137,-41.035785],[147.134218,-41.034585],[147.141908,-41.033649],[147.147032,-41.029406],[147.148251,-41.020622],[147.153253,-41.016763],[147.157406,-41.015971],[147.159026,-41.013757],[147.157973,-41.012291],[147.148149,-41.013018],[147.144812,-41.010074],[147.139232,-41.008888],[147.137928,-41.006472],[147.134005,-41.006664],[147.123638,-41.003305],[147.115033,-40.998741],[147.115853,-40.994502],[147.100229,-40.998],[147.089271,-40.993424],[147.085479,-40.997253],[147.07278,-40.99967],[147.068531,-40.998233],[147.067808,-40.993678],[147.058667,-40.988005],[147.051891,-40.986141],[147.043815,-40.989298],[147.031974,-40.990352],[147.020903,-40.980252],[147.021028,-40.98147],[147.015965,-40.98105],[147.008911,-40.985615],[147.004304,-40.985893],[147.001721,-40.983796],[146.996957,-40.984832],[146.992482,-40.988341],[146.990047,-40.99436],[146.98202,-41.00173],[146.963233,-41.013738],[146.952906,-41.02328],[146.947681,-41.025564],[146.956568,-41.025107],[146.959268,-41.027479],[146.955215,-41.025205],[146.947949,-41.026302],[146.947164,-41.025295],[146.948595,-41.024597],[146.946347,-41.023932],[146.929706,-41.029244],[146.924505,-41.028878],[146.919389,-41.030629],[146.915084,-41.030162],[146.909584,-41.026749],[146.893741,-41.029665],[146.888623,-41.027872],[146.881967,-41.019674],[146.876642,-41.020133],[146.874807,-41.018826],[146.871033,-41.024679],[146.859686,-41.031472],[146.83961,-41.040662],[146.834854,-41.041389],[146.833613,-41.03952],[146.826515,-41.044954],[146.820539,-41.054511],[146.807121,-41.062982],[146.8019,-41.063437],[146.79994,-41.060587],[146.796869,-41.060662],[146.792018,-41.055591],[146.786588,-41.054127],[146.789465,-41.058127],[146.788892,-41.060749],[146.79357,-41.062553],[146.792718,-41.066321],[146.794094,-41.062968],[146.794127,-41.06527],[146.798727,-41.06452],[146.800413,-41.069403],[146.80397,-41.06972],[146.803661,-41.074657],[146.805346,-41.076165],[146.804023,-41.079438],[146.811274,-41.083555],[146.810466,-41.08861],[146.812884,-41.08915],[146.81535,-41.093818],[146.813692,-41.098227],[146.814668,-41.100177],[146.813491,-41.100123],[146.81604,-41.10871],[146.817465,-41.109952],[146.82691,-41.108065],[146.826592,-41.110366],[146.822042,-41.11166],[146.823942,-41.113433],[146.823341,-41.118253],[146.824661,-41.119249],[146.820968,-41.122363],[146.820876,-41.120479],[146.817775,-41.121435],[146.817633,-41.12379],[146.827377,-41.131368],[146.830842,-41.125959],[146.833872,-41.125199],[146.831553,-41.127858],[146.832956,-41.134728],[146.8278,-41.136293],[146.832016,-41.137175],[146.838037,-41.135371],[146.843094,-41.138779],[146.853042,-41.139362],[146.850927,-41.139959],[146.858207,-41.138878],[146.872409,-41.131477],[146.877361,-41.130618],[146.883832,-41.131538],[146.888898,-41.13581],[146.892151,-41.136026],[146.895311,-41.138464],[146.900335,-41.136974],[146.901703,-41.139896],[146.89929,-41.14095],[146.902759,-41.144039],[146.905105,-41.14234],[146.906833,-41.143906],[146.909143,-41.142632],[146.911878,-41.145528],[146.915656,-41.146053],[146.911993,-41.14824],[146.908188,-41.146701],[146.907585,-41.148304],[146.911711,-41.152106],[146.916943,-41.153686],[146.915705,-41.155567],[146.921723,-41.160527],[146.927529,-41.160589],[146.923206,-41.16157],[146.929202,-41.166425],[146.933627,-41.167095],[146.940125,-41.172787],[146.95633,-41.179702],[146.963606,-41.190234],[146.96545,-41.190196],[146.961275,-41.192094],[146.952107,-41.183477],[146.943172,-41.181792],[146.937325,-41.18176],[146.933023,-41.183684],[146.930501,-41.186811],[146.924489,-41.187572],[146.924678,-41.192602],[146.922112,-41.194567],[146.924012,-41.198424],[146.926631,-41.201327],[146.932461,-41.199935],[146.922947,-41.207661],[146.919204,-41.208376],[146.915945,-41.206534],[146.911987,-41.211191],[146.9131,-41.214802],[146.921506,-41.220291],[146.92641,-41.217077],[146.933656,-41.21599],[146.944644,-41.206536],[146.943658,-41.208312],[146.94603,-41.214282],[146.944406,-41.221427],[146.945672,-41.228854],[146.952072,-41.232867],[146.956446,-41.232416],[146.960335,-41.235001],[146.967357,-41.236615],[146.969154,-41.23945],[146.96873,-41.237265],[146.976592,-41.233234],[146.973853,-41.235996],[146.976766,-41.243405],[146.980824,-41.244024],[146.984475,-41.24834],[146.988847,-41.249792],[146.990182,-41.248896],[146.993734,-41.251419],[146.99294,-41.253204],[146.995796,-41.255787],[146.995997,-41.258112],[146.998915,-41.259364],[147.000644,-41.258364]]]}},{"type":"Feature","properties":{"code":"AU-LGA-62410","name":"Glamorgan-Spring Bay","label":"Glamorgan-Spring Bay","type":"Local government area","parentCode":"AU-TAS"},"geometry":{"type":"MultiPolygon","coordinates":[[[[148.313413,-42.364025],[148.313939,-42.364237],[148.313792,-42.363797],[148.313413,-42.364025]]],[[[148.315169,-42.363128],[148.315578,-42.362615],[148.314966,-42.362675],[148.315169,-42.363128]]],[[[147.976583,-42.642727],[147.976984,-42.643755],[147.979772,-42.642952],[147.976583,-42.642727]]],[[[148.068084,-42.563194],[148.071284,-42.564444],[148.072348,-42.562784],[148.069509,-42.561035],[148.068084,-42.563194]]],[[[148.311362,-42.36004],[148.314998,-42.36227],[148.317009,-42.360204],[148.313288,-42.35777],[148.311362,-42.36004]]],[[[148.339578,-42.346688],[148.340021,-42.346827],[148.340313,-42.346486],[148.339578,-42.346688]]],[[[148.35831,-42.117124],[148.359182,-42.117244],[148.359164,-42.116026],[148.35831,-42.117124]]],[[[148.009753,-42.456874],[148.010147,-42.456856],[148.009921,-42.456557],[148.009753,-42.456874]]],[[[148.066559,-42.674405],[148.063583,-42.682488],[148.058841,-42.685086],[148.051114,-42.68542],[148.048993,-42.683032],[148.045412,-42.682128],[148.038748,-42.684093],[148.039351,-42.687127],[148.035371,-42.691287],[148.034294,-42.698856],[148.027959,-42.704853],[148.028601,-42.708463],[148.025545,-42.71293],[148.021705,-42.714681],[148.019619,-42.717626],[148.012719,-42.720323],[148.01528,-42.722879],[148.011714,-42.730047],[148.013077,-42.736943],[148.014497,-42.737424],[148.01379,-42.74209],[148.024057,-42.740952],[148.024784,-42.73875],[148.029355,-42.737305],[148.030022,-42.735138],[148.033746,-42.733418],[148.041924,-42.725162],[148.04797,-42.722645],[148.052103,-42.721844],[148.053564,-42.724898],[148.0584,-42.725344],[148.058456,-42.723385],[148.061723,-42.725716],[148.062597,-42.72465],[148.063387,-42.725986],[148.065924,-42.725085],[148.067891,-42.72637],[148.06725,-42.723356],[148.06293,-42.71946],[148.065648,-42.718503],[148.065287,-42.717325],[148.079405,-42.724365],[148.08539,-42.723824],[148.086464,-42.720182],[148.089686,-42.721658],[148.093033,-42.720873],[148.092402,-42.716034],[148.093255,-42.714969],[148.096234,-42.716077],[148.095209,-42.713337],[148.092712,-42.712792],[148.096313,-42.711183],[148.093428,-42.708748],[148.094423,-42.704496],[148.086972,-42.697965],[148.087112,-42.693565],[148.088944,-42.693361],[148.087122,-42.689461],[148.081181,-42.684644],[148.073014,-42.686555],[148.068218,-42.681223],[148.070985,-42.67099],[148.081278,-42.661744],[148.094331,-42.661011],[148.095843,-42.662933],[148.10293,-42.660308],[148.10995,-42.661181],[148.112103,-42.659718],[148.115506,-42.663247],[148.121017,-42.663602],[148.115918,-42.667266],[148.119591,-42.668679],[148.121477,-42.6663],[148.125573,-42.667455],[148.124625,-42.666099],[148.127914,-42.665431],[148.127264,-42.664433],[148.130294,-42.66095],[148.133282,-42.660101],[148.140016,-42.666394],[148.144524,-42.667359],[148.146358,-42.666829],[148.146882,-42.659206],[148.151904,-42.656655],[148.152992,-42.653547],[148.157751,-42.652505],[148.158659,-42.650189],[148.167053,-42.650354],[148.168984,-42.648181],[148.162154,-42.645931],[148.160057,-42.642859],[148.151328,-42.641173],[148.140677,-42.631155],[148.142131,-42.626712],[148.136295,-42.623803],[148.135664,-42.618531],[148.138375,-42.617866],[148.135827,-42.616979],[148.137021,-42.614551],[148.134035,-42.613587],[148.137835,-42.611105],[148.136957,-42.609327],[148.138553,-42.608428],[148.13478,-42.607701],[148.132281,-42.605551],[148.133603,-42.604103],[148.129079,-42.602773],[148.129491,-42.598376],[148.12721,-42.598153],[148.128869,-42.597054],[148.123353,-42.592667],[148.123766,-42.589584],[148.121897,-42.58919],[148.120147,-42.584998],[148.109901,-42.58284],[148.101696,-42.583387],[148.097814,-42.58532],[148.089551,-42.58496],[148.083132,-42.580119],[148.079147,-42.57226],[148.072859,-42.569295],[148.068569,-42.570112],[148.062788,-42.576907],[148.06466,-42.57837],[148.063668,-42.58055],[148.055651,-42.582502],[148.052771,-42.585087],[148.055404,-42.589214],[148.047331,-42.596557],[148.050023,-42.601085],[148.048138,-42.603116],[148.047753,-42.607841],[148.037352,-42.614806],[148.037067,-42.619359],[148.030631,-42.621154],[148.028338,-42.6247],[148.028214,-42.628256],[148.02461,-42.629553],[148.026627,-42.6301],[148.026025,-42.631313],[148.031161,-42.631602],[148.034281,-42.634899],[148.035082,-42.637092],[148.033491,-42.638412],[148.036236,-42.638777],[148.038786,-42.643008],[148.037892,-42.649184],[148.026034,-42.65774],[148.019802,-42.659814],[148.015143,-42.658955],[148.009327,-42.661174],[148.012848,-42.661533],[148.016246,-42.664486],[148.021216,-42.665329],[148.025483,-42.668175],[148.0323,-42.664914],[148.037123,-42.666071],[148.038605,-42.66402],[148.037945,-42.662125],[148.041124,-42.660753],[148.040367,-42.656748],[148.043308,-42.65495],[148.049716,-42.655669],[148.056853,-42.65892],[148.062501,-42.663874],[148.06557,-42.66866],[148.066559,-42.674405]]],[[[147.936721,-42.646514],[147.934406,-42.645867],[147.936578,-42.6475],[147.936721,-42.646514]]],[[[147.939991,-42.648915],[147.941835,-42.64887],[147.939708,-42.648582],[147.939991,-42.648915]]],[[[147.938187,-42.649114],[147.938087,-42.648531],[147.936937,-42.648284],[147.938187,-42.649114]]],[[[147.938481,-42.649049],[147.939235,-42.649212],[147.938392,-42.648752],[147.938481,-42.649049]]],[[[148.026392,-42.254023],[148.026413,-42.252428],[148.024841,-42.253205],[148.026392,-42.254023]]],[[[148.026241,-42.25473],[148.026618,-42.25452],[148.026379,-42.254505],[148.026241,-42.25473]]],[[[148.026447,-42.254374],[148.026735,-42.254171],[148.026423,-42.254254],[148.026447,-42.254374]]],[[[148.308302,-42.270561],[148.309264,-42.270988],[148.309481,-42.270782],[148.308302,-42.270561]]],[[[148.335117,-42.22969],[148.335583,-42.229699],[148.33572,-42.229303],[148.335117,-42.22969]]],[[[148.332558,-42.229569],[148.332963,-42.229464],[148.332859,-42.229155],[148.332558,-42.229569]]],[[[148.329179,-42.232039],[148.328698,-42.231961],[148.329068,-42.232415],[148.329179,-42.232039]]],[[[148.335894,-42.231693],[148.336123,-42.231803],[148.336027,-42.231537],[148.335894,-42.231693]]],[[[148.325312,-42.082259],[148.32476,-42.082529],[148.325443,-42.083167],[148.325312,-42.082259]]],[[[148.324846,-42.084866],[148.325112,-42.084709],[148.32489,-42.084345],[148.324846,-42.084866]]],[[[148.244781,-41.993783],[148.244851,-41.992249],[148.244631,-41.996463],[148.244781,-41.993783]]],[[[148.244798,-41.992073],[148.244779,-41.991116],[148.243969,-41.98997],[148.244798,-41.992073]]],[[[148.243551,-41.99068],[148.244064,-41.990651],[148.243337,-41.990039],[148.243551,-41.99068]]],[[[148.295153,-42.333093],[148.292335,-42.335947],[148.299574,-42.337495],[148.297148,-42.339533],[148.298989,-42.341163],[148.301516,-42.33977],[148.300692,-42.336822],[148.305991,-42.341212],[148.304647,-42.343771],[148.30859,-42.342695],[148.314064,-42.345046],[148.314008,-42.343438],[148.320288,-42.343753],[148.321547,-42.341681],[148.326258,-42.343074],[148.326962,-42.341772],[148.33159,-42.341971],[148.332387,-42.34048],[148.338866,-42.34439],[148.338515,-42.342896],[148.339985,-42.344032],[148.343396,-42.343014],[148.342789,-42.341033],[148.346064,-42.341367],[148.340959,-42.338779],[148.334888,-42.339972],[148.330621,-42.336618],[148.32969,-42.333946],[148.326336,-42.333754],[148.325125,-42.326341],[148.330166,-42.325017],[148.33172,-42.322609],[148.322604,-42.319253],[148.320416,-42.320265],[148.319449,-42.323683],[148.317638,-42.323319],[148.314399,-42.315336],[148.315563,-42.30989],[148.319335,-42.305859],[148.316781,-42.304986],[148.317214,-42.303789],[148.312911,-42.300252],[148.303732,-42.296204],[148.302891,-42.294216],[148.299916,-42.294567],[148.298487,-42.292448],[148.29688,-42.293287],[148.294429,-42.29185],[148.288549,-42.293713],[148.28878,-42.296797],[148.285012,-42.299727],[148.286307,-42.300488],[148.283339,-42.298114],[148.279245,-42.3022],[148.280103,-42.300163],[148.274875,-42.297073],[148.268075,-42.297091],[148.260108,-42.293551],[148.25398,-42.293462],[148.249415,-42.29749],[148.23893,-42.302281],[148.236141,-42.306476],[148.23657,-42.317665],[148.248332,-42.327342],[148.252379,-42.328639],[148.259653,-42.328039],[148.262782,-42.329623],[148.27312,-42.327358],[148.277073,-42.324631],[148.286637,-42.333181],[148.29417,-42.331514],[148.295153,-42.333093]]],[[[147.976744,-42.322967],[147.983276,-42.318761],[147.982279,-42.315632],[147.978756,-42.315973],[147.976828,-42.318208],[147.976744,-42.322967]]],[[[147.944246,-42.342966],[147.950656,-42.342654],[147.948207,-42.341531],[147.944246,-42.342966]]],[[[147.951421,-42.338052],[147.949263,-42.33913],[147.949678,-42.340693],[147.954677,-42.339715],[147.951171,-42.34058],[147.950074,-42.338919],[147.951421,-42.338052]]],[[[147.957028,-42.339818],[147.952707,-42.341753],[147.956259,-42.34291],[147.953049,-42.341547],[147.957028,-42.339818]]],[[[148.31192,-42.355138],[148.311863,-42.355976],[148.313485,-42.356315],[148.31192,-42.355138]]],[[[148.312138,-42.355087],[148.313833,-42.355288],[148.313135,-42.354588],[148.312138,-42.355087]]],[[[147.983554,-42.322799],[147.982569,-42.322474],[147.983042,-42.323374],[147.983554,-42.322799]]],[[[147.950755,-42.341023],[147.95218,-42.341094],[147.95337,-42.340692],[147.950755,-42.341023]]],[[[148.285915,-42.336025],[148.286662,-42.336385],[148.28643,-42.336021],[148.285915,-42.336025]]],[[[147.945641,-42.346293],[147.946273,-42.346175],[147.945872,-42.346138],[147.945641,-42.346293]]],[[[147.987885,-42.321808],[147.988081,-42.321773],[147.987963,-42.32152],[147.987885,-42.321808]]],[[[147.985903,-42.323857],[147.985886,-42.323743],[147.98559,-42.323667],[147.985903,-42.323857]]],[[[148.346795,-42.116189],[148.348554,-42.117791],[148.350273,-42.117535],[148.346795,-42.116189]]],[[[148.355313,-42.118583],[148.357157,-42.119134],[148.356505,-42.118212],[148.355313,-42.118583]]],[[[148.357147,-42.116921],[148.357683,-42.117773],[148.357842,-42.116811],[148.357147,-42.116921]]],[[[148.291589,-41.857476],[148.29001,-41.856151],[148.288947,-41.857123],[148.290073,-41.860168],[148.291589,-41.857476]]],[[[148.312071,-41.873492],[148.312924,-41.874735],[148.312309,-41.872159],[148.312071,-41.873492]]],[[[148.31177,-41.871515],[148.313203,-41.872103],[148.313765,-41.870441],[148.31177,-41.871515]]],[[[148.309338,-41.888545],[148.309979,-41.888555],[148.30951,-41.888194],[148.309338,-41.888545]]],[[[148.316222,-41.876506],[148.315497,-41.876789],[148.316149,-41.876936],[148.316222,-41.876506]]],[[[148.295929,-41.868469],[148.295363,-41.868615],[148.296154,-41.868419],[148.295929,-41.868469]]],[[[148.312666,-41.875247],[148.313165,-41.875506],[148.312945,-41.875185],[148.312666,-41.875247]]],[[[148.282548,-41.857762],[148.282714,-41.857703],[148.282468,-41.857521],[148.282548,-41.857762]]],[[[148.280322,-41.856871],[148.280563,-41.856691],[148.280468,-41.856634],[148.280322,-41.856871]]],[[[148.353328,-42.202942],[148.354542,-42.203284],[148.354246,-42.20218],[148.353328,-42.202942]]],[[[148.350887,-42.208253],[148.351048,-42.208124],[148.350705,-42.207839],[148.350887,-42.208253]]],[[[147.912217,-42.511501],[147.910959,-42.511333],[147.911773,-42.511676],[147.912217,-42.511501]]],[[[147.910796,-42.512266],[147.911659,-42.512328],[147.910863,-42.512023],[147.910796,-42.512266]]],[[[147.909379,-42.510912],[147.909499,-42.510737],[147.909118,-42.510431],[147.909379,-42.510912]]],[[[147.90958,-42.509822],[147.909054,-42.509815],[147.909384,-42.510046],[147.90958,-42.509822]]],[[[147.90969,-42.515094],[147.909838,-42.515303],[147.909947,-42.514925],[147.90969,-42.515094]]],[[[147.909683,-42.509687],[147.909955,-42.509838],[147.90978,-42.509546],[147.909683,-42.509687]]],[[[148.143167,-42.068905],[148.146706,-42.069387],[148.15137,-42.066735],[148.146324,-42.066611],[148.143167,-42.068905]]],[[[148.142381,-42.072677],[148.143367,-42.073484],[148.149962,-42.070733],[148.142381,-42.072677]]],[[[148.197389,-42.07618],[148.199357,-42.076636],[148.200465,-42.074265],[148.198876,-42.073826],[148.197389,-42.07618]]],[[[148.126563,-42.070621],[148.128729,-42.070565],[148.129265,-42.06968],[148.126563,-42.070621]]],[[[148.146476,-42.06574],[148.145788,-42.065188],[148.144026,-42.065817],[148.146476,-42.06574]]],[[[148.151373,-42.063225],[148.15274,-42.063664],[148.153765,-42.062674],[148.151373,-42.063225]]],[[[148.218087,-42.02633],[148.219813,-42.025407],[148.218307,-42.025518],[148.218087,-42.02633]]],[[[148.187287,-42.036464],[148.186132,-42.036624],[148.185769,-42.038205],[148.187287,-42.036464]]],[[[148.152137,-42.070856],[148.15086,-42.07047],[148.151279,-42.071207],[148.152137,-42.070856]]],[[[148.18796,-42.035957],[148.186698,-42.035811],[148.186093,-42.036399],[148.18796,-42.035957]]],[[[148.215302,-42.004583],[148.214752,-42.004091],[148.214116,-42.004828],[148.215302,-42.004583]]],[[[148.176894,-42.014081],[148.177774,-42.013498],[148.177808,-42.012578],[148.176894,-42.014081]]],[[[148.189264,-42.036108],[148.189196,-42.036502],[148.190341,-42.035927],[148.189264,-42.036108]]],[[[148.186656,-42.035471],[148.187455,-42.035439],[148.186964,-42.035247],[148.186656,-42.035471]]],[[[148.220456,-42.024634],[148.221004,-42.024349],[148.220642,-42.024242],[148.220456,-42.024634]]],[[[148.211366,-42.010998],[148.211545,-42.011045],[148.21157,-42.010624],[148.211366,-42.010998]]],[[[148.209881,-42.013185],[148.210315,-42.013008],[148.209929,-42.01301],[148.209881,-42.013185]]],[[[148.263547,-42.176665],[148.261422,-42.176669],[148.260858,-42.179223],[148.263547,-42.176665]]],[[[148.268623,-42.12485],[148.269627,-42.124986],[148.270276,-42.12405],[148.268623,-42.12485]]],[[[148.339312,-42.133092],[148.33837,-42.132626],[148.338828,-42.13365],[148.339312,-42.133092]]],[[[148.339766,-42.134002],[148.340287,-42.134037],[148.339733,-42.133688],[148.339766,-42.134002]]],[[[148.267251,-42.176834],[148.267734,-42.176618],[148.26735,-42.176564],[148.267251,-42.176834]]],[[[148.31821,-42.17028],[148.318638,-42.170458],[148.318589,-42.169967],[148.31821,-42.17028]]],[[[148.319954,-42.134491],[148.320223,-42.134776],[148.320176,-42.134329],[148.319954,-42.134491]]],[[[148.146233,-41.824758],[148.094397,-41.824837],[148.092396,-41.832967],[148.039915,-41.843866],[148.021993,-41.873832],[148.01408,-41.872787],[147.967369,-41.856817],[147.884588,-41.876467],[147.845899,-42.010376],[147.847501,-42.01062],[147.84392,-42.023554],[147.849102,-42.02525],[147.846507,-42.034783],[147.842854,-42.034163],[147.839604,-42.047779],[147.865891,-42.088591],[147.889196,-42.143152],[147.882228,-42.213504],[147.866259,-42.241288],[147.830587,-42.278834],[147.79754,-42.282473],[147.797296,-42.280988],[147.789163,-42.28171],[147.791333,-42.296362],[147.809878,-42.298756],[147.806481,-42.31336],[147.809654,-42.314087],[147.812084,-42.319941],[147.815216,-42.320371],[147.815024,-42.325359],[147.818974,-42.325541],[147.826068,-42.32221],[147.825916,-42.325728],[147.82995,-42.334991],[147.834852,-42.325172],[147.841341,-42.328579],[147.847245,-42.329373],[147.853647,-42.326348],[147.856511,-42.328652],[147.852292,-42.334039],[147.846243,-42.335311],[147.843752,-42.341248],[147.840727,-42.342611],[147.838059,-42.339695],[147.837348,-42.341741],[147.834304,-42.341283],[147.826772,-42.348628],[147.81265,-42.350786],[147.808429,-42.348044],[147.804901,-42.349883],[147.791343,-42.343069],[147.780496,-42.346517],[147.779042,-42.352865],[147.768705,-42.355724],[147.767097,-42.35418],[147.758407,-42.358688],[147.778611,-42.379796],[147.764512,-42.387192],[147.762536,-42.385142],[147.748713,-42.392119],[147.739895,-42.424781],[147.746811,-42.426984],[147.742119,-42.435187],[147.738873,-42.434169],[147.729636,-42.450206],[147.726854,-42.45031],[147.726695,-42.448812],[147.724239,-42.448008],[147.719792,-42.450193],[147.719064,-42.4541],[147.710724,-42.455357],[147.709141,-42.454365],[147.702588,-42.456497],[147.699003,-42.45416],[147.695952,-42.455065],[147.697501,-42.456691],[147.693297,-42.45909],[147.694702,-42.460044],[147.691047,-42.467935],[147.687867,-42.470084],[147.684102,-42.469799],[147.682077,-42.47544],[147.678748,-42.47492],[147.671674,-42.47868],[147.669995,-42.483561],[147.666882,-42.484573],[147.670519,-42.485686],[147.667306,-42.489417],[147.67099,-42.493385],[147.671302,-42.496139],[147.666359,-42.499884],[147.668722,-42.501881],[147.66777,-42.503467],[147.631925,-42.508846],[147.628414,-42.508412],[147.630465,-42.499677],[147.619241,-42.498058],[147.616917,-42.506814],[147.619401,-42.507139],[147.616805,-42.523057],[147.603242,-42.521488],[147.60264,-42.524218],[147.605499,-42.524551],[147.604339,-42.526827],[147.609348,-42.531149],[147.606913,-42.532369],[147.607234,-42.530774],[147.602037,-42.530128],[147.601593,-42.532237],[147.599429,-42.532006],[147.599125,-42.533205],[147.590781,-42.531985],[147.589881,-42.535738],[147.598233,-42.535423],[147.596231,-42.542206],[147.588876,-42.541346],[147.586859,-42.550583],[147.583401,-42.550162],[147.581539,-42.556182],[147.575403,-42.556829],[147.574256,-42.561193],[147.577922,-42.565085],[147.581856,-42.563528],[147.59014,-42.565292],[147.59486,-42.564263],[147.591002,-42.579837],[147.593541,-42.5823],[147.59267,-42.58564],[147.59034,-42.585359],[147.587859,-42.597687],[147.589835,-42.597923],[147.58592,-42.613739],[147.62046,-42.618228],[147.619674,-42.621121],[147.624864,-42.621788],[147.623089,-42.632403],[147.609378,-42.632863],[147.593227,-42.636862],[147.591632,-42.644813],[147.596316,-42.645548],[147.592427,-42.662732],[147.587043,-42.662096],[147.586796,-42.666849],[147.591269,-42.666905],[147.59126,-42.668758],[147.596147,-42.66872],[147.596608,-42.666704],[147.604269,-42.667622],[147.603044,-42.673304],[147.626056,-42.671691],[147.636214,-42.673102],[147.626232,-42.676985],[147.621013,-42.674618],[147.617259,-42.674881],[147.628564,-42.686587],[147.633761,-42.68719],[147.627107,-42.681214],[147.626305,-42.678113],[147.656626,-42.68231],[147.659954,-42.669795],[147.665246,-42.669781],[147.665179,-42.671874],[147.670745,-42.67145],[147.670212,-42.673464],[147.675809,-42.67412],[147.675688,-42.675908],[147.678612,-42.676715],[147.678557,-42.681894],[147.687027,-42.68319],[147.688959,-42.688488],[147.697313,-42.694186],[147.707528,-42.693365],[147.710925,-42.695916],[147.712497,-42.689977],[147.742186,-42.694096],[147.741011,-42.698689],[147.748769,-42.699338],[147.747879,-42.702996],[147.751358,-42.703491],[147.750872,-42.705554],[147.753292,-42.705873],[147.753844,-42.703652],[147.763023,-42.705114],[147.763609,-42.702932],[147.768718,-42.70364],[147.767904,-42.706736],[147.773316,-42.707642],[147.772808,-42.709573],[147.775066,-42.710652],[147.917602,-42.718756],[147.913899,-42.731408],[147.93689,-42.735002],[147.942836,-42.728295],[147.946557,-42.727997],[147.944843,-42.726844],[147.946239,-42.726049],[147.943361,-42.721956],[147.944101,-42.716692],[147.941929,-42.713697],[147.946037,-42.712194],[147.947278,-42.70909],[147.940605,-42.70584],[147.939661,-42.707494],[147.94217,-42.707629],[147.941841,-42.709314],[147.938146,-42.713324],[147.939801,-42.71082],[147.936209,-42.711736],[147.93914,-42.711275],[147.937026,-42.708834],[147.940505,-42.70583],[147.938712,-42.703661],[147.938767,-42.700679],[147.940982,-42.697337],[147.945464,-42.694814],[147.944018,-42.693921],[147.944946,-42.690423],[147.949708,-42.690651],[147.948921,-42.688261],[147.957545,-42.685006],[147.957902,-42.68143],[147.962167,-42.679579],[147.959299,-42.67606],[147.962994,-42.669572],[147.953489,-42.661057],[147.957061,-42.653169],[147.954259,-42.657156],[147.951634,-42.654389],[147.943676,-42.655039],[147.942413,-42.653451],[147.93993,-42.654498],[147.941606,-42.653376],[147.929755,-42.644888],[147.935064,-42.647631],[147.932142,-42.643418],[147.938708,-42.647997],[147.93795,-42.644883],[147.939336,-42.647983],[147.952941,-42.651701],[147.954145,-42.653632],[147.95574,-42.652893],[147.954992,-42.651115],[147.957717,-42.652575],[147.9577,-42.648007],[147.955485,-42.644888],[147.936443,-42.636291],[147.931617,-42.631546],[147.935504,-42.626508],[147.938653,-42.625699],[147.937576,-42.620639],[147.94072,-42.616613],[147.938545,-42.614588],[147.945702,-42.610161],[147.94558,-42.606425],[147.936156,-42.603707],[147.936218,-42.601893],[147.932327,-42.600072],[147.931698,-42.593543],[147.928031,-42.595378],[147.923287,-42.591831],[147.917265,-42.59],[147.914579,-42.582778],[147.910618,-42.581324],[147.907723,-42.569425],[147.902508,-42.565944],[147.89911,-42.565311],[147.898566,-42.5679],[147.896183,-42.568962],[147.886943,-42.566478],[147.881812,-42.566928],[147.877879,-42.560527],[147.878986,-42.554142],[147.874478,-42.558271],[147.871437,-42.558953],[147.858731,-42.558946],[147.852795,-42.561015],[147.850756,-42.558605],[147.852799,-42.560531],[147.857542,-42.558174],[147.871615,-42.557227],[147.882113,-42.550905],[147.881808,-42.55268],[147.888451,-42.545247],[147.896631,-42.546188],[147.899773,-42.54805],[147.904941,-42.546542],[147.913375,-42.548499],[147.916529,-42.544753],[147.913754,-42.541635],[147.915574,-42.53815],[147.913287,-42.530638],[147.910224,-42.531188],[147.900704,-42.524436],[147.897312,-42.524016],[147.898831,-42.523705],[147.898602,-42.521296],[147.901709,-42.517707],[147.905427,-42.514923],[147.909419,-42.514549],[147.907633,-42.510763],[147.908972,-42.510429],[147.906225,-42.509344],[147.905186,-42.506133],[147.90637,-42.509287],[147.908798,-42.510001],[147.908999,-42.508651],[147.914292,-42.511182],[147.918573,-42.50832],[147.918676,-42.503531],[147.920926,-42.499421],[147.923943,-42.498819],[147.923738,-42.496773],[147.924256,-42.498712],[147.922411,-42.50121],[147.923866,-42.504837],[147.921465,-42.505263],[147.920621,-42.508658],[147.916297,-42.509945],[147.914213,-42.516275],[147.930363,-42.53079],[147.925509,-42.534068],[147.926606,-42.535591],[147.925196,-42.538147],[147.931032,-42.540179],[147.930312,-42.542524],[147.932207,-42.545803],[147.930722,-42.546733],[147.932357,-42.550109],[147.940819,-42.54691],[147.948975,-42.553217],[147.955036,-42.551433],[147.956158,-42.549754],[147.954874,-42.549032],[147.956259,-42.547613],[147.955015,-42.544973],[147.958246,-42.541759],[147.955042,-42.538178],[147.959532,-42.535459],[147.957764,-42.534606],[147.95821,-42.531926],[147.96825,-42.5291],[147.969581,-42.525339],[147.966933,-42.52314],[147.968733,-42.520319],[147.971869,-42.519523],[147.97526,-42.516146],[147.983245,-42.515985],[147.985461,-42.521358],[147.98878,-42.524529],[147.994828,-42.526525],[147.99838,-42.521172],[147.995855,-42.517774],[148.002638,-42.516806],[148.010985,-42.509609],[148.005754,-42.506895],[148.002988,-42.507228],[148.001645,-42.502854],[147.997047,-42.501556],[147.99444,-42.489958],[147.992061,-42.490525],[147.99276,-42.495591],[147.991426,-42.499942],[147.990022,-42.500575],[147.988528,-42.498332],[147.991792,-42.490187],[147.988732,-42.488754],[147.994646,-42.488919],[147.996733,-42.476193],[147.998926,-42.474588],[148.000491,-42.46775],[148.00366,-42.4658],[148.004109,-42.463605],[148.010258,-42.462334],[148.007548,-42.458212],[148.009092,-42.452584],[148.01211,-42.450761],[148.008752,-42.447258],[148.009862,-42.44024],[148.000078,-42.440361],[147.992585,-42.437517],[147.988194,-42.440654],[147.984487,-42.440976],[147.98278,-42.438931],[147.980387,-42.441354],[147.976961,-42.441026],[147.980355,-42.441101],[147.98161,-42.437658],[147.986216,-42.439196],[147.992899,-42.436891],[147.997518,-42.438535],[147.997221,-42.435719],[147.995728,-42.435006],[147.998904,-42.432983],[147.994088,-42.427492],[147.995033,-42.421914],[147.993282,-42.41822],[147.985375,-42.415176],[147.985528,-42.41144],[147.980502,-42.405373],[147.98328,-42.402127],[147.98776,-42.389029],[147.997371,-42.378907],[148.008589,-42.373715],[148.008188,-42.367003],[148.009852,-42.363226],[148.014242,-42.358145],[148.016538,-42.357648],[148.01833,-42.35392],[148.026865,-42.349635],[148.021798,-42.348033],[148.024595,-42.342403],[148.019143,-42.338042],[148.017856,-42.330889],[148.015521,-42.327757],[148.016283,-42.324181],[148.014541,-42.320502],[148.01879,-42.317662],[148.01849,-42.314994],[148.015272,-42.31413],[148.011302,-42.316749],[147.999998,-42.315101],[147.996063,-42.311538],[147.990299,-42.314983],[147.992146,-42.318558],[147.988286,-42.322129],[147.985823,-42.321394],[147.988077,-42.324811],[147.97805,-42.325529],[147.979098,-42.327469],[147.98128,-42.327608],[147.981475,-42.329578],[147.975748,-42.333867],[147.982341,-42.3349],[147.985856,-42.337231],[147.975859,-42.336311],[147.969219,-42.341544],[147.965383,-42.337661],[147.960257,-42.341258],[147.961533,-42.345382],[147.959317,-42.351566],[147.963046,-42.354793],[147.962062,-42.357317],[147.960321,-42.354748],[147.957205,-42.353728],[147.954408,-42.347467],[147.956645,-42.346334],[147.954987,-42.343889],[147.951338,-42.343854],[147.946937,-42.347978],[147.945486,-42.346342],[147.945838,-42.348479],[147.943874,-42.349578],[147.945118,-42.347062],[147.941843,-42.348465],[147.944837,-42.346846],[147.944294,-42.345859],[147.934825,-42.348562],[147.931455,-42.347297],[147.931135,-42.343468],[147.935795,-42.336646],[147.936349,-42.340639],[147.943692,-42.34316],[147.938099,-42.337239],[147.938971,-42.33279],[147.938597,-42.337433],[147.939739,-42.33837],[147.940112,-42.336991],[147.944069,-42.342364],[147.948446,-42.340288],[147.949722,-42.337831],[147.945146,-42.338738],[147.943686,-42.337266],[147.944749,-42.336088],[147.952926,-42.336648],[147.958997,-42.334986],[147.953665,-42.33249],[147.960184,-42.334979],[147.970442,-42.332948],[147.974867,-42.328393],[147.970394,-42.325857],[147.972505,-42.323249],[147.970442,-42.320752],[147.974557,-42.31951],[147.977452,-42.314091],[147.979933,-42.313938],[147.979507,-42.312698],[147.981173,-42.31195],[147.977564,-42.307386],[147.98129,-42.310578],[147.987856,-42.310115],[147.988256,-42.307225],[147.989788,-42.309938],[147.995794,-42.308422],[147.995291,-42.310496],[148.000351,-42.309921],[148.000252,-42.304067],[148.002355,-42.298651],[148.004211,-42.298299],[148.003684,-42.296369],[148.008023,-42.292548],[148.011675,-42.292381],[148.009961,-42.290905],[148.010461,-42.288716],[148.01562,-42.285455],[148.015713,-42.281425],[148.012472,-42.279684],[148.012122,-42.277684],[148.013461,-42.275201],[148.015843,-42.274571],[148.015248,-42.272349],[148.019084,-42.270747],[148.015299,-42.270574],[148.014812,-42.268224],[148.017078,-42.268125],[148.017437,-42.266039],[148.023611,-42.261381],[148.026127,-42.262621],[148.028156,-42.260597],[148.024441,-42.254413],[148.020205,-42.253755],[148.018086,-42.250398],[148.013171,-42.249449],[148.011806,-42.244888],[148.013588,-42.239337],[148.025435,-42.22676],[148.029483,-42.225033],[148.031748,-42.21755],[148.036577,-42.213633],[148.040664,-42.212602],[148.042676,-42.209626],[148.045837,-42.209205],[148.045564,-42.206899],[148.043264,-42.206112],[148.043953,-42.202995],[148.049924,-42.198897],[148.065975,-42.192504],[148.068663,-42.188316],[148.068938,-42.181116],[148.071902,-42.177799],[148.07226,-42.174857],[148.076395,-42.170583],[148.083887,-42.167902],[148.084056,-42.16639],[148.08106,-42.165818],[148.078864,-42.163],[148.080027,-42.156327],[148.076764,-42.155614],[148.076236,-42.152884],[148.071294,-42.154178],[148.076471,-42.152388],[148.076749,-42.148163],[148.081262,-42.143916],[148.080866,-42.141861],[148.077749,-42.140476],[148.076616,-42.132582],[148.085097,-42.125498],[148.075874,-42.123231],[148.07226,-42.115235],[148.072931,-42.112697],[148.069182,-42.112651],[148.070039,-42.112063],[148.066618,-42.113901],[148.061765,-42.113324],[148.061643,-42.115606],[148.059541,-42.116426],[148.055025,-42.114916],[148.052204,-42.118904],[148.046671,-42.118405],[148.052256,-42.118732],[148.054908,-42.114751],[148.056139,-42.116077],[148.060661,-42.116059],[148.061863,-42.113134],[148.065667,-42.113734],[148.072223,-42.111201],[148.072998,-42.112389],[148.083215,-42.103855],[148.097354,-42.097367],[148.123937,-42.092413],[148.165542,-42.091337],[148.199888,-42.094157],[148.231037,-42.099517],[148.235075,-42.098101],[148.233431,-42.092559],[148.207707,-42.084252],[148.183826,-42.081877],[148.17616,-42.084628],[148.167513,-42.08495],[148.156752,-42.079023],[148.154363,-42.075396],[148.150767,-42.07448],[148.129606,-42.080231],[148.12376,-42.07977],[148.129031,-42.077445],[148.118678,-42.076337],[148.103314,-42.082901],[148.095335,-42.082542],[148.089234,-42.079628],[148.081557,-42.072434],[148.075788,-42.072708],[148.075329,-42.066199],[148.073529,-42.065232],[148.069226,-42.065859],[148.067362,-42.068802],[148.063965,-42.068354],[148.067592,-42.068593],[148.070279,-42.065416],[148.075237,-42.065858],[148.079552,-42.060901],[148.076227,-42.053817],[148.079847,-42.060765],[148.075702,-42.06538],[148.075801,-42.072213],[148.082341,-42.071338],[148.09308,-42.080817],[148.103326,-42.081784],[148.119454,-42.074713],[148.127252,-42.073715],[148.127086,-42.070975],[148.124132,-42.07164],[148.122977,-42.070373],[148.114651,-42.073621],[148.129533,-42.061099],[148.135286,-42.062962],[148.137956,-42.060659],[148.139583,-42.063369],[148.152905,-42.061994],[148.165029,-42.051742],[148.157331,-42.048955],[148.160662,-42.047209],[148.162518,-42.044096],[148.162363,-42.038655],[148.155914,-42.035438],[148.147361,-42.034039],[148.145285,-42.037278],[148.150802,-42.040177],[148.150714,-42.044652],[148.148932,-42.04823],[148.142841,-42.051588],[148.13978,-42.050114],[148.141806,-42.046187],[148.137216,-42.046678],[148.133269,-42.043936],[148.137902,-42.046616],[148.142216,-42.045439],[148.140478,-42.043402],[148.141998,-42.041116],[148.146083,-42.041469],[148.144592,-42.037177],[148.145207,-42.032696],[148.143515,-42.029764],[148.145872,-42.026953],[148.143334,-42.022684],[148.144298,-42.01709],[148.153693,-42.010211],[148.153545,-42.005171],[148.165867,-41.996274],[148.172132,-41.997955],[148.172143,-42.001085],[148.169233,-42.002932],[148.172107,-42.003767],[148.172703,-42.005516],[148.171402,-42.006092],[148.173342,-42.0068],[148.17361,-42.009114],[148.183674,-42.010694],[148.187005,-42.014591],[148.187028,-42.018507],[148.197443,-42.020788],[148.199342,-42.020221],[148.200304,-42.017277],[148.205061,-42.016428],[148.210881,-42.01044],[148.213128,-42.004751],[148.217559,-42.00295],[148.217846,-42.001661],[148.212296,-41.996267],[148.211979,-41.994819],[148.214539,-41.992485],[148.210671,-41.990598],[148.214914,-41.991732],[148.215807,-41.988017],[148.213601,-41.987232],[148.217163,-41.988358],[148.214093,-41.985986],[148.21568,-41.986497],[148.215314,-41.985375],[148.217677,-41.98853],[148.222328,-41.990214],[148.229474,-41.984492],[148.232784,-41.983933],[148.240019,-41.98595],[148.244204,-41.989393],[148.245685,-41.995507],[148.24254,-42.003327],[148.233309,-42.009337],[148.229692,-42.013654],[148.226501,-42.022168],[148.224535,-42.02298],[148.224403,-42.020278],[148.222082,-42.020928],[148.217866,-42.027903],[148.218271,-42.031294],[148.215582,-42.032603],[148.214315,-42.035641],[148.206658,-42.039396],[148.192959,-42.036039],[148.179866,-42.043027],[148.172689,-42.043364],[148.170931,-42.046001],[148.17061,-42.05126],[148.174083,-42.052419],[148.174605,-42.054334],[148.173164,-42.055785],[148.163348,-42.057424],[148.159404,-42.060081],[148.156834,-42.065166],[148.157207,-42.074221],[148.162203,-42.077933],[148.186975,-42.077823],[148.19134,-42.074802],[148.194194,-42.068883],[148.197649,-42.067173],[148.221075,-42.068825],[148.224633,-42.071401],[148.223343,-42.075781],[148.224652,-42.076874],[148.217601,-42.074863],[148.213234,-42.071421],[148.208129,-42.076061],[148.208447,-42.077378],[148.241679,-42.091021],[148.240945,-42.094356],[148.23653,-42.096835],[148.236798,-42.10106],[148.243568,-42.105112],[148.244179,-42.110738],[148.247316,-42.113185],[148.24758,-42.116828],[148.251079,-42.114513],[148.256563,-42.114611],[148.258463,-42.112781],[148.26611,-42.113646],[148.268431,-42.109974],[148.270913,-42.111305],[148.267869,-42.11108],[148.267624,-42.112335],[148.282807,-42.120941],[148.282032,-42.124527],[148.28342,-42.128068],[148.286726,-42.127345],[148.288951,-42.128721],[148.29444,-42.124573],[148.297804,-42.126518],[148.298429,-42.125627],[148.302413,-42.134082],[148.297837,-42.13646],[148.298801,-42.137108],[148.297609,-42.140151],[148.291844,-42.141251],[148.289138,-42.143637],[148.287591,-42.142854],[148.285306,-42.14542],[148.283442,-42.144759],[148.272566,-42.148541],[148.265039,-42.1557],[148.263428,-42.160371],[148.261233,-42.160909],[148.260852,-42.164924],[148.259375,-42.165409],[148.264016,-42.169173],[148.271451,-42.168464],[148.277919,-42.173129],[148.287772,-42.184465],[148.291901,-42.19167],[148.289721,-42.196151],[148.290017,-42.199174],[148.27667,-42.207694],[148.27827,-42.209808],[148.271574,-42.216818],[148.273161,-42.220513],[148.269675,-42.227014],[148.269647,-42.225557],[148.263832,-42.228825],[148.260297,-42.22731],[148.257256,-42.229844],[148.253945,-42.228433],[148.251438,-42.230313],[148.250763,-42.231701],[148.252811,-42.234129],[148.25147,-42.242302],[148.254219,-42.247986],[148.261337,-42.254317],[148.26903,-42.25404],[148.270376,-42.256149],[148.274301,-42.257016],[148.275966,-42.2542],[148.278524,-42.254143],[148.288025,-42.259601],[148.291193,-42.264196],[148.291621,-42.27045],[148.293583,-42.272983],[148.290985,-42.278779],[148.293023,-42.281843],[148.295725,-42.283036],[148.302809,-42.282241],[148.302307,-42.28133],[148.305953,-42.279437],[148.309096,-42.279283],[148.308394,-42.276793],[148.31197,-42.277709],[148.314575,-42.275957],[148.306972,-42.270595],[148.308018,-42.26669],[148.310938,-42.266237],[148.310452,-42.265177],[148.314164,-42.265308],[148.31475,-42.266633],[148.315507,-42.2649],[148.320415,-42.264367],[148.318031,-42.263059],[148.321015,-42.260734],[148.31756,-42.259599],[148.319394,-42.257894],[148.319062,-42.256086],[148.320776,-42.256603],[148.321159,-42.25459],[148.324091,-42.253457],[148.323039,-42.246854],[148.320908,-42.244997],[148.323178,-42.243255],[148.322301,-42.241172],[148.324189,-42.237104],[148.328073,-42.23304],[148.327876,-42.229908],[148.331392,-42.230392],[148.332089,-42.228031],[148.338434,-42.228229],[148.34614,-42.22391],[148.34706,-42.22068],[148.34299,-42.219861],[148.344254,-42.214867],[148.342902,-42.211139],[148.348732,-42.207014],[148.35291,-42.200927],[148.355731,-42.193143],[148.350867,-42.184898],[148.352817,-42.18417],[148.352523,-42.182045],[148.357139,-42.180447],[148.356176,-42.178955],[148.350067,-42.179761],[148.345447,-42.183582],[148.343536,-42.181405],[148.338799,-42.18111],[148.334865,-42.176666],[148.333956,-42.17762],[148.332617,-42.175593],[148.315597,-42.169186],[148.313989,-42.171739],[148.309916,-42.173599],[148.311126,-42.173943],[148.309973,-42.175552],[148.306684,-42.175606],[148.301291,-42.172728],[148.29774,-42.166361],[148.299193,-42.161683],[148.313454,-42.160193],[148.315929,-42.155948],[148.319608,-42.155465],[148.318774,-42.154035],[148.32018,-42.153801],[148.320831,-42.15008],[148.324208,-42.149301],[148.320432,-42.137306],[148.317994,-42.136682],[148.319611,-42.13244],[148.324721,-42.132591],[148.325977,-42.130692],[148.338095,-42.132988],[148.334402,-42.127446],[148.344032,-42.12315],[148.345393,-42.118455],[148.340168,-42.111322],[148.342923,-42.108713],[148.340527,-42.10267],[148.335832,-42.103357],[148.335703,-42.105164],[148.33311,-42.105507],[148.325647,-42.096207],[148.325915,-42.093306],[148.323634,-42.091927],[148.325484,-42.085494],[148.324638,-42.083006],[148.317106,-42.077443],[148.317799,-42.07257],[148.312842,-42.069227],[148.312885,-42.063735],[148.310419,-42.062282],[148.311456,-42.060611],[148.309614,-42.057015],[148.306275,-42.057989],[148.303002,-42.056464],[148.300095,-42.057703],[148.296783,-42.056076],[148.287672,-42.046304],[148.283534,-42.034177],[148.283942,-42.001799],[148.286134,-41.992789],[148.290686,-41.987464],[148.289153,-41.986677],[148.289209,-41.983718],[148.291075,-41.977604],[148.297941,-41.96584],[148.302395,-41.963293],[148.305831,-41.964144],[148.309805,-41.961398],[148.306928,-41.954111],[148.302509,-41.9498],[148.302529,-41.936887],[148.306516,-41.93126],[148.314461,-41.929021],[148.316982,-41.92545],[148.319684,-41.92505],[148.323595,-41.917189],[148.320876,-41.912039],[148.317789,-41.909946],[148.319272,-41.903087],[148.314177,-41.903866],[148.311311,-41.899076],[148.308624,-41.897587],[148.309169,-41.89457],[148.305843,-41.89439],[148.304024,-41.891287],[148.307384,-41.88824],[148.303877,-41.882724],[148.309044,-41.880397],[148.30819,-41.877204],[148.311274,-41.876705],[148.310974,-41.873312],[148.305015,-41.868302],[148.302868,-41.872098],[148.296948,-41.871505],[148.296106,-41.869091],[148.291297,-41.867783],[148.290952,-41.865715],[148.287379,-41.865737],[148.286382,-41.860775],[148.277194,-41.855719],[148.277415,-41.853676],[148.274202,-41.851566],[148.269475,-41.842014],[148.265828,-41.817157],[148.262422,-41.814019],[148.252741,-41.816652],[148.246194,-41.823195],[148.240415,-41.824457],[148.234937,-41.843391],[148.218993,-41.842742],[148.217787,-41.847977],[148.207151,-41.846667],[148.204809,-41.855234],[148.188478,-41.853032],[148.185831,-41.862693],[148.189127,-41.859859],[148.186235,-41.864398],[148.18103,-41.8822],[148.180309,-41.879346],[148.177224,-41.876825],[148.17306,-41.877139],[148.167589,-41.871349],[148.158041,-41.867967],[148.152517,-41.861176],[148.145525,-41.860231],[148.145557,-41.857958],[148.143288,-41.857682],[148.148126,-41.846205],[148.148576,-41.838714],[148.146233,-41.824758]]]]}},{"type":"Feature","properties":{"code":"AU-LGA-62610","name":"Glenorchy","label":"Glenorchy","type":"Local government area","parentCode":"AU-TAS"},"geometry":{"type":"Polygon","coordinates":[[[147.226908,-42.750407],[147.222966,-42.758558],[147.211636,-42.766622],[147.208264,-42.773494],[147.209469,-42.773434],[147.2084,-42.777331],[147.206713,-42.777092],[147.205866,-42.780356],[147.203759,-42.780031],[147.201859,-42.783832],[147.201108,-42.786647],[147.205889,-42.789129],[147.204957,-42.792761],[147.201945,-42.792412],[147.200569,-42.797937],[147.197824,-42.797571],[147.196895,-42.801361],[147.199304,-42.801673],[147.198766,-42.803822],[147.201005,-42.804128],[147.200839,-42.806452],[147.196138,-42.805833],[147.195214,-42.808982],[147.192821,-42.80859],[147.191606,-42.812995],[147.185754,-42.811794],[147.184979,-42.813938],[147.183423,-42.812365],[147.1788,-42.814596],[147.180181,-42.816121],[147.176645,-42.817851],[147.180047,-42.822366],[147.173863,-42.829733],[147.168341,-42.829903],[147.167848,-42.831705],[147.163041,-42.830992],[147.161882,-42.835425],[147.153646,-42.834319],[147.152318,-42.837676],[147.148343,-42.837185],[147.147279,-42.842086],[147.142442,-42.841545],[147.139972,-42.844713],[147.136236,-42.844197],[147.135398,-42.847819],[147.146496,-42.849215],[147.145099,-42.854752],[147.151052,-42.85576],[147.150373,-42.913338],[147.196908,-42.905753],[147.195754,-42.898757],[147.234149,-42.88295],[147.228286,-42.87937],[147.241007,-42.87303],[147.26122,-42.867889],[147.265244,-42.863602],[147.272781,-42.86273],[147.271627,-42.861829],[147.275406,-42.858974],[147.272007,-42.856814],[147.277155,-42.857669],[147.281815,-42.854445],[147.289262,-42.859297],[147.299636,-42.850523],[147.310331,-42.849657],[147.311633,-42.850699],[147.315075,-42.844554],[147.317863,-42.843371],[147.318174,-42.839764],[147.320698,-42.840179],[147.323605,-42.83793],[147.323177,-42.833965],[147.32064,-42.8315],[147.322117,-42.832076],[147.309821,-42.826888],[147.305271,-42.82639],[147.303176,-42.828031],[147.305302,-42.830661],[147.304249,-42.834092],[147.301851,-42.833786],[147.300871,-42.830104],[147.298582,-42.831135],[147.297947,-42.829406],[147.294991,-42.829435],[147.297472,-42.827384],[147.300876,-42.827606],[147.297758,-42.823827],[147.302005,-42.824953],[147.306656,-42.823733],[147.303759,-42.820406],[147.294164,-42.818489],[147.286344,-42.820119],[147.285678,-42.818735],[147.284111,-42.822241],[147.279335,-42.825973],[147.277375,-42.825814],[147.27233,-42.824422],[147.267147,-42.818707],[147.263829,-42.81876],[147.260863,-42.816104],[147.261798,-42.814364],[147.259972,-42.815729],[147.255964,-42.815133],[147.256715,-42.811663],[147.261565,-42.813036],[147.26235,-42.811357],[147.261224,-42.808665],[147.258568,-42.810024],[147.258065,-42.807296],[147.255225,-42.808879],[147.253633,-42.80619],[147.258223,-42.804832],[147.257211,-42.801496],[147.261709,-42.800417],[147.265861,-42.796514],[147.262886,-42.796546],[147.258982,-42.794028],[147.258004,-42.795021],[147.258959,-42.791821],[147.272249,-42.79577],[147.283212,-42.789981],[147.27591,-42.788598],[147.274215,-42.790382],[147.269364,-42.790772],[147.26137,-42.784828],[147.260384,-42.788738],[147.257852,-42.786995],[147.252823,-42.786738],[147.25295,-42.78432],[147.255299,-42.783893],[147.255335,-42.782023],[147.25685,-42.782784],[147.256156,-42.779316],[147.257976,-42.777533],[147.253559,-42.769416],[147.253509,-42.765774],[147.248855,-42.766292],[147.245997,-42.76361],[147.243651,-42.764318],[147.242505,-42.76133],[147.237296,-42.759451],[147.23621,-42.755365],[147.232718,-42.751926],[147.226908,-42.750407]]]}},{"type":"Feature","properties":{"code":"AU-LGA-62810","name":"Hobart","label":"Hobart","type":"Local government area","parentCode":"AU-TAS"},"geometry":{"type":"Polygon","coordinates":[[[147.196908,-42.905753],[147.230806,-42.905028],[147.234916,-42.897962],[147.236937,-42.898517],[147.237915,-42.927042],[147.236739,-42.931716],[147.246387,-42.935628],[147.25402,-42.941083],[147.263968,-42.943113],[147.264915,-42.941507],[147.262434,-42.941132],[147.26393,-42.934621],[147.27262,-42.929502],[147.276976,-42.932706],[147.278121,-42.929159],[147.284991,-42.935688],[147.289592,-42.937782],[147.290447,-42.934012],[147.296573,-42.934331],[147.306893,-42.936867],[147.30614,-42.939399],[147.309438,-42.939911],[147.312985,-42.927819],[147.348637,-42.932798],[147.349495,-42.929744],[147.360531,-42.931622],[147.361977,-42.925826],[147.359833,-42.916034],[147.360971,-42.914127],[147.357348,-42.913643],[147.35704,-42.909439],[147.344778,-42.907924],[147.337225,-42.903887],[147.338426,-42.9016],[147.332244,-42.900207],[147.333225,-42.896159],[147.334591,-42.896016],[147.333877,-42.894339],[147.339017,-42.891152],[147.338122,-42.889179],[147.339452,-42.886782],[147.331532,-42.884926],[147.341473,-42.882227],[147.341201,-42.87705],[147.339155,-42.877281],[147.336169,-42.874772],[147.336903,-42.873734],[147.335241,-42.873849],[147.334552,-42.870569],[147.336794,-42.864576],[147.331058,-42.863696],[147.328566,-42.860042],[147.319668,-42.855118],[147.321909,-42.85131],[147.327339,-42.851472],[147.327854,-42.844597],[147.314877,-42.846819],[147.311633,-42.850699],[147.310331,-42.849657],[147.299636,-42.850523],[147.289262,-42.859297],[147.281815,-42.854445],[147.277155,-42.857669],[147.272007,-42.856814],[147.275406,-42.858974],[147.271627,-42.861829],[147.272781,-42.86273],[147.265244,-42.863602],[147.26122,-42.867889],[147.241007,-42.87303],[147.228286,-42.87937],[147.234149,-42.88295],[147.232986,-42.883723],[147.195754,-42.898757],[147.196908,-42.905753]]]}},{"type":"Feature","properties":{"code":"AU-LGA-63010","name":"Huon Valley","label":"Huon Valley","type":"Local government area","parentCode":"AU-TAS"},"geometry":{"type":"MultiPolygon","coordinates":[[[[146.371276,-43.740365],[146.375177,-43.738105],[146.371498,-43.735757],[146.369879,-43.736877],[146.371276,-43.740365]]],[[[146.262223,-43.662614],[146.260441,-43.663341],[146.263766,-43.6632],[146.262223,-43.662614]]],[[[146.256706,-43.630199],[146.258253,-43.629372],[146.256726,-43.629586],[146.256706,-43.630199]]],[[[146.25782,-43.629333],[146.257836,-43.628991],[146.25703,-43.629048],[146.25782,-43.629333]]],[[[146.246758,-43.661558],[146.247502,-43.661518],[146.246575,-43.661296],[146.246758,-43.661558]]],[[[146.264542,-43.66153],[146.2661,-43.662027],[146.267016,-43.661069],[146.264542,-43.66153]]],[[[146.373883,-43.642535],[146.372481,-43.643905],[146.373926,-43.645615],[146.375869,-43.643591],[146.373883,-43.642535]]],[[[146.383936,-43.639167],[146.381635,-43.638597],[146.384152,-43.639826],[146.383936,-43.639167]]],[[[146.270796,-43.631604],[146.274423,-43.631988],[146.276725,-43.634361],[146.278581,-43.631573],[146.271772,-43.629828],[146.269909,-43.631076],[146.270796,-43.631604]]],[[[146.286034,-43.619886],[146.285376,-43.620963],[146.287683,-43.624029],[146.290801,-43.622383],[146.293691,-43.623229],[146.297128,-43.619667],[146.295521,-43.615056],[146.292349,-43.612939],[146.290327,-43.614097],[146.290213,-43.616464],[146.288764,-43.616383],[146.289306,-43.617728],[146.286406,-43.617746],[146.288127,-43.618909],[146.286034,-43.619886]]],[[[147.13798,-43.290243],[147.14063,-43.29325],[147.14454,-43.294254],[147.147976,-43.290018],[147.148255,-43.285338],[147.13798,-43.290243]]],[[[146.274994,-43.637105],[146.273646,-43.637799],[146.275806,-43.63865],[146.274241,-43.638838],[146.276182,-43.641399],[146.274526,-43.640983],[146.275069,-43.643175],[146.272118,-43.644273],[146.273714,-43.644509],[146.273113,-43.647035],[146.269154,-43.653564],[146.270116,-43.654984],[146.26706,-43.657468],[146.268066,-43.658384],[146.282517,-43.656053],[146.286416,-43.651422],[146.283138,-43.64653],[146.284166,-43.6456],[146.279217,-43.643705],[146.281028,-43.640493],[146.276479,-43.636278],[146.274994,-43.637105]]],[[[146.250904,-43.661226],[146.248607,-43.662426],[146.253793,-43.661281],[146.250904,-43.661226]]],[[[146.257938,-43.662154],[146.254339,-43.662284],[146.256776,-43.662831],[146.257938,-43.662154]]],[[[145.968588,-43.325043],[145.970105,-43.325639],[145.971065,-43.324226],[145.968108,-43.320883],[145.967014,-43.323052],[145.969283,-43.323915],[145.968588,-43.325043]]],[[[146.160125,-43.318708],[146.161187,-43.318358],[146.159992,-43.318232],[146.160125,-43.318708]]],[[[146.34526,-43.58833],[146.339298,-43.587513],[146.341068,-43.58872],[146.337738,-43.590818],[146.337912,-43.593025],[146.336782,-43.592136],[146.339387,-43.596365],[146.338631,-43.59754],[146.341211,-43.599608],[146.341262,-43.602805],[146.344602,-43.605597],[146.347904,-43.604967],[146.350631,-43.607153],[146.354027,-43.60601],[146.359345,-43.60695],[146.36409,-43.604653],[146.364062,-43.602654],[146.366663,-43.600345],[146.37562,-43.599278],[146.377619,-43.596435],[146.375083,-43.59137],[146.376543,-43.590333],[146.375859,-43.586998],[146.36089,-43.589751],[146.347718,-43.586661],[146.34526,-43.58833]]],[[[146.639705,-43.587936],[146.639923,-43.587929],[146.640097,-43.587513],[146.639705,-43.587936]]],[[[146.63939,-43.585328],[146.639813,-43.585098],[146.639407,-43.585075],[146.63939,-43.585328]]],[[[146.639943,-43.589146],[146.640203,-43.58937],[146.640431,-43.58912],[146.639943,-43.589146]]],[[[146.52027,-43.575244],[146.517007,-43.577851],[146.515132,-43.582045],[146.518695,-43.579195],[146.521107,-43.579171],[146.521502,-43.575334],[146.524056,-43.571932],[146.528107,-43.572167],[146.528004,-43.569155],[146.534531,-43.563772],[146.526345,-43.565066],[146.520863,-43.571733],[146.52027,-43.575244]]],[[[145.963487,-43.423125],[145.967115,-43.425617],[145.969496,-43.424078],[145.967643,-43.419509],[145.971358,-43.418389],[145.96986,-43.416385],[145.970258,-43.412172],[145.96767,-43.41323],[145.967691,-43.417294],[145.964464,-43.419032],[145.963364,-43.422171],[145.965269,-43.422099],[145.963487,-43.423125]]],[[[146.356403,-43.533144],[146.355005,-43.533091],[146.35474,-43.537025],[146.356744,-43.537162],[146.358598,-43.534966],[146.359069,-43.537256],[146.35914,-43.535221],[146.363563,-43.536021],[146.364951,-43.534651],[146.356403,-43.533144]]],[[[145.965784,-43.328779],[145.964718,-43.328266],[145.966278,-43.329396],[145.964454,-43.329392],[145.963611,-43.331271],[145.96698,-43.334777],[145.966332,-43.329965],[145.969701,-43.326259],[145.967207,-43.325451],[145.965784,-43.328779]]],[[[146.999877,-43.524708],[146.995159,-43.527187],[146.998042,-43.529968],[146.996562,-43.534551],[146.998503,-43.533717],[146.997229,-43.532213],[146.998853,-43.531092],[146.998094,-43.529276],[146.999877,-43.524708]]],[[[146.979122,-43.479407],[146.973922,-43.483674],[146.976803,-43.483462],[146.979122,-43.479407]]],[[[146.581397,-43.571701],[146.587635,-43.567642],[146.582289,-43.569302],[146.581397,-43.571701]]],[[[147.006507,-43.476402],[147.012403,-43.476351],[147.010052,-43.475143],[147.006507,-43.476402]]],[[[146.157772,-43.375822],[146.161708,-43.374763],[146.159683,-43.37417],[146.157772,-43.375822]]],[[[146.152251,-43.380538],[146.154561,-43.379915],[146.155479,-43.377679],[146.152251,-43.380538]]],[[[145.981508,-43.356064],[145.984705,-43.351669],[145.982452,-43.353527],[145.981508,-43.356064]]],[[[145.994233,-43.329408],[145.99622,-43.331184],[145.995779,-43.327773],[145.994233,-43.329408]]],[[[145.92994,-43.412214],[145.931417,-43.412966],[145.932745,-43.410634],[145.930875,-43.41018],[145.92994,-43.412214]]],[[[146.147509,-43.368216],[146.145146,-43.368711],[146.148922,-43.369907],[146.147509,-43.368216]]],[[[146.992334,-43.552057],[146.993449,-43.553132],[146.99586,-43.552224],[146.992392,-43.550881],[146.992334,-43.552057]]],[[[146.008134,-43.338385],[146.013123,-43.337839],[146.011121,-43.337234],[146.008134,-43.338385]]],[[[145.931809,-43.421135],[145.934876,-43.420095],[145.932092,-43.41946],[145.931809,-43.421135]]],[[[146.117028,-43.528327],[146.119713,-43.530956],[146.119121,-43.52791],[146.117028,-43.528327]]],[[[146.154284,-43.372307],[146.156351,-43.371716],[146.154153,-43.371146],[146.154284,-43.372307]]],[[[145.966064,-43.334941],[145.966029,-43.337492],[145.967618,-43.335185],[145.966064,-43.334941]]],[[[146.006514,-43.457811],[146.007562,-43.458901],[146.008889,-43.457628],[146.006514,-43.457811]]],[[[146.60202,-43.572524],[146.603719,-43.570628],[146.601764,-43.571199],[146.60202,-43.572524]]],[[[146.944697,-43.492805],[146.947087,-43.492189],[146.946806,-43.490992],[146.944697,-43.492805]]],[[[146.142719,-43.367673],[146.144431,-43.367988],[146.140506,-43.366343],[146.142719,-43.367673]]],[[[146.902809,-43.516871],[146.90176,-43.517635],[146.903498,-43.518522],[146.902809,-43.516871]]],[[[145.961607,-43.346406],[145.960445,-43.345994],[145.95927,-43.346991],[145.961607,-43.346406]],[[146.559164,-43.514852],[146.557997,-43.514597],[146.561129,-43.515065],[146.559164,-43.514852]]],[[[146.365923,-43.536322],[146.367571,-43.536133],[146.367014,-43.535005],[146.365923,-43.536322]]],[[[146.006337,-43.459422],[146.007225,-43.458992],[146.005733,-43.458008],[146.006337,-43.459422]]],[[[145.958372,-43.425008],[145.958394,-43.425885],[145.959668,-43.425376],[145.958372,-43.425008]]],[[[146.048423,-43.338675],[146.050713,-43.339113],[146.050384,-43.338496],[146.048423,-43.338675]]],[[[145.921134,-43.41824],[145.920391,-43.417849],[145.920239,-43.41916],[145.921134,-43.41824]]],[[[146.001215,-43.438895],[146.003467,-43.438474],[146.001677,-43.438275],[146.001215,-43.438895]]],[[[146.947405,-43.483481],[146.948089,-43.483112],[146.947566,-43.481581],[146.947405,-43.483481]]],[[[146.902141,-43.515944],[146.901021,-43.516716],[146.902231,-43.516508],[146.902141,-43.515944]]],[[[145.922439,-43.420055],[145.922799,-43.418939],[145.922242,-43.418179],[145.922439,-43.420055]]],[[[146.378965,-43.535493],[146.38014,-43.535536],[146.379677,-43.534831],[146.378965,-43.535493]]],[[[146.973133,-43.448294],[146.973831,-43.447281],[146.972899,-43.447373],[146.973133,-43.448294]]],[[[146.009832,-43.458545],[146.008932,-43.458699],[146.010803,-43.458771],[146.009832,-43.458545]]],[[[146.162474,-43.518816],[146.163286,-43.517321],[146.162496,-43.517713],[146.162474,-43.518816]]],[[[145.929758,-43.389812],[145.93039,-43.389412],[145.930083,-43.388486],[145.929758,-43.389812]]],[[[146.31926,-43.535459],[146.320695,-43.535503],[146.319513,-43.534983],[146.31926,-43.535459]]],[[[145.932777,-43.409234],[145.931688,-43.40973],[145.932523,-43.409852],[145.932777,-43.409234]]],[[[145.967309,-43.428096],[145.966044,-43.427448],[145.966722,-43.42816],[145.967309,-43.428096]]],[[[145.969432,-43.425295],[145.970077,-43.425813],[145.969826,-43.424509],[145.969432,-43.425295]]],[[[146.925396,-43.544652],[146.925973,-43.545309],[146.926517,-43.544909],[146.925396,-43.544652]]],[[[146.323981,-43.529427],[146.323716,-43.528849],[146.323093,-43.529152],[146.323981,-43.529427]]],[[[145.958572,-43.348597],[145.96,-43.348031],[145.958553,-43.348057],[145.958572,-43.348597]]],[[[146.32439,-43.532689],[146.323487,-43.532684],[146.323567,-43.533278],[146.32439,-43.532689]]],[[[146.419098,-43.538513],[146.418454,-43.538618],[146.418845,-43.539133],[146.419098,-43.538513]]],[[[146.096769,-43.557842],[146.096519,-43.556375],[146.09626,-43.556942],[146.096769,-43.557842]]],[[[146.069695,-43.559956],[146.069633,-43.559384],[146.068689,-43.559539],[146.069695,-43.559956]]],[[[146.356907,-43.53809],[146.35706,-43.53774],[146.356021,-43.537626],[146.356907,-43.53809]]],[[[145.926294,-43.418434],[145.926163,-43.417575],[145.925902,-43.418029],[145.926294,-43.418434]]],[[[145.960441,-43.345424],[145.96005,-43.344965],[145.959412,-43.345025],[145.960441,-43.345424]]],[[[146.420493,-43.538907],[146.419746,-43.539336],[146.420951,-43.538856],[146.420493,-43.538907]]],[[[145.962497,-43.346127],[145.963184,-43.345821],[145.962643,-43.345713],[145.962497,-43.346127]]],[[[145.933034,-43.409434],[145.933058,-43.409953],[145.933404,-43.409147],[145.933034,-43.409434]]],[[[146.178385,-43.358659],[146.178981,-43.358806],[146.177945,-43.35823],[146.178385,-43.358659]]],[[[146.154024,-43.519456],[146.15432,-43.518654],[146.153732,-43.519112],[146.154024,-43.519456]]],[[[145.965944,-43.326624],[145.96558,-43.326471],[145.965883,-43.327174],[145.965944,-43.326624]]],[[[146.946887,-43.488944],[146.947204,-43.489025],[146.947296,-43.488579],[146.946887,-43.488944]]],[[[146.123297,-43.529603],[146.12291,-43.528826],[146.122569,-43.528861],[146.123297,-43.529603]]],[[[147.004183,-43.476065],[147.004739,-43.476064],[147.004875,-43.475659],[147.004183,-43.476065]]],[[[146.60453,-43.561507],[146.605205,-43.561375],[146.60469,-43.560993],[146.60453,-43.561507]]],[[[146.972052,-43.446855],[146.972877,-43.446582],[146.972382,-43.446478],[146.972052,-43.446855]]],[[[146.000149,-43.425502],[145.999797,-43.425463],[145.999408,-43.425939],[146.000149,-43.425502]]],[[[146.108435,-43.559082],[146.108616,-43.558452],[146.108301,-43.558351],[146.108435,-43.559082]]],[[[146.15439,-43.374144],[146.15439,-43.373919],[146.153966,-43.373857],[146.15439,-43.374144]]],[[[145.952858,-43.424078],[145.953046,-43.423673],[145.95268,-43.423872],[145.952858,-43.424078]]],[[[145.961649,-43.34558],[145.962087,-43.345522],[145.96153,-43.345395],[145.961649,-43.34558]]],[[[145.953685,-43.424836],[145.953925,-43.424643],[145.953581,-43.424627],[145.953685,-43.424836]]],[[[147.150373,-42.913338],[147.137457,-42.912009],[147.1367,-42.915084],[147.134476,-42.9148],[147.13548,-42.910393],[147.051276,-42.900371],[147.047766,-42.90238],[147.044842,-42.90897],[147.039784,-42.910079],[147.038696,-42.907671],[147.039696,-42.906154],[147.03302,-42.904106],[147.030318,-42.905903],[147.027291,-42.905201],[147.024975,-42.907572],[147.016516,-42.907035],[147.011064,-42.901341],[147.005826,-42.900112],[147.010898,-42.894006],[147.008884,-42.887797],[146.997295,-42.88818],[146.989856,-42.885758],[146.970878,-42.888793],[146.95609,-42.88226],[146.952373,-42.88206],[146.940247,-42.886039],[146.936359,-42.889126],[146.935746,-42.893254],[146.930476,-42.892476],[146.925346,-42.895823],[146.923895,-42.899294],[146.930544,-42.903517],[146.934211,-42.915109],[146.9328,-42.918679],[146.941968,-42.922669],[146.941279,-42.926621],[146.918346,-42.932443],[146.91194,-42.940096],[146.902517,-42.940012],[146.896021,-42.935243],[146.890479,-42.935998],[146.880567,-42.934354],[146.879709,-42.93542],[146.881796,-42.941811],[146.880307,-42.948964],[146.877554,-42.952865],[146.873897,-42.954617],[146.86444,-42.943345],[146.855819,-42.940381],[146.855647,-42.932484],[146.851777,-42.930057],[146.849384,-42.923899],[146.852191,-42.919304],[146.84622,-42.913772],[146.846456,-42.908189],[146.845068,-42.907075],[146.815043,-42.897769],[146.809004,-42.893702],[146.805494,-42.894624],[146.799807,-42.903277],[146.788497,-42.903842],[146.779814,-42.897679],[146.779114,-42.894103],[146.7758,-42.890864],[146.775543,-42.88283],[146.764989,-42.873786],[146.755399,-42.874382],[146.74491,-42.870343],[146.739436,-42.871182],[146.727533,-42.860654],[146.72086,-42.857526],[146.715977,-42.858315],[146.713639,-42.860858],[146.709985,-42.857436],[146.698527,-42.858059],[146.697176,-42.856966],[146.698551,-42.851931],[146.697256,-42.850352],[146.685265,-42.853256],[146.678181,-42.852151],[146.675131,-42.849598],[146.666155,-42.85204],[146.662459,-42.847265],[146.656575,-42.847621],[146.647967,-42.852472],[146.646308,-42.860679],[146.646042,-42.865023],[146.648719,-42.873663],[146.652736,-42.876283],[146.653602,-42.893359],[146.658164,-42.897353],[146.658626,-42.899759],[146.657341,-42.904866],[146.652575,-42.908183],[146.648411,-42.921691],[146.458813,-43.087264],[146.222197,-43.118791],[146.089075,-43.05389],[145.978146,-43.039158],[145.979593,-43.043106],[145.975168,-43.048434],[145.976539,-43.054244],[145.97489,-43.055696],[145.975715,-43.058644],[145.974506,-43.061309],[145.978481,-43.06229],[145.9808,-43.067529],[145.979376,-43.069582],[145.98201,-43.072389],[145.978479,-43.073719],[145.977922,-43.075523],[145.9717,-43.076609],[145.97392,-43.077679],[145.97716,-43.084209],[145.97933,-43.085079],[145.979987,-43.090343],[145.985309,-43.088565],[145.984809,-43.092451],[145.988565,-43.091238],[145.99026,-43.094049],[145.988358,-43.097641],[145.992706,-43.100633],[145.99236,-43.104689],[145.98905,-43.106469],[145.98611,-43.114609],[145.98392,-43.116199],[145.98545,-43.119239],[145.98259,-43.125349],[145.979606,-43.127564],[145.982671,-43.134841],[145.978761,-43.13485],[145.977551,-43.13121],[145.965992,-43.13122],[145.964302,-43.12756],[145.960389,-43.128224],[145.955802,-43.13512],[145.955922,-43.13935],[145.94551,-43.143602],[145.942323,-43.149849],[145.935697,-43.151967],[145.93365,-43.156504],[145.925793,-43.157754],[145.921343,-43.163178],[145.92099,-43.172026],[145.929437,-43.176527],[145.927713,-43.185021],[145.930255,-43.188142],[145.93408,-43.188259],[145.93318,-43.190501],[145.937347,-43.191468],[145.929232,-43.19313],[145.919949,-43.189864],[145.915102,-43.193933],[145.918235,-43.199096],[145.928132,-43.204646],[145.925304,-43.209356],[145.920948,-43.207162],[145.916711,-43.209364],[145.916066,-43.211024],[145.91758,-43.213146],[145.921717,-43.211744],[145.927274,-43.214974],[145.926583,-43.213635],[145.928796,-43.211728],[145.931756,-43.212098],[145.931683,-43.21488],[145.935571,-43.220688],[145.938257,-43.223415],[145.945063,-43.225053],[145.946413,-43.229991],[145.960215,-43.230777],[145.96148,-43.228652],[145.965061,-43.228396],[145.970928,-43.230424],[145.968902,-43.22805],[145.973975,-43.233742],[145.975795,-43.232304],[145.974446,-43.235483],[145.979958,-43.234792],[145.975959,-43.234792],[145.974467,-43.239383],[145.972108,-43.24117],[145.972388,-43.245554],[145.968166,-43.247567],[145.971378,-43.250624],[145.971748,-43.253082],[145.970288,-43.254954],[145.971161,-43.258524],[145.967034,-43.261964],[145.96814,-43.264469],[145.966553,-43.265696],[145.973679,-43.269389],[145.973155,-43.272979],[145.969048,-43.275067],[145.970351,-43.276125],[145.968841,-43.279053],[145.968068,-43.277423],[145.964014,-43.278888],[145.958222,-43.278235],[145.953421,-43.281053],[145.955188,-43.283118],[145.960021,-43.283193],[145.960198,-43.284816],[145.963558,-43.285655],[145.96226,-43.290816],[145.957878,-43.290448],[145.960795,-43.295015],[145.966384,-43.296179],[145.96765,-43.298917],[145.966285,-43.300616],[145.971391,-43.304627],[145.974272,-43.305417],[145.978167,-43.303224],[145.98311,-43.30478],[145.981673,-43.304869],[145.984157,-43.310567],[145.979028,-43.315181],[145.983583,-43.322696],[145.99065,-43.323174],[145.996455,-43.321813],[145.99482,-43.320529],[145.998053,-43.319135],[146.001553,-43.321201],[146.004573,-43.319544],[146.006613,-43.321777],[146.004992,-43.322982],[146.004371,-43.329003],[146.002531,-43.330567],[145.997199,-43.330751],[145.999947,-43.332412],[146.004876,-43.331209],[146.003955,-43.3354],[146.007846,-43.331814],[146.008428,-43.334449],[146.01092,-43.333272],[146.010191,-43.335231],[146.017518,-43.334512],[146.017006,-43.336989],[146.025507,-43.337918],[146.026914,-43.33935],[146.026222,-43.340879],[146.028739,-43.342379],[146.039371,-43.336309],[146.039048,-43.332694],[146.044279,-43.336359],[146.049076,-43.337253],[146.051412,-43.336529],[146.050494,-43.335609],[146.05253,-43.332633],[146.056548,-43.334408],[146.058977,-43.333549],[146.056544,-43.331649],[146.059023,-43.329527],[146.059048,-43.326658],[146.051066,-43.324232],[146.052346,-43.321912],[146.04918,-43.32108],[146.05128,-43.32022],[146.050796,-43.318057],[146.052736,-43.316463],[146.051059,-43.313821],[146.051744,-43.311254],[146.061238,-43.307111],[146.056083,-43.303477],[146.052931,-43.305877],[146.051833,-43.304566],[146.055168,-43.29803],[146.058656,-43.295009],[146.064401,-43.297408],[146.063248,-43.293609],[146.065317,-43.295175],[146.063777,-43.290464],[146.067097,-43.289344],[146.065666,-43.297654],[146.057126,-43.300791],[146.060382,-43.30078],[146.058976,-43.304537],[146.06234,-43.305797],[146.062837,-43.303661],[146.065079,-43.305895],[146.065542,-43.309275],[146.069812,-43.309537],[146.068839,-43.311077],[146.070849,-43.311559],[146.069088,-43.31252],[146.071454,-43.31542],[146.070277,-43.322225],[146.072604,-43.324653],[146.071832,-43.327441],[146.07729,-43.331195],[146.076817,-43.333543],[146.081233,-43.338692],[146.083692,-43.340202],[146.085736,-43.339589],[146.08429,-43.334665],[146.084791,-43.325726],[146.087442,-43.325442],[146.091146,-43.333401],[146.091117,-43.339308],[146.093907,-43.339499],[146.098734,-43.344169],[146.100932,-43.343182],[146.100504,-43.344491],[146.104149,-43.343739],[146.107186,-43.345422],[146.109717,-43.343678],[146.110793,-43.344801],[146.109276,-43.345371],[146.111871,-43.348381],[146.116862,-43.34885],[146.12017,-43.346892],[146.130309,-43.34953],[146.136929,-43.344785],[146.13624,-43.343227],[146.138805,-43.336867],[146.135898,-43.334771],[146.139217,-43.333607],[146.138714,-43.329742],[146.141141,-43.322416],[146.147324,-43.319315],[146.148935,-43.31563],[146.150624,-43.315981],[146.152541,-43.319715],[146.153021,-43.315009],[146.157625,-43.311336],[146.154573,-43.3099],[146.15714,-43.306107],[146.151962,-43.307721],[146.152135,-43.30271],[146.156962,-43.299418],[146.153357,-43.29874],[146.157443,-43.298467],[146.169038,-43.291108],[146.173542,-43.294821],[146.171085,-43.299689],[146.174435,-43.297528],[146.176103,-43.298335],[146.176539,-43.304728],[146.17206,-43.311547],[146.171488,-43.319229],[146.176749,-43.324237],[146.17637,-43.326651],[146.17872,-43.325755],[146.180928,-43.326923],[146.181479,-43.320034],[146.186822,-43.320369],[146.183447,-43.317463],[146.18475,-43.315816],[146.186941,-43.31662],[146.189061,-43.315198],[146.197173,-43.317366],[146.199,-43.322153],[146.205075,-43.325363],[146.208621,-43.330488],[146.213806,-43.329112],[146.214755,-43.323374],[146.219229,-43.321087],[146.221659,-43.321838],[146.221858,-43.323435],[146.217842,-43.326088],[146.224044,-43.325015],[146.224633,-43.323366],[146.228642,-43.325554],[146.231653,-43.322593],[146.230741,-43.326834],[146.224176,-43.328531],[146.222836,-43.332515],[146.224656,-43.338696],[146.22353,-43.345095],[146.22532,-43.348166],[146.224707,-43.351024],[146.227779,-43.355479],[146.226683,-43.361089],[146.223144,-43.36327],[146.212898,-43.364042],[146.219893,-43.37024],[146.218666,-43.372998],[146.225436,-43.375933],[146.224886,-43.381112],[146.227121,-43.38384],[146.224357,-43.383969],[146.222925,-43.386114],[146.224034,-43.383757],[146.219461,-43.387031],[146.220272,-43.389034],[146.223322,-43.389067],[146.220206,-43.389182],[146.219322,-43.385826],[146.21631,-43.385894],[146.216222,-43.3823],[146.208542,-43.374133],[146.208402,-43.368453],[146.211899,-43.366242],[146.210269,-43.363563],[146.188707,-43.36363],[146.184753,-43.362997],[146.182176,-43.36021],[146.177225,-43.361941],[146.166401,-43.361643],[146.163945,-43.365267],[146.155381,-43.3628],[146.159754,-43.3644],[146.160321,-43.367144],[146.165358,-43.370799],[146.163917,-43.374525],[146.166633,-43.374799],[146.167334,-43.379383],[146.174749,-43.378804],[146.176213,-43.383289],[146.169694,-43.383686],[146.164566,-43.38187],[146.159109,-43.385594],[146.159234,-43.390923],[146.156553,-43.392092],[146.150007,-43.387387],[146.147368,-43.377833],[146.140495,-43.375187],[146.13509,-43.376149],[146.13707,-43.377326],[146.134503,-43.381238],[146.141534,-43.394994],[146.144084,-43.395854],[146.141832,-43.396774],[146.141426,-43.398786],[146.144303,-43.402763],[146.142982,-43.406497],[146.143987,-43.40828],[146.149859,-43.410017],[146.152242,-43.415312],[146.158949,-43.415049],[146.164168,-43.41283],[146.164186,-43.409949],[146.164138,-43.412426],[146.16842,-43.410984],[146.171447,-43.414084],[146.170545,-43.417197],[146.162776,-43.418274],[146.161319,-43.416328],[146.156219,-43.4147],[146.151792,-43.415559],[146.151472,-43.413026],[146.148772,-43.412964],[146.14824,-43.409846],[146.144557,-43.409729],[146.139985,-43.406482],[146.142989,-43.403679],[146.14218,-43.401455],[146.138876,-43.400151],[146.139192,-43.391343],[146.136032,-43.385885],[146.133617,-43.388932],[146.133366,-43.387362],[146.131569,-43.38781],[146.133244,-43.38725],[146.13283,-43.384615],[146.134249,-43.386318],[146.134096,-43.382444],[146.130448,-43.381439],[146.130059,-43.379095],[146.128196,-43.378679],[146.129756,-43.375671],[146.126704,-43.373694],[146.129591,-43.372255],[146.132315,-43.373655],[146.137177,-43.373067],[146.128854,-43.364793],[146.130574,-43.362719],[146.13548,-43.362553],[146.13217,-43.360828],[146.132881,-43.359592],[146.130719,-43.358458],[146.130191,-43.355215],[146.127857,-43.35582],[146.12819,-43.354632],[146.123804,-43.352051],[146.12107,-43.353413],[146.116414,-43.351734],[146.112884,-43.352063],[146.115321,-43.353662],[146.113872,-43.354876],[146.111776,-43.35195],[146.107809,-43.352404],[146.108718,-43.351217],[146.10674,-43.348352],[146.100189,-43.349324],[146.099209,-43.348075],[146.101277,-43.345929],[146.096035,-43.347057],[146.095075,-43.351744],[146.091673,-43.349696],[146.088213,-43.343035],[146.086192,-43.342022],[146.089618,-43.35031],[146.086222,-43.347369],[146.082955,-43.34883],[146.080855,-43.346988],[146.077245,-43.346767],[146.076774,-43.349117],[146.075221,-43.349434],[146.068309,-43.344188],[146.064825,-43.345156],[146.060729,-43.342285],[146.060591,-43.343784],[146.058515,-43.343772],[146.059078,-43.345774],[146.06105,-43.345261],[146.063397,-43.347639],[146.066302,-43.345576],[146.064258,-43.348986],[146.069647,-43.353388],[146.076085,-43.355028],[146.091602,-43.364467],[146.093463,-43.367702],[146.092043,-43.368475],[146.092629,-43.370056],[146.091825,-43.368737],[146.090376,-43.37038],[146.086524,-43.369908],[146.086867,-43.37137],[146.084571,-43.36952],[146.084999,-43.371068],[146.083511,-43.371513],[146.084331,-43.369497],[146.083406,-43.370874],[146.079366,-43.370253],[146.077147,-43.369207],[146.076328,-43.366673],[146.071157,-43.366074],[146.070513,-43.365072],[146.075453,-43.362213],[146.077835,-43.358488],[146.073133,-43.357757],[146.068432,-43.355046],[146.068011,-43.353129],[146.061137,-43.352541],[146.056158,-43.34953],[146.052218,-43.350162],[146.052484,-43.348446],[146.045978,-43.34637],[146.034312,-43.347132],[146.030393,-43.345966],[146.022203,-43.347307],[146.012224,-43.344263],[146.003102,-43.344945],[146.001036,-43.341584],[146.006782,-43.339724],[145.992747,-43.335891],[145.991396,-43.331526],[145.987176,-43.329291],[145.981802,-43.333329],[145.981297,-43.337254],[145.978131,-43.339743],[145.980103,-43.340447],[145.97622,-43.343527],[145.976875,-43.346103],[145.975083,-43.349142],[145.978767,-43.35314],[145.981731,-43.351949],[145.984159,-43.34844],[145.98925,-43.347879],[145.992125,-43.351132],[145.991826,-43.362742],[145.993139,-43.365311],[145.996562,-43.365258],[145.997087,-43.36684],[145.999884,-43.366229],[145.999455,-43.364752],[146.001906,-43.365462],[145.999509,-43.364852],[146.000034,-43.366287],[145.99793,-43.367026],[145.999184,-43.367684],[145.998526,-43.374756],[145.9947,-43.377149],[145.994396,-43.379337],[145.996615,-43.38063],[145.998131,-43.384714],[145.993657,-43.394239],[145.986766,-43.394494],[145.983732,-43.388233],[145.989312,-43.380354],[145.989774,-43.377245],[145.992053,-43.376813],[145.993488,-43.37393],[145.990448,-43.372737],[145.987857,-43.361503],[145.981597,-43.357611],[145.978339,-43.358212],[145.977471,-43.35556],[145.975139,-43.357066],[145.970123,-43.357073],[145.970233,-43.359322],[145.968759,-43.359837],[145.969264,-43.361569],[145.974778,-43.361759],[145.975795,-43.363081],[145.974513,-43.366691],[145.970761,-43.369686],[145.964928,-43.369602],[145.962834,-43.36809],[145.961993,-43.363433],[145.953246,-43.359374],[145.950804,-43.361137],[145.95126,-43.364408],[145.948868,-43.364081],[145.947495,-43.36525],[145.948522,-43.366918],[145.946052,-43.367065],[145.945539,-43.368054],[145.947782,-43.369195],[145.946345,-43.371766],[145.935627,-43.369664],[145.932804,-43.369883],[145.933063,-43.371789],[145.932103,-43.369949],[145.930662,-43.371539],[145.933113,-43.374911],[145.930921,-43.376372],[145.93173,-43.377694],[145.930334,-43.379356],[145.923455,-43.37935],[145.921472,-43.381283],[145.921805,-43.383061],[145.924794,-43.385897],[145.929462,-43.38593],[145.929143,-43.387966],[145.934262,-43.390871],[145.938062,-43.390227],[145.948066,-43.381277],[145.949807,-43.382985],[145.951485,-43.381846],[145.951664,-43.383325],[145.954905,-43.381926],[145.96453,-43.382599],[145.968333,-43.384513],[145.976377,-43.395213],[145.97644,-43.398987],[145.972396,-43.402277],[145.97023,-43.402152],[145.971242,-43.403433],[145.977063,-43.405221],[145.992692,-43.405589],[145.996744,-43.408057],[145.997384,-43.406932],[145.995088,-43.412589],[145.996698,-43.414366],[145.996203,-43.420026],[145.998412,-43.421137],[145.996647,-43.42386],[146.000886,-43.423221],[146.002373,-43.427543],[145.999311,-43.431613],[146.000022,-43.434006],[146.002028,-43.432647],[146.001019,-43.43348],[146.00312,-43.435016],[146.000937,-43.437693],[146.004843,-43.438019],[146.005581,-43.440472],[146.004266,-43.442114],[146.006607,-43.441246],[146.008513,-43.44494],[146.011569,-43.44455],[146.013317,-43.447527],[146.011937,-43.449171],[146.018036,-43.455081],[146.016266,-43.456314],[146.013142,-43.455295],[146.014771,-43.45731],[146.011853,-43.456233],[146.011732,-43.458834],[146.008747,-43.459885],[146.007864,-43.462931],[146.005747,-43.463883],[146.008192,-43.466744],[146.012157,-43.465324],[146.014856,-43.459424],[146.024849,-43.460872],[146.029159,-43.464294],[146.03205,-43.468202],[146.027825,-43.479482],[146.02746,-43.488192],[146.029146,-43.490855],[146.035881,-43.494853],[146.036866,-43.500199],[146.035757,-43.502702],[146.040161,-43.505037],[146.039819,-43.507562],[146.042825,-43.508535],[146.041592,-43.510621],[146.042682,-43.512],[146.040687,-43.51332],[146.041919,-43.513959],[146.039471,-43.515933],[146.040004,-43.5196],[146.036193,-43.520915],[146.038355,-43.524914],[146.037934,-43.527784],[146.040934,-43.530541],[146.041028,-43.533682],[146.038506,-43.533651],[146.039518,-43.536767],[146.037611,-43.538347],[146.040346,-43.54217],[146.034507,-43.539048],[146.034909,-43.540839],[146.0338,-43.53995],[146.03803,-43.547698],[146.037622,-43.549354],[146.036594,-43.548837],[146.037259,-43.551337],[146.033863,-43.554833],[146.034962,-43.555531],[146.032947,-43.556323],[146.035236,-43.559853],[146.033421,-43.566095],[146.02964,-43.568067],[146.032031,-43.571316],[146.041369,-43.561549],[146.042817,-43.558174],[146.041861,-43.556378],[146.044083,-43.556173],[146.044601,-43.553104],[146.047971,-43.552502],[146.049359,-43.554264],[146.049492,-43.551838],[146.053634,-43.55121],[146.060493,-43.55295],[146.062203,-43.555602],[146.065821,-43.55485],[146.069918,-43.556507],[146.075118,-43.549173],[146.07574,-43.543662],[146.079456,-43.54096],[146.083073,-43.541941],[146.085952,-43.540405],[146.090735,-43.542476],[146.093767,-43.548906],[146.091586,-43.552448],[146.094663,-43.552829],[146.094861,-43.55661],[146.097108,-43.554415],[146.100562,-43.555737],[146.102544,-43.554519],[146.10409,-43.556961],[146.109884,-43.557062],[146.112925,-43.551701],[146.107316,-43.544329],[146.108828,-43.541267],[146.110742,-43.541739],[146.107201,-43.53161],[146.108118,-43.528941],[146.110295,-43.530186],[146.108266,-43.526986],[146.110112,-43.527267],[146.109985,-43.525797],[146.112302,-43.524907],[146.110441,-43.523614],[146.113543,-43.523823],[146.116148,-43.5272],[146.11814,-43.527452],[146.118015,-43.526293],[146.121561,-43.526834],[146.121278,-43.521955],[146.123061,-43.521575],[146.12905,-43.525865],[146.128434,-43.521211],[146.136498,-43.518283],[146.138201,-43.520986],[146.141528,-43.520312],[146.145676,-43.528465],[146.147159,-43.528267],[146.147367,-43.526395],[146.149499,-43.525537],[146.147218,-43.522221],[146.142261,-43.504216],[146.148009,-43.501474],[146.158023,-43.501749],[146.159137,-43.499947],[146.158555,-43.501975],[146.156722,-43.501979],[146.15871,-43.504693],[146.156875,-43.506366],[146.156609,-43.510139],[146.161547,-43.516406],[146.173702,-43.510076],[146.17757,-43.511361],[146.179122,-43.515915],[146.180811,-43.516529],[146.179538,-43.518793],[146.181392,-43.520239],[146.180316,-43.522838],[146.181701,-43.523145],[146.182409,-43.526614],[146.183845,-43.526572],[146.184081,-43.532093],[146.18586,-43.530408],[146.187213,-43.533685],[146.187692,-43.531849],[146.189061,-43.532262],[146.189251,-43.534854],[146.191354,-43.535153],[146.189825,-43.535983],[146.191276,-43.536019],[146.191595,-43.538746],[146.194156,-43.539197],[146.193096,-43.539972],[146.195297,-43.538508],[146.198895,-43.539391],[146.199681,-43.537256],[146.211346,-43.534025],[146.210295,-43.52798],[146.212569,-43.52623],[146.21117,-43.525316],[146.212357,-43.525582],[146.211112,-43.523942],[146.212037,-43.521037],[146.209117,-43.514343],[146.209787,-43.506956],[146.213885,-43.502812],[146.214297,-43.495399],[146.224488,-43.491125],[146.213582,-43.493131],[146.209078,-43.490088],[146.208538,-43.487193],[146.211493,-43.488128],[146.213529,-43.48572],[146.216012,-43.485552],[146.22476,-43.488514],[146.224926,-43.491308],[146.24013,-43.491022],[146.243465,-43.495754],[146.243532,-43.49104],[146.250048,-43.489815],[146.262295,-43.492525],[146.27291,-43.498437],[146.276126,-43.503572],[146.273283,-43.505435],[146.27379,-43.510634],[146.272632,-43.512284],[146.26861,-43.512366],[146.270239,-43.514726],[146.265008,-43.51553],[146.270432,-43.518221],[146.26977,-43.52181],[146.267732,-43.523552],[146.268975,-43.526162],[146.266545,-43.526561],[146.266656,-43.528624],[146.269794,-43.526996],[146.272799,-43.529203],[146.276443,-43.528794],[146.276546,-43.531496],[146.278234,-43.532137],[146.277298,-43.533869],[146.279619,-43.533272],[146.283375,-43.535897],[146.286348,-43.535745],[146.285347,-43.537692],[146.288851,-43.541739],[146.287591,-43.543604],[146.290142,-43.544647],[146.292948,-43.542845],[146.295386,-43.543977],[146.304575,-43.540324],[146.308324,-43.540454],[146.310426,-43.538423],[146.317816,-43.536234],[146.319765,-43.532391],[146.323635,-43.531622],[146.32178,-43.531494],[146.320305,-43.527298],[146.322531,-43.524133],[146.327452,-43.523379],[146.325714,-43.520595],[146.330528,-43.521605],[146.334248,-43.518673],[146.336259,-43.519162],[146.3356,-43.518357],[146.338242,-43.516617],[146.344049,-43.516326],[146.343057,-43.514204],[146.34473,-43.512818],[146.344293,-43.514311],[146.351361,-43.516224],[146.351237,-43.517421],[146.356027,-43.516061],[146.356731,-43.517389],[146.358646,-43.515256],[146.367577,-43.520223],[146.36872,-43.530476],[146.370415,-43.529324],[146.371041,-43.523916],[146.369409,-43.518954],[146.371505,-43.523288],[146.370764,-43.530289],[146.372645,-43.535026],[146.381303,-43.53203],[146.385382,-43.533745],[146.385598,-43.531928],[146.391543,-43.530257],[146.397732,-43.53264],[146.396151,-43.534837],[146.39953,-43.534792],[146.40058,-43.536202],[146.401,-43.535034],[146.402725,-43.537078],[146.401538,-43.538206],[146.40557,-43.539803],[146.408154,-43.53635],[146.411236,-43.535087],[146.412023,-43.536865],[146.414064,-43.535687],[146.414733,-43.538212],[146.415811,-43.536767],[146.41679,-43.537835],[146.417496,-43.536488],[146.420474,-43.537061],[146.420553,-43.535252],[146.423022,-43.534553],[146.44438,-43.537748],[146.452678,-43.53442],[146.45513,-43.537097],[146.45513,-43.539807],[146.459474,-43.542565],[146.463697,-43.540992],[146.469328,-43.542568],[146.471373,-43.536589],[146.474039,-43.534567],[146.476845,-43.537821],[146.480694,-43.536479],[146.481486,-43.537932],[146.48451,-43.537523],[146.487465,-43.539265],[146.486994,-43.540784],[146.488328,-43.541178],[146.486461,-43.543844],[146.489885,-43.542923],[146.490557,-43.538153],[146.493067,-43.538444],[146.492633,-43.535506],[146.497141,-43.535085],[146.498271,-43.533181],[146.497246,-43.52989],[146.502039,-43.529533],[146.508745,-43.524053],[146.512142,-43.52325],[146.518244,-43.524735],[146.519749,-43.527124],[146.518213,-43.530205],[146.531676,-43.531351],[146.54218,-43.523255],[146.576992,-43.535222],[146.596078,-43.543473],[146.595349,-43.541462],[146.587524,-43.538706],[146.583763,-43.534553],[146.571639,-43.527429],[146.563784,-43.525175],[146.563178,-43.523996],[146.565817,-43.522983],[146.563692,-43.518325],[146.552592,-43.512408],[146.551416,-43.51038],[146.550585,-43.501179],[146.556147,-43.496611],[146.555402,-43.493647],[146.548901,-43.492058],[146.549482,-43.484709],[146.548246,-43.483409],[146.550243,-43.479944],[146.548683,-43.475421],[146.553133,-43.468508],[146.555933,-43.467566],[146.559696,-43.469113],[146.559394,-43.46487],[146.560321,-43.468552],[146.560773,-43.465871],[146.563464,-43.466383],[146.569195,-43.474536],[146.571548,-43.475647],[146.572855,-43.480746],[146.578287,-43.485122],[146.576243,-43.490113],[146.577282,-43.493179],[146.574587,-43.495461],[146.575729,-43.504321],[146.574116,-43.506834],[146.575697,-43.50906],[146.575938,-43.515065],[146.579291,-43.521075],[146.575193,-43.524613],[146.587834,-43.535552],[146.597629,-43.541113],[146.601327,-43.54554],[146.59807,-43.542449],[146.597115,-43.546052],[146.604622,-43.550474],[146.607553,-43.550194],[146.598595,-43.557823],[146.598065,-43.560212],[146.600917,-43.560635],[146.599366,-43.561919],[146.610043,-43.559788],[146.610377,-43.562413],[146.606205,-43.5634],[146.607087,-43.565032],[146.605039,-43.566726],[146.608519,-43.56907],[146.610815,-43.568735],[146.617535,-43.562842],[146.623739,-43.563412],[146.623665,-43.56237],[146.624744,-43.564333],[146.628542,-43.565499],[146.628404,-43.567478],[146.6301,-43.56716],[146.630128,-43.569766],[146.632134,-43.570249],[146.631684,-43.572304],[146.635329,-43.573073],[146.637009,-43.578218],[146.640127,-43.577459],[146.641986,-43.580269],[146.644968,-43.580353],[146.644876,-43.582009],[146.6403,-43.584289],[146.640134,-43.587423],[146.647533,-43.581465],[146.657232,-43.584221],[146.655127,-43.580911],[146.658251,-43.578516],[146.655966,-43.580789],[146.658645,-43.583274],[146.656878,-43.58681],[146.658407,-43.587638],[146.652781,-43.596164],[146.654854,-43.595865],[146.653616,-43.597823],[146.656139,-43.600933],[146.656439,-43.604416],[146.659874,-43.605499],[146.660123,-43.607707],[146.662862,-43.606645],[146.665162,-43.600675],[146.668337,-43.598717],[146.67023,-43.594396],[146.678235,-43.594432],[146.686096,-43.596688],[146.686611,-43.602156],[146.687559,-43.601353],[146.690137,-43.603868],[146.692384,-43.611091],[146.693785,-43.611734],[146.692571,-43.614192],[146.697454,-43.617945],[146.697765,-43.625544],[146.699366,-43.6241],[146.701804,-43.624702],[146.70576,-43.629251],[146.705379,-43.63336],[146.711251,-43.626062],[146.715752,-43.626233],[146.718342,-43.629441],[146.721881,-43.62925],[146.723449,-43.631919],[146.72526,-43.62769],[146.731879,-43.621952],[146.733981,-43.618007],[146.738088,-43.616488],[146.738942,-43.618473],[146.740481,-43.618432],[146.746123,-43.609977],[146.751081,-43.610334],[146.753559,-43.608281],[146.761962,-43.611933],[146.762364,-43.615329],[146.770805,-43.607891],[146.776976,-43.606961],[146.780709,-43.609443],[146.785302,-43.604933],[146.785149,-43.600277],[146.791711,-43.601698],[146.79253,-43.605304],[146.795855,-43.601747],[146.800405,-43.601732],[146.807681,-43.606224],[146.817363,-43.606557],[146.831283,-43.615104],[146.833781,-43.618175],[146.835688,-43.625513],[146.83888,-43.628413],[146.838715,-43.630748],[146.825697,-43.639741],[146.826629,-43.643079],[146.835322,-43.6399],[146.835642,-43.638211],[146.838408,-43.638641],[146.838993,-43.636228],[146.844812,-43.633039],[146.850212,-43.636545],[146.853302,-43.633645],[146.855372,-43.634502],[146.858128,-43.632289],[146.86338,-43.632014],[146.869673,-43.634883],[146.870999,-43.638605],[146.874019,-43.628517],[146.873617,-43.623354],[146.879421,-43.620262],[146.88476,-43.620869],[146.886272,-43.615628],[146.890364,-43.61466],[146.894726,-43.615709],[146.921555,-43.599222],[146.921405,-43.59598],[146.916918,-43.593907],[146.92006,-43.589961],[146.918095,-43.586193],[146.923858,-43.580981],[146.919454,-43.575648],[146.920677,-43.570401],[146.916794,-43.568775],[146.91529,-43.569065],[146.913535,-43.573061],[146.908694,-43.572893],[146.907385,-43.576695],[146.900207,-43.577152],[146.900302,-43.578793],[146.896029,-43.582216],[146.886532,-43.582802],[146.882611,-43.585954],[146.872596,-43.589703],[146.873983,-43.587815],[146.880662,-43.585795],[146.884407,-43.58209],[146.89263,-43.582567],[146.887289,-43.578417],[146.89161,-43.575457],[146.890409,-43.572482],[146.891663,-43.571275],[146.88703,-43.566015],[146.889738,-43.565881],[146.891842,-43.568297],[146.890918,-43.565229],[146.893444,-43.564047],[146.893224,-43.562501],[146.895627,-43.561951],[146.901758,-43.564989],[146.903736,-43.56203],[146.90387,-43.560172],[146.892737,-43.558419],[146.891548,-43.553445],[146.877375,-43.558018],[146.8892,-43.553172],[146.887952,-43.5494],[146.889829,-43.54513],[146.895373,-43.540991],[146.890553,-43.535382],[146.896628,-43.528949],[146.896564,-43.526054],[146.902305,-43.522902],[146.900788,-43.515937],[146.903459,-43.515154],[146.902435,-43.515764],[146.906163,-43.516445],[146.910464,-43.514392],[146.90724,-43.512405],[146.910853,-43.514136],[146.903091,-43.516871],[146.904768,-43.521432],[146.907898,-43.521193],[146.905477,-43.526581],[146.909141,-43.528447],[146.911376,-43.531846],[146.909101,-43.537493],[146.903674,-43.538928],[146.905568,-43.541567],[146.913585,-43.542],[146.913739,-43.544163],[146.917262,-43.546283],[146.916902,-43.543504],[146.920815,-43.541498],[146.918778,-43.535112],[146.924105,-43.530288],[146.926954,-43.530905],[146.92584,-43.532437],[146.926706,-43.534352],[146.921558,-43.537487],[146.921407,-43.539282],[146.934681,-43.53327],[146.94195,-43.531885],[146.948133,-43.533982],[146.95283,-43.532975],[146.95603,-43.528144],[146.952478,-43.515056],[146.954162,-43.511797],[146.959006,-43.506767],[146.977888,-43.494004],[146.976754,-43.487579],[146.964163,-43.497902],[146.95301,-43.510089],[146.943709,-43.512012],[146.944373,-43.51005],[146.941217,-43.506261],[146.942369,-43.503489],[146.944581,-43.502818],[146.94379,-43.498129],[146.943298,-43.501436],[146.938102,-43.501268],[146.936,-43.500672],[146.936418,-43.498571],[146.928997,-43.496661],[146.930387,-43.493323],[146.936835,-43.489985],[146.936581,-43.485664],[146.942033,-43.478108],[146.944388,-43.477874],[146.945261,-43.480524],[146.947232,-43.481291],[146.947057,-43.478836],[146.949669,-43.476998],[146.955085,-43.477954],[146.960203,-43.476488],[146.96159,-43.471718],[146.95996,-43.47111],[146.964054,-43.471912],[146.97255,-43.468625],[146.979589,-43.470399],[146.98259,-43.475015],[146.982256,-43.4796],[146.978814,-43.485704],[146.980782,-43.487243],[146.983928,-43.487511],[146.995449,-43.480524],[147.000832,-43.481539],[147.001799,-43.479639],[146.998707,-43.475403],[147.000103,-43.470803],[146.995053,-43.468634],[146.994496,-43.465778],[146.996845,-43.463972],[146.996451,-43.461859],[146.98661,-43.460329],[146.983229,-43.454693],[146.97448,-43.453581],[146.973425,-43.455544],[146.969982,-43.455624],[146.966256,-43.454191],[146.962365,-43.448859],[146.959689,-43.44769],[146.958409,-43.449982],[146.953101,-43.450482],[146.948672,-43.453085],[146.942996,-43.45088],[146.942473,-43.448879],[146.938818,-43.449456],[146.939431,-43.446802],[146.93711,-43.447442],[146.940331,-43.443972],[146.946162,-43.446003],[146.9418,-43.439947],[146.937524,-43.441482],[146.930459,-43.440799],[146.924802,-43.444582],[146.91564,-43.447054],[146.919798,-43.442659],[146.916845,-43.441215],[146.918062,-43.438476],[146.920641,-43.438159],[146.907606,-43.43238],[146.907043,-43.430088],[146.908637,-43.427808],[146.905879,-43.420786],[146.909401,-43.427466],[146.908296,-43.432143],[146.918711,-43.435882],[146.916525,-43.43515],[146.917715,-43.433588],[146.923636,-43.439824],[146.927575,-43.438582],[146.92843,-43.436674],[146.920331,-43.417786],[146.921675,-43.416183],[146.920888,-43.414319],[146.923643,-43.41557],[146.930601,-43.42408],[146.93533,-43.425183],[146.934992,-43.428165],[146.939031,-43.432336],[146.947608,-43.434327],[146.947208,-43.437416],[146.944607,-43.439293],[146.94751,-43.443439],[146.949787,-43.443275],[146.94889,-43.445569],[146.950557,-43.447367],[146.961262,-43.445845],[146.962809,-43.437058],[146.973027,-43.431892],[146.977595,-43.433146],[146.978321,-43.43616],[146.982304,-43.435923],[146.98338,-43.439328],[146.986914,-43.440786],[146.989514,-43.440024],[146.990818,-43.435025],[146.99571,-43.433616],[147.001041,-43.436653],[147.003071,-43.433979],[147.009966,-43.437166],[147.012228,-43.440993],[147.014192,-43.441308],[147.013476,-43.443541],[147.017629,-43.443442],[147.017381,-43.440452],[147.020914,-43.438885],[147.021828,-43.43676],[147.026437,-43.435804],[147.022825,-43.428007],[147.019439,-43.425009],[147.015264,-43.4251],[147.012447,-43.422057],[147.015138,-43.417618],[147.019386,-43.413871],[147.021844,-43.413565],[147.020707,-43.412484],[147.021794,-43.411574],[147.02545,-43.411421],[147.018767,-43.408819],[147.016666,-43.403264],[147.018925,-43.400698],[147.029902,-43.397175],[147.030816,-43.396013],[147.028331,-43.391421],[147.032021,-43.386296],[147.038996,-43.385231],[147.039735,-43.382583],[147.046016,-43.379988],[147.048248,-43.376989],[147.047469,-43.375089],[147.050591,-43.373629],[147.051749,-43.369991],[147.052651,-43.357303],[147.059686,-43.357705],[147.05931,-43.35305],[147.039513,-43.34553],[147.034047,-43.345451],[147.032716,-43.347937],[147.031394,-43.343011],[147.024237,-43.340123],[147.024742,-43.338529],[147.019324,-43.333883],[147.016315,-43.334838],[147.013133,-43.341997],[147.007717,-43.343471],[147.002561,-43.339959],[146.99089,-43.340179],[146.991755,-43.337938],[146.990128,-43.335185],[146.985443,-43.333181],[146.978816,-43.339452],[146.98057,-43.336675],[146.97825,-43.333482],[146.98259,-43.329709],[146.975655,-43.329824],[146.973123,-43.327944],[146.970797,-43.330969],[146.971699,-43.327421],[146.976246,-43.325411],[146.981024,-43.325419],[146.982948,-43.327348],[146.987523,-43.327328],[146.99384,-43.335067],[147.002399,-43.334016],[147.004164,-43.335484],[147.006051,-43.334529],[147.003093,-43.331004],[147.003748,-43.324217],[147.002621,-43.322724],[147.005982,-43.323421],[147.011921,-43.31582],[147.019568,-43.31624],[147.022637,-43.318678],[147.022923,-43.31554],[147.023513,-43.316744],[147.028235,-43.313902],[147.032161,-43.314789],[147.045047,-43.31229],[147.053812,-43.316669],[147.0549,-43.318776],[147.053828,-43.321073],[147.058186,-43.325367],[147.059078,-43.329328],[147.065335,-43.332801],[147.068119,-43.328692],[147.072592,-43.326159],[147.069025,-43.324207],[147.067193,-43.318058],[147.069175,-43.314878],[147.075141,-43.312011],[147.079563,-43.298718],[147.078659,-43.295459],[147.080578,-43.292414],[147.088809,-43.290517],[147.098994,-43.291836],[147.100138,-43.290205],[147.097641,-43.286218],[147.100719,-43.283675],[147.097619,-43.280175],[147.089408,-43.278369],[147.088419,-43.276119],[147.089439,-43.274011],[147.076791,-43.271084],[147.068009,-43.263625],[147.065991,-43.260034],[147.067945,-43.257897],[147.064385,-43.255952],[147.065934,-43.254374],[147.064549,-43.249089],[147.060805,-43.247597],[147.053721,-43.247939],[147.042272,-43.241091],[147.03708,-43.243813],[147.037705,-43.240094],[147.032867,-43.235153],[147.024655,-43.23102],[147.024414,-43.227533],[147.020389,-43.226102],[147.020077,-43.223632],[147.016449,-43.224573],[147.013131,-43.222054],[147.006606,-43.220518],[147.005628,-43.217546],[147.00233,-43.217226],[147.003363,-43.2157],[147.001705,-43.214499],[146.996679,-43.214093],[146.990323,-43.217139],[146.992594,-43.211695],[146.996671,-43.207803],[146.995395,-43.206452],[146.988115,-43.203476],[146.979157,-43.206517],[146.9719,-43.203987],[146.971185,-43.202439],[146.972894,-43.200024],[146.970533,-43.198327],[146.969654,-43.193356],[146.964158,-43.190289],[146.968375,-43.188001],[146.971289,-43.183768],[146.971087,-43.179948],[146.967061,-43.177427],[146.974459,-43.169304],[146.968916,-43.164044],[146.960487,-43.161549],[146.962159,-43.157911],[146.959101,-43.158014],[146.949974,-43.163827],[146.959541,-43.156116],[146.963809,-43.158028],[146.965994,-43.156254],[146.972899,-43.157237],[146.97575,-43.158648],[146.975885,-43.160986],[146.976074,-43.158912],[146.980695,-43.158904],[146.981302,-43.151816],[146.97806,-43.147964],[146.979447,-43.145612],[146.972468,-43.141751],[146.972455,-43.138571],[146.98005,-43.137185],[146.981525,-43.131699],[146.988679,-43.131555],[146.993012,-43.128642],[146.993647,-43.124606],[146.991255,-43.121876],[146.991352,-43.118722],[146.996107,-43.112526],[147.000826,-43.109582],[147.001135,-43.104604],[147.013892,-43.088203],[147.018171,-43.078621],[147.018974,-43.079463],[147.021461,-43.076964],[147.02483,-43.066957],[147.029444,-43.061727],[147.029692,-43.05864],[147.040261,-43.051841],[147.04491,-43.043645],[147.054689,-43.039982],[147.046181,-43.034576],[147.035681,-43.025023],[147.031312,-43.015548],[147.033024,-43.011402],[147.024403,-43.01183],[147.001668,-43.017365],[147.007039,-43.014553],[147.034046,-43.010878],[147.032317,-43.015057],[147.034782,-43.019116],[147.037645,-43.020222],[147.041371,-43.017735],[147.037781,-43.020281],[147.03478,-43.019535],[147.036511,-43.024648],[147.056266,-43.039676],[147.045094,-43.045552],[147.041857,-43.059442],[147.036996,-43.067363],[147.040934,-43.06975],[147.036859,-43.067577],[147.038138,-43.070623],[147.036465,-43.06901],[147.030356,-43.081332],[147.021809,-43.091946],[147.019902,-43.098574],[147.020801,-43.1035],[147.017347,-43.109844],[147.018807,-43.112237],[147.014139,-43.114559],[147.011646,-43.11785],[147.006656,-43.137964],[147.001083,-43.141078],[146.997211,-43.146943],[147.000029,-43.154628],[146.997149,-43.156793],[146.998362,-43.158676],[146.994794,-43.164461],[146.996855,-43.165894],[146.995119,-43.166352],[146.994553,-43.173179],[146.991365,-43.175913],[146.983462,-43.177584],[146.986479,-43.179716],[146.984414,-43.189419],[146.994309,-43.190178],[147.002458,-43.192889],[147.010353,-43.190282],[147.014369,-43.196446],[147.024719,-43.200014],[147.023959,-43.205763],[147.027825,-43.207886],[147.027776,-43.209634],[147.045576,-43.212932],[147.046377,-43.215375],[147.045158,-43.216873],[147.050967,-43.217691],[147.05467,-43.220221],[147.055707,-43.223322],[147.056271,-43.220507],[147.059441,-43.220116],[147.06193,-43.225087],[147.063964,-43.22392],[147.063166,-43.217332],[147.071322,-43.213868],[147.075737,-43.208875],[147.080399,-43.208704],[147.083327,-43.206688],[147.078223,-43.2042],[147.074194,-43.205064],[147.071812,-43.202319],[147.076927,-43.199349],[147.073907,-43.196227],[147.078949,-43.198262],[147.084247,-43.19286],[147.086483,-43.192815],[147.081199,-43.182858],[147.083563,-43.17868],[147.080101,-43.172224],[147.081893,-43.167033],[147.08007,-43.164716],[147.081442,-43.16309],[147.080477,-43.165245],[147.083122,-43.165089],[147.083693,-43.166383],[147.082515,-43.162937],[147.086241,-43.169889],[147.094749,-43.168887],[147.094057,-43.170159],[147.095969,-43.171215],[147.092675,-43.171334],[147.096415,-43.171677],[147.093172,-43.171418],[147.092775,-43.174668],[147.08947,-43.177552],[147.093208,-43.177895],[147.093047,-43.181474],[147.09816,-43.183664],[147.101166,-43.182969],[147.104219,-43.185275],[147.109023,-43.185278],[147.103564,-43.18524],[147.100961,-43.18749],[147.09445,-43.188029],[147.101031,-43.190239],[147.10214,-43.192047],[147.10045,-43.194224],[147.101112,-43.196024],[147.105626,-43.198451],[147.103821,-43.201147],[147.1052,-43.203728],[147.10212,-43.20693],[147.10899,-43.205962],[147.11783,-43.210587],[147.114161,-43.210672],[147.113307,-43.2146],[147.107622,-43.21365],[147.096787,-43.215555],[147.091479,-43.219873],[147.093156,-43.224147],[147.091886,-43.224986],[147.09724,-43.225659],[147.094469,-43.226926],[147.094274,-43.228698],[147.097246,-43.228902],[147.094105,-43.231401],[147.097898,-43.231637],[147.094522,-43.235083],[147.097765,-43.235784],[147.09929,-43.238015],[147.096959,-43.238165],[147.095357,-43.241293],[147.090523,-43.240265],[147.08893,-43.243143],[147.092024,-43.245449],[147.100034,-43.245296],[147.100302,-43.248512],[147.095462,-43.248884],[147.097082,-43.250238],[147.104131,-43.252016],[147.108497,-43.25099],[147.108128,-43.248857],[147.11245,-43.246577],[147.121563,-43.247612],[147.118956,-43.244966],[147.124131,-43.242791],[147.127336,-43.243267],[147.130071,-43.247907],[147.138901,-43.248008],[147.143974,-43.249981],[147.147465,-43.245964],[147.146111,-43.244974],[147.148252,-43.245318],[147.15117,-43.241112],[147.142107,-43.253545],[147.143535,-43.261037],[147.14227,-43.265562],[147.146599,-43.269684],[147.14215,-43.271203],[147.144105,-43.272656],[147.147931,-43.272268],[147.152124,-43.276281],[147.161884,-43.277846],[147.167123,-43.283102],[147.172177,-43.260454],[147.175453,-43.260907],[147.176686,-43.257375],[147.171403,-43.256629],[147.173795,-43.247775],[147.200638,-43.250393],[147.201922,-43.244809],[147.215082,-43.246794],[147.216023,-43.242858],[147.208288,-43.241809],[147.210063,-43.236281],[147.211621,-43.236484],[147.213917,-43.223348],[147.203197,-43.221925],[147.194864,-43.215979],[147.183628,-43.214595],[147.184232,-43.212269],[147.17852,-43.211495],[147.186416,-43.208188],[147.188296,-43.198854],[147.190104,-43.199325],[147.192992,-43.197212],[147.194905,-43.19221],[147.192674,-43.18764],[147.194265,-43.185755],[147.193687,-43.183447],[147.188114,-43.182589],[147.190008,-43.175244],[147.187982,-43.174969],[147.189432,-43.168757],[147.191168,-43.16895],[147.187816,-43.153475],[147.185105,-43.153771],[147.182792,-43.14673],[147.187936,-43.146131],[147.186399,-43.139063],[147.180892,-43.139693],[147.179852,-43.1359],[147.185309,-43.135114],[147.18303,-43.125441],[147.184927,-43.12074],[147.181779,-43.121282],[147.179154,-43.113363],[147.180371,-43.113136],[147.173018,-43.062343],[147.174948,-43.055692],[147.182091,-43.056973],[147.181294,-43.053922],[147.187813,-43.053005],[147.186911,-43.049461],[147.201633,-43.047387],[147.201264,-43.045784],[147.204906,-43.0453],[147.204561,-43.043523],[147.174654,-43.038408],[147.175757,-43.033155],[147.173826,-43.032943],[147.173204,-43.036014],[147.147693,-43.034107],[147.148512,-43.030683],[147.142072,-43.02985],[147.14289,-43.027105],[147.124165,-43.024257],[147.126524,-43.016136],[147.118631,-43.012105],[147.122483,-43.000515],[147.125136,-43.000916],[147.125567,-42.999461],[147.132664,-43.000679],[147.134249,-42.995724],[147.136272,-42.996035],[147.13574,-42.997936],[147.14126,-42.998831],[147.143342,-42.993275],[147.144158,-42.990411],[147.138102,-42.989512],[147.140003,-42.982318],[147.144186,-42.981116],[147.150226,-42.955796],[147.151818,-42.956],[147.153237,-42.95086],[147.156042,-42.951195],[147.157653,-42.944007],[147.15612,-42.943798],[147.157084,-42.939854],[147.151543,-42.93912],[147.152397,-42.936041],[147.154788,-42.936381],[147.155556,-42.933557],[147.153167,-42.933214],[147.157301,-42.919677],[147.154146,-42.919224],[147.155649,-42.914118],[147.150373,-42.913338]]],[[[147.001108,-43.117414],[146.999913,-43.120707],[147.006175,-43.113091],[147.007649,-43.108391],[147.013423,-43.10247],[147.01358,-43.104479],[147.009818,-43.109444],[147.009416,-43.114915],[147.00911,-43.113421],[147.007835,-43.114978],[147.01008,-43.115676],[147.013616,-43.11171],[147.019016,-43.103358],[147.017828,-43.099154],[147.020116,-43.090714],[147.015684,-43.089927],[147.010186,-43.099073],[147.004917,-43.104114],[147.008596,-43.101592],[147.004583,-43.10643],[147.001108,-43.117414]]],[[[147.02499,-43.07656],[147.023482,-43.077407],[147.028784,-43.075715],[147.033147,-43.070603],[147.039975,-43.058496],[147.041353,-43.052866],[147.039846,-43.05765],[147.039816,-43.05388],[147.030666,-43.058582],[147.030518,-43.061826],[147.02482,-43.07061],[147.023817,-43.076453],[147.027212,-43.075235],[147.02499,-43.07656]]],[[[147.022958,-43.078829],[147.019609,-43.081885],[147.015803,-43.089819],[147.02038,-43.090706],[147.027553,-43.0822],[147.029652,-43.077171],[147.022958,-43.078829]]],[[[147.127715,-43.257334],[147.126629,-43.262407],[147.130285,-43.264829],[147.133831,-43.259634],[147.132859,-43.25391],[147.134227,-43.252834],[147.130027,-43.252771],[147.127715,-43.257334]]],[[[147.04031,-43.339281],[147.046108,-43.338621],[147.047428,-43.337468],[147.046661,-43.335388],[147.043046,-43.33467],[147.037422,-43.337013],[147.04031,-43.339281]]],[[[147.00399,-43.123001],[147.003132,-43.125199],[147.005359,-43.12369],[147.005857,-43.128287],[147.003083,-43.131553],[147.006003,-43.129106],[147.006274,-43.121774],[147.009649,-43.116148],[147.007557,-43.114967],[147.008277,-43.112825],[147.006039,-43.113964],[147.004808,-43.117334],[147.005948,-43.118414],[147.007493,-43.116742],[147.00399,-43.123001]]],[[[146.976609,-43.326921],[146.982867,-43.328413],[146.980228,-43.326793],[146.976609,-43.326921]]],[[[147.006299,-43.338387],[147.00752,-43.339332],[147.009308,-43.33791],[147.006299,-43.338387]]],[[[146.987283,-43.327507],[146.984571,-43.327811],[146.988062,-43.329926],[146.987283,-43.327507]]],[[[147.008343,-43.110313],[147.00932,-43.108084],[147.008036,-43.108496],[147.008343,-43.110313]]],[[[147.003233,-43.136796],[147.005182,-43.130916],[147.004515,-43.131346],[147.003233,-43.136796]]],[[[146.984515,-43.330944],[146.987303,-43.331445],[146.985174,-43.330351],[146.984515,-43.330944]]],[[[147.007688,-43.097944],[147.009594,-43.094391],[147.008879,-43.094721],[147.007688,-43.097944]]],[[[147.017801,-43.112564],[147.0173,-43.111638],[147.016692,-43.113459],[147.017801,-43.112564]]],[[[146.977825,-43.326305],[146.980804,-43.32633],[146.977303,-43.326012],[146.977825,-43.326305]]],[[[147.031412,-43.324221],[147.032442,-43.323887],[147.031519,-43.323533],[147.031412,-43.324221]]],[[[147.004562,-43.104864],[147.004276,-43.104651],[147.003473,-43.106064],[147.004562,-43.104864]]],[[[147.041909,-43.331848],[147.041577,-43.331027],[147.041403,-43.331437],[147.041909,-43.331848]]],[[[147.017991,-43.080282],[147.018624,-43.079694],[147.018147,-43.079408],[147.017991,-43.080282]]],[[[146.996581,-43.337829],[146.997525,-43.337869],[146.997047,-43.337581],[146.996581,-43.337829]]],[[[147.029569,-43.076532],[147.029858,-43.075918],[147.029301,-43.07618],[147.029569,-43.076532]]],[[[147.039127,-43.059757],[147.038746,-43.060458],[147.03964,-43.059233],[147.039127,-43.059757]]],[[[146.976616,-43.326342],[146.977576,-43.326361],[146.97735,-43.326198],[146.976616,-43.326342]]],[[[147.008716,-43.340296],[147.008841,-43.33999],[147.008421,-43.339908],[147.008716,-43.340296]]],[[[146.976791,-43.325681],[146.977559,-43.32561],[146.977236,-43.325501],[146.976791,-43.325681]],[[146.998459,-43.336576],[146.998045,-43.336671],[146.99881,-43.336419],[146.998459,-43.336576]]],[[[146.995633,-43.338222],[146.996135,-43.337998],[146.995599,-43.337867],[146.995633,-43.338222]]],[[[147.009928,-43.107451],[147.010305,-43.107398],[147.010392,-43.10708],[147.009928,-43.107451]]],[[[147.010464,-43.106655],[147.010299,-43.10678],[147.010607,-43.106913],[147.010464,-43.106655]]]]}},{"type":"Feature","properties":{"code":"AU-LGA-63210","name":"Kentish","label":"Kentish","type":"Local government area","parentCode":"AU-TAS"},"geometry":{"type":"Polygon","coordinates":[[[146.256036,-41.268589],[146.250177,-41.272912],[146.248061,-41.277923],[146.232491,-41.277687],[146.230807,-41.27369],[146.226171,-41.271548],[146.216543,-41.275942],[146.214725,-41.278706],[146.211081,-41.279333],[146.210115,-41.282385],[146.207142,-41.283767],[146.207992,-41.287754],[146.203303,-41.287233],[146.196392,-41.290812],[146.198338,-41.292198],[146.203281,-41.290929],[146.201959,-41.294515],[146.203448,-41.297535],[146.196923,-41.29562],[146.194201,-41.302265],[146.195916,-41.304445],[146.199271,-41.302816],[146.203102,-41.303955],[146.205034,-41.311847],[146.197606,-41.310708],[146.196424,-41.312408],[146.200448,-41.315956],[146.193261,-41.317628],[146.1847,-41.316267],[146.185794,-41.319815],[146.18313,-41.328203],[146.176637,-41.336653],[146.177209,-41.337722],[146.175065,-41.338051],[146.176977,-41.341257],[146.166834,-41.343568],[146.167422,-41.345804],[146.163675,-41.348665],[146.1638,-41.351721],[146.159576,-41.352044],[146.154568,-41.357274],[146.152143,-41.356456],[146.148527,-41.357974],[146.144795,-41.362639],[146.134789,-41.362565],[146.13633,-41.366957],[146.135166,-41.368495],[146.130828,-41.365759],[146.128515,-41.3688],[146.124105,-41.367698],[146.119645,-41.371511],[146.11444,-41.371395],[146.113689,-41.378127],[146.120706,-41.377468],[146.117907,-41.379385],[146.117451,-41.384252],[146.112484,-41.385416],[146.108094,-41.389974],[146.102344,-41.402271],[146.093321,-41.405804],[146.092786,-41.408612],[146.09452,-41.410226],[146.092,-41.412965],[146.093645,-41.414985],[146.085259,-41.420991],[146.088534,-41.423526],[146.084914,-41.427627],[146.087206,-41.429799],[146.090311,-41.429665],[146.092026,-41.432236],[146.090629,-41.435438],[146.092179,-41.438962],[146.089608,-41.440834],[146.094694,-41.444007],[146.09234,-41.445761],[146.090818,-41.449614],[146.092049,-41.451555],[146.088723,-41.452827],[146.088942,-41.456657],[146.087487,-41.458004],[146.083263,-41.456379],[145.95407,-41.451793],[145.852837,-41.46585],[145.853023,-41.58301],[145.951337,-41.684649],[146.02685,-41.576958],[146.049085,-41.577958],[146.049095,-41.579893],[146.056848,-41.579826],[146.172967,-41.601754],[146.176755,-41.607189],[146.174149,-41.616209],[146.186373,-41.618289],[146.189007,-41.609824],[146.181771,-41.608861],[146.183171,-41.603149],[146.178879,-41.602546],[146.181886,-41.589701],[146.174105,-41.588759],[146.177304,-41.576861],[146.185466,-41.577989],[146.186269,-41.574872],[146.19239,-41.575756],[146.193352,-41.572172],[146.185348,-41.571252],[146.198565,-41.522766],[146.187473,-41.519462],[146.188832,-41.512996],[146.229347,-41.487856],[146.259583,-41.490405],[146.321077,-41.504717],[146.353152,-41.508597],[146.382347,-41.506717],[146.415756,-41.513224],[146.438916,-41.511188],[146.446364,-41.512009],[146.450979,-41.510278],[146.453188,-41.511474],[146.461827,-41.510899],[146.470349,-41.513599],[146.494153,-41.514751],[146.490784,-41.502717],[146.497588,-41.495816],[146.493988,-41.488544],[146.487233,-41.487435],[146.480268,-41.483714],[146.477294,-41.478481],[146.46654,-41.47596],[146.466708,-41.47932],[146.457729,-41.482165],[146.455727,-41.479676],[146.457388,-41.479552],[146.458923,-41.476256],[146.456918,-41.474419],[146.44717,-41.472959],[146.453749,-41.469084],[146.449763,-41.46588],[146.45365,-41.462963],[146.44977,-41.458728],[146.455679,-41.456341],[146.4678,-41.454736],[146.463147,-41.447925],[146.46851,-41.437548],[146.466233,-41.432848],[146.459212,-41.427036],[146.461248,-41.42386],[146.468067,-41.420034],[146.468713,-41.415378],[146.468231,-41.414446],[146.468071,-41.416697],[146.466849,-41.411016],[146.468374,-41.405293],[146.473994,-41.401066],[146.48028,-41.405462],[146.483541,-41.405399],[146.484296,-41.398858],[146.496429,-41.395481],[146.502501,-41.389373],[146.494068,-41.376888],[146.489611,-41.37795],[146.484283,-41.376137],[146.479739,-41.369592],[146.479058,-41.36278],[146.477143,-41.363855],[146.477712,-41.361207],[146.459785,-41.347245],[146.459264,-41.343352],[146.461785,-41.336175],[146.459689,-41.320147],[146.451311,-41.316961],[146.451151,-41.318461],[146.450806,-41.316264],[146.446808,-41.315007],[146.448016,-41.30925],[146.44357,-41.30032],[146.444454,-41.297823],[146.414245,-41.293016],[146.413671,-41.29573],[146.407985,-41.293112],[146.400513,-41.295253],[146.398714,-41.28895],[146.39017,-41.287841],[146.388995,-41.293589],[146.383728,-41.292923],[146.384185,-41.286927],[146.358926,-41.284189],[146.358284,-41.279696],[146.362319,-41.277821],[146.357532,-41.27262],[146.370107,-41.266789],[146.36136,-41.257152],[146.362818,-41.256338],[146.349477,-41.242135],[146.323381,-41.254928],[146.319474,-41.260537],[146.319705,-41.261703],[146.320772,-41.260359],[146.322103,-41.261363],[146.322757,-41.263986],[146.322203,-41.266182],[146.319561,-41.266503],[146.321125,-41.27185],[146.26569,-41.26558],[146.265155,-41.267793],[146.261792,-41.267386],[146.261381,-41.269248],[146.256036,-41.268589]]]}},{"type":"Feature","properties":{"code":"AU-LGA-63410","name":"King Island","label":"King Island","type":"Local government area","parentCode":"AU-TAS"},"geometry":{"type":"MultiPolygon","coordinates":[[[[143.923772,-40.165005],[143.923825,-40.164851],[143.923739,-40.164879],[143.923772,-40.165005]]],[[[143.92387,-40.164672],[143.924011,-40.164601],[143.924112,-40.164222],[143.92387,-40.164672]]],[[[143.92851,-40.162406],[143.928525,-40.162248],[143.928453,-40.162294],[143.92851,-40.162406]]],[[[143.928157,-40.16238],[143.928234,-40.162138],[143.928084,-40.162248],[143.928157,-40.16238]]],[[[143.928593,-40.162048],[143.928673,-40.161735],[143.928573,-40.161921],[143.928593,-40.162048]]],[[[143.924098,-40.161179],[143.924237,-40.160832],[143.923972,-40.16105],[143.924098,-40.161179]]],[[[143.929191,-40.16023],[143.929681,-40.159774],[143.929299,-40.159964],[143.929191,-40.16023]]],[[[143.878422,-40.119793],[143.878578,-40.119593],[143.87845,-40.119649],[143.878422,-40.119793]]],[[[144.030999,-40.108301],[144.031018,-40.108173],[144.030886,-40.10813],[144.030999,-40.108301]]],[[[143.857489,-40.064498],[143.857237,-40.06443],[143.85763,-40.064763],[143.857489,-40.064498]]],[[[143.857645,-40.062719],[143.857632,-40.062585],[143.857443,-40.062598],[143.857645,-40.062719]]],[[[143.831989,-39.921806],[143.832159,-39.921634],[143.832001,-39.921633],[143.831989,-39.921806]]],[[[143.832614,-39.917419],[143.83268,-39.917214],[143.832594,-39.917256],[143.832614,-39.917419]]],[[[144.160244,-39.828508],[144.158047,-39.832873],[144.162565,-39.831017],[144.164149,-39.8284],[144.160458,-39.827371],[144.160244,-39.828508]]],[[[143.924372,-40.160269],[143.924533,-40.159704],[143.924366,-40.159814],[143.924372,-40.160269]]],[[[143.874226,-40.101168],[143.874639,-40.100929],[143.874302,-40.101045],[143.874226,-40.101168]]],[[[143.827014,-39.690572],[143.827433,-39.690484],[143.827456,-39.690302],[143.827014,-39.690572]]],[[[144.053919,-39.624224],[144.054012,-39.623838],[144.053793,-39.623962],[144.053919,-39.624224]]],[[[143.924814,-40.162118],[143.925081,-40.161842],[143.925212,-40.161353],[143.924814,-40.162118]]],[[[143.928853,-40.161039],[143.928945,-40.160767],[143.928827,-40.160903],[143.928853,-40.161039]]],[[[143.880568,-40.120433],[143.880971,-40.12044],[143.881255,-40.12017],[143.880568,-40.120433]]],[[[143.878886,-40.120718],[143.878966,-40.120511],[143.87879,-40.120641],[143.878886,-40.120718]]],[[[143.878716,-40.119853],[143.878875,-40.11969],[143.878689,-40.119795],[143.878716,-40.119853]]],[[[143.880184,-40.120761],[143.880245,-40.120562],[143.880154,-40.120702],[143.880184,-40.120761]]],[[[143.845692,-39.732932],[143.84676,-39.733678],[143.84753,-39.732687],[143.845692,-39.732932]]],[[[144.053209,-39.624931],[144.05337,-39.625303],[144.053821,-39.624799],[144.053209,-39.624931]]],[[[143.877662,-40.119278],[143.877936,-40.119635],[143.878175,-40.119239],[143.877662,-40.119278]]],[[[143.876909,-40.119712],[143.877289,-40.119276],[143.876812,-40.11936],[143.876909,-40.119712]]],[[[143.879375,-40.119378],[143.879442,-40.119276],[143.879319,-40.119307],[143.879375,-40.119378]]],[[[143.883857,-40.03068],[143.88372,-40.030269],[143.88366,-40.030537],[143.883857,-40.03068]]],[[[143.885836,-40.041787],[143.886008,-40.041687],[143.885772,-40.041621],[143.885836,-40.041787]]],[[[143.885868,-40.044083],[143.885899,-40.043893],[143.885766,-40.043972],[143.885868,-40.044083]]],[[[143.883472,-40.030886],[143.883527,-40.030674],[143.88348,-40.030539],[143.883472,-40.030886]]],[[[143.884231,-40.039158],[143.884245,-40.038904],[143.884197,-40.038993],[143.884231,-40.039158]]],[[[143.886187,-40.043488],[143.886283,-40.043487],[143.886237,-40.043379],[143.886187,-40.043488]]],[[[143.885279,-40.038971],[143.885331,-40.038919],[143.885244,-40.038796],[143.885279,-40.038971]]],[[[143.885611,-40.037495],[143.88561,-40.037353],[143.885536,-40.037457],[143.885611,-40.037495]]],[[[143.885601,-40.044735],[143.885478,-40.044604],[143.885472,-40.044677],[143.885601,-40.044735]]],[[[143.884183,-40.032759],[143.884223,-40.032675],[143.884141,-40.032593],[143.884183,-40.032759]]],[[[143.88607,-40.044603],[143.88616,-40.044498],[143.886017,-40.044542],[143.88607,-40.044603]]],[[[144.11411,-40.019604],[144.114053,-40.019345],[144.113968,-40.019522],[144.11411,-40.019604]]],[[[144.113652,-40.01967],[144.113742,-40.019521],[144.113604,-40.019597],[144.113652,-40.01967]]],[[[144.113805,-40.019858],[144.113842,-40.019717],[144.113762,-40.019773],[144.113805,-40.019858]]],[[[143.832913,-39.903025],[143.833073,-39.903011],[143.832933,-39.90288],[143.832913,-39.903025]]],[[[143.819256,-39.675006],[143.825834,-39.677317],[143.825333,-39.673495],[143.827572,-39.671394],[143.836643,-39.670597],[143.837779,-39.668728],[143.826754,-39.665002],[143.825303,-39.667697],[143.820446,-39.669159],[143.819256,-39.675006]]],[[[143.831433,-39.683045],[143.828723,-39.681616],[143.826052,-39.682935],[143.829128,-39.688691],[143.827706,-39.690427],[143.830186,-39.691341],[143.829891,-39.693128],[143.833636,-39.69314],[143.835902,-39.687884],[143.831433,-39.683045]]],[[[143.826673,-39.682087],[143.827007,-39.68184],[143.826469,-39.681926],[143.826673,-39.682087]]],[[[144.092923,-40.052713],[144.093173,-40.052546],[144.093106,-40.052301],[144.092923,-40.052713]]],[[[144.100848,-40.04774],[144.10101,-40.047686],[144.100904,-40.047472],[144.100848,-40.04774]]],[[[144.101871,-40.046982],[144.101891,-40.046613],[144.101743,-40.046782],[144.101871,-40.046982]]],[[[144.101133,-40.047548],[144.101243,-40.047393],[144.10115,-40.047295],[144.101133,-40.047548]]],[[[144.102505,-40.046081],[144.102657,-40.045902],[144.102434,-40.046014],[144.102505,-40.046081]]],[[[144.092517,-40.052392],[144.092666,-40.052329],[144.092676,-40.052182],[144.092517,-40.052392]]],[[[144.090694,-40.05262],[144.090957,-40.052393],[144.090757,-40.052484],[144.090694,-40.05262]]],[[[143.887393,-40.047479],[143.887442,-40.047327],[143.887304,-40.047117],[143.887393,-40.047479]]],[[[143.887086,-40.047472],[143.887269,-40.047409],[143.887135,-40.04735],[143.887086,-40.047472]]],[[[143.886948,-40.047295],[143.887059,-40.047206],[143.88694,-40.047115],[143.886948,-40.047295]]],[[[143.887092,-40.047825],[143.887163,-40.04762],[143.887093,-40.047662],[143.887092,-40.047825]]],[[[144.090955,-40.052262],[144.091145,-40.052124],[144.091082,-40.052101],[144.090955,-40.052262]]],[[[144.103206,-40.045244],[144.103285,-40.045177],[144.103202,-40.045103],[144.103206,-40.045244]]],[[[144.101756,-40.046449],[144.101934,-40.046362],[144.101788,-40.04636],[144.101756,-40.046449]]],[[[143.887444,-40.048203],[143.887374,-40.047983],[143.887358,-40.048069],[143.887444,-40.048203]]],[[[144.095097,-40.052337],[144.095032,-40.052237],[144.094929,-40.052227],[144.095097,-40.052337]]],[[[143.834348,-39.922428],[143.834439,-39.9221],[143.834261,-39.9223],[143.834348,-39.922428]]],[[[143.832645,-39.921777],[143.832812,-39.921553],[143.83268,-39.921569],[143.832645,-39.921777]]],[[[143.832915,-39.918007],[143.83295,-39.917893],[143.832771,-39.917943],[143.832915,-39.918007]]],[[[143.832855,-39.917679],[143.83288,-39.917557],[143.832778,-39.917602],[143.832855,-39.917679]]],[[[143.928138,-40.16086],[143.929018,-40.159577],[143.926747,-40.157656],[143.924442,-40.161475],[143.928138,-40.16086]]],[[[143.882569,-40.1214],[143.882888,-40.121164],[143.882599,-40.121199],[143.882569,-40.1214]]],[[[143.886357,-40.122081],[143.886669,-40.12173],[143.886342,-40.121969],[143.886357,-40.122081]]],[[[143.915637,-40.145954],[143.915857,-40.145659],[143.915621,-40.145777],[143.915637,-40.145954]]],[[[143.90017,-40.133809],[143.900381,-40.133502],[143.900174,-40.133617],[143.90017,-40.133809]]],[[[143.884949,-40.121983],[143.885073,-40.121667],[143.884892,-40.121764],[143.884949,-40.121983]]],[[[143.884464,-40.121977],[143.884594,-40.122025],[143.884713,-40.121719],[143.884464,-40.121977]]],[[[143.919889,-40.153096],[143.920197,-40.152803],[143.920022,-40.152803],[143.919889,-40.153096]]],[[[143.878392,-40.121191],[143.87867,-40.120906],[143.878538,-40.120914],[143.878392,-40.121191]]],[[[143.901052,-40.140206],[143.901147,-40.140154],[143.901028,-40.139964],[143.901052,-40.140206]]],[[[143.899574,-40.136586],[143.899668,-40.136523],[143.899517,-40.136346],[143.899574,-40.136586]]],[[[143.890049,-40.122699],[143.890317,-40.12251],[143.890081,-40.122588],[143.890049,-40.122699]]],[[[143.929926,-40.147266],[143.930087,-40.147129],[143.929905,-40.14714],[143.929926,-40.147266]]],[[[143.918411,-40.151004],[143.91851,-40.150951],[143.918555,-40.150749],[143.918411,-40.151004]]],[[[143.899936,-40.134242],[143.900082,-40.134057],[143.899876,-40.134162],[143.899936,-40.134242]]],[[[143.904911,-40.140901],[143.905058,-40.140711],[143.904882,-40.140816],[143.904911,-40.140901]]],[[[143.926949,-40.155117],[143.92704,-40.155038],[143.926796,-40.155013],[143.926949,-40.155117]]],[[[143.888953,-40.122535],[143.889025,-40.122388],[143.888869,-40.122421],[143.888953,-40.122535]]],[[[143.882816,-40.121029],[143.882909,-40.120865],[143.882749,-40.120952],[143.882816,-40.121029]]],[[[143.957662,-40.15273],[143.957668,-40.152546],[143.957572,-40.152661],[143.957662,-40.15273]]],[[[143.881547,-40.121242],[143.881709,-40.121121],[143.881608,-40.121099],[143.881547,-40.121242]]],[[[143.883589,-40.12108],[143.883626,-40.120911],[143.883519,-40.120983],[143.883589,-40.12108]]],[[[143.957304,-40.152801],[143.95736,-40.152633],[143.957271,-40.152701],[143.957304,-40.152801]]],[[[143.928528,-40.145205],[143.928724,-40.145093],[143.928568,-40.145105],[143.928528,-40.145205]]],[[[143.929769,-40.146865],[143.929775,-40.146717],[143.929699,-40.146773],[143.929769,-40.146865]]],[[[143.918798,-40.151208],[143.918829,-40.151113],[143.918745,-40.15109],[143.918798,-40.151208]]],[[[143.864638,-40.07389],[143.865467,-40.073512],[143.864683,-40.073496],[143.864638,-40.07389]]],[[[144.093661,-40.053349],[144.093976,-40.053056],[144.093614,-40.053051],[144.093661,-40.053349]]],[[[143.861753,-40.067165],[143.862126,-40.067584],[143.861974,-40.067053],[143.861753,-40.067165]]],[[[143.866668,-40.079302],[143.866924,-40.079183],[143.866613,-40.079003],[143.866668,-40.079302]]],[[[143.866421,-40.074926],[143.866775,-40.074602],[143.866304,-40.074826],[143.866421,-40.074926]]],[[[143.866608,-40.077571],[143.867052,-40.07698],[143.866762,-40.077175],[143.866608,-40.077571]]],[[[144.047368,-40.078807],[144.047546,-40.078608],[144.047387,-40.078489],[144.047368,-40.078807]]],[[[144.048032,-40.07972],[144.048009,-40.07937],[144.047866,-40.079503],[144.048032,-40.07972]]],[[[143.865212,-40.074254],[143.865504,-40.073952],[143.865151,-40.07415],[143.865212,-40.074254]]],[[[143.868808,-40.077654],[143.868978,-40.077625],[143.868863,-40.077342],[143.868808,-40.077654]]],[[[143.86093,-40.066678],[143.861221,-40.066629],[143.861195,-40.066492],[143.86093,-40.066678]]],[[[143.867099,-40.076563],[143.867602,-40.076443],[143.867319,-40.076422],[143.867099,-40.076563]]],[[[143.857948,-40.063672],[143.858013,-40.063513],[143.857908,-40.063331],[143.857948,-40.063672]]],[[[143.859366,-40.061066],[143.859345,-40.060926],[143.85911,-40.060933],[143.859366,-40.061066]]],[[[143.868914,-40.077914],[143.86861,-40.077965],[143.868791,-40.078068],[143.868914,-40.077914]]],[[[143.861455,-40.060373],[143.861505,-40.060216],[143.861303,-40.06031],[143.861455,-40.060373]]],[[[143.86172,-40.066814],[143.861712,-40.066608],[143.861579,-40.06661],[143.86172,-40.066814]]],[[[143.863971,-40.074488],[143.86402,-40.074298],[143.863891,-40.074368],[143.863971,-40.074488]]],[[[143.869108,-40.078848],[143.869207,-40.07873],[143.869118,-40.078606],[143.869108,-40.078848]]],[[[143.859151,-40.060547],[143.859183,-40.060368],[143.859089,-40.060475],[143.859151,-40.060547]]],[[[143.864266,-40.069705],[143.864453,-40.069618],[143.864276,-40.069605],[143.864266,-40.069705]]],[[[143.859251,-40.065398],[143.859241,-40.06526],[143.859101,-40.065325],[143.859251,-40.065398]]],[[[143.864697,-40.068454],[143.864883,-40.068323],[143.864759,-40.068316],[143.864697,-40.068454]]],[[[143.865703,-40.075048],[143.865776,-40.074857],[143.865662,-40.074978],[143.865703,-40.075048]]],[[[143.859014,-40.066032],[143.859023,-40.065916],[143.858897,-40.06588],[143.859014,-40.066032]]],[[[143.864375,-40.06843],[143.864504,-40.068305],[143.864386,-40.068325],[143.864375,-40.06843]]],[[[143.86907,-40.079469],[143.869066,-40.079386],[143.868899,-40.07941],[143.86907,-40.079469]]],[[[143.864075,-40.060218],[143.864155,-40.060116],[143.86402,-40.060154],[143.864075,-40.060218]]],[[[143.865683,-40.073621],[143.865717,-40.073495],[143.865646,-40.073519],[143.865683,-40.073621]]],[[[143.86053,-40.060268],[143.860528,-40.060165],[143.860456,-40.060228],[143.86053,-40.060268]]],[[[143.841267,-39.924436],[143.841535,-39.924471],[143.841441,-39.92428],[143.841267,-39.924436]]],[[[143.840789,-39.924502],[143.840923,-39.924474],[143.840812,-39.924409],[143.840789,-39.924502]]],[[[143.970629,-40.117298],[143.971011,-40.116888],[143.970767,-40.116673],[143.970629,-40.117298]]],[[[143.970864,-40.117634],[143.970255,-40.118036],[143.97061,-40.118102],[143.970864,-40.117634]]],[[[143.969328,-40.117484],[143.969849,-40.117151],[143.969275,-40.11718],[143.969328,-40.117484]]],[[[143.875191,-40.116401],[143.875457,-40.11605],[143.875018,-40.116079],[143.875191,-40.116401]]],[[[143.874921,-40.111413],[143.875037,-40.1112],[143.87472,-40.11115],[143.874921,-40.111413]]],[[[143.875016,-40.1167],[143.875086,-40.116522],[143.874716,-40.116478],[143.875016,-40.1167]]],[[[143.875762,-40.118391],[143.875951,-40.11831],[143.876065,-40.117999],[143.875762,-40.118391]]],[[[143.873848,-40.109909],[143.874044,-40.109669],[143.873853,-40.109734],[143.873848,-40.109909]]],[[[143.874185,-40.110095],[143.874408,-40.109677],[143.874191,-40.109894],[143.874185,-40.110095]]],[[[143.875529,-40.111262],[143.875183,-40.111316],[143.875132,-40.111424],[143.875529,-40.111262]]],[[[143.874028,-40.11314],[143.87419,-40.112914],[143.873973,-40.112955],[143.874028,-40.11314]]],[[[143.874417,-40.110163],[143.874533,-40.109856],[143.87443,-40.109935],[143.874417,-40.110163]]],[[[143.970978,-40.118045],[143.971167,-40.117814],[143.970898,-40.117965],[143.970978,-40.118045]]],[[[143.873705,-40.112483],[143.873896,-40.11234],[143.873728,-40.112326],[143.873705,-40.112483]]],[[[143.87408,-40.109449],[143.873769,-40.109431],[143.874217,-40.109493],[143.87408,-40.109449]]],[[[143.978664,-40.109972],[143.978821,-40.110016],[143.978706,-40.109826],[143.978664,-40.109972]]],[[[143.977317,-40.114342],[143.977435,-40.114129],[143.977265,-40.114257],[143.977317,-40.114342]]],[[[143.874264,-40.111133],[143.874371,-40.111009],[143.874179,-40.11099],[143.874264,-40.111133]]],[[[143.970215,-40.117707],[143.970498,-40.117513],[143.97031,-40.117566],[143.970215,-40.117707]]],[[[143.969374,-40.115248],[143.969626,-40.115101],[143.969456,-40.11512],[143.969374,-40.115248]]],[[[143.973765,-40.115919],[143.973886,-40.115848],[143.973902,-40.115714],[143.973765,-40.115919]]],[[[143.970913,-40.117394],[143.971078,-40.117274],[143.970965,-40.11722],[143.970913,-40.117394]]],[[[143.875499,-40.115941],[143.875568,-40.11584],[143.875287,-40.115838],[143.875499,-40.115941]]],[[[143.873957,-40.112239],[143.874035,-40.11216],[143.873773,-40.112153],[143.873957,-40.112239]]],[[[143.875473,-40.111045],[143.875674,-40.111075],[143.875405,-40.110987],[143.875473,-40.111045]]],[[[143.873657,-40.109818],[143.873794,-40.109599],[143.873693,-40.109651],[143.873657,-40.109818]]],[[[143.96686,-40.112464],[143.966913,-40.112322],[143.966775,-40.112375],[143.96686,-40.112464]]],[[[143.973963,-40.116092],[143.974195,-40.115957],[143.973993,-40.116],[143.973963,-40.116092]]],[[[143.876479,-40.118246],[143.876584,-40.118133],[143.876402,-40.118175],[143.876479,-40.118246]]],[[[143.97853,-40.110572],[143.978434,-40.110437],[143.978418,-40.110536],[143.97853,-40.110572]]],[[[143.876086,-40.11131],[143.875994,-40.111194],[143.875877,-40.111183],[143.876086,-40.11131]]],[[[143.971467,-40.116901],[143.971508,-40.116756],[143.971416,-40.11679],[143.971467,-40.116901]]],[[[143.9791,-40.109828],[143.979173,-40.109741],[143.979002,-40.109759],[143.9791,-40.109828]]],[[[143.884221,-39.997248],[143.88513,-39.996968],[143.883985,-39.997028],[143.884221,-39.997248]]],[[[143.891038,-40.009934],[143.891238,-40.009651],[143.891226,-40.009315],[143.891038,-40.009934]]],[[[143.891416,-40.011033],[143.891659,-40.010721],[143.891424,-40.010847],[143.891416,-40.011033]]],[[[143.88532,-39.990044],[143.885506,-39.989974],[143.885399,-39.989753],[143.88532,-39.990044]]],[[[143.886075,-39.990767],[143.886273,-39.990642],[143.886003,-39.990558],[143.886075,-39.990767]]],[[[143.891982,-40.007549],[143.892225,-40.007464],[143.892016,-40.007394],[143.891982,-40.007549]]],[[[143.886277,-40.006644],[143.886493,-40.006472],[143.886367,-40.006458],[143.886277,-40.006644]]],[[[143.884033,-40.000225],[143.884166,-40.000122],[143.883956,-40.000138],[143.884033,-40.000225]]],[[[143.884575,-40.022057],[143.884428,-40.021656],[143.884421,-40.021831],[143.884575,-40.022057]]],[[[143.887629,-40.007124],[143.887753,-40.007082],[143.887716,-40.006939],[143.887629,-40.007124]]],[[[143.883795,-39.997678],[143.883918,-39.99765],[143.88388,-39.99752],[143.883795,-39.997678]]],[[[143.884406,-40.023847],[143.884374,-40.023609],[143.884336,-40.023764],[143.884406,-40.023847]]],[[[143.885313,-40.00265],[143.88543,-40.002572],[143.885283,-40.002536],[143.885313,-40.00265]]],[[[143.892025,-40.010645],[143.892163,-40.010604],[143.891982,-40.01055],[143.892025,-40.010645]]],[[[144.037119,-40.085937],[144.037551,-40.087118],[144.03808,-40.085962],[144.037119,-40.085937]]],[[[144.031139,-40.106354],[144.031568,-40.105683],[144.031053,-40.10529],[144.031139,-40.106354]]],[[[144.038469,-40.086836],[144.03922,-40.086946],[144.039209,-40.086527],[144.038469,-40.086836]]],[[[143.8737,-40.104753],[143.874014,-40.105453],[143.873952,-40.104203],[143.8737,-40.104753]]],[[[143.873511,-40.104423],[143.873758,-40.103646],[143.873456,-40.104014],[143.873511,-40.104423]]],[[[143.87434,-40.107564],[143.874668,-40.107058],[143.873993,-40.10714],[143.87434,-40.107564]]],[[[144.020772,-40.09361],[144.021186,-40.093326],[144.021092,-40.093023],[144.020772,-40.09361]]],[[[144.030769,-40.107094],[144.030949,-40.106605],[144.0306,-40.106723],[144.030769,-40.107094]]],[[[144.03789,-40.083211],[144.038288,-40.082648],[144.038046,-40.082732],[144.03789,-40.083211]]],[[[143.872533,-40.09633],[143.871911,-40.096331],[143.87244,-40.096535],[143.872533,-40.09633]]],[[[144.02467,-40.09404],[144.024784,-40.093513],[144.02448,-40.093433],[144.02467,-40.09404]]],[[[144.03853,-40.087359],[144.038991,-40.08723],[144.038583,-40.087143],[144.03853,-40.087359]]],[[[143.869857,-40.081515],[143.870336,-40.08141],[143.86961,-40.081391],[143.869857,-40.081515]]],[[[144.029513,-40.090361],[144.029629,-40.090043],[144.029341,-40.090002],[144.029513,-40.090361]]],[[[144.00838,-40.099257],[144.008469,-40.098988],[144.008068,-40.099101],[144.00838,-40.099257]]],[[[143.871971,-40.098412],[143.872275,-40.098327],[143.871754,-40.098276],[143.871971,-40.098412]]],[[[143.87397,-40.106776],[143.874488,-40.106726],[143.874204,-40.106585],[143.87397,-40.106776]]],[[[143.869905,-40.080392],[143.870364,-40.080222],[143.870125,-40.080189],[143.869905,-40.080392]]],[[[144.030025,-40.101736],[144.030214,-40.101778],[144.030289,-40.101479],[144.030025,-40.101736]]],[[[143.868186,-40.085973],[143.868568,-40.08587],[143.868025,-40.085882],[143.868186,-40.085973]]],[[[144.029737,-40.102074],[144.029902,-40.101976],[144.02985,-40.101717],[144.029737,-40.102074]]],[[[143.870058,-40.080957],[143.870551,-40.080941],[143.869918,-40.08093],[143.870058,-40.080957]]],[[[143.874086,-40.100614],[143.874426,-40.100385],[143.874144,-40.100462],[143.874086,-40.100614]]],[[[143.874234,-40.100815],[143.874481,-40.100613],[143.874198,-40.100699],[143.874234,-40.100815]]],[[[144.030826,-40.106217],[144.030861,-40.106015],[144.030713,-40.105898],[144.030826,-40.106217]]],[[[143.869061,-40.079861],[143.869239,-40.079885],[143.869146,-40.079682],[143.869061,-40.079861]]],[[[143.870896,-40.095857],[143.871049,-40.095635],[143.870832,-40.095737],[143.870896,-40.095857]]],[[[143.874968,-40.099755],[143.875251,-40.099586],[143.874934,-40.099627],[143.874968,-40.099755]]],[[[143.868734,-40.092032],[143.868356,-40.092215],[143.868672,-40.092146],[143.868734,-40.092032]]],[[[144.010569,-40.094689],[144.010753,-40.094507],[144.010532,-40.094538],[144.010569,-40.094689]]],[[[143.872147,-40.100102],[143.872359,-40.099953],[143.872151,-40.099977],[143.872147,-40.100102]]],[[[143.868118,-40.092781],[143.868251,-40.092495],[143.86809,-40.092658],[143.868118,-40.092781]]],[[[144.030604,-40.101822],[144.030675,-40.101571],[144.03052,-40.101701],[144.030604,-40.101822]]],[[[143.872981,-40.105073],[143.873155,-40.105019],[143.872945,-40.104991],[143.872981,-40.105073]]],[[[143.871418,-40.096127],[143.871567,-40.096026],[143.871381,-40.09599],[143.871418,-40.096127]]],[[[143.875071,-40.100514],[143.875248,-40.10035],[143.875068,-40.100382],[143.875071,-40.100514]]],[[[144.029984,-40.101408],[144.02985,-40.101264],[144.02984,-40.101461],[144.029984,-40.101408]]],[[[143.868647,-40.081632],[143.868904,-40.081597],[143.868663,-40.08155],[143.868647,-40.081632]]],[[[143.870107,-40.082671],[143.870217,-40.08251],[143.870046,-40.082577],[143.870107,-40.082671]]],[[[143.875826,-40.097668],[143.875919,-40.097486],[143.87576,-40.097597],[143.875826,-40.097668]]],[[[144.031606,-40.105534],[144.031707,-40.105502],[144.031636,-40.105371],[144.031606,-40.105534]]],[[[144.030135,-40.102177],[144.030265,-40.102059],[144.030164,-40.102035],[144.030135,-40.102177]]],[[[144.030932,-40.10734],[144.030803,-40.10729],[144.030769,-40.10738],[144.030932,-40.10734]]],[[[143.873135,-40.09678],[143.873204,-40.096725],[143.873134,-40.096621],[143.873135,-40.09678]]],[[[143.874123,-40.105969],[143.874183,-40.105804],[143.874086,-40.105885],[143.874123,-40.105969]]],[[[144.010813,-40.101824],[144.010823,-40.101694],[144.010732,-40.101698],[144.010813,-40.101824]]],[[[143.869251,-40.08472],[143.869309,-40.084615],[143.869182,-40.084642],[143.869251,-40.08472]]],[[[143.875053,-40.098161],[143.87513,-40.098005],[143.875024,-40.09811],[143.875053,-40.098161]]],[[[143.86925,-40.081703],[143.8692,-40.081615],[143.869115,-40.081672],[143.86925,-40.081703]]],[[[144.047631,-40.079619],[144.047648,-40.079544],[144.04753,-40.079512],[144.047631,-40.079619]]],[[[143.873343,-40.105459],[143.873461,-40.105323],[143.873389,-40.105324],[143.873343,-40.105459]]],[[[143.852872,-39.752325],[143.848662,-39.754338],[143.851525,-39.757298],[143.851215,-39.760644],[143.849702,-39.761592],[143.852291,-39.763275],[143.851258,-39.764658],[143.852795,-39.766185],[143.850203,-39.770244],[143.855834,-39.773194],[143.856665,-39.778311],[143.863032,-39.789603],[143.862954,-39.79288],[143.859993,-39.793825],[143.860096,-39.795399],[143.866019,-39.801002],[143.860386,-39.807127],[143.86316,-39.809857],[143.859478,-39.81216],[143.860703,-39.813949],[143.859084,-39.816147],[143.86389,-39.819863],[143.863517,-39.821806],[143.860145,-39.823483],[143.864522,-39.824635],[143.867178,-39.833473],[143.866144,-39.840691],[143.863902,-39.844344],[143.858775,-39.849712],[143.854145,-39.851245],[143.859254,-39.853499],[143.860364,-39.856606],[143.853874,-39.861704],[143.856314,-39.864019],[143.853508,-39.867573],[143.851196,-39.869749],[143.846835,-39.870414],[143.847887,-39.873338],[143.844212,-39.876851],[143.845535,-39.878701],[143.842096,-39.883487],[143.844049,-39.88437],[143.841943,-39.885011],[143.84659,-39.887531],[143.845567,-39.889751],[143.843829,-39.889596],[143.847145,-39.894439],[143.84191,-39.895936],[143.835283,-39.902248],[143.837675,-39.904322],[143.836737,-39.907157],[143.839589,-39.910543],[143.833313,-39.915518],[143.834402,-39.91646],[143.833773,-39.921351],[143.835997,-39.922034],[143.83581,-39.923473],[143.844532,-39.923209],[143.845016,-39.927472],[143.843202,-39.92753],[143.844792,-39.928658],[143.840301,-39.928357],[143.839322,-39.932442],[143.837662,-39.933337],[143.840827,-39.934384],[143.839039,-39.936547],[143.8438,-39.938016],[143.845034,-39.940738],[143.843752,-39.941573],[143.848367,-39.942141],[143.852648,-39.945704],[143.85559,-39.94525],[143.856373,-39.94836],[143.860159,-39.948739],[143.859415,-39.95103],[143.86262,-39.950981],[143.868969,-39.958006],[143.869655,-39.960848],[143.86818,-39.963497],[143.879664,-39.967958],[143.879623,-39.97008],[143.884305,-39.975583],[143.885754,-39.98358],[143.889035,-39.985635],[143.886018,-39.98841],[143.887074,-39.991487],[143.891677,-39.993498],[143.886236,-39.996771],[143.88527,-40.00121],[143.887066,-40.002201],[143.887923,-40.005713],[143.892518,-40.006877],[143.892993,-40.01092],[143.891721,-40.012989],[143.888987,-40.01328],[143.889162,-40.018407],[143.885425,-40.023495],[143.885805,-40.027561],[143.884043,-40.028176],[143.886159,-40.03695],[143.885417,-40.042653],[143.88932,-40.049076],[143.88827,-40.049331],[143.890048,-40.053905],[143.888367,-40.056588],[143.879932,-40.062681],[143.873758,-40.062609],[143.871584,-40.063955],[143.870708,-40.061922],[143.868823,-40.063147],[143.866206,-40.060418],[143.862204,-40.060114],[143.858093,-40.06233],[143.858015,-40.064647],[143.865502,-40.068353],[143.863465,-40.072646],[143.868062,-40.075216],[143.867195,-40.07618],[143.868804,-40.076092],[143.867102,-40.077439],[143.868465,-40.076601],[143.869321,-40.079807],[143.87091,-40.079921],[143.870116,-40.081898],[143.871992,-40.083875],[143.869001,-40.085176],[143.870445,-40.087103],[143.868323,-40.08744],[143.868079,-40.089463],[143.86999,-40.091333],[143.86915,-40.093595],[143.870912,-40.093185],[143.869435,-40.094902],[143.876117,-40.097295],[143.874361,-40.099138],[143.875861,-40.099974],[143.874153,-40.104162],[143.876394,-40.106337],[143.873507,-40.108456],[143.874543,-40.108043],[143.873967,-40.109097],[143.876472,-40.111535],[143.87386,-40.1119],[143.875827,-40.113456],[143.875281,-40.116751],[143.876676,-40.116374],[143.876237,-40.117703],[143.88165,-40.119692],[143.881799,-40.120952],[143.887592,-40.122007],[143.904432,-40.121381],[143.904445,-40.124226],[143.907625,-40.12539],[143.908408,-40.128045],[143.904648,-40.129494],[143.905915,-40.13031],[143.902583,-40.130265],[143.903438,-40.132022],[143.900359,-40.133975],[143.900836,-40.13937],[143.905504,-40.139192],[143.905122,-40.140548],[143.906557,-40.139787],[143.90672,-40.141176],[143.908507,-40.141279],[143.907907,-40.142646],[143.909737,-40.142172],[143.912919,-40.144503],[143.915959,-40.143459],[143.915689,-40.148107],[143.919555,-40.150865],[143.923268,-40.157254],[143.925654,-40.157965],[143.930005,-40.151552],[143.928065,-40.149379],[143.929775,-40.146111],[143.928088,-40.145525],[143.928689,-40.143344],[143.921087,-40.139159],[143.921052,-40.134068],[143.928601,-40.127678],[143.941032,-40.123363],[143.94315,-40.117877],[143.949705,-40.11291],[143.95821,-40.109378],[143.962641,-40.109135],[143.968095,-40.11371],[143.969201,-40.113173],[143.96955,-40.116671],[143.971094,-40.116721],[143.975078,-40.114181],[143.978768,-40.113991],[143.977698,-40.110785],[143.979144,-40.10905],[143.977092,-40.108072],[143.977317,-40.106043],[143.989669,-40.098227],[143.99605,-40.097204],[144.003787,-40.099671],[144.007834,-40.098349],[144.007279,-40.096485],[144.011803,-40.093423],[144.023302,-40.091949],[144.026957,-40.09485],[144.026127,-40.09069],[144.028895,-40.090429],[144.033398,-40.086433],[144.036743,-40.086168],[144.037152,-40.080011],[144.050877,-40.074082],[144.047441,-40.070757],[144.049335,-40.06768],[144.056732,-40.065129],[144.060769,-40.066475],[144.060325,-40.063767],[144.062992,-40.063022],[144.064223,-40.065274],[144.060291,-40.069584],[144.062742,-40.06921],[144.065657,-40.064963],[144.062792,-40.06216],[144.062983,-40.05968],[144.06813,-40.057803],[144.070393,-40.051427],[144.087415,-40.048426],[144.093894,-40.052244],[144.096547,-40.046818],[144.100601,-40.046996],[144.103559,-40.043379],[144.105463,-40.044362],[144.105967,-40.042508],[144.101579,-40.038876],[144.102359,-40.034535],[144.100896,-40.033393],[144.102388,-40.031948],[144.100822,-40.028777],[144.10809,-40.021708],[144.116249,-40.018132],[144.116952,-40.011969],[144.114995,-40.011247],[144.113557,-40.008034],[144.115713,-40.007821],[144.116294,-40.005772],[144.120953,-40.002555],[144.121362,-39.998465],[144.12412,-39.997769],[144.128018,-39.99323],[144.125437,-39.988059],[144.127713,-39.984245],[144.131137,-39.982781],[144.133033,-39.977333],[144.131271,-39.963338],[144.133683,-39.960032],[144.13299,-39.957416],[144.134937,-39.950589],[144.133828,-39.949179],[144.136425,-39.945081],[144.137764,-39.930991],[144.135652,-39.92437],[144.110964,-39.913243],[144.106387,-39.899427],[144.10466,-39.885606],[144.104873,-39.873981],[144.107112,-39.864672],[144.110871,-39.857393],[144.118174,-39.850303],[144.118732,-39.846322],[144.124791,-39.836215],[144.127924,-39.822125],[144.111633,-39.79958],[144.104721,-39.779258],[144.101796,-39.764468],[144.100809,-39.737062],[144.109931,-39.677713],[144.109764,-39.67018],[144.068921,-39.644012],[144.056419,-39.633366],[144.051484,-39.625448],[144.035911,-39.620297],[144.012596,-39.608828],[144.005863,-39.602249],[144.004213,-39.598157],[144.005386,-39.596624],[144.002038,-39.59714],[144.001678,-39.599853],[143.99641,-39.601499],[143.984396,-39.60097],[143.97597,-39.592099],[143.972079,-39.591533],[143.969502,-39.588745],[143.956395,-39.585376],[143.953395,-39.5814],[143.947953,-39.579403],[143.940564,-39.584462],[143.935435,-39.594837],[143.926994,-39.592169],[143.924215,-39.595274],[143.926296,-39.597574],[143.925243,-39.600763],[143.927586,-39.603137],[143.926946,-39.609302],[143.925389,-39.609778],[143.924988,-39.612146],[143.931761,-39.620389],[143.930731,-39.62283],[143.933261,-39.625389],[143.931352,-39.629507],[143.934186,-39.633743],[143.934624,-39.638196],[143.932535,-39.649718],[143.922271,-39.669439],[143.912908,-39.680404],[143.891334,-39.698305],[143.889757,-39.697044],[143.875697,-39.700182],[143.864852,-39.710109],[143.849341,-39.710773],[143.844333,-39.715087],[143.847074,-39.71789],[143.84505,-39.723045],[143.847261,-39.723657],[143.845782,-39.725202],[143.84654,-39.728528],[143.849657,-39.730145],[143.847909,-39.732618],[143.851031,-39.732934],[143.852311,-39.734637],[143.851408,-39.735352],[143.854679,-39.73751],[143.85273,-39.739574],[143.853442,-39.745268],[143.851481,-39.746605],[143.854251,-39.750644],[143.852872,-39.752325]]]]}},{"type":"Feature","properties":{"code":"AU-LGA-63610","name":"Kingborough","label":"Kingborough","type":"Local government area","parentCode":"AU-TAS"},"geometry":{"type":"MultiPolygon","coordinates":[[[[147.291945,-43.527397],[147.293014,-43.528312],[147.295147,-43.526794],[147.293796,-43.52379],[147.291533,-43.524147],[147.291945,-43.527397]]],[[[147.300942,-43.517379],[147.302314,-43.517204],[147.302175,-43.516529],[147.300942,-43.517379]]],[[[147.129563,-43.499288],[147.130194,-43.499089],[147.130636,-43.498187],[147.129563,-43.499288]]],[[[147.096409,-43.40371],[147.098713,-43.408327],[147.100975,-43.409388],[147.10302,-43.406325],[147.102875,-43.400643],[147.105805,-43.395904],[147.102617,-43.3938],[147.100423,-43.389183],[147.098179,-43.391012],[147.100086,-43.394036],[147.096568,-43.394922],[147.097287,-43.39656],[147.094054,-43.398588],[147.096409,-43.40371]]],[[[147.38249,-43.372087],[147.382379,-43.371764],[147.382063,-43.372655],[147.38249,-43.372087]]],[[[147.180332,-43.287305],[147.179732,-43.287703],[147.180899,-43.287385],[147.180332,-43.287305]]],[[[147.425426,-43.254059],[147.425954,-43.253833],[147.425462,-43.253915],[147.425426,-43.254059]]],[[[147.107825,-43.441472],[147.107984,-43.440808],[147.107528,-43.440898],[147.107825,-43.441472]]],[[[147.107996,-43.440574],[147.108268,-43.440249],[147.107922,-43.440268],[147.107996,-43.440574]]],[[[147.29598,-43.527494],[147.297122,-43.525808],[147.295827,-43.526549],[147.29598,-43.527494]]],[[[147.298509,-43.528451],[147.296446,-43.529267],[147.297611,-43.529453],[147.298509,-43.528451]]],[[[147.2991,-43.525289],[147.297997,-43.52504],[147.297215,-43.526678],[147.2991,-43.525289]]],[[[147.29817,-43.527534],[147.299059,-43.527126],[147.297724,-43.527418],[147.29817,-43.527534]]],[[[147.297492,-43.528103],[147.2978,-43.52776],[147.297331,-43.527977],[147.297492,-43.528103]]],[[[147.132641,-43.498428],[147.13332,-43.498391],[147.133543,-43.498148],[147.132641,-43.498428]]],[[[147.136867,-43.497234],[147.136695,-43.497469],[147.137054,-43.497696],[147.136867,-43.497234]]],[[[147.135128,-43.498923],[147.135373,-43.498371],[147.135053,-43.498669],[147.135128,-43.498923]]],[[[147.106556,-43.436505],[147.10695,-43.435965],[147.106752,-43.436037],[147.106556,-43.436505]]],[[[147.35931,-43.403929],[147.358251,-43.404162],[147.359804,-43.404727],[147.35931,-43.403929]]],[[[147.36353,-43.400133],[147.364143,-43.400036],[147.364062,-43.398607],[147.36353,-43.400133]]],[[[147.366542,-43.392233],[147.366451,-43.39206],[147.366221,-43.392273],[147.366542,-43.392233]]],[[[147.152127,-43.490822],[147.152636,-43.491434],[147.152584,-43.490687],[147.152127,-43.490822]]],[[[147.150005,-43.492752],[147.149957,-43.493346],[147.150078,-43.492491],[147.150005,-43.492752]]],[[[147.305777,-43.296006],[147.306933,-43.296678],[147.306722,-43.295474],[147.305777,-43.296006]]],[[[147.30705,-43.296504],[147.30734,-43.29578],[147.306858,-43.295146],[147.30705,-43.296504]]],[[[147.261521,-43.224022],[147.26163,-43.223779],[147.261494,-43.223635],[147.261521,-43.224022]]],[[[147.13451,-43.494185],[147.132741,-43.493818],[147.131878,-43.495277],[147.133892,-43.499346],[147.137208,-43.494803],[147.13451,-43.494185]]],[[[147.368263,-43.350014],[147.374273,-43.350255],[147.369799,-43.348919],[147.368263,-43.350014]]],[[[147.207558,-43.418393],[147.209043,-43.419165],[147.209274,-43.418039],[147.207343,-43.416935],[147.207558,-43.418393]]],[[[147.339079,-43.439074],[147.341603,-43.441892],[147.341211,-43.440211],[147.339079,-43.439074]]],[[[147.248346,-43.493625],[147.247653,-43.493672],[147.247731,-43.494554],[147.248346,-43.493625]]],[[[147.207908,-43.419608],[147.208527,-43.419922],[147.209266,-43.419353],[147.207908,-43.419608]]],[[[147.207052,-43.422167],[147.2065,-43.42332],[147.206994,-43.423229],[147.207052,-43.422167]]],[[[147.177637,-43.493342],[147.177969,-43.492621],[147.177215,-43.492721],[147.177637,-43.493342]]],[[[147.173897,-43.427319],[147.17455,-43.426409],[147.173735,-43.426725],[147.173897,-43.427319]]],[[[147.244176,-43.47775],[147.243704,-43.477138],[147.24331,-43.477499],[147.244176,-43.47775]]],[[[147.249167,-43.494866],[147.249461,-43.494109],[147.24915,-43.493642],[147.249167,-43.494866]]],[[[147.291747,-43.511847],[147.292181,-43.512188],[147.291929,-43.511207],[147.291747,-43.511847]]],[[[147.186637,-43.480226],[147.187132,-43.48028],[147.186784,-43.479686],[147.186637,-43.480226]]],[[[147.192803,-43.467295],[147.19268,-43.467592],[147.193308,-43.466655],[147.192803,-43.467295]]],[[[147.168353,-43.490361],[147.168637,-43.489974],[147.168239,-43.489418],[147.168353,-43.490361]]],[[[147.177461,-43.492496],[147.177919,-43.492441],[147.177806,-43.491964],[147.177461,-43.492496]]],[[[147.247245,-43.493682],[147.2469,-43.493754],[147.247173,-43.494222],[147.247245,-43.493682]]],[[[147.226514,-43.320613],[147.224749,-43.316744],[147.221896,-43.315678],[147.217028,-43.316498],[147.215752,-43.318337],[147.225367,-43.320507],[147.225422,-43.322217],[147.22769,-43.321718],[147.226514,-43.320613]]],[[[147.34033,-43.366943],[147.340107,-43.367229],[147.340847,-43.367298],[147.34033,-43.366943]]],[[[147.273527,-43.020309],[147.274852,-43.020678],[147.273395,-43.019554],[147.273527,-43.020309]]],[[[147.270995,-43.021871],[147.271278,-43.021685],[147.271134,-43.021683],[147.270995,-43.021871]]],[[[147.300615,-43.171098],[147.3006,-43.17569],[147.298551,-43.179271],[147.299493,-43.180853],[147.317648,-43.176959],[147.328806,-43.16976],[147.334594,-43.170769],[147.336481,-43.169422],[147.340148,-43.171662],[147.342303,-43.169981],[147.341638,-43.171964],[147.343988,-43.172002],[147.342895,-43.174581],[147.339048,-43.175223],[147.33765,-43.178324],[147.333549,-43.179885],[147.332979,-43.18158],[147.329438,-43.181995],[147.331953,-43.182861],[147.330818,-43.184675],[147.331794,-43.185284],[147.34256,-43.18283],[147.346787,-43.186068],[147.354666,-43.186639],[147.359096,-43.184437],[147.361717,-43.176288],[147.370361,-43.177422],[147.378966,-43.176033],[147.3779,-43.176766],[147.383976,-43.182347],[147.386312,-43.187851],[147.38522,-43.19043],[147.386464,-43.196504],[147.383352,-43.198496],[147.385017,-43.199048],[147.385116,-43.201083],[147.3829,-43.203],[147.383281,-43.206898],[147.381095,-43.209723],[147.376476,-43.20936],[147.377535,-43.211365],[147.375734,-43.214846],[147.369778,-43.21528],[147.365998,-43.209088],[147.364272,-43.208598],[147.358668,-43.212488],[147.353047,-43.213334],[147.349384,-43.212192],[147.353743,-43.216582],[147.351323,-43.219579],[147.342964,-43.217542],[147.341162,-43.21907],[147.346333,-43.221188],[147.347532,-43.226272],[147.355737,-43.229066],[147.356128,-43.232765],[147.353681,-43.23769],[147.348369,-43.237121],[147.350292,-43.239529],[147.349596,-43.242772],[147.354037,-43.241804],[147.358076,-43.245808],[147.357888,-43.255786],[147.350706,-43.266614],[147.334424,-43.283902],[147.317643,-43.29476],[147.30837,-43.295011],[147.30891,-43.296388],[147.30582,-43.297003],[147.306773,-43.290449],[147.302947,-43.287119],[147.301454,-43.279154],[147.297974,-43.27313],[147.297855,-43.269015],[147.302206,-43.264267],[147.294943,-43.255389],[147.293099,-43.240906],[147.290861,-43.241776],[147.288699,-43.245455],[147.28944,-43.248371],[147.287893,-43.252148],[147.289796,-43.25606],[147.287733,-43.257389],[147.286109,-43.265925],[147.28329,-43.269147],[147.27533,-43.271904],[147.271602,-43.276028],[147.271191,-43.283349],[147.273622,-43.286774],[147.271497,-43.288553],[147.271085,-43.295506],[147.263445,-43.299009],[147.253238,-43.299405],[147.250678,-43.303373],[147.246785,-43.304314],[147.243101,-43.308158],[147.241488,-43.312613],[147.24225,-43.320496],[147.240117,-43.32349],[147.241489,-43.327476],[147.240422,-43.329153],[147.227403,-43.334213],[147.222341,-43.339833],[147.2226,-43.343186],[147.225698,-43.346718],[147.223069,-43.351942],[147.224964,-43.351934],[147.227284,-43.35537],[147.231557,-43.356235],[147.234487,-43.364044],[147.222876,-43.36441],[147.21803,-43.362321],[147.22159,-43.370733],[147.219167,-43.376411],[147.215446,-43.378489],[147.212793,-43.382344],[147.205251,-43.382736],[147.198647,-43.379371],[147.197968,-43.375626],[147.200454,-43.369412],[147.195317,-43.364897],[147.195614,-43.361254],[147.186957,-43.359368],[147.185051,-43.357354],[147.185771,-43.354931],[147.190009,-43.352574],[147.188579,-43.349091],[147.183445,-43.352977],[147.179101,-43.352542],[147.178493,-43.355897],[147.180387,-43.35765],[147.179418,-43.359254],[147.181037,-43.360557],[147.182011,-43.36839],[147.179816,-43.373246],[147.183651,-43.380075],[147.183064,-43.382111],[147.185949,-43.384672],[147.185859,-43.387644],[147.180728,-43.393613],[147.17537,-43.393938],[147.174076,-43.403376],[147.170785,-43.405974],[147.168608,-43.404681],[147.167892,-43.408725],[147.169057,-43.410209],[147.170458,-43.408217],[147.174116,-43.409103],[147.175548,-43.416898],[147.171722,-43.418228],[147.174282,-43.423501],[147.178325,-43.42453],[147.178207,-43.422162],[147.184877,-43.418081],[147.187387,-43.419095],[147.189625,-43.427218],[147.192422,-43.428744],[147.190579,-43.432043],[147.184622,-43.431549],[147.174273,-43.437796],[147.17932,-43.439679],[147.180381,-43.443252],[147.175306,-43.448941],[147.171786,-43.449829],[147.17142,-43.451712],[147.180119,-43.45476],[147.179882,-43.458285],[147.177026,-43.458289],[147.172859,-43.462014],[147.163782,-43.464981],[147.16038,-43.464391],[147.159016,-43.462628],[147.162359,-43.459941],[147.16191,-43.458581],[147.152527,-43.458284],[147.153376,-43.45641],[147.151288,-43.451978],[147.143815,-43.4488],[147.142149,-43.444354],[147.13138,-43.432722],[147.127522,-43.423048],[147.122349,-43.416449],[147.115244,-43.411221],[147.112222,-43.412958],[147.105067,-43.411209],[147.097151,-43.412355],[147.098993,-43.413415],[147.098937,-43.417099],[147.091862,-43.418995],[147.092247,-43.420517],[147.09394,-43.420506],[147.092903,-43.421119],[147.094348,-43.420857],[147.093902,-43.428385],[147.095718,-43.42823],[147.097913,-43.43301],[147.101781,-43.433466],[147.103365,-43.43504],[147.10244,-43.435978],[147.10659,-43.434902],[147.10726,-43.436685],[147.110409,-43.435691],[147.114614,-43.437281],[147.118128,-43.446341],[147.120046,-43.4476],[147.122849,-43.446705],[147.124429,-43.451498],[147.126319,-43.451213],[147.124978,-43.453537],[147.126569,-43.452419],[147.129887,-43.455117],[147.13227,-43.45397],[147.132522,-43.456167],[147.135654,-43.45809],[147.135091,-43.460697],[147.136553,-43.462028],[147.135159,-43.463209],[147.136771,-43.46535],[147.133454,-43.469109],[147.135361,-43.47061],[147.135828,-43.47477],[147.133089,-43.477582],[147.133638,-43.480045],[147.132501,-43.480155],[147.133863,-43.480801],[147.13227,-43.482136],[147.134686,-43.483925],[147.133579,-43.486934],[147.134614,-43.485185],[147.13831,-43.484267],[147.141172,-43.486582],[147.137514,-43.493367],[147.143337,-43.492153],[147.146539,-43.496768],[147.146411,-43.495139],[147.15076,-43.490371],[147.149301,-43.48826],[147.150039,-43.486611],[147.159392,-43.483339],[147.16594,-43.485517],[147.169055,-43.489623],[147.171532,-43.486391],[147.177474,-43.488705],[147.178363,-43.492296],[147.179048,-43.489801],[147.182842,-43.48885],[147.181982,-43.486744],[147.184153,-43.484616],[147.184069,-43.481626],[147.187061,-43.481324],[147.185742,-43.478499],[147.179053,-43.47444],[147.179562,-43.471243],[147.185789,-43.465992],[147.189008,-43.467491],[147.193023,-43.466538],[147.197611,-43.455401],[147.200385,-43.453389],[147.202602,-43.454708],[147.203524,-43.453185],[147.203002,-43.448576],[147.199872,-43.447564],[147.198986,-43.444945],[147.201608,-43.441798],[147.199056,-43.436003],[147.202177,-43.427264],[147.202014,-43.419151],[147.205379,-43.416911],[147.209568,-43.417273],[147.218437,-43.413663],[147.227263,-43.412557],[147.235372,-43.414044],[147.234343,-43.416468],[147.235925,-43.419545],[147.241718,-43.413892],[147.240778,-43.416221],[147.243606,-43.422239],[147.241978,-43.4257],[147.22591,-43.433896],[147.209723,-43.433757],[147.207975,-43.432175],[147.208089,-43.429329],[147.204582,-43.429822],[147.201443,-43.43686],[147.227864,-43.437656],[147.232489,-43.438502],[147.233538,-43.441517],[147.235937,-43.438648],[147.240134,-43.440683],[147.245869,-43.440383],[147.251581,-43.447614],[147.255801,-43.457708],[147.254952,-43.461663],[147.25079,-43.465697],[147.244212,-43.465],[147.242979,-43.463102],[147.240383,-43.46589],[147.242953,-43.46864],[147.241429,-43.471083],[147.242459,-43.471865],[147.240376,-43.473571],[147.243325,-43.472061],[147.246951,-43.472863],[147.246813,-43.475547],[147.242733,-43.478545],[147.244641,-43.479513],[147.241464,-43.479764],[147.242624,-43.482418],[147.245933,-43.481078],[147.246752,-43.484803],[147.244528,-43.488474],[147.246064,-43.489119],[147.246574,-43.49272],[147.250163,-43.49327],[147.255717,-43.490493],[147.256254,-43.488781],[147.263151,-43.487874],[147.264228,-43.491068],[147.265858,-43.490406],[147.267866,-43.491465],[147.267538,-43.492726],[147.26964,-43.492676],[147.268271,-43.493408],[147.270731,-43.493286],[147.269088,-43.496477],[147.271632,-43.495661],[147.271777,-43.500551],[147.277217,-43.499997],[147.279451,-43.504332],[147.282025,-43.504551],[147.282342,-43.506108],[147.285844,-43.506288],[147.288406,-43.503923],[147.289464,-43.505487],[147.291021,-43.505032],[147.289764,-43.506116],[147.292241,-43.509099],[147.292615,-43.512367],[147.293511,-43.510861],[147.296411,-43.511916],[147.296222,-43.513789],[147.294023,-43.514326],[147.294724,-43.516152],[147.299891,-43.515014],[147.300241,-43.513392],[147.302029,-43.514513],[147.301646,-43.512236],[147.302983,-43.512448],[147.301563,-43.51039],[147.308007,-43.507653],[147.316273,-43.501138],[147.318943,-43.500645],[147.322003,-43.501581],[147.32211,-43.503121],[147.322449,-43.501733],[147.323827,-43.502702],[147.323375,-43.501325],[147.327212,-43.497091],[147.327409,-43.494479],[147.324286,-43.48868],[147.32451,-43.484465],[147.320531,-43.475652],[147.320758,-43.469555],[147.324993,-43.461458],[147.326969,-43.44972],[147.331288,-43.441612],[147.334518,-43.43911],[147.344455,-43.43761],[147.34261,-43.435535],[147.342908,-43.431743],[147.346272,-43.429113],[147.340536,-43.427747],[147.337917,-43.42324],[147.341381,-43.417927],[147.347103,-43.415856],[147.34905,-43.410395],[147.347822,-43.408574],[147.348571,-43.405221],[147.351207,-43.405255],[147.352,-43.402431],[147.355537,-43.404286],[147.360003,-43.402036],[147.360973,-43.40028],[147.359284,-43.39838],[147.364502,-43.392108],[147.367747,-43.391211],[147.36996,-43.393357],[147.371232,-43.391833],[147.369669,-43.390585],[147.370535,-43.388972],[147.378946,-43.390281],[147.377694,-43.383092],[147.379696,-43.383078],[147.378395,-43.381536],[147.381462,-43.378388],[147.381963,-43.371767],[147.379642,-43.361306],[147.374583,-43.356147],[147.369206,-43.353663],[147.370409,-43.35183],[147.367018,-43.350279],[147.363329,-43.355747],[147.358517,-43.358642],[147.357984,-43.362525],[147.351483,-43.364058],[147.34973,-43.368209],[147.334436,-43.367722],[147.334985,-43.366108],[147.340014,-43.366928],[147.328301,-43.36017],[147.32676,-43.357526],[147.328977,-43.355731],[147.32598,-43.354219],[147.320309,-43.343979],[147.321733,-43.345498],[147.321689,-43.341824],[147.323774,-43.339613],[147.32216,-43.335358],[147.325302,-43.332323],[147.323233,-43.330636],[147.323857,-43.327348],[147.322441,-43.325443],[147.324352,-43.323006],[147.323234,-43.321461],[147.324441,-43.31881],[147.322772,-43.318113],[147.323717,-43.317092],[147.320352,-43.310493],[147.32229,-43.304022],[147.331615,-43.288615],[147.345631,-43.273391],[147.362159,-43.260581],[147.380266,-43.250589],[147.401033,-43.242792],[147.402468,-43.243679],[147.406087,-43.241487],[147.415947,-43.24056],[147.419153,-43.242935],[147.421227,-43.252643],[147.42328,-43.253734],[147.424392,-43.252479],[147.426861,-43.253127],[147.426799,-43.251353],[147.430192,-43.252124],[147.430866,-43.249843],[147.429097,-43.248715],[147.432912,-43.239516],[147.43112,-43.236839],[147.43319,-43.228348],[147.431495,-43.220259],[147.428192,-43.214545],[147.427957,-43.209071],[147.424988,-43.207011],[147.426681,-43.206239],[147.422128,-43.204689],[147.416314,-43.205827],[147.410776,-43.200534],[147.411477,-43.195021],[147.413379,-43.194122],[147.409135,-43.192652],[147.408545,-43.188998],[147.411455,-43.186376],[147.410279,-43.185129],[147.413102,-43.184272],[147.412353,-43.182573],[147.413648,-43.181263],[147.411394,-43.177128],[147.40905,-43.176345],[147.409444,-43.172606],[147.405427,-43.169865],[147.409124,-43.168879],[147.406367,-43.1668],[147.393866,-43.164619],[147.392474,-43.162418],[147.394454,-43.16043],[147.393084,-43.15975],[147.393979,-43.157352],[147.391062,-43.155174],[147.391881,-43.152416],[147.394869,-43.150289],[147.392987,-43.14456],[147.39695,-43.143096],[147.395022,-43.141689],[147.39422,-43.137423],[147.397231,-43.137107],[147.399479,-43.134929],[147.400257,-43.131757],[147.398314,-43.131448],[147.397968,-43.129477],[147.400191,-43.129155],[147.400718,-43.127082],[147.396128,-43.12255],[147.391162,-43.122603],[147.389603,-43.12105],[147.389057,-43.116415],[147.391422,-43.115137],[147.388778,-43.114993],[147.386594,-43.109796],[147.383834,-43.108661],[147.385027,-43.104866],[147.387988,-43.102649],[147.384862,-43.103939],[147.382891,-43.10319],[147.382806,-43.101452],[147.377781,-43.101675],[147.375156,-43.098307],[147.376583,-43.094611],[147.374412,-43.089259],[147.371422,-43.088656],[147.36733,-43.090525],[147.362676,-43.086901],[147.362838,-43.08048],[147.36565,-43.078769],[147.367636,-43.071811],[147.357357,-43.063649],[147.351022,-43.064074],[147.351868,-43.065935],[147.346244,-43.07493],[147.336523,-43.083173],[147.329114,-43.085247],[147.322525,-43.08442],[147.326112,-43.086607],[147.326728,-43.089225],[147.324982,-43.091499],[147.322588,-43.091686],[147.323233,-43.097538],[147.317924,-43.104774],[147.317138,-43.109414],[147.307761,-43.111997],[147.306638,-43.113549],[147.311006,-43.114573],[147.311123,-43.118264],[147.314741,-43.118921],[147.330087,-43.114868],[147.3301,-43.117761],[147.325532,-43.120908],[147.322635,-43.126472],[147.328413,-43.130985],[147.332852,-43.128892],[147.33313,-43.125623],[147.338382,-43.119412],[147.346109,-43.121814],[147.346436,-43.128582],[147.353232,-43.128048],[147.355186,-43.125718],[147.356924,-43.118068],[147.361163,-43.113562],[147.360615,-43.116436],[147.361802,-43.117388],[147.359844,-43.117042],[147.358024,-43.119145],[147.36006,-43.120427],[147.358145,-43.123026],[147.361852,-43.124032],[147.361263,-43.130616],[147.358043,-43.132941],[147.359317,-43.134287],[147.357265,-43.136518],[147.35807,-43.137488],[147.355912,-43.140745],[147.352559,-43.139378],[147.355813,-43.134262],[147.352401,-43.131121],[147.337222,-43.136543],[147.333772,-43.14192],[147.329786,-43.141536],[147.331868,-43.151282],[147.329401,-43.152271],[147.317364,-43.143489],[147.316792,-43.139897],[147.309635,-43.139872],[147.310071,-43.136098],[147.311906,-43.134364],[147.290294,-43.142867],[147.282123,-43.144319],[147.280705,-43.146339],[147.290455,-43.145676],[147.294368,-43.148836],[147.294888,-43.152022],[147.29248,-43.155],[147.296081,-43.157026],[147.294046,-43.158553],[147.283086,-43.158436],[147.276186,-43.166873],[147.281222,-43.167753],[147.279724,-43.170762],[147.283581,-43.167171],[147.284942,-43.17149],[147.291664,-43.169816],[147.297044,-43.170458],[147.299468,-43.168138],[147.30123,-43.168656],[147.300615,-43.171098]]],[[[147.290106,-43.199202],[147.291683,-43.196884],[147.290742,-43.195689],[147.290106,-43.199202]]],[[[147.291683,-43.173715],[147.29266,-43.174739],[147.294005,-43.173079],[147.292414,-43.17229],[147.291683,-43.173715]]],[[[147.412771,-43.195196],[147.413202,-43.195293],[147.413211,-43.194753],[147.412771,-43.195196]]],[[[147.27227,-43.024141],[147.271023,-43.024458],[147.272793,-43.024297],[147.27227,-43.024141]]],[[[147.270425,-43.02464],[147.2702,-43.02495],[147.270957,-43.025131],[147.270425,-43.02464]]],[[[147.272003,-43.022201],[147.272,-43.021892],[147.271633,-43.021714],[147.272003,-43.022201]]],[[[147.271063,-43.022035],[147.27129,-43.02207],[147.271287,-43.021843],[147.271063,-43.022035]]],[[[147.167123,-43.283102],[147.173466,-43.281761],[147.176742,-43.278449],[147.181663,-43.276717],[147.186396,-43.277557],[147.189001,-43.276236],[147.20631,-43.278606],[147.21416,-43.281404],[147.21949,-43.281023],[147.2318,-43.276167],[147.234687,-43.271952],[147.239329,-43.271144],[147.242517,-43.268086],[147.24007,-43.265388],[147.242606,-43.261649],[147.240493,-43.259666],[147.240453,-43.256591],[147.250338,-43.241799],[147.255608,-43.238072],[147.260979,-43.223504],[147.258832,-43.22049],[147.26038,-43.214421],[147.25606,-43.204139],[147.257234,-43.200073],[147.251825,-43.191739],[147.252868,-43.189322],[147.255442,-43.188355],[147.240926,-43.181942],[147.242584,-43.182014],[147.244048,-43.179468],[147.239519,-43.177247],[147.239462,-43.173469],[147.248412,-43.166278],[147.239487,-43.163254],[147.239226,-43.161302],[147.241815,-43.159634],[147.238589,-43.154435],[147.247994,-43.151714],[147.246784,-43.149842],[147.241633,-43.148663],[147.245097,-43.144768],[147.249305,-43.143969],[147.247186,-43.142273],[147.247941,-43.140597],[147.256252,-43.138563],[147.251698,-43.135086],[147.252766,-43.132319],[147.262775,-43.130819],[147.262326,-43.129141],[147.257007,-43.127115],[147.249852,-43.128179],[147.249986,-43.124881],[147.248854,-43.125313],[147.249694,-43.124471],[147.24639,-43.122299],[147.253466,-43.121594],[147.258167,-43.123393],[147.269393,-43.121931],[147.272091,-43.118906],[147.271496,-43.114787],[147.263037,-43.112025],[147.261215,-43.108599],[147.259165,-43.10826],[147.259812,-43.107094],[147.257676,-43.1065],[147.261923,-43.105646],[147.267829,-43.107622],[147.274292,-43.104438],[147.285295,-43.110978],[147.285892,-43.103508],[147.296697,-43.096624],[147.300253,-43.092319],[147.301238,-43.087895],[147.300498,-43.084745],[147.291752,-43.07984],[147.283204,-43.078777],[147.279042,-43.074906],[147.271186,-43.074608],[147.266608,-43.072523],[147.255646,-43.073151],[147.258092,-43.069475],[147.264639,-43.066162],[147.26197,-43.060953],[147.256081,-43.062655],[147.258745,-43.060182],[147.263335,-43.06151],[147.266365,-43.058396],[147.265428,-43.056014],[147.268578,-43.054345],[147.265394,-43.050625],[147.267933,-43.050209],[147.268061,-43.048043],[147.266281,-43.048027],[147.267328,-43.044104],[147.273506,-43.042349],[147.272048,-43.039653],[147.276439,-43.037368],[147.276148,-43.029792],[147.279925,-43.026735],[147.275999,-43.023281],[147.269169,-43.026985],[147.265067,-43.026296],[147.268234,-43.02352],[147.268821,-43.024589],[147.269598,-43.023567],[147.269668,-43.025223],[147.269604,-43.023845],[147.271128,-43.024147],[147.269285,-43.021269],[147.276932,-43.011612],[147.285348,-43.009756],[147.284939,-43.008292],[147.287664,-43.020032],[147.289541,-43.018081],[147.289894,-43.020791],[147.292391,-43.021629],[147.29053,-43.026274],[147.29374,-43.027711],[147.293214,-43.029154],[147.296956,-43.033306],[147.29682,-43.035836],[147.300678,-43.038972],[147.301945,-43.044809],[147.303928,-43.045189],[147.305387,-43.049106],[147.307717,-43.050356],[147.307597,-43.052318],[147.314062,-43.059458],[147.32195,-43.060803],[147.329247,-43.057549],[147.333196,-43.058695],[147.344287,-43.051666],[147.345027,-43.048479],[147.33721,-43.040679],[147.337284,-43.039099],[147.338915,-43.039032],[147.338574,-43.036032],[147.337057,-43.031058],[147.334849,-43.029371],[147.335464,-43.027389],[147.333238,-43.024309],[147.334163,-43.022499],[147.328834,-43.016828],[147.330438,-43.010662],[147.327821,-43.009342],[147.329326,-43.007864],[147.325457,-43.007724],[147.324154,-43.006152],[147.325552,-43.001957],[147.329311,-42.998323],[147.32888,-42.992309],[147.330425,-42.989349],[147.324126,-42.9831],[147.329559,-42.977801],[147.324678,-42.97561],[147.324553,-42.977664],[147.320786,-42.979602],[147.31484,-42.974139],[147.316329,-42.973674],[147.315367,-42.974773],[147.317243,-42.977346],[147.321583,-42.979513],[147.324225,-42.974366],[147.328481,-42.977406],[147.33856,-42.974423],[147.338756,-42.969708],[147.34039,-42.969537],[147.339796,-42.967694],[147.341406,-42.966899],[147.340781,-42.961866],[147.344537,-42.954755],[147.355836,-42.951142],[147.3552,-42.947336],[147.357735,-42.943039],[147.356005,-42.94121],[147.360531,-42.931622],[147.349495,-42.929744],[147.348637,-42.932798],[147.312985,-42.927819],[147.309438,-42.939911],[147.30614,-42.939399],[147.306893,-42.936867],[147.296573,-42.934331],[147.290447,-42.934012],[147.289592,-42.937782],[147.284991,-42.935688],[147.278121,-42.929159],[147.276976,-42.932706],[147.27262,-42.929502],[147.26393,-42.934621],[147.262434,-42.941132],[147.264915,-42.941507],[147.264441,-42.943095],[147.25429,-42.941164],[147.246387,-42.935628],[147.236739,-42.931716],[147.237915,-42.927042],[147.236937,-42.898517],[147.234916,-42.897962],[147.230806,-42.905028],[147.196908,-42.905753],[147.150373,-42.913338],[147.155649,-42.914118],[147.154146,-42.919224],[147.157301,-42.919677],[147.153167,-42.933214],[147.155556,-42.933557],[147.154788,-42.936381],[147.152397,-42.936041],[147.151543,-42.93912],[147.157084,-42.939854],[147.15612,-42.943798],[147.157653,-42.944007],[147.156042,-42.951195],[147.153237,-42.95086],[147.151818,-42.956],[147.150226,-42.955796],[147.144186,-42.981116],[147.140003,-42.982318],[147.138102,-42.989512],[147.144158,-42.990411],[147.143342,-42.993275],[147.14126,-42.998831],[147.13574,-42.997936],[147.136272,-42.996035],[147.134249,-42.995724],[147.132664,-43.000679],[147.125567,-42.999461],[147.125136,-43.000916],[147.122483,-43.000515],[147.118631,-43.012105],[147.126524,-43.016136],[147.124165,-43.024257],[147.14289,-43.027105],[147.142072,-43.02985],[147.148512,-43.030683],[147.147693,-43.034107],[147.173204,-43.036014],[147.173826,-43.032943],[147.175757,-43.033155],[147.174654,-43.038408],[147.204561,-43.043523],[147.204906,-43.0453],[147.201264,-43.045784],[147.201633,-43.047387],[147.186911,-43.049461],[147.187813,-43.053005],[147.181294,-43.053922],[147.182091,-43.056973],[147.174948,-43.055692],[147.173018,-43.062343],[147.180371,-43.113136],[147.179154,-43.113363],[147.181779,-43.121282],[147.184927,-43.12074],[147.18303,-43.125441],[147.185309,-43.135114],[147.179852,-43.1359],[147.180892,-43.139693],[147.186399,-43.139063],[147.187936,-43.146131],[147.182792,-43.14673],[147.185105,-43.153771],[147.187816,-43.153475],[147.191168,-43.16895],[147.189432,-43.168757],[147.187982,-43.174969],[147.190008,-43.175244],[147.188114,-43.182589],[147.193687,-43.183447],[147.194265,-43.185755],[147.192674,-43.18764],[147.194905,-43.19221],[147.192992,-43.197212],[147.190104,-43.199325],[147.188296,-43.198854],[147.186416,-43.208188],[147.17852,-43.211495],[147.184232,-43.212269],[147.183628,-43.214595],[147.194864,-43.215979],[147.203197,-43.221925],[147.213917,-43.223348],[147.211621,-43.236484],[147.210063,-43.236281],[147.208288,-43.241809],[147.216023,-43.242858],[147.215082,-43.246794],[147.201922,-43.244809],[147.200638,-43.250393],[147.173795,-43.247775],[147.171403,-43.256629],[147.176686,-43.257375],[147.175453,-43.260907],[147.172177,-43.260454],[147.167123,-43.283102]]]]}},{"type":"Feature","properties":{"code":"AU-LGA-63810","name":"Latrobe (Tas.)","label":"Latrobe (Tas.)","type":"Local government area","parentCode":"AU-TAS"},"geometry":{"type":"MultiPolygon","coordinates":[[[[146.416835,-41.154646],[146.416968,-41.15465],[146.416758,-41.154526],[146.416835,-41.154646]]],[[[146.4276,-41.148442],[146.427325,-41.147355],[146.42639,-41.147056],[146.4276,-41.148442]]],[[[146.545933,-41.124658],[146.548659,-41.12376],[146.547128,-41.123602],[146.545933,-41.124658]]],[[[146.604355,-41.256773],[146.604952,-41.257636],[146.604937,-41.255679],[146.604355,-41.256773]]],[[[146.568076,-41.174892],[146.56333,-41.17333],[146.563967,-41.174956],[146.568338,-41.176381],[146.569823,-41.175174],[146.568076,-41.174892]]],[[[146.566816,-41.170611],[146.569164,-41.171319],[146.566829,-41.169508],[146.566816,-41.170611]]],[[[146.566421,-41.170858],[146.566518,-41.170526],[146.565724,-41.170506],[146.566421,-41.170858]]],[[[146.374175,-41.226179],[146.375454,-41.227387],[146.377816,-41.225413],[146.379626,-41.225837],[146.378951,-41.22218],[146.374175,-41.226179]]],[[[146.391355,-41.226331],[146.389262,-41.226583],[146.395123,-41.227601],[146.393486,-41.225894],[146.394522,-41.227555],[146.391355,-41.226331]]],[[[146.596231,-41.247289],[146.596621,-41.247539],[146.596886,-41.246967],[146.596231,-41.247289]]],[[[146.565493,-41.244415],[146.56579,-41.244601],[146.565743,-41.244007],[146.565493,-41.244415]]],[[[146.388964,-41.224787],[146.388693,-41.224915],[146.389464,-41.224948],[146.388964,-41.224787]]],[[[146.596852,-41.246109],[146.597114,-41.246166],[146.597158,-41.245926],[146.596852,-41.246109]]],[[[146.388813,-41.226497],[146.389063,-41.226663],[146.388972,-41.226506],[146.388813,-41.226497]]],[[[146.571712,-41.17127],[146.574932,-41.171939],[146.57346,-41.167986],[146.56856,-41.170046],[146.571712,-41.17127]]],[[[146.554265,-41.150503],[146.55575,-41.151103],[146.554801,-41.14942],[146.554265,-41.150503]]],[[[146.555306,-41.153182],[146.554681,-41.153363],[146.555473,-41.154046],[146.555306,-41.153182]]],[[[146.591807,-41.166323],[146.592609,-41.165507],[146.591933,-41.165756],[146.591807,-41.166323]]],[[[146.592298,-41.158909],[146.592767,-41.159003],[146.592512,-41.158715],[146.592298,-41.158909]]],[[[146.546704,-41.133402],[146.547094,-41.133012],[146.546805,-41.133107],[146.546704,-41.133402]]],[[[146.406647,-41.170146],[146.404327,-41.17979],[146.400522,-41.179243],[146.394587,-41.205347],[146.389,-41.204371],[146.386943,-41.2128],[146.376261,-41.211253],[146.381092,-41.219089],[146.385716,-41.223277],[146.399897,-41.227728],[146.401724,-41.230632],[146.400493,-41.233431],[146.395819,-41.231727],[146.397794,-41.229249],[146.397049,-41.227894],[146.391821,-41.227786],[146.393149,-41.228621],[146.391257,-41.228672],[146.392494,-41.231204],[146.395556,-41.233492],[146.392916,-41.23194],[146.3908,-41.233759],[146.389516,-41.232813],[146.388851,-41.23593],[146.38833,-41.233499],[146.392522,-41.231811],[146.390251,-41.228906],[146.389187,-41.229793],[146.386919,-41.228096],[146.383495,-41.23444],[146.388567,-41.238229],[146.38325,-41.234593],[146.384731,-41.22884],[146.381415,-41.231925],[146.374913,-41.228172],[146.374685,-41.229359],[146.37228,-41.2293],[146.374085,-41.228855],[146.372482,-41.226051],[146.368178,-41.227396],[146.370677,-41.225535],[146.370237,-41.224092],[146.373172,-41.223042],[146.371381,-41.222379],[146.372898,-41.222697],[146.371128,-41.217393],[146.369777,-41.220322],[146.367367,-41.21949],[146.364355,-41.22115],[146.36526,-41.222905],[146.364758,-41.221594],[146.359076,-41.222475],[146.360291,-41.224],[146.357255,-41.226192],[146.353874,-41.223472],[146.348593,-41.226152],[146.354235,-41.232226],[146.350121,-41.234367],[146.351305,-41.23467],[146.350991,-41.23773],[146.347826,-41.242996],[146.349477,-41.242135],[146.351476,-41.243954],[146.370107,-41.266789],[146.357532,-41.27262],[146.362319,-41.277821],[146.358284,-41.279696],[146.358926,-41.284189],[146.384185,-41.286927],[146.383728,-41.292923],[146.388995,-41.293589],[146.39017,-41.287841],[146.398714,-41.28895],[146.400513,-41.295253],[146.407985,-41.293112],[146.413671,-41.29573],[146.414245,-41.293016],[146.444454,-41.297823],[146.44357,-41.30032],[146.448016,-41.30925],[146.446808,-41.315007],[146.450806,-41.316264],[146.451151,-41.318461],[146.451311,-41.316961],[146.459689,-41.320147],[146.461785,-41.336175],[146.459264,-41.343352],[146.459785,-41.347245],[146.477712,-41.361207],[146.47693,-41.363553],[146.478291,-41.36244],[146.479955,-41.364515],[146.479739,-41.369592],[146.485663,-41.37688],[146.489611,-41.37795],[146.493317,-41.376583],[146.494794,-41.377868],[146.528074,-41.364969],[146.545585,-41.367381],[146.548222,-41.354993],[146.557631,-41.356123],[146.557275,-41.357932],[146.589927,-41.361733],[146.58992,-41.356426],[146.586558,-41.353638],[146.582953,-41.353085],[146.580865,-41.346862],[146.587003,-41.34758],[146.589579,-41.334781],[146.617478,-41.337887],[146.61995,-41.324464],[146.703591,-41.332677],[146.70656,-41.319894],[146.701227,-41.318742],[146.700699,-41.316434],[146.705183,-41.297769],[146.708899,-41.30277],[146.714929,-41.30224],[146.714322,-41.305432],[146.718445,-41.30593],[146.71982,-41.299668],[146.727467,-41.300603],[146.728321,-41.296735],[146.733236,-41.297272],[146.733478,-41.29602],[146.749482,-41.297507],[146.751642,-41.287502],[146.7618,-41.288731],[146.695632,-41.170257],[146.699262,-41.157768],[146.695692,-41.132932],[146.664647,-41.111007],[146.658425,-41.110282],[146.661417,-41.096108],[146.656232,-41.093217],[146.652831,-41.092483],[146.651537,-41.094603],[146.6471,-41.093806],[146.646581,-41.095602],[146.642283,-41.096673],[146.648041,-41.10994],[146.642603,-41.114568],[146.636862,-41.115105],[146.635047,-41.116988],[146.635984,-41.121287],[146.633377,-41.125708],[146.616352,-41.135806],[146.597119,-41.144154],[146.571995,-41.14879],[146.565386,-41.1479],[146.564476,-41.146445],[146.563757,-41.149471],[146.564963,-41.150947],[146.561936,-41.154674],[146.56197,-41.158865],[146.567042,-41.163794],[146.574991,-41.161096],[146.574155,-41.160531],[146.57843,-41.157316],[146.577153,-41.156159],[146.579214,-41.155132],[146.589316,-41.158758],[146.595419,-41.155991],[146.599581,-41.157299],[146.601561,-41.154066],[146.600204,-41.152451],[146.601662,-41.151873],[146.607724,-41.155222],[146.609591,-41.158437],[146.60675,-41.155722],[146.604139,-41.155567],[146.601626,-41.159293],[146.595734,-41.161937],[146.595027,-41.164361],[146.595797,-41.167649],[146.598837,-41.167502],[146.601862,-41.164716],[146.604962,-41.168183],[146.606783,-41.167066],[146.607882,-41.168578],[146.606846,-41.167479],[146.604089,-41.168411],[146.602503,-41.166125],[146.595308,-41.167959],[146.591154,-41.166345],[146.591112,-41.164968],[146.584773,-41.167883],[146.582078,-41.174815],[146.582944,-41.180993],[146.57836,-41.18467],[146.582895,-41.188649],[146.58326,-41.190833],[146.581858,-41.19448],[146.57806,-41.197668],[146.581574,-41.197606],[146.58706,-41.200851],[146.590531,-41.208343],[146.595485,-41.209309],[146.588833,-41.210276],[146.587872,-41.214258],[146.592836,-41.213098],[146.596769,-41.217162],[146.598941,-41.21346],[146.604643,-41.209074],[146.606558,-41.209078],[146.609233,-41.212027],[146.608306,-41.213491],[146.606063,-41.21179],[146.603287,-41.212367],[146.60038,-41.215627],[146.603213,-41.221784],[146.59937,-41.22577],[146.60113,-41.226909],[146.599978,-41.228835],[146.603599,-41.228924],[146.605578,-41.232876],[146.608871,-41.233735],[146.605065,-41.232965],[146.603147,-41.230577],[146.599567,-41.233019],[146.598774,-41.235064],[146.60063,-41.24074],[146.595045,-41.250641],[146.604224,-41.253967],[146.605568,-41.258945],[146.607568,-41.258582],[146.6068,-41.259352],[146.603432,-41.256676],[146.603605,-41.254219],[146.598901,-41.254828],[146.59392,-41.251419],[146.596291,-41.24796],[146.595126,-41.244845],[146.597197,-41.239584],[146.593206,-41.225928],[146.595474,-41.224317],[146.596183,-41.219718],[146.590599,-41.216401],[146.590197,-41.217432],[146.586224,-41.216461],[146.585549,-41.214201],[146.587459,-41.208817],[146.585036,-41.205076],[146.583082,-41.205925],[146.582837,-41.209402],[146.584896,-41.213936],[146.583232,-41.217231],[146.584375,-41.219368],[146.583424,-41.222741],[146.577599,-41.226236],[146.573327,-41.231412],[146.568778,-41.233035],[146.569879,-41.234171],[146.576157,-41.233842],[146.575975,-41.239353],[146.577935,-41.240561],[146.575845,-41.239748],[146.570778,-41.244438],[146.565987,-41.244234],[146.565157,-41.250531],[146.56637,-41.251933],[146.565173,-41.251017],[146.565102,-41.244438],[146.568941,-41.240678],[146.571749,-41.242452],[146.572993,-41.239326],[146.561102,-41.238431],[146.564216,-41.237108],[146.564671,-41.228155],[146.567616,-41.226323],[146.570538,-41.22744],[146.575448,-41.222316],[146.575729,-41.220158],[146.569018,-41.216168],[146.569574,-41.215237],[146.570507,-41.21652],[146.56804,-41.211289],[146.567851,-41.203621],[146.562412,-41.197298],[146.564872,-41.194427],[146.563543,-41.19273],[146.572989,-41.189133],[146.569212,-41.184983],[146.568925,-41.177826],[146.553643,-41.171473],[146.547644,-41.169958],[146.541177,-41.175345],[146.540379,-41.179125],[146.540937,-41.175283],[146.547987,-41.168448],[146.558532,-41.172473],[146.561199,-41.169311],[146.560458,-41.167978],[146.558284,-41.16902],[146.560517,-41.167604],[146.558712,-41.165388],[146.561999,-41.167371],[146.554401,-41.160751],[146.546085,-41.158941],[146.541782,-41.155043],[146.54198,-41.151706],[146.544832,-41.150622],[146.545668,-41.14789],[146.542048,-41.142515],[146.542265,-41.138252],[146.543816,-41.13657],[146.543371,-41.131127],[146.545721,-41.129536],[146.543785,-41.126522],[146.537505,-41.125245],[146.532984,-41.118684],[146.530761,-41.118536],[146.527335,-41.12192],[146.528674,-41.124956],[146.52769,-41.125386],[146.529652,-41.126627],[146.52737,-41.130694],[146.514105,-41.139126],[146.493276,-41.149382],[146.462629,-41.160357],[146.453377,-41.161027],[146.450352,-41.159417],[146.426959,-41.16318],[146.424387,-41.162326],[146.416679,-41.167092],[146.406647,-41.170146]]],[[[146.397712,-41.230197],[146.396302,-41.231661],[146.399903,-41.232806],[146.401518,-41.230698],[146.39941,-41.227645],[146.394722,-41.226175],[146.397939,-41.228014],[146.397712,-41.230197]]],[[[146.57421,-41.21184],[146.579343,-41.208151],[146.578581,-41.207064],[146.576199,-41.206643],[146.573585,-41.208558],[146.57421,-41.21184]]],[[[146.565141,-41.238035],[146.568323,-41.237799],[146.569079,-41.235878],[146.56648,-41.235481],[146.565141,-41.238035]]],[[[146.570856,-41.235566],[146.573498,-41.236602],[146.575456,-41.235207],[146.570856,-41.235566]]],[[[146.569532,-41.176853],[146.56883,-41.176758],[146.569024,-41.177659],[146.569532,-41.176853]]],[[[146.584497,-41.201988],[146.584887,-41.201825],[146.584572,-41.201855],[146.584497,-41.201988]]]]}},{"type":"Feature","properties":{"code":"AU-LGA-64010","name":"Launceston","label":"Launceston","type":"Local government area","parentCode":"AU-TAS"},"geometry":{"type":"Polygon","coordinates":[[[147.647939,-41.478475],[147.639655,-41.474129],[147.645935,-41.47073],[147.641399,-41.465447],[147.643618,-41.46435],[147.637632,-41.457369],[147.634025,-41.459157],[147.627366,-41.451462],[147.628734,-41.428162],[147.615833,-41.426389],[147.61926,-41.409213],[147.606356,-41.407436],[147.608718,-41.397725],[147.601781,-41.39312],[147.590575,-41.380843],[147.49954,-41.297753],[147.490162,-41.2967],[147.393459,-41.271511],[147.387994,-41.254326],[147.357703,-41.252229],[147.354565,-41.250291],[147.346319,-41.251496],[147.345911,-41.252897],[147.341859,-41.25233],[147.289748,-41.277654],[147.292187,-41.263243],[147.288887,-41.256438],[147.289211,-41.243544],[147.285252,-41.239667],[147.280621,-41.227241],[147.284186,-41.227708],[147.289266,-41.207973],[147.295873,-41.208766],[147.297909,-41.1994],[147.280462,-41.198449],[147.280937,-41.196327],[147.276526,-41.195763],[147.271481,-41.191874],[147.262198,-41.191161],[147.26133,-41.175812],[147.258409,-41.17605],[147.26242,-41.157466],[147.2664,-41.157911],[147.267065,-41.154745],[147.263109,-41.15429],[147.267304,-41.139739],[147.266407,-41.123273],[147.268397,-41.112503],[147.243444,-41.110048],[147.248972,-41.091844],[147.248142,-41.090761],[147.210537,-41.085814],[147.210178,-41.08771],[147.207308,-41.087526],[147.206705,-41.090763],[147.208262,-41.090952],[147.206971,-41.096911],[147.208598,-41.097118],[147.208255,-41.098687],[147.200346,-41.109386],[147.200798,-41.113219],[147.204263,-41.116389],[147.193424,-41.114936],[147.192778,-41.117836],[147.188005,-41.117166],[147.146228,-41.135552],[147.1441,-41.143122],[147.147319,-41.143658],[147.144359,-41.156078],[147.145914,-41.156311],[147.144852,-41.160527],[147.141287,-41.16002],[147.14065,-41.162559],[147.137006,-41.162043],[147.136528,-41.164193],[147.138842,-41.164518],[147.129893,-41.199404],[147.126246,-41.20146],[147.124421,-41.200113],[147.12465,-41.197804],[147.110243,-41.195915],[147.108404,-41.203398],[147.105154,-41.20354],[147.103306,-41.206278],[147.099878,-41.207438],[147.095293,-41.204582],[147.093003,-41.213373],[147.006672,-41.257657],[147.000644,-41.258364],[146.999264,-41.261756],[147.003626,-41.268466],[147.007601,-41.269578],[147.006392,-41.271791],[147.010628,-41.271697],[147.010769,-41.274373],[147.015434,-41.276431],[147.015603,-41.278242],[147.01335,-41.279707],[147.013756,-41.283567],[147.009184,-41.282556],[147.000342,-41.284755],[146.991132,-41.289195],[146.989983,-41.291768],[146.985185,-41.293178],[146.984173,-41.295548],[146.978729,-41.298773],[146.976831,-41.302389],[146.978171,-41.308767],[146.983015,-41.310314],[146.987652,-41.314161],[147.003484,-41.316658],[147.02446,-41.314926],[147.030043,-41.317469],[147.042165,-41.319657],[147.0454,-41.322383],[147.041921,-41.324672],[147.045387,-41.328763],[147.04588,-41.336609],[147.049297,-41.336563],[147.061971,-41.33049],[147.072403,-41.330678],[147.082601,-41.344637],[147.075525,-41.350434],[147.075196,-41.35415],[147.082662,-41.351714],[147.088944,-41.35366],[147.082621,-41.351828],[147.075285,-41.354526],[147.079771,-41.366818],[147.092774,-41.377873],[147.093949,-41.38577],[147.112827,-41.396196],[147.117233,-41.403035],[147.127866,-41.410939],[147.126147,-41.415728],[147.120171,-41.417779],[147.118048,-41.420143],[147.127025,-41.432128],[147.129869,-41.433562],[147.132308,-41.431343],[147.142105,-41.429348],[147.142862,-41.42827],[147.141086,-41.425863],[147.144423,-41.417358],[147.147119,-41.416785],[147.148586,-41.420335],[147.151099,-41.42104],[147.152842,-41.419995],[147.15311,-41.416536],[147.154725,-41.416007],[147.159994,-41.420127],[147.158789,-41.423885],[147.161247,-41.427208],[147.163853,-41.42583],[147.165409,-41.42673],[147.164505,-41.429123],[147.166261,-41.433272],[147.169869,-41.432382],[147.17321,-41.434494],[147.17234,-41.436428],[147.172723,-41.434535],[147.169792,-41.43276],[147.168367,-41.434445],[147.165774,-41.433238],[147.163923,-41.429343],[147.164623,-41.426614],[147.160892,-41.427632],[147.158164,-41.423981],[147.159219,-41.419955],[147.156749,-41.417371],[147.153699,-41.416701],[147.153221,-41.420522],[147.150098,-41.421611],[147.147509,-41.42034],[147.145938,-41.417199],[147.142221,-41.425235],[147.143477,-41.428921],[147.132845,-41.432224],[147.129626,-41.435029],[147.130484,-41.439513],[147.121237,-41.443626],[147.126979,-41.440046],[147.127857,-41.437751],[147.118914,-41.426151],[147.11475,-41.429061],[147.116909,-41.430834],[147.114405,-41.431862],[147.115379,-41.435591],[147.107277,-41.439472],[147.113049,-41.442511],[147.112883,-41.443674],[147.101796,-41.442586],[147.101377,-41.444892],[147.11468,-41.44966],[147.11388,-41.453201],[147.115375,-41.455159],[147.11482,-41.457464],[147.112326,-41.458794],[147.109122,-41.456037],[147.106914,-41.457975],[147.11106,-41.459908],[147.103347,-41.465865],[147.115049,-41.473273],[147.120687,-41.470826],[147.124117,-41.474341],[147.128211,-41.473742],[147.129737,-41.475485],[147.128938,-41.477521],[147.133651,-41.476355],[147.140096,-41.483007],[147.126012,-41.490501],[147.136357,-41.501268],[147.147731,-41.495113],[147.153979,-41.501037],[147.169368,-41.49288],[147.171877,-41.495276],[147.171714,-41.498912],[147.174145,-41.502],[147.179387,-41.499932],[147.188038,-41.508296],[147.19372,-41.505347],[147.19803,-41.510147],[147.207178,-41.505133],[147.222286,-41.493608],[147.224366,-41.495744],[147.224096,-41.4981],[147.22709,-41.499233],[147.230521,-41.508119],[147.232813,-41.507079],[147.23607,-41.510906],[147.228376,-41.514814],[147.230783,-41.519885],[147.236924,-41.516423],[147.248502,-41.528043],[147.255284,-41.524339],[147.262714,-41.530039],[147.278151,-41.521671],[147.285851,-41.529676],[147.302829,-41.520415],[147.31279,-41.529384],[147.346764,-41.512028],[147.36787,-41.536313],[147.387998,-41.55606],[147.400824,-41.54978],[147.406457,-41.556165],[147.43201,-41.543002],[147.428118,-41.538719],[147.4604,-41.522051],[147.46159,-41.523334],[147.467172,-41.520493],[147.468585,-41.521846],[147.476149,-41.518038],[147.486364,-41.528626],[147.498733,-41.522003],[147.506541,-41.530428],[147.526158,-41.520502],[147.527433,-41.516267],[147.525878,-41.514705],[147.539935,-41.507438],[147.562155,-41.511198],[147.571939,-41.506018],[147.578913,-41.513579],[147.647939,-41.478475]]]}},{"type":"Feature","properties":{"code":"AU-LGA-64210","name":"Meander Valley","label":"Meander Valley","type":"Local government area","parentCode":"AU-TAS"},"geometry":{"type":"Polygon","coordinates":[[[145.951337,-41.684649],[146.050489,-41.974543],[146.313824,-41.925891],[146.314532,-41.924285],[146.322951,-41.92178],[146.325811,-41.91849],[146.336414,-41.916029],[146.336165,-41.912659],[146.346628,-41.906016],[146.348551,-41.907882],[146.351127,-41.907179],[146.346528,-41.901572],[146.348278,-41.899415],[146.345355,-41.891014],[146.36186,-41.885295],[146.360633,-41.883719],[146.362831,-41.880249],[146.360965,-41.879509],[146.360035,-41.875927],[146.375134,-41.855486],[146.388075,-41.842443],[146.389945,-41.826969],[146.39126,-41.826535],[146.379664,-41.820281],[146.377631,-41.815111],[146.378757,-41.813676],[146.381586,-41.815091],[146.380353,-41.812261],[146.383347,-41.813152],[146.382313,-41.811547],[146.38359,-41.811599],[146.381133,-41.809713],[146.382752,-41.809037],[146.382586,-41.806877],[146.377659,-41.807098],[146.379127,-41.80851],[146.376947,-41.809217],[146.379185,-41.809766],[146.378924,-41.811631],[146.376827,-41.811747],[146.375394,-41.810108],[146.376442,-41.809224],[146.37118,-41.805655],[146.370253,-41.803019],[146.364559,-41.801505],[146.367175,-41.800433],[146.359469,-41.793242],[146.360306,-41.791593],[146.358823,-41.792406],[146.355877,-41.789294],[146.355816,-41.787908],[146.357989,-41.7891],[146.355028,-41.786238],[146.35514,-41.783949],[146.352713,-41.782875],[146.350214,-41.776137],[146.384827,-41.760385],[146.390727,-41.743699],[146.433327,-41.730821],[146.503408,-41.730911],[146.506813,-41.732073],[146.504259,-41.734161],[146.508448,-41.737378],[146.523785,-41.738578],[146.526317,-41.740162],[146.525692,-41.742699],[146.528839,-41.74406],[146.540104,-41.746107],[146.541027,-41.742647],[146.544435,-41.740683],[146.547668,-41.739839],[146.550633,-41.741018],[146.555638,-41.738616],[146.563202,-41.74293],[146.577561,-41.746013],[146.593945,-41.743842],[146.614055,-41.750409],[146.617312,-41.754455],[146.622999,-41.757666],[146.620882,-41.754084],[146.621132,-41.747625],[146.62399,-41.743524],[146.623735,-41.741194],[146.627993,-41.736923],[146.641774,-41.741249],[146.647288,-41.746736],[146.645446,-41.743028],[146.648414,-41.741139],[146.648954,-41.738863],[146.647347,-41.737933],[146.649854,-41.736508],[146.649811,-41.732774],[146.648447,-41.731845],[146.649458,-41.730444],[146.653868,-41.730708],[146.660164,-41.733912],[146.675288,-41.730566],[146.691185,-41.732869],[146.692859,-41.730887],[146.687172,-41.728458],[146.691649,-41.721655],[146.700103,-41.72095],[146.710907,-41.71709],[146.714796,-41.713878],[146.720485,-41.713767],[146.722449,-41.718903],[146.717387,-41.730613],[146.71012,-41.731091],[146.717751,-41.734902],[146.718603,-41.736858],[146.725208,-41.737282],[146.725962,-41.739433],[146.728383,-41.738229],[146.731975,-41.739782],[146.736846,-41.738165],[146.735314,-41.736062],[146.735729,-41.73101],[146.733151,-41.731317],[146.732289,-41.727742],[146.7363,-41.724022],[146.741821,-41.72193],[146.744873,-41.718083],[146.758592,-41.717263],[146.770451,-41.72233],[146.771321,-41.724877],[146.768858,-41.726401],[146.770737,-41.726171],[146.77908,-41.712977],[146.771801,-41.700136],[146.774506,-41.69694],[146.77264,-41.695525],[146.775098,-41.685195],[146.776733,-41.685405],[146.777482,-41.682172],[146.781261,-41.682596],[146.785573,-41.67991],[146.788837,-41.682903],[146.792921,-41.682363],[146.798253,-41.684591],[146.806961,-41.681733],[146.809282,-41.682652],[146.810509,-41.681223],[146.818642,-41.67994],[146.821357,-41.68097],[146.825914,-41.678878],[146.828663,-41.681232],[146.831934,-41.680558],[146.836999,-41.682762],[146.842268,-41.68317],[146.844701,-41.680409],[146.851662,-41.681885],[146.854635,-41.684059],[146.871128,-41.670487],[146.87219,-41.671448],[146.878964,-41.667696],[146.888623,-41.667704],[146.895184,-41.664978],[146.896235,-41.666088],[146.899666,-41.664968],[146.908762,-41.667535],[146.910453,-41.666099],[146.911908,-41.666795],[146.917367,-41.677332],[146.920114,-41.677582],[146.922043,-41.681982],[146.925763,-41.681282],[146.927384,-41.678747],[146.927159,-41.671336],[146.931561,-41.673497],[146.933849,-41.670857],[146.935913,-41.672017],[146.937209,-41.666765],[146.941614,-41.666921],[146.942239,-41.664942],[146.944512,-41.66425],[146.944179,-41.661468],[146.945884,-41.661017],[146.947551,-41.656167],[146.945137,-41.653756],[146.953256,-41.648939],[146.955023,-41.649293],[146.954756,-41.647695],[146.957489,-41.64501],[146.953749,-41.64331],[146.951408,-41.639881],[146.954098,-41.637327],[146.951231,-41.633399],[146.951607,-41.630417],[146.959258,-41.622689],[146.962574,-41.615956],[146.965624,-41.613946],[146.967831,-41.605597],[146.989298,-41.58472],[146.996716,-41.579259],[147.029067,-41.583828],[147.031667,-41.572525],[147.05157,-41.575255],[147.056421,-41.580444],[147.06491,-41.576106],[147.054893,-41.565413],[147.085109,-41.549375],[147.084676,-41.546589],[147.09083,-41.543595],[147.091958,-41.541847],[147.089357,-41.544202],[147.094583,-41.537747],[147.084818,-41.537178],[147.078313,-41.52936],[147.068162,-41.523412],[147.088583,-41.509876],[147.093923,-41.51309],[147.100379,-41.507204],[147.102543,-41.508465],[147.129204,-41.493863],[147.126012,-41.490501],[147.140096,-41.483007],[147.133651,-41.476355],[147.128938,-41.477521],[147.129737,-41.475485],[147.128211,-41.473742],[147.124117,-41.474341],[147.120687,-41.470826],[147.115049,-41.473273],[147.103347,-41.465865],[147.098865,-41.460886],[147.10021,-41.457484],[147.089077,-41.452186],[147.08458,-41.446879],[147.078565,-41.445388],[147.075062,-41.44861],[147.075473,-41.451192],[147.069047,-41.454148],[147.07293,-41.456714],[147.067917,-41.455322],[147.065529,-41.458875],[147.031846,-41.437324],[147.033005,-41.435482],[147.031254,-41.433217],[147.03222,-41.430937],[147.029681,-41.427623],[147.030465,-41.425685],[147.007991,-41.445206],[146.994005,-41.443423],[146.996143,-41.431797],[146.972007,-41.429029],[146.966048,-41.424874],[146.949677,-41.418089],[146.934309,-41.408483],[146.937805,-41.405152],[146.929385,-41.400231],[146.931339,-41.399361],[146.92636,-41.390988],[146.928815,-41.390205],[146.928201,-41.389402],[146.918044,-41.384872],[146.910262,-41.37782],[146.899995,-41.386519],[146.872833,-41.391203],[146.825451,-41.383559],[146.825244,-41.385196],[146.818961,-41.382419],[146.819557,-41.379429],[146.809656,-41.378194],[146.809537,-41.37539],[146.802512,-41.374719],[146.80106,-41.377216],[146.799319,-41.377024],[146.798576,-41.380369],[146.783384,-41.37819],[146.783625,-41.377185],[146.771578,-41.375685],[146.697512,-41.355237],[146.703591,-41.332677],[146.61995,-41.324464],[146.617478,-41.337887],[146.589579,-41.334781],[146.587003,-41.34758],[146.580865,-41.346862],[146.582953,-41.353085],[146.586558,-41.353638],[146.58992,-41.356426],[146.589927,-41.361733],[146.557275,-41.357932],[146.557631,-41.356123],[146.548222,-41.354993],[146.545585,-41.367381],[146.528074,-41.364969],[146.494794,-41.377868],[146.502307,-41.389769],[146.496429,-41.395481],[146.484296,-41.398858],[146.483541,-41.405399],[146.48028,-41.405462],[146.473994,-41.401066],[146.468374,-41.405293],[146.466849,-41.411016],[146.468071,-41.416697],[146.468231,-41.414446],[146.468713,-41.415378],[146.468067,-41.420034],[146.461248,-41.42386],[146.459212,-41.427036],[146.466233,-41.432848],[146.46851,-41.437548],[146.463147,-41.447925],[146.4678,-41.454736],[146.455679,-41.456341],[146.44977,-41.458728],[146.45365,-41.462963],[146.449763,-41.46588],[146.453749,-41.469084],[146.44717,-41.472959],[146.456918,-41.474419],[146.458923,-41.476256],[146.457388,-41.479552],[146.455727,-41.479676],[146.457729,-41.482165],[146.466708,-41.47932],[146.46654,-41.47596],[146.477294,-41.478481],[146.480268,-41.483714],[146.487233,-41.487435],[146.493988,-41.488544],[146.497588,-41.495816],[146.490784,-41.502717],[146.494153,-41.514751],[146.470349,-41.513599],[146.461827,-41.510899],[146.453188,-41.511474],[146.450979,-41.510278],[146.446364,-41.512009],[146.438916,-41.511188],[146.415756,-41.513224],[146.382347,-41.506717],[146.353152,-41.508597],[146.321077,-41.504717],[146.259583,-41.490405],[146.229347,-41.487856],[146.188832,-41.512996],[146.187473,-41.519462],[146.198565,-41.522766],[146.185348,-41.571252],[146.193352,-41.572172],[146.19239,-41.575756],[146.186269,-41.574872],[146.185466,-41.577989],[146.177304,-41.576861],[146.174105,-41.588759],[146.181886,-41.589701],[146.178879,-41.602546],[146.183171,-41.603149],[146.181771,-41.608861],[146.189007,-41.609824],[146.186373,-41.618289],[146.174149,-41.616209],[146.176755,-41.607189],[146.172967,-41.601754],[146.056848,-41.579826],[146.049095,-41.579893],[146.049085,-41.577958],[146.02685,-41.576958],[145.951337,-41.684649]]]}},{"type":"Feature","properties":{"code":"AU-LGA-64610","name":"Northern Midlands","label":"Northern Midlands","type":"Local government area","parentCode":"AU-TAS"},"geometry":{"type":"Polygon","coordinates":[[[146.769305,-41.726674],[146.774976,-41.724577],[146.781567,-41.727404],[146.789522,-41.721915],[146.795254,-41.72035],[146.800047,-41.72163],[146.804244,-41.720618],[146.805095,-41.71903],[146.803309,-41.718599],[146.80449,-41.718309],[146.803806,-41.716902],[146.813643,-41.707505],[146.816449,-41.700392],[146.822902,-41.702098],[146.822346,-41.703001],[146.824807,-41.703762],[146.831987,-41.712646],[146.836592,-41.714963],[146.836731,-41.718016],[146.841939,-41.717874],[146.847752,-41.721903],[146.846226,-41.729653],[146.841589,-41.733831],[146.84035,-41.741719],[146.836019,-41.740812],[146.834995,-41.742069],[146.837279,-41.743906],[146.836915,-41.746111],[146.85047,-41.752089],[146.8497,-41.753891],[146.845503,-41.753264],[146.842862,-41.75473],[146.840944,-41.752554],[146.833744,-41.754963],[146.828945,-41.761672],[146.824902,-41.763093],[146.817863,-41.759579],[146.821359,-41.764667],[146.820308,-41.765876],[146.823596,-41.766844],[146.827087,-41.773074],[146.830549,-41.773619],[146.833821,-41.778398],[146.8466,-41.782034],[146.84752,-41.786612],[146.85195,-41.788608],[146.861912,-41.785031],[146.866202,-41.788415],[146.866729,-41.790888],[146.868565,-41.791232],[146.868769,-41.792648],[146.86474,-41.792468],[146.862025,-41.796452],[146.853902,-41.794511],[146.847119,-41.798822],[146.845945,-41.801298],[146.849588,-41.802654],[146.852983,-41.806806],[146.854784,-41.809207],[146.854218,-41.812277],[146.861602,-41.815675],[146.867917,-41.815435],[146.869594,-41.817324],[146.871104,-41.814467],[146.880392,-41.814817],[146.882569,-41.816734],[146.885712,-41.815133],[146.88675,-41.820732],[146.892638,-41.822661],[146.8956,-41.826242],[146.901985,-41.827472],[146.905646,-41.83347],[146.908358,-41.836023],[146.911885,-41.836245],[146.916587,-41.842741],[146.922161,-41.842329],[146.928746,-41.838923],[146.933438,-41.841245],[146.934419,-41.840134],[146.933102,-41.838314],[146.935767,-41.835916],[146.941644,-41.840498],[146.946922,-41.840973],[146.953241,-41.84384],[146.969384,-41.844561],[146.974877,-41.843166],[146.976173,-41.844597],[146.974281,-41.850152],[146.975519,-41.861586],[146.980566,-41.86896],[146.980952,-41.873553],[146.988672,-41.879285],[146.990791,-41.886279],[147.001993,-41.887742],[146.999739,-41.898474],[147.011936,-41.899796],[147.011438,-41.902197],[147.028108,-41.904097],[147.045305,-41.918739],[147.081637,-41.939621],[147.09339,-41.938489],[147.103345,-41.940127],[147.112695,-41.936848],[147.139998,-41.939014],[147.16405,-41.916431],[147.232854,-42.076338],[147.250458,-42.08198],[147.261533,-42.093018],[147.256094,-42.0959],[147.261719,-42.101791],[147.258255,-42.103365],[147.263762,-42.110163],[147.268785,-42.107942],[147.278936,-42.118726],[147.274615,-42.121021],[147.277557,-42.12415],[147.272023,-42.121448],[147.272637,-42.124922],[147.268944,-42.123233],[147.262742,-42.125667],[147.256488,-42.121578],[147.257769,-42.163503],[147.259444,-42.165255],[147.26436,-42.164299],[147.267374,-42.165371],[147.275584,-42.161156],[147.282617,-42.160984],[147.298777,-42.15616],[147.325106,-42.135408],[147.328096,-42.130263],[147.326584,-42.127057],[147.32774,-42.125788],[147.33456,-42.123419],[147.339845,-42.124658],[147.358159,-42.122806],[147.380697,-42.137262],[147.384121,-42.137245],[147.385245,-42.138748],[147.390589,-42.135897],[147.40072,-42.136068],[147.40439,-42.137203],[147.404372,-42.140165],[147.407353,-42.140647],[147.424643,-42.138565],[147.427745,-42.1325],[147.446136,-42.121934],[147.448905,-42.116979],[147.509668,-42.154472],[147.506213,-42.15788],[147.50385,-42.167633],[147.529614,-42.171033],[147.546662,-42.180938],[147.543559,-42.195065],[147.560693,-42.197293],[147.559452,-42.202685],[147.556543,-42.202636],[147.555704,-42.206021],[147.550195,-42.206934],[147.550483,-42.209548],[147.552428,-42.212768],[147.558216,-42.213474],[147.557056,-42.21517],[147.55997,-42.219281],[147.559043,-42.222324],[147.568503,-42.228572],[147.568135,-42.229981],[147.673201,-42.23984],[147.671911,-42.245755],[147.703283,-42.249488],[147.709142,-42.252122],[147.712056,-42.273126],[147.754328,-42.269413],[147.753778,-42.265972],[147.780695,-42.262445],[147.782431,-42.272335],[147.809247,-42.271486],[147.810883,-42.281265],[147.830587,-42.278834],[147.866259,-42.241288],[147.882228,-42.213504],[147.889196,-42.143152],[147.865891,-42.088591],[147.839604,-42.047779],[147.842854,-42.034163],[147.846507,-42.034783],[147.849102,-42.02525],[147.84392,-42.023554],[147.847501,-42.01062],[147.845899,-42.010376],[147.884588,-41.876467],[147.967369,-41.856817],[148.01408,-41.872787],[148.021993,-41.873832],[148.039915,-41.843866],[148.092396,-41.832967],[148.094397,-41.824837],[148.146233,-41.824758],[148.14429,-41.814513],[148.144282,-41.80959],[148.146135,-41.806381],[148.137951,-41.807856],[148.133776,-41.806422],[148.124459,-41.798878],[148.118977,-41.797115],[148.120669,-41.793867],[148.137336,-41.785057],[148.134657,-41.77229],[148.136534,-41.771082],[148.137132,-41.764882],[148.120716,-41.74937],[148.088518,-41.753558],[148.081279,-41.753637],[148.069205,-41.75077],[148.07147,-41.740344],[148.050326,-41.737714],[148.047001,-41.75192],[148.039527,-41.750837],[148.03814,-41.756421],[148.040553,-41.756786],[148.03903,-41.762949],[148.044042,-41.763691],[148.040845,-41.776492],[148.033359,-41.775465],[148.025258,-41.778377],[148.026561,-41.771009],[148.024439,-41.769409],[148.024446,-41.765618],[148.002491,-41.763535],[148.001122,-41.768663],[147.993578,-41.76758],[147.992147,-41.773191],[147.974179,-41.770629],[147.971462,-41.780896],[147.964721,-41.779966],[147.965275,-41.778147],[147.959036,-41.777388],[147.95937,-41.775997],[147.94145,-41.773671],[147.942309,-41.76988],[147.934706,-41.768858],[147.936066,-41.762694],[147.921018,-41.760677],[147.918574,-41.771982],[147.930002,-41.773503],[147.927777,-41.782458],[147.92339,-41.781862],[147.924344,-41.777734],[147.918967,-41.777023],[147.916033,-41.792436],[147.922352,-41.793278],[147.920114,-41.802757],[147.906295,-41.800953],[147.909637,-41.786617],[147.89457,-41.784655],[147.892124,-41.794992],[147.878927,-41.79328],[147.880949,-41.784766],[147.826471,-41.777447],[147.827073,-41.774866],[147.818307,-41.773702],[147.825685,-41.769605],[147.80651,-41.751814],[147.795134,-41.757937],[147.793433,-41.755939],[147.783376,-41.760987],[147.763672,-41.741182],[147.779546,-41.734568],[147.77759,-41.73248],[147.78824,-41.727768],[147.785099,-41.72449],[147.794328,-41.719334],[147.793326,-41.717914],[147.78859,-41.718582],[147.781494,-41.715935],[147.77297,-41.707616],[147.787806,-41.700022],[147.788031,-41.696996],[147.782144,-41.688471],[147.776706,-41.685675],[147.777108,-41.681531],[147.779572,-41.678082],[147.77858,-41.673507],[147.770752,-41.671858],[147.770253,-41.670311],[147.768324,-41.671818],[147.763879,-41.669556],[147.759449,-41.663255],[147.760045,-41.6594],[147.758246,-41.659454],[147.757748,-41.657278],[147.760283,-41.655981],[147.758691,-41.654246],[147.760437,-41.651219],[147.76299,-41.651129],[147.761707,-41.650337],[147.763915,-41.647926],[147.761588,-41.647277],[147.764842,-41.645383],[147.779063,-41.646953],[147.778703,-41.648867],[147.793341,-41.650438],[147.797898,-41.62775],[147.780977,-41.629267],[147.781952,-41.622513],[147.785991,-41.622974],[147.789479,-41.607691],[147.780245,-41.606461],[147.753322,-41.554198],[147.713676,-41.54876],[147.680067,-41.499772],[147.672339,-41.498749],[147.6737,-41.492973],[147.654075,-41.495703],[147.642465,-41.484807],[147.647939,-41.478475],[147.578913,-41.513579],[147.571939,-41.506018],[147.562155,-41.511198],[147.539935,-41.507438],[147.525878,-41.514705],[147.527433,-41.516267],[147.526158,-41.520502],[147.506541,-41.530428],[147.498733,-41.522003],[147.486364,-41.528626],[147.476149,-41.518038],[147.468585,-41.521846],[147.467172,-41.520493],[147.46159,-41.523334],[147.4604,-41.522051],[147.428118,-41.538719],[147.43201,-41.543002],[147.406457,-41.556165],[147.400824,-41.54978],[147.387998,-41.55606],[147.36787,-41.536313],[147.346764,-41.512028],[147.31279,-41.529384],[147.302829,-41.520415],[147.285851,-41.529676],[147.278151,-41.521671],[147.262714,-41.530039],[147.255284,-41.524339],[147.248502,-41.528043],[147.236924,-41.516423],[147.230783,-41.519885],[147.228376,-41.514814],[147.23607,-41.510906],[147.232813,-41.507079],[147.230521,-41.508119],[147.22709,-41.499233],[147.224096,-41.4981],[147.224366,-41.495744],[147.222286,-41.493608],[147.207178,-41.505133],[147.19803,-41.510147],[147.19372,-41.505347],[147.188038,-41.508296],[147.179387,-41.499932],[147.174145,-41.502],[147.171714,-41.498912],[147.171877,-41.495276],[147.169368,-41.49288],[147.153979,-41.501037],[147.147731,-41.495113],[147.136357,-41.501268],[147.129204,-41.493863],[147.102543,-41.508465],[147.100379,-41.507204],[147.093923,-41.51309],[147.088583,-41.509876],[147.068162,-41.523412],[147.078313,-41.52936],[147.084818,-41.537178],[147.094583,-41.537747],[147.089357,-41.544202],[147.091958,-41.541847],[147.09083,-41.543595],[147.084676,-41.546589],[147.085109,-41.549375],[147.054893,-41.565413],[147.06491,-41.576106],[147.056421,-41.580444],[147.05157,-41.575255],[147.031667,-41.572525],[147.029067,-41.583828],[146.996716,-41.579259],[146.989298,-41.58472],[146.967831,-41.605597],[146.965624,-41.613946],[146.962574,-41.615956],[146.959258,-41.622689],[146.951607,-41.630417],[146.951231,-41.633399],[146.954098,-41.637327],[146.951408,-41.639881],[146.953749,-41.64331],[146.957489,-41.64501],[146.954756,-41.647695],[146.955023,-41.649293],[146.953256,-41.648939],[146.945137,-41.653756],[146.947551,-41.656167],[146.945884,-41.661017],[146.944179,-41.661468],[146.944512,-41.66425],[146.942239,-41.664942],[146.941614,-41.666921],[146.937209,-41.666765],[146.935913,-41.672017],[146.933849,-41.670857],[146.931561,-41.673497],[146.927159,-41.671336],[146.927384,-41.678747],[146.925763,-41.681282],[146.922043,-41.681982],[146.920114,-41.677582],[146.917367,-41.677332],[146.911844,-41.666756],[146.908762,-41.667535],[146.904554,-41.665604],[146.896235,-41.666088],[146.895482,-41.664948],[146.888623,-41.667704],[146.878964,-41.667696],[146.87219,-41.671448],[146.871128,-41.670487],[146.854635,-41.684059],[146.851662,-41.681885],[146.844701,-41.680409],[146.842268,-41.68317],[146.836999,-41.682762],[146.831934,-41.680558],[146.828663,-41.681232],[146.825914,-41.678878],[146.821357,-41.68097],[146.818642,-41.67994],[146.810509,-41.681223],[146.809282,-41.682652],[146.806961,-41.681733],[146.798253,-41.684591],[146.792921,-41.682363],[146.788837,-41.682903],[146.78599,-41.679902],[146.781261,-41.682596],[146.777482,-41.682172],[146.776733,-41.685405],[146.775098,-41.685195],[146.77264,-41.695525],[146.774506,-41.69694],[146.771801,-41.700136],[146.77908,-41.712977],[146.772309,-41.724957],[146.769305,-41.726674]]]}},{"type":"Feature","properties":{"code":"AU-LGA-64810","name":"Sorell","label":"Sorell","type":"Local government area","parentCode":"AU-TAS"},"geometry":{"type":"MultiPolygon","coordinates":[[[[147.782946,-42.913051],[147.785552,-42.913107],[147.786877,-42.909563],[147.783881,-42.910503],[147.782946,-42.913051]]],[[[147.650445,-42.907895],[147.649149,-42.906727],[147.649433,-42.908296],[147.650445,-42.907895]]],[[[147.600789,-42.864415],[147.601527,-42.86409],[147.600465,-42.863608],[147.600789,-42.864415]]],[[[147.81531,-42.899464],[147.817952,-42.895369],[147.81219,-42.889923],[147.807606,-42.890263],[147.802906,-42.89322],[147.809202,-42.899485],[147.81531,-42.899464]]],[[[147.600584,-42.867841],[147.602167,-42.868524],[147.602331,-42.866121],[147.600584,-42.867841]]],[[[147.601688,-42.864809],[147.601289,-42.865037],[147.601607,-42.865057],[147.601688,-42.864809]]],[[[147.93689,-42.735002],[147.913899,-42.731408],[147.917602,-42.718756],[147.775066,-42.710652],[147.772808,-42.709573],[147.773316,-42.707642],[147.767904,-42.706736],[147.768718,-42.70364],[147.763609,-42.702932],[147.763023,-42.705114],[147.753844,-42.703652],[147.753292,-42.705873],[147.750872,-42.705554],[147.751358,-42.703491],[147.747879,-42.702996],[147.748769,-42.699338],[147.741011,-42.698689],[147.742186,-42.694096],[147.712497,-42.689977],[147.710925,-42.695916],[147.707528,-42.693365],[147.697313,-42.694186],[147.688959,-42.688488],[147.687027,-42.68319],[147.678557,-42.681894],[147.678612,-42.676715],[147.675688,-42.675908],[147.675809,-42.67412],[147.670212,-42.673464],[147.670745,-42.67145],[147.665179,-42.671874],[147.665246,-42.669781],[147.659954,-42.669795],[147.656626,-42.68231],[147.626305,-42.678113],[147.627107,-42.681214],[147.633761,-42.68719],[147.628564,-42.686587],[147.617259,-42.674881],[147.621013,-42.674618],[147.626232,-42.676985],[147.636214,-42.673102],[147.626056,-42.671691],[147.603044,-42.673304],[147.595359,-42.672378],[147.594961,-42.67422],[147.59246,-42.67418],[147.590999,-42.681042],[147.577553,-42.679667],[147.574965,-42.691702],[147.565763,-42.690324],[147.565019,-42.693029],[147.560816,-42.689915],[147.560568,-42.687191],[147.551844,-42.683762],[147.551907,-42.680608],[147.549835,-42.680366],[147.54497,-42.675314],[147.529797,-42.68309],[147.525869,-42.690653],[147.524106,-42.691197],[147.525467,-42.696623],[147.523334,-42.698927],[147.523758,-42.701238],[147.51026,-42.708279],[147.514309,-42.714258],[147.500509,-42.718028],[147.487545,-42.707079],[147.479906,-42.706144],[147.477627,-42.717144],[147.473422,-42.716592],[147.470126,-42.730334],[147.466519,-42.731551],[147.469767,-42.732563],[147.469043,-42.734302],[147.47509,-42.733907],[147.478817,-42.751696],[147.483271,-42.757056],[147.484404,-42.763594],[147.489178,-42.770011],[147.468552,-42.771867],[147.463622,-42.777536],[147.456879,-42.781338],[147.452885,-42.781283],[147.466348,-42.792316],[147.474418,-42.79299],[147.475966,-42.795765],[147.487256,-42.803094],[147.492256,-42.801132],[147.491369,-42.797773],[147.492959,-42.796088],[147.499155,-42.793939],[147.512014,-42.782999],[147.517911,-42.783684],[147.521081,-42.785912],[147.519669,-42.788445],[147.523966,-42.791326],[147.523485,-42.794651],[147.526349,-42.800202],[147.525688,-42.802812],[147.528356,-42.804227],[147.527803,-42.805163],[147.535215,-42.805291],[147.539727,-42.801157],[147.537612,-42.799957],[147.538014,-42.7973],[147.534873,-42.793043],[147.530535,-42.7911],[147.531753,-42.786244],[147.529177,-42.783808],[147.53084,-42.781058],[147.535137,-42.782006],[147.534699,-42.778876],[147.532605,-42.778472],[147.534349,-42.777531],[147.534358,-42.775243],[147.535693,-42.775604],[147.537013,-42.780392],[147.538033,-42.77964],[147.536897,-42.782267],[147.538797,-42.784785],[147.544708,-42.783825],[147.550354,-42.785331],[147.551742,-42.793306],[147.554848,-42.795923],[147.561446,-42.797075],[147.562462,-42.792597],[147.566819,-42.792271],[147.564219,-42.788866],[147.565507,-42.788365],[147.564349,-42.788839],[147.567672,-42.792439],[147.565145,-42.794251],[147.576241,-42.795615],[147.591854,-42.801074],[147.587843,-42.797625],[147.59224,-42.796763],[147.594128,-42.79443],[147.591184,-42.790083],[147.595198,-42.784509],[147.594218,-42.782228],[147.590562,-42.782425],[147.58539,-42.778249],[147.591231,-42.781898],[147.594188,-42.781559],[147.597029,-42.789448],[147.600766,-42.790996],[147.600734,-42.793035],[147.597706,-42.796102],[147.603348,-42.798104],[147.598659,-42.797083],[147.600989,-42.799872],[147.601234,-42.803151],[147.594519,-42.807053],[147.596055,-42.807725],[147.596735,-42.813341],[147.602009,-42.822657],[147.608017,-42.82287],[147.605439,-42.826268],[147.606514,-42.828977],[147.605558,-42.830597],[147.610663,-42.835112],[147.616448,-42.83719],[147.621247,-42.842495],[147.620757,-42.85061],[147.616387,-42.851404],[147.612713,-42.856957],[147.607282,-42.855784],[147.607558,-42.857909],[147.611363,-42.861259],[147.611422,-42.863549],[147.610124,-42.865903],[147.606942,-42.866565],[147.60599,-42.869222],[147.613684,-42.867758],[147.623478,-42.86946],[147.653336,-42.878757],[147.650178,-42.875685],[147.656225,-42.876107],[147.664276,-42.872465],[147.665594,-42.869989],[147.674355,-42.868718],[147.678651,-42.863636],[147.678926,-42.865105],[147.684135,-42.862694],[147.690001,-42.863622],[147.69093,-42.86755],[147.696413,-42.869817],[147.696811,-42.872548],[147.700955,-42.871588],[147.699616,-42.873359],[147.694923,-42.873028],[147.694488,-42.869744],[147.690157,-42.867887],[147.689276,-42.864874],[147.680968,-42.865054],[147.681257,-42.867639],[147.679392,-42.869995],[147.680191,-42.872738],[147.677246,-42.874509],[147.664078,-42.874241],[147.656296,-42.88193],[147.647519,-42.877879],[147.642079,-42.877638],[147.640056,-42.879618],[147.639234,-42.883935],[147.640584,-42.888401],[147.649477,-42.893122],[147.651801,-42.88932],[147.654039,-42.889001],[147.654461,-42.886355],[147.659545,-42.886592],[147.670499,-42.89364],[147.668641,-42.901656],[147.676709,-42.900555],[147.680223,-42.903621],[147.680146,-42.900144],[147.68813,-42.896685],[147.687587,-42.893728],[147.689501,-42.892233],[147.694985,-42.891225],[147.704238,-42.894451],[147.706943,-42.892223],[147.714068,-42.891231],[147.71713,-42.887114],[147.721999,-42.886545],[147.729603,-42.892445],[147.727611,-42.894735],[147.72892,-42.895727],[147.728326,-42.898842],[147.736006,-42.894808],[147.742447,-42.894998],[147.749596,-42.896715],[147.751503,-42.898105],[147.751878,-42.901128],[147.761315,-42.90148],[147.766932,-42.906833],[147.77035,-42.903423],[147.769383,-42.900403],[147.770895,-42.899186],[147.777171,-42.899568],[147.778731,-42.901581],[147.781703,-42.899649],[147.790248,-42.903163],[147.792356,-42.901013],[147.790244,-42.89536],[147.791448,-42.892607],[147.794853,-42.891652],[147.802353,-42.893132],[147.807087,-42.890097],[147.814787,-42.888517],[147.814816,-42.885523],[147.817584,-42.885509],[147.819939,-42.881959],[147.827259,-42.880352],[147.825896,-42.876582],[147.829049,-42.872101],[147.828685,-42.868049],[147.832443,-42.865726],[147.835142,-42.865378],[147.838246,-42.867778],[147.839596,-42.871839],[147.837426,-42.874482],[147.839527,-42.876354],[147.842763,-42.876336],[147.845377,-42.871625],[147.835678,-42.864791],[147.83512,-42.860927],[147.83808,-42.858922],[147.84316,-42.85988],[147.83991,-42.852524],[147.844043,-42.845762],[147.849007,-42.843941],[147.854816,-42.84671],[147.855547,-42.849117],[147.855232,-42.84736],[147.856934,-42.846556],[147.853264,-42.84286],[147.853414,-42.838019],[147.855682,-42.834817],[147.857662,-42.834562],[147.856446,-42.831634],[147.861147,-42.827056],[147.861944,-42.820146],[147.863575,-42.819987],[147.864562,-42.814644],[147.864061,-42.81997],[147.868038,-42.824689],[147.867655,-42.829229],[147.870481,-42.836857],[147.88021,-42.845019],[147.884061,-42.845559],[147.875666,-42.836473],[147.86954,-42.818739],[147.870509,-42.794058],[147.87913,-42.769852],[147.884232,-42.760917],[147.885541,-42.761285],[147.887502,-42.757002],[147.891736,-42.754944],[147.892666,-42.75148],[147.900006,-42.743841],[147.903043,-42.742867],[147.905002,-42.74401],[147.909603,-42.739495],[147.927138,-42.739015],[147.93689,-42.735002]]],[[[147.558805,-42.813635],[147.559033,-42.814759],[147.561133,-42.814164],[147.559234,-42.811077],[147.558805,-42.813635]]],[[[147.535212,-42.80547],[147.535553,-42.805755],[147.535397,-42.805397],[147.535212,-42.80547]]],[[[147.547401,-42.793166],[147.547727,-42.793062],[147.547488,-42.793001],[147.547401,-42.793166]]]]}},{"type":"Feature","properties":{"code":"AU-LGA-65010","name":"Southern Midlands","label":"Southern Midlands","type":"Local government area","parentCode":"AU-TAS"},"geometry":{"type":"Polygon","coordinates":[[[147.026766,-42.659814],[147.036822,-42.667404],[147.044325,-42.665771],[147.045168,-42.667631],[147.051161,-42.666328],[147.052401,-42.669839],[147.050317,-42.670299],[147.052663,-42.676049],[147.054649,-42.675596],[147.057614,-42.687952],[147.071884,-42.69588],[147.077449,-42.696724],[147.075784,-42.702843],[147.078351,-42.703244],[147.077963,-42.704874],[147.082924,-42.70552],[147.082193,-42.708669],[147.092008,-42.710581],[147.091359,-42.713313],[147.092459,-42.712996],[147.096618,-42.718705],[147.12514,-42.711405],[147.134415,-42.706914],[147.138143,-42.710528],[147.189025,-42.6949],[147.194668,-42.69126],[147.197566,-42.691556],[147.206157,-42.687772],[147.211005,-42.683891],[147.21017,-42.681133],[147.217439,-42.676921],[147.225313,-42.675823],[147.22719,-42.679674],[147.231403,-42.681096],[147.235914,-42.678554],[147.249913,-42.682933],[147.256315,-42.679623],[147.262529,-42.680731],[147.272617,-42.677846],[147.280014,-42.668499],[147.30331,-42.655363],[147.310491,-42.661087],[147.314518,-42.667267],[147.316879,-42.657375],[147.319037,-42.657682],[147.317931,-42.661858],[147.323531,-42.662662],[147.321254,-42.670396],[147.340721,-42.672773],[147.340286,-42.675195],[147.338204,-42.675745],[147.338808,-42.677292],[147.348134,-42.675316],[147.355531,-42.680574],[147.373347,-42.67549],[147.371644,-42.682655],[147.400435,-42.686264],[147.400796,-42.684501],[147.409615,-42.685531],[147.410914,-42.681298],[147.414191,-42.681643],[147.415178,-42.677714],[147.429837,-42.679546],[147.427525,-42.675209],[147.446074,-42.676667],[147.464552,-42.67891],[147.463527,-42.681482],[147.49258,-42.685762],[147.489983,-42.695795],[147.5235,-42.700038],[147.525467,-42.696623],[147.524106,-42.691197],[147.525869,-42.690653],[147.529797,-42.68309],[147.54497,-42.675314],[147.549835,-42.680366],[147.551907,-42.680608],[147.551844,-42.683762],[147.560568,-42.687191],[147.560816,-42.689915],[147.564419,-42.692847],[147.565763,-42.690324],[147.574965,-42.691702],[147.577553,-42.679667],[147.590999,-42.681042],[147.59246,-42.67418],[147.594961,-42.67422],[147.595359,-42.672378],[147.603044,-42.673304],[147.604269,-42.667622],[147.596608,-42.666704],[147.596147,-42.66872],[147.59126,-42.668758],[147.591269,-42.666905],[147.586796,-42.666849],[147.587043,-42.662096],[147.592427,-42.662732],[147.596316,-42.645548],[147.591632,-42.644813],[147.593227,-42.636862],[147.609378,-42.632863],[147.623089,-42.632403],[147.624864,-42.621788],[147.619674,-42.621121],[147.62046,-42.618228],[147.58592,-42.613739],[147.589835,-42.597923],[147.587859,-42.597687],[147.59034,-42.585359],[147.59267,-42.58564],[147.593541,-42.5823],[147.591002,-42.579837],[147.59486,-42.564263],[147.59014,-42.565292],[147.581856,-42.563528],[147.577922,-42.565085],[147.574256,-42.561193],[147.575403,-42.556829],[147.581539,-42.556182],[147.583401,-42.550162],[147.586859,-42.550583],[147.588876,-42.541346],[147.596231,-42.542206],[147.598233,-42.535423],[147.589881,-42.535738],[147.590781,-42.531985],[147.599125,-42.533205],[147.599429,-42.532006],[147.601593,-42.532237],[147.602037,-42.530128],[147.607234,-42.530774],[147.606913,-42.532369],[147.609348,-42.531149],[147.604339,-42.526827],[147.605499,-42.524551],[147.60264,-42.524218],[147.603242,-42.521488],[147.616805,-42.523057],[147.619401,-42.507139],[147.616917,-42.506814],[147.619241,-42.498058],[147.630465,-42.499677],[147.628414,-42.508412],[147.631925,-42.508846],[147.66777,-42.503467],[147.668722,-42.501881],[147.666359,-42.499884],[147.671302,-42.496139],[147.67099,-42.493385],[147.667306,-42.489417],[147.670519,-42.485686],[147.666882,-42.484573],[147.669995,-42.483561],[147.671674,-42.47868],[147.678748,-42.47492],[147.682077,-42.47544],[147.684102,-42.469799],[147.687867,-42.470084],[147.691047,-42.467935],[147.694702,-42.460044],[147.693297,-42.45909],[147.697501,-42.456691],[147.695952,-42.455065],[147.699003,-42.45416],[147.702588,-42.456497],[147.709141,-42.454365],[147.710724,-42.455357],[147.719064,-42.4541],[147.719792,-42.450193],[147.724239,-42.448008],[147.726695,-42.448812],[147.726854,-42.45031],[147.729636,-42.450206],[147.738873,-42.434169],[147.742119,-42.435187],[147.746811,-42.426984],[147.739895,-42.424781],[147.748713,-42.392119],[147.762536,-42.385142],[147.764512,-42.387192],[147.778611,-42.379796],[147.758407,-42.358688],[147.767097,-42.35418],[147.768705,-42.355724],[147.779042,-42.352865],[147.780496,-42.346517],[147.791343,-42.343069],[147.804901,-42.349883],[147.808429,-42.348044],[147.81265,-42.350786],[147.826772,-42.348628],[147.834304,-42.341283],[147.837348,-42.341741],[147.838059,-42.339695],[147.840727,-42.342611],[147.843752,-42.341248],[147.845611,-42.335948],[147.852292,-42.334039],[147.856255,-42.327468],[147.853275,-42.326396],[147.846663,-42.329336],[147.840804,-42.328481],[147.834852,-42.325172],[147.82995,-42.334991],[147.825916,-42.325728],[147.826068,-42.32221],[147.818974,-42.325541],[147.815024,-42.325359],[147.815216,-42.320371],[147.812084,-42.319941],[147.809654,-42.314087],[147.806481,-42.31336],[147.809878,-42.298756],[147.791333,-42.296362],[147.789163,-42.28171],[147.810883,-42.281265],[147.809247,-42.271486],[147.782431,-42.272335],[147.780695,-42.262445],[147.753778,-42.265972],[147.754328,-42.269413],[147.712056,-42.273126],[147.709142,-42.252122],[147.703283,-42.249488],[147.671911,-42.245755],[147.673201,-42.23984],[147.568135,-42.229981],[147.568503,-42.228572],[147.559043,-42.222324],[147.55997,-42.219281],[147.557056,-42.21517],[147.558216,-42.213474],[147.552428,-42.212768],[147.550483,-42.209548],[147.550195,-42.206934],[147.555704,-42.206021],[147.556543,-42.202636],[147.559452,-42.202685],[147.560693,-42.197293],[147.543559,-42.195065],[147.546662,-42.180938],[147.529614,-42.171033],[147.50385,-42.167633],[147.506213,-42.15788],[147.509668,-42.154472],[147.449007,-42.117005],[147.446136,-42.121934],[147.427745,-42.1325],[147.424643,-42.138565],[147.415493,-42.140087],[147.405001,-42.140489],[147.404185,-42.137045],[147.39362,-42.135472],[147.385245,-42.138748],[147.372839,-42.132999],[147.367514,-42.128098],[147.357164,-42.122609],[147.350427,-42.124283],[147.33456,-42.123419],[147.327947,-42.125653],[147.326584,-42.127057],[147.328096,-42.130263],[147.325106,-42.135408],[147.298777,-42.15616],[147.282617,-42.160984],[147.275584,-42.161156],[147.267374,-42.165371],[147.26436,-42.164299],[147.259444,-42.165255],[147.275449,-42.182107],[147.277902,-42.192394],[147.274048,-42.210122],[147.272103,-42.209923],[147.270803,-42.219399],[147.246048,-42.216129],[147.220559,-42.205674],[147.200631,-42.216147],[147.196491,-42.211618],[147.189457,-42.215238],[147.18841,-42.219519],[147.192287,-42.220075],[147.190424,-42.227598],[147.214416,-42.234293],[147.210468,-42.234019],[147.202918,-42.236482],[147.206393,-42.237351],[147.21084,-42.235303],[147.223459,-42.238062],[147.231276,-42.236705],[147.235217,-42.244766],[147.207129,-42.248564],[147.193952,-42.25502],[147.182803,-42.262739],[147.185044,-42.267419],[147.19292,-42.269157],[147.192694,-42.271301],[147.208305,-42.278897],[147.210826,-42.284239],[147.207922,-42.294906],[147.210379,-42.298003],[147.21206,-42.306279],[147.21548,-42.310026],[147.21377,-42.312063],[147.21836,-42.312802],[147.21646,-42.315581],[147.222296,-42.316233],[147.227938,-42.325045],[147.237398,-42.32432],[147.236612,-42.327783],[147.239312,-42.329738],[147.238869,-42.332022],[147.235088,-42.333666],[147.229611,-42.330256],[147.224627,-42.329937],[147.225719,-42.33807],[147.221916,-42.334845],[147.215975,-42.336152],[147.209475,-42.335484],[147.1992,-42.341578],[147.192263,-42.342645],[147.190569,-42.350124],[147.185282,-42.351177],[147.183716,-42.349923],[147.175246,-42.35372],[147.176977,-42.355262],[147.180333,-42.353258],[147.183624,-42.355196],[147.179061,-42.356938],[147.183198,-42.361843],[147.180398,-42.362134],[147.174916,-42.390113],[147.15659,-42.387738],[147.155967,-42.389337],[147.151356,-42.388507],[147.148195,-42.393066],[147.147272,-42.395789],[147.157369,-42.397091],[147.153123,-42.399677],[147.161035,-42.400812],[147.158555,-42.411088],[147.170714,-42.412612],[147.170092,-42.41556],[147.179107,-42.416687],[147.172673,-42.434866],[147.169012,-42.434347],[147.166838,-42.443456],[147.1669,-42.451728],[147.151989,-42.450705],[147.148874,-42.448041],[147.145477,-42.451819],[147.125525,-42.449157],[147.114089,-42.465608],[147.112099,-42.478648],[147.082739,-42.475177],[147.08049,-42.485067],[147.074343,-42.484311],[147.070235,-42.505791],[147.015912,-42.498315],[147.012864,-42.51124],[147.022377,-42.512635],[147.018942,-42.525889],[147.025623,-42.526838],[147.02198,-42.541181],[147.030326,-42.543761],[147.029781,-42.546002],[147.034901,-42.546663],[147.03402,-42.552007],[147.038908,-42.554386],[147.042681,-42.553607],[147.046947,-42.565289],[147.049008,-42.564877],[147.050049,-42.567761],[147.047442,-42.568321],[147.048751,-42.572081],[147.051689,-42.571524],[147.052534,-42.573653],[147.038018,-42.576591],[147.040792,-42.578041],[147.035898,-42.583171],[147.027678,-42.58341],[147.029584,-42.59216],[147.011738,-42.607137],[147.031909,-42.618767],[147.024887,-42.626614],[147.039711,-42.634445],[147.031371,-42.642728],[147.033735,-42.643989],[147.030014,-42.64782],[147.032646,-42.649135],[147.023431,-42.658197],[147.026766,-42.659814]]]}},{"type":"Feature","properties":{"code":"AU-LGA-65210","name":"Tasman","label":"Tasman","type":"Local government area","parentCode":"AU-TAS"},"geometry":{"type":"MultiPolygon","coordinates":[[[[147.669836,-43.138112],[147.670398,-43.140353],[147.672868,-43.141313],[147.675264,-43.137207],[147.672766,-43.129197],[147.669325,-43.134694],[147.669836,-43.138112]]],[[[148.05655,-43.122824],[148.056967,-43.12268],[148.056676,-43.122674],[148.05655,-43.122824]]],[[[148.005365,-42.959478],[148.005747,-42.959671],[148.005833,-42.959218],[148.005365,-42.959478]]],[[[147.644518,-42.958843],[147.646272,-42.959041],[147.648293,-42.95636],[147.648592,-42.949136],[147.647245,-42.946352],[147.641494,-42.942983],[147.63583,-42.946932],[147.635231,-42.949206],[147.6388,-42.952441],[147.639316,-42.954899],[147.642899,-42.955794],[147.644518,-42.958843]]],[[[147.656682,-42.942017],[147.657768,-42.942336],[147.65718,-42.941861],[147.656682,-42.942017]]],[[[147.997627,-43.23758],[147.996392,-43.240699],[147.998933,-43.243397],[147.99934,-43.246553],[147.999578,-43.245093],[148.007422,-43.243686],[148.009521,-43.236289],[148.008433,-43.233951],[148.002532,-43.230976],[147.998174,-43.233635],[147.997627,-43.23758]]],[[[148.005065,-43.245432],[148.00516,-43.245436],[148.005142,-43.245324],[148.005065,-43.245432]]],[[[148.051077,-43.121131],[148.054588,-43.122985],[148.052696,-43.120602],[148.051077,-43.121131]]],[[[148.038086,-43.119742],[148.038492,-43.120026],[148.038842,-43.119841],[148.038086,-43.119742]]],[[[147.953657,-43.001341],[147.953887,-43.001108],[147.953678,-43.00115],[147.953657,-43.001341]]],[[[147.793622,-43.238804],[147.794273,-43.239131],[147.793943,-43.23852],[147.793622,-43.238804]]],[[[147.779798,-43.23725],[147.780377,-43.236869],[147.780237,-43.236436],[147.779798,-43.23725]]],[[[148.00922,-43.135372],[148.00927,-43.13507],[148.00888,-43.135037],[148.00922,-43.135372]]],[[[148.038629,-43.120538],[148.038923,-43.120535],[148.038917,-43.120299],[148.038629,-43.120538]]],[[[147.62559,-43.075964],[147.62629,-43.075854],[147.625887,-43.075517],[147.62559,-43.075964]]],[[[148.00343,-42.960012],[148.003847,-42.96073],[148.004008,-42.960113],[148.00343,-42.960012]]],[[[148.00203,-42.959753],[148.001858,-42.960195],[148.002275,-42.95996],[148.00203,-42.959753]]],[[[147.973988,-42.882589],[147.977079,-42.882955],[147.977606,-42.881189],[147.974802,-42.880832],[147.973988,-42.882589]]],[[[147.97408,-42.856667],[147.977061,-42.855397],[147.975077,-42.854455],[147.97408,-42.856667]]],[[[147.973833,-42.88155],[147.972761,-42.881303],[147.972744,-42.882646],[147.973833,-42.88155]]],[[[147.977585,-42.882972],[147.979038,-42.882028],[147.977701,-42.882161],[147.977585,-42.882972]]],[[[147.975646,-42.85645],[147.976699,-42.856469],[147.976486,-42.856241],[147.975646,-42.85645]]],[[[147.945916,-43.214299],[147.946983,-43.214445],[147.947297,-43.213494],[147.945916,-43.214299]]],[[[147.994881,-43.215929],[147.996093,-43.215746],[147.995479,-43.215276],[147.994881,-43.215929]]],[[[148.010971,-43.220156],[148.011849,-43.22036],[148.01193,-43.219888],[148.010971,-43.220156]]],[[[147.779953,-43.225199],[147.779519,-43.225836],[147.780676,-43.225081],[147.779953,-43.225199]]],[[[147.965848,-43.217914],[147.966018,-43.217228],[147.965425,-43.217222],[147.965848,-43.217914]]],[[[147.983608,-43.224866],[147.984451,-43.224622],[147.983825,-43.224515],[147.983608,-43.224866]]],[[[147.948221,-43.21604],[147.948611,-43.216258],[147.948449,-43.215469],[147.948221,-43.21604]]],[[[147.781603,-43.225343],[147.782234,-43.225142],[147.781814,-43.224945],[147.781603,-43.225343]]],[[[147.859508,-43.212717],[147.859691,-43.212954],[147.859848,-43.212055],[147.859508,-43.212717]]],[[[147.959681,-43.076478],[147.960854,-43.076441],[147.959682,-43.075482],[147.959681,-43.076478]]],[[[147.966288,-43.085178],[147.967128,-43.084611],[147.966596,-43.084537],[147.966288,-43.085178]]],[[[147.960307,-43.075644],[147.960646,-43.075703],[147.960424,-43.075397],[147.960307,-43.075644]]],[[[147.959039,-42.991379],[147.959419,-42.991242],[147.959021,-42.991247],[147.959039,-42.991379]]],[[[147.719347,-42.988392],[147.71951,-42.988312],[147.719128,-42.988285],[147.719347,-42.988392]]],[[[148.009875,-43.137822],[148.008705,-43.13547],[148.006744,-43.136568],[148.009025,-43.138707],[148.009875,-43.137822]]],[[[147.710643,-43.1918],[147.710188,-43.191089],[147.709579,-43.191021],[147.710643,-43.1918]]],[[[147.704827,-43.179486],[147.704933,-43.180097],[147.705045,-43.179348],[147.704827,-43.179486]]],[[[148.006266,-43.139865],[148.006583,-43.139994],[148.006416,-43.139663],[148.006266,-43.139865]]],[[[147.89446,-43.189589],[147.894633,-43.189558],[147.894511,-43.189517],[147.89446,-43.189589]]],[[[147.782212,-42.947698],[147.784467,-42.950478],[147.788188,-42.950937],[147.789691,-42.949115],[147.788202,-42.945061],[147.781716,-42.939954],[147.779235,-42.942621],[147.782212,-42.947698]]],[[[147.818551,-42.949901],[147.822404,-42.954274],[147.826983,-42.951916],[147.82549,-42.950416],[147.818551,-42.949901]]],[[[147.99938,-42.960169],[148.001146,-42.960222],[147.999723,-42.959674],[147.99938,-42.960169]]],[[[147.856451,-42.93987],[147.857174,-42.93977],[147.857269,-42.939329],[147.856451,-42.93987]]],[[[147.988072,-42.973021],[147.988344,-42.972953],[147.987961,-42.972436],[147.988072,-42.973021]]],[[[147.82319,-42.977419],[147.82289,-42.977529],[147.823314,-42.977697],[147.82319,-42.977419]]],[[[147.960358,-42.987224],[147.960425,-42.987095],[147.960255,-42.987054],[147.960358,-42.987224]]],[[[148.007522,-43.138349],[148.006642,-43.136945],[148.005125,-43.137802],[148.007004,-43.139447],[148.007522,-43.138349]]],[[[147.866773,-43.149705],[147.868116,-43.148892],[147.867202,-43.148571],[147.866773,-43.149705]]],[[[147.97107,-43.100266],[147.971953,-43.100511],[147.971478,-43.09988],[147.97107,-43.100266]]],[[[147.982168,-43.106895],[147.984526,-43.106811],[147.98239,-43.106586],[147.982168,-43.106895]]],[[[147.98085,-43.111965],[147.981377,-43.112124],[147.980072,-43.111672],[147.98085,-43.111965]]],[[[147.726471,-43.111027],[147.727516,-43.111009],[147.726727,-43.110683],[147.726471,-43.111027]]],[[[147.72704,-43.111841],[147.726943,-43.112282],[147.727609,-43.11187],[147.72704,-43.111841]]],[[[148.005897,-43.139314],[148.006259,-43.139534],[148.006147,-43.139081],[148.005897,-43.139314]]],[[[148.003878,-43.145332],[148.004246,-43.145486],[148.004408,-43.145205],[148.003878,-43.145332]]],[[[147.695428,-43.15523],[147.695645,-43.155357],[147.695756,-43.155087],[147.695428,-43.15523]]],[[[147.87101,-43.161828],[147.871276,-43.161845],[147.871247,-43.161597],[147.87101,-43.161828]]],[[[147.738689,-43.105174],[147.738864,-43.105514],[147.738938,-43.105316],[147.738689,-43.105174]]],[[[147.696156,-43.155076],[147.696594,-43.155049],[147.696351,-43.154892],[147.696156,-43.155076]]],[[[147.98138,-43.112322],[147.981782,-43.112352],[147.981672,-43.112242],[147.98138,-43.112322]]],[[[147.871138,-43.159467],[147.871278,-43.1595],[147.871256,-43.159313],[147.871138,-43.159467]]],[[[147.817952,-42.895369],[147.81531,-42.899464],[147.821798,-42.907787],[147.820998,-42.912035],[147.82289,-42.918958],[147.81785,-42.926742],[147.814556,-42.925114],[147.811583,-42.925984],[147.813326,-42.927924],[147.812632,-42.930775],[147.814772,-42.931683],[147.813409,-42.936526],[147.815166,-42.937949],[147.817002,-42.937174],[147.818291,-42.933171],[147.82161,-42.931864],[147.825398,-42.932873],[147.826851,-42.936534],[147.833269,-42.934644],[147.834938,-42.939101],[147.83434,-42.942827],[147.830084,-42.944027],[147.829497,-42.946661],[147.831243,-42.947861],[147.834039,-42.94554],[147.837053,-42.947834],[147.848039,-42.943046],[147.850701,-42.939123],[147.857749,-42.935445],[147.859666,-42.937768],[147.857981,-42.940056],[147.861341,-42.940065],[147.859866,-42.941696],[147.862914,-42.94296],[147.865883,-42.947048],[147.853803,-42.945864],[147.849542,-42.94854],[147.848004,-42.951625],[147.854808,-42.958192],[147.841831,-42.957584],[147.830851,-42.965233],[147.818352,-42.965137],[147.817312,-42.962149],[147.811316,-42.962241],[147.813651,-42.966689],[147.81896,-42.96982],[147.822606,-42.976089],[147.825211,-42.976282],[147.830115,-42.970505],[147.832386,-42.970543],[147.835417,-42.973165],[147.836547,-42.980543],[147.851597,-42.983408],[147.856783,-42.982504],[147.853549,-42.986375],[147.849229,-42.987601],[147.849119,-42.989569],[147.843751,-42.991539],[147.837903,-42.991548],[147.83854,-42.993368],[147.841167,-42.993334],[147.842913,-42.998142],[147.838234,-43.002566],[147.839306,-43.003967],[147.845088,-43.004322],[147.850978,-43.007904],[147.846864,-43.013045],[147.86193,-43.014345],[147.870164,-43.010856],[147.881167,-43.016702],[147.891672,-43.019286],[147.914525,-43.015119],[147.924029,-43.014672],[147.92499,-43.017638],[147.908189,-43.019196],[147.896589,-43.022925],[147.893149,-43.022159],[147.880593,-43.024892],[147.872448,-43.02335],[147.869038,-43.031608],[147.863132,-43.035562],[147.863274,-43.0394],[147.865595,-43.041396],[147.863861,-43.049319],[147.864459,-43.053752],[147.859971,-43.05743],[147.857837,-43.056731],[147.859657,-43.053833],[147.856238,-43.048973],[147.858182,-43.045115],[147.857218,-43.042614],[147.851235,-43.039294],[147.849869,-43.035801],[147.843652,-43.035949],[147.845673,-43.033192],[147.845441,-43.030669],[147.841488,-43.030848],[147.839979,-43.033193],[147.841552,-43.034765],[147.840722,-43.037581],[147.835927,-43.041102],[147.838192,-43.044337],[147.842673,-43.046637],[147.845527,-43.054754],[147.839471,-43.060884],[147.834442,-43.05861],[147.828564,-43.05851],[147.826608,-43.055224],[147.820372,-43.056927],[147.815685,-43.060448],[147.812439,-43.060458],[147.812854,-43.05622],[147.808044,-43.054602],[147.806691,-43.046412],[147.801485,-43.04946],[147.797492,-43.049015],[147.794252,-43.046234],[147.795081,-43.050551],[147.792334,-43.051646],[147.784981,-43.04788],[147.783307,-43.052778],[147.780734,-43.05204],[147.77953,-43.048797],[147.777953,-43.053586],[147.773834,-43.054925],[147.767087,-43.041528],[147.76685,-43.032719],[147.762948,-43.034228],[147.762457,-43.035395],[147.763922,-43.035581],[147.761113,-43.037539],[147.759042,-43.044124],[147.749384,-43.043366],[147.746292,-43.038388],[147.748837,-43.035324],[147.744232,-43.03194],[147.746012,-43.027752],[147.745722,-43.023331],[147.741752,-43.019337],[147.742426,-43.017603],[147.740681,-43.014279],[147.72781,-43.025962],[147.718458,-43.027962],[147.727589,-43.025223],[147.726395,-43.024587],[147.726917,-43.018701],[147.721836,-43.016807],[147.72121,-43.014096],[147.723023,-43.01291],[147.72012,-43.011616],[147.719709,-43.008991],[147.713229,-43.011268],[147.70935,-43.010114],[147.707588,-43.006763],[147.710163,-42.998213],[147.712158,-42.996754],[147.71461,-42.997523],[147.714067,-42.991549],[147.717402,-42.990545],[147.719798,-42.986514],[147.723606,-42.986077],[147.722994,-42.982086],[147.726462,-42.97942],[147.725239,-42.976785],[147.729918,-42.970925],[147.736119,-42.969814],[147.729331,-42.967222],[147.726296,-42.964215],[147.731367,-42.957152],[147.729144,-42.9569],[147.726009,-42.949511],[147.720792,-42.949846],[147.718096,-42.95189],[147.714496,-42.951353],[147.713158,-42.952486],[147.713769,-42.955614],[147.705363,-42.956607],[147.699788,-42.953387],[147.701183,-42.948728],[147.699754,-42.944615],[147.696381,-42.943687],[147.693976,-42.940184],[147.682713,-42.937436],[147.678984,-42.934554],[147.675621,-42.934736],[147.666111,-42.938635],[147.664414,-42.943569],[147.665889,-42.948037],[147.671212,-42.951309],[147.675722,-42.956954],[147.675105,-42.959663],[147.669518,-42.961599],[147.668949,-42.96353],[147.676592,-42.967289],[147.680304,-42.97341],[147.685162,-42.974681],[147.683649,-42.974565],[147.684555,-42.981484],[147.680751,-42.990012],[147.673903,-42.99664],[147.667525,-42.999896],[147.658496,-42.996997],[147.652962,-42.992712],[147.646503,-42.994663],[147.640738,-42.993547],[147.627186,-42.998406],[147.622153,-43.002341],[147.618457,-43.008294],[147.61899,-43.017559],[147.621679,-43.018069],[147.621707,-43.02002],[147.625376,-43.020655],[147.62161,-43.024326],[147.625641,-43.02954],[147.623052,-43.031194],[147.622478,-43.035689],[147.628338,-43.040245],[147.625661,-43.042424],[147.627447,-43.044336],[147.622393,-43.051562],[147.624573,-43.053008],[147.622613,-43.056294],[147.62395,-43.057229],[147.623002,-43.060834],[147.624127,-43.062706],[147.622671,-43.065144],[147.623876,-43.067843],[147.627427,-43.069196],[147.626877,-43.073292],[147.632367,-43.074729],[147.63572,-43.073349],[147.641441,-43.075634],[147.646257,-43.081441],[147.650351,-43.083262],[147.650745,-43.089432],[147.656491,-43.089932],[147.661921,-43.086503],[147.664911,-43.088966],[147.669471,-43.087191],[147.673731,-43.088674],[147.676957,-43.091399],[147.675487,-43.095014],[147.677305,-43.097973],[147.679683,-43.096742],[147.682684,-43.098225],[147.684191,-43.102425],[147.695579,-43.098551],[147.698831,-43.099195],[147.700883,-43.097496],[147.705864,-43.098282],[147.708507,-43.102456],[147.712364,-43.101367],[147.715269,-43.098472],[147.718932,-43.098668],[147.720224,-43.095233],[147.720739,-43.097375],[147.72338,-43.095022],[147.730111,-43.094161],[147.732765,-43.091084],[147.736004,-43.096143],[147.740832,-43.096025],[147.741423,-43.104039],[147.745674,-43.107802],[147.745389,-43.110572],[147.74752,-43.112111],[147.739312,-43.109243],[147.737266,-43.107136],[147.738362,-43.104945],[147.733448,-43.104399],[147.730184,-43.100319],[147.719113,-43.10298],[147.716384,-43.105195],[147.717676,-43.107305],[147.723307,-43.105446],[147.727654,-43.109793],[147.734109,-43.110796],[147.73574,-43.118489],[147.731147,-43.124903],[147.726349,-43.126254],[147.717496,-43.120829],[147.703401,-43.122132],[147.698504,-43.126833],[147.69711,-43.130453],[147.693132,-43.132395],[147.690222,-43.137592],[147.685143,-43.138717],[147.689244,-43.140096],[147.690864,-43.143267],[147.698171,-43.145677],[147.695877,-43.147336],[147.69821,-43.150805],[147.694823,-43.152914],[147.698447,-43.155],[147.698582,-43.15767],[147.701493,-43.160101],[147.694556,-43.167166],[147.697685,-43.172212],[147.69938,-43.172476],[147.698774,-43.173605],[147.701129,-43.174803],[147.701297,-43.176969],[147.707766,-43.179652],[147.711092,-43.177906],[147.715523,-43.178345],[147.715787,-43.183753],[147.71382,-43.18515],[147.713202,-43.189407],[147.710792,-43.190313],[147.712249,-43.191978],[147.711583,-43.194269],[147.717384,-43.198834],[147.720216,-43.193833],[147.722126,-43.193295],[147.726775,-43.197949],[147.734205,-43.198678],[147.733136,-43.199633],[147.734275,-43.200599],[147.74604,-43.197556],[147.743816,-43.204804],[147.75072,-43.20902],[147.752564,-43.209123],[147.75393,-43.206216],[147.761769,-43.20627],[147.769079,-43.211023],[147.772039,-43.210837],[147.776404,-43.213144],[147.782574,-43.220498],[147.781109,-43.232926],[147.784283,-43.234648],[147.785631,-43.237965],[147.789457,-43.235186],[147.799734,-43.242327],[147.797525,-43.239209],[147.800598,-43.238245],[147.798976,-43.231987],[147.800732,-43.230172],[147.798389,-43.224408],[147.799399,-43.223061],[147.796723,-43.220729],[147.798532,-43.220063],[147.797434,-43.217444],[147.800502,-43.218587],[147.801987,-43.217597],[147.801865,-43.21636],[147.804156,-43.215857],[147.803334,-43.214529],[147.805368,-43.210038],[147.807774,-43.20827],[147.812877,-43.209074],[147.812963,-43.20696],[147.815394,-43.206127],[147.814983,-43.204007],[147.819086,-43.205824],[147.819188,-43.201783],[147.822477,-43.201003],[147.822023,-43.197958],[147.830471,-43.199301],[147.833698,-43.193667],[147.837287,-43.195948],[147.838909,-43.195376],[147.838136,-43.191431],[147.844477,-43.18752],[147.84847,-43.189736],[147.849824,-43.196695],[147.853135,-43.195656],[147.852779,-43.197485],[147.855838,-43.200756],[147.859445,-43.201182],[147.860843,-43.208207],[147.862942,-43.203586],[147.867132,-43.208089],[147.87183,-43.208061],[147.874621,-43.206351],[147.875181,-43.203065],[147.867304,-43.19969],[147.866479,-43.197916],[147.870708,-43.192917],[147.876936,-43.194949],[147.876258,-43.191697],[147.872079,-43.190284],[147.870432,-43.185609],[147.865564,-43.182818],[147.860131,-43.186393],[147.856897,-43.185429],[147.853004,-43.179564],[147.856819,-43.172365],[147.865017,-43.169772],[147.870695,-43.164275],[147.870335,-43.151827],[147.868459,-43.150911],[147.864811,-43.1595],[147.865768,-43.161199],[147.861355,-43.164936],[147.854472,-43.16231],[147.855309,-43.159363],[147.845558,-43.154334],[147.853533,-43.149191],[147.851171,-43.148405],[147.851274,-43.147027],[147.8574,-43.145335],[147.860063,-43.142459],[147.856554,-43.142164],[147.856506,-43.137846],[147.853944,-43.138119],[147.855679,-43.134769],[147.860423,-43.1349],[147.862534,-43.137573],[147.8661,-43.137268],[147.860967,-43.130252],[147.857539,-43.1297],[147.856636,-43.127218],[147.850389,-43.124086],[147.854695,-43.121568],[147.857984,-43.124408],[147.857579,-43.121653],[147.854094,-43.120189],[147.85377,-43.117932],[147.859887,-43.112877],[147.860227,-43.109453],[147.863337,-43.107843],[147.865672,-43.116645],[147.863806,-43.12137],[147.867295,-43.129268],[147.87147,-43.131007],[147.883251,-43.12275],[147.886428,-43.123251],[147.888307,-43.127669],[147.88743,-43.130666],[147.88877,-43.138186],[147.894686,-43.138196],[147.888169,-43.142663],[147.893678,-43.148489],[147.893381,-43.153311],[147.895557,-43.155051],[147.891801,-43.158543],[147.893731,-43.163721],[147.89272,-43.16516],[147.894331,-43.165901],[147.893468,-43.170578],[147.894817,-43.176859],[147.896318,-43.178251],[147.894523,-43.188008],[147.896635,-43.190981],[147.906929,-43.187828],[147.9096,-43.18949],[147.916511,-43.18955],[147.919199,-43.192131],[147.924042,-43.193581],[147.926067,-43.196976],[147.931765,-43.198841],[147.936891,-43.195014],[147.945061,-43.194627],[147.950262,-43.206857],[147.948597,-43.211731],[147.946182,-43.212922],[147.949498,-43.215736],[147.953833,-43.2152],[147.957725,-43.217746],[147.959655,-43.216313],[147.961365,-43.217247],[147.962577,-43.215537],[147.971484,-43.216833],[147.972125,-43.219754],[147.975343,-43.22113],[147.978079,-43.218816],[147.979464,-43.222883],[147.983682,-43.221804],[147.984938,-43.224679],[147.986116,-43.223167],[147.993943,-43.22197],[148.001323,-43.227685],[148.003581,-43.226973],[148.003336,-43.225781],[148.004821,-43.226349],[148.005571,-43.22422],[148.007333,-43.225208],[148.007831,-43.222785],[148.011508,-43.221668],[148.010315,-43.219339],[147.999853,-43.2187],[147.99271,-43.215603],[147.987034,-43.211758],[147.985184,-43.20729],[147.972702,-43.203039],[147.97192,-43.200116],[147.966931,-43.197258],[147.963558,-43.191245],[147.964848,-43.188833],[147.963577,-43.185327],[147.969108,-43.177888],[147.979598,-43.168334],[147.983173,-43.156098],[147.985529,-43.156205],[147.986107,-43.153844],[147.99186,-43.153967],[147.991115,-43.152395],[147.997542,-43.146936],[147.996702,-43.144945],[148.00298,-43.145083],[148.005792,-43.138919],[148.004421,-43.138207],[148.000078,-43.14065],[147.994596,-43.139156],[147.991672,-43.141189],[147.982745,-43.135662],[147.972241,-43.134817],[147.967688,-43.141656],[147.963391,-43.142716],[147.95436,-43.136586],[147.955507,-43.133294],[147.958721,-43.13251],[147.959851,-43.130489],[147.956908,-43.127298],[147.952818,-43.127692],[147.954585,-43.125707],[147.96808,-43.126363],[147.970516,-43.125027],[147.970232,-43.122828],[147.972686,-43.121989],[147.973616,-43.119609],[147.974623,-43.122718],[147.980617,-43.123295],[147.977247,-43.118488],[147.977318,-43.115949],[147.980111,-43.112034],[147.978363,-43.110339],[147.981094,-43.10736],[147.970731,-43.102544],[147.966386,-43.091898],[147.962244,-43.088155],[147.962862,-43.086244],[147.966443,-43.084507],[147.959903,-43.080629],[147.959389,-43.076249],[147.95578,-43.072449],[147.954422,-43.068844],[147.955955,-43.068183],[147.954709,-43.066793],[147.956213,-43.065788],[147.955699,-43.064407],[147.946009,-43.060788],[147.945071,-43.059216],[147.949172,-43.05771],[147.9494,-43.054564],[147.954045,-43.052057],[147.949079,-43.046567],[147.95331,-43.041382],[147.949675,-43.037713],[147.950221,-43.034751],[147.948554,-43.033052],[147.946934,-43.0335],[147.947158,-43.03592],[147.940086,-43.036393],[147.935528,-43.03496],[147.929268,-43.029602],[147.926434,-43.021215],[147.927274,-43.014212],[147.930511,-43.009881],[147.935422,-43.006888],[147.942349,-43.008955],[147.942377,-43.005156],[147.943969,-43.003432],[147.953165,-43.001285],[147.953313,-42.997683],[147.954891,-42.997582],[147.954073,-42.996498],[147.956062,-42.995099],[147.955453,-42.992564],[147.960907,-42.989374],[147.959547,-42.986589],[147.961331,-42.984053],[147.964392,-42.982879],[147.976336,-42.983342],[147.977604,-42.982202],[147.976598,-42.98122],[147.984425,-42.979194],[147.989079,-42.975423],[147.986312,-42.970487],[147.994801,-42.97162],[147.995693,-42.969383],[147.994107,-42.968533],[147.999515,-42.964193],[147.998032,-42.959746],[147.992643,-42.958163],[147.992333,-42.956162],[147.99499,-42.956133],[147.993777,-42.954876],[147.996227,-42.954121],[147.996591,-42.951385],[147.993755,-42.952864],[147.986881,-42.950939],[147.988389,-42.948412],[147.985368,-42.945183],[147.987072,-42.944154],[147.983436,-42.941247],[147.995311,-42.929281],[147.998866,-42.914553],[147.995593,-42.909729],[147.984738,-42.900314],[147.984065,-42.890419],[147.972716,-42.888226],[147.973131,-42.88328],[147.96092,-42.884868],[147.957805,-42.881923],[147.958503,-42.87792],[147.965312,-42.877262],[147.971345,-42.874236],[147.971286,-42.871797],[147.973838,-42.870203],[147.972651,-42.8674],[147.968986,-42.86628],[147.970893,-42.86421],[147.960793,-42.867361],[147.957903,-42.871591],[147.946559,-42.873468],[147.945051,-42.877103],[147.93986,-42.877164],[147.928129,-42.870262],[147.92036,-42.861279],[147.923692,-42.856278],[147.923083,-42.852706],[147.921894,-42.851493],[147.917374,-42.852812],[147.915815,-42.85179],[147.918303,-42.848239],[147.922196,-42.846343],[147.919326,-42.844099],[147.920768,-42.844106],[147.920117,-42.843002],[147.917126,-42.844056],[147.915456,-42.847595],[147.913021,-42.847858],[147.905582,-42.843721],[147.905646,-42.842207],[147.902597,-42.84448],[147.891711,-42.842513],[147.889181,-42.844623],[147.891054,-42.846395],[147.89014,-42.850259],[147.883133,-42.850099],[147.879635,-42.853632],[147.880596,-42.856186],[147.884791,-42.85846],[147.885247,-42.861871],[147.879897,-42.8636],[147.873643,-42.863011],[147.87174,-42.871067],[147.869929,-42.872077],[147.865541,-42.870943],[147.861128,-42.874982],[147.868503,-42.875221],[147.873083,-42.878229],[147.874601,-42.876995],[147.8739,-42.874417],[147.87692,-42.873613],[147.88189,-42.876947],[147.895035,-42.87794],[147.903962,-42.882346],[147.90495,-42.893054],[147.902135,-42.895434],[147.900417,-42.899833],[147.90781,-42.908741],[147.899241,-42.901642],[147.895007,-42.89442],[147.889467,-42.893052],[147.884093,-42.894672],[147.87642,-42.888659],[147.873048,-42.889615],[147.873843,-42.894616],[147.873078,-42.892951],[147.86846,-42.893728],[147.861783,-42.890733],[147.844001,-42.890759],[147.840661,-42.888637],[147.837249,-42.891986],[147.829281,-42.893603],[147.825543,-42.891755],[147.823879,-42.894594],[147.817952,-42.895369]]],[[[147.846542,-43.027253],[147.854098,-43.026389],[147.850601,-43.02472],[147.846542,-43.027253]]],[[[147.94596,-43.032185],[147.948214,-43.032743],[147.945526,-43.031147],[147.94596,-43.032185]]],[[[147.845071,-43.006265],[147.845499,-43.006883],[147.846773,-43.005773],[147.845071,-43.006265]]],[[[147.837523,-43.004226],[147.837632,-43.003479],[147.837046,-43.003419],[147.837523,-43.004226]]],[[[147.940529,-43.009893],[147.941102,-43.010225],[147.94134,-43.009742],[147.940529,-43.009893]]],[[[147.940481,-43.009477],[147.941496,-43.009338],[147.940635,-43.009087],[147.940481,-43.009477]]],[[[147.835865,-43.005117],[147.835464,-43.005609],[147.836009,-43.005469],[147.835865,-43.005117]]],[[[147.94209,-43.009443],[147.942204,-43.009259],[147.941573,-43.009309],[147.94209,-43.009443]]],[[[147.941782,-43.009125],[147.941461,-43.009047],[147.941329,-43.009139],[147.941782,-43.009125]]]]}},{"type":"Feature","properties":{"code":"AU-LGA-65410","name":"Waratah-Wynyard","label":"Waratah-Wynyard","type":"Local government area","parentCode":"AU-TAS"},"geometry":{"type":"Polygon","coordinates":[[[145.067633,-41.636052],[145.068991,-41.636303],[145.068476,-41.634178],[145.075198,-41.633801],[145.07856,-41.629207],[145.078615,-41.625302],[145.08064,-41.626308],[145.078891,-41.625539],[145.078968,-41.629051],[145.075444,-41.633902],[145.068544,-41.634559],[145.069393,-41.636399],[145.06753,-41.636906],[145.062663,-41.645138],[145.066059,-41.649356],[145.077818,-41.651594],[145.08189,-41.656157],[145.090852,-41.653565],[145.091441,-41.651783],[145.089808,-41.650559],[145.092093,-41.649049],[145.096408,-41.649394],[145.10378,-41.643555],[145.101361,-41.645936],[145.266505,-41.677893],[145.336676,-41.685017],[145.633861,-41.707617],[145.649866,-41.680785],[145.661048,-41.682084],[145.674019,-41.678898],[145.682592,-41.672703],[145.686343,-41.666178],[145.691467,-41.665661],[145.696191,-41.653751],[145.693358,-41.650671],[145.69604,-41.64981],[145.693591,-41.647231],[145.694896,-41.645587],[145.702346,-41.642911],[145.706536,-41.643174],[145.711998,-41.636786],[145.719493,-41.634808],[145.726521,-41.636064],[145.732352,-41.631931],[145.738672,-41.63358],[145.742438,-41.630856],[145.747316,-41.63236],[145.744346,-41.631137],[145.748312,-41.631463],[145.754423,-41.62777],[145.772456,-41.62979],[145.780166,-41.624023],[145.778534,-41.620346],[145.779544,-41.61709],[145.781802,-41.617706],[145.782991,-41.613596],[145.781163,-41.610906],[145.784906,-41.60791],[145.784146,-41.605633],[145.78882,-41.600601],[145.790474,-41.60075],[145.791954,-41.596968],[145.795583,-41.596244],[145.801003,-41.601827],[145.808692,-41.602645],[145.811258,-41.600467],[145.816192,-41.599852],[145.826836,-41.592138],[145.829192,-41.592088],[145.833096,-41.587502],[145.839557,-41.586572],[145.84191,-41.588283],[145.844477,-41.584913],[145.853531,-41.582849],[145.852028,-41.510283],[145.851985,-41.35588],[145.637896,-41.35618],[145.637651,-41.262555],[145.647667,-41.262551],[145.647834,-41.261007],[145.647554,-41.239783],[145.641571,-41.239179],[145.64608,-41.217684],[145.643308,-41.217259],[145.644364,-41.212126],[145.655532,-41.213641],[145.662364,-41.209613],[145.665275,-41.210846],[145.669458,-41.209626],[145.670237,-41.207185],[145.675712,-41.205594],[145.678308,-41.206424],[145.681581,-41.202763],[145.685232,-41.202997],[145.689687,-41.20077],[145.689219,-41.199316],[145.691818,-41.198808],[145.693508,-41.195547],[145.696681,-41.195089],[145.694176,-41.192335],[145.696304,-41.188394],[145.702803,-41.18803],[145.704344,-41.186086],[145.707524,-41.185803],[145.709391,-41.182892],[145.712233,-41.182925],[145.712967,-41.18065],[145.715122,-41.181499],[145.718781,-41.176264],[145.728889,-41.172354],[145.725797,-41.171024],[145.730115,-41.169349],[145.733015,-41.165256],[145.735417,-41.165305],[145.736178,-41.162444],[145.738692,-41.162104],[145.738516,-41.16003],[145.740642,-41.159957],[145.741879,-41.157284],[145.744164,-41.156408],[145.743754,-41.153712],[145.747957,-41.152304],[145.747726,-41.151059],[145.744798,-41.150996],[145.746467,-41.14868],[145.752606,-41.14647],[145.754816,-41.147861],[145.759564,-41.144043],[145.768006,-41.142244],[145.767292,-41.140553],[145.769415,-41.139235],[145.768065,-41.13542],[145.77493,-41.134513],[145.771736,-41.132325],[145.77318,-41.127204],[145.780244,-41.126958],[145.785692,-41.123306],[145.787271,-41.124115],[145.787758,-41.121756],[145.794629,-41.120984],[145.798046,-41.117021],[145.797173,-41.114701],[145.799444,-41.112444],[145.804816,-41.110148],[145.80756,-41.111342],[145.80981,-41.108653],[145.81171,-41.109913],[145.815143,-41.107198],[145.816098,-41.105309],[145.813608,-41.104304],[145.815925,-41.103849],[145.81483,-41.100214],[145.817264,-41.099176],[145.814746,-41.09521],[145.818381,-41.094498],[145.820132,-41.09112],[145.817379,-41.090613],[145.81682,-41.087712],[145.824748,-41.08577],[145.82244,-41.082783],[145.820251,-41.083419],[145.819841,-41.07933],[145.816538,-41.080162],[145.815632,-41.078828],[145.81829,-41.07841],[145.82208,-41.070907],[145.824826,-41.072518],[145.825538,-41.069722],[145.82796,-41.069738],[145.82988,-41.065234],[145.834721,-41.065036],[145.834142,-41.062708],[145.832749,-41.063539],[145.830085,-41.0609],[145.833649,-41.061081],[145.838921,-41.058739],[145.835262,-41.058092],[145.836872,-41.053487],[145.835805,-41.051568],[145.834353,-41.051133],[145.833878,-41.052962],[145.829829,-41.05],[145.834257,-41.047507],[145.837137,-41.047756],[145.834801,-41.045771],[145.838217,-41.044005],[145.839269,-41.039272],[145.827544,-41.036068],[145.825232,-41.03389],[145.818691,-41.033599],[145.809189,-41.030369],[145.806843,-41.029314],[145.806569,-41.026609],[145.800874,-41.026171],[145.790265,-41.017575],[145.785121,-41.015757],[145.7859,-41.01228],[145.781578,-41.011074],[145.780798,-41.006389],[145.77373,-41.002718],[145.768538,-40.996868],[145.761167,-40.99698],[145.757623,-40.99363],[145.743734,-40.9904],[145.738692,-40.987401],[145.73105,-40.987769],[145.723628,-40.980672],[145.720482,-40.980402],[145.720974,-40.979274],[145.716256,-40.981622],[145.708644,-40.981471],[145.70906,-40.982681],[145.703271,-40.976947],[145.702625,-40.973119],[145.696466,-40.974721],[145.702959,-40.973039],[145.704162,-40.977562],[145.708625,-40.9809],[145.715019,-40.980807],[145.720969,-40.978532],[145.730265,-40.983392],[145.732101,-40.98641],[145.741276,-40.985362],[145.730822,-40.980056],[145.729482,-40.974968],[145.724577,-40.968969],[145.726372,-40.961917],[145.733116,-40.956267],[145.732348,-40.947273],[145.729298,-40.944912],[145.722548,-40.943457],[145.714364,-40.946298],[145.709849,-40.943176],[145.701574,-40.941179],[145.695002,-40.940144],[145.690081,-40.94119],[145.680109,-40.938108],[145.676569,-40.939976],[145.662504,-40.938305],[145.660472,-40.93987],[145.651835,-40.939923],[145.635926,-40.933075],[145.626224,-40.933656],[145.621805,-40.932091],[145.618056,-40.928156],[145.620757,-40.925767],[145.619743,-40.925287],[145.616967,-40.927347],[145.613384,-40.925015],[145.60985,-40.927056],[145.607138,-40.926042],[145.607317,-40.924858],[145.602454,-40.926076],[145.595214,-40.923978],[145.592533,-40.922071],[145.593394,-40.921087],[145.587702,-40.918406],[145.589034,-40.916098],[145.584388,-40.91552],[145.584339,-40.913919],[145.560521,-40.916817],[145.547653,-40.9103],[145.545046,-40.90697],[145.540462,-40.906541],[145.538986,-40.914257],[145.543142,-40.914762],[145.541457,-40.922752],[145.563257,-40.925335],[145.556676,-40.93645],[145.541365,-40.93472],[145.531737,-40.975215],[145.529512,-40.974924],[145.528318,-40.980122],[145.524646,-40.979612],[145.522001,-40.986696],[145.516983,-40.987272],[145.516502,-40.989494],[145.513291,-40.989106],[145.512413,-40.99325],[145.515837,-40.993688],[145.515219,-40.996818],[145.493891,-41.023876],[145.488559,-41.023227],[145.487737,-41.027287],[145.492422,-41.027826],[145.491799,-41.03096],[145.482069,-41.044977],[145.480631,-41.05286],[145.479215,-41.052728],[145.478844,-41.05464],[145.472942,-41.054019],[145.472388,-41.056729],[145.462346,-41.056859],[145.461462,-41.061565],[145.458082,-41.061212],[145.45703,-41.066828],[145.459468,-41.067097],[145.457937,-41.075412],[145.446116,-41.074175],[145.44371,-41.078971],[145.437346,-41.078977],[145.436554,-41.083096],[145.446919,-41.084202],[145.447201,-41.082662],[145.452562,-41.083232],[145.453306,-41.079203],[145.45814,-41.079716],[145.455088,-41.09409],[145.445502,-41.092946],[145.443511,-41.102048],[145.11594,-41.405995],[145.067633,-41.636052]]]}},{"type":"Feature","properties":{"code":"AU-LGA-65610","name":"West Coast","label":"West Coast","type":"Local government area","parentCode":"AU-TAS"},"geometry":{"type":"MultiPolygon","coordinates":[[[[145.489157,-42.97006],[145.490639,-42.96933],[145.488349,-42.969627],[145.489157,-42.97006]]],[[[145.223363,-42.420096],[145.224167,-42.419655],[145.222851,-42.41893],[145.223363,-42.420096]]],[[[145.16494,-42.196183],[145.165263,-42.19636],[145.165137,-42.195725],[145.16494,-42.196183]]],[[[145.274176,-42.558682],[145.276665,-42.557753],[145.274161,-42.556488],[145.274176,-42.558682]]],[[[145.380402,-42.774945],[145.377905,-42.774793],[145.379073,-42.776837],[145.380402,-42.774945]]],[[[145.377511,-42.777127],[145.378898,-42.777343],[145.378084,-42.776623],[145.377511,-42.777127]]],[[[145.445952,-42.389911],[145.448096,-42.389701],[145.451035,-42.386233],[145.447315,-42.38738],[145.445952,-42.389911]]],[[[145.459104,-42.384588],[145.459768,-42.385057],[145.459457,-42.38432],[145.459104,-42.384588]]],[[[145.276218,-42.605721],[145.278264,-42.606061],[145.277306,-42.603272],[145.275103,-42.603518],[145.276218,-42.605721]]],[[[145.285359,-42.633684],[145.286783,-42.634551],[145.286435,-42.633354],[145.285359,-42.633684]]],[[[145.269385,-42.629092],[145.26983,-42.628621],[145.267476,-42.629881],[145.269385,-42.629092]]],[[[145.067968,-41.844464],[145.068477,-41.844464],[145.067898,-41.844172],[145.067968,-41.844464]]],[[[144.935596,-41.725961],[144.937823,-41.724952],[144.935185,-41.725012],[144.935596,-41.725961]]],[[[144.933902,-41.725525],[144.935051,-41.725519],[144.93391,-41.724917],[144.933902,-41.725525]]],[[[144.945324,-41.718544],[144.944571,-41.718735],[144.9451,-41.718995],[144.945324,-41.718544]]],[[[144.93652,-41.725614],[144.936116,-41.725692],[144.936471,-41.725935],[144.93652,-41.725614]]],[[[144.916087,-41.709895],[144.916467,-41.709961],[144.915827,-41.709708],[144.916087,-41.709895]]],[[[144.914251,-41.707669],[144.914819,-41.707427],[144.914563,-41.707366],[144.914251,-41.707669]]],[[[144.911435,-41.709368],[144.911885,-41.70926],[144.911613,-41.709149],[144.911435,-41.709368]]],[[[145.7831,-43.225085],[145.786216,-43.226271],[145.785654,-43.224824],[145.787677,-43.223378],[145.784296,-43.221901],[145.7831,-43.225085]]],[[[145.818185,-43.298729],[145.819785,-43.299391],[145.81583,-43.294829],[145.818185,-43.298729]]],[[[145.811909,-43.27932],[145.815232,-43.281041],[145.814242,-43.278721],[145.811909,-43.27932]]],[[[145.918342,-43.206957],[145.920536,-43.205411],[145.918988,-43.205892],[145.918342,-43.206957]]],[[[145.810845,-43.280921],[145.809612,-43.280422],[145.810714,-43.281567],[145.810845,-43.280921]]],[[[145.668924,-43.082179],[145.669521,-43.081834],[145.669036,-43.080964],[145.668924,-43.082179]]],[[[145.688381,-43.112723],[145.68905,-43.112478],[145.688077,-43.111414],[145.688381,-43.112723]]],[[[145.628356,-43.019529],[145.627631,-43.019529],[145.627667,-43.020151],[145.628356,-43.019529]]],[[[145.690597,-43.114279],[145.691537,-43.113992],[145.690398,-43.113799],[145.690597,-43.114279]]],[[[145.91225,-43.196508],[145.912725,-43.196991],[145.912721,-43.196324],[145.91225,-43.196508]]],[[[145.808442,-43.304229],[145.807821,-43.304043],[145.808364,-43.304751],[145.808442,-43.304229]]],[[[145.60814,-43.009261],[145.608879,-43.009099],[145.607446,-43.009001],[145.60814,-43.009261]]],[[[145.667199,-43.082146],[145.66767,-43.082209],[145.667052,-43.081815],[145.667199,-43.082146]]],[[[145.806897,-43.305462],[145.806269,-43.304841],[145.80642,-43.305211],[145.806897,-43.305462]]],[[[145.608605,-43.010978],[145.608081,-43.010809],[145.608247,-43.011072],[145.608605,-43.010978]]],[[[145.618994,-43.015012],[145.618874,-43.014893],[145.618763,-43.014883],[145.618994,-43.015012]]],[[[145.506305,-42.344823],[145.497578,-42.345821],[145.501427,-42.348663],[145.503676,-42.345584],[145.506305,-42.344823]]],[[[145.447593,-42.334382],[145.45129,-42.33631],[145.454009,-42.335361],[145.449237,-42.333421],[145.447593,-42.334382]]],[[[145.271849,-42.271272],[145.271818,-42.272599],[145.273598,-42.27152],[145.271849,-42.271272]]],[[[145.17806,-42.208237],[145.176918,-42.209348],[145.177613,-42.209365],[145.17806,-42.208237]]],[[[145.197214,-42.249618],[145.197835,-42.25],[145.198042,-42.248713],[145.197214,-42.249618]]],[[[145.216154,-42.211341],[145.216147,-42.21039],[145.215446,-42.210904],[145.216154,-42.211341]]],[[[145.177343,-42.307266],[145.177656,-42.308259],[145.177297,-42.306452],[145.177343,-42.307266]]],[[[145.166015,-42.195376],[145.166105,-42.196326],[145.166496,-42.196456],[145.166015,-42.195376]]],[[[145.180192,-42.209253],[145.180539,-42.209572],[145.181014,-42.209069],[145.180192,-42.209253]]],[[[145.182327,-42.219508],[145.182738,-42.218805],[145.182021,-42.218915],[145.182327,-42.219508]]],[[[145.187297,-42.211162],[145.187708,-42.2111],[145.187617,-42.210366],[145.187297,-42.211162]]],[[[145.178292,-42.307632],[145.178605,-42.307526],[145.178554,-42.30667],[145.178292,-42.307632]]],[[[145.188888,-42.243577],[145.189171,-42.243419],[145.188903,-42.242694],[145.188888,-42.243577]]],[[[145.188598,-42.237871],[145.188163,-42.23779],[145.188407,-42.238317],[145.188598,-42.237871]]],[[[145.191436,-42.24501],[145.192247,-42.245025],[145.191839,-42.244696],[145.191436,-42.24501]]],[[[145.222314,-42.223727],[145.222221,-42.223116],[145.222027,-42.223518],[145.222314,-42.223727]]],[[[145.191669,-42.230436],[145.192242,-42.230554],[145.192055,-42.230256],[145.191669,-42.230436]]],[[[145.197041,-42.249958],[145.197524,-42.250367],[145.19702,-42.249706],[145.197041,-42.249958]]],[[[145.187909,-42.223851],[145.188202,-42.22403],[145.188202,-42.223522],[145.187909,-42.223851]]],[[[145.196834,-42.250105],[145.196769,-42.250571],[145.197166,-42.250526],[145.196834,-42.250105]]],[[[145.222936,-42.224369],[145.222884,-42.224614],[145.223072,-42.224642],[145.222936,-42.224369]]],[[[145.20066,-42.199717],[145.200726,-42.199562],[145.200544,-42.199463],[145.20066,-42.199717]]],[[[145.194492,-42.196057],[145.194647,-42.196029],[145.194585,-42.195848],[145.194492,-42.196057]]],[[[145.294272,-42.190463],[145.294087,-42.191525],[145.298807,-42.190633],[145.300666,-42.186904],[145.294919,-42.185269],[145.292821,-42.188205],[145.294272,-42.190463]]],[[[145.299826,-42.181411],[145.297997,-42.181515],[145.300816,-42.182421],[145.299826,-42.181411]]],[[[145.284654,-42.187178],[145.285775,-42.188056],[145.286613,-42.187202],[145.284654,-42.187178]]],[[[145.3007,-42.181208],[145.30174,-42.180523],[145.299807,-42.180572],[145.3007,-42.181208]]],[[[145.359586,-42.193996],[145.358454,-42.19377],[145.359179,-42.194722],[145.359586,-42.193996]]],[[[145.290231,-42.184783],[145.290937,-42.184728],[145.290432,-42.184316],[145.290231,-42.184783]]],[[[145.295216,-42.182064],[145.295019,-42.182558],[145.295354,-42.182472],[145.295216,-42.182064]]],[[[145.288765,-42.214632],[145.288339,-42.214756],[145.289146,-42.214769],[145.288765,-42.214632]]],[[[145.073678,-41.856556],[145.074626,-41.856758],[145.074157,-41.856353],[145.073678,-41.856556]]],[[[145.106574,-41.878158],[145.106992,-41.878497],[145.107178,-41.878032],[145.106574,-41.878158]]],[[[145.09615,-41.872965],[145.096229,-41.872656],[145.095698,-41.872511],[145.09615,-41.872965]]],[[[145.033354,-41.814978],[145.034177,-41.815183],[145.033574,-41.81478],[145.033354,-41.814978]]],[[[145.068183,-41.842141],[145.068485,-41.842347],[145.068629,-41.841974],[145.068183,-41.842141]]],[[[145.033727,-41.814471],[145.033818,-41.814323],[145.033552,-41.814275],[145.033727,-41.814471]]],[[[145.940459,-43.150426],[145.942323,-43.149849],[145.94551,-43.143602],[145.955922,-43.13935],[145.955802,-43.13512],[145.960389,-43.128224],[145.964302,-43.12756],[145.965992,-43.13122],[145.977551,-43.13121],[145.978144,-43.134363],[145.982311,-43.13536],[145.979606,-43.127564],[145.98259,-43.125349],[145.98545,-43.119239],[145.98392,-43.116199],[145.98738,-43.112099],[145.987193,-43.109554],[145.99236,-43.104689],[145.992706,-43.100633],[145.988358,-43.097641],[145.99027,-43.093249],[145.988021,-43.090978],[145.98451,-43.092189],[145.98582,-43.088679],[145.979987,-43.090343],[145.97933,-43.085079],[145.97716,-43.084209],[145.97392,-43.077679],[145.9717,-43.076609],[145.977922,-43.075523],[145.978479,-43.073719],[145.98201,-43.072389],[145.979376,-43.069582],[145.9808,-43.067529],[145.978481,-43.06229],[145.976272,-43.0609],[145.974582,-43.06195],[145.97489,-43.055696],[145.976539,-43.054244],[145.975168,-43.048434],[145.979593,-43.043106],[145.978229,-43.038411],[145.974817,-43.036224],[145.975072,-43.033617],[145.979883,-43.026809],[145.978164,-43.017486],[145.987788,-43.010138],[145.991442,-43.004503],[145.989868,-42.99649],[145.99302,-42.992157],[145.992492,-42.981953],[145.995038,-42.980348],[145.992968,-42.97869],[145.988979,-42.978711],[145.977026,-42.962447],[145.972878,-42.960442],[145.972847,-42.958275],[145.956657,-42.94696],[145.957078,-42.945488],[145.954242,-42.943812],[145.954657,-42.94245],[145.951271,-42.938306],[145.94062,-42.930719],[145.93988,-42.922594],[145.934752,-42.917533],[145.934287,-42.905177],[145.939431,-42.903718],[145.944221,-42.907197],[145.949467,-42.905885],[145.854268,-42.742953],[145.851997,-42.741648],[145.849559,-42.733205],[145.842668,-42.725017],[145.832506,-42.717516],[145.841333,-42.716308],[145.845028,-42.719387],[145.849338,-42.716421],[145.859042,-42.713581],[145.863484,-42.715365],[145.866711,-42.714765],[145.868136,-42.7172],[145.870907,-42.716584],[145.873554,-42.713142],[145.870576,-42.708264],[145.87193,-42.704611],[145.867763,-42.702421],[145.868553,-42.70012],[145.866793,-42.698412],[145.868301,-42.694931],[145.867044,-42.691962],[145.86993,-42.69025],[145.885706,-42.699655],[145.893169,-42.698034],[145.902545,-42.693122],[145.904691,-42.684078],[145.907328,-42.684091],[145.909778,-42.681488],[145.916887,-42.681591],[145.917604,-42.679564],[145.921847,-42.681872],[145.928049,-42.682016],[145.934286,-42.669404],[145.954706,-42.665608],[145.959883,-42.65831],[145.965756,-42.658542],[145.966411,-42.656194],[145.964115,-42.652666],[145.967178,-42.647703],[145.961145,-42.646189],[145.96206,-42.638643],[145.966908,-42.633316],[145.967562,-42.63861],[145.970504,-42.638966],[145.969301,-42.634385],[145.972492,-42.632682],[145.971265,-42.631018],[145.972084,-42.624321],[145.979892,-42.627623],[145.984826,-42.626293],[145.983854,-42.620551],[145.985445,-42.617497],[145.987839,-42.617083],[145.988455,-42.612055],[145.991312,-42.611377],[145.991927,-42.609203],[145.994185,-42.60973],[145.996084,-42.607142],[145.996683,-42.601009],[145.992765,-42.598647],[145.992612,-42.595053],[145.996204,-42.59004],[146.00113,-42.58906],[146.001009,-42.583732],[146.004533,-42.582148],[146.000547,-42.581168],[146.000975,-42.579924],[146.006945,-42.580338],[146.013154,-42.577197],[146.0143,-42.573038],[146.017875,-42.572975],[146.017037,-42.564379],[146.01897,-42.561778],[146.021929,-42.561477],[146.021142,-42.560006],[146.026171,-42.559918],[146.023006,-42.556262],[146.029763,-42.554125],[146.030361,-42.54906],[146.032687,-42.547615],[146.031524,-42.543732],[146.028616,-42.541407],[146.0293,-42.538228],[146.03137,-42.537575],[146.032037,-42.535363],[146.039614,-42.533063],[146.042009,-42.530626],[146.053367,-42.52854],[146.05913,-42.520761],[146.062449,-42.520786],[146.061679,-42.519266],[146.066776,-42.517532],[146.067358,-42.514679],[146.073516,-42.511198],[146.071771,-42.509062],[146.073311,-42.50768],[146.073054,-42.50391],[146.081196,-42.503269],[146.081572,-42.499273],[146.086532,-42.496018],[146.089748,-42.489973],[146.088269,-42.488571],[146.078009,-42.487107],[146.081305,-42.485439],[146.085389,-42.485768],[146.08777,-42.483732],[146.083688,-42.481271],[146.07744,-42.483474],[146.075254,-42.477907],[146.084539,-42.474898],[146.086186,-42.475891],[146.088806,-42.470218],[146.09386,-42.467607],[146.099601,-42.458721],[146.103842,-42.458073],[146.107034,-42.454745],[146.1093,-42.450461],[146.107012,-42.45082],[146.109035,-42.445088],[146.112762,-42.443863],[146.113654,-42.441732],[146.116602,-42.442021],[146.117037,-42.439926],[146.120538,-42.44074],[146.125792,-42.436722],[146.125645,-42.435091],[146.123082,-42.434548],[146.124454,-42.430808],[146.126846,-42.429185],[146.126033,-42.426804],[146.132338,-42.423831],[146.133002,-42.425386],[146.134311,-42.424526],[146.129701,-42.418142],[146.134115,-42.41782],[146.132824,-42.416535],[146.133814,-42.414477],[146.129602,-42.410308],[146.130211,-42.407421],[146.124516,-42.405781],[146.121529,-42.406926],[146.117703,-42.404033],[146.114017,-42.406743],[146.109093,-42.405898],[146.10599,-42.40787],[146.099536,-42.402544],[146.102982,-42.398389],[146.106773,-42.39763],[146.105527,-42.392212],[146.111281,-42.39023],[146.112523,-42.388267],[146.110825,-42.384643],[146.114956,-42.380625],[146.108482,-42.378283],[146.11031,-42.37546],[146.108849,-42.37303],[146.09846,-42.370765],[146.099408,-42.364223],[146.097087,-42.358738],[146.098963,-42.354075],[146.096927,-42.352196],[146.098698,-42.351388],[146.096503,-42.338659],[146.098968,-42.335018],[146.099644,-42.329306],[146.102796,-42.326691],[146.106955,-42.305293],[146.104084,-42.301189],[146.100582,-42.299647],[146.098513,-42.294819],[146.090503,-42.291244],[146.088647,-42.287778],[146.091063,-42.281588],[146.075333,-42.210457],[145.999758,-42.066886],[146.023427,-42.039434],[146.014922,-42.005308],[146.050489,-41.974543],[145.951337,-41.684649],[145.851575,-41.582272],[145.844023,-41.585172],[145.84191,-41.588283],[145.839557,-41.586572],[145.833096,-41.587502],[145.829192,-41.592088],[145.826836,-41.592138],[145.816192,-41.599852],[145.811258,-41.600467],[145.808692,-41.602645],[145.801003,-41.601827],[145.795583,-41.596244],[145.791954,-41.596968],[145.790474,-41.60075],[145.78882,-41.600601],[145.784146,-41.605633],[145.784906,-41.60791],[145.781163,-41.610906],[145.782991,-41.613596],[145.781802,-41.617706],[145.779544,-41.61709],[145.778534,-41.620346],[145.780166,-41.624023],[145.772456,-41.62979],[145.754423,-41.62777],[145.748312,-41.631463],[145.744346,-41.631137],[145.747316,-41.63236],[145.742438,-41.630856],[145.738672,-41.63358],[145.732352,-41.631931],[145.726521,-41.636064],[145.719493,-41.634808],[145.711998,-41.636786],[145.706536,-41.643174],[145.702346,-41.642911],[145.694896,-41.645587],[145.693591,-41.647231],[145.69604,-41.64981],[145.693358,-41.650671],[145.696191,-41.653751],[145.691467,-41.665661],[145.686343,-41.666178],[145.682592,-41.672703],[145.674019,-41.678898],[145.661048,-41.682084],[145.649866,-41.680785],[145.633861,-41.707617],[145.336676,-41.685017],[145.266505,-41.677893],[145.101361,-41.645936],[145.096915,-41.64956],[145.092231,-41.649358],[145.090365,-41.651082],[145.091423,-41.653384],[145.097697,-41.652549],[145.103816,-41.654616],[145.103781,-41.655882],[145.094691,-41.653274],[145.081561,-41.657168],[145.076662,-41.652354],[145.066701,-41.65122],[145.062098,-41.64797],[145.061378,-41.643385],[145.065989,-41.636408],[145.059696,-41.627884],[145.057335,-41.627528],[145.054055,-41.630496],[145.051075,-41.630049],[145.049931,-41.625087],[145.034728,-41.618383],[145.005258,-41.617809],[144.99878,-41.62133],[144.993948,-41.627264],[144.976104,-41.630073],[144.964003,-41.638365],[144.955513,-41.649306],[144.937874,-41.656536],[144.930476,-41.661837],[144.929753,-41.664129],[144.924819,-41.665705],[144.926388,-41.672857],[144.926942,-41.671259],[144.928807,-41.671279],[144.935898,-41.676211],[144.941896,-41.677502],[144.935835,-41.676321],[144.93309,-41.673478],[144.927522,-41.671395],[144.926207,-41.677073],[144.922066,-41.680445],[144.912798,-41.683622],[144.913329,-41.685508],[144.911102,-41.686684],[144.912237,-41.688943],[144.911225,-41.691215],[144.912749,-41.691751],[144.91199,-41.693853],[144.913788,-41.693751],[144.915893,-41.697043],[144.915656,-41.701074],[144.918819,-41.704052],[144.919049,-41.707411],[144.917116,-41.709115],[144.920108,-41.711662],[144.919532,-41.713031],[144.921065,-41.713018],[144.92186,-41.716093],[144.928767,-41.719406],[144.9265,-41.7206],[144.931204,-41.721279],[144.934051,-41.724525],[144.940949,-41.722574],[144.940827,-41.720672],[144.942686,-41.720699],[144.94433,-41.717735],[144.954947,-41.716759],[144.962303,-41.720595],[144.972193,-41.730146],[144.975395,-41.729574],[144.972593,-41.732045],[144.974242,-41.732254],[144.978582,-41.73809],[144.985058,-41.735525],[144.980123,-41.739549],[144.988432,-41.746347],[144.993223,-41.746432],[144.990659,-41.747983],[144.996199,-41.756852],[144.997322,-41.756787],[144.996893,-41.755099],[144.999137,-41.755088],[144.997244,-41.755226],[144.997587,-41.75704],[144.994611,-41.759102],[144.994953,-41.76215],[145.003884,-41.766491],[145.004321,-41.768182],[145.01015,-41.767358],[145.004511,-41.768885],[145.0081,-41.772753],[145.004794,-41.774438],[145.006451,-41.774341],[145.006752,-41.776175],[145.004811,-41.778813],[145.006688,-41.779385],[145.007807,-41.784584],[145.011006,-41.786186],[145.009465,-41.786424],[145.012884,-41.78745],[145.010641,-41.790162],[145.015512,-41.791441],[145.014956,-41.793143],[145.013178,-41.793187],[145.01565,-41.793814],[145.014606,-41.794849],[145.015703,-41.796199],[145.018967,-41.79524],[145.021138,-41.796662],[145.017929,-41.799519],[145.020181,-41.798853],[145.023655,-41.804533],[145.033296,-41.805824],[145.03366,-41.807924],[145.031784,-41.809784],[145.027349,-41.809424],[145.028366,-41.8129],[145.029184,-41.812045],[145.03034,-41.81365],[145.035526,-41.814716],[145.040283,-41.813059],[145.045221,-41.820155],[145.056793,-41.824063],[145.055473,-41.82436],[145.061903,-41.833452],[145.068605,-41.836173],[145.067566,-41.840857],[145.069135,-41.842198],[145.068572,-41.844859],[145.072148,-41.855358],[145.076211,-41.856901],[145.080101,-41.861739],[145.084489,-41.863391],[145.085816,-41.866472],[145.090129,-41.869264],[145.101317,-41.873525],[145.104922,-41.878191],[145.109207,-41.877094],[145.107325,-41.877904],[145.108614,-41.88064],[145.114091,-41.883338],[145.11222,-41.885585],[145.117823,-41.886672],[145.121369,-41.890356],[145.121583,-41.896894],[145.123823,-41.897905],[145.124441,-41.900486],[145.137185,-41.907104],[145.140915,-41.910993],[145.151935,-41.913805],[145.156675,-41.923159],[145.173886,-41.92841],[145.175093,-41.930559],[145.174023,-41.93156],[145.178813,-41.933284],[145.180692,-41.935962],[145.180281,-41.938918],[145.187601,-41.941245],[145.194914,-41.948209],[145.198221,-41.945964],[145.200457,-41.941482],[145.199596,-41.939272],[145.20412,-41.936802],[145.199812,-41.939575],[145.200897,-41.941523],[145.196934,-41.948648],[145.202571,-41.958915],[145.196728,-41.950487],[145.190565,-41.946119],[145.214729,-41.984524],[145.235242,-42.023317],[145.251862,-42.060044],[145.252993,-42.058785],[145.251245,-42.052619],[145.246548,-42.042209],[145.244848,-42.031115],[145.245646,-42.02768],[145.248989,-42.02118],[145.253303,-42.018605],[145.260097,-42.022339],[145.267584,-42.022773],[145.259365,-42.022599],[145.255717,-42.019575],[145.253253,-42.019475],[145.245885,-42.031111],[145.247932,-42.038415],[145.246816,-42.040474],[145.253605,-42.058392],[145.251703,-42.062909],[145.25681,-42.074577],[145.263998,-42.108484],[145.265527,-42.134928],[145.259414,-42.175092],[145.248113,-42.192566],[145.224501,-42.213803],[145.223142,-42.218692],[145.227926,-42.22145],[145.249222,-42.220913],[145.256897,-42.225292],[145.259389,-42.228943],[145.268081,-42.232092],[145.280447,-42.231927],[145.289687,-42.22728],[145.28964,-42.224028],[145.285877,-42.217189],[145.288034,-42.212417],[145.287719,-42.208553],[145.289842,-42.206414],[145.287924,-42.201405],[145.290163,-42.196634],[145.283544,-42.198003],[145.287621,-42.200127],[145.289169,-42.206699],[145.285043,-42.210084],[145.274602,-42.208759],[145.268155,-42.202375],[145.276744,-42.194416],[145.277144,-42.191623],[145.281822,-42.186665],[145.286923,-42.1833],[145.2916,-42.18318],[145.293767,-42.179154],[145.302324,-42.179047],[145.303158,-42.181946],[145.309547,-42.176457],[145.310169,-42.173401],[145.311877,-42.173916],[145.311902,-42.175778],[145.318169,-42.176172],[145.318426,-42.172827],[145.311771,-42.160352],[145.313549,-42.158812],[145.316316,-42.160416],[145.315753,-42.157747],[145.312451,-42.157307],[145.311415,-42.154185],[145.307841,-42.1525],[145.303576,-42.152797],[145.307829,-42.148893],[145.311431,-42.151753],[145.312711,-42.151102],[145.311587,-42.152108],[145.314024,-42.154299],[145.319873,-42.153781],[145.323066,-42.156555],[145.333932,-42.151747],[145.334342,-42.155442],[145.325982,-42.160718],[145.329379,-42.167064],[145.329139,-42.173286],[145.333182,-42.173689],[145.336306,-42.167089],[145.346905,-42.168571],[145.351997,-42.173388],[145.357325,-42.174748],[145.359663,-42.177339],[145.360166,-42.188528],[145.356301,-42.191227],[145.371686,-42.193932],[145.377568,-42.196561],[145.386778,-42.196377],[145.391118,-42.193158],[145.395969,-42.195679],[145.401579,-42.195029],[145.40872,-42.19782],[145.419579,-42.196827],[145.420459,-42.190874],[145.428582,-42.18871],[145.432132,-42.191498],[145.433836,-42.188275],[145.443536,-42.190446],[145.447136,-42.194026],[145.446831,-42.196879],[145.449071,-42.199416],[145.464069,-42.192243],[145.469673,-42.196657],[145.471088,-42.193376],[145.467572,-42.188874],[145.471568,-42.184924],[145.477474,-42.186054],[145.483113,-42.183683],[145.487003,-42.186526],[145.492193,-42.184169],[145.491246,-42.180557],[145.492398,-42.17887],[145.499958,-42.176306],[145.492176,-42.179765],[145.492391,-42.184552],[145.487029,-42.186903],[145.483187,-42.184057],[145.47736,-42.186382],[145.471514,-42.18536],[145.468173,-42.188299],[145.471423,-42.19299],[145.469828,-42.197131],[145.463902,-42.192556],[145.449006,-42.199756],[145.446452,-42.197837],[145.446756,-42.194158],[145.443311,-42.190789],[145.434028,-42.188693],[145.432428,-42.191866],[145.428247,-42.189042],[145.423701,-42.189792],[145.419843,-42.192366],[145.420426,-42.197034],[145.411224,-42.198405],[145.400976,-42.19537],[145.396841,-42.196455],[145.391199,-42.193715],[145.384578,-42.197843],[145.375445,-42.197132],[145.368128,-42.194071],[145.359745,-42.19571],[145.356297,-42.194087],[145.353117,-42.196642],[145.350821,-42.201453],[145.348211,-42.202514],[145.346055,-42.206777],[145.351742,-42.210639],[145.357326,-42.207077],[145.355855,-42.203698],[145.357396,-42.201989],[145.365471,-42.204751],[145.372263,-42.202125],[145.369175,-42.204772],[145.371962,-42.20578],[145.364001,-42.209853],[145.36925,-42.214728],[145.371816,-42.224348],[145.371089,-42.2274],[145.364295,-42.230421],[145.360914,-42.233785],[145.360637,-42.235342],[145.366875,-42.242052],[145.366428,-42.247197],[145.363965,-42.249881],[145.364832,-42.251664],[145.371603,-42.250141],[145.37744,-42.251731],[145.385982,-42.262501],[145.389463,-42.263317],[145.399703,-42.277457],[145.413765,-42.28747],[145.422996,-42.289961],[145.426357,-42.293539],[145.427823,-42.301489],[145.43038,-42.305383],[145.429859,-42.309698],[145.432471,-42.314291],[145.453883,-42.319323],[145.463383,-42.323446],[145.467565,-42.346116],[145.478342,-42.348694],[145.480858,-42.364467],[145.486403,-42.363199],[145.488183,-42.359178],[145.492647,-42.355914],[145.484938,-42.356645],[145.489859,-42.352477],[145.486155,-42.350413],[145.483356,-42.351057],[145.480036,-42.348906],[145.480545,-42.347228],[145.484019,-42.346993],[145.485107,-42.343944],[145.489252,-42.344622],[145.489729,-42.34317],[145.487603,-42.343038],[145.487564,-42.341533],[145.493521,-42.343444],[145.497873,-42.342371],[145.494771,-42.339029],[145.498689,-42.338395],[145.491413,-42.336837],[145.490716,-42.335416],[145.496404,-42.33433],[145.493035,-42.331136],[145.492729,-42.327259],[145.494193,-42.325135],[145.492111,-42.324079],[145.493566,-42.324021],[145.494123,-42.321854],[145.497332,-42.324974],[145.496778,-42.3282],[145.500596,-42.330864],[145.499465,-42.33233],[145.511985,-42.334786],[145.517512,-42.339755],[145.517527,-42.340911],[145.513131,-42.341536],[145.516241,-42.344069],[145.518354,-42.34988],[145.526741,-42.360526],[145.525839,-42.364608],[145.519613,-42.368074],[145.515196,-42.366768],[145.50965,-42.367422],[145.502594,-42.363999],[145.503034,-42.366704],[145.511831,-42.372007],[145.512372,-42.374183],[145.518069,-42.373036],[145.522797,-42.374959],[145.530184,-42.372603],[145.532716,-42.363117],[145.541259,-42.359182],[145.541857,-42.356193],[145.544189,-42.354583],[145.541439,-42.353791],[145.544452,-42.353856],[145.542908,-42.353105],[145.54375,-42.35211],[145.547301,-42.352628],[145.549574,-42.355309],[145.557619,-42.357015],[145.553216,-42.359026],[145.556664,-42.360942],[145.55577,-42.364029],[145.547368,-42.369802],[145.5438,-42.370094],[145.543412,-42.367977],[145.542565,-42.369182],[145.543195,-42.374988],[145.545444,-42.378334],[145.542717,-42.383127],[145.549891,-42.387946],[145.545724,-42.391015],[145.53624,-42.387116],[145.533904,-42.392414],[145.535416,-42.395881],[145.533539,-42.396948],[145.536696,-42.399653],[145.535702,-42.403577],[145.533586,-42.404234],[145.534832,-42.405467],[145.528782,-42.413037],[145.519586,-42.418979],[145.520423,-42.420899],[145.524847,-42.421672],[145.525512,-42.423606],[145.522481,-42.427354],[145.515686,-42.430857],[145.513061,-42.434489],[145.523388,-42.441021],[145.524532,-42.443504],[145.534243,-42.447434],[145.539114,-42.441721],[145.544435,-42.438601],[145.557124,-42.436059],[145.578931,-42.443985],[145.580157,-42.446152],[145.578518,-42.444449],[145.574994,-42.444167],[145.581419,-42.448102],[145.593588,-42.450655],[145.596463,-42.449823],[145.598215,-42.446339],[145.601413,-42.445551],[145.6083,-42.45069],[145.61642,-42.445456],[145.609257,-42.436443],[145.612919,-42.434353],[145.615653,-42.435207],[145.621217,-42.442381],[145.625771,-42.444467],[145.634971,-42.440006],[145.638504,-42.436528],[145.645788,-42.434259],[145.658538,-42.43684],[145.664235,-42.440793],[145.673272,-42.442717],[145.676965,-42.46481],[145.674381,-42.471939],[145.675388,-42.474779],[145.673484,-42.482838],[145.674209,-42.492097],[145.678755,-42.501989],[145.678225,-42.506385],[145.674162,-42.509561],[145.675704,-42.518026],[145.667102,-42.527726],[145.672781,-42.531524],[145.674073,-42.534104],[145.673271,-42.536512],[145.66736,-42.537992],[145.671936,-42.542836],[145.673861,-42.547965],[145.671848,-42.560704],[145.674643,-42.563158],[145.67924,-42.563454],[145.683423,-42.569288],[145.690616,-42.568379],[145.70118,-42.571634],[145.707232,-42.576824],[145.710998,-42.585084],[145.718665,-42.589446],[145.72224,-42.589075],[145.729296,-42.582018],[145.736718,-42.589279],[145.741364,-42.591125],[145.737472,-42.590618],[145.729703,-42.582782],[145.72219,-42.590026],[145.718179,-42.590022],[145.709464,-42.584472],[145.706928,-42.577373],[145.69861,-42.570869],[145.689704,-42.569765],[145.683642,-42.571032],[145.679653,-42.565791],[145.670988,-42.56235],[145.670297,-42.553696],[145.672257,-42.547734],[145.666157,-42.538214],[145.667401,-42.535804],[145.672548,-42.534333],[145.665291,-42.527484],[145.673947,-42.517419],[145.672213,-42.508581],[145.677128,-42.504075],[145.675641,-42.496947],[145.672283,-42.492143],[145.6725,-42.470038],[145.67482,-42.465087],[145.671372,-42.447747],[145.671996,-42.444853],[145.671025,-42.443473],[145.662851,-42.442424],[145.658149,-42.438248],[145.648226,-42.435763],[145.641742,-42.437057],[145.626308,-42.445876],[145.619944,-42.443279],[145.614078,-42.436525],[145.611495,-42.435798],[145.61821,-42.445468],[145.613675,-42.450758],[145.608156,-42.453032],[145.604327,-42.45115],[145.603579,-42.448103],[145.601521,-42.447081],[145.597276,-42.450961],[145.592245,-42.451959],[145.579446,-42.449895],[145.57029,-42.444796],[145.554746,-42.440397],[145.544197,-42.442163],[145.540804,-42.443754],[145.5395,-42.445298],[145.540834,-42.445655],[145.539435,-42.445409],[145.536678,-42.448608],[145.531062,-42.44952],[145.524189,-42.446264],[145.515634,-42.439333],[145.509019,-42.436178],[145.50483,-42.435959],[145.502256,-42.431869],[145.495221,-42.42962],[145.493752,-42.423572],[145.491954,-42.422244],[145.486293,-42.422573],[145.478233,-42.428907],[145.458033,-42.434775],[145.453237,-42.439147],[145.452659,-42.441989],[145.460688,-42.440515],[145.461181,-42.438048],[145.473882,-42.440548],[145.464048,-42.442582],[145.466353,-42.443645],[145.470961,-42.450416],[145.472452,-42.463922],[145.475519,-42.46604],[145.475329,-42.471117],[145.473215,-42.473534],[145.478544,-42.473808],[145.480207,-42.475366],[145.47729,-42.478707],[145.478715,-42.48023],[145.476743,-42.485995],[145.478368,-42.488985],[145.474944,-42.491989],[145.472731,-42.497752],[145.474462,-42.499101],[145.47232,-42.500981],[145.477979,-42.506048],[145.475878,-42.513077],[145.480417,-42.517662],[145.481802,-42.525685],[145.473915,-42.52583],[145.471208,-42.521508],[145.467644,-42.521004],[145.466102,-42.519039],[145.467024,-42.516291],[145.465576,-42.50774],[145.461911,-42.500589],[145.462274,-42.494562],[145.465383,-42.491966],[145.464414,-42.491136],[145.465883,-42.486957],[145.462404,-42.481317],[145.46371,-42.47782],[145.460211,-42.468223],[145.459109,-42.462751],[145.460135,-42.462037],[145.457864,-42.460555],[145.459186,-42.458251],[145.446645,-42.437429],[145.446513,-42.429052],[145.448408,-42.424915],[145.447632,-42.419909],[145.448378,-42.417447],[145.450844,-42.41668],[145.451755,-42.413635],[145.450561,-42.409877],[145.453284,-42.404419],[145.448129,-42.404073],[145.442453,-42.401161],[145.439226,-42.397052],[145.439742,-42.393111],[145.436481,-42.388866],[145.434863,-42.389307],[145.435428,-42.386372],[145.432039,-42.3861],[145.430733,-42.381935],[145.428522,-42.383335],[145.427351,-42.381175],[145.424894,-42.381171],[145.424056,-42.377049],[145.420358,-42.377964],[145.418955,-42.374224],[145.415685,-42.373468],[145.415594,-42.37173],[145.412662,-42.371684],[145.411972,-42.369909],[145.404924,-42.373419],[145.393518,-42.374258],[145.390278,-42.371861],[145.389557,-42.367739],[145.386273,-42.367702],[145.383835,-42.365148],[145.381082,-42.364767],[145.378793,-42.360786],[145.373368,-42.360401],[145.372915,-42.355826],[145.370098,-42.353463],[145.366209,-42.355713],[145.364233,-42.354875],[145.363912,-42.352131],[145.359972,-42.348756],[145.355057,-42.348212],[145.355729,-42.346881],[145.353495,-42.343862],[145.351898,-42.344262],[145.349231,-42.341633],[145.347129,-42.342773],[145.344289,-42.341538],[145.34031,-42.337042],[145.341218,-42.343325],[145.337967,-42.344397],[145.337124,-42.33947],[145.331758,-42.338687],[145.330978,-42.330382],[145.320375,-42.327616],[145.316257,-42.325087],[145.316002,-42.323179],[145.310041,-42.320444],[145.311593,-42.298889],[145.317513,-42.285336],[145.315283,-42.285908],[145.316018,-42.287921],[145.306709,-42.2954],[145.299578,-42.29664],[145.292661,-42.29581],[145.290201,-42.290791],[145.291916,-42.287698],[145.289591,-42.282882],[145.279143,-42.281606],[145.271489,-42.284566],[145.27057,-42.289402],[145.266266,-42.290964],[145.253477,-42.288459],[145.250212,-42.282045],[145.254658,-42.27849],[145.256068,-42.267312],[145.246874,-42.26422],[145.23706,-42.263342],[145.2345,-42.257243],[145.235717,-42.252335],[145.232543,-42.247878],[145.235787,-42.244069],[145.233521,-42.242531],[145.225769,-42.2438],[145.221012,-42.242004],[145.22028,-42.234671],[145.222112,-42.231882],[145.22393,-42.231851],[145.224865,-42.228407],[145.221073,-42.226694],[145.220684,-42.222906],[145.214459,-42.218803],[145.214987,-42.212131],[145.209103,-42.210113],[145.207304,-42.20008],[145.208759,-42.207386],[145.199769,-42.207899],[145.198374,-42.205274],[145.199708,-42.204595],[145.199451,-42.200772],[145.196376,-42.197045],[145.18596,-42.194488],[145.184356,-42.196113],[145.183594,-42.194165],[145.177115,-42.193072],[145.17522,-42.194777],[145.175536,-42.197027],[145.165522,-42.196962],[145.166259,-42.199559],[145.167483,-42.197728],[145.170684,-42.200638],[145.171975,-42.204476],[145.176414,-42.206434],[145.173492,-42.208239],[145.173948,-42.209914],[145.1785,-42.207592],[145.18131,-42.207742],[145.181777,-42.20911],[145.186535,-42.20722],[145.190115,-42.207999],[145.187865,-42.210943],[145.191167,-42.210873],[145.191687,-42.21332],[145.190372,-42.215776],[145.188206,-42.215533],[145.186142,-42.221674],[145.192027,-42.22497],[145.193626,-42.228299],[145.189937,-42.23362],[145.190696,-42.23986],[145.189172,-42.242602],[145.195004,-42.245026],[145.194745,-42.246991],[145.199185,-42.247656],[145.199433,-42.249901],[145.205885,-42.254409],[145.205734,-42.261664],[145.209092,-42.26314],[145.208124,-42.266471],[145.213732,-42.277716],[145.213972,-42.282347],[145.211688,-42.285447],[145.210215,-42.285197],[145.211103,-42.287284],[145.209198,-42.288781],[145.211157,-42.289406],[145.211096,-42.295238],[145.213816,-42.298355],[145.209378,-42.304054],[145.201083,-42.307596],[145.198285,-42.309451],[145.198543,-42.311193],[145.194013,-42.312123],[145.196391,-42.313642],[145.195545,-42.318601],[145.197302,-42.319835],[145.19633,-42.322172],[145.197436,-42.326108],[145.196134,-42.327822],[145.197156,-42.327203],[145.20019,-42.331724],[145.204235,-42.333253],[145.205039,-42.336135],[145.211175,-42.339199],[145.209889,-42.341317],[145.212222,-42.342337],[145.211939,-42.346056],[145.214638,-42.350689],[145.214897,-42.348888],[145.217498,-42.349495],[145.223186,-42.355282],[145.2208,-42.361975],[145.222285,-42.362668],[145.217842,-42.361225],[145.21795,-42.363863],[145.2153,-42.365881],[145.217865,-42.368004],[145.22298,-42.366238],[145.226428,-42.366874],[145.226595,-42.369539],[145.229096,-42.371882],[145.229098,-42.37579],[145.225057,-42.381514],[145.224324,-42.386378],[145.22819,-42.386623],[145.235526,-42.394701],[145.235335,-42.391498],[145.237562,-42.390073],[145.236208,-42.3911],[145.237458,-42.395319],[145.234343,-42.399199],[145.235873,-42.40441],[145.237838,-42.406725],[145.244965,-42.406144],[145.238444,-42.406672],[145.238433,-42.411224],[145.241012,-42.412949],[145.236722,-42.413535],[145.237812,-42.414742],[145.236951,-42.416705],[145.234633,-42.417466],[145.237776,-42.418126],[145.241339,-42.421629],[145.240125,-42.425473],[145.243626,-42.42578],[145.245581,-42.429963],[145.242958,-42.431374],[145.245145,-42.432867],[145.243302,-42.434616],[145.25232,-42.439187],[145.250185,-42.441458],[145.25387,-42.443428],[145.253739,-42.445338],[145.251701,-42.446117],[145.25405,-42.448046],[145.251917,-42.451975],[145.253092,-42.453472],[145.247456,-42.453167],[145.244955,-42.464603],[145.242903,-42.466443],[145.239487,-42.465827],[145.235852,-42.471229],[145.240053,-42.475384],[145.242094,-42.481956],[145.247427,-42.481875],[145.243967,-42.484222],[145.244489,-42.486685],[145.252041,-42.486149],[145.254845,-42.48837],[145.253333,-42.495143],[145.257311,-42.4963],[145.257324,-42.499824],[145.259445,-42.500355],[145.261203,-42.503975],[145.259025,-42.506296],[145.259972,-42.511105],[145.258177,-42.517516],[145.254688,-42.517916],[145.252831,-42.522075],[145.253824,-42.524056],[145.255677,-42.521726],[145.258049,-42.522299],[145.260963,-42.525825],[145.267474,-42.52858],[145.266759,-42.535209],[145.271133,-42.538411],[145.271061,-42.543817],[145.274176,-42.545844],[145.276275,-42.551935],[145.279772,-42.551203],[145.280699,-42.552897],[145.279154,-42.555189],[145.275028,-42.555275],[145.280061,-42.557946],[145.277211,-42.561689],[145.277748,-42.563194],[145.281916,-42.564651],[145.284906,-42.563564],[145.288139,-42.569444],[145.291738,-42.56737],[145.295021,-42.56748],[145.304418,-42.571198],[145.300609,-42.573137],[145.299227,-42.57723],[145.301907,-42.57996],[145.301431,-42.584155],[145.304266,-42.58603],[145.301621,-42.586632],[145.29935,-42.592428],[145.295368,-42.59521],[145.298633,-42.595705],[145.301719,-42.599038],[145.299052,-42.601133],[145.297313,-42.600283],[145.293764,-42.601646],[145.294919,-42.603349],[145.293972,-42.604565],[145.285862,-42.610041],[145.28424,-42.609613],[145.284976,-42.611967],[145.280836,-42.614914],[145.274995,-42.614166],[145.273189,-42.612415],[145.269328,-42.614412],[145.266448,-42.612024],[145.262987,-42.612737],[145.264149,-42.615897],[145.262617,-42.616838],[145.263523,-42.619044],[145.262102,-42.619017],[145.262953,-42.62161],[145.264641,-42.620853],[145.266063,-42.622949],[145.267528,-42.621892],[145.26816,-42.623788],[145.270691,-42.623973],[145.268566,-42.624891],[145.270596,-42.624762],[145.268923,-42.625887],[145.27025,-42.626277],[145.26889,-42.627207],[145.27137,-42.628102],[145.269968,-42.629302],[145.274134,-42.631164],[145.279345,-42.627257],[145.285388,-42.632359],[145.286386,-42.631679],[145.284992,-42.628481],[145.288103,-42.62903],[145.288246,-42.623909],[145.290034,-42.622501],[145.301827,-42.619454],[145.311816,-42.620645],[145.312217,-42.622334],[145.31918,-42.627008],[145.323426,-42.627613],[145.324171,-42.629921],[145.32995,-42.628661],[145.335786,-42.632558],[145.335922,-42.636967],[145.33137,-42.637143],[145.330733,-42.64328],[145.327776,-42.646082],[145.330972,-42.64615],[145.332716,-42.648129],[145.333642,-42.657759],[145.338308,-42.651012],[145.339854,-42.651526],[145.340866,-42.654996],[145.346267,-42.650933],[145.366215,-42.656499],[145.367521,-42.659788],[145.365435,-42.663601],[145.366675,-42.667535],[145.365278,-42.669992],[145.367243,-42.681386],[145.366017,-42.682581],[145.366947,-42.68591],[145.365329,-42.68744],[145.367309,-42.690614],[145.365821,-42.689148],[145.369176,-42.69347],[145.372318,-42.692969],[145.374023,-42.694573],[145.372594,-42.69829],[145.374718,-42.69901],[145.37715,-42.703913],[145.376072,-42.70885],[145.379404,-42.709379],[145.37792,-42.710068],[145.37788,-42.715356],[145.380359,-42.719674],[145.379498,-42.720834],[145.381354,-42.72087],[145.380107,-42.722885],[145.381537,-42.721249],[145.381834,-42.7228],[145.383385,-42.722635],[145.383273,-42.728212],[145.386791,-42.728112],[145.388744,-42.724599],[145.392747,-42.724372],[145.394182,-42.721275],[145.391756,-42.731955],[145.39269,-42.73471],[145.396704,-42.736392],[145.394208,-42.737493],[145.392007,-42.736163],[145.391106,-42.73749],[145.388794,-42.735571],[145.387543,-42.738453],[145.391337,-42.743015],[145.387507,-42.743489],[145.386811,-42.742341],[145.386426,-42.745942],[145.384487,-42.745126],[145.380595,-42.748154],[145.38115,-42.750874],[145.379287,-42.753606],[145.381721,-42.757289],[145.379814,-42.757659],[145.381094,-42.759479],[145.38202,-42.758748],[145.382724,-42.764393],[145.384453,-42.76602],[145.382643,-42.768691],[145.3855,-42.772159],[145.38854,-42.770032],[145.394836,-42.776191],[145.397016,-42.776364],[145.396839,-42.774946],[145.398681,-42.77701],[145.401038,-42.776709],[145.401103,-42.778115],[145.402035,-42.776698],[145.402286,-42.778226],[145.403678,-42.776454],[145.404648,-42.777524],[145.406756,-42.776168],[145.407907,-42.777101],[145.40699,-42.780831],[145.414587,-42.780786],[145.409845,-42.780611],[145.407048,-42.782445],[145.4072,-42.784559],[145.411558,-42.786351],[145.410425,-42.791426],[145.413145,-42.792894],[145.413374,-42.796341],[145.418973,-42.802094],[145.417489,-42.803513],[145.418318,-42.808367],[145.421101,-42.812583],[145.426327,-42.814902],[145.422186,-42.813711],[145.419732,-42.814796],[145.423845,-42.827548],[145.426,-42.828917],[145.422886,-42.829518],[145.420857,-42.837076],[145.422039,-42.838578],[145.42563,-42.838103],[145.424607,-42.841744],[145.429049,-42.845868],[145.429303,-42.849929],[145.436873,-42.854462],[145.434416,-42.857779],[145.438985,-42.865286],[145.437375,-42.867198],[145.443741,-42.869081],[145.439042,-42.868704],[145.435789,-42.871291],[145.436033,-42.873435],[145.437765,-42.875582],[145.441631,-42.876114],[145.443856,-42.883204],[145.449069,-42.887028],[145.450685,-42.889677],[145.449817,-42.890691],[145.45423,-42.89238],[145.45415,-42.895802],[145.451974,-42.897804],[145.453763,-42.898385],[145.454039,-42.900454],[145.457281,-42.901074],[145.458748,-42.905361],[145.464801,-42.904849],[145.468218,-42.906377],[145.470866,-42.905297],[145.473033,-42.906998],[145.476054,-42.914203],[145.482744,-42.91591],[145.487626,-42.913375],[145.483548,-42.915595],[145.484245,-42.917266],[145.48196,-42.919274],[145.484631,-42.926228],[145.481567,-42.931066],[145.484116,-42.930457],[145.484378,-42.931614],[145.490467,-42.929221],[145.488978,-42.932042],[145.494793,-42.940421],[145.4933,-42.940431],[145.493098,-42.943672],[145.494493,-42.943578],[145.492957,-42.946908],[145.494866,-42.946614],[145.495265,-42.949809],[145.49872,-42.950563],[145.500854,-42.948327],[145.504403,-42.948699],[145.495732,-42.951247],[145.49589,-42.954911],[145.492202,-42.95595],[145.493782,-42.95911],[145.496584,-42.957979],[145.495817,-42.963061],[145.498669,-42.963166],[145.496879,-42.963852],[145.497302,-42.965689],[145.494652,-42.969146],[145.496585,-42.970522],[145.496024,-42.97261],[145.493601,-42.973949],[145.503504,-42.976433],[145.499938,-42.980087],[145.501238,-42.980631],[145.4988,-42.98448],[145.500402,-42.98585],[145.496036,-42.987903],[145.497091,-42.988788],[145.495082,-42.98945],[145.494884,-42.99151],[145.512711,-42.981416],[145.532354,-42.983355],[145.533705,-42.981506],[145.538332,-42.980789],[145.540393,-42.977612],[145.544312,-42.978459],[145.550093,-42.975426],[145.554564,-42.977146],[145.554042,-42.973388],[145.557204,-42.974312],[145.56137,-42.971087],[145.564351,-42.972443],[145.577082,-42.971052],[145.580461,-42.973968],[145.590883,-42.975051],[145.590642,-42.972506],[145.592589,-42.979952],[145.601445,-42.986801],[145.599307,-42.987523],[145.599926,-42.990484],[145.606031,-42.989559],[145.607527,-42.990667],[145.605012,-42.996651],[145.60294,-42.997157],[145.606078,-42.999429],[145.60433,-42.99966],[145.604948,-43.001171],[145.607416,-43.001597],[145.608925,-42.999373],[145.608508,-43.001611],[145.611727,-43.002487],[145.609257,-43.002674],[145.612081,-43.004194],[145.61011,-43.004558],[145.611122,-43.006524],[145.609933,-43.009166],[145.616841,-43.012527],[145.616998,-43.01424],[145.62437,-43.016654],[145.624494,-43.018222],[145.626571,-43.017553],[145.630484,-43.019266],[145.641045,-43.026821],[145.643962,-43.024758],[145.642188,-43.027294],[145.639088,-43.02651],[145.639182,-43.031113],[145.63778,-43.032374],[145.64008,-43.03269],[145.642895,-43.037532],[145.640991,-43.04149],[145.646565,-43.042006],[145.645872,-43.045618],[145.647638,-43.048493],[145.651937,-43.049535],[145.657035,-43.044408],[145.660031,-43.043803],[145.674437,-43.052706],[145.682233,-43.050455],[145.680906,-43.051088],[145.684488,-43.053525],[145.686902,-43.058397],[145.684535,-43.068536],[145.688625,-43.069114],[145.691203,-43.067487],[145.685841,-43.071244],[145.683644,-43.070021],[145.683186,-43.067323],[145.680853,-43.06672],[145.674853,-43.07045],[145.674918,-43.075414],[145.676326,-43.076745],[145.672517,-43.077943],[145.669757,-43.081171],[145.676839,-43.091158],[145.673961,-43.094646],[145.665194,-43.093247],[145.664045,-43.094116],[145.664957,-43.096234],[145.666222,-43.095663],[145.666106,-43.09704],[145.667759,-43.095672],[145.66812,-43.098252],[145.671552,-43.09975],[145.671504,-43.101992],[145.673666,-43.102585],[145.673381,-43.106714],[145.676967,-43.10111],[145.678839,-43.103185],[145.678801,-43.10096],[145.680507,-43.101061],[145.681679,-43.103172],[145.683361,-43.100374],[145.684535,-43.104088],[145.688063,-43.106893],[145.68679,-43.108364],[145.690481,-43.11281],[145.691525,-43.112263],[145.690732,-43.113695],[145.693494,-43.115591],[145.694269,-43.118481],[145.696434,-43.116687],[145.696583,-43.118309],[145.696665,-43.116779],[145.698842,-43.119056],[145.700531,-43.11477],[145.701075,-43.120414],[145.703468,-43.118251],[145.705053,-43.11881],[145.705184,-43.115525],[145.708478,-43.11847],[145.711662,-43.112032],[145.713625,-43.112189],[145.716163,-43.106004],[145.715429,-43.11175],[145.720797,-43.109559],[145.727335,-43.111874],[145.731116,-43.113914],[145.732786,-43.11984],[145.736231,-43.116718],[145.733631,-43.119994],[145.730732,-43.11934],[145.728691,-43.121677],[145.724974,-43.122464],[145.724139,-43.124778],[145.726506,-43.125083],[145.725206,-43.129076],[145.726,-43.132245],[145.721457,-43.134338],[145.721648,-43.136339],[145.724141,-43.135925],[145.724455,-43.137991],[145.726444,-43.136915],[145.727198,-43.139723],[145.733552,-43.137462],[145.734362,-43.141118],[145.737577,-43.140874],[145.737311,-43.143032],[145.741039,-43.143515],[145.741223,-43.148343],[145.743827,-43.148534],[145.743645,-43.151963],[145.746028,-43.152709],[145.744575,-43.15462],[145.746154,-43.156169],[145.745217,-43.156905],[145.747494,-43.156246],[145.746865,-43.158085],[145.749752,-43.157685],[145.753084,-43.162593],[145.757946,-43.164879],[145.759258,-43.169368],[145.755509,-43.169814],[145.754769,-43.172291],[145.757992,-43.174766],[145.760047,-43.18021],[145.760874,-43.184353],[145.758441,-43.184155],[145.758767,-43.187508],[145.757411,-43.187629],[145.761568,-43.193239],[145.763201,-43.194031],[145.763817,-43.192182],[145.765702,-43.193905],[145.76581,-43.192807],[145.767583,-43.193385],[145.768736,-43.185608],[145.772092,-43.188886],[145.77416,-43.18826],[145.775707,-43.189654],[145.778021,-43.187176],[145.782955,-43.186598],[145.787734,-43.188251],[145.788097,-43.189795],[145.790491,-43.189442],[145.79527,-43.192392],[145.792573,-43.194966],[145.791369,-43.194215],[145.792674,-43.196075],[145.788729,-43.197757],[145.789873,-43.200818],[145.79644,-43.2005],[145.792919,-43.202363],[145.796993,-43.201118],[145.797144,-43.202236],[145.793679,-43.203775],[145.799052,-43.204084],[145.797665,-43.205771],[145.802766,-43.206797],[145.803472,-43.210343],[145.80438,-43.207993],[145.806563,-43.207773],[145.807897,-43.209443],[145.804719,-43.208888],[145.803561,-43.215161],[145.801427,-43.217903],[145.79669,-43.219042],[145.802282,-43.227043],[145.80456,-43.2264],[145.808792,-43.229164],[145.81112,-43.234807],[145.808365,-43.236516],[145.804124,-43.23549],[145.808045,-43.242203],[145.802495,-43.243163],[145.808499,-43.246701],[145.806486,-43.248859],[145.81396,-43.248387],[145.820567,-43.250085],[145.816322,-43.251734],[145.818379,-43.254286],[145.818726,-43.258173],[145.814822,-43.266042],[145.81801,-43.271772],[145.815672,-43.278503],[145.820928,-43.282426],[145.822771,-43.280468],[145.828776,-43.281536],[145.829796,-43.282996],[145.82784,-43.284151],[145.828627,-43.286794],[145.83168,-43.288552],[145.83353,-43.287247],[145.83439,-43.289464],[145.835233,-43.288395],[145.839218,-43.294683],[145.84023,-43.292685],[145.841464,-43.29422],[145.846199,-43.291308],[145.847726,-43.291725],[145.84778,-43.293573],[145.85051,-43.292592],[145.850059,-43.296889],[145.851942,-43.297302],[145.85337,-43.300145],[145.84938,-43.305716],[145.843555,-43.304254],[145.842365,-43.306613],[145.845619,-43.310433],[145.839399,-43.309739],[145.841525,-43.31048],[145.838615,-43.310898],[145.838772,-43.312975],[145.840144,-43.313245],[145.839113,-43.314253],[145.841144,-43.313535],[145.841235,-43.315253],[145.842777,-43.31522],[145.843559,-43.313131],[145.847205,-43.314051],[145.846265,-43.31082],[145.850551,-43.306765],[145.854677,-43.309274],[145.854859,-43.311981],[145.860017,-43.31812],[145.863037,-43.317535],[145.863511,-43.319104],[145.870543,-43.322601],[145.872514,-43.321038],[145.871467,-43.320003],[145.873261,-43.319828],[145.872342,-43.317655],[145.875602,-43.314767],[145.874271,-43.313452],[145.878686,-43.310787],[145.888533,-43.31153],[145.889615,-43.312914],[145.890448,-43.311748],[145.893344,-43.314618],[145.894276,-43.313448],[145.895185,-43.314522],[145.89416,-43.312682],[145.896107,-43.313226],[145.894667,-43.31163],[145.896003,-43.311059],[145.894276,-43.304625],[145.899182,-43.300287],[145.901222,-43.3012],[145.902493,-43.299567],[145.908694,-43.298622],[145.917197,-43.302535],[145.918245,-43.301435],[145.922792,-43.303121],[145.921173,-43.301751],[145.922884,-43.301919],[145.922018,-43.299832],[145.924963,-43.301949],[145.923942,-43.30071],[145.926638,-43.300474],[145.92048,-43.295238],[145.92013,-43.291966],[145.920108,-43.285676],[145.922278,-43.283959],[145.920685,-43.280406],[145.923795,-43.277973],[145.92256,-43.27646],[145.926487,-43.272446],[145.923953,-43.26742],[145.901088,-43.265447],[145.903688,-43.267341],[145.904527,-43.271842],[145.899119,-43.275618],[145.897577,-43.281721],[145.891777,-43.284303],[145.888967,-43.282814],[145.887097,-43.286387],[145.880701,-43.289671],[145.87183,-43.28604],[145.869332,-43.281231],[145.864877,-43.277743],[145.86456,-43.271919],[145.862494,-43.273014],[145.869546,-43.271332],[145.875675,-43.273172],[145.876676,-43.27106],[145.875178,-43.26906],[145.876928,-43.267201],[145.873014,-43.26812],[145.869676,-43.265401],[145.871232,-43.261463],[145.870135,-43.259991],[145.871802,-43.25866],[145.875929,-43.26034],[145.880728,-43.259289],[145.883849,-43.261617],[145.885094,-43.260901],[145.884412,-43.258797],[145.885927,-43.258265],[145.884634,-43.258985],[145.888186,-43.262597],[145.897151,-43.264126],[145.907495,-43.248338],[145.91138,-43.24742],[145.914999,-43.249643],[145.917446,-43.24782],[145.926735,-43.247727],[145.926623,-43.245709],[145.928468,-43.245177],[145.92677,-43.242235],[145.928482,-43.238028],[145.92259,-43.227869],[145.924846,-43.224928],[145.92083,-43.222909],[145.919618,-43.215569],[145.913927,-43.21782],[145.916445,-43.215386],[145.91365,-43.208471],[145.916806,-43.204737],[145.92068,-43.204891],[145.913817,-43.201143],[145.910041,-43.194074],[145.911409,-43.189783],[145.912537,-43.189334],[145.913085,-43.193113],[145.913382,-43.190306],[145.915805,-43.188267],[145.908653,-43.187001],[145.911254,-43.184667],[145.909019,-43.187167],[145.915997,-43.187827],[145.913906,-43.191932],[145.918866,-43.188449],[145.924976,-43.190199],[145.927107,-43.1894],[145.925725,-43.183318],[145.92838,-43.177915],[145.921684,-43.174518],[145.919472,-43.171544],[145.920477,-43.161369],[145.926243,-43.156651],[145.933463,-43.155944],[145.935195,-43.151863],[145.940459,-43.150426]]]]}},{"type":"Feature","properties":{"code":"AU-LGA-65810","name":"West Tamar","label":"West Tamar","type":"Local government area","parentCode":"AU-TAS"},"geometry":{"type":"MultiPolygon","coordinates":[[[[146.863303,-41.143978],[146.860983,-41.147615],[146.864691,-41.146659],[146.863303,-41.143978]]],[[[146.822905,-41.139514],[146.822988,-41.139244],[146.822662,-41.139284],[146.822905,-41.139514]]],[[[146.792909,-41.109323],[146.793214,-41.108887],[146.792932,-41.108646],[146.792909,-41.109323]]],[[[146.966161,-41.241508],[146.968087,-41.241098],[146.966862,-41.241067],[146.966161,-41.241508]]],[[[146.912606,-41.20803],[146.91282,-41.208916],[146.913422,-41.20801],[146.912606,-41.20803]]],[[[146.907229,-41.206667],[146.907994,-41.206776],[146.90826,-41.20622],[146.907229,-41.206667]]],[[[147.078958,-41.375165],[147.082247,-41.379985],[147.082232,-41.38443],[147.084913,-41.384704],[147.087722,-41.381003],[147.087237,-41.377364],[147.079316,-41.372812],[147.078958,-41.375165]]],[[[147.075734,-41.384765],[147.07713,-41.386606],[147.076978,-41.384769],[147.075734,-41.384765]]],[[[147.074393,-41.381911],[147.07499,-41.383116],[147.074924,-41.379979],[147.074393,-41.381911]]],[[[147.087966,-41.383053],[147.088881,-41.381859],[147.088735,-41.380339],[147.087966,-41.383053]]],[[[146.769772,-41.153405],[146.771169,-41.152642],[146.769894,-41.152824],[146.769772,-41.153405]]],[[[146.771972,-41.152832],[146.771352,-41.152902],[146.771265,-41.153432],[146.771972,-41.152832]]],[[[146.703591,-41.332677],[146.697512,-41.355237],[146.771578,-41.375685],[146.783625,-41.377185],[146.783384,-41.37819],[146.798576,-41.380369],[146.799319,-41.377024],[146.80106,-41.377216],[146.802512,-41.374719],[146.809537,-41.37539],[146.809656,-41.378194],[146.819557,-41.379429],[146.818961,-41.382419],[146.825244,-41.385196],[146.825451,-41.383559],[146.872833,-41.391203],[146.899995,-41.386519],[146.910262,-41.37782],[146.918044,-41.384872],[146.928201,-41.389402],[146.928815,-41.390205],[146.92636,-41.390988],[146.931339,-41.399361],[146.929385,-41.400231],[146.937805,-41.405152],[146.934309,-41.408483],[146.949677,-41.418089],[146.966048,-41.424874],[146.972007,-41.429029],[146.996143,-41.431797],[146.994005,-41.443423],[147.007991,-41.445206],[147.030465,-41.425685],[147.029681,-41.427623],[147.03222,-41.430937],[147.031254,-41.433217],[147.033005,-41.435482],[147.031846,-41.437324],[147.065529,-41.458875],[147.067917,-41.455322],[147.07293,-41.456714],[147.069047,-41.454148],[147.075473,-41.451192],[147.075062,-41.44861],[147.078931,-41.445237],[147.08617,-41.447582],[147.089077,-41.452186],[147.099577,-41.456909],[147.099288,-41.461685],[147.104205,-41.465492],[147.11106,-41.459908],[147.106914,-41.457975],[147.109122,-41.456037],[147.112326,-41.458794],[147.11538,-41.456278],[147.11388,-41.453201],[147.11468,-41.44966],[147.101377,-41.444892],[147.101796,-41.442586],[147.112883,-41.443674],[147.113049,-41.442511],[147.107277,-41.439472],[147.115379,-41.435591],[147.114405,-41.431862],[147.116909,-41.430834],[147.11475,-41.429061],[147.118955,-41.425935],[147.115662,-41.42216],[147.11605,-41.41944],[147.112244,-41.421753],[147.122947,-41.413938],[147.123849,-41.411298],[147.118542,-41.406926],[147.118177,-41.412594],[147.118806,-41.408903],[147.117196,-41.409395],[147.115755,-41.413706],[147.117285,-41.406193],[147.11198,-41.401042],[147.106972,-41.399439],[147.10604,-41.400592],[147.095433,-41.399324],[147.089523,-41.397407],[147.086777,-41.394768],[147.082491,-41.39595],[147.085426,-41.394857],[147.085223,-41.393468],[147.079501,-41.391268],[147.076091,-41.38751],[147.073932,-41.383955],[147.075269,-41.368226],[147.068969,-41.354353],[147.072417,-41.347775],[147.077647,-41.34515],[147.077207,-41.341359],[147.068836,-41.336596],[147.058441,-41.335676],[147.054856,-41.340843],[147.04708,-41.343459],[147.045465,-41.345909],[147.036253,-41.347013],[147.033379,-41.351264],[147.033777,-41.355787],[147.032706,-41.35401],[147.034258,-41.352449],[147.029772,-41.345455],[147.011653,-41.332138],[147.008201,-41.328564],[147.00974,-41.326529],[147.004928,-41.321212],[146.999836,-41.322677],[146.996622,-41.321053],[146.987037,-41.321184],[146.973373,-41.312625],[146.97032,-41.306896],[146.969043,-41.306872],[146.971361,-41.30406],[146.970112,-41.297655],[146.962057,-41.294378],[146.969999,-41.296252],[146.969396,-41.294528],[146.973636,-41.294094],[146.977257,-41.288186],[146.978912,-41.280663],[146.977274,-41.276371],[146.978299,-41.273226],[146.969714,-41.268845],[146.967589,-41.263299],[146.969225,-41.259162],[146.97401,-41.254876],[146.974735,-41.251676],[146.970732,-41.255663],[146.970771,-41.254351],[146.966291,-41.251695],[146.956724,-41.257864],[146.954931,-41.26067],[146.945784,-41.260188],[146.945157,-41.25419],[146.934244,-41.243006],[146.935604,-41.235801],[146.933822,-41.231362],[146.927818,-41.228739],[146.923889,-41.22469],[146.915789,-41.222161],[146.914457,-41.218451],[146.909993,-41.21705],[146.899974,-41.208252],[146.897566,-41.199489],[146.899092,-41.198862],[146.901182,-41.20087],[146.902042,-41.20442],[146.907245,-41.206202],[146.9069,-41.200144],[146.910092,-41.201004],[146.915611,-41.197774],[146.915367,-41.19434],[146.91726,-41.191651],[146.916031,-41.189889],[146.908614,-41.188794],[146.910786,-41.185845],[146.915152,-41.187477],[146.916999,-41.182367],[146.920712,-41.182313],[146.923307,-41.17915],[146.927068,-41.17979],[146.929107,-41.178449],[146.927636,-41.174226],[146.924583,-41.172836],[146.923379,-41.169968],[146.911623,-41.166141],[146.908585,-41.161809],[146.904045,-41.158852],[146.899294,-41.159006],[146.891321,-41.154252],[146.877819,-41.149976],[146.873063,-41.15388],[146.868768,-41.160913],[146.869205,-41.166521],[146.867946,-41.166874],[146.868743,-41.165274],[146.867164,-41.164136],[146.865211,-41.164375],[146.864393,-41.166777],[146.860609,-41.16888],[146.860122,-41.172124],[146.85749,-41.171155],[146.854828,-41.172286],[146.851739,-41.170575],[146.851462,-41.168843],[146.843714,-41.167399],[146.836161,-41.162521],[146.834078,-41.163118],[146.835684,-41.166015],[146.840777,-41.168894],[146.843996,-41.174266],[146.84393,-41.180062],[146.852231,-41.185608],[146.857584,-41.193017],[146.852679,-41.188315],[146.844994,-41.18633],[146.838619,-41.191717],[146.841094,-41.191798],[146.836985,-41.192355],[146.839014,-41.20002],[146.837924,-41.197168],[146.836027,-41.196017],[146.835081,-41.196983],[146.834098,-41.195371],[146.83389,-41.192643],[146.83589,-41.19008],[146.832736,-41.186436],[146.829896,-41.186602],[146.83502,-41.186131],[146.834638,-41.183463],[146.838088,-41.178644],[146.837932,-41.176507],[146.835264,-41.173527],[146.834303,-41.174586],[146.832359,-41.172307],[146.827035,-41.171808],[146.825577,-41.170428],[146.826255,-41.168444],[146.823487,-41.17063],[146.82112,-41.170134],[146.824719,-41.163517],[146.823327,-41.159761],[146.824816,-41.1585],[146.822435,-41.156416],[146.823652,-41.15194],[146.82505,-41.152256],[146.824089,-41.149336],[146.820327,-41.149105],[146.818039,-41.145494],[146.815496,-41.144523],[146.812436,-41.145618],[146.808129,-41.144418],[146.806967,-41.140562],[146.80524,-41.14154],[146.805994,-41.14553],[146.798452,-41.148591],[146.796995,-41.147142],[146.798468,-41.146846],[146.790155,-41.146082],[146.785733,-41.150593],[146.787669,-41.154273],[146.784622,-41.151781],[146.780819,-41.153642],[146.778079,-41.157361],[146.773972,-41.158849],[146.774843,-41.160123],[146.773423,-41.161481],[146.775031,-41.163374],[146.773246,-41.162897],[146.773413,-41.16482],[146.770889,-41.165391],[146.770667,-41.159577],[146.767713,-41.160058],[146.771342,-41.157077],[146.768719,-41.155985],[146.768698,-41.153242],[146.770077,-41.152614],[146.765311,-41.152673],[146.766811,-41.150555],[146.763249,-41.14965],[146.772941,-41.149407],[146.77828,-41.151465],[146.780923,-41.148352],[146.780309,-41.146874],[146.782001,-41.147284],[146.781465,-41.14519],[146.78308,-41.145654],[146.785787,-41.143262],[146.785739,-41.141238],[146.789456,-41.139267],[146.798045,-41.13998],[146.80065,-41.137062],[146.800858,-41.134279],[146.805437,-41.136335],[146.810347,-41.135721],[146.81091,-41.138464],[146.814061,-41.139782],[146.81824,-41.136897],[146.820051,-41.137729],[146.816699,-41.134607],[146.811774,-41.133358],[146.81031,-41.130733],[146.809846,-41.12845],[146.812137,-41.125573],[146.810081,-41.121878],[146.811028,-41.118008],[146.808447,-41.116019],[146.80994,-41.115093],[146.808666,-41.115551],[146.806553,-41.112822],[146.813152,-41.114099],[146.81272,-41.116293],[146.814611,-41.115388],[146.813511,-41.112525],[146.813956,-41.114464],[146.80419,-41.110768],[146.803168,-41.111419],[146.80612,-41.115493],[146.80081,-41.114795],[146.796918,-41.116781],[146.796156,-41.111162],[146.79364,-41.113426],[146.788149,-41.112032],[146.792003,-41.111737],[146.792243,-41.108329],[146.797201,-41.108748],[146.798661,-41.106827],[146.792576,-41.101709],[146.790849,-41.095428],[146.788222,-41.092348],[146.782347,-41.089303],[146.775244,-41.082368],[146.768386,-41.078828],[146.761515,-41.078393],[146.751704,-41.084412],[146.743597,-41.084484],[146.743109,-41.079903],[146.740618,-41.077885],[146.730557,-41.077374],[146.727758,-41.072698],[146.719437,-41.07074],[146.718651,-41.066526],[146.712168,-41.063295],[146.706328,-41.064993],[146.713641,-41.074812],[146.701102,-41.086397],[146.678017,-41.101029],[146.676847,-41.101011],[146.679055,-41.100478],[146.674069,-41.101381],[146.661417,-41.096108],[146.658425,-41.110282],[146.664647,-41.111007],[146.695692,-41.132932],[146.699262,-41.157768],[146.695632,-41.170257],[146.762065,-41.287164],[146.7618,-41.288731],[146.751642,-41.287502],[146.749482,-41.297507],[146.733478,-41.29602],[146.733236,-41.297272],[146.728321,-41.296735],[146.727467,-41.300603],[146.71982,-41.299668],[146.718445,-41.30593],[146.714322,-41.305432],[146.714929,-41.30224],[146.708899,-41.30277],[146.705183,-41.297769],[146.700699,-41.316434],[146.701227,-41.318742],[146.70656,-41.319894],[146.703591,-41.332677]]]]}}]}
