{"type":"FeatureCollection","name":"admin2_aus_au-vic","adm0A3":"AUS","parentCode":"AU-VIC","parentName":"Victoria","bbox":[140.961866,-39.158988,149.976198,-33.980636],"features":[{"type":"Feature","properties":{"code":"AU-LGA-20110","name":"Alpine","label":"Alpine","type":"Local government area","parentCode":"AU-VIC"},"geometry":{"type":"Polygon","coordinates":[[[146.651533,-37.120034],[146.655004,-37.122255],[146.664861,-37.123993],[146.668918,-37.130146],[146.672089,-37.130475],[146.68139,-37.136965],[146.681257,-37.142851],[146.684555,-37.145083],[146.689278,-37.145496],[146.694273,-37.15031],[146.717573,-37.15876],[146.733512,-37.155453],[146.744154,-37.15632],[146.745467,-37.149649],[146.746587,-37.150318],[146.751475,-37.147425],[146.755416,-37.149983],[146.758076,-37.1471],[146.763448,-37.146008],[146.763334,-37.147881],[146.770981,-37.150636],[146.772735,-37.155051],[146.775926,-37.157866],[146.777374,-37.164034],[146.780536,-37.16493],[146.782419,-37.167712],[146.78169,-37.170141],[146.787876,-37.177622],[146.800536,-37.181435],[146.804396,-37.184501],[146.803588,-37.185762],[146.813993,-37.186214],[146.815305,-37.188653],[146.823639,-37.191919],[146.825869,-37.196235],[146.824506,-37.200091],[146.825644,-37.200038],[146.826328,-37.203749],[146.82977,-37.203005],[147.336991,-37.275525],[147.384789,-37.211579],[147.382367,-37.208378],[147.384466,-37.204705],[147.383518,-37.202245],[147.374042,-37.198821],[147.369209,-37.198666],[147.367873,-37.195192],[147.361618,-37.189617],[147.358666,-37.180573],[147.346475,-37.17056],[147.34721,-37.167673],[147.34442,-37.160628],[147.3382,-37.157696],[147.336072,-37.153965],[147.331492,-37.153018],[147.332184,-37.149662],[147.329735,-37.147615],[147.328559,-37.143653],[147.325067,-37.141452],[147.328438,-37.132912],[147.327662,-37.128126],[147.323579,-37.125243],[147.325485,-37.121719],[147.316403,-37.113851],[147.359219,-37.114329],[147.363517,-37.109854],[147.362129,-37.10752],[147.365051,-37.101531],[147.367355,-37.101123],[147.370066,-37.103224],[147.373379,-37.100092],[147.375207,-37.100811],[147.380521,-37.0987],[147.379325,-37.091216],[147.381715,-37.088088],[147.382781,-37.082587],[147.380837,-37.081541],[147.380345,-37.058697],[147.390464,-37.052442],[147.38946,-37.04849],[147.385477,-37.049365],[147.386075,-37.047522],[147.392254,-37.045711],[147.390112,-37.045152],[147.389578,-37.0421],[147.387886,-37.041507],[147.390936,-37.039336],[147.388074,-37.035352],[147.389192,-37.031597],[147.386732,-37.029973],[147.371422,-37.02994],[147.363322,-37.034356],[147.355232,-37.032743],[147.351777,-37.036389],[147.34999,-37.036403],[147.349039,-37.032564],[147.342254,-37.031955],[147.342233,-37.029664],[147.339014,-37.028667],[147.336646,-37.029675],[147.32702,-37.024461],[147.321552,-37.023458],[147.318304,-37.020742],[147.313578,-37.019929],[147.307204,-37.013261],[147.298286,-37.010605],[147.293798,-37.006978],[147.284909,-37.005314],[147.28056,-37.008458],[147.273273,-37.009029],[147.269232,-37.00872],[147.26798,-37.005951],[147.263301,-37.006692],[147.281145,-36.926421],[147.288296,-36.923251],[147.292779,-36.917009],[147.289372,-36.910063],[147.289256,-36.905149],[147.294865,-36.900986],[147.297209,-36.894958],[147.300479,-36.893395],[147.30007,-36.88992],[147.307008,-36.890803],[147.307053,-36.88285],[147.316633,-36.884802],[147.320827,-36.882556],[147.322018,-36.879906],[147.317514,-36.876182],[147.317355,-36.874048],[147.323031,-36.871173],[147.32431,-36.867506],[147.328997,-36.865198],[147.337644,-36.865946],[147.341714,-36.861805],[147.339813,-36.856573],[147.342151,-36.850908],[147.335844,-36.844441],[147.335366,-36.841923],[147.338368,-36.837948],[147.33329,-36.829929],[147.321098,-36.828829],[147.318083,-36.831452],[147.314627,-36.831536],[147.310441,-36.830481],[147.307547,-36.827475],[147.302687,-36.831914],[147.294158,-36.827996],[147.282937,-36.826949],[147.292057,-36.822562],[147.293459,-36.811031],[147.275043,-36.793261],[147.272932,-36.788054],[147.268858,-36.783781],[147.267952,-36.77975],[147.269262,-36.776813],[147.277025,-36.773098],[147.279853,-36.767619],[147.285776,-36.768433],[147.290254,-36.765728],[147.292342,-36.756538],[147.287976,-36.752964],[147.288902,-36.740276],[147.290461,-36.737769],[147.2966,-36.733909],[147.312372,-36.731675],[147.314804,-36.723911],[147.310894,-36.712207],[147.314676,-36.707693],[147.314189,-36.700702],[147.308393,-36.689789],[147.296139,-36.685593],[147.290511,-36.681997],[147.286042,-36.684174],[147.277461,-36.682968],[147.268325,-36.676607],[147.260838,-36.677006],[147.254955,-36.670858],[147.248097,-36.674966],[147.242322,-36.673355],[147.23369,-36.674102],[147.227712,-36.670897],[147.215722,-36.670986],[147.206956,-36.664714],[147.19991,-36.650052],[147.188805,-36.644616],[147.184975,-36.640968],[147.180451,-36.641158],[147.173278,-36.638765],[147.173473,-36.63391],[147.167485,-36.629956],[147.167416,-36.625216],[147.17492,-36.616193],[147.17394,-36.612712],[147.175294,-36.60705],[147.17204,-36.602444],[147.168158,-36.586811],[147.170269,-36.582897],[147.165063,-36.578624],[147.164988,-36.571711],[147.161227,-36.566822],[147.155257,-36.564504],[147.148505,-36.564139],[147.148044,-36.55988],[147.14243,-36.555542],[147.125944,-36.551384],[147.127055,-36.538746],[147.129155,-36.533091],[147.121152,-36.524827],[147.123669,-36.520445],[147.11812,-36.519827],[147.114292,-36.511878],[147.111888,-36.503664],[147.118105,-36.499829],[147.114225,-36.499504],[147.11281,-36.49551],[147.110202,-36.495427],[147.108932,-36.489185],[147.106889,-36.487697],[147.108091,-36.485076],[147.113073,-36.48255],[147.109292,-36.481579],[147.108403,-36.479919],[147.109774,-36.472658],[147.113886,-36.470191],[147.115555,-36.471435],[147.117964,-36.469256],[147.118454,-36.465332],[147.125624,-36.467673],[147.12177,-36.464613],[147.120784,-36.459058],[147.123667,-36.45443],[147.123318,-36.448259],[147.125428,-36.447884],[147.12081,-36.424977],[147.090595,-36.420918],[147.083623,-36.4229],[147.081515,-36.417822],[147.046155,-36.427328],[147.046756,-36.424852],[147.045463,-36.423751],[147.048185,-36.423225],[147.047897,-36.421736],[147.045886,-36.42161],[147.048007,-36.420241],[147.048053,-36.418767],[147.046509,-36.419097],[147.047539,-36.417171],[147.043968,-36.417115],[147.045324,-36.415574],[147.043188,-36.41498],[147.037414,-36.416481],[147.039393,-36.412444],[147.037375,-36.410004],[147.039688,-36.408321],[147.035857,-36.404472],[147.037685,-36.404521],[147.036697,-36.402458],[147.040087,-36.401648],[147.037711,-36.400313],[147.039541,-36.399544],[147.038983,-36.397694],[147.04302,-36.394556],[147.043638,-36.396931],[147.045723,-36.394849],[147.017572,-36.392682],[146.934769,-36.408297],[146.933009,-36.417558],[146.922372,-36.416246],[146.920827,-36.424543],[146.914638,-36.423651],[146.913319,-36.429299],[146.914604,-36.430114],[146.902134,-36.430632],[146.897263,-36.4352],[146.891991,-36.435032],[146.881476,-36.4543],[146.864878,-36.452165],[146.869,-36.444691],[146.852655,-36.442579],[146.850926,-36.451341],[146.803534,-36.446626],[146.803316,-36.451374],[146.725787,-36.45921],[146.721376,-36.465654],[146.722466,-36.468738],[146.719625,-36.4724],[146.719717,-36.476638],[146.713988,-36.479061],[146.711861,-36.481597],[146.700897,-36.481688],[146.695237,-36.479885],[146.688851,-36.483811],[146.681328,-36.483456],[146.682588,-36.484988],[146.671394,-36.491534],[146.657653,-36.488365],[146.656704,-36.490814],[146.653437,-36.489227],[146.648352,-36.490904],[146.64667,-36.49997],[146.643435,-36.499565],[146.642641,-36.504123],[146.648799,-36.504836],[146.647522,-36.511577],[146.639422,-36.515777],[146.634343,-36.522523],[146.643911,-36.528355],[146.645247,-36.525786],[146.648347,-36.524759],[146.654536,-36.52716],[146.656384,-36.524551],[146.656003,-36.52025],[146.661584,-36.523744],[146.663205,-36.528175],[146.670207,-36.535653],[146.66745,-36.535958],[146.665827,-36.540035],[146.66117,-36.539017],[146.661519,-36.544937],[146.659103,-36.548031],[146.658216,-36.552871],[146.66681,-36.558075],[146.670896,-36.55844],[146.669335,-36.561499],[146.670507,-36.56897],[146.66284,-36.572596],[146.660445,-36.577422],[146.647843,-36.590298],[146.647202,-36.596666],[146.649386,-36.600961],[146.644853,-36.609589],[146.644781,-36.614211],[146.639146,-36.617828],[146.636642,-36.622499],[146.626269,-36.626884],[146.622001,-36.631308],[146.622957,-36.639339],[146.618554,-36.642435],[146.619551,-36.644496],[146.616853,-36.646975],[146.615526,-36.653062],[146.619388,-36.657841],[146.618702,-36.664058],[146.621798,-36.66802],[146.622606,-36.671884],[146.626071,-36.673271],[146.627426,-36.676251],[146.63107,-36.678743],[146.630873,-36.68276],[146.624526,-36.685007],[146.625873,-36.687047],[146.621652,-36.690491],[146.618389,-36.698422],[146.608501,-36.703856],[146.607705,-36.708124],[146.604521,-36.708054],[146.605377,-36.710788],[146.60207,-36.711821],[146.600202,-36.710821],[146.599831,-36.71324],[146.566469,-36.74111],[146.631501,-36.805276],[146.64257,-36.812798],[146.640511,-36.815938],[146.641239,-36.82916],[146.639146,-36.83181],[146.63757,-36.839109],[146.637821,-36.846729],[146.62717,-36.853105],[146.625718,-36.856564],[146.635001,-36.868286],[146.643914,-36.86976],[146.644363,-36.87788],[146.641926,-36.881881],[146.643111,-36.88811],[146.645529,-36.891348],[146.641891,-36.899684],[146.640112,-36.910315],[146.644746,-36.914897],[146.645093,-36.920926],[146.650399,-36.926043],[146.645751,-36.930586],[146.6436,-36.935147],[146.648462,-36.939505],[146.650112,-36.944416],[146.653671,-36.947785],[146.655113,-36.955373],[146.652617,-36.958501],[146.655326,-36.962145],[146.654592,-36.970134],[146.658163,-36.970759],[146.662943,-36.977894],[146.667869,-36.981673],[146.672332,-36.982761],[146.673984,-37.113271],[146.668817,-37.114827],[146.661048,-37.113965],[146.656313,-37.117006],[146.652466,-37.116366],[146.651533,-37.120034]],[[147.288667,-36.874458],[147.283795,-36.878699],[147.271702,-36.877347],[147.262375,-36.883205],[147.244972,-36.883382],[147.234968,-36.87155],[147.236443,-36.870948],[147.235034,-36.869457],[147.238089,-36.868348],[147.240239,-36.871472],[147.241206,-36.871015],[147.23945,-36.868114],[147.24776,-36.866121],[147.24637,-36.864229],[147.241864,-36.864059],[147.240984,-36.859122],[147.248386,-36.848944],[147.245538,-36.846331],[147.245216,-36.843544],[147.257238,-36.84189],[147.258382,-36.836408],[147.267679,-36.840968],[147.27127,-36.846097],[147.273845,-36.846362],[147.277655,-36.858999],[147.280321,-36.860768],[147.287391,-36.861511],[147.28979,-36.864175],[147.289782,-36.869783],[147.292509,-36.871376],[147.288667,-36.874458]],[[147.063543,-36.996638],[147.080825,-37.001769],[147.097098,-37.00206],[147.121006,-36.972196],[147.12551,-36.970178],[147.127771,-36.965376],[147.132616,-36.964328],[147.130861,-36.963336],[147.133993,-36.962071],[147.134314,-36.958508],[147.144114,-36.959326],[147.150089,-36.958055],[147.161842,-36.972041],[147.16709,-36.990858],[147.171922,-36.987012],[147.176186,-36.98718],[147.175074,-36.983055],[147.17739,-36.981822],[147.187345,-36.983519],[147.191457,-36.987893],[147.18937,-36.990883],[147.184403,-36.991019],[147.183245,-36.995243],[147.188004,-36.996537],[147.187734,-36.999618],[147.193019,-37.006195],[147.198063,-37.021645],[147.197019,-37.022427],[147.193978,-37.019721],[147.189907,-37.013403],[147.179935,-37.009587],[147.168815,-37.008813],[147.166162,-37.010197],[147.165245,-37.006024],[147.157849,-37.00644],[147.152687,-37.010111],[147.152606,-37.012024],[147.150905,-37.011562],[147.150273,-37.009771],[147.139749,-37.003949],[147.14414,-36.996935],[147.145633,-36.989009],[147.144425,-36.985785],[147.138187,-36.984608],[147.132757,-36.989828],[147.133194,-36.996684],[147.126558,-36.994561],[147.122676,-36.999759],[147.104623,-37.002675],[147.073578,-37.017351],[147.073998,-37.013341],[147.061975,-37.004008],[147.062494,-36.998825],[147.061293,-36.99776],[147.063543,-36.996638]]]}},{"type":"Feature","properties":{"code":"AU-LGA-20260","name":"Ararat","label":"Ararat","type":"Local government area","parentCode":"AU-VIC"},"geometry":{"type":"Polygon","coordinates":[[[142.516358,-37.293213],[142.513919,-37.298593],[142.514214,-37.305718],[142.511059,-37.30856],[142.508132,-37.3149],[142.505155,-37.316277],[142.505056,-37.318433],[142.500489,-37.319987],[142.500187,-37.330144],[142.497159,-37.337574],[142.49728,-37.343804],[142.495696,-37.347472],[142.496173,-37.354849],[142.49352,-37.360858],[142.495033,-37.36497],[142.493767,-37.36985],[142.492002,-37.374765],[142.487203,-37.378806],[142.48715,-37.381162],[142.483405,-37.382169],[142.482,-37.392799],[142.478011,-37.400924],[142.469801,-37.411154],[142.466967,-37.412511],[142.465857,-37.416287],[142.4593,-37.420857],[142.458102,-37.425329],[142.452311,-37.433387],[142.446617,-37.433829],[142.43421,-37.444319],[142.436136,-37.44881],[142.429442,-37.453441],[142.42681,-37.458339],[142.426969,-37.467694],[142.418675,-37.470676],[142.41854,-37.475932],[142.414543,-37.478797],[142.4072,-37.488963],[142.39293,-37.493301],[142.391412,-37.496237],[142.387431,-37.498441],[142.379105,-37.510589],[142.375319,-37.523625],[142.372578,-37.524747],[142.370713,-37.533066],[142.364186,-37.544929],[142.367054,-37.5575],[142.365967,-37.559669],[142.369096,-37.563789],[142.367304,-37.56558],[142.366725,-37.570818],[142.357696,-37.585409],[142.355158,-37.587107],[142.356082,-37.594148],[142.353487,-37.597971],[142.45848,-37.610901],[142.458526,-37.614868],[142.467672,-37.614807],[142.466625,-37.611897],[142.483511,-37.612616],[142.484945,-37.614207],[142.58712,-37.62696],[142.587244,-37.63579],[142.618776,-37.646835],[142.619072,-37.674036],[142.615665,-37.689359],[142.601765,-37.69956],[142.598874,-37.713284],[142.594777,-37.718784],[142.594009,-37.727709],[142.596513,-37.733571],[142.596159,-37.740759],[142.593961,-37.754047],[142.590167,-37.765105],[142.5933,-37.775872],[142.597464,-37.780683],[142.608304,-37.785297],[142.612619,-37.791634],[142.61472,-37.810304],[142.616496,-37.809301],[142.643034,-37.813318],[142.652234,-37.8133],[142.661069,-37.817287],[142.662694,-37.815234],[142.673116,-37.81654],[142.664832,-37.829986],[142.701742,-37.834696],[142.749828,-37.819406],[142.757741,-37.812728],[142.839692,-37.822126],[142.842229,-37.807851],[142.860799,-37.809919],[142.861412,-37.806439],[142.879473,-37.808432],[142.875347,-37.83165],[142.879407,-37.83657],[142.902621,-37.816632],[142.923374,-37.807159],[142.926846,-37.80128],[142.929752,-37.800701],[142.934581,-37.802839],[142.938438,-37.801607],[142.951313,-37.789517],[142.962401,-37.787174],[142.984831,-37.772834],[143.007245,-37.765538],[143.016658,-37.766687],[143.01307,-37.786896],[143.024588,-37.788734],[143.035264,-37.792762],[143.031383,-37.814512],[143.044802,-37.816066],[143.048307,-37.823335],[143.062082,-37.8249],[143.063995,-37.814234],[143.076231,-37.815645],[143.093876,-37.829304],[143.105827,-37.833535],[143.104885,-37.830666],[143.100906,-37.829229],[143.101932,-37.827279],[143.100745,-37.824368],[143.099585,-37.822459],[143.095979,-37.82161],[143.09521,-37.818538],[143.097305,-37.814907],[143.100726,-37.81498],[143.099063,-37.809313],[143.101816,-37.805192],[143.108335,-37.80092],[143.10763,-37.796894],[143.110267,-37.793139],[143.106225,-37.791988],[143.105933,-37.78929],[143.108312,-37.778507],[143.116476,-37.773996],[143.119927,-37.774916],[143.120804,-37.777206],[143.125809,-37.779727],[143.131638,-37.779092],[143.13627,-37.776084],[143.134276,-37.773643],[143.137051,-37.770773],[143.141948,-37.769975],[143.142715,-37.76784],[143.145652,-37.768514],[143.146174,-37.764904],[143.149219,-37.761703],[143.160703,-37.761762],[143.164899,-37.765312],[143.166946,-37.764079],[143.164343,-37.758593],[143.165013,-37.754873],[143.168614,-37.75393],[143.16718,-37.749541],[143.17066,-37.750448],[143.167927,-37.744127],[143.174297,-37.74325],[143.180709,-37.731504],[143.060896,-37.718202],[143.064694,-37.716525],[143.074341,-37.703122],[143.076822,-37.692025],[143.075844,-37.683132],[143.078909,-37.672316],[143.082127,-37.663414],[143.089807,-37.651385],[143.102589,-37.644581],[143.108482,-37.638016],[143.116449,-37.620476],[143.134522,-37.600227],[143.139091,-37.587043],[143.151465,-37.575593],[143.156516,-37.568685],[143.169719,-37.560833],[143.183724,-37.533178],[143.193014,-37.52644],[143.179336,-37.524538],[143.191753,-37.466343],[143.1973,-37.426307],[143.20688,-37.428607],[143.210448,-37.426327],[143.213271,-37.421156],[143.218904,-37.420298],[143.219934,-37.415629],[143.222874,-37.413138],[143.24411,-37.402445],[143.251014,-37.39281],[143.250105,-37.390493],[143.251195,-37.388442],[143.236547,-37.384283],[143.240492,-37.375497],[143.248735,-37.364813],[143.248619,-37.362086],[143.230997,-37.357552],[143.231464,-37.356509],[143.201732,-37.356558],[143.201558,-37.324367],[143.194348,-37.320982],[143.203996,-37.314716],[143.213893,-37.312866],[143.213881,-37.310177],[143.221584,-37.310122],[143.221681,-37.315416],[143.225623,-37.315371],[143.229739,-37.310193],[143.231935,-37.303899],[143.231915,-37.300952],[143.226632,-37.29105],[143.234809,-37.285621],[143.244007,-37.282985],[143.247291,-37.283846],[143.258261,-37.279781],[143.265058,-37.282791],[143.274957,-37.283951],[143.279602,-37.286721],[143.284688,-37.286717],[143.290798,-37.282119],[143.289093,-37.271766],[143.283695,-37.260127],[143.286178,-37.247676],[143.285883,-37.234923],[143.282313,-37.226468],[143.271703,-37.21665],[143.27216,-37.213161],[143.269361,-37.209861],[143.269748,-37.206079],[143.2672,-37.20241],[143.270842,-37.196551],[143.264632,-37.188333],[143.263711,-37.181645],[143.252914,-37.177162],[143.249082,-37.172085],[143.242617,-37.173871],[143.234261,-37.168711],[143.232615,-37.164375],[143.233545,-37.160883],[143.221839,-37.152594],[143.217258,-37.153798],[143.216269,-37.155813],[143.208862,-37.160107],[143.205616,-37.159472],[143.204881,-37.161554],[143.202544,-37.161026],[143.201704,-37.163296],[143.203163,-37.164881],[143.198605,-37.166595],[143.197696,-37.171157],[143.193218,-37.170135],[143.1917,-37.172446],[143.195872,-37.177745],[143.190879,-37.178488],[143.191423,-37.181437],[143.186309,-37.183081],[143.184202,-37.185324],[143.184928,-37.187851],[143.18173,-37.188609],[143.168874,-37.18403],[143.169626,-37.181904],[143.167507,-37.181276],[143.167955,-37.178615],[143.16521,-37.175698],[143.158646,-37.175629],[143.156885,-37.176917],[143.152164,-37.174615],[143.152084,-37.171832],[143.150338,-37.170706],[143.144024,-37.172329],[143.138262,-37.171134],[143.137182,-37.174374],[143.127605,-37.173359],[143.125236,-37.169325],[143.12126,-37.167866],[143.114092,-37.160348],[143.113492,-37.157555],[143.090438,-37.155219],[143.083721,-37.148646],[143.079648,-37.150556],[143.079934,-37.149034],[143.066945,-37.147355],[143.0591,-37.187188],[143.049358,-37.186018],[143.048916,-37.189737],[142.993528,-37.183059],[142.994535,-37.177335],[142.972613,-37.174779],[142.973403,-37.170181],[142.97043,-37.167312],[142.961288,-37.167025],[142.960484,-37.17138],[142.957703,-37.17109],[142.959264,-37.17493],[142.95398,-37.207765],[142.924641,-37.204253],[142.923419,-37.205441],[142.919358,-37.202817],[142.883432,-37.199666],[142.883969,-37.198281],[142.876328,-37.197408],[142.876719,-37.195345],[142.837891,-37.191627],[142.831655,-37.175463],[142.823368,-37.174423],[142.823907,-37.17166],[142.794959,-37.168324],[142.794617,-37.170171],[142.783662,-37.168874],[142.781769,-37.157662],[142.776908,-37.157155],[142.777167,-37.155353],[142.768455,-37.154403],[142.769638,-37.148431],[142.767815,-37.148227],[142.768746,-37.142834],[142.766545,-37.14209],[142.764853,-37.141898],[142.763612,-37.144593],[142.761892,-37.143132],[142.758649,-37.144806],[142.756431,-37.150863],[142.750526,-37.147227],[142.746542,-37.149002],[142.740451,-37.148326],[142.739725,-37.145263],[142.735014,-37.142767],[142.717053,-37.142878],[142.717089,-37.157286],[142.54278,-37.157405],[142.560821,-37.176287],[142.565701,-37.184141],[142.577483,-37.197383],[142.586902,-37.213847],[142.595251,-37.217585],[142.598225,-37.224398],[142.599114,-37.232031],[142.601252,-37.234103],[142.595453,-37.235888],[142.593048,-37.240549],[142.596916,-37.2554],[142.596223,-37.257113],[142.592991,-37.2577],[142.597041,-37.262186],[142.58252,-37.268915],[142.580802,-37.272655],[142.585257,-37.276932],[142.581947,-37.277495],[142.585908,-37.280436],[142.587962,-37.284637],[142.594137,-37.286682],[142.59224,-37.290626],[142.595436,-37.288866],[142.598938,-37.292894],[142.516358,-37.293213]]]}},{"type":"Feature","properties":{"code":"AU-LGA-20570","name":"Ballarat","label":"Ballarat","type":"Local government area","parentCode":"AU-VIC"},"geometry":{"type":"Polygon","coordinates":[[[143.648063,-37.321682],[143.632219,-37.399754],[143.628319,-37.400792],[143.626997,-37.406695],[143.628991,-37.40723],[143.628114,-37.409419],[143.629884,-37.411166],[143.624396,-37.437179],[143.623132,-37.437017],[143.61985,-37.447852],[143.622843,-37.451593],[143.620016,-37.464949],[143.609542,-37.465804],[143.609244,-37.467129],[143.621503,-37.467708],[143.620277,-37.473782],[143.618279,-37.476233],[143.613274,-37.50082],[143.595005,-37.527254],[143.599297,-37.527939],[143.606057,-37.534912],[143.62204,-37.525138],[143.625415,-37.529465],[143.632436,-37.532644],[143.64946,-37.533033],[143.64882,-37.536208],[143.668565,-37.538429],[143.662194,-37.572394],[143.685935,-37.560117],[143.692933,-37.558261],[143.707244,-37.557865],[143.709854,-37.561962],[143.710011,-37.566925],[143.721141,-37.572973],[143.728382,-37.579517],[143.745269,-37.587188],[143.756962,-37.594455],[143.780649,-37.599779],[143.795918,-37.605058],[143.809527,-37.612521],[143.812317,-37.611857],[143.831966,-37.618717],[143.834548,-37.622185],[143.83011,-37.629867],[143.831707,-37.630042],[143.830335,-37.636621],[143.834083,-37.640635],[143.83223,-37.643778],[143.838294,-37.652503],[143.834985,-37.652196],[143.83336,-37.655373],[143.835795,-37.659701],[143.834431,-37.665015],[143.836833,-37.665469],[143.840269,-37.672037],[143.845021,-37.669791],[143.846821,-37.672155],[143.849334,-37.672492],[143.848312,-37.674327],[143.851319,-37.67589],[143.849371,-37.677714],[143.853443,-37.678427],[143.850373,-37.679968],[143.85353,-37.681948],[143.850839,-37.685801],[143.85766,-37.68617],[143.854075,-37.692068],[143.856298,-37.692416],[143.858052,-37.69039],[143.862798,-37.689212],[143.866511,-37.692463],[143.869968,-37.691225],[143.870897,-37.703269],[143.873194,-37.706036],[143.872267,-37.708403],[143.877047,-37.707016],[143.880135,-37.708967],[143.879124,-37.711083],[143.882159,-37.714124],[143.892551,-37.712241],[143.894402,-37.714855],[143.898111,-37.715973],[143.902526,-37.71327],[143.91586,-37.712856],[143.919634,-37.709951],[143.925753,-37.710962],[143.938239,-37.709169],[143.939483,-37.696854],[143.944149,-37.694087],[143.948735,-37.673297],[143.923091,-37.668975],[143.913873,-37.660256],[143.927016,-37.658284],[143.935867,-37.650559],[143.918239,-37.648047],[143.914535,-37.645103],[143.915197,-37.638427],[143.91319,-37.635339],[143.91335,-37.626751],[143.909671,-37.621637],[143.899033,-37.616539],[143.895842,-37.607541],[143.898065,-37.59647],[143.902579,-37.59698],[143.904801,-37.582382],[143.916093,-37.583651],[143.914576,-37.579465],[143.91866,-37.579721],[143.9219,-37.575886],[143.929433,-37.577457],[143.93201,-37.575134],[143.936669,-37.575062],[143.936534,-37.569981],[143.941684,-37.572594],[143.941305,-37.562165],[143.950702,-37.559848],[143.950269,-37.549463],[143.931939,-37.534877],[143.931518,-37.52892],[143.934188,-37.524471],[143.932409,-37.5143],[143.936107,-37.495425],[143.934783,-37.490888],[143.937682,-37.475415],[143.849427,-37.466781],[143.852909,-37.462798],[143.851665,-37.461325],[143.857717,-37.43296],[143.843233,-37.431107],[143.849197,-37.40077],[143.858805,-37.40202],[143.868765,-37.348313],[143.841566,-37.345249],[143.840794,-37.342634],[143.826882,-37.340098],[143.793254,-37.343704],[143.794032,-37.339078],[143.789945,-37.33995],[143.791368,-37.341031],[143.790515,-37.341914],[143.788118,-37.339219],[143.648063,-37.321682]]]}},{"type":"Feature","properties":{"code":"AU-LGA-20660","name":"Banyule","label":"Banyule","type":"Local government area","parentCode":"AU-VIC"},"geometry":{"type":"Polygon","coordinates":[[[145.067696,-37.686846],[145.05991,-37.695194],[145.057457,-37.70246],[145.051331,-37.708371],[145.074955,-37.708776],[145.074532,-37.716121],[145.067847,-37.716589],[145.064681,-37.72021],[145.067823,-37.724517],[145.061533,-37.724198],[145.060781,-37.72949],[145.038607,-37.727311],[145.040524,-37.730228],[145.03824,-37.730326],[145.040276,-37.732297],[145.037607,-37.734956],[145.033971,-37.735139],[145.031996,-37.737747],[145.035099,-37.743584],[145.033388,-37.745628],[145.036102,-37.746845],[145.03148,-37.750823],[145.030617,-37.754693],[145.032253,-37.756775],[145.029116,-37.757786],[145.029936,-37.760224],[145.027834,-37.763808],[145.03078,-37.765104],[145.032276,-37.770641],[145.036824,-37.770603],[145.036818,-37.772558],[145.034103,-37.772603],[145.035941,-37.775052],[145.034486,-37.778905],[145.038588,-37.779319],[145.036877,-37.782014],[145.040203,-37.784209],[145.043711,-37.780289],[145.047587,-37.77984],[145.054839,-37.785076],[145.055757,-37.783968],[145.053389,-37.783833],[145.05446,-37.781203],[145.055508,-37.782492],[145.060566,-37.779945],[145.067438,-37.783511],[145.069261,-37.772389],[145.071248,-37.771074],[145.076695,-37.773393],[145.075403,-37.770673],[145.072061,-37.769206],[145.071649,-37.766919],[145.076467,-37.767355],[145.079229,-37.762433],[145.076837,-37.758548],[145.073458,-37.759574],[145.073116,-37.758512],[145.074943,-37.756941],[145.080573,-37.757858],[145.077287,-37.755658],[145.079632,-37.753857],[145.08186,-37.756234],[145.083283,-37.754844],[145.081624,-37.754014],[145.082609,-37.751363],[145.091584,-37.754309],[145.095553,-37.749287],[145.098043,-37.748954],[145.10417,-37.753695],[145.112901,-37.755237],[145.115085,-37.753117],[145.121426,-37.752158],[145.122609,-37.749186],[145.126065,-37.751065],[145.123158,-37.747552],[145.120273,-37.748092],[145.120006,-37.744604],[145.122609,-37.74057],[145.133147,-37.742799],[145.135677,-37.7409],[145.134156,-37.738216],[145.135077,-37.734295],[145.137736,-37.733167],[145.134891,-37.732085],[145.137794,-37.717951],[145.133626,-37.71332],[145.130363,-37.705913],[145.128108,-37.704696],[145.128028,-37.702289],[145.131575,-37.700339],[145.140362,-37.70125],[145.143709,-37.682611],[145.118769,-37.687393],[145.107738,-37.69162],[145.095514,-37.692892],[145.092129,-37.695234],[145.088218,-37.691063],[145.077262,-37.68768],[145.067696,-37.686846]]]}},{"type":"Feature","properties":{"code":"AU-LGA-20740","name":"Bass Coast","label":"Bass Coast","type":"Local government area","parentCode":"AU-VIC"},"geometry":{"type":"MultiPolygon","coordinates":[[[[145.109916,-38.51956],[145.112169,-38.51861],[145.109531,-38.518399],[145.109916,-38.51956]]],[[[145.113982,-38.518803],[145.114919,-38.518256],[145.113653,-38.518589],[145.113982,-38.518803]]],[[[145.34407,-38.561608],[145.344298,-38.561556],[145.343938,-38.561406],[145.34407,-38.561608]]],[[[145.347443,-38.563363],[145.347549,-38.563193],[145.347375,-38.563048],[145.347443,-38.563363]]],[[[145.350866,-38.565844],[145.351131,-38.565757],[145.350922,-38.565691],[145.350866,-38.565844]]],[[[145.289143,-38.455102],[145.296485,-38.455063],[145.293555,-38.453978],[145.289143,-38.455102]]],[[[145.324406,-38.507056],[145.315732,-38.509844],[145.29914,-38.507499],[145.296544,-38.504781],[145.297084,-38.500102],[145.299685,-38.49668],[145.304463,-38.497312],[145.307023,-38.494199],[145.304035,-38.489974],[145.305579,-38.485425],[145.30357,-38.485098],[145.299525,-38.488861],[145.293151,-38.48853],[145.290978,-38.486554],[145.290817,-38.480234],[145.297072,-38.476042],[145.302081,-38.466885],[145.310112,-38.465673],[145.309827,-38.459734],[145.296259,-38.457129],[145.292543,-38.458215],[145.290153,-38.456718],[145.28722,-38.459816],[145.280829,-38.461293],[145.286483,-38.459042],[145.286758,-38.45708],[145.284838,-38.455859],[145.280884,-38.457179],[145.281121,-38.458812],[145.278808,-38.460401],[145.27327,-38.460342],[145.274953,-38.458253],[145.278764,-38.457687],[145.279135,-38.45436],[145.287036,-38.45418],[145.294334,-38.451945],[145.302502,-38.453757],[145.298603,-38.451441],[145.290222,-38.450119],[145.270266,-38.450892],[145.24034,-38.447528],[145.239977,-38.445787],[145.239792,-38.447042],[145.22908,-38.449844],[145.214541,-38.448816],[145.200458,-38.450883],[145.19382,-38.456467],[145.174506,-38.464863],[145.168193,-38.466342],[145.165436,-38.465345],[145.16516,-38.468008],[145.156038,-38.475469],[145.155746,-38.479466],[145.152373,-38.482899],[145.152222,-38.488686],[145.14829,-38.492292],[145.148962,-38.498446],[145.147134,-38.503185],[145.14389,-38.505717],[145.138894,-38.505798],[145.133471,-38.508413],[145.12739,-38.505528],[145.125311,-38.509512],[145.121122,-38.510967],[145.121053,-38.513624],[145.116162,-38.518338],[145.119731,-38.519483],[145.128424,-38.516585],[145.130221,-38.518235],[145.132267,-38.516227],[145.131677,-38.51782],[145.1334,-38.516622],[145.132909,-38.518316],[145.142063,-38.514903],[145.145394,-38.516425],[145.149318,-38.514395],[145.150026,-38.510708],[145.153799,-38.509465],[145.163633,-38.510449],[145.165786,-38.51376],[145.168733,-38.513125],[145.167546,-38.510726],[145.170666,-38.509562],[145.172544,-38.510131],[145.174475,-38.51432],[145.183988,-38.512943],[145.187061,-38.515775],[145.192138,-38.514673],[145.194589,-38.515668],[145.194866,-38.518573],[145.200947,-38.516592],[145.203578,-38.517296],[145.208279,-38.520939],[145.209215,-38.525116],[145.216724,-38.524366],[145.221209,-38.52994],[145.222774,-38.525689],[145.227256,-38.523803],[145.230276,-38.520807],[145.228809,-38.519931],[145.230491,-38.518932],[145.229789,-38.518009],[145.232571,-38.516742],[145.232026,-38.515697],[145.233554,-38.516297],[145.233002,-38.512745],[145.235304,-38.512108],[145.235427,-38.509507],[145.24005,-38.506815],[145.246028,-38.507703],[145.247183,-38.504904],[145.254581,-38.503758],[145.263312,-38.508118],[145.267004,-38.507885],[145.271139,-38.504853],[145.27438,-38.508702],[145.285119,-38.509731],[145.296592,-38.513596],[145.316361,-38.524172],[145.335331,-38.540027],[145.344015,-38.549367],[145.346562,-38.555735],[145.341965,-38.558487],[145.344855,-38.562337],[145.350484,-38.563233],[145.351568,-38.567236],[145.360712,-38.566269],[145.358469,-38.559953],[145.361832,-38.557969],[145.361164,-38.556306],[145.364357,-38.55339],[145.363505,-38.551306],[145.355926,-38.549989],[145.353733,-38.546323],[145.34401,-38.54023],[145.340943,-38.534975],[145.343757,-38.525218],[145.346988,-38.521051],[145.361868,-38.516911],[145.36374,-38.515446],[145.362888,-38.512567],[145.36023,-38.511963],[145.362912,-38.512071],[145.359335,-38.511253],[145.357574,-38.508436],[145.352196,-38.509043],[145.34999,-38.50695],[145.349818,-38.509232],[145.34699,-38.510331],[145.344239,-38.508995],[145.338802,-38.509406],[145.332904,-38.504787],[145.324406,-38.507056]]],[[[145.33785,-38.493806],[145.336247,-38.494057],[145.332964,-38.49948],[145.335673,-38.501858],[145.340171,-38.502298],[145.346057,-38.508702],[145.345685,-38.504102],[145.343358,-38.503626],[145.342165,-38.499267],[145.337201,-38.495652],[145.33785,-38.493806]]],[[[145.605689,-38.332444],[145.593623,-38.330086],[145.584799,-38.320748],[145.582129,-38.312665],[145.565288,-38.303278],[145.553673,-38.293558],[145.545787,-38.291324],[145.541811,-38.309372],[145.520675,-38.306659],[145.515503,-38.317839],[145.516631,-38.320237],[145.515338,-38.337787],[145.517186,-38.338923],[145.525716,-38.334346],[145.539926,-38.336628],[145.545151,-38.339523],[145.551992,-38.349464],[145.552457,-38.354553],[145.548939,-38.371675],[145.542201,-38.386753],[145.529804,-38.403698],[145.518387,-38.414107],[145.514365,-38.415732],[145.499624,-38.416832],[145.489882,-38.415083],[145.481281,-38.407113],[145.459484,-38.408697],[145.453562,-38.412647],[145.440726,-38.407929],[145.428314,-38.410473],[145.424045,-38.408168],[145.416387,-38.406982],[145.423361,-38.412442],[145.427201,-38.417993],[145.432874,-38.428696],[145.433819,-38.434855],[145.433407,-38.43875],[145.428163,-38.444462],[145.429695,-38.454217],[145.428278,-38.460817],[145.423279,-38.46823],[145.417724,-38.47136],[145.427428,-38.474624],[145.432534,-38.480355],[145.433369,-38.481661],[145.43103,-38.486076],[145.434486,-38.49361],[145.432239,-38.49453],[145.431772,-38.496568],[145.429031,-38.496435],[145.430251,-38.49803],[145.426834,-38.50712],[145.419176,-38.513177],[145.39832,-38.516292],[145.389252,-38.51956],[145.363412,-38.520964],[145.363995,-38.524172],[145.370371,-38.527406],[145.372018,-38.536284],[145.376317,-38.537955],[145.379892,-38.535753],[145.393134,-38.535642],[145.403498,-38.537579],[145.408896,-38.53684],[145.410102,-38.538411],[145.423694,-38.536466],[145.424991,-38.539354],[145.429565,-38.538171],[145.432741,-38.539291],[145.433001,-38.54082],[145.434688,-38.539536],[145.439582,-38.541553],[145.440227,-38.543981],[145.445474,-38.543925],[145.450225,-38.548495],[145.453108,-38.548213],[145.455238,-38.549863],[145.457506,-38.548288],[145.458834,-38.550126],[145.461073,-38.54941],[145.465513,-38.551828],[145.468481,-38.550298],[145.473458,-38.551158],[145.479377,-38.553624],[145.480046,-38.556165],[145.483692,-38.555988],[145.50232,-38.573083],[145.51096,-38.58394],[145.53752,-38.611077],[145.545498,-38.622397],[145.560631,-38.651394],[145.566562,-38.655409],[145.571787,-38.655205],[145.578532,-38.658301],[145.588747,-38.6683],[145.595949,-38.670509],[145.606702,-38.678769],[145.617762,-38.673941],[145.621193,-38.674863],[145.627381,-38.672906],[145.633185,-38.674543],[145.634754,-38.672686],[145.638572,-38.672423],[145.650877,-38.678078],[145.653018,-38.677936],[145.652692,-38.676621],[145.65688,-38.67691],[145.659761,-38.674895],[145.658815,-38.671961],[145.666979,-38.670248],[145.672027,-38.671582],[145.670715,-38.668592],[145.674182,-38.666861],[145.674896,-38.664854],[145.680379,-38.662714],[145.682363,-38.658126],[145.688944,-38.651196],[145.713866,-38.645526],[145.746071,-38.643304],[145.816612,-38.647502],[145.817973,-38.644564],[145.816431,-38.642811],[145.817816,-38.641571],[145.814644,-38.638747],[145.815194,-38.63716],[145.818353,-38.636441],[145.814968,-38.636044],[145.81468,-38.627224],[145.808445,-38.627953],[145.808079,-38.626469],[145.816476,-38.583515],[145.768192,-38.603987],[145.764025,-38.599839],[145.775714,-38.567922],[145.757154,-38.566212],[145.761933,-38.538456],[145.728629,-38.535146],[145.730272,-38.525438],[145.721059,-38.524423],[145.718399,-38.53821],[145.698697,-38.536246],[145.700824,-38.515913],[145.699527,-38.515387],[145.698656,-38.509645],[145.694576,-38.505739],[145.695796,-38.502155],[145.693276,-38.501151],[145.692292,-38.497283],[145.680001,-38.491479],[145.676272,-38.487568],[145.676582,-38.484984],[145.673843,-38.480637],[145.675721,-38.481045],[145.678043,-38.467394],[145.675679,-38.467145],[145.676299,-38.463469],[145.688371,-38.464447],[145.688708,-38.457504],[145.685767,-38.457151],[145.69786,-38.393422],[145.692588,-38.386003],[145.695728,-38.381012],[145.694805,-38.376101],[145.691771,-38.373313],[145.672485,-38.371025],[145.665474,-38.367177],[145.650029,-38.355043],[145.647268,-38.345515],[145.644645,-38.342368],[145.634451,-38.343635],[145.629355,-38.3407],[145.628864,-38.338369],[145.623879,-38.336264],[145.605689,-38.332444]]]]}},{"type":"Feature","properties":{"code":"AU-LGA-20830","name":"Baw Baw","label":"Baw Baw","type":"Local government area","parentCode":"AU-VIC"},"geometry":{"type":"Polygon","coordinates":[[[145.735403,-38.274556],[145.761296,-38.277462],[145.758838,-38.276074],[145.759049,-38.272539],[145.762161,-38.268306],[145.759613,-38.264897],[145.77194,-38.266309],[145.772937,-38.261192],[145.800553,-38.264359],[145.801548,-38.269334],[145.805093,-38.268797],[145.812358,-38.271317],[145.8143,-38.274494],[145.812478,-38.275924],[145.816348,-38.281012],[145.81536,-38.282462],[145.816743,-38.285694],[145.820074,-38.289842],[145.822091,-38.289969],[145.821012,-38.292627],[145.826684,-38.297047],[145.82742,-38.300235],[145.830883,-38.303494],[145.827697,-38.320472],[145.862406,-38.324523],[145.862844,-38.321913],[145.876329,-38.323483],[145.877511,-38.316212],[145.884956,-38.31679],[145.88445,-38.328823],[145.889848,-38.329349],[145.888592,-38.336795],[145.906551,-38.339021],[145.901071,-38.331585],[145.902422,-38.330701],[145.902043,-38.326529],[145.940669,-38.330799],[145.941878,-38.323408],[145.953832,-38.324682],[145.95421,-38.322376],[145.965423,-38.323574],[145.967475,-38.31206],[145.977933,-38.313127],[145.976781,-38.319658],[145.987767,-38.320895],[145.986581,-38.327694],[146.007073,-38.329761],[146.011502,-38.332754],[146.024247,-38.329542],[146.026625,-38.331313],[146.034298,-38.331763],[146.054212,-38.3236],[146.049613,-38.320608],[146.064028,-38.310591],[146.073084,-38.318706],[146.074438,-38.314283],[146.090735,-38.328427],[146.09676,-38.325789],[146.122524,-38.360039],[146.148018,-38.347806],[146.160471,-38.34927],[146.162191,-38.340565],[146.189219,-38.343875],[146.192685,-38.326939],[146.201776,-38.328103],[146.203898,-38.317092],[146.216837,-38.321366],[146.218586,-38.320247],[146.230194,-38.321721],[146.232305,-38.316349],[146.235966,-38.314074],[146.239543,-38.306644],[146.252303,-38.298625],[146.256087,-38.279205],[146.258922,-38.277789],[146.262292,-38.2726],[146.258239,-38.264787],[146.268581,-38.255378],[146.274699,-38.253214],[146.278297,-38.249167],[146.278767,-38.246359],[146.288734,-38.236849],[146.285974,-38.232856],[146.2863,-38.230738],[146.291336,-38.227172],[146.272951,-38.224864],[146.272369,-38.227593],[146.267134,-38.230909],[146.267722,-38.232468],[146.257055,-38.231095],[146.257462,-38.229104],[146.247685,-38.227866],[146.246665,-38.232621],[146.232309,-38.230536],[146.234147,-38.221785],[146.216049,-38.219168],[146.217633,-38.212475],[146.222381,-38.209714],[146.223159,-38.206666],[146.22752,-38.202471],[146.223603,-38.200473],[146.223919,-38.188492],[146.225968,-38.187834],[146.223327,-38.177866],[146.228721,-38.175365],[146.236779,-38.175524],[146.239716,-38.173064],[146.244523,-38.174043],[146.24827,-38.172478],[146.251807,-38.166624],[146.256548,-38.163906],[146.254482,-38.15424],[146.252447,-38.151766],[146.256533,-38.146303],[146.25599,-38.143504],[146.260783,-38.140247],[146.271422,-38.137307],[146.275398,-38.132997],[146.273421,-38.125342],[146.287606,-38.115082],[146.290403,-38.110498],[146.307161,-38.114413],[146.317906,-38.119009],[146.328604,-38.119802],[146.335122,-38.118873],[146.349097,-38.11124],[146.361353,-38.107076],[146.373773,-38.113015],[146.374872,-38.116998],[146.373509,-38.119638],[146.381781,-38.133451],[146.384832,-38.133497],[146.395002,-38.138822],[146.405995,-38.135678],[146.410485,-38.132662],[146.426282,-38.129834],[146.430918,-38.12563],[146.43163,-38.121123],[146.429484,-38.118527],[146.425612,-38.119645],[146.428431,-38.120291],[146.430088,-38.123024],[146.429095,-38.124019],[146.424885,-38.124525],[146.425234,-38.122542],[146.422986,-38.121652],[146.424505,-38.119109],[146.423995,-38.110813],[146.423121,-38.108885],[146.421709,-38.109357],[146.424415,-38.096528],[146.478983,-38.103787],[146.479962,-38.099656],[146.477477,-38.098608],[146.47923,-38.090122],[146.476678,-38.087207],[146.477482,-38.07844],[146.475723,-38.075295],[146.483675,-38.075459],[146.48847,-38.077747],[146.49648,-38.07801],[146.506398,-38.08132],[146.506599,-38.080126],[146.516584,-38.080899],[146.527917,-38.08424],[146.534792,-38.056945],[146.55043,-38.059005],[146.552512,-38.055951],[146.569514,-38.058086],[146.572419,-38.043256],[146.567295,-38.040031],[146.569733,-38.035327],[146.566986,-38.03068],[146.567534,-38.02898],[146.575266,-38.03005],[146.587265,-37.978088],[146.581579,-37.976083],[146.579123,-37.97951],[146.571646,-37.982364],[146.571213,-37.983779],[146.567639,-37.982434],[146.563807,-37.983958],[146.562567,-37.978659],[146.556902,-37.975365],[146.554456,-37.971475],[146.551368,-37.971332],[146.553083,-37.974575],[146.552448,-37.97662],[146.544933,-37.975302],[146.546415,-37.974128],[146.545351,-37.972638],[146.546991,-37.967505],[146.543628,-37.967746],[146.538558,-37.964938],[146.535609,-37.969515],[146.533005,-37.967573],[146.533829,-37.965614],[146.532187,-37.9639],[146.524059,-37.963658],[146.51941,-37.975545],[146.516495,-37.978833],[146.513392,-37.979519],[146.514687,-37.983582],[146.509212,-37.983838],[146.503917,-37.985824],[146.502347,-37.988464],[146.500124,-37.986724],[146.49725,-37.988898],[146.493142,-37.988019],[146.49285,-37.984205],[146.491042,-37.983769],[146.490771,-37.986075],[146.482474,-37.988355],[146.481804,-37.991824],[146.473319,-37.994679],[146.504753,-37.69513],[146.502341,-37.690813],[146.503356,-37.689046],[146.50693,-37.688973],[146.513274,-37.684756],[146.512091,-37.681438],[146.51597,-37.67877],[146.512866,-37.671437],[146.507567,-37.670696],[146.505407,-37.664581],[146.500903,-37.661204],[146.495719,-37.649266],[146.486954,-37.641595],[146.473481,-37.640192],[146.460832,-37.628502],[146.45946,-37.623172],[146.454156,-37.616338],[146.447165,-37.614628],[146.443663,-37.612109],[146.434324,-37.619567],[146.430083,-37.619482],[146.408483,-37.608384],[146.404094,-37.603993],[146.400008,-37.606997],[146.395122,-37.605857],[146.394055,-37.603987],[146.389891,-37.60891],[146.384897,-37.608342],[146.383445,-37.609653],[146.384032,-37.616365],[146.382647,-37.621964],[146.376566,-37.628153],[146.367912,-37.629414],[146.365029,-37.626304],[146.361823,-37.627621],[146.355542,-37.624874],[146.350659,-37.625182],[146.346658,-37.623574],[146.342125,-37.617513],[146.333649,-37.613354],[146.332968,-37.608619],[146.328526,-37.607833],[146.321945,-37.59993],[146.312318,-37.599266],[146.304972,-37.59352],[146.298798,-37.591062],[146.276243,-37.604866],[146.263822,-37.606387],[146.256475,-37.610223],[146.250094,-37.61039],[146.245145,-37.609702],[146.240887,-37.606635],[146.232896,-37.607416],[146.232336,-37.608613],[146.222309,-37.603527],[146.205494,-37.599672],[146.202918,-37.595358],[146.194472,-37.588311],[146.188247,-37.585865],[146.188314,-37.58158],[146.186408,-37.580053],[146.17615,-37.584859],[146.173256,-37.588689],[146.171663,-37.593652],[146.169834,-37.594063],[146.172185,-37.599342],[146.168471,-37.599549],[146.162094,-37.595802],[146.161269,-37.599387],[146.158825,-37.600759],[146.162458,-37.608047],[146.161412,-37.610131],[146.165551,-37.617197],[146.164831,-37.622983],[146.159299,-37.622397],[146.158549,-37.63028],[146.155671,-37.629927],[146.151002,-37.625321],[146.144166,-37.627416],[146.139337,-37.632536],[146.141301,-37.637001],[146.130953,-37.643896],[146.129755,-37.64806],[146.132595,-37.653557],[146.133958,-37.664412],[146.132165,-37.668428],[146.132325,-37.676888],[146.140374,-37.682038],[146.142674,-37.691416],[146.136433,-37.69764],[146.135554,-37.702065],[146.139501,-37.706176],[146.138308,-37.709893],[146.143746,-37.70973],[146.147367,-37.714478],[146.150564,-37.715186],[146.153089,-37.718065],[146.151772,-37.719917],[146.153803,-37.724936],[146.159053,-37.730436],[146.160016,-37.738889],[146.162393,-37.740546],[146.16323,-37.747336],[146.160357,-37.750851],[146.157978,-37.760448],[146.158863,-37.761941],[146.156882,-37.765048],[146.152225,-37.768593],[146.142276,-37.771869],[146.141735,-37.775069],[146.137558,-37.777813],[146.137554,-37.782624],[146.133767,-37.788013],[146.128323,-37.789162],[146.126239,-37.788007],[146.124872,-37.78947],[146.12133,-37.788179],[146.116659,-37.782212],[146.117106,-37.777704],[146.108611,-37.774227],[146.103277,-37.768216],[146.103037,-37.763079],[146.100023,-37.761972],[146.096102,-37.756638],[146.089101,-37.753778],[146.084347,-37.761083],[146.08115,-37.763271],[146.074693,-37.763075],[146.073089,-37.765479],[146.068363,-37.767022],[146.067774,-37.768967],[146.038639,-37.774442],[146.033163,-37.773346],[146.021455,-37.774828],[146.019149,-37.771771],[146.012552,-37.768762],[146.003482,-37.768515],[145.999521,-37.765434],[145.990285,-37.768775],[145.981417,-37.768643],[145.970182,-37.764824],[145.963583,-37.765947],[145.94362,-37.758219],[145.93641,-37.765178],[145.936777,-37.771566],[145.923709,-37.771594],[145.917473,-37.77751],[145.918065,-37.785993],[145.929012,-37.798361],[145.922629,-37.808417],[145.923392,-37.811478],[145.931633,-37.819962],[145.931316,-37.821346],[145.926759,-37.822626],[145.926386,-37.829633],[145.914709,-37.826056],[145.905473,-37.81637],[145.898526,-37.821374],[145.896988,-37.824754],[145.89275,-37.825436],[145.881855,-37.818547],[145.87847,-37.818374],[145.872388,-37.811601],[145.868973,-37.810886],[145.86675,-37.806654],[145.865662,-37.807551],[145.862684,-37.806089],[145.857091,-37.800818],[145.844712,-37.797613],[145.839164,-37.79861],[145.838429,-37.804324],[145.831035,-37.80874],[145.829248,-37.812097],[145.819977,-37.810135],[145.815077,-37.807224],[145.809618,-37.807536],[145.804164,-37.814001],[145.794956,-37.815096],[145.796205,-37.819601],[145.793766,-37.826281],[145.803858,-37.826045],[145.804361,-37.829417],[145.808264,-37.829473],[145.808901,-37.835466],[145.811215,-37.836121],[145.811407,-37.839617],[145.80424,-37.849321],[145.804555,-37.851587],[145.811412,-37.855597],[145.815715,-37.854201],[145.817621,-37.857738],[145.811493,-37.861033],[145.810708,-37.864451],[145.808025,-37.861691],[145.803256,-37.860674],[145.801737,-37.863515],[145.805238,-37.870485],[145.804216,-37.873517],[145.801363,-37.872182],[145.798199,-37.873279],[145.792881,-37.87769],[145.78496,-37.878608],[145.77837,-37.876889],[145.769504,-37.88089],[145.765264,-37.886248],[145.765607,-37.890373],[145.762879,-37.894979],[145.765142,-37.898607],[145.764303,-37.90134],[145.755562,-37.908887],[145.750813,-37.917158],[145.7475,-37.919225],[145.746963,-37.923977],[145.741258,-37.927104],[145.74172,-37.929598],[145.74649,-37.934614],[145.74698,-37.938264],[145.741913,-37.943533],[145.741178,-37.948352],[145.734872,-37.950172],[145.736631,-37.955675],[145.731073,-37.958821],[145.738473,-37.970682],[145.74973,-37.977026],[145.756018,-37.982536],[145.755147,-37.984885],[145.762542,-37.99071],[145.761147,-37.997962],[145.764946,-38.008282],[145.764864,-38.018912],[145.757195,-38.025714],[145.758123,-38.028395],[145.755335,-38.031616],[145.757002,-38.038339],[145.755095,-38.039969],[145.75757,-38.046325],[145.755637,-38.046587],[145.754677,-38.04993],[145.757237,-38.054125],[145.754157,-38.056677],[145.755688,-38.061142],[145.752729,-38.065792],[145.753288,-38.069426],[145.752091,-38.070465],[145.754276,-38.073194],[145.754448,-38.079185],[145.75276,-38.082222],[145.74527,-38.086147],[145.747223,-38.091571],[145.739217,-38.100517],[145.748737,-38.102463],[145.762792,-38.108933],[145.757906,-38.115626],[145.748483,-38.142813],[145.729731,-38.153967],[145.707848,-38.190809],[145.7029,-38.194804],[145.700808,-38.205913],[145.717418,-38.206713],[145.714705,-38.221388],[145.716267,-38.221577],[145.712962,-38.23925],[145.715179,-38.23862],[145.712837,-38.251788],[145.719127,-38.249374],[145.731451,-38.251046],[145.736363,-38.248963],[145.73295,-38.268583],[145.736545,-38.268859],[145.735403,-38.274556]],[[146.232126,-37.847806],[146.23625,-37.854992],[146.244246,-37.838952],[146.251168,-37.835549],[146.27151,-37.833789],[146.273407,-37.831818],[146.278314,-37.833096],[146.277385,-37.837166],[146.279266,-37.841763],[146.241556,-37.850542],[146.236959,-37.856179],[146.232688,-37.852336],[146.232126,-37.847806]]]}},{"type":"Feature","properties":{"code":"AU-LGA-20910","name":"Bayside (Vic.)","label":"Bayside (Vic.)","type":"Local government area","parentCode":"AU-VIC"},"geometry":{"type":"Polygon","coordinates":[[[145.051697,-37.986807],[145.055273,-37.967659],[145.037744,-37.94237],[145.036533,-37.93558],[145.022464,-37.920599],[145.025994,-37.902152],[145.006327,-37.899807],[145.001044,-37.888576],[144.997015,-37.883801],[144.99227,-37.88326],[144.990678,-37.891723],[144.984996,-37.890989],[144.985876,-37.896371],[144.983399,-37.901604],[144.983706,-37.905986],[144.985646,-37.908417],[144.984798,-37.913354],[144.987413,-37.919971],[144.985532,-37.926225],[144.989869,-37.929085],[144.9992,-37.940488],[144.999127,-37.941659],[144.992156,-37.940007],[144.993131,-37.944147],[145.008836,-37.959274],[145.011356,-37.963448],[145.011233,-37.96829],[145.009388,-37.969585],[145.014139,-37.974609],[145.01795,-37.981791],[145.026991,-37.988042],[145.030768,-37.994582],[145.038303,-37.996403],[145.043013,-37.990988],[145.051697,-37.986807]]]}},{"type":"Feature","properties":{"code":"AU-LGA-21010","name":"Benalla","label":"Benalla","type":"Local government area","parentCode":"AU-VIC"},"geometry":{"type":"Polygon","coordinates":[[[145.798453,-36.299056],[145.79851,-36.330817],[145.77544,-36.443741],[145.776094,-36.445949],[145.778271,-36.446405],[145.775983,-36.447468],[145.777601,-36.448443],[145.780153,-36.446647],[145.782041,-36.448274],[145.786789,-36.44664],[145.790169,-36.447295],[145.792482,-36.448798],[145.793701,-36.452983],[145.796497,-36.452771],[145.793735,-36.45548],[145.797054,-36.455691],[145.799188,-36.458895],[145.801508,-36.456453],[145.802694,-36.457879],[145.804682,-36.456183],[145.806018,-36.457866],[145.808399,-36.455165],[145.816041,-36.457276],[145.818181,-36.455529],[145.822004,-36.455848],[145.823321,-36.454027],[145.823266,-36.544582],[145.819442,-36.563408],[145.855369,-36.568284],[145.843743,-36.623475],[145.850802,-36.624419],[145.845156,-36.651276],[145.839198,-36.650464],[145.836705,-36.654178],[145.838997,-36.667853],[145.836413,-36.672359],[145.824319,-36.68141],[145.82745,-36.69004],[145.823124,-36.69711],[145.824984,-36.70778],[145.823138,-36.711216],[145.818919,-36.712718],[145.81945,-36.717722],[145.813004,-36.730132],[145.812332,-36.735481],[145.81456,-36.745709],[145.819899,-36.748996],[145.823169,-36.75394],[145.821707,-36.762023],[145.824824,-36.772115],[145.822177,-36.775024],[145.829959,-36.776424],[145.829974,-36.786333],[145.836454,-36.786328],[145.844048,-36.79625],[145.846316,-36.794751],[145.849464,-36.797731],[145.853413,-36.795009],[145.861474,-36.802574],[145.865444,-36.800021],[145.872418,-36.799905],[145.864976,-36.806315],[145.864852,-36.812411],[145.873968,-36.812393],[145.873991,-36.819951],[145.86362,-36.820053],[145.861603,-36.826806],[145.866732,-36.830634],[145.864898,-36.835045],[145.865355,-36.847165],[145.862832,-36.853364],[145.863643,-36.863464],[145.860738,-36.878563],[145.862216,-36.882076],[145.868241,-36.87987],[145.874062,-36.882992],[145.878894,-36.880023],[145.884329,-36.885257],[145.892398,-36.888253],[145.897706,-36.897133],[145.900611,-36.897373],[145.903236,-36.899731],[145.90674,-36.905808],[145.906567,-36.908899],[145.918131,-36.914466],[145.917348,-36.916384],[145.91887,-36.919401],[145.916995,-36.925537],[145.924841,-36.925752],[145.926595,-36.923705],[145.927287,-36.907004],[145.929066,-36.904603],[145.932129,-36.905718],[145.938179,-36.902336],[145.942442,-36.904166],[145.953778,-36.904766],[145.955881,-36.899222],[145.960458,-36.896625],[145.960165,-36.882805],[145.96516,-36.875314],[145.967085,-36.874165],[145.971972,-36.87601],[145.978387,-36.873321],[145.993088,-36.862364],[145.994123,-36.864505],[145.999797,-36.863344],[146.003021,-36.860201],[146.00161,-36.858972],[146.004599,-36.858331],[146.005022,-36.856308],[146.006413,-36.856691],[146.010284,-36.853164],[146.014646,-36.854247],[146.019492,-36.858507],[146.022024,-36.862786],[146.02167,-36.868],[146.025583,-36.872194],[146.028325,-36.872382],[146.028644,-36.876132],[146.041521,-36.900283],[146.050802,-36.904021],[146.052867,-36.906511],[146.059622,-36.907789],[146.068285,-36.862074],[146.109239,-36.866573],[146.108873,-36.868754],[146.111545,-36.869093],[146.11623,-36.876224],[146.124281,-36.879645],[146.124933,-36.88454],[146.128996,-36.881433],[146.135705,-36.879337],[146.137972,-36.881336],[146.139217,-36.875592],[146.13669,-36.872266],[146.150607,-36.874127],[146.149517,-36.875708],[146.156675,-36.878455],[146.154599,-36.884351],[146.150776,-36.883891],[146.152867,-36.887909],[146.155191,-36.887033],[146.162314,-36.888599],[146.163807,-36.886122],[146.171623,-36.892093],[146.175889,-36.891065],[146.180065,-36.893735],[146.184883,-36.892563],[146.18709,-36.8956],[146.186231,-36.898598],[146.193398,-36.899132],[146.202722,-36.904305],[146.205492,-36.903564],[146.211351,-36.909063],[146.215149,-36.909486],[146.219562,-36.913599],[146.22697,-36.916074],[146.242238,-36.916171],[146.253553,-36.912706],[146.265045,-36.915902],[146.267283,-36.918502],[146.271383,-36.918845],[146.280452,-36.925043],[146.280815,-36.923081],[146.275589,-36.918525],[146.272688,-36.9103],[146.268631,-36.912096],[146.261092,-36.90683],[146.25534,-36.905933],[146.259026,-36.887256],[146.253353,-36.883168],[146.253862,-36.879771],[146.243346,-36.872013],[146.243503,-36.860363],[146.246546,-36.848271],[146.250285,-36.845219],[146.251238,-36.839988],[146.247331,-36.815987],[146.248382,-36.801069],[146.244872,-36.785964],[146.239736,-36.777195],[146.244474,-36.765813],[146.24337,-36.75832],[146.250934,-36.755019],[146.2501,-36.748286],[146.254947,-36.742801],[146.249986,-36.737424],[146.249591,-36.726428],[146.244761,-36.719793],[146.232963,-36.718348],[146.231155,-36.716556],[146.230841,-36.709175],[146.235287,-36.703242],[146.235565,-36.697608],[146.214262,-36.647947],[146.218086,-36.629975],[146.222624,-36.626539],[146.219384,-36.625934],[146.225466,-36.599557],[146.211074,-36.597661],[146.212877,-36.589476],[146.194948,-36.587559],[146.195025,-36.563583],[146.199932,-36.56205],[146.199902,-36.54202],[146.195163,-36.542028],[146.195255,-36.52296],[146.20222,-36.519924],[146.202172,-36.509055],[146.208846,-36.509021],[146.209731,-36.502682],[146.202278,-36.499042],[146.199346,-36.494133],[146.184695,-36.486126],[146.175951,-36.472787],[146.198221,-36.465929],[146.19513,-36.461611],[146.224654,-36.448939],[146.217937,-36.438695],[146.219734,-36.437918],[146.204192,-36.410718],[146.210345,-36.409252],[146.219467,-36.357151],[146.212971,-36.359342],[146.207674,-36.364445],[146.205214,-36.364523],[146.203995,-36.362154],[146.205176,-36.358621],[146.204618,-36.345977],[146.196963,-36.334132],[146.193772,-36.337406],[146.181092,-36.337605],[146.181056,-36.297483],[146.17031,-36.29546],[146.16393,-36.298899],[146.147126,-36.299191],[146.131552,-36.283164],[146.131431,-36.255109],[146.036909,-36.25505],[146.031204,-36.26543],[146.030944,-36.298996],[145.798453,-36.299056]]]}},{"type":"Feature","properties":{"code":"AU-LGA-21110","name":"Boroondara","label":"Boroondara","type":"Local government area","parentCode":"AU-VIC"},"geometry":{"type":"Polygon","coordinates":[[[145.067118,-37.780922],[145.067725,-37.783153],[145.066513,-37.78373],[145.060858,-37.779952],[145.055508,-37.782492],[145.054705,-37.781092],[145.053389,-37.783833],[145.055757,-37.783968],[145.054839,-37.785076],[145.047722,-37.779852],[145.043711,-37.780289],[145.0401,-37.785032],[145.045244,-37.784415],[145.043131,-37.786948],[145.04126,-37.786089],[145.040432,-37.789755],[145.031899,-37.789921],[145.028195,-37.786887],[145.013337,-37.785581],[145.019605,-37.792289],[145.014144,-37.792104],[145.01386,-37.793593],[145.020867,-37.798398],[145.018519,-37.800227],[145.021077,-37.802854],[145.016361,-37.802944],[145.014516,-37.799889],[145.011411,-37.799002],[145.006812,-37.800806],[145.006585,-37.798964],[145.009642,-37.796531],[145.004839,-37.798087],[145.002858,-37.79577],[144.999395,-37.797646],[145.007673,-37.803891],[144.999283,-37.805353],[145.000797,-37.807206],[145.008539,-37.807579],[145.009535,-37.810462],[145.015745,-37.810615],[145.014394,-37.816174],[145.016252,-37.824682],[145.018318,-37.826199],[145.021829,-37.825413],[145.023139,-37.828037],[145.028351,-37.831042],[145.024624,-37.834486],[145.028074,-37.837666],[145.038934,-37.838938],[145.040268,-37.845631],[145.04227,-37.847287],[145.059737,-37.854703],[145.059963,-37.858213],[145.062841,-37.859846],[145.062055,-37.865953],[145.065833,-37.868006],[145.069005,-37.87425],[145.074977,-37.875919],[145.080813,-37.872946],[145.092168,-37.87187],[145.099935,-37.826234],[145.098797,-37.824429],[145.10029,-37.823227],[145.102712,-37.812013],[145.101615,-37.811874],[145.104886,-37.803159],[145.103462,-37.797543],[145.106726,-37.792146],[145.104675,-37.791195],[145.099094,-37.781562],[145.09616,-37.779655],[145.08146,-37.779172],[145.078328,-37.776848],[145.07445,-37.779714],[145.067118,-37.780922]]]}},{"type":"Feature","properties":{"code":"AU-LGA-21180","name":"Brimbank","label":"Brimbank","type":"Local government area","parentCode":"AU-VIC"},"geometry":{"type":"Polygon","coordinates":[[[144.746478,-37.663015],[144.744419,-37.663064],[144.758357,-37.680924],[144.756411,-37.693405],[144.754137,-37.693128],[144.75199,-37.705636],[144.760957,-37.706721],[144.76055,-37.708848],[144.768157,-37.709718],[144.764033,-37.725637],[144.762892,-37.739819],[144.760817,-37.741627],[144.759143,-37.747685],[144.757244,-37.748202],[144.75643,-37.754273],[144.758271,-37.755407],[144.750976,-37.81045],[144.826592,-37.816859],[144.825198,-37.819009],[144.82742,-37.822818],[144.855879,-37.814869],[144.83923,-37.796917],[144.842518,-37.797297],[144.841814,-37.796332],[144.844805,-37.793543],[144.848221,-37.7731],[144.850749,-37.773417],[144.851218,-37.768445],[144.854205,-37.764958],[144.853805,-37.762352],[144.848361,-37.759885],[144.849598,-37.75459],[144.846141,-37.747339],[144.870387,-37.72131],[144.888466,-37.710772],[144.885778,-37.707121],[144.8829,-37.708614],[144.860752,-37.705805],[144.859431,-37.712406],[144.847449,-37.711081],[144.838118,-37.70932],[144.838183,-37.705556],[144.835052,-37.703246],[144.830855,-37.705575],[144.831884,-37.706864],[144.82881,-37.706844],[144.827318,-37.706267],[144.828777,-37.705672],[144.828173,-37.704579],[144.824864,-37.702562],[144.825085,-37.701179],[144.828172,-37.700749],[144.824661,-37.698242],[144.818528,-37.700075],[144.80974,-37.698083],[144.811254,-37.695579],[144.820603,-37.692346],[144.818794,-37.687139],[144.820487,-37.684323],[144.818695,-37.682397],[144.812084,-37.681617],[144.806325,-37.683114],[144.805637,-37.677605],[144.803364,-37.675867],[144.804756,-37.669504],[144.801695,-37.671357],[144.801141,-37.675529],[144.79782,-37.671655],[144.791939,-37.675366],[144.781882,-37.674989],[144.776987,-37.676789],[144.774255,-37.670699],[144.768441,-37.668372],[144.772052,-37.663989],[144.767757,-37.663971],[144.764722,-37.665752],[144.75855,-37.662904],[144.75733,-37.664116],[144.746478,-37.663015]]]}},{"type":"Feature","properties":{"code":"AU-LGA-21270","name":"Buloke","label":"Buloke","type":"Local government area","parentCode":"AU-VIC"},"geometry":{"type":"Polygon","coordinates":[[[142.816741,-36.459558],[142.822982,-36.462488],[143.019843,-36.482724],[143.021223,-36.473988],[143.051452,-36.47732],[143.053005,-36.468118],[143.05744,-36.468202],[143.055747,-36.463999],[143.05937,-36.461893],[143.044897,-36.443164],[143.063662,-36.445235],[143.072324,-36.444662],[143.07262,-36.442916],[143.133125,-36.449402],[143.139086,-36.413009],[143.147394,-36.409735],[143.238375,-36.409464],[143.238367,-36.405382],[143.247985,-36.405349],[143.252779,-36.406884],[143.285621,-36.406675],[143.286324,-36.408252],[143.289633,-36.408566],[143.288722,-36.409382],[143.289952,-36.410578],[143.293134,-36.410979],[143.290211,-36.412317],[143.291907,-36.417853],[143.28832,-36.419602],[143.288758,-36.421233],[143.292784,-36.422038],[143.290627,-36.425589],[143.291045,-36.430078],[143.294196,-36.432055],[143.291766,-36.435149],[143.300347,-36.436139],[143.298326,-36.439877],[143.302494,-36.440709],[143.300982,-36.442683],[143.303814,-36.445234],[143.303833,-36.45118],[143.30661,-36.452745],[143.304704,-36.454231],[143.309052,-36.455303],[143.31134,-36.464636],[143.310439,-36.470518],[143.3152,-36.47693],[143.332624,-36.488816],[143.356106,-36.492139],[143.361116,-36.490577],[143.388238,-36.493402],[143.386739,-36.498011],[143.40679,-36.499925],[143.412171,-36.467649],[143.430508,-36.469446],[143.431717,-36.462261],[143.436589,-36.462788],[143.437103,-36.459684],[143.44113,-36.460189],[143.443029,-36.450298],[143.440349,-36.445516],[143.445083,-36.446029],[143.446619,-36.437038],[143.441612,-36.436576],[143.443905,-36.422306],[143.441109,-36.422372],[143.446406,-36.391676],[143.439071,-36.390798],[143.438865,-36.368405],[143.468256,-36.371759],[143.46772,-36.374933],[143.478508,-36.376122],[143.486109,-36.339458],[143.476022,-36.334871],[143.48215,-36.301553],[143.482136,-36.295036],[143.513962,-36.295073],[143.508036,-36.264973],[143.52364,-36.264592],[143.523585,-36.249813],[143.537384,-36.246414],[143.560669,-36.225153],[143.568738,-36.222235],[143.547093,-36.219838],[143.549671,-36.205317],[143.531723,-36.203326],[143.536659,-36.174026],[143.513548,-36.173264],[143.513523,-36.152079],[143.511163,-36.152083],[143.503703,-36.136864],[143.506659,-36.133492],[143.511517,-36.133292],[143.511598,-36.101333],[143.482205,-36.101689],[143.481692,-35.983142],[143.43242,-35.983452],[143.432395,-35.988575],[143.430338,-35.988532],[143.427662,-35.991093],[143.428348,-35.99292],[143.423932,-35.997439],[143.42488,-35.999015],[143.418243,-36.003287],[143.417234,-36.007976],[143.412743,-36.009477],[143.41295,-36.011523],[143.407325,-36.011875],[143.409366,-36.013727],[143.406736,-36.014411],[143.407959,-36.016928],[143.405871,-36.018331],[143.400623,-36.013821],[143.396928,-36.015319],[143.378703,-36.014305],[143.378736,-36.006983],[143.377235,-36.006979],[143.377304,-35.992075],[143.365448,-35.992026],[143.365322,-35.933669],[143.372461,-35.93368],[143.381801,-35.880411],[143.378666,-35.880046],[143.384766,-35.843132],[143.35839,-35.839923],[143.35968,-35.832484],[143.357134,-35.832222],[143.359612,-35.82957],[143.354448,-35.822731],[143.355273,-35.817658],[143.353499,-35.815211],[143.357372,-35.811226],[143.356481,-35.808171],[143.352682,-35.806667],[143.353056,-35.79701],[143.350368,-35.792607],[143.352822,-35.791451],[143.35283,-35.788233],[143.356637,-35.785381],[143.355917,-35.783251],[143.357626,-35.780578],[143.36089,-35.781158],[143.362029,-35.777539],[143.366486,-35.773828],[143.365247,-35.769464],[143.368735,-35.766636],[143.36701,-35.763959],[143.371727,-35.758528],[143.372402,-35.753912],[143.368497,-35.746036],[143.36433,-35.744208],[143.363529,-35.741438],[143.34916,-35.733328],[143.347174,-35.729292],[143.349289,-35.727547],[143.349695,-35.721401],[143.347069,-35.721163],[143.346161,-35.717747],[143.338627,-35.71299],[143.336391,-35.709085],[143.335013,-35.697543],[143.336754,-35.691615],[143.34374,-35.685148],[143.341457,-35.681236],[143.329641,-35.678079],[143.317974,-35.669604],[143.318106,-35.664562],[143.324108,-35.656627],[143.288177,-35.646985],[143.288028,-35.654754],[143.200267,-35.65456],[143.1969,-35.64081],[143.199111,-35.635686],[143.198217,-35.631844],[143.196785,-35.628164],[143.192344,-35.624494],[143.187184,-35.60739],[143.190901,-35.60293],[143.190876,-35.589754],[143.192177,-35.58603],[143.198471,-35.580906],[143.198601,-35.571628],[143.201628,-35.564274],[143.198136,-35.551537],[143.184656,-35.544747],[143.178691,-35.544692],[143.175276,-35.543029],[143.170657,-35.542735],[143.163477,-35.54523],[143.151831,-35.544243],[143.139661,-35.546359],[143.137104,-35.545258],[143.133832,-35.53949],[143.13578,-35.531726],[143.131881,-35.530622],[143.129184,-35.526568],[143.124787,-35.524118],[143.123615,-35.514776],[143.127547,-35.510214],[143.130709,-35.501473],[143.131337,-35.490929],[142.997292,-35.490962],[142.997194,-35.373969],[143.010395,-35.373789],[143.006487,-35.312096],[143.010119,-35.307656],[143.009796,-35.302691],[143.005801,-35.300489],[143.003299,-35.249363],[142.856387,-35.239234],[142.856383,-35.231127],[142.830033,-35.234936],[142.821198,-35.234642],[142.817989,-35.23083],[142.814761,-35.232397],[142.814702,-35.236628],[142.793779,-35.247529],[142.74808,-35.199247],[142.687175,-35.194246],[142.64408,-35.194406],[142.637205,-35.192813],[142.61147,-35.194349],[142.611234,-35.200204],[142.608189,-35.205008],[142.611289,-35.208162],[142.609151,-35.22048],[142.612449,-35.230241],[142.611837,-35.238609],[142.608182,-35.241582],[142.610775,-35.244598],[142.610977,-35.28337],[142.614306,-35.286616],[142.61442,-35.294007],[142.615963,-35.297467],[142.61329,-35.301167],[142.615931,-35.30388],[142.611792,-35.304982],[142.592972,-35.304416],[142.581605,-35.302401],[142.578474,-35.303759],[142.535854,-35.302901],[142.535327,-35.386615],[142.543752,-35.387],[142.543297,-35.475769],[142.722474,-35.475271],[142.721764,-35.735979],[142.601133,-35.736405],[142.601083,-35.932181],[142.597573,-35.932017],[142.60105,-35.934866],[142.600855,-35.997904],[142.604421,-35.99782],[142.604249,-36.120447],[142.631533,-36.120448],[142.631576,-36.125273],[142.680867,-36.096316],[142.680898,-36.099902],[142.70329,-36.100023],[142.73178,-36.103352],[142.728722,-36.120385],[142.728953,-36.147132],[142.727854,-36.147779],[142.743173,-36.147782],[142.742214,-36.153231],[142.747549,-36.153853],[142.7458,-36.163725],[142.742183,-36.163304],[142.741722,-36.165998],[142.736519,-36.165392],[142.735356,-36.183496],[142.732105,-36.183117],[142.73219,-36.209709],[142.725168,-36.20968],[142.725344,-36.224454],[142.728053,-36.224443],[142.728047,-36.239427],[142.722111,-36.239425],[142.722102,-36.262286],[142.743104,-36.264577],[142.740132,-36.282752],[142.727247,-36.281377],[142.725596,-36.291519],[142.721865,-36.291121],[142.719244,-36.307198],[142.73164,-36.298569],[142.731558,-36.375717],[142.734961,-36.376018],[142.742957,-36.393056],[142.731882,-36.397326],[142.731824,-36.405224],[142.762157,-36.405193],[142.762148,-36.408101],[142.798711,-36.408078],[142.798619,-36.437541],[142.816753,-36.43748],[142.816741,-36.459558]]]}},{"type":"Feature","properties":{"code":"AU-LGA-21370","name":"Campaspe","label":"Campaspe","type":"Local government area","parentCode":"AU-VIC"},"geometry":{"type":"Polygon","coordinates":[[[144.3441,-36.385207],[144.358327,-36.38517],[144.358549,-36.391397],[144.360994,-36.391801],[144.359003,-36.394411],[144.361636,-36.39419],[144.362541,-36.396705],[144.368377,-36.39566],[144.369405,-36.407836],[144.39976,-36.40751],[144.415708,-36.396311],[144.430217,-36.411291],[144.430105,-36.406673],[144.668184,-36.406579],[144.66528,-36.410825],[144.669059,-36.412691],[144.669755,-36.41811],[144.672279,-36.419217],[144.674267,-36.425487],[144.669597,-36.424129],[144.66578,-36.427122],[144.66607,-36.431003],[144.661065,-36.433094],[144.658725,-36.44047],[144.661339,-36.439746],[144.663323,-36.441711],[144.671937,-36.443091],[144.673741,-36.447253],[144.670071,-36.447647],[144.668331,-36.450813],[144.671553,-36.457105],[144.667139,-36.458624],[144.667698,-36.460295],[144.665567,-36.461043],[144.66149,-36.459045],[144.659241,-36.463749],[144.656691,-36.463356],[144.653269,-36.465603],[144.65475,-36.472629],[144.649052,-36.474328],[144.646463,-36.471575],[144.639489,-36.474102],[144.633865,-36.480621],[144.631977,-36.480685],[144.629394,-36.477813],[144.623829,-36.478561],[144.620623,-36.481323],[144.621473,-36.484611],[144.623858,-36.484882],[144.622903,-36.487019],[144.626214,-36.492142],[144.621161,-36.494684],[144.618395,-36.492952],[144.611328,-36.499131],[144.614428,-36.499639],[144.612556,-36.5018],[144.615205,-36.504497],[144.616302,-36.50232],[144.621397,-36.501768],[144.623544,-36.504505],[144.61995,-36.508954],[144.613472,-36.510898],[144.610261,-36.516752],[144.612919,-36.520714],[144.620942,-36.520532],[144.626427,-36.524816],[144.626031,-36.527372],[144.623965,-36.528316],[144.620121,-36.525885],[144.613457,-36.528674],[144.60844,-36.528957],[144.60961,-36.532427],[144.612968,-36.532805],[144.61377,-36.535218],[144.616316,-36.534505],[144.617122,-36.537831],[144.61462,-36.543126],[144.606291,-36.546791],[144.608892,-36.550023],[144.608307,-36.552435],[144.611388,-36.552907],[144.610541,-36.555917],[144.608875,-36.55712],[144.606135,-36.554866],[144.601838,-36.554474],[144.587225,-36.557886],[144.587143,-36.562497],[144.595979,-36.568895],[144.59841,-36.574509],[144.589192,-36.583944],[144.585342,-36.582971],[144.583436,-36.584702],[144.589551,-36.592635],[144.589725,-36.594822],[144.586264,-36.598223],[144.581287,-36.596818],[144.577413,-36.599214],[144.578824,-36.602899],[144.571096,-36.607916],[144.57119,-36.610718],[144.566778,-36.614298],[144.561841,-36.613426],[144.560393,-36.616907],[144.563418,-36.618514],[144.563887,-36.620704],[144.559643,-36.624198],[144.560066,-36.627113],[144.548898,-36.632523],[144.543716,-36.641856],[144.54575,-36.646766],[144.539074,-36.649517],[144.539184,-36.653475],[144.537461,-36.655456],[144.531004,-36.659134],[144.525445,-36.659788],[144.525231,-36.663129],[144.528753,-36.665834],[144.528354,-36.670442],[144.531037,-36.672294],[144.529786,-36.679361],[144.53168,-36.685543],[144.53477,-36.688022],[144.532414,-36.69187],[144.526163,-36.689261],[144.522472,-36.693154],[144.526632,-36.701984],[144.52467,-36.706974],[144.519614,-36.711514],[144.518838,-36.714271],[144.520767,-36.715924],[144.518039,-36.725438],[144.667112,-36.725389],[144.666165,-36.762599],[144.679147,-36.761216],[144.722956,-36.760975],[144.728828,-36.758191],[144.734514,-36.758577],[144.740902,-36.755773],[144.750322,-36.757544],[144.755024,-36.751585],[144.766933,-36.747244],[144.77184,-36.749204],[144.771377,-36.751339],[144.85184,-36.750683],[144.931944,-36.747908],[144.932156,-36.699663],[144.986729,-36.699711],[145.017072,-36.668792],[145.016713,-36.675791],[145.020499,-36.681951],[145.042612,-36.682026],[145.042554,-36.672183],[145.037464,-36.672208],[145.043473,-36.65066],[145.087358,-36.675451],[145.131719,-36.67535],[145.131751,-36.587325],[145.150012,-36.5872],[145.14991,-36.560041],[145.154827,-36.559633],[145.153562,-36.557691],[145.154036,-36.537971],[145.157564,-36.530484],[145.151407,-36.527109],[145.149766,-36.498998],[145.031977,-36.49897],[145.031853,-36.426398],[145.031955,-36.342968],[145.150298,-36.343088],[145.150316,-36.284335],[145.131993,-36.284341],[145.131872,-36.180336],[145.127911,-36.183108],[145.124398,-36.17674],[145.121397,-36.179758],[145.117693,-36.176392],[145.114397,-36.176395],[145.112372,-36.167369],[145.108824,-36.166897],[145.106086,-36.169129],[145.101472,-36.167478],[145.100022,-36.163762],[145.094947,-36.164865],[145.091992,-36.161491],[145.089056,-36.161742],[145.091765,-36.159765],[145.091069,-36.157735],[145.088592,-36.158257],[145.086485,-36.161798],[145.082772,-36.162588],[145.081642,-36.165414],[145.079656,-36.16514],[145.077047,-36.16171],[145.077093,-36.164638],[145.070031,-36.165792],[145.067289,-36.169258],[145.063058,-36.16748],[145.063653,-36.17067],[145.062237,-36.171191],[145.060818,-36.170281],[145.060673,-36.164067],[145.057324,-36.164224],[145.056453,-36.162079],[145.054768,-36.164342],[145.046254,-36.161435],[145.045091,-36.16009],[145.046968,-36.157165],[145.044988,-36.156182],[145.042596,-36.157519],[145.041652,-36.154908],[145.040865,-36.158619],[145.039354,-36.158741],[145.038266,-36.157351],[145.039662,-36.154246],[145.035433,-36.155655],[145.036959,-36.151743],[145.032587,-36.152567],[145.032947,-36.154983],[145.030167,-36.155514],[145.031201,-36.152018],[145.02867,-36.148032],[145.026923,-36.14963],[145.027344,-36.154283],[145.021227,-36.154176],[145.023467,-36.159174],[145.02125,-36.158968],[145.019036,-36.155212],[145.016913,-36.15485],[145.015498,-36.157929],[145.017979,-36.161039],[145.015316,-36.161346],[145.010905,-36.155184],[145.014402,-36.152254],[145.010833,-36.15049],[145.01103,-36.147353],[145.009594,-36.147824],[145.008688,-36.151504],[145.006664,-36.150046],[145.007561,-36.146068],[145.012586,-36.145968],[145.009433,-36.141049],[145.011749,-36.138981],[145.003817,-36.136464],[145.003656,-36.139393],[145.001223,-36.139432],[145.001848,-36.13452],[144.998923,-36.133979],[145.003329,-36.130716],[145.003785,-36.128572],[144.99981,-36.128744],[144.996571,-36.124519],[144.993199,-36.123973],[144.994776,-36.119524],[144.992148,-36.117697],[144.995325,-36.114591],[144.989334,-36.114875],[144.986198,-36.118271],[144.986861,-36.120245],[144.983394,-36.121859],[144.984527,-36.125216],[144.979485,-36.123595],[144.981431,-36.127017],[144.976752,-36.124992],[144.97229,-36.12553],[144.974928,-36.119193],[144.969084,-36.120377],[144.966364,-36.116878],[144.963619,-36.116266],[144.966714,-36.11356],[144.963005,-36.112328],[144.967014,-36.110452],[144.961672,-36.109363],[144.960135,-36.106892],[144.956491,-36.108294],[144.952781,-36.113693],[144.942912,-36.109668],[144.939254,-36.113533],[144.936114,-36.109104],[144.931313,-36.109221],[144.93258,-36.104734],[144.926973,-36.105445],[144.930519,-36.100314],[144.924201,-36.098854],[144.925334,-36.092464],[144.920237,-36.094564],[144.918914,-36.092018],[144.916361,-36.091376],[144.918917,-36.088347],[144.914422,-36.088172],[144.914355,-36.086409],[144.911668,-36.086451],[144.909631,-36.083535],[144.905621,-36.084503],[144.903864,-36.077801],[144.901831,-36.079203],[144.90114,-36.083756],[144.899368,-36.08246],[144.899115,-36.079421],[144.896581,-36.079467],[144.896235,-36.083637],[144.897677,-36.085595],[144.896307,-36.088613],[144.894015,-36.087837],[144.892816,-36.085026],[144.890764,-36.085881],[144.891265,-36.088792],[144.895192,-36.092095],[144.889704,-36.093943],[144.883949,-36.092637],[144.882082,-36.089222],[144.874773,-36.094252],[144.874738,-36.090421],[144.870002,-36.088534],[144.868659,-36.08909],[144.869426,-36.09243],[144.867544,-36.092704],[144.8644,-36.087954],[144.861179,-36.087933],[144.861155,-36.084649],[144.860247,-36.089733],[144.852645,-36.090158],[144.854505,-36.092954],[144.849727,-36.093358],[144.851991,-36.095143],[144.849513,-36.099399],[144.856045,-36.098307],[144.857923,-36.098924],[144.858227,-36.101319],[144.857569,-36.103188],[144.852156,-36.103767],[144.852533,-36.106867],[144.848973,-36.102489],[144.846687,-36.106496],[144.849672,-36.108059],[144.847713,-36.109489],[144.841879,-36.105375],[144.841623,-36.101768],[144.834937,-36.102476],[144.832237,-36.104924],[144.829795,-36.10278],[144.823923,-36.10259],[144.81971,-36.10794],[144.817215,-36.104974],[144.810192,-36.10225],[144.816362,-36.109681],[144.81346,-36.110602],[144.806405,-36.107445],[144.807874,-36.110131],[144.807139,-36.113407],[144.812147,-36.112651],[144.813368,-36.1139],[144.809806,-36.118143],[144.808497,-36.123266],[144.805451,-36.123742],[144.802007,-36.120163],[144.796582,-36.119856],[144.796204,-36.116713],[144.80046,-36.11506],[144.798558,-36.113187],[144.796645,-36.114044],[144.791927,-36.122637],[144.788044,-36.121249],[144.785271,-36.122289],[144.788117,-36.124953],[144.787616,-36.127067],[144.77798,-36.129906],[144.773456,-36.125425],[144.773623,-36.120883],[144.771262,-36.119496],[144.771561,-36.116004],[144.768422,-36.115837],[144.764138,-36.119597],[144.756873,-36.118768],[144.753391,-36.122452],[144.747829,-36.121527],[144.7448,-36.11635],[144.743478,-36.108988],[144.740664,-36.107574],[144.731274,-36.11194],[144.735206,-36.115448],[144.733694,-36.117024],[144.726257,-36.117595],[144.725399,-36.112306],[144.722002,-36.114513],[144.718408,-36.113552],[144.717428,-36.110955],[144.719699,-36.106203],[144.719137,-36.100667],[144.725386,-36.098893],[144.723356,-36.094573],[144.726035,-36.090622],[144.725196,-36.089299],[144.719861,-36.090595],[144.719031,-36.085892],[144.715133,-36.086277],[144.712039,-36.091131],[144.7071,-36.09292],[144.698892,-36.087246],[144.697528,-36.094035],[144.692903,-36.091178],[144.688989,-36.095511],[144.684246,-36.095518],[144.68479,-36.090256],[144.682387,-36.083963],[144.686015,-36.081041],[144.686338,-36.075341],[144.691544,-36.073107],[144.69245,-36.069826],[144.687955,-36.066368],[144.689646,-36.062849],[144.688715,-36.061272],[144.678656,-36.062466],[144.678545,-36.06926],[144.67412,-36.067948],[144.669949,-36.071581],[144.667862,-36.068584],[144.664741,-36.076518],[144.660875,-36.07583],[144.658028,-36.070366],[144.654971,-36.075336],[144.652803,-36.07359],[144.654153,-36.067009],[144.652206,-36.063042],[144.653198,-36.053227],[144.646894,-36.05094],[144.646418,-36.056105],[144.643927,-36.056651],[144.641321,-36.055428],[144.637543,-36.047412],[144.63275,-36.048084],[144.629365,-36.051028],[144.625005,-36.052068],[144.627464,-36.058526],[144.626295,-36.061788],[144.618306,-36.059695],[144.619731,-36.063158],[144.625088,-36.063291],[144.628228,-36.065247],[144.620982,-36.071007],[144.622158,-36.076195],[144.617676,-36.077178],[144.610454,-36.071491],[144.615832,-36.066569],[144.611507,-36.066411],[144.608438,-36.063628],[144.613703,-36.05106],[144.617558,-36.046891],[144.61701,-36.044825],[144.613054,-36.04279],[144.618904,-36.039076],[144.615366,-36.03568],[144.615479,-36.031581],[144.606079,-36.03636],[144.606408,-36.037944],[144.610191,-36.03947],[144.606657,-36.042555],[144.603045,-36.041987],[144.599067,-36.0374],[144.59206,-36.04338],[144.590278,-36.042857],[144.588818,-36.038339],[144.583281,-36.039012],[144.58342,-36.033021],[144.581295,-36.029932],[144.585819,-36.028959],[144.586451,-36.027169],[144.579338,-36.021014],[144.573148,-36.024602],[144.571134,-36.024066],[144.570505,-36.017086],[144.566409,-36.018247],[144.564173,-36.016984],[144.565229,-36.010796],[144.563391,-36.007793],[144.561201,-36.007947],[144.561044,-36.013045],[144.557661,-36.014094],[144.553667,-36.002971],[144.547755,-36.005104],[144.546645,-36.004063],[144.547462,-36.000609],[144.53971,-36.001262],[144.529761,-35.994391],[144.519751,-35.995992],[144.515792,-35.994426],[144.512404,-35.988649],[144.516957,-35.985812],[144.51681,-35.978675],[144.521696,-35.972019],[144.517898,-35.969136],[144.513995,-35.974351],[144.510817,-35.973871],[144.509803,-35.972041],[144.510869,-35.969502],[144.515422,-35.96678],[144.515167,-35.965453],[144.512103,-35.965407],[144.506878,-35.971079],[144.500473,-35.970227],[144.499292,-35.967627],[144.502375,-35.964102],[144.503383,-35.958978],[144.50137,-35.95807],[144.499787,-35.965166],[144.496717,-35.968969],[144.493653,-35.968392],[144.491581,-35.965193],[144.489459,-35.965672],[144.487396,-35.96397],[144.488644,-35.95711],[144.483387,-35.959983],[144.481236,-35.958595],[144.483559,-35.954912],[144.481838,-35.953587],[144.482385,-35.951742],[144.48789,-35.95119],[144.487588,-35.949499],[144.483033,-35.949475],[144.479764,-35.953282],[144.477684,-35.951427],[144.480905,-35.947376],[144.479421,-35.945262],[144.476447,-35.945696],[144.47497,-35.947873],[144.471766,-35.945804],[144.466932,-35.946189],[144.467556,-35.943271],[144.472239,-35.940713],[144.470249,-35.939499],[144.463853,-35.940572],[144.463879,-35.938021],[144.467497,-35.935457],[144.466559,-35.933589],[144.461833,-35.934409],[144.461828,-35.938393],[144.460471,-35.939581],[144.458556,-35.938801],[144.457591,-35.935725],[144.45329,-35.937139],[144.44698,-35.935518],[144.445603,-35.931126],[144.44242,-35.932924],[144.439141,-35.931151],[144.439351,-35.924639],[144.435666,-35.924848],[144.43286,-35.920128],[144.426511,-35.918731],[144.426759,-35.91349],[144.422953,-35.911615],[144.423435,-35.905992],[144.420358,-35.906241],[144.420807,-35.91083],[144.416985,-35.910459],[144.415729,-35.9089],[144.416952,-35.905708],[144.421016,-35.902668],[144.42488,-35.902409],[144.424387,-35.900181],[144.418937,-35.900172],[144.41463,-35.904883],[144.409109,-35.904656],[144.407401,-35.90233],[144.408545,-35.898878],[144.404141,-35.895006],[144.380837,-35.884126],[144.361722,-35.886283],[144.35023,-35.891294],[144.349803,-35.893714],[144.343568,-35.894313],[144.344132,-35.9022],[144.341958,-35.906611],[144.347127,-35.906865],[144.349073,-35.9109],[144.351545,-35.908611],[144.354849,-35.909291],[144.354781,-35.912364],[144.352155,-35.916128],[144.353416,-35.91952],[144.350367,-35.920502],[144.349773,-35.924288],[144.346042,-35.928115],[144.338642,-35.925205],[144.330889,-35.927549],[144.335574,-35.934183],[144.306206,-35.934142],[144.301521,-35.930271],[144.301519,-35.928732],[144.294664,-35.925437],[144.28374,-35.923639],[144.26297,-35.93145],[144.259317,-35.946621],[144.26774,-35.960053],[144.280063,-35.969984],[144.291409,-35.984414],[144.287716,-35.984786],[144.289058,-35.98796],[144.285301,-35.986827],[144.285265,-35.989668],[144.28138,-35.989034],[144.28038,-35.993269],[144.276949,-35.993981],[144.279873,-35.998548],[144.277007,-35.999564],[144.27628,-36.003554],[144.27935,-36.006341],[144.279947,-36.01327],[144.286569,-36.018695],[144.291008,-36.018915],[144.29346,-36.024532],[144.300231,-36.02994],[144.304859,-36.032527],[144.30669,-36.031875],[144.309431,-36.037305],[144.308853,-36.042722],[144.316138,-36.043889],[144.315105,-36.046674],[144.317848,-36.049826],[144.309319,-36.053188],[144.309301,-36.05523],[144.307013,-36.055831],[144.303939,-36.061291],[144.306448,-36.062055],[144.307884,-36.065043],[144.306257,-36.06786],[144.306452,-36.071977],[144.313109,-36.075453],[144.313729,-36.08564],[144.318353,-36.0919],[144.318674,-36.101185],[144.314828,-36.100262],[144.309059,-36.105357],[144.306942,-36.110148],[144.308525,-36.113956],[144.305145,-36.115493],[144.30601,-36.118491],[144.302741,-36.121562],[144.302265,-36.12542],[144.295503,-36.122795],[144.295082,-36.125776],[144.291903,-36.125231],[144.289243,-36.129174],[144.290412,-36.131346],[144.288187,-36.133923],[144.289187,-36.136283],[144.286956,-36.138344],[144.285602,-36.143755],[144.286817,-36.148806],[144.283176,-36.152324],[144.28653,-36.15343],[144.285071,-36.158441],[144.286562,-36.1632],[144.28956,-36.163671],[144.289096,-36.166686],[144.281078,-36.173931],[144.282367,-36.181609],[144.27675,-36.188149],[144.27882,-36.19453],[144.277686,-36.197457],[144.272237,-36.202074],[144.270229,-36.210107],[144.271852,-36.211523],[144.270291,-36.213368],[144.270673,-36.21983],[144.267674,-36.222028],[144.266791,-36.224783],[144.272989,-36.22939],[144.270855,-36.231833],[144.273518,-36.235428],[144.269793,-36.237651],[144.271291,-36.239],[144.270954,-36.243877],[144.275075,-36.247351],[144.273545,-36.24859],[144.275282,-36.253428],[144.27377,-36.255005],[144.281643,-36.262607],[144.281735,-36.32771],[144.33184,-36.327705],[144.331895,-36.370842],[144.329895,-36.370841],[144.330044,-36.38506],[144.3441,-36.385207]]]}},{"type":"Feature","properties":{"code":"AU-LGA-21450","name":"Cardinia","label":"Cardinia","type":"Local government area","parentCode":"AU-VIC"},"geometry":{"type":"Polygon","coordinates":[[[145.520675,-38.306659],[145.541811,-38.309372],[145.545787,-38.291324],[145.553673,-38.293558],[145.565288,-38.303278],[145.582129,-38.312665],[145.584799,-38.320748],[145.593623,-38.330086],[145.605689,-38.332444],[145.609266,-38.314698],[145.607137,-38.315251],[145.612454,-38.28556],[145.614729,-38.287982],[145.618923,-38.289058],[145.625048,-38.286063],[145.630619,-38.286469],[145.638558,-38.282492],[145.638144,-38.284844],[145.680281,-38.289584],[145.681498,-38.282219],[145.690939,-38.283076],[145.689646,-38.290106],[145.698733,-38.291119],[145.699718,-38.285648],[145.732686,-38.289362],[145.736545,-38.268859],[145.73295,-38.268583],[145.736363,-38.248963],[145.731451,-38.251046],[145.719127,-38.249374],[145.712837,-38.251788],[145.715179,-38.23862],[145.712962,-38.23925],[145.716267,-38.221577],[145.714705,-38.221388],[145.717418,-38.206713],[145.700808,-38.205913],[145.7029,-38.194804],[145.707848,-38.190809],[145.729731,-38.153967],[145.748483,-38.142813],[145.757906,-38.115626],[145.762792,-38.108933],[145.748737,-38.102463],[145.739217,-38.100517],[145.747223,-38.091571],[145.74527,-38.086147],[145.75276,-38.082222],[145.754448,-38.079185],[145.754276,-38.073194],[145.752091,-38.070465],[145.753288,-38.069426],[145.752729,-38.065792],[145.755688,-38.061142],[145.754157,-38.056677],[145.757237,-38.054125],[145.754677,-38.04993],[145.755637,-38.046587],[145.75757,-38.046325],[145.755095,-38.039969],[145.757002,-38.038339],[145.755335,-38.031616],[145.758123,-38.028395],[145.757195,-38.025714],[145.764864,-38.018912],[145.764946,-38.008282],[145.761147,-37.997962],[145.762542,-37.99071],[145.755147,-37.984885],[145.756018,-37.982536],[145.74973,-37.977026],[145.739584,-37.971781],[145.731061,-37.959761],[145.733808,-37.956282],[145.736908,-37.95526],[145.734872,-37.950172],[145.741178,-37.948352],[145.741913,-37.943533],[145.74698,-37.938264],[145.74649,-37.934614],[145.74172,-37.929598],[145.741258,-37.927104],[145.746963,-37.923977],[145.7475,-37.919225],[145.750813,-37.917158],[145.755562,-37.908887],[145.76263,-37.903254],[145.765142,-37.898607],[145.751919,-37.904038],[145.74812,-37.907519],[145.737901,-37.901993],[145.72923,-37.902859],[145.72716,-37.899808],[145.728077,-37.896914],[145.724225,-37.893619],[145.721547,-37.885226],[145.716102,-37.883742],[145.712976,-37.88606],[145.707083,-37.887183],[145.699488,-37.88511],[145.693894,-37.885994],[145.686859,-37.880802],[145.684952,-37.883091],[145.686318,-37.888806],[145.679672,-37.893536],[145.670542,-37.894297],[145.669079,-37.899529],[145.671133,-37.903408],[145.670706,-37.907129],[145.662238,-37.908795],[145.657961,-37.907977],[145.650576,-37.91268],[145.652612,-37.916422],[145.642095,-37.918351],[145.626047,-37.917571],[145.625116,-37.916963],[145.627931,-37.904015],[145.603738,-37.9011],[145.604332,-37.898004],[145.589943,-37.896263],[145.588159,-37.897566],[145.576296,-37.897539],[145.575239,-37.899329],[145.570505,-37.895926],[145.569049,-37.89798],[145.56755,-37.896998],[145.568834,-37.893292],[145.56247,-37.885431],[145.562295,-37.881923],[145.55539,-37.878835],[145.553323,-37.873579],[145.551197,-37.872134],[145.541086,-37.871602],[145.537086,-37.866968],[145.530701,-37.866467],[145.530745,-37.864362],[145.528127,-37.861571],[145.522555,-37.857895],[145.51914,-37.857741],[145.524597,-37.859945],[145.526772,-37.863609],[145.526302,-37.868458],[145.528292,-37.870855],[145.528933,-37.87537],[145.52558,-37.882725],[145.526863,-37.885307],[145.525518,-37.88739],[145.522406,-37.887068],[145.520926,-37.88983],[145.507713,-37.899824],[145.497822,-37.900352],[145.489935,-37.898279],[145.48972,-37.899379],[145.481598,-37.898413],[145.479668,-37.900657],[145.473831,-37.89997],[145.470518,-37.901121],[145.469113,-37.910182],[145.466677,-37.912008],[145.45945,-37.905341],[145.456553,-37.907198],[145.444609,-37.906246],[145.442657,-37.907005],[145.442029,-37.909734],[145.43968,-37.91002],[145.438716,-37.914564],[145.428507,-37.913479],[145.425514,-37.919925],[145.422924,-37.919174],[145.419689,-37.926365],[145.41705,-37.922888],[145.415992,-37.928271],[145.411257,-37.927665],[145.411568,-37.926153],[145.409262,-37.927418],[145.400764,-37.926291],[145.400768,-37.923601],[145.398479,-37.921281],[145.389809,-37.924273],[145.38408,-37.929592],[145.385671,-37.936039],[145.382174,-37.941159],[145.38513,-37.952837],[145.382279,-37.955928],[145.388126,-37.95729],[145.388038,-37.970968],[145.384267,-37.970629],[145.383416,-37.974726],[145.379549,-37.973967],[145.382466,-37.98459],[145.375862,-37.989749],[145.377479,-37.995221],[145.379837,-37.996898],[145.377871,-38.001355],[145.385138,-38.008566],[145.383765,-38.011466],[145.385456,-38.013258],[145.379423,-38.016276],[145.379875,-38.019165],[145.377493,-38.02264],[145.377265,-38.02625],[145.365933,-38.038816],[145.367059,-38.040948],[145.364789,-38.044437],[145.366699,-38.047384],[145.364017,-38.051751],[145.371593,-38.056356],[145.370494,-38.057398],[145.371779,-38.059073],[145.375246,-38.05952],[145.376228,-38.064837],[145.380841,-38.06692],[145.379942,-38.068696],[145.381846,-38.069825],[145.377796,-38.070867],[145.375976,-38.07864],[145.380405,-38.081597],[145.382294,-38.090778],[145.39781,-38.099929],[145.398468,-38.104913],[145.400623,-38.107833],[145.399005,-38.113295],[145.40181,-38.119081],[145.388468,-38.120531],[145.38339,-38.125625],[145.399485,-38.142984],[145.388866,-38.192503],[145.395675,-38.193375],[145.395237,-38.195481],[145.418322,-38.198478],[145.41667,-38.203823],[145.421771,-38.209638],[145.427046,-38.211218],[145.430451,-38.215724],[145.435583,-38.215448],[145.435964,-38.217552],[145.439091,-38.216307],[145.438391,-38.214388],[145.441762,-38.218679],[145.452472,-38.218747],[145.459997,-38.228025],[145.474371,-38.2295],[145.479186,-38.232288],[145.483014,-38.231969],[145.485596,-38.234129],[145.488994,-38.233401],[145.488538,-38.238316],[145.491043,-38.239693],[145.491023,-38.242458],[145.492853,-38.243877],[145.49085,-38.245508],[145.490365,-38.250628],[145.494539,-38.256282],[145.495942,-38.263609],[145.497738,-38.264461],[145.49797,-38.274064],[145.504603,-38.283523],[145.517956,-38.290881],[145.522215,-38.299275],[145.520675,-38.306659]]]}},{"type":"Feature","properties":{"code":"AU-LGA-21610","name":"Casey","label":"Casey","type":"Local government area","parentCode":"AU-VIC"},"geometry":{"type":"Polygon","coordinates":[[[145.293187,-37.964855],[145.289042,-37.962926],[145.28862,-37.959152],[145.289906,-37.957588],[145.283564,-37.95513],[145.279627,-37.947583],[145.233256,-37.941877],[145.2292,-37.952063],[145.232187,-37.952564],[145.233642,-37.954838],[145.232865,-37.970346],[145.235687,-37.97414],[145.23495,-37.978336],[145.231855,-37.980945],[145.232047,-37.985459],[145.226531,-37.993458],[145.228659,-37.993758],[145.22733,-38.000757],[145.251859,-38.003622],[145.246653,-38.026541],[145.24685,-38.040166],[145.215773,-38.200639],[145.215453,-38.208716],[145.229944,-38.220584],[145.254779,-38.223049],[145.259065,-38.225737],[145.260299,-38.223411],[145.259001,-38.222329],[145.261462,-38.22444],[145.261364,-38.22242],[145.2629,-38.222066],[145.267926,-38.224649],[145.271581,-38.222952],[145.273643,-38.229223],[145.278635,-38.234387],[145.273628,-38.242964],[145.279879,-38.246794],[145.312673,-38.248039],[145.311266,-38.246457],[145.322157,-38.241096],[145.324169,-38.242543],[145.326411,-38.23507],[145.332588,-38.236134],[145.335197,-38.232282],[145.336966,-38.233081],[145.341342,-38.229552],[145.342983,-38.226273],[145.339588,-38.223073],[145.340211,-38.218727],[145.343814,-38.216478],[145.342143,-38.215848],[145.342916,-38.21499],[145.347078,-38.213557],[145.353384,-38.214712],[145.36559,-38.222098],[145.384372,-38.220957],[145.389663,-38.22243],[145.38772,-38.218687],[145.38984,-38.220666],[145.391972,-38.219591],[145.390745,-38.220972],[145.392267,-38.22425],[145.412135,-38.227903],[145.416103,-38.225909],[145.422671,-38.216882],[145.430503,-38.216507],[145.430648,-38.214386],[145.427046,-38.211218],[145.421771,-38.209638],[145.41667,-38.203823],[145.418322,-38.198478],[145.395237,-38.195481],[145.395675,-38.193375],[145.388866,-38.192503],[145.399485,-38.142984],[145.38339,-38.125625],[145.388468,-38.120531],[145.40181,-38.119081],[145.399005,-38.113295],[145.400623,-38.107833],[145.398468,-38.104913],[145.39781,-38.099929],[145.382294,-38.090778],[145.380405,-38.081597],[145.375976,-38.07864],[145.377796,-38.070867],[145.381846,-38.069825],[145.379942,-38.068696],[145.380841,-38.06692],[145.376228,-38.064837],[145.375246,-38.05952],[145.371779,-38.059073],[145.370494,-38.057398],[145.371593,-38.056356],[145.364017,-38.051751],[145.366699,-38.047384],[145.364789,-38.044437],[145.367059,-38.040948],[145.365933,-38.038816],[145.377265,-38.02625],[145.377493,-38.02264],[145.379875,-38.019165],[145.379423,-38.016276],[145.385413,-38.013483],[145.383765,-38.011466],[145.385138,-38.008566],[145.377871,-38.001355],[145.379837,-37.996898],[145.377479,-37.995221],[145.375862,-37.989749],[145.382466,-37.98459],[145.381894,-37.980315],[145.379217,-37.975015],[145.357969,-37.971281],[145.319247,-37.966321],[145.317005,-37.967831],[145.293187,-37.964855]]]}},{"type":"Feature","properties":{"code":"AU-LGA-21670","name":"Central Goldfields","label":"Central Goldfields","type":"Local government area","parentCode":"AU-VIC"},"geometry":{"type":"Polygon","coordinates":[[[143.665135,-37.236642],[143.671703,-37.23323],[143.676595,-37.234269],[143.679094,-37.23257],[143.681722,-37.233996],[143.687032,-37.228948],[143.690413,-37.229544],[143.691975,-37.232292],[143.702679,-37.229638],[143.704602,-37.230931],[143.707793,-37.2294],[143.709698,-37.230963],[143.713921,-37.230268],[143.714713,-37.227693],[143.716808,-37.227429],[143.716286,-37.225043],[143.719535,-37.223893],[143.72015,-37.221778],[143.724367,-37.22098],[143.72283,-37.217374],[143.727017,-37.213658],[143.729842,-37.219406],[143.732617,-37.214553],[143.744313,-37.221105],[143.753311,-37.230938],[143.758901,-37.233093],[143.76629,-37.228221],[143.820197,-37.235207],[143.822067,-37.225932],[143.833551,-37.22625],[143.836998,-37.232833],[143.858443,-37.235334],[143.860278,-37.234285],[143.867248,-37.195259],[143.875008,-37.186389],[143.951028,-37.19416],[143.951589,-37.190952],[143.955161,-37.188098],[143.954212,-37.18587],[143.956883,-37.18318],[143.960112,-37.182652],[143.962656,-37.176521],[143.961674,-37.173225],[143.959279,-37.172779],[143.959617,-37.170863],[143.961501,-37.170375],[143.958904,-37.1683],[143.960854,-37.164463],[143.963864,-37.163241],[143.963482,-37.158092],[143.96168,-37.155341],[143.962955,-37.148713],[143.955187,-37.139884],[143.962887,-37.129306],[143.961056,-37.123653],[143.962749,-37.117623],[143.96179,-37.115866],[143.965296,-37.110844],[143.963469,-37.107566],[143.965823,-37.104328],[143.964638,-37.100763],[143.969608,-37.097509],[143.969944,-37.092612],[143.971968,-37.091553],[143.979709,-37.099382],[143.982177,-37.095761],[143.981529,-37.092131],[143.98615,-37.086796],[143.994513,-37.084721],[143.999477,-37.078796],[144.012059,-37.076812],[144.01379,-37.074004],[144.012594,-37.066746],[144.006421,-37.05902],[143.991599,-37.054034],[143.989775,-37.047753],[143.983864,-37.042936],[143.981457,-37.036975],[143.975431,-37.0328],[143.973451,-37.029365],[143.899535,-37.021094],[143.895705,-37.02356],[143.899704,-37.000542],[143.882294,-36.998558],[143.884251,-36.986312],[143.830644,-36.980719],[143.833609,-36.9806],[143.835905,-36.97859],[143.834009,-36.973545],[143.837045,-36.971798],[143.836533,-36.969182],[143.834564,-36.96837],[143.836417,-36.963262],[143.841387,-36.961864],[143.845613,-36.962912],[143.847246,-36.959978],[143.846304,-36.957713],[143.851841,-36.957326],[143.859888,-36.949952],[143.855611,-36.947101],[143.855681,-36.944083],[143.852219,-36.937317],[143.848643,-36.934598],[143.849835,-36.930421],[143.846524,-36.928041],[143.853904,-36.922548],[143.85746,-36.916306],[143.862976,-36.915506],[143.863288,-36.909549],[143.867217,-36.906963],[143.865545,-36.90393],[143.866401,-36.901243],[143.855828,-36.900021],[143.858532,-36.885784],[143.849215,-36.88486],[143.846386,-36.88046],[143.802773,-36.874081],[143.790179,-36.874644],[143.767841,-36.869015],[143.756848,-36.867779],[143.754253,-36.860867],[143.75609,-36.860317],[143.755177,-36.857569],[143.758857,-36.842933],[143.717798,-36.837574],[143.701675,-36.823368],[143.685884,-36.819377],[143.67973,-36.816356],[143.676987,-36.811593],[143.680249,-36.799182],[143.674844,-36.768971],[143.66737,-36.756275],[143.671936,-36.756787],[143.6743,-36.749495],[143.674501,-36.742293],[143.665019,-36.741106],[143.669638,-36.723686],[143.632426,-36.7211],[143.632809,-36.728306],[143.629224,-36.732414],[143.62842,-36.735773],[143.57379,-36.729007],[143.568528,-36.741791],[143.550352,-36.739741],[143.548333,-36.742892],[143.53944,-36.740441],[143.49544,-36.740841],[143.495654,-36.755421],[143.46336,-36.755337],[143.46575,-36.759976],[143.471321,-36.760986],[143.475416,-36.765763],[143.479711,-36.767507],[143.477564,-36.770649],[143.480587,-36.774329],[143.486674,-36.777628],[143.49005,-36.78933],[143.495763,-36.795586],[143.498046,-36.794812],[143.500564,-36.797035],[143.501779,-36.803895],[143.505202,-36.805093],[143.506897,-36.807905],[143.507465,-36.812808],[143.504117,-36.813841],[143.504074,-36.817848],[143.499043,-36.821479],[143.498777,-36.826571],[143.501187,-36.829784],[143.500632,-36.838623],[143.510197,-36.848673],[143.511008,-36.858827],[143.507571,-36.862318],[143.510287,-36.868665],[143.507494,-36.873839],[143.507919,-36.878723],[143.50466,-36.87981],[143.505481,-36.880803],[143.502024,-36.887102],[143.495338,-36.891058],[143.48821,-36.888311],[143.486297,-36.893278],[143.482015,-36.895031],[143.484923,-36.9004],[143.475497,-36.905823],[143.476507,-36.908467],[143.474219,-36.910094],[143.467387,-36.91147],[143.466909,-36.916802],[143.468976,-36.925431],[143.466751,-36.930585],[143.469942,-36.931398],[143.472431,-36.93886],[143.506958,-36.942735],[143.506482,-36.945353],[143.54246,-36.949217],[143.54341,-36.943959],[143.577238,-36.948386],[143.581961,-36.945104],[143.593529,-36.956168],[143.574682,-36.968991],[143.577553,-36.971677],[143.575801,-36.981516],[143.594678,-36.988864],[143.603665,-36.989919],[143.60203,-36.999501],[143.594181,-36.998603],[143.592077,-37.010825],[143.579753,-37.00941],[143.575694,-37.031831],[143.562532,-37.033604],[143.55202,-37.094139],[143.565275,-37.095641],[143.560869,-37.097916],[143.562314,-37.099832],[143.559941,-37.108396],[143.562729,-37.116511],[143.564243,-37.116895],[143.564906,-37.114132],[143.567375,-37.112958],[143.569546,-37.113728],[143.570551,-37.116238],[143.572504,-37.115668],[143.573512,-37.113038],[143.578126,-37.115116],[143.578935,-37.123308],[143.581705,-37.125559],[143.580899,-37.128281],[143.58295,-37.131924],[143.580532,-37.139311],[143.574101,-37.142563],[143.570618,-37.150112],[143.566552,-37.152518],[143.563524,-37.151837],[143.557277,-37.156082],[143.555476,-37.159144],[143.551921,-37.15873],[143.553496,-37.162725],[143.55112,-37.167984],[143.553449,-37.170787],[143.549828,-37.176081],[143.551599,-37.178328],[143.55096,-37.180468],[143.585418,-37.18454],[143.58229,-37.20172],[143.640646,-37.208298],[143.636406,-37.23082],[143.665611,-37.234306],[143.665135,-37.236642]]]}},{"type":"Feature","properties":{"code":"AU-LGA-21750","name":"Colac Otway","label":"Colac Otway","type":"Local government area","parentCode":"AU-VIC"},"geometry":{"type":"MultiPolygon","coordinates":[[[[143.402632,-38.781517],[143.402944,-38.781103],[143.402574,-38.781093],[143.402632,-38.781517]]],[[[143.287117,-38.757522],[143.296501,-38.755272],[143.29625,-38.753688],[143.29895,-38.751454],[143.303425,-38.750067],[143.312702,-38.751389],[143.32623,-38.757029],[143.330003,-38.756599],[143.330695,-38.755002],[143.334401,-38.756513],[143.339091,-38.754792],[143.347572,-38.755774],[143.347412,-38.754225],[143.351697,-38.75538],[143.356477,-38.75393],[143.373056,-38.7597],[143.396242,-38.771885],[143.401771,-38.776336],[143.401521,-38.780157],[143.403139,-38.780974],[143.405402,-38.779496],[143.408294,-38.78275],[143.415803,-38.780892],[143.420205,-38.782966],[143.42281,-38.781749],[143.429183,-38.783678],[143.43345,-38.789202],[143.464121,-38.808847],[143.467958,-38.81461],[143.492044,-38.836237],[143.493845,-38.840679],[143.492832,-38.84388],[143.499349,-38.847054],[143.502203,-38.849447],[143.502674,-38.852544],[143.510925,-38.857567],[143.518685,-38.855127],[143.527503,-38.856075],[143.543618,-38.853423],[143.554307,-38.855624],[143.561528,-38.848388],[143.560653,-38.845486],[143.564893,-38.845201],[143.579614,-38.835971],[143.584317,-38.830353],[143.583144,-38.826536],[143.585658,-38.821812],[143.595253,-38.815396],[143.597522,-38.812848],[143.597129,-38.811275],[143.616037,-38.795496],[143.622213,-38.792511],[143.646433,-38.791273],[143.666018,-38.779366],[143.664209,-38.777286],[143.666701,-38.768302],[143.679947,-38.760825],[143.67459,-38.758908],[143.674723,-38.757167],[143.672058,-38.757591],[143.670419,-38.752371],[143.673797,-38.745142],[143.681552,-38.737474],[143.704624,-38.728072],[143.70947,-38.72758],[143.711058,-38.725374],[143.716847,-38.725617],[143.722667,-38.722238],[143.726656,-38.721783],[143.726684,-38.719049],[143.728561,-38.717785],[143.749995,-38.713143],[143.756728,-38.706694],[143.760765,-38.706763],[143.764379,-38.704808],[143.768635,-38.706469],[143.772382,-38.7047],[143.774781,-38.705455],[143.776653,-38.702513],[143.794391,-38.697606],[143.801807,-38.697834],[143.810416,-38.693013],[143.814924,-38.69371],[143.819028,-38.691898],[143.831237,-38.693331],[143.840418,-38.69098],[143.839966,-38.682591],[143.842068,-38.679066],[143.866232,-38.671655],[143.863491,-38.669504],[143.863079,-38.666818],[143.864876,-38.661467],[143.870966,-38.656805],[143.87029,-38.655258],[143.873179,-38.652183],[143.883964,-38.647746],[143.887301,-38.643372],[143.894282,-38.641484],[143.892183,-38.639365],[143.891454,-38.635138],[143.90816,-38.625853],[143.912704,-38.617622],[143.916222,-38.614415],[143.915719,-38.611706],[143.921585,-38.601457],[143.919544,-38.596934],[143.922058,-38.594136],[143.926433,-38.590586],[143.93401,-38.587976],[143.938702,-38.583031],[143.945699,-38.580182],[143.824538,-38.566574],[143.826255,-38.557332],[143.837867,-38.5588],[143.843156,-38.555266],[143.842682,-38.553399],[143.84518,-38.54873],[143.850596,-38.546911],[143.851925,-38.544686],[143.850981,-38.529862],[143.85529,-38.523948],[143.845018,-38.522806],[143.847089,-38.511829],[143.834943,-38.510561],[143.878786,-38.276192],[143.833848,-38.290971],[143.833959,-38.282383],[143.84133,-38.2429],[143.839836,-38.231912],[143.84589,-38.199415],[143.845285,-38.184932],[143.851009,-38.175061],[143.850323,-38.170793],[143.857465,-38.1334],[143.809871,-38.127686],[143.810929,-38.120585],[143.821867,-38.104332],[143.824342,-38.091873],[143.828417,-38.092181],[143.824569,-38.080951],[143.818598,-38.080137],[143.829721,-38.02235],[143.766973,-38.019754],[143.736152,-38.027336],[143.707881,-38.026974],[143.672415,-38.029387],[143.628919,-38.023393],[143.629862,-38.027836],[143.626146,-38.034041],[143.622442,-38.030609],[143.62114,-38.032269],[143.622,-38.036114],[143.619223,-38.038516],[143.617262,-38.036922],[143.617672,-38.033279],[143.616359,-38.032396],[143.611895,-38.035176],[143.612375,-38.039293],[143.615617,-38.041851],[143.611863,-38.050307],[143.613125,-38.053804],[143.619544,-38.054091],[143.616546,-38.057341],[143.615668,-38.060969],[143.629705,-38.071337],[143.631864,-38.076872],[143.634895,-38.077086],[143.635958,-38.087194],[143.634865,-38.089145],[143.630027,-38.090285],[143.629182,-38.092446],[143.624113,-38.094396],[143.602985,-38.093956],[143.602102,-38.095572],[143.604367,-38.102832],[143.600931,-38.101538],[143.600092,-38.105589],[143.594813,-38.108194],[143.57661,-38.107346],[143.573494,-38.104732],[143.574828,-38.101501],[143.573209,-38.100951],[143.560333,-38.099674],[143.552578,-38.101581],[143.54957,-38.10382],[143.546071,-38.104037],[143.543199,-38.10777],[143.540586,-38.107843],[143.533087,-38.121241],[143.52531,-38.125194],[143.517339,-38.124814],[143.513853,-38.129037],[143.510803,-38.129987],[143.499438,-38.128512],[143.48969,-38.132287],[143.47699,-38.130291],[143.473802,-38.127617],[143.474809,-38.12379],[143.473777,-38.121071],[143.469164,-38.121253],[143.467164,-38.127185],[143.468905,-38.127444],[143.469145,-38.129531],[143.464859,-38.13481],[143.466555,-38.136736],[143.46736,-38.144862],[143.464539,-38.149091],[143.471565,-38.153514],[143.474627,-38.157804],[143.475803,-38.163374],[143.474524,-38.172966],[143.470425,-38.181363],[143.460337,-38.18958],[143.456798,-38.19062],[143.457777,-38.193388],[143.459704,-38.192137],[143.459868,-38.193867],[143.454872,-38.197563],[143.450481,-38.1977],[143.445413,-38.193058],[143.445998,-38.190165],[143.442405,-38.191277],[143.437922,-38.187017],[143.436921,-38.188325],[143.435048,-38.187637],[143.436615,-38.191052],[143.432775,-38.1919],[143.433926,-38.192851],[143.432621,-38.194476],[143.427314,-38.195234],[143.425686,-38.192921],[143.42577,-38.194021],[143.423818,-38.193764],[143.422512,-38.197705],[143.41779,-38.200067],[143.410821,-38.199691],[143.409773,-38.200851],[143.41106,-38.204475],[143.41445,-38.204638],[143.41563,-38.209228],[143.417641,-38.210123],[143.416856,-38.213003],[143.414249,-38.213235],[143.413585,-38.215643],[143.416371,-38.216883],[143.416687,-38.219484],[143.419329,-38.221705],[143.41843,-38.223191],[143.420967,-38.224976],[143.41821,-38.226439],[143.418722,-38.228667],[143.414759,-38.23094],[143.413963,-38.234592],[143.408165,-38.234659],[143.407832,-38.235806],[143.409281,-38.234816],[143.410663,-38.236188],[143.40992,-38.239675],[143.407428,-38.238769],[143.405685,-38.240253],[143.405994,-38.242027],[143.407309,-38.240422],[143.410205,-38.242655],[143.409108,-38.243521],[143.40982,-38.247535],[143.41471,-38.246194],[143.417229,-38.247157],[143.415505,-38.248796],[143.416903,-38.248944],[143.417109,-38.251088],[143.414071,-38.251252],[143.414745,-38.252063],[143.421755,-38.251498],[143.427764,-38.248617],[143.428732,-38.24462],[143.42323,-38.241997],[143.421878,-38.239317],[143.423042,-38.23795],[143.42524,-38.23841],[143.427291,-38.235587],[143.436728,-38.234711],[143.437865,-38.235961],[143.436599,-38.237872],[143.434941,-38.237097],[143.432856,-38.238655],[143.433751,-38.240995],[143.440132,-38.239378],[143.439665,-38.241513],[143.442132,-38.241639],[143.440253,-38.243954],[143.446471,-38.24394],[143.448537,-38.246422],[143.446465,-38.246758],[143.44855,-38.249742],[143.447711,-38.250849],[143.445601,-38.248734],[143.436621,-38.249831],[143.439752,-38.252382],[143.441777,-38.251895],[143.44453,-38.254621],[143.451461,-38.25208],[143.456379,-38.252458],[143.459629,-38.250421],[143.460207,-38.252601],[143.462911,-38.251375],[143.465606,-38.252288],[143.46441,-38.255244],[143.465442,-38.258097],[143.468333,-38.257231],[143.468837,-38.255468],[143.471322,-38.255535],[143.47206,-38.252168],[143.474577,-38.251934],[143.478921,-38.254204],[143.4832,-38.263574],[143.482387,-38.271712],[143.475864,-38.275023],[143.47789,-38.276109],[143.476237,-38.278739],[143.473555,-38.278562],[143.471247,-38.28151],[143.468167,-38.279638],[143.466732,-38.284548],[143.463739,-38.284471],[143.461151,-38.28213],[143.456514,-38.283331],[143.461105,-38.285663],[143.458653,-38.286883],[143.456988,-38.291644],[143.452582,-38.291778],[143.45657,-38.295995],[143.453332,-38.302663],[143.44742,-38.305861],[143.430926,-38.308901],[143.429657,-38.313601],[143.435599,-38.315732],[143.434657,-38.329398],[143.428128,-38.338723],[143.423293,-38.340438],[143.421988,-38.348694],[143.412417,-38.347241],[143.39768,-38.349334],[143.390656,-38.34474],[143.367197,-38.339823],[143.36238,-38.340068],[143.340654,-38.325947],[143.323749,-38.32444],[143.296411,-38.331565],[143.285976,-38.331552],[143.284568,-38.339347],[143.280876,-38.340651],[143.276107,-38.347107],[143.276588,-38.350875],[143.278804,-38.353372],[143.281696,-38.352714],[143.283825,-38.354259],[143.281736,-38.362122],[143.282431,-38.367938],[143.279526,-38.369184],[143.279792,-38.375074],[143.277837,-38.377431],[143.279328,-38.380267],[143.276214,-38.384259],[143.263791,-38.44681],[143.320883,-38.453934],[143.323478,-38.463201],[143.33866,-38.466783],[143.361575,-38.484675],[143.3644,-38.495648],[143.352838,-38.49345],[143.34459,-38.497909],[143.351185,-38.517204],[143.355864,-38.518115],[143.359275,-38.52107],[143.362304,-38.521012],[143.358207,-38.530006],[143.348084,-38.539979],[143.34868,-38.544398],[143.322092,-38.557435],[143.314582,-38.557905],[143.277859,-38.567031],[143.276089,-38.573673],[143.274574,-38.5744],[143.266603,-38.573405],[143.270631,-38.580792],[143.278917,-38.587466],[143.282245,-38.600724],[143.281466,-38.604684],[143.291645,-38.612224],[143.29242,-38.615084],[143.284556,-38.619078],[143.280344,-38.624055],[143.272548,-38.62477],[143.271196,-38.623077],[143.272378,-38.627299],[143.265353,-38.628486],[143.265823,-38.63076],[143.267695,-38.630876],[143.266297,-38.631999],[143.268097,-38.632505],[143.265059,-38.634445],[143.262813,-38.633501],[143.262615,-38.636208],[143.264255,-38.635487],[143.264561,-38.636841],[143.262347,-38.638861],[143.269511,-38.643586],[143.266237,-38.647001],[143.27517,-38.64823],[143.277275,-38.64971],[143.277544,-38.653441],[143.279417,-38.654285],[143.276615,-38.654873],[143.276302,-38.657851],[143.272685,-38.658709],[143.273663,-38.661901],[143.27097,-38.661468],[143.271079,-38.665598],[143.262375,-38.668555],[143.262357,-38.672017],[143.265221,-38.675495],[143.253722,-38.677738],[143.254768,-38.679173],[143.251812,-38.681955],[143.252239,-38.683282],[143.253864,-38.682308],[143.258483,-38.686845],[143.252054,-38.688688],[143.24983,-38.687479],[143.24712,-38.688312],[143.248039,-38.693087],[143.250934,-38.694976],[143.248926,-38.696145],[143.248917,-38.698706],[143.256705,-38.703668],[143.253851,-38.706103],[143.253792,-38.708174],[143.259295,-38.713197],[143.258319,-38.71711],[143.25516,-38.720008],[143.255628,-38.723206],[143.250843,-38.726385],[143.253935,-38.731283],[143.250696,-38.737207],[143.252429,-38.741964],[143.254046,-38.741988],[143.25875,-38.747361],[143.261876,-38.747757],[143.264755,-38.745978],[143.280349,-38.747358],[143.287117,-38.757522]]]]}},{"type":"Feature","properties":{"code":"AU-LGA-21830","name":"Corangamite","label":"Corangamite","type":"Local government area","parentCode":"AU-VIC"},"geometry":{"type":"MultiPolygon","coordinates":[[[[143.265139,-38.770121],[143.265976,-38.769801],[143.265142,-38.769574],[143.265139,-38.770121]]],[[[143.047413,-38.641444],[143.04819,-38.641115],[143.046897,-38.641072],[143.047413,-38.641444]]],[[[143.061819,-38.649851],[143.065907,-38.648654],[143.063554,-38.648528],[143.061819,-38.649851]]],[[[143.068838,-38.649721],[143.070876,-38.648423],[143.06872,-38.64939],[143.068838,-38.649721]]],[[[143.072004,-38.650576],[143.073162,-38.649522],[143.072107,-38.650096],[143.072004,-38.650576]]],[[[143.074342,-38.651225],[143.074596,-38.650905],[143.07419,-38.650765],[143.074342,-38.651225]]],[[[143.056717,-38.644766],[143.057075,-38.644502],[143.056747,-38.644501],[143.056717,-38.644766]]],[[[143.081635,-38.654908],[143.081259,-38.655456],[143.082097,-38.655553],[143.081635,-38.654908]]],[[[143.088236,-38.658552],[143.088501,-38.658101],[143.087832,-38.658006],[143.088236,-38.658552]]],[[[143.095229,-38.661166],[143.09563,-38.661319],[143.095852,-38.660879],[143.095229,-38.661166]]],[[[143.076253,-38.651745],[143.07678,-38.651317],[143.076523,-38.651312],[143.076253,-38.651745]]],[[[143.100744,-38.663526],[143.10115,-38.663346],[143.10069,-38.663335],[143.100744,-38.663526]]],[[[143.102999,-38.664809],[143.103108,-38.664576],[143.102732,-38.664454],[143.102999,-38.664809]]],[[[143.075377,-38.652291],[143.075777,-38.652099],[143.075368,-38.652102],[143.075377,-38.652291]]],[[[143.075396,-38.65101],[143.075257,-38.651288],[143.075557,-38.651165],[143.075396,-38.65101]]],[[[143.083689,-38.653706],[143.083501,-38.653979],[143.083703,-38.65394],[143.083689,-38.653706]]],[[[143.108046,-38.668536],[143.108192,-38.668286],[143.107853,-38.66847],[143.108046,-38.668536]]],[[[143.107221,-38.668525],[143.107279,-38.668309],[143.10696,-38.668452],[143.107221,-38.668525]]],[[[143.099596,-38.662599],[143.099791,-38.662506],[143.099663,-38.662357],[143.099596,-38.662599]]],[[[143.021879,-38.630143],[143.022604,-38.629057],[143.021835,-38.629379],[143.021879,-38.630143]]],[[[142.88026,-38.608448],[142.885528,-38.608601],[142.888785,-38.61081],[142.893747,-38.609559],[142.902176,-38.610625],[142.906843,-38.613692],[142.906828,-38.615796],[142.908153,-38.614833],[142.91,-38.617873],[142.913437,-38.617797],[142.914498,-38.619564],[142.919429,-38.618348],[142.920088,-38.616525],[142.920465,-38.618241],[142.921453,-38.617261],[142.922778,-38.618723],[142.921563,-38.620066],[142.92428,-38.618732],[142.92699,-38.621766],[142.929801,-38.621205],[142.931819,-38.623251],[142.929852,-38.62406],[142.937032,-38.627323],[142.93766,-38.622441],[142.944454,-38.6243],[142.94789,-38.619755],[142.97488,-38.62535],[142.98237,-38.624379],[142.987091,-38.621855],[143.02122,-38.625893],[143.022555,-38.62853],[143.030154,-38.630794],[143.028714,-38.631924],[143.036968,-38.631874],[143.039096,-38.633746],[143.038232,-38.636797],[143.040308,-38.637114],[143.040982,-38.639402],[143.043515,-38.637714],[143.044856,-38.639534],[143.048004,-38.639146],[143.055601,-38.641738],[143.056027,-38.644361],[143.058174,-38.644991],[143.054996,-38.647857],[143.058939,-38.6477],[143.060338,-38.645737],[143.06032,-38.647277],[143.06589,-38.647059],[143.065319,-38.648117],[143.069981,-38.646612],[143.06818,-38.648543],[143.071612,-38.647503],[143.071072,-38.64988],[143.075539,-38.648692],[143.075199,-38.650227],[143.081,-38.651191],[143.080406,-38.654329],[143.083197,-38.653228],[143.084044,-38.654852],[143.086172,-38.654545],[143.087066,-38.656827],[143.094631,-38.658357],[143.103118,-38.663778],[143.104116,-38.666797],[143.105821,-38.666193],[143.112155,-38.669294],[143.150595,-38.700167],[143.154721,-38.706524],[143.157895,-38.706482],[143.163115,-38.710517],[143.185611,-38.733803],[143.189641,-38.734164],[143.190317,-38.740181],[143.196144,-38.741245],[143.196525,-38.744164],[143.20152,-38.745926],[143.215328,-38.75838],[143.229575,-38.761334],[143.233071,-38.766464],[143.249113,-38.768],[143.259537,-38.772975],[143.257638,-38.770689],[143.265878,-38.769121],[143.264865,-38.76618],[143.267393,-38.76308],[143.271498,-38.764176],[143.271423,-38.762357],[143.273391,-38.76127],[143.280154,-38.762927],[143.280382,-38.75898],[143.287117,-38.757522],[143.280349,-38.747358],[143.264755,-38.745978],[143.261876,-38.747757],[143.25875,-38.747361],[143.254046,-38.741988],[143.252429,-38.741964],[143.250696,-38.737207],[143.253935,-38.731283],[143.250843,-38.726385],[143.255628,-38.723206],[143.25516,-38.720008],[143.258319,-38.71711],[143.259295,-38.713197],[143.253792,-38.708174],[143.253851,-38.706103],[143.256705,-38.703668],[143.248917,-38.698706],[143.248926,-38.696145],[143.250934,-38.694976],[143.248039,-38.693087],[143.24712,-38.688312],[143.24983,-38.687479],[143.252054,-38.688688],[143.258483,-38.686845],[143.253864,-38.682308],[143.252239,-38.683282],[143.251812,-38.681955],[143.254768,-38.679173],[143.253722,-38.677738],[143.265221,-38.675495],[143.262357,-38.672017],[143.262375,-38.668555],[143.271079,-38.665598],[143.27097,-38.661468],[143.273663,-38.661901],[143.272685,-38.658709],[143.276302,-38.657851],[143.276615,-38.654873],[143.279417,-38.654285],[143.277544,-38.653441],[143.277275,-38.64971],[143.27517,-38.64823],[143.266237,-38.647001],[143.269511,-38.643586],[143.262347,-38.638861],[143.264561,-38.636841],[143.264255,-38.635487],[143.262615,-38.636208],[143.262813,-38.633501],[143.265059,-38.634445],[143.268097,-38.632505],[143.266297,-38.631999],[143.267695,-38.630876],[143.265823,-38.63076],[143.265353,-38.628486],[143.272378,-38.627299],[143.271196,-38.623077],[143.272548,-38.62477],[143.280344,-38.624055],[143.284556,-38.619078],[143.29242,-38.615084],[143.291645,-38.612224],[143.281466,-38.604684],[143.282245,-38.600724],[143.278917,-38.587466],[143.270631,-38.580792],[143.266603,-38.573405],[143.274574,-38.5744],[143.276089,-38.573673],[143.277859,-38.567031],[143.314582,-38.557905],[143.322092,-38.557435],[143.34868,-38.544398],[143.348084,-38.539979],[143.358207,-38.530006],[143.362304,-38.521012],[143.359275,-38.52107],[143.355864,-38.518115],[143.351185,-38.517204],[143.34459,-38.497909],[143.352838,-38.49345],[143.3644,-38.495648],[143.361575,-38.484675],[143.33866,-38.466783],[143.323478,-38.463201],[143.320883,-38.453934],[143.263791,-38.44681],[143.276214,-38.384259],[143.279328,-38.380267],[143.277837,-38.377431],[143.279792,-38.375074],[143.279526,-38.369184],[143.282431,-38.367938],[143.281736,-38.362122],[143.283825,-38.354259],[143.281696,-38.352714],[143.278804,-38.353372],[143.276588,-38.350875],[143.276107,-38.347107],[143.280876,-38.340651],[143.284568,-38.339347],[143.285976,-38.331552],[143.296411,-38.331565],[143.323749,-38.32444],[143.340654,-38.325947],[143.36238,-38.340068],[143.367197,-38.339823],[143.390656,-38.34474],[143.39768,-38.349334],[143.412417,-38.347241],[143.421988,-38.348694],[143.423293,-38.340438],[143.428128,-38.338723],[143.434657,-38.329398],[143.435599,-38.315732],[143.429657,-38.313601],[143.430926,-38.308901],[143.44742,-38.305861],[143.453332,-38.302663],[143.45657,-38.295995],[143.452582,-38.291778],[143.456988,-38.291644],[143.458653,-38.286883],[143.461105,-38.285663],[143.456514,-38.283331],[143.461151,-38.28213],[143.463739,-38.284471],[143.466732,-38.284548],[143.468167,-38.279638],[143.471247,-38.28151],[143.473555,-38.278562],[143.476237,-38.278739],[143.47789,-38.276109],[143.475864,-38.275023],[143.482387,-38.271712],[143.4832,-38.263574],[143.478921,-38.254204],[143.474577,-38.251934],[143.47206,-38.252168],[143.471322,-38.255535],[143.468837,-38.255468],[143.468333,-38.257231],[143.465442,-38.258097],[143.46441,-38.255244],[143.465606,-38.252288],[143.462911,-38.251375],[143.460207,-38.252601],[143.459629,-38.250421],[143.456379,-38.252458],[143.451461,-38.25208],[143.44453,-38.254621],[143.441777,-38.251895],[143.439752,-38.252382],[143.436621,-38.249831],[143.445601,-38.248734],[143.447711,-38.250849],[143.44855,-38.249742],[143.446465,-38.246758],[143.448537,-38.246422],[143.446471,-38.24394],[143.440253,-38.243954],[143.442132,-38.241639],[143.439665,-38.241513],[143.440132,-38.239378],[143.433751,-38.240995],[143.432856,-38.238655],[143.434941,-38.237097],[143.436599,-38.237872],[143.437865,-38.235961],[143.436728,-38.234711],[143.427291,-38.235587],[143.42524,-38.23841],[143.423042,-38.23795],[143.421878,-38.239317],[143.42323,-38.241997],[143.428732,-38.24462],[143.427764,-38.248617],[143.421755,-38.251498],[143.414745,-38.252063],[143.414071,-38.251252],[143.417109,-38.251088],[143.416903,-38.248944],[143.415505,-38.248796],[143.417229,-38.247157],[143.41471,-38.246194],[143.40982,-38.247535],[143.409108,-38.243521],[143.410205,-38.242655],[143.407309,-38.240422],[143.405994,-38.242027],[143.405685,-38.240253],[143.407428,-38.238769],[143.40992,-38.239675],[143.410663,-38.236188],[143.409281,-38.234816],[143.407832,-38.235806],[143.408165,-38.234659],[143.413963,-38.234592],[143.414759,-38.23094],[143.418722,-38.228667],[143.41821,-38.226439],[143.420967,-38.224976],[143.41843,-38.223191],[143.419329,-38.221705],[143.416687,-38.219484],[143.416371,-38.216883],[143.413585,-38.215643],[143.414249,-38.213235],[143.416856,-38.213003],[143.417641,-38.210123],[143.41563,-38.209228],[143.41445,-38.204638],[143.41106,-38.204475],[143.409773,-38.200851],[143.410821,-38.199691],[143.41779,-38.200067],[143.422512,-38.197705],[143.423818,-38.193764],[143.42577,-38.194021],[143.425686,-38.192921],[143.427314,-38.195234],[143.432621,-38.194476],[143.433926,-38.192851],[143.432775,-38.1919],[143.436615,-38.191052],[143.435048,-38.187637],[143.436921,-38.188325],[143.437922,-38.187017],[143.442405,-38.191277],[143.445998,-38.190165],[143.445413,-38.193058],[143.450481,-38.1977],[143.454872,-38.197563],[143.459868,-38.193867],[143.459704,-38.192137],[143.457777,-38.193388],[143.456798,-38.19062],[143.460337,-38.18958],[143.470425,-38.181363],[143.474524,-38.172966],[143.475803,-38.163374],[143.474627,-38.157804],[143.471565,-38.153514],[143.464539,-38.149091],[143.46736,-38.144862],[143.466555,-38.136736],[143.464859,-38.13481],[143.469145,-38.129531],[143.468905,-38.127444],[143.467164,-38.127185],[143.469164,-38.121253],[143.473777,-38.121071],[143.474809,-38.12379],[143.473802,-38.127617],[143.47699,-38.130291],[143.48969,-38.132287],[143.499438,-38.128512],[143.510803,-38.129987],[143.513853,-38.129037],[143.517339,-38.124814],[143.52531,-38.125194],[143.533087,-38.121241],[143.540586,-38.107843],[143.543199,-38.10777],[143.546071,-38.104037],[143.54957,-38.10382],[143.552578,-38.101581],[143.560333,-38.099674],[143.573209,-38.100951],[143.574828,-38.101501],[143.573494,-38.104732],[143.57661,-38.107346],[143.594813,-38.108194],[143.600092,-38.105589],[143.600931,-38.101538],[143.604367,-38.102832],[143.602102,-38.095572],[143.602985,-38.093956],[143.624113,-38.094396],[143.629182,-38.092446],[143.630027,-38.090285],[143.634865,-38.089145],[143.635958,-38.087194],[143.634895,-38.077086],[143.631864,-38.076872],[143.629705,-38.071337],[143.615668,-38.060969],[143.616546,-38.057341],[143.619621,-38.054551],[143.612817,-38.053365],[143.612407,-38.046644],[143.614816,-38.045423],[143.615617,-38.041851],[143.612375,-38.039293],[143.611895,-38.035176],[143.616359,-38.032396],[143.617672,-38.033279],[143.617262,-38.036922],[143.619223,-38.038516],[143.622,-38.036114],[143.62114,-38.032269],[143.622442,-38.030609],[143.626146,-38.034041],[143.629862,-38.027836],[143.628771,-38.021646],[143.630687,-38.018512],[143.628155,-38.016323],[143.632657,-38.016321],[143.633415,-38.012659],[143.644492,-38.011713],[143.650267,-38.013293],[143.656223,-38.010839],[143.65603,-38.007077],[143.651045,-38.005941],[143.653558,-38.002623],[143.653643,-37.999325],[143.650815,-37.998041],[143.64979,-37.993503],[143.646767,-37.992025],[143.648245,-37.988343],[143.638119,-37.984736],[143.637048,-37.981231],[143.633995,-37.985621],[143.631976,-37.984983],[143.632308,-37.982955],[143.629979,-37.981246],[143.62183,-37.981847],[143.620939,-37.978646],[143.624269,-37.979365],[143.624421,-37.978178],[143.621914,-37.97439],[143.622198,-37.972035],[143.61891,-37.971173],[143.62072,-37.969516],[143.61931,-37.968671],[143.620602,-37.967375],[143.618891,-37.967136],[143.620394,-37.965368],[143.615844,-37.964502],[143.614809,-37.963404],[143.615993,-37.962729],[143.614208,-37.962631],[143.610719,-37.958184],[143.597323,-37.962173],[143.593456,-37.954656],[143.479417,-37.940837],[143.480185,-37.939771],[143.477226,-37.937637],[143.480073,-37.935117],[143.481001,-37.931333],[143.477123,-37.924353],[143.472528,-37.923538],[143.472197,-37.921825],[143.468179,-37.920297],[143.455672,-37.909101],[143.450735,-37.907882],[143.447411,-37.910467],[143.447236,-37.908234],[143.442781,-37.905656],[143.443937,-37.900918],[143.445975,-37.901474],[143.446233,-37.896977],[143.447915,-37.896219],[143.44388,-37.888035],[143.444496,-37.885377],[143.447372,-37.881954],[143.451126,-37.881248],[143.452504,-37.87729],[143.452412,-37.87326],[143.440559,-37.859418],[143.44237,-37.855233],[143.443864,-37.854983],[143.444491,-37.851031],[143.44159,-37.846029],[143.443939,-37.843508],[143.440962,-37.841727],[143.445388,-37.839397],[143.445476,-37.833957],[143.447443,-37.830945],[143.446221,-37.822947],[143.447803,-37.821387],[143.446683,-37.812909],[143.440635,-37.806308],[143.442383,-37.799566],[143.440718,-37.784836],[143.46475,-37.658916],[143.461799,-37.661097],[143.456125,-37.661193],[143.455383,-37.659728],[143.452314,-37.661439],[143.446747,-37.666779],[143.446571,-37.669499],[143.443823,-37.66864],[143.432744,-37.671457],[143.431059,-37.671329],[143.431325,-37.669484],[143.428655,-37.669856],[143.426283,-37.668072],[143.423687,-37.670331],[143.414788,-37.670754],[143.412622,-37.673111],[143.407808,-37.671592],[143.404773,-37.672822],[143.40334,-37.668891],[143.398575,-37.668035],[143.395275,-37.669765],[143.388751,-37.668811],[143.385369,-37.670184],[143.379816,-37.668364],[143.375151,-37.671043],[143.373126,-37.670681],[143.372882,-37.672314],[143.353873,-37.670362],[143.351381,-37.686605],[143.344981,-37.691127],[143.34501,-37.693298],[143.34017,-37.695096],[143.340066,-37.69665],[143.343376,-37.699155],[143.340553,-37.698941],[143.342284,-37.701282],[143.340486,-37.701125],[143.339331,-37.702984],[143.340346,-37.704723],[143.342043,-37.704006],[143.342421,-37.70849],[143.339141,-37.710846],[143.332993,-37.708735],[143.330617,-37.712553],[143.327015,-37.710109],[143.325437,-37.711845],[143.322697,-37.710783],[143.320527,-37.711939],[143.326616,-37.714679],[143.321835,-37.717043],[143.325812,-37.717609],[143.32733,-37.719521],[143.326853,-37.722986],[143.322886,-37.726024],[143.322855,-37.72842],[143.318269,-37.727826],[143.319556,-37.728394],[143.320696,-37.73476],[143.325168,-37.736163],[143.316087,-37.73525],[143.317551,-37.738507],[143.321716,-37.73799],[143.322807,-37.743366],[143.315823,-37.7449],[143.317089,-37.746657],[143.31568,-37.748196],[143.307385,-37.748369],[143.308436,-37.750007],[143.305387,-37.751003],[143.304145,-37.756588],[143.302326,-37.753661],[143.301289,-37.755442],[143.29822,-37.754472],[143.297272,-37.756316],[143.290714,-37.755029],[143.28477,-37.757437],[143.282572,-37.754157],[143.277223,-37.756061],[143.274818,-37.753106],[143.27195,-37.753353],[143.272984,-37.74996],[143.2693,-37.748922],[143.270891,-37.745655],[143.268639,-37.745339],[143.267342,-37.740731],[143.263609,-37.738695],[143.267104,-37.733482],[143.260743,-37.734538],[143.25484,-37.73221],[143.256123,-37.734768],[143.248966,-37.738182],[143.250631,-37.740222],[143.248572,-37.743528],[143.245911,-37.742545],[143.244108,-37.744742],[143.244877,-37.745726],[143.241909,-37.746705],[143.24112,-37.745454],[143.242544,-37.744708],[143.237289,-37.741828],[143.236257,-37.743003],[143.231703,-37.742279],[143.234614,-37.743737],[143.231893,-37.746424],[143.23201,-37.744898],[143.226287,-37.744646],[143.227158,-37.743419],[143.224163,-37.739967],[143.225293,-37.739366],[143.224637,-37.736951],[143.218726,-37.736725],[143.217343,-37.738015],[143.215277,-37.734465],[143.212042,-37.735631],[143.203293,-37.73446],[143.200514,-37.736485],[143.195226,-37.733682],[143.189123,-37.734662],[143.184768,-37.730859],[143.179289,-37.73241],[143.178997,-37.735988],[143.174297,-37.74325],[143.167927,-37.744127],[143.17066,-37.750448],[143.16718,-37.749541],[143.168614,-37.75393],[143.165013,-37.754873],[143.16506,-37.761853],[143.167072,-37.763866],[143.165536,-37.765253],[143.160703,-37.761762],[143.149219,-37.761703],[143.146174,-37.764904],[143.145652,-37.768514],[143.142715,-37.76784],[143.141948,-37.769975],[143.137051,-37.770773],[143.134276,-37.773643],[143.13627,-37.776084],[143.131638,-37.779092],[143.125809,-37.779727],[143.120804,-37.777206],[143.119927,-37.774916],[143.116476,-37.773996],[143.108312,-37.778507],[143.105933,-37.78929],[143.106225,-37.791988],[143.110267,-37.793139],[143.10763,-37.796894],[143.108335,-37.80092],[143.101816,-37.805192],[143.099063,-37.809313],[143.100726,-37.81498],[143.097305,-37.814907],[143.09521,-37.818538],[143.095979,-37.82161],[143.099585,-37.822459],[143.100745,-37.824368],[143.101932,-37.827279],[143.100906,-37.829229],[143.105057,-37.830861],[143.105654,-37.838062],[143.102713,-37.838158],[143.102176,-37.839629],[143.107287,-37.843416],[143.099511,-37.843348],[143.099831,-37.846793],[143.098257,-37.848602],[143.099434,-37.850643],[143.096331,-37.850957],[143.089271,-37.855814],[143.08427,-37.856275],[143.083012,-37.861924],[143.079544,-37.863823],[143.080794,-37.869611],[143.083225,-37.872607],[143.080379,-37.876212],[143.081308,-37.87846],[143.087018,-37.87935],[143.089013,-37.876389],[143.09271,-37.879589],[143.095353,-37.87701],[143.095935,-37.879852],[143.101239,-37.882951],[143.08852,-37.879386],[143.082729,-37.884643],[143.074042,-37.885741],[143.076198,-37.888163],[143.075233,-37.890186],[143.077287,-37.890181],[143.079919,-37.893652],[143.072247,-37.895163],[143.072725,-37.896488],[143.079793,-37.898179],[143.082846,-37.90239],[143.081353,-37.903619],[143.082548,-37.903932],[143.082138,-37.905906],[143.083983,-37.905542],[143.084213,-37.907587],[143.09239,-37.90348],[143.093914,-37.906372],[143.095543,-37.905514],[143.09771,-37.906882],[143.094406,-37.912221],[143.088727,-37.915603],[143.089287,-37.918078],[143.087018,-37.920949],[143.083533,-37.922132],[143.087447,-37.924647],[143.08296,-37.927661],[143.077859,-37.927125],[143.07406,-37.928992],[143.077703,-37.932762],[143.075478,-37.935058],[143.075415,-37.937807],[143.079089,-37.939069],[143.078875,-37.942292],[143.083022,-37.947291],[143.075687,-37.950634],[143.076778,-37.954498],[143.074203,-37.956649],[143.070214,-37.956953],[143.069405,-37.960392],[143.062827,-37.960831],[143.060377,-37.962536],[143.056288,-37.959399],[143.05548,-37.96227],[143.051866,-37.963423],[143.052006,-37.96991],[143.053856,-37.970932],[143.052827,-37.973533],[143.051899,-37.974998],[143.047133,-37.975526],[143.043486,-37.981152],[143.047802,-37.982519],[143.049417,-37.985123],[143.043964,-37.98622],[143.042886,-37.988842],[143.041907,-37.98648],[143.041424,-37.989537],[143.038783,-37.98867],[143.03649,-37.991375],[143.037942,-37.996489],[143.043645,-37.998371],[143.04391,-37.999993],[143.047402,-37.998699],[143.050526,-38.000047],[143.04769,-38.003502],[143.050436,-38.004886],[143.044475,-38.009107],[143.045765,-38.011145],[143.044567,-38.01266],[143.040415,-38.012712],[143.038738,-38.014775],[143.03406,-38.012404],[143.031025,-38.013905],[143.035827,-38.019117],[143.03367,-38.023111],[143.03187,-38.023045],[143.034131,-38.025866],[143.030493,-38.025606],[143.030701,-38.029118],[143.034073,-38.029158],[143.032435,-38.031843],[143.033449,-38.032595],[143.031493,-38.033517],[143.035795,-38.033526],[143.034326,-38.036046],[143.032052,-38.037183],[143.026672,-38.035509],[143.022312,-38.040008],[143.019934,-38.039487],[143.022695,-38.042842],[143.013423,-38.045796],[143.013235,-38.050209],[143.014931,-38.052677],[143.026517,-38.056395],[143.026166,-38.058064],[143.021663,-38.06173],[143.015015,-38.063405],[143.012982,-38.066426],[143.006477,-38.070148],[142.999577,-38.071141],[142.99215,-38.079743],[142.995354,-38.083706],[142.992462,-38.086563],[142.99415,-38.086906],[142.99275,-38.088119],[142.99625,-38.090239],[142.995819,-38.09264],[142.997342,-38.094186],[143.001526,-38.094841],[143.004961,-38.101617],[143.00309,-38.105488],[143.004475,-38.109304],[143.002498,-38.111248],[143.006234,-38.115298],[143.00577,-38.121186],[143.011191,-38.126015],[143.010624,-38.129142],[143.012085,-38.130288],[143.013007,-38.129348],[143.01411,-38.132635],[143.019382,-38.13599],[143.017758,-38.137283],[143.001347,-38.13559],[142.895819,-38.123237],[142.890035,-38.152743],[142.89372,-38.155308],[142.897243,-38.165057],[142.895877,-38.178758],[142.890731,-38.194347],[142.883189,-38.193592],[142.858669,-38.19803],[142.844528,-38.196728],[142.825449,-38.297016],[142.814607,-38.29839],[142.815044,-38.307323],[142.817889,-38.312885],[142.819233,-38.310854],[142.821546,-38.310701],[142.826963,-38.314473],[142.832238,-38.311884],[142.834362,-38.308449],[142.837622,-38.313309],[142.839363,-38.312999],[142.847255,-38.30596],[142.849439,-38.306936],[142.85795,-38.305727],[142.855817,-38.310444],[142.856887,-38.311632],[142.861186,-38.309145],[142.862682,-38.311354],[142.867068,-38.308838],[142.869274,-38.309731],[142.870706,-38.307071],[142.879818,-38.306196],[142.847365,-38.480733],[142.864964,-38.482847],[142.868319,-38.485463],[142.868774,-38.483085],[142.899634,-38.486768],[142.889994,-38.488789],[142.889126,-38.49192],[142.884662,-38.491606],[142.87942,-38.494137],[142.876474,-38.49206],[142.873612,-38.494556],[142.867531,-38.492836],[142.865326,-38.49937],[142.858088,-38.500033],[142.858494,-38.504094],[142.853384,-38.506449],[142.855458,-38.511534],[142.843045,-38.512432],[142.840325,-38.518084],[142.834035,-38.519129],[142.837935,-38.525132],[142.835027,-38.529132],[142.835822,-38.535329],[142.832728,-38.537952],[142.847341,-38.550163],[142.853482,-38.551061],[142.853264,-38.557059],[142.860231,-38.562074],[142.86666,-38.564042],[142.869481,-38.566959],[142.870455,-38.569498],[142.868799,-38.572801],[142.871872,-38.576473],[142.869842,-38.578926],[142.870905,-38.582627],[142.876838,-38.592374],[142.87756,-38.596459],[142.884523,-38.600398],[142.880083,-38.606373],[142.88026,-38.608448]]]]}},{"type":"Feature","properties":{"code":"AU-LGA-21890","name":"Darebin","label":"Darebin","type":"Local government area","parentCode":"AU-VIC"},"geometry":{"type":"Polygon","coordinates":[[[144.972067,-37.690986],[144.970532,-37.692704],[144.97291,-37.692518],[144.976056,-37.695019],[144.978932,-37.69455],[144.978657,-37.697091],[144.980688,-37.698093],[144.979584,-37.700631],[144.982525,-37.702944],[144.978546,-37.704718],[144.980828,-37.707349],[144.977119,-37.710197],[144.979014,-37.712476],[144.977025,-37.713637],[144.980869,-37.714605],[144.978116,-37.716686],[144.978615,-37.721412],[144.985274,-37.721356],[144.982976,-37.735769],[144.978973,-37.742722],[144.982022,-37.745503],[144.980158,-37.746292],[144.981823,-37.752091],[144.979246,-37.75421],[144.983167,-37.76155],[144.981463,-37.762818],[144.985572,-37.766196],[144.984459,-37.771223],[144.988598,-37.775151],[144.992021,-37.782518],[144.998262,-37.785598],[145.001817,-37.783054],[145.004234,-37.784356],[145.012336,-37.784177],[145.034993,-37.779852],[145.035941,-37.775052],[145.034103,-37.772603],[145.036818,-37.772558],[145.036824,-37.770603],[145.032276,-37.770641],[145.03078,-37.765104],[145.027834,-37.763808],[145.029936,-37.760224],[145.029116,-37.757786],[145.032253,-37.756775],[145.030617,-37.754693],[145.03148,-37.750823],[145.036102,-37.746845],[145.033388,-37.745628],[145.035099,-37.743584],[145.031996,-37.737747],[145.033971,-37.735139],[145.037607,-37.734956],[145.040276,-37.732297],[145.03824,-37.730326],[145.040524,-37.730228],[145.038607,-37.727311],[145.060781,-37.72949],[145.061533,-37.724198],[145.067823,-37.724517],[145.064681,-37.72021],[145.067847,-37.716589],[145.074532,-37.716121],[145.074955,-37.708776],[145.051331,-37.708371],[145.058225,-37.699969],[145.043464,-37.699572],[144.972067,-37.690986]]]}},{"type":"Feature","properties":{"code":"AU-LGA-22110","name":"East Gippsland","label":"East Gippsland","type":"Local government area","parentCode":"AU-VIC"},"geometry":{"type":"MultiPolygon","coordinates":[[[[149.844155,-37.555598],[149.843243,-37.557008],[149.846638,-37.557036],[149.845074,-37.554702],[149.844155,-37.555598]]],[[[148.13447,-36.743726],[147.960221,-36.612415],[147.541894,-36.737555],[147.542321,-36.742241],[147.535696,-36.752552],[147.5266,-36.756471],[147.5311,-36.761875],[147.52861,-36.769612],[147.52104,-36.77363],[147.513916,-36.772462],[147.501262,-36.776221],[147.497426,-36.778441],[147.496147,-36.781577],[147.485272,-36.780498],[147.471406,-36.783056],[147.470351,-36.7842],[147.471302,-36.788709],[147.46878,-36.793522],[147.463419,-36.794344],[147.464913,-36.7967],[147.463995,-36.801658],[147.459878,-36.80272],[147.44535,-36.799983],[147.439306,-36.800774],[147.430282,-36.794801],[147.428681,-36.789934],[147.426324,-36.790432],[147.424135,-36.788469],[147.424175,-36.786043],[147.419579,-36.784128],[147.419995,-36.783014],[147.413042,-36.783283],[147.413045,-36.781922],[147.406146,-36.777223],[147.408984,-36.767944],[147.408092,-36.765852],[147.396847,-36.760112],[147.394938,-36.757516],[147.387558,-36.757408],[147.379153,-36.750501],[147.370856,-36.75145],[147.359984,-36.749311],[147.34183,-36.750493],[147.332028,-36.747921],[147.326163,-36.749528],[147.321307,-36.748467],[147.316144,-36.741035],[147.316669,-36.734195],[147.311734,-36.731317],[147.2966,-36.733909],[147.290461,-36.737769],[147.288902,-36.740276],[147.287976,-36.752964],[147.292342,-36.756538],[147.290254,-36.765728],[147.285776,-36.768433],[147.279853,-36.767619],[147.277025,-36.773098],[147.268396,-36.777549],[147.268858,-36.783781],[147.272932,-36.788054],[147.275043,-36.793261],[147.293459,-36.811031],[147.292057,-36.822562],[147.282937,-36.826949],[147.294158,-36.827996],[147.302687,-36.831914],[147.307547,-36.827475],[147.310441,-36.830481],[147.314627,-36.831536],[147.318083,-36.831452],[147.321098,-36.828829],[147.332775,-36.829639],[147.338368,-36.837948],[147.335366,-36.841923],[147.335844,-36.844441],[147.342151,-36.850908],[147.33984,-36.856229],[147.341729,-36.860932],[147.341005,-36.863078],[147.337644,-36.865946],[147.328997,-36.865198],[147.32431,-36.867506],[147.323031,-36.871173],[147.317355,-36.874048],[147.317514,-36.876182],[147.322018,-36.879906],[147.320827,-36.882556],[147.316633,-36.884802],[147.307053,-36.88285],[147.307008,-36.890803],[147.30007,-36.88992],[147.300479,-36.893395],[147.297209,-36.894958],[147.294865,-36.900986],[147.289256,-36.905149],[147.289372,-36.910063],[147.292779,-36.917009],[147.288296,-36.923251],[147.281145,-36.926421],[147.263301,-37.006692],[147.26798,-37.005951],[147.269232,-37.00872],[147.273273,-37.009029],[147.28056,-37.008458],[147.284909,-37.005314],[147.293798,-37.006978],[147.298286,-37.010605],[147.307204,-37.013261],[147.313578,-37.019929],[147.318304,-37.020742],[147.321552,-37.023458],[147.32702,-37.024461],[147.336646,-37.029675],[147.339014,-37.028667],[147.342233,-37.029664],[147.342254,-37.031955],[147.349039,-37.032564],[147.34999,-37.036403],[147.351777,-37.036389],[147.355232,-37.032743],[147.363322,-37.034356],[147.371422,-37.02994],[147.386732,-37.029973],[147.389036,-37.031351],[147.388074,-37.035352],[147.390936,-37.039336],[147.387886,-37.041507],[147.389578,-37.0421],[147.390112,-37.045152],[147.392254,-37.045711],[147.386075,-37.047522],[147.385477,-37.049365],[147.38946,-37.04849],[147.390464,-37.052442],[147.380345,-37.058697],[147.380837,-37.081541],[147.382781,-37.082587],[147.381715,-37.088088],[147.379325,-37.091216],[147.380521,-37.0987],[147.375207,-37.100811],[147.373379,-37.100092],[147.370066,-37.103224],[147.367355,-37.101123],[147.365051,-37.101531],[147.362129,-37.10752],[147.363517,-37.109854],[147.359219,-37.114329],[147.316403,-37.113851],[147.325485,-37.121719],[147.323579,-37.125243],[147.327662,-37.128126],[147.328438,-37.132912],[147.325067,-37.141452],[147.328559,-37.143653],[147.329735,-37.147615],[147.332184,-37.149662],[147.331492,-37.153018],[147.336072,-37.153965],[147.3382,-37.157696],[147.34442,-37.160628],[147.34721,-37.167673],[147.346475,-37.17056],[147.358666,-37.180573],[147.361618,-37.189617],[147.367873,-37.195192],[147.369209,-37.198666],[147.374042,-37.198821],[147.383518,-37.202245],[147.384466,-37.204705],[147.382352,-37.208063],[147.383638,-37.211239],[147.386997,-37.210244],[147.402346,-37.213115],[147.40843,-37.21868],[147.411375,-37.219515],[147.425514,-37.220098],[147.422102,-37.220766],[147.423435,-37.227941],[147.417529,-37.235291],[147.420182,-37.237056],[147.420376,-37.241109],[147.425548,-37.248555],[147.425463,-37.252907],[147.429341,-37.254858],[147.430225,-37.258779],[147.428522,-37.263684],[147.430183,-37.265182],[147.42844,-37.267087],[147.432468,-37.268798],[147.43481,-37.272374],[147.439995,-37.27387],[147.450197,-37.266781],[147.458369,-37.269893],[147.460351,-37.276076],[147.453864,-37.283648],[147.457391,-37.286168],[147.437816,-37.398115],[147.417745,-37.39482],[147.415822,-37.402641],[147.412685,-37.403392],[147.411185,-37.405361],[147.412506,-37.406995],[147.410576,-37.407068],[147.40977,-37.40935],[147.406252,-37.410077],[147.407154,-37.411996],[147.404815,-37.413631],[147.407688,-37.414961],[147.409136,-37.418906],[147.407665,-37.419736],[147.412471,-37.41959],[147.41721,-37.424877],[147.411739,-37.423628],[147.40952,-37.426407],[147.410574,-37.429945],[147.407726,-37.430063],[147.408594,-37.432446],[147.405034,-37.430505],[147.40212,-37.431751],[147.402181,-37.435197],[147.399372,-37.437558],[147.398972,-37.439715],[147.403387,-37.44088],[147.402146,-37.442142],[147.404931,-37.44574],[147.402788,-37.445552],[147.404164,-37.448657],[147.401364,-37.449077],[147.400753,-37.447859],[147.398326,-37.449495],[147.399329,-37.452632],[147.405872,-37.455095],[147.396964,-37.455263],[147.398797,-37.458214],[147.391356,-37.459014],[147.39466,-37.460259],[147.394999,-37.463599],[147.389474,-37.46263],[147.390032,-37.464175],[147.394218,-37.465325],[147.393726,-37.471679],[147.399292,-37.476895],[147.393911,-37.478089],[147.393458,-37.482152],[147.389298,-37.481718],[147.392651,-37.484056],[147.390617,-37.486066],[147.392699,-37.486838],[147.393704,-37.495507],[147.389258,-37.497552],[147.393635,-37.499839],[147.391594,-37.50241],[147.39262,-37.504946],[147.394732,-37.502047],[147.396832,-37.501749],[147.39838,-37.506622],[147.39654,-37.507584],[147.40064,-37.511069],[147.398504,-37.514472],[147.400821,-37.515113],[147.400881,-37.521705],[147.405536,-37.520985],[147.403079,-37.523327],[147.40593,-37.524537],[147.404856,-37.530949],[147.40028,-37.530006],[147.402389,-37.532214],[147.403546,-37.537354],[147.398231,-37.538657],[147.402035,-37.541138],[147.399616,-37.543149],[147.350221,-37.537303],[147.347518,-37.552287],[147.338337,-37.553617],[147.329255,-37.561674],[147.326338,-37.561418],[147.321864,-37.556791],[147.31895,-37.557583],[147.317839,-37.560865],[147.309035,-37.559502],[147.305218,-37.55564],[147.303771,-37.556504],[147.304366,-37.55919],[147.299391,-37.562789],[147.295529,-37.557227],[147.284942,-37.556278],[147.284323,-37.558414],[147.286917,-37.561053],[147.285312,-37.563941],[147.282746,-37.563908],[147.279554,-37.56051],[147.275106,-37.562117],[147.265476,-37.568045],[147.266108,-37.570315],[147.261546,-37.573126],[147.262964,-37.57463],[147.261904,-37.575751],[147.257513,-37.574727],[147.252523,-37.577316],[147.252705,-37.57596],[147.249207,-37.575913],[147.245853,-37.577151],[147.245571,-37.57983],[147.241397,-37.579247],[147.240915,-37.581331],[147.234598,-37.579996],[147.232623,-37.578068],[147.226689,-37.577946],[147.22635,-37.575745],[147.223847,-37.576245],[147.223229,-37.574318],[147.218663,-37.574856],[147.21897,-37.576001],[147.217627,-37.575546],[147.218007,-37.576611],[147.21515,-37.578051],[147.216013,-37.578836],[147.208142,-37.580503],[147.209051,-37.590761],[147.199424,-37.59078],[147.199509,-37.594296],[147.193734,-37.594508],[147.192303,-37.602447],[147.193405,-37.603512],[147.189817,-37.604389],[147.189392,-37.605846],[147.190918,-37.610148],[147.18904,-37.615208],[147.192995,-37.619302],[147.192919,-37.62183],[147.196245,-37.626343],[147.203191,-37.627842],[147.213002,-37.624951],[147.222067,-37.632825],[147.203408,-37.717324],[147.201218,-37.717336],[147.199145,-37.720841],[147.200187,-37.723244],[147.198101,-37.723933],[147.198409,-37.726054],[147.214201,-37.732063],[147.2149,-37.738997],[147.218321,-37.741178],[147.214998,-37.743442],[147.209057,-37.743485],[147.211972,-37.745542],[147.223109,-37.744179],[147.224366,-37.746034],[147.227523,-37.744554],[147.228914,-37.748174],[147.231051,-37.74844],[147.235572,-37.745822],[147.236599,-37.747258],[147.240852,-37.746625],[147.244795,-37.748314],[147.249382,-37.745799],[147.25709,-37.753234],[147.258787,-37.751642],[147.262068,-37.752229],[147.261417,-37.753706],[147.263236,-37.754707],[147.261679,-37.75602],[147.256683,-37.756448],[147.241228,-37.767635],[147.236571,-37.767196],[147.233443,-37.769368],[147.28132,-37.774593],[147.270797,-37.828183],[147.27516,-37.829036],[147.275286,-37.833099],[147.269865,-37.83365],[147.268735,-37.836657],[147.272989,-37.842104],[147.269995,-37.845148],[147.27031,-37.848185],[147.266243,-37.852639],[147.268517,-37.852828],[147.270453,-37.85639],[147.264682,-37.861418],[147.270226,-37.864821],[147.267895,-37.868934],[147.270161,-37.872789],[147.276034,-37.873065],[147.273732,-37.877936],[147.274681,-37.879849],[147.277195,-37.876612],[147.281688,-37.877761],[147.282598,-37.875654],[147.284823,-37.875102],[147.285739,-37.876109],[147.28459,-37.876624],[147.286572,-37.876859],[147.28331,-37.88082],[147.283343,-37.884948],[147.279897,-37.88813],[147.282976,-37.891573],[147.285784,-37.89144],[147.285864,-37.893085],[147.283622,-37.895099],[147.278217,-37.89491],[147.276996,-37.898721],[147.283294,-37.899706],[147.285845,-37.897093],[147.28606,-37.901311],[147.287412,-37.90193],[147.286462,-37.90383],[147.280788,-37.902537],[147.2785,-37.905377],[147.282516,-37.906392],[147.283301,-37.904631],[147.286025,-37.907876],[147.279235,-37.909573],[147.278694,-37.913511],[147.272683,-37.91621],[147.274252,-37.920124],[147.277024,-37.921345],[147.282982,-37.92036],[147.31283,-37.91125],[147.361602,-37.917789],[147.360845,-37.920588],[147.363506,-37.92077],[147.362372,-37.923229],[147.365595,-37.923274],[147.366715,-37.92523],[147.364973,-37.926703],[147.36603,-37.927863],[147.364958,-37.931725],[147.371385,-37.935829],[147.37213,-37.939382],[147.374035,-37.940678],[147.373768,-37.946649],[147.376902,-37.94827],[147.374994,-37.950874],[147.376053,-37.954133],[147.371619,-37.956937],[147.374438,-37.958442],[147.37142,-37.962225],[147.372942,-37.965892],[147.375173,-37.967184],[147.373137,-37.970374],[147.37734,-37.968986],[147.382161,-37.975215],[147.380506,-37.977641],[147.38144,-37.98004],[147.386384,-37.98087],[147.388456,-37.983368],[147.392706,-37.980955],[147.395295,-37.982079],[147.396945,-37.97931],[147.401717,-37.978548],[147.408856,-37.981392],[147.410681,-37.985769],[147.406754,-37.987856],[147.408887,-37.9915],[147.406061,-38.000947],[147.40904,-38.003414],[147.423564,-38.003916],[147.437847,-38.009247],[147.457031,-38.007714],[147.463593,-38.012998],[147.467897,-38.023989],[147.462441,-38.028513],[147.46218,-38.031601],[147.467429,-38.035595],[147.468458,-38.0425],[147.467709,-38.04586],[147.461869,-38.049754],[147.467788,-38.051831],[147.469239,-38.054061],[147.465014,-38.054557],[147.459639,-38.057896],[147.457219,-38.064211],[147.460845,-38.069104],[147.458538,-38.070339],[147.460806,-38.069608],[147.461064,-38.07136],[147.450935,-38.072642],[147.448842,-38.074236],[147.451236,-38.077374],[147.456699,-38.078529],[147.469336,-38.072314],[147.477482,-38.072582],[147.486415,-38.068529],[147.490295,-38.072792],[147.500331,-38.073018],[147.510221,-38.060419],[147.525284,-38.05281],[147.533811,-38.057963],[147.54357,-38.056927],[147.551657,-38.052973],[147.566873,-38.054779],[147.570545,-38.053671],[147.581992,-38.044809],[147.588508,-38.037029],[147.611495,-38.024954],[147.611223,-38.016307],[147.612903,-38.011754],[147.61557,-38.010241],[147.622903,-38.011759],[147.631477,-38.006776],[147.637142,-38.001375],[147.651191,-37.995295],[147.652104,-37.983011],[147.660987,-37.976363],[147.682155,-37.969296],[147.684333,-37.965973],[147.691819,-37.965953],[147.712097,-37.954227],[147.720136,-37.962823],[147.722727,-37.969446],[147.721919,-37.971681],[147.717699,-37.974127],[147.699402,-37.981265],[147.700621,-37.984426],[147.697121,-37.989834],[147.697557,-37.992974],[147.705773,-37.996347],[147.705783,-37.998227],[147.751276,-37.973328],[147.806534,-37.947353],[147.850926,-37.929401],[147.950012,-37.894678],[147.978332,-37.889841],[148.003528,-37.880325],[148.051894,-37.867187],[148.06235,-37.867197],[148.069643,-37.865319],[148.120186,-37.84831],[148.177537,-37.832028],[148.262951,-37.814661],[148.367615,-37.803851],[148.460346,-37.801423],[148.548168,-37.801958],[148.551992,-37.803432],[148.582131,-37.802003],[148.611086,-37.80372],[148.626582,-37.808206],[148.649973,-37.803692],[148.688775,-37.801412],[148.704561,-37.801958],[148.717035,-37.804425],[148.726194,-37.808751],[148.726971,-37.812339],[148.725695,-37.813484],[148.727791,-37.815424],[148.734466,-37.807639],[148.743238,-37.806224],[148.741673,-37.803535],[148.742634,-37.80051],[148.749192,-37.797024],[148.768473,-37.792313],[148.808738,-37.786404],[148.860802,-37.784989],[148.884156,-37.789945],[148.888677,-37.787108],[148.900721,-37.784534],[148.926363,-37.78139],[149.017903,-37.780962],[149.12276,-37.777287],[149.170287,-37.777935],[149.184219,-37.780117],[149.186673,-37.778829],[149.192807,-37.779687],[149.199404,-37.77789],[149.213463,-37.777474],[149.246716,-37.780461],[149.265934,-37.789306],[149.268809,-37.792787],[149.265396,-37.798444],[149.269779,-37.7996],[149.269494,-37.801683],[149.275503,-37.803764],[149.280017,-37.796959],[149.282971,-37.799327],[149.28492,-37.798865],[149.284595,-37.793344],[149.292453,-37.787447],[149.340384,-37.7769],[149.366355,-37.775011],[149.385785,-37.77801],[149.39437,-37.775402],[149.40265,-37.77635],[149.405493,-37.77381],[149.410694,-37.773192],[149.420798,-37.774019],[149.421984,-37.776547],[149.431027,-37.777364],[149.43909,-37.772042],[149.461893,-37.76929],[149.473701,-37.770464],[149.484963,-37.775428],[149.488694,-37.774365],[149.489982,-37.772141],[149.49183,-37.772541],[149.493271,-37.768659],[149.495561,-37.768212],[149.49704,-37.756564],[149.498471,-37.756355],[149.496519,-37.756065],[149.496939,-37.753354],[149.50667,-37.748551],[149.512491,-37.747369],[149.516424,-37.74907],[149.519632,-37.745083],[149.51722,-37.743202],[149.525506,-37.737272],[149.537443,-37.733062],[149.541357,-37.734447],[149.542123,-37.731585],[149.543171,-37.732903],[149.545145,-37.729662],[149.566295,-37.724564],[149.587979,-37.722514],[149.595844,-37.726563],[149.598155,-37.725433],[149.59743,-37.721444],[149.600159,-37.717101],[149.600834,-37.712049],[149.60441,-37.710235],[149.605967,-37.70696],[149.616601,-37.7006],[149.647175,-37.690898],[149.666757,-37.68838],[149.676494,-37.684117],[149.677334,-37.685069],[149.676701,-37.681862],[149.678988,-37.676442],[149.677882,-37.674022],[149.682063,-37.670509],[149.681011,-37.668995],[149.683066,-37.667318],[149.682397,-37.664145],[149.689585,-37.659782],[149.688677,-37.657901],[149.690486,-37.656389],[149.694977,-37.654891],[149.694528,-37.652691],[149.697439,-37.651402],[149.700007,-37.647227],[149.702235,-37.646981],[149.702449,-37.64503],[149.706536,-37.643512],[149.712886,-37.628078],[149.719237,-37.61936],[149.716761,-37.616592],[149.718394,-37.615585],[149.718386,-37.611732],[149.720686,-37.611474],[149.720626,-37.609021],[149.723137,-37.607952],[149.722657,-37.606592],[149.727581,-37.601053],[149.732207,-37.599149],[149.731531,-37.595137],[149.735895,-37.591759],[149.735478,-37.589609],[149.738753,-37.585025],[149.749029,-37.579069],[149.765421,-37.573842],[149.760999,-37.566896],[149.775253,-37.557825],[149.795532,-37.549745],[149.81972,-37.544816],[149.831673,-37.544175],[149.844889,-37.545659],[149.858352,-37.541925],[149.874021,-37.540241],[149.906614,-37.542852],[149.915939,-37.532272],[149.924775,-37.526335],[149.93604,-37.521246],[149.957643,-37.515158],[149.964401,-37.517944],[149.962263,-37.515764],[149.96469,-37.511639],[149.976198,-37.505147],[149.592099,-37.355666],[149.134545,-37.175184],[148.798388,-37.040889],[148.194951,-36.79624],[148.186687,-36.804109],[148.182479,-36.804883],[148.179601,-36.796313],[148.17613,-36.79673],[148.168187,-36.792481],[148.163904,-36.794776],[148.163784,-36.792377],[148.158552,-36.793138],[148.156985,-36.791508],[148.15775,-36.790148],[148.156123,-36.790063],[148.151752,-36.79308],[148.148665,-36.791937],[148.149034,-36.794176],[148.146416,-36.795351],[148.136772,-36.794518],[148.136552,-36.795772],[148.134019,-36.795119],[148.135099,-36.79707],[148.129737,-36.795644],[148.126776,-36.796439],[148.126316,-36.801423],[148.12247,-36.801132],[148.12186,-36.804496],[148.1192,-36.805761],[148.112909,-36.80023],[148.108894,-36.800853],[148.108037,-36.798765],[148.110541,-36.798257],[148.104713,-36.789815],[148.100168,-36.791547],[148.097949,-36.787285],[148.101644,-36.788862],[148.103734,-36.787953],[148.105554,-36.784747],[148.104721,-36.780495],[148.110809,-36.77396],[148.11287,-36.768115],[148.116072,-36.76564],[148.12165,-36.764675],[148.122118,-36.762169],[148.126086,-36.759405],[148.120215,-36.759437],[148.120478,-36.756291],[148.128484,-36.752722],[148.128618,-36.750377],[148.132494,-36.751005],[148.133196,-36.746963],[148.131878,-36.74493],[148.13447,-36.743726]]]]}},{"type":"Feature","properties":{"code":"AU-LGA-22170","name":"Frankston","label":"Frankston","type":"Local government area","parentCode":"AU-VIC"},"geometry":{"type":"Polygon","coordinates":[[[145.215773,-38.200639],[145.239589,-38.077664],[145.15626,-38.067382],[145.154639,-38.075649],[145.149822,-38.075041],[145.148671,-38.083397],[145.136272,-38.082444],[145.13175,-38.083808],[145.127966,-38.081813],[145.123842,-38.082151],[145.124453,-38.084743],[145.122793,-38.084987],[145.124369,-38.111397],[145.121168,-38.134065],[145.117756,-38.143868],[145.11226,-38.152107],[145.103317,-38.156396],[145.097911,-38.162391],[145.100401,-38.166597],[145.102079,-38.165912],[145.128758,-38.200074],[145.13354,-38.195655],[145.139668,-38.197264],[145.148001,-38.19406],[145.152393,-38.194466],[145.159068,-38.181558],[145.181822,-38.199051],[145.215773,-38.200639]]]}},{"type":"Feature","properties":{"code":"AU-LGA-22250","name":"Gannawarra","label":"Gannawarra","type":"Local government area","parentCode":"AU-VIC"},"geometry":{"type":"Polygon","coordinates":[[[143.288177,-35.646985],[143.324108,-35.656627],[143.318106,-35.664562],[143.317974,-35.669604],[143.329641,-35.678079],[143.341457,-35.681236],[143.34374,-35.685148],[143.336754,-35.691615],[143.335013,-35.697543],[143.336391,-35.709085],[143.338627,-35.71299],[143.346161,-35.717747],[143.347069,-35.721163],[143.349695,-35.721401],[143.349289,-35.727547],[143.347174,-35.729292],[143.34916,-35.733328],[143.363529,-35.741438],[143.36433,-35.744208],[143.368497,-35.746036],[143.372402,-35.753912],[143.371727,-35.758528],[143.36701,-35.763959],[143.368735,-35.766636],[143.365247,-35.769464],[143.366486,-35.773828],[143.362029,-35.777539],[143.36089,-35.781158],[143.357626,-35.780578],[143.355917,-35.783251],[143.356637,-35.785381],[143.35283,-35.788233],[143.352822,-35.791451],[143.350382,-35.793715],[143.353056,-35.79701],[143.352682,-35.806667],[143.356481,-35.808171],[143.357372,-35.811226],[143.353499,-35.815211],[143.355273,-35.817658],[143.354448,-35.822731],[143.359612,-35.82957],[143.357134,-35.832222],[143.35968,-35.832484],[143.35839,-35.839923],[143.384766,-35.843132],[143.378666,-35.880046],[143.381801,-35.880411],[143.372461,-35.93368],[143.365322,-35.933669],[143.365448,-35.992026],[143.377304,-35.992075],[143.377235,-36.006979],[143.378736,-36.006983],[143.378703,-36.014305],[143.396928,-36.015319],[143.400623,-36.013821],[143.403033,-36.017076],[143.407136,-36.017856],[143.408033,-36.016169],[143.406651,-36.01453],[143.409366,-36.013727],[143.407325,-36.011875],[143.41295,-36.011523],[143.412743,-36.009477],[143.417234,-36.007976],[143.418014,-36.00353],[143.42488,-35.999015],[143.423932,-35.997439],[143.428348,-35.99292],[143.427662,-35.991093],[143.430338,-35.988532],[143.432395,-35.988575],[143.43242,-35.983452],[143.4757,-35.983134],[143.475695,-35.975286],[143.513217,-35.975243],[143.527394,-35.969813],[143.618061,-35.969398],[143.617825,-35.934838],[143.681955,-35.93476],[143.681958,-35.932378],[143.728251,-35.932468],[143.728396,-35.905852],[143.800327,-35.905971],[143.801849,-35.907843],[143.824008,-35.910503],[143.823728,-35.912078],[143.826561,-35.910562],[143.873997,-35.916061],[143.870849,-35.919965],[143.870555,-35.922798],[143.875029,-35.926013],[143.86922,-35.927328],[143.8677,-35.929944],[143.865926,-35.929759],[143.86437,-35.934111],[143.861716,-35.934873],[143.89169,-35.937403],[143.918473,-35.937397],[143.918472,-35.940242],[143.922614,-35.940262],[143.922571,-35.952796],[143.941533,-35.952828],[143.941083,-35.949408],[144.15874,-35.949182],[144.160557,-35.946602],[144.185433,-35.946594],[144.185182,-35.941444],[144.187285,-35.937009],[144.184998,-35.935278],[144.187341,-35.933933],[144.188394,-35.930864],[144.187071,-35.929273],[144.188329,-35.928684],[144.185425,-35.927186],[144.186564,-35.924723],[144.183144,-35.924238],[144.184276,-35.921682],[144.183411,-35.917211],[144.187277,-35.912821],[144.187293,-35.907556],[144.192144,-35.912454],[144.197682,-35.912548],[144.205805,-35.916544],[144.216958,-35.918821],[144.223633,-35.916612],[144.229957,-35.922353],[144.234486,-35.919968],[144.237467,-35.920155],[144.240583,-35.924154],[144.249299,-35.930047],[144.25701,-35.92675],[144.259685,-35.927118],[144.263124,-35.931376],[144.28374,-35.923639],[144.28857,-35.923642],[144.301519,-35.928732],[144.301521,-35.930271],[144.306206,-35.934142],[144.335574,-35.934183],[144.330889,-35.927549],[144.338642,-35.925205],[144.346042,-35.928115],[144.349773,-35.924288],[144.350367,-35.920502],[144.353416,-35.91952],[144.352155,-35.916128],[144.354781,-35.912364],[144.354849,-35.909291],[144.351545,-35.908611],[144.349073,-35.9109],[144.347127,-35.906865],[144.341958,-35.906611],[144.344132,-35.9022],[144.343568,-35.894313],[144.348604,-35.894222],[144.35023,-35.891294],[144.361722,-35.886283],[144.372048,-35.884209],[144.377605,-35.885376],[144.381903,-35.884357],[144.394658,-35.891622],[144.402109,-35.893728],[144.408545,-35.898878],[144.412182,-35.896701],[144.416648,-35.898023],[144.417178,-35.8967],[144.414653,-35.894987],[144.418189,-35.893207],[144.413552,-35.892404],[144.412225,-35.886553],[144.406887,-35.883815],[144.411516,-35.881112],[144.405045,-35.882225],[144.403634,-35.880653],[144.408654,-35.875146],[144.404236,-35.876141],[144.404057,-35.874164],[144.410943,-35.871176],[144.409045,-35.869927],[144.403678,-35.870838],[144.401932,-35.868007],[144.40811,-35.865661],[144.405195,-35.860308],[144.410692,-35.860507],[144.41128,-35.858763],[144.400853,-35.860367],[144.399324,-35.862767],[144.397253,-35.859388],[144.394455,-35.860652],[144.389819,-35.859208],[144.388745,-35.857509],[144.39054,-35.850716],[144.388597,-35.850899],[144.386965,-35.855072],[144.381245,-35.851928],[144.3845,-35.846546],[144.380593,-35.843487],[144.38432,-35.841909],[144.376265,-35.84113],[144.373109,-35.838808],[144.375238,-35.835339],[144.381457,-35.83707],[144.381708,-35.833813],[144.383673,-35.834324],[144.384944,-35.837732],[144.386649,-35.836381],[144.381447,-35.832662],[144.378452,-35.832543],[144.375118,-35.834624],[144.372272,-35.83266],[144.374008,-35.829688],[144.379398,-35.829346],[144.375294,-35.828265],[144.374362,-35.826334],[144.378471,-35.821881],[144.383509,-35.821801],[144.383719,-35.819111],[144.375248,-35.820603],[144.372445,-35.816674],[144.370976,-35.818607],[144.371837,-35.823349],[144.368713,-35.824786],[144.366609,-35.824163],[144.364813,-35.820924],[144.366149,-35.815978],[144.368874,-35.813216],[144.373095,-35.812723],[144.377491,-35.814333],[144.377476,-35.811088],[144.367849,-35.812446],[144.366715,-35.81124],[144.372216,-35.80833],[144.372381,-35.805532],[144.375713,-35.802126],[144.372981,-35.798407],[144.376858,-35.79558],[144.376856,-35.792966],[144.374417,-35.790758],[144.370169,-35.790422],[144.365256,-35.795822],[144.362335,-35.795821],[144.36185,-35.792088],[144.355344,-35.788465],[144.360289,-35.784797],[144.354513,-35.787167],[144.351552,-35.785056],[144.353267,-35.775711],[144.348005,-35.775982],[144.346844,-35.774632],[144.349525,-35.7715],[144.348924,-35.766962],[144.342954,-35.771536],[144.34063,-35.769934],[144.341528,-35.763888],[144.339314,-35.764956],[144.336401,-35.770381],[144.33103,-35.764971],[144.327562,-35.765516],[144.324472,-35.768611],[144.318657,-35.766562],[144.318829,-35.764754],[144.322578,-35.763431],[144.321647,-35.757876],[144.327966,-35.755736],[144.329128,-35.753725],[144.327838,-35.752633],[144.317782,-35.752121],[144.316463,-35.756508],[144.314677,-35.757],[144.312793,-35.754488],[144.313863,-35.750285],[144.311714,-35.749425],[144.309905,-35.750295],[144.306763,-35.757228],[144.303426,-35.756189],[144.299992,-35.751776],[144.295283,-35.754366],[144.294522,-35.750698],[144.301285,-35.742972],[144.296067,-35.737078],[144.289396,-35.738541],[144.285548,-35.73694],[144.282306,-35.739922],[144.277845,-35.740741],[144.278412,-35.744215],[144.274359,-35.746358],[144.27089,-35.753725],[144.267828,-35.75371],[144.261351,-35.749119],[144.261823,-35.745659],[144.253949,-35.73835],[144.254751,-35.735268],[144.251627,-35.732565],[144.253255,-35.729907],[144.249485,-35.730569],[144.24758,-35.729381],[144.248156,-35.721021],[144.230577,-35.715435],[144.225651,-35.710247],[144.215959,-35.706464],[144.215746,-35.701141],[144.219703,-35.69887],[144.216213,-35.696284],[144.221654,-35.693939],[144.215143,-35.692122],[144.213488,-35.686658],[144.208292,-35.687403],[144.206626,-35.685769],[144.203894,-35.687752],[144.202785,-35.684382],[144.199364,-35.686484],[144.195145,-35.685845],[144.191545,-35.680759],[144.188359,-35.680567],[144.189665,-35.67674],[144.18646,-35.675214],[144.189941,-35.673889],[144.186741,-35.672859],[144.186794,-35.670418],[144.180303,-35.673457],[144.176795,-35.672384],[144.174432,-35.674546],[144.171822,-35.671835],[144.162356,-35.671513],[144.162604,-35.667968],[144.15831,-35.66134],[144.158456,-35.65818],[144.154439,-35.657472],[144.151461,-35.653336],[144.154007,-35.650053],[144.157029,-35.65107],[144.153561,-35.646139],[144.149579,-35.646027],[144.152635,-35.642665],[144.146575,-35.644495],[144.148106,-35.645514],[144.14743,-35.647139],[144.142933,-35.647239],[144.140703,-35.6466],[144.137998,-35.640722],[144.131494,-35.640748],[144.131455,-35.6335],[144.127763,-35.634557],[144.126366,-35.63163],[144.117553,-35.625913],[144.119892,-35.621011],[144.114829,-35.6197],[144.113579,-35.616705],[144.115892,-35.612848],[144.111021,-35.607423],[144.114164,-35.605326],[144.113517,-35.602147],[144.109711,-35.602119],[144.108908,-35.600216],[144.111095,-35.598925],[144.109836,-35.598346],[144.103347,-35.598046],[144.106202,-35.595374],[144.105022,-35.590768],[144.102036,-35.591543],[144.10058,-35.588795],[144.096328,-35.587061],[144.092052,-35.587526],[144.085846,-35.584321],[144.079635,-35.584324],[144.07586,-35.581024],[144.07259,-35.580548],[144.071855,-35.578295],[144.06852,-35.580206],[144.066087,-35.57765],[144.062292,-35.576755],[144.063964,-35.570532],[144.046807,-35.563129],[144.047885,-35.556279],[144.046114,-35.552558],[144.044007,-35.55257],[144.043209,-35.55538],[144.041485,-35.555788],[144.03877,-35.553423],[144.039222,-35.549244],[144.034089,-35.555958],[144.031841,-35.553821],[144.029411,-35.556302],[144.018893,-35.552933],[144.015167,-35.554671],[144.012708,-35.55406],[144.009416,-35.558052],[144.012143,-35.560661],[144.011613,-35.563045],[144.003428,-35.560994],[143.996715,-35.555965],[143.992632,-35.556274],[143.989392,-35.553179],[143.99636,-35.549256],[143.999227,-35.545354],[143.995638,-35.542184],[143.996589,-35.535664],[143.992045,-35.534024],[143.989582,-35.535364],[143.97588,-35.533499],[143.969328,-35.523064],[143.970945,-35.520005],[143.962448,-35.513967],[143.964688,-35.508499],[143.967262,-35.50867],[143.969212,-35.510791],[143.972539,-35.509565],[143.968658,-35.505266],[143.970107,-35.500065],[143.967552,-35.500468],[143.968325,-35.502284],[143.966892,-35.502877],[143.961008,-35.498979],[143.961009,-35.503396],[143.958988,-35.504467],[143.953068,-35.50382],[143.948839,-35.500819],[143.941927,-35.501643],[143.936761,-35.502887],[143.935861,-35.505851],[143.93382,-35.506673],[143.932257,-35.502219],[143.935658,-35.500957],[143.934684,-35.49916],[143.929904,-35.501627],[143.924058,-35.501608],[143.922055,-35.49962],[143.918267,-35.500748],[143.916521,-35.499123],[143.917273,-35.49702],[143.912228,-35.494875],[143.912367,-35.499333],[143.908782,-35.498511],[143.905748,-35.49983],[143.903955,-35.495013],[143.907739,-35.494149],[143.899395,-35.495244],[143.887503,-35.485291],[143.880581,-35.487272],[143.87659,-35.486153],[143.871387,-35.477815],[143.869755,-35.478736],[143.869707,-35.481717],[143.863872,-35.477221],[143.861124,-35.480093],[143.85879,-35.479965],[143.858251,-35.477311],[143.86043,-35.474536],[143.85386,-35.468763],[143.856109,-35.464326],[143.855442,-35.461826],[143.846042,-35.463279],[143.839988,-35.457696],[143.827385,-35.455297],[143.82181,-35.44933],[143.822152,-35.445929],[143.816424,-35.446246],[143.815319,-35.447017],[143.816391,-35.448918],[143.808853,-35.446591],[143.802408,-35.447616],[143.798619,-35.454552],[143.796154,-35.455065],[143.79847,-35.459367],[143.802365,-35.457811],[143.802546,-35.459975],[143.797488,-35.462226],[143.794255,-35.461739],[143.790852,-35.466328],[143.792997,-35.468796],[143.795152,-35.46738],[143.796145,-35.470005],[143.803187,-35.470326],[143.80195,-35.472873],[143.803592,-35.473203],[143.803176,-35.474793],[143.804382,-35.476036],[143.805118,-35.47442],[143.80801,-35.475115],[143.808832,-35.476905],[143.807243,-35.482111],[143.810551,-35.483424],[143.809473,-35.485162],[143.811617,-35.492122],[143.805666,-35.492128],[143.805654,-35.50011],[143.760748,-35.500143],[143.749686,-35.496352],[143.749685,-35.494354],[143.708962,-35.494215],[143.723203,-35.509165],[143.734412,-35.525235],[143.728754,-35.529516],[143.63874,-35.529492],[143.638836,-35.543397],[143.641411,-35.543492],[143.641491,-35.572661],[143.39636,-35.572359],[143.393774,-35.575147],[143.288165,-35.574927],[143.288177,-35.646985]]]}},{"type":"Feature","properties":{"code":"AU-LGA-22310","name":"Glen Eira","label":"Glen Eira","type":"Local government area","parentCode":"AU-VIC"},"geometry":{"type":"Polygon","coordinates":[[[145.082482,-37.923985],[145.085241,-37.909494],[145.074173,-37.908127],[145.078188,-37.887138],[145.071018,-37.884653],[145.052039,-37.882861],[145.045973,-37.876507],[145.039282,-37.874567],[145.032461,-37.868333],[145.015142,-37.860827],[145.010528,-37.860212],[145.009172,-37.867583],[145.000042,-37.866442],[144.996751,-37.883488],[145.001044,-37.888576],[145.006327,-37.899807],[145.025994,-37.902152],[145.022464,-37.920599],[145.034379,-37.932993],[145.079539,-37.938739],[145.082482,-37.923985]]]}},{"type":"Feature","properties":{"code":"AU-LGA-22410","name":"Glenelg","label":"Glenelg","type":"Local government area","parentCode":"AU-VIC"},"geometry":{"type":"Polygon","coordinates":[[[140.97318,-37.358224],[140.973879,-37.46208],[140.972122,-37.717575],[140.973574,-37.718036],[140.972017,-37.730739],[140.965803,-38.055985],[140.990811,-38.059786],[141.028519,-38.071574],[141.086923,-38.096962],[141.100566,-38.105484],[141.105494,-38.10614],[141.150135,-38.126828],[141.179896,-38.143719],[141.184432,-38.144905],[141.227782,-38.170635],[141.262016,-38.194526],[141.295286,-38.220627],[141.357616,-38.274745],[141.379587,-38.300755],[141.392111,-38.319715],[141.3977,-38.338541],[141.390146,-38.346868],[141.383512,-38.349338],[141.371646,-38.357104],[141.371567,-38.359462],[141.368335,-38.3605],[141.365538,-38.365303],[141.366433,-38.367496],[141.364624,-38.370028],[141.364097,-38.376997],[141.374325,-38.386743],[141.389168,-38.387257],[141.394902,-38.389639],[141.401192,-38.394996],[141.413238,-38.396274],[141.413882,-38.391232],[141.410821,-38.387771],[141.409381,-38.379986],[141.404824,-38.373397],[141.407075,-38.369064],[141.418819,-38.363392],[141.434377,-38.360292],[141.447335,-38.359653],[141.461026,-38.362083],[141.499209,-38.378452],[141.519241,-38.390016],[141.528472,-38.404841],[141.525578,-38.409234],[141.521229,-38.411013],[141.521278,-38.414697],[141.525128,-38.41668],[141.526256,-38.423128],[141.530744,-38.426601],[141.535852,-38.427652],[141.539108,-38.431011],[141.541725,-38.431021],[141.542794,-38.432955],[141.547154,-38.430743],[141.550417,-38.432033],[141.551627,-38.427824],[141.555867,-38.426256],[141.555773,-38.423514],[141.557528,-38.422341],[141.555512,-38.416947],[141.5579,-38.40567],[141.56569,-38.40356],[141.569813,-38.392978],[141.572929,-38.389744],[141.579276,-38.387827],[141.590657,-38.388354],[141.602923,-38.392898],[141.611615,-38.394195],[141.614852,-38.393007],[141.61725,-38.400236],[141.625498,-38.406399],[141.627636,-38.405141],[141.628154,-38.400426],[141.625583,-38.395401],[141.627975,-38.393445],[141.640765,-38.392064],[141.650229,-38.393143],[141.641433,-38.383127],[141.642671,-38.378286],[141.634161,-38.375373],[141.633045,-38.371806],[141.625065,-38.361979],[141.626849,-38.361854],[141.621088,-38.354174],[141.62458,-38.34444],[141.622116,-38.347986],[141.6236,-38.341688],[141.607937,-38.342259],[141.609978,-38.337296],[141.60882,-38.335597],[141.609816,-38.332759],[141.600734,-38.324215],[141.599254,-38.320603],[141.601627,-38.313172],[141.609842,-38.305776],[141.637449,-38.292832],[141.650381,-38.284325],[141.655616,-38.282565],[141.66361,-38.275548],[141.669026,-38.274638],[141.679531,-38.267851],[141.704754,-38.258001],[141.703619,-38.25932],[141.741427,-38.253125],[141.769652,-38.253546],[141.80401,-38.258798],[141.869565,-38.2643],[141.869595,-38.210706],[141.85095,-38.211147],[141.850871,-38.174383],[141.850965,-38.14467],[141.869441,-38.144662],[141.869387,-38.113089],[141.851466,-38.086461],[141.851335,-38.080296],[141.846795,-38.079578],[141.83144,-38.059391],[141.832229,-38.054863],[141.829146,-38.053117],[141.823711,-38.045524],[141.824044,-38.043139],[141.819777,-38.039316],[141.820696,-38.033808],[141.830135,-38.022063],[141.834747,-38.010103],[141.834563,-37.985512],[141.820093,-37.961487],[141.817075,-37.943285],[141.826445,-37.935722],[141.833232,-37.933956],[141.863022,-37.942597],[141.871912,-37.943077],[141.871987,-37.941622],[141.874672,-37.940844],[141.870704,-37.937366],[141.866275,-37.928795],[141.894523,-37.923107],[141.894501,-37.91203],[141.914897,-37.911834],[141.919015,-37.886284],[141.901301,-37.88631],[141.884134,-37.88278],[141.880136,-37.878817],[141.873807,-37.877118],[141.855787,-37.876723],[141.828663,-37.868307],[141.827018,-37.87815],[141.831409,-37.88652],[141.831287,-37.892621],[141.790121,-37.888699],[141.779208,-37.900231],[141.732239,-37.895347],[141.725771,-37.846002],[141.726162,-37.833046],[141.73381,-37.806625],[141.73211,-37.794562],[141.725724,-37.773381],[141.72691,-37.767396],[141.721165,-37.765066],[141.716857,-37.757681],[141.723742,-37.716302],[141.716784,-37.713715],[141.717111,-37.712079],[141.715136,-37.710535],[141.712179,-37.712514],[141.712184,-37.710529],[141.710392,-37.71012],[141.712081,-37.708614],[141.709516,-37.705342],[141.710427,-37.704593],[141.708562,-37.702567],[141.703158,-37.703905],[141.69939,-37.700883],[141.700437,-37.698791],[141.691822,-37.701771],[141.690228,-37.699757],[141.69179,-37.697641],[141.688511,-37.694407],[141.689115,-37.692167],[141.691651,-37.691237],[141.689888,-37.689685],[141.690684,-37.687869],[141.68739,-37.684929],[141.684487,-37.68641],[141.68228,-37.685504],[141.687312,-37.680494],[141.684334,-37.680231],[141.682813,-37.677101],[141.6769,-37.674281],[141.671239,-37.675996],[141.670262,-37.678118],[141.66684,-37.676977],[141.666612,-37.670827],[141.663304,-37.664114],[141.661413,-37.662956],[141.66123,-37.664511],[141.656775,-37.665584],[141.655813,-37.66401],[141.657109,-37.661905],[141.651516,-37.66102],[141.654358,-37.657361],[141.65004,-37.65551],[141.650615,-37.651564],[141.647991,-37.653325],[141.645861,-37.651821],[141.643099,-37.652822],[141.642422,-37.651075],[141.647746,-37.650217],[141.646947,-37.648002],[141.644002,-37.647873],[141.645881,-37.646655],[141.644659,-37.645176],[141.641359,-37.643322],[141.63718,-37.645075],[141.634821,-37.643596],[141.633313,-37.645641],[141.631033,-37.645038],[141.631665,-37.646939],[141.626101,-37.647474],[141.622145,-37.642718],[141.622696,-37.640995],[141.62456,-37.641543],[141.625738,-37.640158],[141.623979,-37.638725],[141.623438,-37.640066],[141.620288,-37.638378],[141.617249,-37.639436],[141.61468,-37.642464],[141.612525,-37.641211],[141.611715,-37.637978],[141.609813,-37.638499],[141.610524,-37.643968],[141.608883,-37.645362],[141.60746,-37.641819],[141.60284,-37.641612],[141.600732,-37.639598],[141.601235,-37.641483],[141.598959,-37.643211],[141.600712,-37.644599],[141.600032,-37.645969],[141.597164,-37.645367],[141.597855,-37.643361],[141.59655,-37.642216],[141.594132,-37.642555],[141.594046,-37.644753],[141.589346,-37.643133],[141.587456,-37.644471],[141.583741,-37.640851],[141.585335,-37.639278],[141.584335,-37.636313],[141.588265,-37.632436],[141.587039,-37.630135],[141.582473,-37.629581],[141.582694,-37.628085],[141.581048,-37.627532],[141.585912,-37.623531],[141.581359,-37.624544],[141.583041,-37.61971],[141.578994,-37.622036],[141.578297,-37.61987],[141.575155,-37.619129],[141.573997,-37.617282],[141.576267,-37.614906],[141.573362,-37.614303],[141.573945,-37.612443],[141.56954,-37.612581],[141.570521,-37.610367],[141.569293,-37.609854],[141.564885,-37.612431],[141.563067,-37.611802],[141.562339,-37.613821],[141.560612,-37.613593],[141.556762,-37.616944],[141.557257,-37.615565],[141.55056,-37.61333],[141.548084,-37.615053],[141.544584,-37.612414],[141.54091,-37.61312],[141.541955,-37.609804],[141.538714,-37.610221],[141.539565,-37.608346],[141.535891,-37.604544],[141.530721,-37.605245],[141.529658,-37.603335],[141.524405,-37.60187],[141.533045,-37.597207],[141.540169,-37.598903],[141.545424,-37.589718],[141.543167,-37.580634],[141.529678,-37.57279],[141.514261,-37.560705],[141.5182,-37.555302],[141.533933,-37.551436],[141.535702,-37.548129],[141.539865,-37.547232],[141.545899,-37.540583],[141.541713,-37.517845],[141.529509,-37.504689],[141.525527,-37.49464],[141.527525,-37.488647],[141.5248,-37.484917],[141.524112,-37.479295],[141.530729,-37.464717],[141.537535,-37.457843],[141.486651,-37.452503],[141.499416,-37.380135],[141.22101,-37.348692],[141.21974,-37.351293],[141.21807,-37.350868],[141.216849,-37.35248],[141.218834,-37.353129],[141.217238,-37.3554],[141.219896,-37.356747],[141.218459,-37.358863],[141.220385,-37.360371],[141.220888,-37.364561],[141.232685,-37.367395],[141.237936,-37.365826],[141.242122,-37.366757],[141.243725,-37.369701],[141.248479,-37.369229],[141.250726,-37.374113],[141.254055,-37.37608],[141.261562,-37.376921],[141.26615,-37.382468],[141.274157,-37.38529],[141.272234,-37.392243],[141.279125,-37.39308],[141.280518,-37.3945],[141.276195,-37.397163],[141.271489,-37.402976],[141.273952,-37.406928],[141.271025,-37.410415],[141.274687,-37.41221],[141.270444,-37.41407],[141.271565,-37.416706],[141.269401,-37.417126],[141.268641,-37.422025],[141.267289,-37.422683],[141.266244,-37.420752],[141.266471,-37.422663],[141.263912,-37.423062],[141.259709,-37.421006],[141.258716,-37.426552],[141.263921,-37.428181],[141.263846,-37.430077],[141.168244,-37.419867],[141.097265,-37.449868],[141.095303,-37.445599],[141.046414,-37.401847],[141.023791,-37.391357],[141.003637,-37.377591],[140.992256,-37.37414],[140.97318,-37.358224]]]}},{"type":"Feature","properties":{"code":"AU-LGA-22490","name":"Golden Plains","label":"Golden Plains","type":"Local government area","parentCode":"AU-VIC"},"geometry":{"type":"Polygon","coordinates":[[[143.46475,-37.658916],[143.440718,-37.784836],[143.442383,-37.799566],[143.440635,-37.806308],[143.446683,-37.812909],[143.447803,-37.821387],[143.446221,-37.822947],[143.447443,-37.830945],[143.445476,-37.833957],[143.445388,-37.839397],[143.440962,-37.841727],[143.443939,-37.843508],[143.44159,-37.846029],[143.444491,-37.851031],[143.443864,-37.854983],[143.44237,-37.855233],[143.440559,-37.859418],[143.452412,-37.87326],[143.452504,-37.87729],[143.451126,-37.881248],[143.447372,-37.881954],[143.444496,-37.885377],[143.44388,-37.888035],[143.447915,-37.896219],[143.446233,-37.896977],[143.445975,-37.901474],[143.443937,-37.900918],[143.442781,-37.905656],[143.447236,-37.908234],[143.447411,-37.910467],[143.450735,-37.907882],[143.455672,-37.909101],[143.468179,-37.920297],[143.472197,-37.921825],[143.472528,-37.923538],[143.477123,-37.924353],[143.481001,-37.931333],[143.480073,-37.935117],[143.477226,-37.937637],[143.480185,-37.939771],[143.479417,-37.940837],[143.593456,-37.954656],[143.597323,-37.962173],[143.610719,-37.958184],[143.614208,-37.962631],[143.615993,-37.962729],[143.614809,-37.963404],[143.615844,-37.964502],[143.620394,-37.965368],[143.618891,-37.967136],[143.620602,-37.967375],[143.61931,-37.968671],[143.62072,-37.969516],[143.61891,-37.971173],[143.622198,-37.972035],[143.621914,-37.97439],[143.624421,-37.978178],[143.624269,-37.979365],[143.620939,-37.978646],[143.62183,-37.981847],[143.629979,-37.981246],[143.632308,-37.982955],[143.631976,-37.984983],[143.633995,-37.985621],[143.637048,-37.981231],[143.638119,-37.984736],[143.647081,-37.987207],[143.648338,-37.988628],[143.646767,-37.992025],[143.64979,-37.993503],[143.650815,-37.998041],[143.653643,-37.999325],[143.653558,-38.002623],[143.651045,-38.005941],[143.656254,-38.007476],[143.655824,-38.011487],[143.650556,-38.013264],[143.647861,-38.012037],[143.645542,-38.013035],[143.644492,-38.011713],[143.633415,-38.012659],[143.632657,-38.016321],[143.628155,-38.016323],[143.630687,-38.018512],[143.628919,-38.023393],[143.672415,-38.029387],[143.707881,-38.026974],[143.736152,-38.027336],[143.766973,-38.019754],[143.829721,-38.02235],[143.818598,-38.080137],[143.824569,-38.080951],[143.828417,-38.092181],[143.824342,-38.091873],[143.821867,-38.104332],[143.810929,-38.120585],[143.809871,-38.127686],[143.900692,-38.138529],[143.907164,-38.104981],[143.908294,-38.104515],[143.910029,-38.106076],[143.90861,-38.106699],[143.909179,-38.109022],[143.914812,-38.108983],[143.920772,-38.114572],[143.926846,-38.116221],[143.932432,-38.11444],[143.934017,-38.115662],[143.949303,-38.114992],[143.951957,-38.116514],[143.951448,-38.119254],[143.953946,-38.120259],[143.953823,-38.12256],[143.960162,-38.123867],[143.961513,-38.119796],[143.964555,-38.120129],[143.966006,-38.121038],[143.96509,-38.123375],[143.97129,-38.125364],[143.971354,-38.128416],[143.972989,-38.129131],[143.975583,-38.126975],[143.979368,-38.130268],[143.982047,-38.12739],[143.98699,-38.129471],[143.993167,-38.12517],[143.996387,-38.120426],[143.994512,-38.119027],[143.997317,-38.11598],[144.000089,-38.117145],[144.005536,-38.115451],[144.010885,-38.117196],[144.013258,-38.118894],[144.015492,-38.124471],[144.019052,-38.122273],[144.027159,-38.123153],[144.027683,-38.117467],[144.033594,-38.116817],[144.034079,-38.114697],[144.032955,-38.114426],[144.03415,-38.113705],[144.038867,-38.114533],[144.041314,-38.112022],[144.04488,-38.1125],[144.049382,-38.115642],[144.049995,-38.114131],[144.051736,-38.115047],[144.051869,-38.117642],[144.058187,-38.11228],[144.061203,-38.113559],[144.065072,-38.112669],[144.064226,-38.109183],[144.069287,-38.110286],[144.08905,-38.109602],[144.106025,-38.100507],[144.106572,-38.102908],[144.101978,-38.107883],[144.098662,-38.116139],[144.102953,-38.11935],[144.105368,-38.124734],[144.109812,-38.124705],[144.117012,-38.12196],[144.117923,-38.116333],[144.116423,-38.114864],[144.119403,-38.111282],[144.124627,-38.117052],[144.129192,-38.111021],[144.133523,-38.120328],[144.137974,-38.118188],[144.138367,-38.121494],[144.140332,-38.122168],[144.140722,-38.117261],[144.138024,-38.112027],[144.140345,-38.110378],[144.145224,-38.113814],[144.151639,-38.113865],[144.15052,-38.115887],[144.153334,-38.121243],[144.157388,-38.122863],[144.158908,-38.126153],[144.163048,-38.125334],[144.165897,-38.131018],[144.171299,-38.132516],[144.172561,-38.134816],[144.178525,-38.1331],[144.182696,-38.135663],[144.188074,-38.135346],[144.192599,-38.140967],[144.187171,-38.142576],[144.187297,-38.145896],[144.192452,-38.144022],[144.199348,-38.146721],[144.199881,-38.144347],[144.207472,-38.142339],[144.210079,-38.141027],[144.210161,-38.137959],[144.215726,-38.136412],[144.219778,-38.138504],[144.220911,-38.142314],[144.218298,-38.143243],[144.223849,-38.145661],[144.230681,-38.140048],[144.230483,-38.141856],[144.233075,-38.142185],[144.232759,-38.140233],[144.235001,-38.139439],[144.235609,-38.136645],[144.240637,-38.134868],[144.242985,-38.138176],[144.240964,-38.141478],[144.260046,-38.137582],[144.263267,-38.140771],[144.265122,-38.131453],[144.261111,-38.130328],[144.268155,-38.092819],[144.272586,-38.093328],[144.271867,-38.091785],[144.27408,-38.087991],[144.279469,-38.088442],[144.279611,-38.08382],[144.281318,-38.082485],[144.284165,-38.083133],[144.283878,-38.080342],[144.286487,-38.079079],[144.283726,-38.076471],[144.285876,-38.075732],[144.280742,-38.074203],[144.281852,-38.073232],[144.277917,-38.071773],[144.276653,-38.067828],[144.272884,-38.065725],[144.268648,-38.068569],[144.266507,-38.067158],[144.265341,-38.068123],[144.265036,-38.066351],[144.261294,-38.067008],[144.258952,-38.064886],[144.259724,-38.061863],[144.258175,-38.059917],[144.26279,-38.055251],[144.263119,-38.050271],[144.261036,-38.047587],[144.262691,-38.043695],[144.26065,-38.044187],[144.260173,-38.040586],[144.256266,-38.040228],[144.258516,-38.037811],[144.258359,-38.035306],[144.255807,-38.033361],[144.253903,-38.033821],[144.250797,-38.030559],[144.249473,-38.023218],[144.25198,-38.023901],[144.251588,-38.020604],[144.247088,-38.018463],[144.245109,-38.012133],[144.242993,-38.011725],[144.242497,-38.009003],[144.240716,-38.008545],[144.242496,-38.003387],[144.243899,-38.00328],[144.242022,-38.00175],[144.243538,-38.000295],[144.242884,-37.998027],[144.246656,-37.997614],[144.245411,-37.993084],[144.24773,-37.99132],[144.24528,-37.989243],[144.247293,-37.986761],[144.245997,-37.987313],[144.245968,-37.985582],[144.242632,-37.98299],[144.240149,-37.983333],[144.240077,-37.98122],[144.242557,-37.980199],[144.239825,-37.976562],[144.241641,-37.973738],[144.23954,-37.972792],[144.240526,-37.970577],[144.235484,-37.964545],[144.236548,-37.956765],[144.235256,-37.952909],[144.236275,-37.950351],[144.238044,-37.950023],[144.235427,-37.948579],[144.233655,-37.944561],[144.23684,-37.942369],[144.202526,-37.938245],[144.206794,-37.916246],[144.208107,-37.912813],[144.212183,-37.91061],[144.213437,-37.901434],[144.223799,-37.897315],[144.240765,-37.876532],[144.248467,-37.87377],[144.236527,-37.869928],[144.234217,-37.866646],[144.232559,-37.860938],[144.233978,-37.849136],[144.230214,-37.83385],[144.218592,-37.830016],[144.210682,-37.824981],[144.21118,-37.822303],[144.217504,-37.819027],[144.22148,-37.812577],[144.222452,-37.810188],[144.216909,-37.809569],[144.218279,-37.806992],[144.129394,-37.797522],[144.122825,-37.798705],[144.122285,-37.802987],[144.060218,-37.795757],[144.054596,-37.832282],[144.049693,-37.826202],[144.017501,-37.822689],[143.989335,-37.822727],[143.979293,-37.827613],[143.958068,-37.827438],[143.958613,-37.823253],[143.93922,-37.823644],[143.939213,-37.815372],[143.929749,-37.815329],[143.91899,-37.810797],[143.920692,-37.806784],[143.919463,-37.803531],[143.913618,-37.800214],[143.91628,-37.797245],[143.916342,-37.792527],[143.912829,-37.794336],[143.906751,-37.787602],[143.902209,-37.786314],[143.900205,-37.783434],[143.898601,-37.785838],[143.900247,-37.790942],[143.899238,-37.792225],[143.892579,-37.787282],[143.894346,-37.785235],[143.893585,-37.783846],[143.891954,-37.784774],[143.890475,-37.781542],[143.883467,-37.778076],[143.883162,-37.774085],[143.887803,-37.773067],[143.893548,-37.774829],[143.897884,-37.767885],[143.900732,-37.768132],[143.90189,-37.766344],[143.896266,-37.765938],[143.897877,-37.760567],[143.899817,-37.759687],[143.89731,-37.759277],[143.896502,-37.75275],[143.898323,-37.751514],[143.901779,-37.753137],[143.903309,-37.750331],[143.895331,-37.744605],[143.897736,-37.743239],[143.895043,-37.740843],[143.896068,-37.739231],[143.894441,-37.737264],[143.895984,-37.733444],[143.892171,-37.732968],[143.892878,-37.728104],[143.89595,-37.729028],[143.892793,-37.724358],[143.895352,-37.725329],[143.898591,-37.723768],[143.893038,-37.720704],[143.887698,-37.713219],[143.886207,-37.714787],[143.882159,-37.714124],[143.879124,-37.711083],[143.880135,-37.708967],[143.877047,-37.707016],[143.872267,-37.708403],[143.873194,-37.706036],[143.870897,-37.703269],[143.869968,-37.691225],[143.866511,-37.692463],[143.862798,-37.689212],[143.858052,-37.69039],[143.856298,-37.692416],[143.854075,-37.692068],[143.85766,-37.68617],[143.850839,-37.685801],[143.85353,-37.681948],[143.850373,-37.679968],[143.853443,-37.678427],[143.849371,-37.677714],[143.851319,-37.67589],[143.848312,-37.674327],[143.849334,-37.672492],[143.846821,-37.672155],[143.845021,-37.669791],[143.840269,-37.672037],[143.836833,-37.665469],[143.834431,-37.665015],[143.835795,-37.659701],[143.83336,-37.655373],[143.834985,-37.652196],[143.838294,-37.652503],[143.83223,-37.643778],[143.834148,-37.640858],[143.830335,-37.636621],[143.831707,-37.630042],[143.83011,-37.629867],[143.834073,-37.620976],[143.831966,-37.618717],[143.812317,-37.611857],[143.809527,-37.612521],[143.795918,-37.605058],[143.780649,-37.599779],[143.756962,-37.594455],[143.745269,-37.587188],[143.728382,-37.579517],[143.721141,-37.572973],[143.710011,-37.566925],[143.709854,-37.561962],[143.707244,-37.557865],[143.692933,-37.558261],[143.685935,-37.560117],[143.662194,-37.572394],[143.652636,-37.624175],[143.651648,-37.64704],[143.642219,-37.646216],[143.641971,-37.65029],[143.595309,-37.644295],[143.596051,-37.646326],[143.593361,-37.646947],[143.59304,-37.648531],[143.587355,-37.65007],[143.586643,-37.653711],[143.536544,-37.648298],[143.533358,-37.664339],[143.535784,-37.666691],[143.494833,-37.660865],[143.499875,-37.656783],[143.487913,-37.655116],[143.489727,-37.646798],[143.48294,-37.645963],[143.476242,-37.650063],[143.481101,-37.652329],[143.466005,-37.653887],[143.464335,-37.657369],[143.467497,-37.658579],[143.467468,-37.660102],[143.46475,-37.658916]]]}},{"type":"Feature","properties":{"code":"AU-LGA-22620","name":"Greater Bendigo","label":"Greater Bendigo","type":"Local government area","parentCode":"AU-VIC"},"geometry":{"type":"Polygon","coordinates":[[[144.544353,-37.060218],[144.545545,-37.056763],[144.549654,-37.056411],[144.550576,-37.053737],[144.549157,-37.052253],[144.544887,-37.052829],[144.545026,-37.047082],[144.542878,-37.043332],[144.549181,-37.041599],[144.546572,-37.039606],[144.546868,-37.035764],[144.545225,-37.034246],[144.544029,-37.028205],[144.54006,-37.024714],[144.542327,-37.022633],[144.539718,-37.020317],[144.54119,-37.015833],[144.54537,-37.013141],[144.55607,-37.013979],[144.560365,-37.00995],[144.583449,-37.010084],[144.583588,-37.005683],[144.589105,-37.006505],[144.593676,-37.009943],[144.597027,-37.008402],[144.59707,-37.003953],[144.628053,-37.003925],[144.632214,-37.001994],[144.638471,-37.002252],[144.643697,-37.005433],[144.647258,-37.012658],[144.650479,-37.015244],[144.656718,-37.009958],[144.662268,-37.008665],[144.688443,-37.01097],[144.691326,-37.005701],[144.688213,-36.994553],[144.691442,-36.993174],[144.698571,-36.994197],[144.709351,-36.988642],[144.711461,-36.981433],[144.718272,-36.974701],[144.718856,-36.976198],[144.734555,-36.980016],[144.734027,-36.982132],[144.747853,-36.978071],[144.75062,-36.975328],[144.748522,-36.967758],[144.753457,-36.962981],[144.765999,-36.973619],[144.770979,-36.971248],[144.780462,-36.971262],[144.78046,-36.969592],[144.796579,-36.965526],[144.791273,-36.952017],[144.802369,-36.956783],[144.806322,-36.95563],[144.800213,-36.939422],[144.804273,-36.925875],[144.816583,-36.91162],[144.822392,-36.899696],[144.837242,-36.892716],[144.847877,-36.885129],[144.853569,-36.880237],[144.850919,-36.879441],[144.852985,-36.875018],[144.846669,-36.874058],[144.830222,-36.859685],[144.831195,-36.855457],[144.819424,-36.856211],[144.821342,-36.854187],[144.818633,-36.852522],[144.811086,-36.839831],[144.803624,-36.839844],[144.798553,-36.832608],[144.78732,-36.805317],[144.786756,-36.799688],[144.792011,-36.79969],[144.791709,-36.780023],[144.784773,-36.780513],[144.784812,-36.770645],[144.794747,-36.770658],[144.794792,-36.758034],[144.792411,-36.755952],[144.794805,-36.754515],[144.794691,-36.75071],[144.771377,-36.751339],[144.77184,-36.749204],[144.766933,-36.747244],[144.755024,-36.751585],[144.750322,-36.757544],[144.740902,-36.755773],[144.734514,-36.758577],[144.728828,-36.758191],[144.722956,-36.760975],[144.679147,-36.761216],[144.666165,-36.762599],[144.667112,-36.725389],[144.518039,-36.725438],[144.520767,-36.715924],[144.518838,-36.714271],[144.519614,-36.711514],[144.52467,-36.706974],[144.526632,-36.701984],[144.522472,-36.693154],[144.526163,-36.689261],[144.532414,-36.69187],[144.53477,-36.688022],[144.53168,-36.685543],[144.529786,-36.679361],[144.531037,-36.672294],[144.528354,-36.670442],[144.528753,-36.665834],[144.525231,-36.663129],[144.525445,-36.659788],[144.531004,-36.659134],[144.537461,-36.655456],[144.539184,-36.653475],[144.539074,-36.649517],[144.54575,-36.646766],[144.543716,-36.641856],[144.548898,-36.632523],[144.560066,-36.627113],[144.559643,-36.624198],[144.563887,-36.620704],[144.563418,-36.618514],[144.560393,-36.616907],[144.561841,-36.613426],[144.566778,-36.614298],[144.57119,-36.610718],[144.571096,-36.607916],[144.578824,-36.602899],[144.577413,-36.599214],[144.581287,-36.596818],[144.586264,-36.598223],[144.589725,-36.594822],[144.589551,-36.592635],[144.583436,-36.584702],[144.585342,-36.582971],[144.589192,-36.583944],[144.59841,-36.574509],[144.595979,-36.568895],[144.587143,-36.562497],[144.587225,-36.557886],[144.601838,-36.554474],[144.606135,-36.554866],[144.608875,-36.55712],[144.610541,-36.555917],[144.611388,-36.552907],[144.608307,-36.552435],[144.608892,-36.550023],[144.606291,-36.546791],[144.61462,-36.543126],[144.617122,-36.537831],[144.616316,-36.534505],[144.61377,-36.535218],[144.612968,-36.532805],[144.60961,-36.532427],[144.60844,-36.528957],[144.613457,-36.528674],[144.620121,-36.525885],[144.623965,-36.528316],[144.626031,-36.527372],[144.626427,-36.524816],[144.620942,-36.520532],[144.612919,-36.520714],[144.610261,-36.516752],[144.613472,-36.510898],[144.61995,-36.508954],[144.623544,-36.504505],[144.621397,-36.501768],[144.616302,-36.50232],[144.615205,-36.504497],[144.612556,-36.5018],[144.614428,-36.499639],[144.611328,-36.499131],[144.618395,-36.492952],[144.621161,-36.494684],[144.626214,-36.492142],[144.622903,-36.487019],[144.623858,-36.484882],[144.621473,-36.484611],[144.620623,-36.481323],[144.623829,-36.478561],[144.629394,-36.477813],[144.631977,-36.480685],[144.633865,-36.480621],[144.639489,-36.474102],[144.646463,-36.471575],[144.649052,-36.474328],[144.65475,-36.472629],[144.653269,-36.465603],[144.656691,-36.463356],[144.659241,-36.463749],[144.66149,-36.459045],[144.665567,-36.461043],[144.667698,-36.460295],[144.667139,-36.458624],[144.671553,-36.457105],[144.668331,-36.450813],[144.670071,-36.447647],[144.673741,-36.447253],[144.671937,-36.443091],[144.663323,-36.441711],[144.661339,-36.439746],[144.658725,-36.44047],[144.661065,-36.433094],[144.66607,-36.431003],[144.66578,-36.427122],[144.669597,-36.424129],[144.674267,-36.425487],[144.672279,-36.419217],[144.669755,-36.41811],[144.669059,-36.412691],[144.66528,-36.410825],[144.668184,-36.406579],[144.430105,-36.406673],[144.430217,-36.411291],[144.415708,-36.396311],[144.39976,-36.40751],[144.369405,-36.407836],[144.368377,-36.39566],[144.362541,-36.396705],[144.361636,-36.39419],[144.359003,-36.394411],[144.360994,-36.391801],[144.358549,-36.391397],[144.358327,-36.38517],[144.3441,-36.385207],[144.343759,-36.487082],[144.209675,-36.487507],[144.204479,-36.516358],[144.199343,-36.516372],[144.199344,-36.524479],[144.170463,-36.524413],[144.16265,-36.565559],[144.174372,-36.582305],[144.184734,-36.618468],[144.140403,-36.618423],[144.140497,-36.647298],[144.125888,-36.6473],[144.125813,-36.662008],[144.068701,-36.661992],[144.068715,-36.691491],[144.067709,-36.691456],[144.068727,-36.720215],[144.062073,-36.719396],[144.059846,-36.730739],[144.068255,-36.731792],[144.067749,-36.734597],[144.075661,-36.743125],[144.071286,-36.766426],[144.062319,-36.766676],[144.05933,-36.781537],[144.047943,-36.792236],[144.04665,-36.798685],[144.049519,-36.799046],[144.033116,-36.88547],[144.031432,-36.885329],[144.030264,-36.891006],[144.027301,-36.890649],[144.025905,-36.897883],[144.222832,-36.921482],[144.223005,-36.923624],[144.228325,-36.922379],[144.230587,-36.930953],[144.24052,-36.950563],[144.242668,-36.949786],[144.297678,-36.956984],[144.300333,-36.94262],[144.311597,-36.943987],[144.313034,-36.946539],[144.323219,-36.946069],[144.379639,-36.952698],[144.378219,-36.955037],[144.380273,-36.954977],[144.382111,-36.957212],[144.384107,-36.957023],[144.386847,-36.952814],[144.390466,-36.953174],[144.39168,-36.955326],[144.396125,-36.955296],[144.399401,-36.943618],[144.398112,-36.941151],[144.400038,-36.939727],[144.397696,-36.935268],[144.400927,-36.932485],[144.400957,-36.92966],[144.405185,-36.924298],[144.411954,-36.923359],[144.414416,-36.927342],[144.413526,-36.929983],[144.419221,-36.932478],[144.421548,-36.935635],[144.421567,-36.938458],[144.425679,-36.939523],[144.427901,-36.938165],[144.42958,-36.944233],[144.433491,-36.943068],[144.438121,-36.935598],[144.442308,-36.937041],[144.444015,-36.939644],[144.448006,-36.939672],[144.449504,-36.94123],[144.45424,-36.941532],[144.455991,-36.93836],[144.457938,-36.942143],[144.462992,-36.943873],[144.459759,-36.946514],[144.460154,-36.949136],[144.465275,-36.949949],[144.468394,-36.952219],[144.47054,-36.949633],[144.473258,-36.954225],[144.478457,-36.953995],[144.479909,-36.955814],[144.478378,-36.958333],[144.480704,-36.959548],[144.479826,-36.960856],[144.488807,-36.965717],[144.489336,-36.971411],[144.494136,-36.966964],[144.489874,-36.96256],[144.491103,-36.96161],[144.497819,-36.971149],[144.506256,-36.975875],[144.492662,-37.050453],[144.524103,-37.054141],[144.520583,-37.057507],[144.544353,-37.060218]]]}},{"type":"Feature","properties":{"code":"AU-LGA-22670","name":"Greater Dandenong","label":"Greater Dandenong","type":"Local government area","parentCode":"AU-VIC"},"geometry":{"type":"Polygon","coordinates":[[[145.239589,-38.077664],[145.24685,-38.040166],[145.246831,-38.025317],[145.251859,-38.003622],[145.22733,-38.000757],[145.228659,-37.993758],[145.226531,-37.993458],[145.227301,-37.991137],[145.232047,-37.985459],[145.231855,-37.980945],[145.235512,-37.976752],[145.235687,-37.97414],[145.232865,-37.970346],[145.233638,-37.964514],[145.232419,-37.961338],[145.234075,-37.958702],[145.232875,-37.953255],[145.226978,-37.950598],[145.222394,-37.943416],[145.219374,-37.941732],[145.21964,-37.940173],[145.156734,-37.933133],[145.143375,-37.924548],[145.136587,-37.960484],[145.131938,-37.959925],[145.129604,-37.961547],[145.132692,-37.963389],[145.145917,-37.983599],[145.139305,-38.01877],[145.133522,-38.025367],[145.137766,-38.032339],[145.150276,-38.067286],[145.239589,-38.077664]]]}},{"type":"Feature","properties":{"code":"AU-LGA-22750","name":"Greater Geelong","label":"Greater Geelong","type":"Local government area","parentCode":"AU-VIC"},"geometry":{"type":"Polygon","coordinates":[[[144.591584,-38.004432],[144.580218,-38.002464],[144.573388,-37.999194],[144.571788,-37.997079],[144.573393,-37.99435],[144.568359,-37.988364],[144.56783,-37.984502],[144.56662,-37.984043],[144.567127,-37.985964],[144.56544,-37.986727],[144.560684,-37.984654],[144.554649,-37.984772],[144.549623,-37.9788],[144.550494,-37.975851],[144.547553,-37.971858],[144.536373,-37.972469],[144.532382,-37.971184],[144.526483,-37.973979],[144.524075,-37.973355],[144.522958,-37.979776],[144.518698,-37.981],[144.511575,-37.977728],[144.50865,-37.978327],[144.508597,-37.974751],[144.50711,-37.973803],[144.501665,-37.975733],[144.495645,-37.974262],[144.49477,-37.967816],[144.496461,-37.964204],[144.488852,-37.960867],[144.48827,-37.95713],[144.479892,-37.949933],[144.477152,-37.945274],[144.481358,-37.944169],[144.476565,-37.94177],[144.476773,-37.939835],[144.47891,-37.938935],[144.474024,-37.935668],[144.477118,-37.93212],[144.475044,-37.9281],[144.479151,-37.927504],[144.480814,-37.923508],[144.482621,-37.923256],[144.480952,-37.92142],[144.476948,-37.922066],[144.476422,-37.916413],[144.478539,-37.914772],[144.478118,-37.910779],[144.484778,-37.908969],[144.484506,-37.902964],[144.482718,-37.90226],[144.479551,-37.895217],[144.480122,-37.888936],[144.474621,-37.886668],[144.472032,-37.887818],[144.472907,-37.882764],[144.469329,-37.884184],[144.462947,-37.875119],[144.456045,-37.87196],[144.454712,-37.867602],[144.447867,-37.868043],[144.44668,-37.864341],[144.442357,-37.863458],[144.441772,-37.860365],[144.434615,-37.854942],[144.42977,-37.857517],[144.42802,-37.851936],[144.421624,-37.846107],[144.423006,-37.833891],[144.420049,-37.832365],[144.419995,-37.829371],[144.417947,-37.826925],[144.420952,-37.825079],[144.419919,-37.822852],[144.421059,-37.82034],[144.417331,-37.819521],[144.414817,-37.816536],[144.416898,-37.814445],[144.416018,-37.809604],[144.407643,-37.809192],[144.405525,-37.807387],[144.404503,-37.805118],[144.406575,-37.804478],[144.406363,-37.800921],[144.399125,-37.815219],[144.361994,-37.810816],[144.353604,-37.845273],[144.35236,-37.843493],[144.346976,-37.841903],[144.34505,-37.845311],[144.342896,-37.844979],[144.343011,-37.843035],[144.340668,-37.844912],[144.337464,-37.843088],[144.334623,-37.843531],[144.334633,-37.845077],[144.33169,-37.846265],[144.326916,-37.843822],[144.322836,-37.8447],[144.321013,-37.842747],[144.321707,-37.841206],[144.316581,-37.840058],[144.312876,-37.835821],[144.311497,-37.837045],[144.305216,-37.836557],[144.3052,-37.83487],[144.302931,-37.835195],[144.300529,-37.831979],[144.301158,-37.830699],[144.294255,-37.828915],[144.296022,-37.819552],[144.265164,-37.815954],[144.263616,-37.811646],[144.248109,-37.80965],[144.247064,-37.812577],[144.238093,-37.811459],[144.238442,-37.809479],[144.233496,-37.80905],[144.232507,-37.811278],[144.222492,-37.810104],[144.217504,-37.819027],[144.21118,-37.822303],[144.210682,-37.824981],[144.216697,-37.828925],[144.230214,-37.83385],[144.233978,-37.849136],[144.232559,-37.860938],[144.234217,-37.866646],[144.236527,-37.869928],[144.248467,-37.87377],[144.240765,-37.876532],[144.223799,-37.897315],[144.213437,-37.901434],[144.212183,-37.91061],[144.208107,-37.912813],[144.206794,-37.916246],[144.202526,-37.938245],[144.23684,-37.942369],[144.233655,-37.944561],[144.235427,-37.948579],[144.238044,-37.950023],[144.236275,-37.950351],[144.235256,-37.952909],[144.236548,-37.956765],[144.235484,-37.964545],[144.240526,-37.970577],[144.23954,-37.972792],[144.241641,-37.973738],[144.239825,-37.976562],[144.242557,-37.980199],[144.240077,-37.98122],[144.240149,-37.983333],[144.242632,-37.98299],[144.245968,-37.985582],[144.245997,-37.987313],[144.247293,-37.986761],[144.24528,-37.989243],[144.24773,-37.99132],[144.245411,-37.993084],[144.246656,-37.997614],[144.242884,-37.998027],[144.243538,-38.000295],[144.242022,-38.00175],[144.243899,-38.00328],[144.242496,-38.003387],[144.240716,-38.008545],[144.242497,-38.009003],[144.242993,-38.011725],[144.245109,-38.012133],[144.247088,-38.018463],[144.251588,-38.020604],[144.25198,-38.023901],[144.249473,-38.023218],[144.250797,-38.030559],[144.253903,-38.033821],[144.255807,-38.033361],[144.258359,-38.035306],[144.258516,-38.037811],[144.256266,-38.040228],[144.260173,-38.040586],[144.26065,-38.044187],[144.262691,-38.043695],[144.261036,-38.047587],[144.263119,-38.050271],[144.26279,-38.055251],[144.258175,-38.059917],[144.259724,-38.061863],[144.258952,-38.064886],[144.261294,-38.067008],[144.265036,-38.066351],[144.265341,-38.068123],[144.266507,-38.067158],[144.268648,-38.068569],[144.272884,-38.065725],[144.276653,-38.067828],[144.277917,-38.071773],[144.281852,-38.073232],[144.280742,-38.074203],[144.285842,-38.075661],[144.283726,-38.076471],[144.286483,-38.078998],[144.283878,-38.080342],[144.284165,-38.083133],[144.281318,-38.082485],[144.279611,-38.08382],[144.279469,-38.088442],[144.27408,-38.087991],[144.271867,-38.091785],[144.272586,-38.093328],[144.268155,-38.092819],[144.261111,-38.130328],[144.265122,-38.131453],[144.260656,-38.148737],[144.26192,-38.151357],[144.254536,-38.158081],[144.252679,-38.170657],[144.250481,-38.173602],[144.252598,-38.175738],[144.241331,-38.23776],[144.406065,-38.257249],[144.400596,-38.285353],[144.39707,-38.286783],[144.396984,-38.291169],[144.392784,-38.29326],[144.387209,-38.292165],[144.384531,-38.29684],[144.37466,-38.299807],[144.376463,-38.302582],[144.390125,-38.298006],[144.39806,-38.297041],[144.406022,-38.292025],[144.413398,-38.290778],[144.417851,-38.286792],[144.425607,-38.284622],[144.427221,-38.282199],[144.430261,-38.281313],[144.500035,-38.290449],[144.501735,-38.289495],[144.496974,-38.28662],[144.494884,-38.282614],[144.49876,-38.283491],[144.503974,-38.277519],[144.509045,-38.274542],[144.525572,-38.271313],[144.550774,-38.273135],[144.576805,-38.2795],[144.600751,-38.287825],[144.625879,-38.257857],[144.623905,-38.256609],[144.62694,-38.252285],[144.623177,-38.251452],[144.624813,-38.250917],[144.623862,-38.249881],[144.627412,-38.249313],[144.629341,-38.25198],[144.636625,-38.242531],[144.644336,-38.236497],[144.64469,-38.234147],[144.66213,-38.217321],[144.66616,-38.210049],[144.673856,-38.20693],[144.677848,-38.202176],[144.694111,-38.194369],[144.69744,-38.196341],[144.696795,-38.198926],[144.701727,-38.199617],[144.703422,-38.201573],[144.69965,-38.213465],[144.693995,-38.217042],[144.698511,-38.217172],[144.695707,-38.21961],[144.696762,-38.219746],[144.701882,-38.215889],[144.700096,-38.219518],[144.701252,-38.219179],[144.706377,-38.210207],[144.712416,-38.188476],[144.719636,-38.173242],[144.716214,-38.1632],[144.716041,-38.156822],[144.717211,-38.149408],[144.720206,-38.146618],[144.714619,-38.142955],[144.706338,-38.130158],[144.699858,-38.127835],[144.692924,-38.1204],[144.668563,-38.112605],[144.649912,-38.11275],[144.636701,-38.107986],[144.630613,-38.107583],[144.626325,-38.112072],[144.594585,-38.128964],[144.565759,-38.15083],[144.557978,-38.154845],[144.527048,-38.160275],[144.520487,-38.159487],[144.505385,-38.16193],[144.497942,-38.161],[144.480668,-38.164477],[144.467685,-38.162714],[144.454539,-38.156971],[144.442829,-38.149509],[144.4327,-38.139691],[144.425604,-38.1238],[144.426037,-38.125384],[144.420177,-38.134858],[144.418581,-38.140436],[144.418631,-38.14999],[144.416255,-38.155416],[144.402646,-38.155445],[144.394567,-38.149584],[144.388774,-38.148672],[144.384806,-38.143242],[144.373935,-38.146684],[144.368579,-38.14651],[144.356123,-38.138389],[144.355563,-38.134432],[144.358523,-38.126368],[144.358302,-38.122852],[144.359914,-38.122198],[144.359878,-38.115733],[144.366588,-38.109892],[144.365197,-38.107936],[144.360976,-38.10669],[144.361612,-38.105123],[144.367358,-38.104762],[144.371964,-38.10119],[144.376325,-38.100984],[144.381581,-38.097339],[144.383243,-38.09224],[144.382577,-38.086485],[144.38453,-38.085405],[144.383203,-38.08407],[144.389464,-38.076644],[144.397949,-38.073803],[144.406851,-38.081421],[144.413526,-38.084475],[144.443265,-38.086253],[144.443495,-38.088466],[144.441481,-38.089577],[144.444948,-38.091803],[144.450681,-38.083979],[144.4539,-38.081915],[144.457837,-38.082272],[144.456756,-38.080277],[144.458765,-38.077228],[144.466001,-38.077171],[144.466896,-38.081138],[144.470918,-38.083529],[144.478745,-38.076684],[144.483,-38.079884],[144.48302,-38.077909],[144.485175,-38.079594],[144.485589,-38.078187],[144.487729,-38.078401],[144.494486,-38.08501],[144.503735,-38.088483],[144.506852,-38.091495],[144.508253,-38.088419],[144.510232,-38.087782],[144.51165,-38.073178],[144.514125,-38.069416],[144.517309,-38.056681],[144.516621,-38.050624],[144.517523,-38.053414],[144.515637,-38.060994],[144.512313,-38.05967],[144.513915,-38.054854],[144.512449,-38.051794],[144.515175,-38.046042],[144.52,-38.044106],[144.53438,-38.042961],[144.533477,-38.042496],[144.539383,-38.039479],[144.534296,-38.044501],[144.517077,-38.048599],[144.519253,-38.049084],[144.533687,-38.044992],[144.538918,-38.040183],[144.550737,-38.036049],[144.558669,-38.037528],[144.55877,-38.035119],[144.562039,-38.032921],[144.562939,-38.02911],[144.566781,-38.026077],[144.567499,-38.02277],[144.575433,-38.02047],[144.576694,-38.016408],[144.580981,-38.011508],[144.591584,-38.004432]]]}},{"type":"Feature","properties":{"code":"AU-LGA-22830","name":"Greater Shepparton","label":"Greater Shepparton","type":"Local government area","parentCode":"AU-VIC"},"geometry":{"type":"Polygon","coordinates":[[[145.131719,-36.67535],[145.16854,-36.675284],[145.168651,-36.690058],[145.177801,-36.68997],[145.17213,-36.697277],[145.178453,-36.700546],[145.183638,-36.697889],[145.181327,-36.691848],[145.185691,-36.686318],[145.213367,-36.685715],[145.22172,-36.687218],[145.22325,-36.684501],[145.220273,-36.67947],[145.223418,-36.675854],[145.220985,-36.673027],[145.222299,-36.670662],[145.216125,-36.669681],[145.212334,-36.663359],[145.203872,-36.66139],[145.206594,-36.659506],[145.211864,-36.66021],[145.205042,-36.654777],[145.20967,-36.652041],[145.212955,-36.647742],[145.21654,-36.648736],[145.21772,-36.646653],[145.228668,-36.646738],[145.228701,-36.641974],[145.302524,-36.641926],[145.300731,-36.638436],[145.298243,-36.639594],[145.297785,-36.634256],[145.306721,-36.632759],[145.305889,-36.631209],[145.308869,-36.629234],[145.309695,-36.625122],[145.306667,-36.622362],[145.308655,-36.618268],[145.306171,-36.617189],[145.311496,-36.614105],[145.304699,-36.61347],[145.318919,-36.612389],[145.353592,-36.55609],[145.578459,-36.555949],[145.578467,-36.554511],[145.580489,-36.554305],[145.590289,-36.55991],[145.592004,-36.563281],[145.631729,-36.563285],[145.631566,-36.499033],[145.731876,-36.499023],[145.731322,-36.44262],[145.724245,-36.434459],[145.724433,-36.424595],[145.735176,-36.42612],[145.739613,-36.431215],[145.737942,-36.434234],[145.741996,-36.435086],[145.746973,-36.433719],[145.75337,-36.4357],[145.763808,-36.436153],[145.766132,-36.441716],[145.768384,-36.441408],[145.771473,-36.444663],[145.77544,-36.443741],[145.79851,-36.330817],[145.798453,-36.299056],[145.631526,-36.299062],[145.631607,-36.199166],[145.260265,-36.199312],[145.259901,-36.196833],[145.256975,-36.195867],[145.258151,-36.192706],[145.254747,-36.193662],[145.251604,-36.191932],[145.25347,-36.190189],[145.25198,-36.187726],[145.255227,-36.186158],[145.255677,-36.184218],[145.252462,-36.184336],[145.24869,-36.187546],[145.249082,-36.180922],[145.246059,-36.179001],[145.245445,-36.175703],[145.243385,-36.176396],[145.243399,-36.18023],[145.240429,-36.178771],[145.239965,-36.171627],[145.236464,-36.173746],[145.237365,-36.177505],[145.234772,-36.175665],[145.23495,-36.169666],[145.232137,-36.169239],[145.232082,-36.167778],[145.23774,-36.166185],[145.237658,-36.164595],[145.233341,-36.164673],[145.22937,-36.170879],[145.22777,-36.168758],[145.230791,-36.165293],[145.229035,-36.16483],[145.22447,-36.170567],[145.223025,-36.170454],[145.222111,-36.168207],[145.223589,-36.165224],[145.221271,-36.162795],[145.226099,-36.160678],[145.230007,-36.161219],[145.228998,-36.158879],[145.220741,-36.160523],[145.218828,-36.164703],[145.216359,-36.165598],[145.212718,-36.161495],[145.214772,-36.159446],[145.212071,-36.158668],[145.20668,-36.164879],[145.209831,-36.166303],[145.208472,-36.167821],[145.204713,-36.167134],[145.2035,-36.161398],[145.195092,-36.161994],[145.200719,-36.157636],[145.19436,-36.158832],[145.192553,-36.163438],[145.197158,-36.1634],[145.19855,-36.164919],[145.197094,-36.166092],[145.189033,-36.165239],[145.190924,-36.171311],[145.187656,-36.174493],[145.190347,-36.175584],[145.194418,-36.173664],[145.195909,-36.17457],[145.193227,-36.179108],[145.190221,-36.179966],[145.18099,-36.178172],[145.184292,-36.18226],[145.182555,-36.184947],[145.180577,-36.181581],[145.178209,-36.180374],[145.176502,-36.181692],[145.172484,-36.17671],[145.172101,-36.169914],[145.175079,-36.16819],[145.172872,-36.167589],[145.170105,-36.169213],[145.16942,-36.168053],[145.172857,-36.165404],[145.165802,-36.16738],[145.166334,-36.16438],[145.164365,-36.163776],[145.165735,-36.160696],[145.158535,-36.160105],[145.158395,-36.15796],[145.156145,-36.157647],[145.151217,-36.160685],[145.147478,-36.160679],[145.146235,-36.162696],[145.145065,-36.160771],[145.14671,-36.159009],[145.143916,-36.155173],[145.140287,-36.159074],[145.138857,-36.15787],[145.138861,-36.154348],[145.136353,-36.154751],[145.135685,-36.157681],[145.133539,-36.155279],[145.132257,-36.158057],[145.134587,-36.161092],[145.129934,-36.161764],[145.138718,-36.166233],[145.135337,-36.168652],[145.138316,-36.171194],[145.135454,-36.172634],[145.136876,-36.17436],[145.135864,-36.175244],[145.132636,-36.172992],[145.132015,-36.170513],[145.130158,-36.170789],[145.132277,-36.174808],[145.127615,-36.17645],[145.132745,-36.178934],[145.13163,-36.184725],[145.131993,-36.284341],[145.150316,-36.284335],[145.150298,-36.343088],[145.031955,-36.342968],[145.031977,-36.49897],[145.149766,-36.498998],[145.151407,-36.527109],[145.157564,-36.530484],[145.154036,-36.537971],[145.153562,-36.557691],[145.154827,-36.559633],[145.14991,-36.560041],[145.150012,-36.5872],[145.131751,-36.587325],[145.131719,-36.67535]]]}},{"type":"Feature","properties":{"code":"AU-LGA-22910","name":"Hepburn","label":"Hepburn","type":"Local government area","parentCode":"AU-VIC"},"geometry":{"type":"Polygon","coordinates":[[[143.937682,-37.475415],[143.937886,-37.474189],[143.986706,-37.479742],[143.98588,-37.477322],[143.990044,-37.479407],[144.023637,-37.483875],[144.021441,-37.486466],[144.03703,-37.486272],[144.038583,-37.485599],[144.042354,-37.463795],[144.055158,-37.470033],[144.056174,-37.467744],[144.058653,-37.468122],[144.059086,-37.465987],[144.061745,-37.466383],[144.061299,-37.4685],[144.062921,-37.468878],[144.072365,-37.46343],[144.078656,-37.462638],[144.082098,-37.457641],[144.083566,-37.450317],[144.087793,-37.451773],[144.087144,-37.445827],[144.090675,-37.444248],[144.101042,-37.445854],[144.103144,-37.441492],[144.106884,-37.440223],[144.107,-37.436751],[144.111478,-37.43392],[144.107234,-37.4286],[144.125843,-37.430797],[144.12604,-37.429471],[144.132847,-37.430161],[144.133973,-37.428405],[144.138885,-37.426958],[144.142054,-37.422096],[144.145444,-37.422595],[144.147992,-37.419912],[144.155667,-37.420989],[144.159376,-37.418546],[144.165145,-37.418333],[144.168164,-37.420379],[144.171715,-37.417292],[144.17398,-37.418049],[144.188767,-37.414735],[144.192797,-37.410904],[144.196116,-37.410349],[144.196302,-37.40882],[144.201029,-37.409329],[144.198111,-37.420116],[144.22562,-37.423454],[144.227032,-37.416098],[144.234678,-37.416515],[144.250759,-37.428684],[144.268705,-37.427577],[144.283543,-37.434467],[144.290376,-37.435217],[144.29126,-37.436937],[144.295363,-37.435825],[144.294731,-37.434351],[144.298051,-37.43599],[144.295108,-37.42897],[144.299937,-37.428035],[144.300477,-37.425182],[144.311793,-37.415595],[144.315503,-37.408575],[144.316685,-37.408791],[144.315932,-37.405442],[144.317679,-37.402505],[144.321458,-37.406289],[144.326512,-37.40636],[144.327623,-37.410185],[144.334879,-37.408865],[144.338606,-37.413294],[144.345723,-37.417916],[144.343239,-37.421165],[144.342062,-37.420585],[144.341114,-37.426019],[144.342711,-37.426142],[144.342376,-37.428052],[144.347313,-37.428641],[144.347283,-37.432124],[144.379284,-37.438775],[144.382592,-37.423711],[144.380131,-37.423624],[144.380769,-37.419798],[144.377807,-37.415904],[144.381973,-37.393314],[144.415793,-37.396244],[144.417478,-37.389761],[144.415111,-37.382335],[144.419037,-37.360494],[144.392771,-37.358136],[144.39163,-37.350286],[144.395743,-37.331567],[144.380266,-37.329738],[144.373613,-37.326056],[144.369099,-37.320077],[144.360475,-37.318393],[144.340341,-37.309654],[144.330256,-37.302067],[144.316137,-37.298192],[144.310406,-37.292773],[144.312224,-37.288345],[144.314222,-37.287219],[144.315319,-37.282552],[144.318517,-37.283843],[144.318042,-37.281251],[144.320828,-37.279344],[144.319728,-37.271487],[144.323442,-37.264253],[144.323949,-37.259675],[144.327987,-37.255409],[144.333543,-37.256865],[144.333034,-37.253786],[144.335213,-37.25245],[144.335373,-37.249185],[144.337751,-37.246481],[144.33782,-37.242453],[144.343993,-37.226213],[144.356765,-37.214631],[144.356366,-37.212738],[144.361379,-37.208127],[144.368366,-37.206726],[144.376129,-37.202228],[144.375356,-37.195805],[144.360339,-37.194034],[144.362993,-37.179387],[144.375544,-37.18087],[144.380473,-37.175037],[144.37733,-37.175807],[144.374476,-37.173163],[144.345302,-37.169734],[144.337498,-37.165633],[144.331025,-37.169712],[144.330879,-37.17182],[144.327763,-37.166858],[144.292168,-37.163557],[144.284258,-37.208001],[144.276636,-37.20905],[144.275322,-37.205532],[144.257073,-37.203425],[144.257283,-37.204551],[144.19191,-37.19615],[144.190715,-37.19378],[144.188761,-37.195678],[144.185154,-37.195344],[144.190452,-37.166126],[144.185195,-37.167094],[144.182891,-37.165784],[144.182749,-37.16692],[144.178752,-37.167243],[144.178047,-37.165119],[144.173491,-37.163923],[144.156644,-37.162847],[144.15703,-37.16072],[144.146016,-37.162298],[144.121412,-37.158818],[144.122347,-37.153289],[144.095978,-37.150203],[144.096303,-37.148363],[144.093445,-37.150143],[144.074347,-37.147647],[144.072058,-37.159922],[144.069994,-37.16298],[144.064015,-37.202336],[144.061202,-37.20197],[144.060089,-37.207717],[144.06754,-37.210405],[144.064975,-37.217385],[144.066078,-37.224864],[144.060604,-37.236826],[144.064437,-37.244468],[144.063568,-37.249495],[144.062706,-37.252097],[144.056008,-37.25108],[144.055777,-37.249553],[144.051008,-37.250462],[144.041997,-37.25604],[144.03765,-37.26368],[144.038624,-37.270228],[144.035682,-37.268469],[144.03614,-37.264805],[144.033063,-37.262511],[144.025208,-37.262746],[144.023471,-37.259332],[144.022004,-37.262801],[144.018861,-37.263289],[144.018396,-37.261088],[144.018643,-37.262545],[144.01679,-37.26321],[144.016562,-37.260978],[144.014143,-37.261431],[144.010251,-37.258086],[144.006855,-37.258165],[144.006273,-37.255771],[144.003936,-37.256714],[144.001391,-37.255243],[144.001448,-37.250964],[143.994924,-37.24408],[143.998814,-37.24391],[144.000536,-37.24131],[143.996746,-37.235334],[143.993791,-37.236746],[143.991874,-37.233126],[143.987248,-37.231848],[143.983974,-37.233444],[143.982739,-37.231114],[143.97987,-37.231045],[143.980549,-37.228176],[143.97702,-37.229977],[143.974507,-37.227769],[143.970518,-37.228147],[143.958874,-37.220482],[143.958391,-37.217976],[143.955646,-37.215962],[143.956328,-37.213865],[143.952028,-37.203674],[143.949149,-37.201409],[143.947819,-37.196709],[143.949418,-37.194447],[143.875008,-37.186389],[143.867248,-37.195259],[143.860278,-37.234285],[143.858443,-37.235334],[143.836998,-37.232833],[143.833551,-37.22625],[143.822067,-37.225932],[143.820197,-37.235207],[143.76629,-37.228221],[143.758901,-37.233093],[143.753311,-37.230938],[143.744313,-37.221105],[143.732617,-37.214553],[143.729842,-37.219406],[143.727017,-37.213658],[143.72283,-37.217374],[143.724367,-37.22098],[143.72015,-37.221778],[143.719535,-37.223893],[143.716286,-37.225043],[143.716808,-37.227429],[143.714713,-37.227693],[143.713921,-37.230268],[143.709698,-37.230963],[143.707793,-37.2294],[143.704602,-37.230931],[143.702679,-37.229638],[143.691975,-37.232292],[143.690413,-37.229544],[143.687032,-37.228948],[143.681722,-37.233996],[143.679094,-37.23257],[143.676595,-37.234269],[143.671703,-37.23323],[143.665135,-37.236642],[143.648063,-37.321682],[143.788118,-37.339219],[143.790515,-37.341914],[143.791368,-37.341031],[143.789945,-37.33995],[143.794032,-37.339078],[143.793254,-37.343704],[143.826882,-37.340098],[143.840794,-37.342634],[143.841566,-37.345249],[143.868765,-37.348313],[143.858805,-37.40202],[143.849197,-37.40077],[143.843233,-37.431107],[143.857717,-37.43296],[143.851665,-37.461325],[143.852909,-37.462798],[143.849427,-37.466781],[143.937682,-37.475415]]]}},{"type":"Feature","properties":{"code":"AU-LGA-22980","name":"Hindmarsh","label":"Hindmarsh","type":"Local government area","parentCode":"AU-VIC"},"geometry":{"type":"Polygon","coordinates":[[[141.837681,-36.554281],[141.973689,-36.566408],[142.003949,-36.567438],[142.005886,-36.56518],[142.005074,-36.562201],[142.010139,-36.560234],[142.011273,-36.558688],[142.01035,-36.557634],[142.012474,-36.555736],[142.010695,-36.555393],[142.009661,-36.551909],[142.013562,-36.551034],[142.010473,-36.548408],[142.013595,-36.542272],[142.012673,-36.538851],[142.015594,-36.538369],[142.014994,-36.535011],[142.019894,-36.536091],[142.01985,-36.533447],[142.025106,-36.531679],[142.022139,-36.527954],[142.028362,-36.521854],[142.02805,-36.5198],[142.030517,-36.517388],[142.030251,-36.515271],[142.02735,-36.512985],[142.030051,-36.511136],[142.027217,-36.508573],[142.023883,-36.508046],[142.021528,-36.50558],[142.022032,-36.503581],[142.018649,-36.502146],[142.018949,-36.496743],[142.016851,-36.496938],[142.017847,-36.494565],[142.067457,-36.493071],[142.070804,-36.496353],[142.076122,-36.492861],[142.099761,-36.492791],[142.100221,-36.494211],[142.118207,-36.4941],[142.118365,-36.4927],[142.168126,-36.492479],[142.16458,-36.481925],[142.164536,-36.469587],[142.165967,-36.46951],[142.165387,-36.366269],[142.168635,-36.365849],[142.167973,-36.040473],[142.168485,-36.033797],[142.172613,-36.033804],[142.172645,-36.018696],[142.168479,-36.01839],[142.168453,-35.997854],[142.239004,-35.997875],[142.23904,-35.86831],[141.997117,-35.867432],[141.997352,-35.824713],[141.995747,-35.824263],[141.999163,-35.814809],[141.999517,-35.797873],[142.008388,-35.774221],[142.010169,-35.755219],[142.009958,-35.73996],[142.008013,-35.733748],[141.998871,-35.716135],[141.992229,-35.710737],[141.997439,-35.710741],[141.997245,-35.653876],[141.994955,-35.653879],[141.994935,-35.643861],[141.997498,-35.639556],[141.997488,-35.498422],[141.499466,-35.498498],[141.499764,-35.748569],[141.330465,-35.748525],[141.335414,-35.905117],[141.340878,-35.906116],[141.354056,-35.912947],[141.374019,-35.943657],[141.379399,-36.004814],[141.352665,-36.008247],[141.336132,-35.997862],[141.284808,-35.996929],[141.279203,-35.998768],[141.270921,-35.998737],[141.254429,-35.996815],[141.248946,-36.06351],[141.24418,-36.080064],[141.226614,-36.18767],[141.403755,-36.206276],[141.403113,-36.211742],[141.405927,-36.212956],[141.41205,-36.221406],[141.411545,-36.228868],[141.400277,-36.227766],[141.379095,-36.359696],[141.497181,-36.372151],[141.496024,-36.379267],[141.486357,-36.378222],[141.484254,-36.391452],[141.485358,-36.391575],[141.479747,-36.427265],[141.483949,-36.427669],[141.477883,-36.464846],[141.484461,-36.465546],[141.473557,-36.531051],[141.633846,-36.547473],[141.650221,-36.547389],[141.678424,-36.552378],[141.726835,-36.557698],[141.728694,-36.54445],[141.837681,-36.554281]]]}},{"type":"Feature","properties":{"code":"AU-LGA-23110","name":"Hobsons Bay","label":"Hobsons Bay","type":"Local government area","parentCode":"AU-VIC"},"geometry":{"type":"Polygon","coordinates":[[[144.855879,-37.814869],[144.824786,-37.823573],[144.811479,-37.83246],[144.785638,-37.844539],[144.78192,-37.844158],[144.78143,-37.845567],[144.776549,-37.846563],[144.768941,-37.851182],[144.770623,-37.855377],[144.770032,-37.858259],[144.767035,-37.857765],[144.766197,-37.864742],[144.760191,-37.866749],[144.760008,-37.869063],[144.754805,-37.869554],[144.753554,-37.876473],[144.752392,-37.87645],[144.751716,-37.88665],[144.762388,-37.888655],[144.763331,-37.883575],[144.770856,-37.884154],[144.780778,-37.894128],[144.780853,-37.899194],[144.797352,-37.899639],[144.799787,-37.898811],[144.801244,-37.894945],[144.804509,-37.894337],[144.807593,-37.891369],[144.807741,-37.88063],[144.814396,-37.875131],[144.825192,-37.870931],[144.840437,-37.871431],[144.850194,-37.86402],[144.856397,-37.863352],[144.861672,-37.859828],[144.861126,-37.860695],[144.868587,-37.858699],[144.871149,-37.859495],[144.874651,-37.86171],[144.874443,-37.863579],[144.878627,-37.86807],[144.881401,-37.865669],[144.883842,-37.866145],[144.885056,-37.868267],[144.892156,-37.867592],[144.902912,-37.87274],[144.91553,-37.86553],[144.911561,-37.862055],[144.903929,-37.86172],[144.902048,-37.854305],[144.89524,-37.848696],[144.897987,-37.847627],[144.899385,-37.849644],[144.905599,-37.851719],[144.899465,-37.848816],[144.897224,-37.844099],[144.903898,-37.849995],[144.900728,-37.848361],[144.899419,-37.845625],[144.901194,-37.847135],[144.89767,-37.843603],[144.897099,-37.836335],[144.89889,-37.828863],[144.905568,-37.822875],[144.895863,-37.821783],[144.894931,-37.826987],[144.886895,-37.822566],[144.881096,-37.825284],[144.857795,-37.824434],[144.85984,-37.81382],[144.855879,-37.814869]]]}},{"type":"Feature","properties":{"code":"AU-LGA-23190","name":"Horsham","label":"Horsham","type":"Local government area","parentCode":"AU-VIC"},"geometry":{"type":"Polygon","coordinates":[[[141.776173,-37.176961],[141.780939,-37.174527],[141.776796,-37.171831],[141.786471,-37.168777],[141.787394,-37.170618],[141.785033,-37.172386],[141.785479,-37.174116],[141.793507,-37.172634],[141.795819,-37.175285],[141.796535,-37.173223],[141.800635,-37.171691],[141.801136,-37.16963],[141.799166,-37.167834],[141.800772,-37.166662],[141.802495,-37.167622],[141.802785,-37.170305],[141.806274,-37.169482],[141.805965,-37.174074],[141.810022,-37.177379],[141.814555,-37.174675],[141.814094,-37.171477],[141.810985,-37.169877],[141.811499,-37.16808],[141.818651,-37.171297],[141.820786,-37.173971],[141.826036,-37.168898],[141.832762,-37.172031],[141.836161,-37.170833],[141.836753,-37.168951],[141.842299,-37.166322],[141.839878,-37.164376],[141.839841,-37.161047],[141.835515,-37.160288],[141.834478,-37.158097],[141.840545,-37.152498],[141.8443,-37.152237],[141.853063,-37.147751],[141.858043,-37.149086],[141.857801,-37.146527],[141.859098,-37.145771],[141.864845,-37.149448],[141.871078,-37.146906],[141.881857,-37.145673],[141.885726,-37.143831],[141.887733,-37.139989],[141.893244,-37.137344],[141.898843,-37.137601],[141.900937,-37.134426],[141.904418,-37.135894],[141.908882,-37.134835],[141.90949,-37.132184],[141.906303,-37.128623],[141.907877,-37.12652],[141.903479,-37.123559],[141.90499,-37.119022],[141.911058,-37.113452],[141.915226,-37.114772],[141.919795,-37.119893],[141.923552,-37.121304],[141.925481,-37.125133],[141.924439,-37.127083],[141.926043,-37.129652],[141.923452,-37.138574],[141.928387,-37.145141],[141.924179,-37.152312],[141.927926,-37.15591],[141.929587,-37.163153],[141.934982,-37.166205],[141.929211,-37.167253],[141.927603,-37.169123],[141.935594,-37.170789],[141.930009,-37.17621],[141.93005,-37.179561],[141.919305,-37.18281],[141.919719,-37.186136],[141.911711,-37.189826],[141.91048,-37.198265],[141.913472,-37.200931],[141.912779,-37.202348],[141.920561,-37.203197],[141.921381,-37.198239],[141.938202,-37.200059],[141.937181,-37.206667],[141.941924,-37.2073],[141.945047,-37.210698],[141.953458,-37.208732],[141.989252,-37.212406],[141.991137,-37.213219],[141.995781,-37.222607],[141.999771,-37.224316],[142.033822,-37.222923],[142.03941,-37.224056],[142.044993,-37.222106],[142.052336,-37.222865],[142.064565,-37.218523],[142.079685,-37.223584],[142.088751,-37.212619],[142.088761,-37.210192],[142.084568,-37.205273],[142.087497,-37.199366],[142.086751,-37.191017],[142.090515,-37.182459],[142.092262,-37.170877],[142.09811,-37.166738],[142.10658,-37.164945],[142.109112,-37.16272],[142.107232,-37.146084],[142.110169,-37.141173],[142.107889,-37.130471],[142.114494,-37.112041],[142.122259,-37.109657],[142.130126,-37.109454],[142.14133,-37.111884],[142.153314,-37.107007],[142.16364,-37.105829],[142.172416,-37.108667],[142.177318,-37.107606],[142.181824,-37.110992],[142.185405,-37.110078],[142.187544,-37.112776],[142.18941,-37.111164],[142.187914,-37.109547],[142.19182,-37.108193],[142.193429,-37.103611],[142.201968,-37.095014],[142.202077,-37.088607],[142.206262,-37.087283],[142.211682,-37.090375],[142.216122,-37.100705],[142.21571,-37.111389],[142.221375,-37.115165],[142.22248,-37.120562],[142.232847,-37.123382],[142.235051,-37.12817],[142.235131,-37.107157],[142.271171,-37.107384],[142.276019,-37.098344],[142.288428,-37.088732],[142.300246,-37.098463],[142.308197,-37.098458],[142.308351,-37.085956],[142.315145,-37.08596],[142.333053,-37.071988],[142.344708,-37.081604],[142.374571,-37.058562],[142.406925,-37.058323],[142.406822,-37.046003],[142.391044,-37.046257],[142.391052,-37.043052],[142.395804,-37.043025],[142.395924,-37.028509],[142.405155,-37.030965],[142.410941,-37.034573],[142.411003,-37.021364],[142.405097,-37.021348],[142.404958,-37.016296],[142.38048,-37.015381],[142.380512,-37.009109],[142.368417,-37.009015],[142.36838,-37.014307],[142.361417,-37.01441],[142.360883,-37.021437],[142.335042,-37.019039],[142.336385,-37.011232],[142.338696,-37.01388],[142.346903,-37.013746],[142.346646,-37.003207],[142.339938,-37.00322],[142.340001,-36.9913],[142.351488,-36.991272],[142.351515,-36.980301],[142.368341,-36.980479],[142.375452,-36.982845],[142.380573,-36.978306],[142.394665,-36.97836],[142.394693,-36.973245],[142.358256,-36.973124],[142.358241,-36.965654],[142.375885,-36.965685],[142.37592,-36.958249],[142.377358,-36.958254],[142.378723,-36.94771],[142.374225,-36.947623],[142.375114,-36.927051],[142.358082,-36.92655],[142.358318,-36.903338],[142.374041,-36.90341],[142.374104,-36.890257],[142.36833,-36.891782],[142.362485,-36.888602],[142.358156,-36.888623],[142.358121,-36.896772],[142.352685,-36.896749],[142.352757,-36.884997],[142.358396,-36.885007],[142.358413,-36.881013],[142.363763,-36.881035],[142.367088,-36.879361],[142.372645,-36.878915],[142.374775,-36.881026],[142.382349,-36.881053],[142.380991,-36.877516],[142.37725,-36.876198],[142.377311,-36.868967],[142.39799,-36.868874],[142.402834,-36.873287],[142.42378,-36.880393],[142.431515,-36.888916],[142.431486,-36.868716],[142.441679,-36.868813],[142.449485,-36.874847],[142.449484,-36.897658],[142.455877,-36.897659],[142.455823,-36.9167],[142.480376,-36.916769],[142.480198,-36.897662],[142.493351,-36.897662],[142.49339,-36.906691],[142.507287,-36.906724],[142.50547,-36.911049],[142.511302,-36.915466],[142.510631,-36.917056],[142.498117,-36.916636],[142.497804,-36.942009],[142.503889,-36.9394],[142.51187,-36.939874],[142.511939,-36.949191],[142.53921,-36.949257],[142.559405,-36.942722],[142.559447,-36.879581],[142.571298,-36.87956],[142.568325,-36.878355],[142.567489,-36.872629],[142.563411,-36.872263],[142.559147,-36.869303],[142.557243,-36.869972],[142.556084,-36.866829],[142.547837,-36.860991],[142.548041,-36.857759],[142.545327,-36.856347],[142.541918,-36.857203],[142.534959,-36.852695],[142.535219,-36.849008],[142.532098,-36.84669],[142.529986,-36.841784],[142.520368,-36.838103],[142.51706,-36.83268],[142.517457,-36.830308],[142.508333,-36.82252],[142.507648,-36.818624],[142.509856,-36.811131],[142.503162,-36.808873],[142.500945,-36.803553],[142.498739,-36.802832],[142.495418,-36.798124],[142.489186,-36.796235],[142.490376,-36.793312],[142.487082,-36.791891],[142.484655,-36.794078],[142.482824,-36.792206],[142.480953,-36.786546],[142.48148,-36.783228],[142.479809,-36.78305],[142.478915,-36.779245],[142.480454,-36.777784],[142.480696,-36.77359],[142.478982,-36.773057],[142.480362,-36.772036],[142.477251,-36.772017],[142.47684,-36.769573],[142.47135,-36.767948],[142.471204,-36.761482],[142.469594,-36.761466],[142.475345,-36.758612],[142.474012,-36.756021],[142.475354,-36.752912],[142.47341,-36.753102],[142.469321,-36.748697],[142.463407,-36.739748],[142.462632,-36.734843],[142.455354,-36.73196],[142.453733,-36.729309],[142.450972,-36.730041],[142.44,-36.726648],[142.435926,-36.722286],[142.433269,-36.722018],[142.428378,-36.716214],[142.423929,-36.71429],[142.42383,-36.711612],[142.419072,-36.710482],[142.414952,-36.706978],[142.410402,-36.706289],[142.407646,-36.703144],[142.408159,-36.700815],[142.400137,-36.699355],[142.401493,-36.696726],[142.398914,-36.693094],[142.402354,-36.689819],[142.395827,-36.683527],[142.397347,-36.681142],[142.396337,-36.678461],[142.392857,-36.67627],[142.390047,-36.677575],[142.386926,-36.67689],[142.382311,-36.672969],[142.385698,-36.665826],[142.383072,-36.663088],[142.382556,-36.657221],[142.378873,-36.652145],[142.373038,-36.650209],[142.369852,-36.646028],[142.371895,-36.637201],[142.370088,-36.632326],[142.370917,-36.627783],[142.373033,-36.625375],[142.373461,-36.619549],[142.371879,-36.613264],[142.378652,-36.607336],[142.37834,-36.603591],[142.386285,-36.598821],[142.38733,-36.5912],[142.389026,-36.589884],[142.386065,-36.587097],[142.387801,-36.584467],[142.388024,-36.578288],[142.382056,-36.57382],[142.387429,-36.556586],[142.39141,-36.549812],[142.390582,-36.546768],[142.396477,-36.538148],[142.398068,-36.528108],[142.394263,-36.527274],[142.3918,-36.521626],[142.394063,-36.519188],[142.396422,-36.510411],[142.394444,-36.506031],[142.396345,-36.501965],[142.399946,-36.500515],[142.398624,-36.498622],[142.402631,-36.497349],[142.404369,-36.494642],[142.40188,-36.494068],[142.399291,-36.487914],[142.39997,-36.483443],[142.402417,-36.481738],[142.39837,-36.480154],[142.400037,-36.475393],[142.397921,-36.471911],[142.398973,-36.468392],[142.401904,-36.466396],[142.396324,-36.458255],[142.400301,-36.455954],[142.401503,-36.452082],[142.404813,-36.449472],[142.350515,-36.449435],[142.343267,-36.440295],[142.243553,-36.440061],[142.228169,-36.437483],[142.198058,-36.437555],[142.176659,-36.433005],[142.165889,-36.432654],[142.165967,-36.46951],[142.164536,-36.469587],[142.16458,-36.481925],[142.168126,-36.492479],[142.118365,-36.4927],[142.118207,-36.4941],[142.100221,-36.494211],[142.099761,-36.492791],[142.076122,-36.492861],[142.070804,-36.496353],[142.067457,-36.493071],[142.017847,-36.494565],[142.016851,-36.496938],[142.018949,-36.496743],[142.018649,-36.502146],[142.022032,-36.503581],[142.021528,-36.50558],[142.023883,-36.508046],[142.027217,-36.508573],[142.030051,-36.511136],[142.02735,-36.512985],[142.030251,-36.515271],[142.030517,-36.517388],[142.02805,-36.5198],[142.028362,-36.521854],[142.022139,-36.527954],[142.025106,-36.531679],[142.01985,-36.533447],[142.019894,-36.536091],[142.014994,-36.535011],[142.015594,-36.538369],[142.012673,-36.538851],[142.013595,-36.542272],[142.010473,-36.548408],[142.013562,-36.551034],[142.009661,-36.551909],[142.010695,-36.555393],[142.012474,-36.555736],[142.01035,-36.557634],[142.011273,-36.558688],[142.010139,-36.560234],[142.005074,-36.562201],[142.005886,-36.56518],[142.003949,-36.567438],[141.973689,-36.566408],[141.837681,-36.554281],[141.826237,-36.628685],[141.821045,-36.628165],[141.81613,-36.659789],[141.740839,-36.652157],[141.72841,-36.733427],[141.730339,-36.733341],[141.727586,-36.750986],[141.725508,-36.750423],[141.71779,-36.80103],[141.702114,-36.799497],[141.700645,-36.809181],[141.70355,-36.809472],[141.702295,-36.818059],[141.704767,-36.840919],[141.702644,-36.849816],[141.711932,-36.850735],[141.706587,-36.883832],[141.683899,-36.881643],[141.683398,-36.885047],[141.668796,-36.883689],[141.657669,-36.955641],[141.779326,-36.967162],[141.773923,-36.972053],[141.780105,-36.977097],[141.786086,-36.977571],[141.785779,-36.979609],[141.792315,-36.980216],[141.791064,-36.989014],[141.786284,-36.988543],[141.780936,-37.022797],[141.771794,-37.021908],[141.770621,-37.026991],[141.780832,-37.02802],[141.778272,-37.04508],[141.781006,-37.045337],[141.772115,-37.102709],[141.77339,-37.107285],[141.770215,-37.115157],[141.765216,-37.148765],[141.770376,-37.151471],[141.771927,-37.155963],[141.770874,-37.159261],[141.773088,-37.162018],[141.774466,-37.168168],[141.776408,-37.169183],[141.775266,-37.170987],[141.777097,-37.175581],[141.776173,-37.176961]]]}},{"type":"Feature","properties":{"code":"AU-LGA-23270","name":"Hume","label":"Hume","type":"Local government area","parentCode":"AU-VIC"},"geometry":{"type":"Polygon","coordinates":[[[144.883464,-37.503434],[144.883633,-37.504809],[144.879962,-37.505457],[144.877401,-37.505259],[144.875492,-37.50211],[144.872824,-37.504604],[144.867726,-37.503394],[144.870987,-37.505734],[144.866336,-37.506848],[144.868995,-37.509541],[144.866632,-37.511523],[144.871545,-37.513214],[144.870511,-37.515523],[144.770387,-37.501785],[144.766896,-37.50501],[144.762792,-37.499551],[144.760432,-37.499509],[144.761004,-37.501734],[144.759772,-37.501595],[144.757536,-37.494825],[144.751945,-37.497005],[144.740521,-37.489293],[144.739057,-37.489686],[144.740571,-37.493171],[144.739518,-37.493844],[144.732526,-37.487319],[144.726181,-37.486518],[144.721647,-37.483377],[144.719535,-37.483679],[144.718834,-37.487348],[144.712673,-37.487685],[144.71184,-37.486397],[144.713738,-37.484297],[144.712273,-37.482634],[144.70467,-37.482352],[144.701958,-37.485263],[144.700811,-37.481929],[144.699868,-37.48483],[144.696199,-37.485049],[144.697774,-37.489166],[144.692993,-37.489167],[144.691682,-37.486681],[144.688037,-37.490348],[144.689292,-37.493305],[144.686093,-37.49301],[144.684988,-37.495558],[144.683668,-37.492491],[144.67835,-37.494386],[144.677878,-37.496468],[144.681751,-37.497831],[144.679486,-37.499393],[144.675157,-37.498781],[144.673779,-37.500419],[144.667879,-37.49823],[144.665629,-37.501128],[144.663385,-37.498754],[144.655254,-37.499898],[144.651601,-37.498834],[144.651283,-37.496512],[144.648033,-37.496859],[144.645035,-37.495031],[144.638058,-37.499489],[144.632415,-37.530108],[144.648059,-37.542891],[144.657301,-37.553966],[144.663774,-37.558341],[144.700908,-37.605404],[144.715176,-37.620816],[144.724362,-37.626756],[144.742996,-37.660741],[144.746478,-37.663015],[144.75733,-37.664116],[144.75855,-37.662904],[144.764722,-37.665752],[144.767757,-37.663971],[144.772052,-37.663989],[144.768441,-37.668372],[144.774255,-37.670699],[144.776987,-37.676789],[144.781882,-37.674989],[144.791939,-37.675366],[144.79782,-37.671655],[144.801141,-37.675529],[144.801695,-37.671357],[144.804756,-37.669504],[144.803364,-37.675867],[144.805637,-37.677605],[144.806325,-37.683114],[144.812084,-37.681617],[144.818695,-37.682397],[144.820487,-37.684323],[144.818798,-37.687374],[144.820733,-37.692168],[144.811254,-37.695579],[144.809491,-37.697294],[144.810582,-37.698748],[144.818528,-37.700075],[144.824661,-37.698242],[144.828172,-37.700749],[144.824926,-37.701599],[144.825246,-37.703444],[144.828768,-37.705563],[144.827318,-37.706267],[144.831884,-37.706864],[144.830855,-37.705575],[144.835052,-37.703246],[144.838183,-37.705556],[144.838118,-37.70932],[144.859431,-37.712406],[144.860752,-37.705805],[144.8829,-37.708614],[144.886233,-37.707736],[144.904917,-37.693847],[144.919009,-37.694678],[144.972067,-37.690986],[144.973735,-37.689222],[144.970741,-37.688186],[144.971459,-37.684079],[144.972593,-37.681],[144.974594,-37.68011],[144.972403,-37.676965],[144.977809,-37.676565],[144.974919,-37.673858],[144.976276,-37.671731],[144.973944,-37.671274],[144.975682,-37.665339],[144.972168,-37.663102],[144.973498,-37.660809],[144.972226,-37.659304],[144.976978,-37.658222],[144.974839,-37.655501],[144.97457,-37.652345],[144.976283,-37.65007],[144.971054,-37.643247],[144.969339,-37.643077],[144.97024,-37.640492],[144.968926,-37.638545],[144.966901,-37.638251],[144.964991,-37.635479],[144.958553,-37.634407],[144.957442,-37.631885],[144.958749,-37.627688],[144.95565,-37.626049],[144.955486,-37.623778],[144.952801,-37.623192],[144.957335,-37.620834],[144.955397,-37.6192],[144.95598,-37.616767],[144.953953,-37.613645],[144.951877,-37.613169],[144.952417,-37.610666],[144.95049,-37.611234],[144.946466,-37.607412],[144.952355,-37.606809],[144.953011,-37.596406],[144.954804,-37.5954],[144.955883,-37.59125],[144.958809,-37.591131],[144.956953,-37.585753],[144.958497,-37.585105],[144.956596,-37.582496],[144.963271,-37.579317],[144.962367,-37.577561],[144.965289,-37.573531],[144.963237,-37.567164],[144.965542,-37.560224],[144.963953,-37.557323],[144.960789,-37.556673],[144.953855,-37.549817],[144.953789,-37.545047],[144.959462,-37.542528],[144.960267,-37.539464],[144.963217,-37.539668],[144.968748,-37.534731],[144.972599,-37.535267],[144.973513,-37.531589],[144.976761,-37.528893],[144.972824,-37.525845],[144.974266,-37.525487],[144.97623,-37.519829],[144.974428,-37.516002],[144.977211,-37.513715],[144.883464,-37.503434]]]}},{"type":"Feature","properties":{"code":"AU-LGA-23350","name":"Indigo","label":"Indigo","type":"Local government area","parentCode":"AU-VIC"},"geometry":{"type":"Polygon","coordinates":[[[146.177281,-36.034028],[146.175244,-36.041743],[146.179234,-36.051353],[146.181705,-36.051199],[146.181648,-36.049326],[146.185523,-36.045576],[146.192153,-36.04753],[146.193494,-36.044764],[146.198104,-36.04443],[146.19943,-36.047703],[146.197732,-36.049277],[146.196357,-36.061168],[146.200461,-36.064498],[146.19961,-36.066811],[146.202073,-36.069424],[146.277923,-36.07756],[146.276493,-36.084896],[146.294689,-36.087522],[146.284203,-36.142251],[146.501269,-36.168404],[146.502411,-36.170761],[146.509295,-36.168614],[146.523292,-36.171513],[146.521991,-36.177593],[146.532853,-36.179114],[146.532195,-36.182183],[146.540244,-36.183257],[146.539767,-36.185456],[146.536249,-36.186743],[146.531474,-36.186085],[146.528295,-36.20851],[146.525197,-36.215184],[146.535676,-36.228282],[146.534432,-36.231398],[146.521906,-36.234732],[146.512434,-36.246654],[146.571558,-36.253603],[146.557981,-36.328699],[146.561382,-36.326059],[146.570543,-36.32569],[146.576949,-36.318746],[146.590035,-36.316574],[146.59583,-36.311393],[146.606578,-36.3081],[146.61527,-36.309273],[146.618952,-36.308096],[146.622408,-36.300629],[146.63327,-36.301438],[146.635401,-36.306248],[146.63245,-36.305887],[146.631715,-36.309719],[146.62812,-36.311165],[146.625647,-36.324449],[146.622273,-36.324994],[146.619873,-36.336988],[146.623947,-36.337591],[146.620337,-36.351861],[146.617233,-36.35235],[146.613517,-36.357862],[146.617072,-36.358498],[146.610967,-36.366953],[146.613221,-36.372149],[146.60426,-36.381143],[146.614014,-36.38125],[146.611855,-36.396136],[146.61681,-36.395395],[146.631227,-36.404458],[146.643468,-36.402245],[146.642902,-36.405875],[146.655568,-36.408009],[146.655293,-36.409642],[146.666351,-36.408669],[146.67648,-36.412514],[146.675442,-36.416398],[146.68321,-36.417403],[146.687861,-36.421596],[146.689033,-36.417117],[146.693879,-36.417746],[146.693582,-36.41524],[146.695633,-36.414497],[146.6954,-36.413165],[146.698422,-36.413988],[146.698546,-36.415525],[146.72501,-36.418694],[146.725787,-36.45921],[146.803316,-36.451374],[146.803534,-36.446626],[146.850926,-36.451341],[146.852655,-36.442579],[146.869,-36.444691],[146.864878,-36.452165],[146.881476,-36.4543],[146.891991,-36.435032],[146.897263,-36.4352],[146.902134,-36.430632],[146.914604,-36.430114],[146.913319,-36.429299],[146.914638,-36.423651],[146.920827,-36.424543],[146.922372,-36.416246],[146.933009,-36.417558],[146.934769,-36.408297],[147.017572,-36.392682],[147.045723,-36.394849],[147.043638,-36.396931],[147.04302,-36.394556],[147.038983,-36.397694],[147.039541,-36.399544],[147.037711,-36.400313],[147.040087,-36.401648],[147.036697,-36.402458],[147.037685,-36.404521],[147.035857,-36.404472],[147.039688,-36.408321],[147.037375,-36.410004],[147.039393,-36.412444],[147.037414,-36.416481],[147.043188,-36.41498],[147.045324,-36.415574],[147.043968,-36.417115],[147.047539,-36.417171],[147.046509,-36.419097],[147.048053,-36.418767],[147.048007,-36.420241],[147.045886,-36.42161],[147.047897,-36.421736],[147.048185,-36.423225],[147.045463,-36.423751],[147.046756,-36.424852],[147.046155,-36.427328],[147.081515,-36.417822],[147.083623,-36.4229],[147.090595,-36.420918],[147.12081,-36.424977],[147.125428,-36.447884],[147.131643,-36.451566],[147.145401,-36.450655],[147.145115,-36.448019],[147.141357,-36.445699],[147.144991,-36.444068],[147.144665,-36.440499],[147.15013,-36.439574],[147.151937,-36.437097],[147.149367,-36.432946],[147.151068,-36.431758],[147.151427,-36.42769],[147.156331,-36.424057],[147.157961,-36.420764],[147.155568,-36.415238],[147.158969,-36.411803],[147.156967,-36.407523],[147.162174,-36.404731],[147.161678,-36.400451],[147.158559,-36.396714],[147.162155,-36.39368],[147.161286,-36.391203],[147.165484,-36.39096],[147.164915,-36.384618],[147.16139,-36.378205],[147.162434,-36.375413],[147.16719,-36.371988],[147.165772,-36.369868],[147.167152,-36.365814],[147.165752,-36.363494],[147.166567,-36.359314],[147.177659,-36.361316],[147.176381,-36.358019],[147.183913,-36.354256],[147.185501,-36.350308],[147.197247,-36.339947],[147.194462,-36.330069],[147.185995,-36.32355],[147.182714,-36.313221],[147.178499,-36.310803],[147.178545,-36.305735],[147.174521,-36.298216],[147.168707,-36.297509],[147.170119,-36.290483],[147.155764,-36.281513],[147.15511,-36.278148],[147.14428,-36.263839],[147.14349,-36.258434],[147.122137,-36.255011],[147.122123,-36.25136],[147.11623,-36.246625],[147.114384,-36.242822],[147.108367,-36.241999],[147.107428,-36.240494],[147.108834,-36.234239],[147.097081,-36.232481],[147.101112,-36.218752],[147.09592,-36.214478],[147.085985,-36.209798],[147.073909,-36.189514],[147.036836,-36.184794],[147.032607,-36.205098],[147.025255,-36.204141],[147.024225,-36.209273],[147.021394,-36.207613],[147.021036,-36.209588],[147.002815,-36.207224],[147.002143,-36.210877],[146.997474,-36.210263],[147.000513,-36.215337],[146.998858,-36.21724],[146.999762,-36.218435],[146.998046,-36.218126],[146.998611,-36.220277],[146.996052,-36.220643],[146.998276,-36.221826],[146.995814,-36.222504],[146.999231,-36.225105],[146.996891,-36.226926],[146.99786,-36.228691],[147.001255,-36.228957],[146.990181,-36.234089],[146.985094,-36.233933],[146.973871,-36.240999],[146.964878,-36.241472],[146.960843,-36.24469],[146.950915,-36.230259],[146.947522,-36.229024],[146.943433,-36.231683],[146.939024,-36.237758],[146.932914,-36.23127],[146.929879,-36.230816],[146.926137,-36.226417],[146.919369,-36.222119],[146.909794,-36.227616],[146.905567,-36.235146],[146.897615,-36.232798],[146.890922,-36.232744],[146.883753,-36.240775],[146.875365,-36.242103],[146.869322,-36.248112],[146.863807,-36.248685],[146.857099,-36.253064],[146.856144,-36.25793],[146.838229,-36.255796],[146.837542,-36.259614],[146.822302,-36.257409],[146.81937,-36.254448],[146.82145,-36.250679],[146.82073,-36.244036],[146.813077,-36.23547],[146.803686,-36.235334],[146.811342,-36.218178],[146.802044,-36.216797],[146.796836,-36.213865],[146.793108,-36.207438],[146.789609,-36.20623],[146.788141,-36.202389],[146.784845,-36.200108],[146.785377,-36.194388],[146.783961,-36.191492],[146.78599,-36.188852],[146.783021,-36.184351],[146.784111,-36.178563],[146.781029,-36.178143],[146.781814,-36.174064],[146.787949,-36.169334],[146.790507,-36.165145],[146.778519,-36.154983],[146.78099,-36.141155],[146.773958,-36.140271],[146.774838,-36.127533],[146.767938,-36.129023],[146.733847,-36.122527],[146.706584,-36.125732],[146.702467,-36.106328],[146.704391,-36.105668],[146.702763,-36.104556],[146.711596,-36.045955],[146.717609,-36.043279],[146.720965,-36.039661],[146.7194,-36.037441],[146.720031,-36.034994],[146.728656,-36.029836],[146.729177,-36.027637],[146.732851,-36.026573],[146.732123,-36.023969],[146.722456,-36.028599],[146.716281,-36.026464],[146.712507,-36.029187],[146.708884,-36.029422],[146.708244,-36.032292],[146.710054,-36.034081],[146.7075,-36.036051],[146.698466,-36.033515],[146.696524,-36.031222],[146.689609,-36.030433],[146.689591,-36.032081],[146.69402,-36.032683],[146.695008,-36.034303],[146.689575,-36.040564],[146.685817,-36.040564],[146.682271,-36.038657],[146.679959,-36.034372],[146.682464,-36.029343],[146.677983,-36.030087],[146.67537,-36.028587],[146.682198,-36.025574],[146.680205,-36.022364],[146.67429,-36.021944],[146.671367,-36.025858],[146.669035,-36.022917],[146.668353,-36.017771],[146.665929,-36.018952],[146.665634,-36.021027],[146.670228,-36.0279],[146.664646,-36.029115],[146.66177,-36.026027],[146.656002,-36.026239],[146.655244,-36.024634],[146.658067,-36.021612],[146.653039,-36.02171],[146.650817,-36.020605],[146.650341,-36.018398],[146.652935,-36.017096],[146.657891,-36.017628],[146.65858,-36.014476],[146.650184,-36.013784],[146.64932,-36.011032],[146.650873,-36.007723],[146.644665,-36.007534],[146.642134,-36.004115],[146.642628,-36.008639],[146.640379,-36.009509],[146.636465,-36.005523],[146.631105,-36.003499],[146.634016,-36.000291],[146.633241,-35.999545],[146.628221,-35.999916],[146.626047,-35.99638],[146.62156,-35.999522],[146.620501,-35.998267],[146.622348,-35.995519],[146.619896,-35.993753],[146.614305,-35.996467],[146.61287,-35.994701],[146.613144,-35.991052],[146.608335,-35.988686],[146.607826,-35.986359],[146.61614,-35.982359],[146.610781,-35.980063],[146.618722,-35.975924],[146.612526,-35.972845],[146.607445,-35.974881],[146.603607,-35.973229],[146.60116,-35.975865],[146.599446,-35.970787],[146.595151,-35.974252],[146.584153,-35.974974],[146.583831,-35.977494],[146.587022,-35.981517],[146.583973,-35.983851],[146.580136,-35.982688],[146.576529,-35.978552],[146.569273,-35.979158],[146.567146,-35.975134],[146.562386,-35.976904],[146.562564,-35.972658],[146.56588,-35.970706],[146.562953,-35.967693],[146.558961,-35.971178],[146.560631,-35.975564],[146.558966,-35.978974],[146.554483,-35.978487],[146.551941,-35.979805],[146.555039,-35.984016],[146.550278,-35.985523],[146.550556,-35.987629],[146.555224,-35.987402],[146.555964,-35.989169],[146.549586,-35.992444],[146.538169,-35.984586],[146.537799,-35.982216],[146.532299,-35.984286],[146.532438,-35.975823],[146.526062,-35.970069],[146.51961,-35.969553],[146.519778,-35.966421],[146.52195,-35.964126],[146.519687,-35.960591],[146.511969,-35.964165],[146.501813,-35.958151],[146.501393,-35.963865],[146.497602,-35.967478],[146.496327,-35.97326],[146.50068,-35.979231],[146.492493,-35.985412],[146.49799,-35.986105],[146.50214,-35.983175],[146.504102,-35.988239],[146.500943,-35.99067],[146.492711,-35.991337],[146.488439,-35.989944],[146.487203,-35.985288],[146.479438,-35.985077],[146.47711,-35.982265],[146.47317,-35.983751],[146.469999,-35.980902],[146.469129,-35.98423],[146.466814,-35.983753],[146.465934,-35.980054],[146.470089,-35.976438],[146.462197,-35.970574],[146.463427,-35.966898],[146.46196,-35.964992],[146.456335,-35.966541],[146.454234,-35.962147],[146.447675,-35.965011],[146.445171,-35.974743],[146.442357,-35.976216],[146.439399,-35.974302],[146.439232,-35.969474],[146.437619,-35.967249],[146.426061,-35.963849],[146.421542,-35.966025],[146.425175,-35.973014],[146.423003,-35.974296],[146.419305,-35.973442],[146.420369,-35.978146],[146.418126,-35.978582],[146.415372,-35.975338],[146.414227,-35.975808],[146.415267,-35.979139],[146.412439,-35.981595],[146.415179,-35.982253],[146.415854,-35.983962],[146.402968,-35.988767],[146.398032,-35.998089],[146.400029,-36.004871],[146.39914,-36.007186],[146.397173,-36.008234],[146.38754,-36.007411],[146.380611,-36.012882],[146.378637,-36.023061],[146.379599,-36.028114],[146.386752,-36.033297],[146.387562,-36.035626],[146.382566,-36.039598],[146.376261,-36.038352],[146.379574,-36.044723],[146.373187,-36.04648],[146.369197,-36.050813],[146.357575,-36.040549],[146.354198,-36.040453],[146.351962,-36.042598],[146.35002,-36.041744],[146.346933,-36.037623],[146.345761,-36.029196],[146.338895,-36.026382],[146.334091,-36.027645],[146.331385,-36.026408],[146.325028,-36.03353],[146.331263,-36.035993],[146.329078,-36.043131],[146.323647,-36.041362],[146.320333,-36.04259],[146.315881,-36.03844],[146.31515,-36.044684],[146.312992,-36.045555],[146.308777,-36.039261],[146.306183,-36.040174],[146.304866,-36.043282],[146.301687,-36.042158],[146.300969,-36.036577],[146.297116,-36.039688],[146.296861,-36.044627],[146.300429,-36.043729],[146.302149,-36.044804],[146.299015,-36.047847],[146.291923,-36.04494],[146.291402,-36.038938],[146.28799,-36.039336],[146.284861,-36.042014],[146.283029,-36.041474],[146.284097,-36.03776],[146.291305,-36.035928],[146.286364,-36.033447],[146.28612,-36.030433],[146.29311,-36.029491],[146.291678,-36.024611],[146.285525,-36.027656],[146.282187,-36.026175],[146.282554,-36.022944],[146.291132,-36.020151],[146.286242,-36.014236],[146.281057,-36.016501],[146.27881,-36.015838],[146.278637,-36.013508],[146.282901,-36.011035],[146.275036,-36.012428],[146.276694,-36.017075],[146.274275,-36.019853],[146.278056,-36.022449],[146.272865,-36.026618],[146.267681,-36.025047],[146.267111,-36.020968],[146.261021,-36.02147],[146.261697,-36.016455],[146.2583,-36.01486],[146.257189,-36.01204],[146.25307,-36.015263],[146.251266,-36.019571],[146.247774,-36.017186],[146.244599,-36.018328],[146.245509,-36.02095],[146.249879,-36.021581],[146.250895,-36.023117],[146.248871,-36.024535],[146.241439,-36.023511],[146.24401,-36.02728],[146.243219,-36.028642],[146.234295,-36.028178],[146.229865,-36.033937],[146.228058,-36.032607],[146.227992,-36.028912],[146.221331,-36.030187],[146.22123,-36.035651],[146.219737,-36.036857],[146.214639,-36.035905],[146.212014,-36.038675],[146.210131,-36.038484],[146.210665,-36.035331],[146.215969,-36.033231],[146.211815,-36.028512],[146.205296,-36.034995],[146.205184,-36.039068],[146.199307,-36.037464],[146.198613,-36.035602],[146.200078,-36.033085],[146.198086,-36.029916],[146.199762,-36.028281],[146.204119,-36.028471],[146.200873,-36.027431],[146.198581,-36.027967],[146.188095,-36.041578],[146.18496,-36.041904],[146.178469,-36.037878],[146.179021,-36.036089],[146.181944,-36.035329],[146.180979,-36.03337],[146.177281,-36.034028]]]}},{"type":"Feature","properties":{"code":"AU-LGA-23430","name":"Kingston (Vic.)","label":"Kingston (Vic.)","type":"Local government area","parentCode":"AU-VIC"},"geometry":{"type":"Polygon","coordinates":[[[145.082482,-37.923985],[145.079539,-37.938739],[145.034379,-37.932993],[145.036533,-37.93558],[145.037744,-37.94237],[145.055273,-37.967659],[145.051697,-37.986807],[145.061656,-37.990534],[145.072076,-37.997349],[145.081117,-38.005797],[145.084151,-38.011139],[145.08762,-38.012014],[145.095829,-38.021359],[145.112789,-38.051962],[145.119594,-38.073206],[145.125618,-38.071643],[145.119862,-38.073748],[145.122793,-38.084987],[145.124453,-38.084743],[145.123842,-38.082151],[145.126972,-38.081691],[145.13175,-38.083808],[145.136272,-38.082444],[145.148671,-38.083397],[145.149822,-38.075041],[145.154639,-38.075649],[145.15626,-38.067382],[145.150276,-38.067286],[145.137766,-38.032339],[145.133522,-38.025367],[145.139305,-38.01877],[145.145917,-37.983599],[145.132692,-37.963389],[145.129604,-37.961547],[145.131938,-37.959925],[145.136587,-37.960484],[145.14129,-37.93132],[145.082482,-37.923985]]]}},{"type":"Feature","properties":{"code":"AU-LGA-23670","name":"Knox","label":"Knox","type":"Local government area","parentCode":"AU-VIC"},"geometry":{"type":"Polygon","coordinates":[[[145.293187,-37.964855],[145.299883,-37.931449],[145.303873,-37.933415],[145.302783,-37.923163],[145.300412,-37.92038],[145.30064,-37.917252],[145.297984,-37.913494],[145.29869,-37.91168],[145.292726,-37.907212],[145.295563,-37.905097],[145.294527,-37.900332],[145.305017,-37.9057],[145.309258,-37.903962],[145.309469,-37.899469],[145.313879,-37.901622],[145.321387,-37.900208],[145.320574,-37.89919],[145.324247,-37.899446],[145.316178,-37.894884],[145.316107,-37.892476],[145.311666,-37.892749],[145.30991,-37.889625],[145.304541,-37.887972],[145.304117,-37.881543],[145.306233,-37.88118],[145.305313,-37.87913],[145.306159,-37.876025],[145.307862,-37.876206],[145.308502,-37.871053],[145.302149,-37.864203],[145.303943,-37.862839],[145.313575,-37.864471],[145.313481,-37.86329],[145.316456,-37.862698],[145.316725,-37.864851],[145.324453,-37.865788],[145.324217,-37.867053],[145.333193,-37.861555],[145.335992,-37.863123],[145.334174,-37.857966],[145.336626,-37.856173],[145.34045,-37.857145],[145.339463,-37.858571],[145.343468,-37.862315],[145.347578,-37.858607],[145.336157,-37.851036],[145.332129,-37.851009],[145.332835,-37.847422],[145.308672,-37.842663],[145.293527,-37.834048],[145.281627,-37.83302],[145.278759,-37.835776],[145.267066,-37.837029],[145.256517,-37.83579],[145.232064,-37.840062],[145.2228,-37.837864],[145.216199,-37.838316],[145.210213,-37.845767],[145.209715,-37.851312],[145.205864,-37.854181],[145.207531,-37.856103],[145.200788,-37.858584],[145.199635,-37.85975],[145.201022,-37.862096],[145.199732,-37.861604],[145.19417,-37.866257],[145.194823,-37.868629],[145.192076,-37.872095],[145.193405,-37.874223],[145.191817,-37.87445],[145.192665,-37.875708],[145.190861,-37.878973],[145.192067,-37.878936],[145.190946,-37.880921],[145.195343,-37.883237],[145.19504,-37.887318],[145.200264,-37.891365],[145.199168,-37.892095],[145.200738,-37.89439],[145.206894,-37.896622],[145.208347,-37.899035],[145.207354,-37.901547],[145.203372,-37.903317],[145.205208,-37.905332],[145.205869,-37.910552],[145.202778,-37.919184],[145.205295,-37.922442],[145.20642,-37.931149],[145.210445,-37.933529],[145.209447,-37.933949],[145.211201,-37.935702],[145.218328,-37.936752],[145.220131,-37.938861],[145.219374,-37.941732],[145.222394,-37.943416],[145.2292,-37.952063],[145.233256,-37.941877],[145.279627,-37.947583],[145.283564,-37.95513],[145.289906,-37.957588],[145.28862,-37.959152],[145.289042,-37.962926],[145.293187,-37.964855]]]}},{"type":"Feature","properties":{"code":"AU-LGA-23810","name":"Latrobe (Vic.)","label":"Latrobe (Vic.)","type":"Local government area","parentCode":"AU-VIC"},"geometry":{"type":"Polygon","coordinates":[[[146.230194,-38.321721],[146.228573,-38.323877],[146.25052,-38.326638],[146.249592,-38.331295],[146.250956,-38.331361],[146.249596,-38.338199],[146.247423,-38.337927],[146.243527,-38.356109],[146.231505,-38.354193],[146.223492,-38.365859],[146.210514,-38.370382],[146.219903,-38.374408],[146.236668,-38.375631],[146.240875,-38.379159],[146.234395,-38.380646],[146.235877,-38.384639],[146.234547,-38.384933],[146.228751,-38.413506],[146.232847,-38.414021],[146.23067,-38.425107],[146.226489,-38.424795],[146.223198,-38.439945],[146.272191,-38.446409],[146.269588,-38.456867],[146.237186,-38.452894],[146.235511,-38.460241],[146.239918,-38.460836],[146.238429,-38.467956],[146.262573,-38.470977],[146.259897,-38.483676],[146.257528,-38.483378],[146.254763,-38.496097],[146.291803,-38.500105],[146.29277,-38.502436],[146.291005,-38.504682],[146.285296,-38.506356],[146.285036,-38.513176],[146.286546,-38.513839],[146.283618,-38.517003],[146.285572,-38.520898],[146.284503,-38.523568],[146.288113,-38.524033],[146.290553,-38.527906],[146.293158,-38.525407],[146.297518,-38.526556],[146.304423,-38.521004],[146.313322,-38.519552],[146.31378,-38.520792],[146.318129,-38.520717],[146.322938,-38.527545],[146.330092,-38.532115],[146.344359,-38.536326],[146.349124,-38.53531],[146.354308,-38.53644],[146.368208,-38.533241],[146.367433,-38.532427],[146.371036,-38.531356],[146.369757,-38.529486],[146.37318,-38.529036],[146.374838,-38.526846],[146.370055,-38.524463],[146.367574,-38.520434],[146.368946,-38.515684],[146.366952,-38.513437],[146.371853,-38.511289],[146.3733,-38.507549],[146.378598,-38.507695],[146.38056,-38.504463],[146.384019,-38.503982],[146.380294,-38.497508],[146.386932,-38.496265],[146.389563,-38.494295],[146.393281,-38.494914],[146.395234,-38.492443],[146.399136,-38.491519],[146.403608,-38.485265],[146.406895,-38.484581],[146.408211,-38.486991],[146.412231,-38.486827],[146.4239,-38.482493],[146.426169,-38.479776],[146.424539,-38.4776],[146.427647,-38.474478],[146.424734,-38.472274],[146.439368,-38.466376],[146.444849,-38.465972],[146.448183,-38.463232],[146.456673,-38.465466],[146.457285,-38.460205],[146.459161,-38.459146],[146.472643,-38.459137],[146.475944,-38.456299],[146.482789,-38.455864],[146.485391,-38.452459],[146.480747,-38.44998],[146.48469,-38.449082],[146.481075,-38.444059],[146.486429,-38.442219],[146.489196,-38.439266],[146.491967,-38.441077],[146.489377,-38.444292],[146.491551,-38.447049],[146.494816,-38.445375],[146.49793,-38.446004],[146.499789,-38.441972],[146.508767,-38.44236],[146.522311,-38.437705],[146.527315,-38.438515],[146.527926,-38.434908],[146.526094,-38.43206],[146.532339,-38.429791],[146.546977,-38.431409],[146.565236,-38.429282],[146.568593,-38.424826],[146.563016,-38.42236],[146.566279,-38.420511],[146.566974,-38.416193],[146.565714,-38.412636],[146.578971,-38.414355],[146.58619,-38.37414],[146.591767,-38.354604],[146.590538,-38.354459],[146.594266,-38.350481],[146.593142,-38.344136],[146.598282,-38.341861],[146.600051,-38.336054],[146.602297,-38.334315],[146.60093,-38.330692],[146.602086,-38.324118],[146.599003,-38.321494],[146.599884,-38.320705],[146.596624,-38.31548],[146.597731,-38.310528],[146.600788,-38.30975],[146.608657,-38.300982],[146.614328,-38.300065],[146.618877,-38.295762],[146.61815,-38.294807],[146.621865,-38.292932],[146.622691,-38.288595],[146.61981,-38.287319],[146.624721,-38.282317],[146.623669,-38.280526],[146.626418,-38.274212],[146.629597,-38.272522],[146.627984,-38.26893],[146.629414,-38.267936],[146.629069,-38.265869],[146.632274,-38.264155],[146.633748,-38.259789],[146.632383,-38.258413],[146.639553,-38.250552],[146.642626,-38.249782],[146.642461,-38.248163],[146.646234,-38.248529],[146.648265,-38.245043],[146.650986,-38.244092],[146.651596,-38.241159],[146.656913,-38.240416],[146.65555,-38.234428],[146.657223,-38.233017],[146.65424,-38.229746],[146.656549,-38.226833],[146.655032,-38.225071],[146.659986,-38.221657],[146.664704,-38.222371],[146.668722,-38.217092],[146.675504,-38.217494],[146.680938,-38.212417],[146.682372,-38.210153],[146.678616,-38.206864],[146.67981,-38.202657],[146.683814,-38.200988],[146.689261,-38.191846],[146.695077,-38.187717],[146.694273,-38.185536],[146.69639,-38.184472],[146.696881,-38.182017],[146.703008,-38.178694],[146.708256,-38.172149],[146.710692,-38.165136],[146.70926,-38.161897],[146.712169,-38.15509],[146.709542,-38.154822],[146.708207,-38.152781],[146.704162,-38.152901],[146.704716,-38.151294],[146.702018,-38.149058],[146.700549,-38.15052],[146.700886,-38.154216],[146.697046,-38.156607],[146.693123,-38.155764],[146.693669,-38.154221],[146.689411,-38.150708],[146.686661,-38.151477],[146.687307,-38.14949],[146.682649,-38.152605],[146.675118,-38.153849],[146.672775,-38.151705],[146.668583,-38.151969],[146.667871,-38.154963],[146.667538,-38.152454],[146.665411,-38.153848],[146.663624,-38.15311],[146.666183,-38.151782],[146.664814,-38.150878],[146.66181,-38.152492],[146.657352,-38.150996],[146.652652,-38.1529],[146.650266,-38.151103],[146.646607,-38.151804],[146.646857,-38.150216],[146.645127,-38.150439],[146.644601,-38.14831],[146.64742,-38.148626],[146.647715,-38.147397],[146.643353,-38.145777],[146.641949,-38.147476],[146.638487,-38.146148],[146.637248,-38.146844],[146.638274,-38.149244],[146.63404,-38.150379],[146.632736,-38.152803],[146.630896,-38.151638],[146.628954,-38.153297],[146.625001,-38.153055],[146.62629,-38.154442],[146.624376,-38.157819],[146.619283,-38.159087],[146.617647,-38.157678],[146.617671,-38.159595],[146.613667,-38.159151],[146.605402,-38.163115],[146.606643,-38.161553],[146.604614,-38.160927],[146.60522,-38.158403],[146.603127,-38.160745],[146.602351,-38.159176],[146.600768,-38.161963],[146.597357,-38.159576],[146.596699,-38.155515],[146.593889,-38.157693],[146.589172,-38.154094],[146.577135,-38.155596],[146.571153,-38.153189],[146.573672,-38.149169],[146.571912,-38.146688],[146.577289,-38.14538],[146.576785,-38.143274],[146.584451,-38.144022],[146.583771,-38.138792],[146.580145,-38.13879],[146.581426,-38.138211],[146.579723,-38.137084],[146.579236,-38.133819],[146.581372,-38.132287],[146.579763,-38.131577],[146.581102,-38.129675],[146.578623,-38.129732],[146.579581,-38.128115],[146.57789,-38.126345],[146.579924,-38.126087],[146.57881,-38.124461],[146.579743,-38.122664],[146.581289,-38.12307],[146.58451,-38.120487],[146.582797,-38.118493],[146.584221,-38.118275],[146.583887,-38.116307],[146.590551,-38.114617],[146.593151,-38.109411],[146.593067,-38.107377],[146.59145,-38.107253],[146.593628,-38.102048],[146.616159,-38.068699],[146.651056,-38.073359],[146.65348,-38.061182],[146.662383,-38.057511],[146.663057,-38.054212],[146.624354,-38.049229],[146.626543,-38.035015],[146.652856,-38.010814],[146.655572,-37.996771],[146.645477,-37.998226],[146.638245,-37.995525],[146.624068,-37.975307],[146.627748,-37.973475],[146.627218,-37.971464],[146.622242,-37.972759],[146.617778,-37.971564],[146.614995,-37.977519],[146.611497,-37.979663],[146.60963,-37.978765],[146.609757,-37.97641],[146.613196,-37.973681],[146.611096,-37.9719],[146.606721,-37.971616],[146.605025,-37.974991],[146.598811,-37.973808],[146.599879,-37.977692],[146.598298,-37.980282],[146.596598,-37.979945],[146.595436,-37.975402],[146.590676,-37.97455],[146.587265,-37.978088],[146.575266,-38.03005],[146.567534,-38.02898],[146.566986,-38.03068],[146.569733,-38.035327],[146.567295,-38.040031],[146.572419,-38.043256],[146.569514,-38.058086],[146.552512,-38.055951],[146.55043,-38.059005],[146.534792,-38.056945],[146.527917,-38.08424],[146.516584,-38.080899],[146.506599,-38.080126],[146.506398,-38.08132],[146.49648,-38.07801],[146.48847,-38.077747],[146.483675,-38.075459],[146.475723,-38.075295],[146.477482,-38.07844],[146.476678,-38.087207],[146.47923,-38.090122],[146.477477,-38.098608],[146.479962,-38.099656],[146.478983,-38.103787],[146.424415,-38.096528],[146.421709,-38.109357],[146.423121,-38.108885],[146.423995,-38.110813],[146.424505,-38.119109],[146.422986,-38.121652],[146.425234,-38.122542],[146.424885,-38.124525],[146.430049,-38.123531],[146.428431,-38.120291],[146.425636,-38.120006],[146.428184,-38.118211],[146.43163,-38.121123],[146.430918,-38.12563],[146.426282,-38.129834],[146.410485,-38.132662],[146.405995,-38.135678],[146.395002,-38.138822],[146.384832,-38.133497],[146.381781,-38.133451],[146.373509,-38.119638],[146.374872,-38.116998],[146.373773,-38.113015],[146.361353,-38.107076],[146.349097,-38.11124],[146.335122,-38.118873],[146.328604,-38.119802],[146.317906,-38.119009],[146.307161,-38.114413],[146.290403,-38.110498],[146.287606,-38.115082],[146.273421,-38.125342],[146.275398,-38.132997],[146.271422,-38.137307],[146.260783,-38.140247],[146.25599,-38.143504],[146.256533,-38.146303],[146.252447,-38.151766],[146.254482,-38.15424],[146.256548,-38.163906],[146.251807,-38.166624],[146.24827,-38.172478],[146.244523,-38.174043],[146.239716,-38.173064],[146.236779,-38.175524],[146.228721,-38.175365],[146.223327,-38.177866],[146.225968,-38.187834],[146.223919,-38.188492],[146.223603,-38.200473],[146.22752,-38.202471],[146.223159,-38.206666],[146.222381,-38.209714],[146.217633,-38.212475],[146.216049,-38.219168],[146.234147,-38.221785],[146.232309,-38.230536],[146.246665,-38.232621],[146.247685,-38.227866],[146.257462,-38.229104],[146.257055,-38.231095],[146.267722,-38.232468],[146.267134,-38.230909],[146.272369,-38.227593],[146.272951,-38.224864],[146.291336,-38.227172],[146.2863,-38.230738],[146.285974,-38.232856],[146.288901,-38.236288],[146.28716,-38.23954],[146.278767,-38.246359],[146.278297,-38.249167],[146.274699,-38.253214],[146.268581,-38.255378],[146.258239,-38.264787],[146.262292,-38.2726],[146.258922,-38.277789],[146.256087,-38.279205],[146.252303,-38.298625],[146.239543,-38.306644],[146.235966,-38.314074],[146.232305,-38.316349],[146.230194,-38.321721]]]}},{"type":"Feature","properties":{"code":"AU-LGA-23940","name":"Loddon","label":"Loddon","type":"Local government area","parentCode":"AU-VIC"},"geometry":{"type":"Polygon","coordinates":[[[143.4757,-35.983134],[143.481692,-35.983142],[143.482205,-36.101689],[143.511598,-36.101333],[143.511517,-36.133292],[143.506659,-36.133492],[143.503703,-36.136864],[143.511163,-36.152083],[143.513523,-36.152079],[143.513548,-36.173264],[143.536659,-36.174026],[143.531723,-36.203326],[143.549671,-36.205317],[143.547093,-36.219838],[143.568738,-36.222235],[143.560669,-36.225153],[143.537384,-36.246414],[143.523585,-36.249813],[143.52364,-36.264592],[143.508036,-36.264973],[143.513962,-36.295073],[143.482136,-36.295036],[143.48215,-36.301553],[143.476022,-36.334871],[143.486109,-36.339458],[143.478508,-36.376122],[143.46772,-36.374933],[143.468256,-36.371759],[143.438865,-36.368405],[143.439071,-36.390798],[143.446406,-36.391676],[143.441109,-36.422372],[143.443905,-36.422306],[143.441612,-36.436576],[143.446619,-36.437038],[143.445083,-36.446029],[143.440349,-36.445516],[143.443029,-36.450298],[143.44113,-36.460189],[143.437103,-36.459684],[143.436589,-36.462788],[143.431717,-36.462261],[143.430508,-36.469446],[143.412171,-36.467649],[143.40679,-36.499925],[143.386739,-36.498011],[143.388238,-36.493402],[143.361116,-36.490577],[143.356106,-36.492139],[143.332624,-36.488816],[143.3152,-36.47693],[143.318155,-36.479486],[143.316286,-36.483207],[143.321531,-36.486893],[143.322292,-36.490391],[143.325582,-36.492537],[143.324967,-36.493789],[143.327187,-36.493866],[143.324191,-36.497333],[143.324503,-36.499112],[143.328594,-36.499751],[143.328285,-36.504369],[143.331305,-36.506691],[143.333907,-36.51239],[143.352618,-36.514296],[143.348883,-36.517607],[143.355579,-36.52057],[143.359287,-36.524848],[143.365252,-36.526802],[143.373233,-36.533115],[143.377224,-36.534146],[143.379126,-36.538487],[143.386325,-36.536963],[143.386158,-36.541799],[143.390746,-36.542069],[143.400519,-36.551584],[143.408935,-36.552483],[143.411185,-36.555897],[143.421243,-36.55711],[143.421578,-36.558692],[143.419261,-36.56095],[143.42621,-36.563047],[143.42631,-36.567652],[143.429873,-36.568615],[143.428853,-36.571676],[143.430789,-36.57352],[143.428567,-36.577499],[143.430815,-36.581727],[143.435048,-36.583716],[143.43789,-36.58823],[143.437419,-36.589832],[143.43976,-36.591712],[143.43698,-36.593615],[143.436674,-36.595685],[143.440425,-36.598598],[143.438353,-36.598799],[143.436102,-36.600949],[143.437082,-36.602716],[143.435056,-36.603676],[143.436177,-36.605554],[143.439851,-36.606029],[143.436534,-36.60835],[143.441096,-36.610397],[143.438512,-36.614573],[143.44242,-36.613679],[143.442925,-36.61783],[143.447954,-36.618443],[143.448542,-36.622454],[143.450953,-36.624664],[143.452721,-36.623472],[143.452043,-36.621633],[143.463972,-36.617874],[143.464822,-36.620237],[143.46996,-36.620401],[143.470587,-36.622761],[143.477251,-36.62617],[143.486351,-36.625723],[143.484881,-36.628599],[143.487047,-36.629807],[143.487136,-36.633407],[143.489518,-36.634763],[143.487654,-36.6357],[143.488333,-36.638065],[143.486944,-36.638627],[143.488367,-36.640497],[143.491734,-36.64088],[143.491305,-36.643903],[143.493197,-36.644979],[143.492031,-36.646111],[143.493744,-36.649601],[143.496261,-36.649161],[143.498831,-36.652058],[143.497356,-36.654671],[143.498017,-36.657905],[143.502154,-36.657983],[143.500423,-36.659291],[143.502052,-36.66139],[143.500576,-36.662263],[143.50292,-36.663505],[143.502756,-36.665082],[143.499891,-36.668217],[143.501365,-36.670955],[143.499001,-36.672558],[143.501195,-36.675295],[143.498775,-36.675657],[143.494796,-36.681362],[143.497429,-36.683263],[143.496561,-36.687586],[143.492565,-36.688067],[143.490582,-36.691351],[143.488681,-36.691591],[143.489928,-36.693544],[143.486795,-36.69954],[143.487746,-36.703987],[143.478814,-36.710153],[143.474909,-36.710915],[143.475503,-36.714312],[143.473836,-36.714354],[143.473929,-36.717657],[143.468283,-36.721731],[143.470497,-36.723411],[143.466745,-36.725424],[143.46605,-36.72788],[143.462985,-36.728623],[143.460668,-36.732513],[143.466465,-36.738294],[143.459698,-36.745148],[143.459943,-36.747758],[143.462792,-36.748781],[143.463183,-36.755091],[143.495654,-36.755421],[143.49544,-36.740841],[143.53944,-36.740441],[143.548333,-36.742892],[143.550352,-36.739741],[143.568528,-36.741791],[143.57379,-36.729007],[143.62842,-36.735773],[143.629224,-36.732414],[143.632809,-36.728306],[143.632426,-36.7211],[143.669638,-36.723686],[143.665019,-36.741106],[143.674501,-36.742293],[143.6743,-36.749495],[143.671936,-36.756787],[143.66737,-36.756275],[143.675153,-36.770543],[143.680249,-36.799182],[143.677219,-36.809906],[143.678121,-36.814672],[143.685884,-36.819377],[143.701675,-36.823368],[143.717798,-36.837574],[143.758857,-36.842933],[143.755177,-36.857569],[143.75609,-36.860317],[143.754253,-36.860867],[143.756848,-36.867779],[143.767841,-36.869015],[143.790179,-36.874644],[143.802773,-36.874081],[143.846386,-36.88046],[143.849215,-36.88486],[143.858532,-36.885784],[143.855828,-36.900021],[143.862486,-36.900848],[143.876436,-36.902242],[143.877768,-36.894415],[143.888072,-36.895477],[143.892102,-36.893916],[143.889942,-36.890694],[143.891705,-36.881888],[144.025905,-36.897883],[144.027301,-36.890649],[144.030264,-36.891006],[144.031432,-36.885329],[144.033116,-36.88547],[144.049519,-36.799046],[144.04665,-36.798685],[144.047943,-36.792236],[144.05933,-36.781537],[144.062319,-36.766676],[144.071286,-36.766426],[144.075661,-36.743125],[144.067749,-36.734597],[144.068255,-36.731792],[144.059846,-36.730739],[144.062073,-36.719396],[144.068727,-36.720215],[144.067709,-36.691456],[144.068715,-36.691491],[144.068701,-36.661992],[144.125813,-36.662008],[144.125888,-36.6473],[144.140497,-36.647298],[144.140403,-36.618423],[144.184734,-36.618468],[144.174372,-36.582305],[144.16265,-36.565559],[144.170463,-36.524413],[144.199344,-36.524479],[144.199343,-36.516372],[144.204479,-36.516358],[144.209675,-36.487507],[144.343759,-36.487082],[144.3441,-36.385207],[144.330044,-36.38506],[144.329895,-36.370841],[144.331895,-36.370842],[144.33184,-36.327705],[144.281735,-36.32771],[144.281643,-36.262607],[144.27377,-36.255005],[144.275282,-36.253428],[144.273545,-36.24859],[144.275075,-36.247351],[144.270954,-36.243877],[144.271291,-36.239],[144.269793,-36.237651],[144.273518,-36.235428],[144.270855,-36.231833],[144.272989,-36.22939],[144.270456,-36.226775],[144.266866,-36.225862],[144.267674,-36.222028],[144.270673,-36.21983],[144.270291,-36.213368],[144.271852,-36.211523],[144.270229,-36.210107],[144.272237,-36.202074],[144.277686,-36.197457],[144.27882,-36.19453],[144.27675,-36.188149],[144.282367,-36.181609],[144.281078,-36.173931],[144.289096,-36.166686],[144.28956,-36.163671],[144.286562,-36.1632],[144.285071,-36.158441],[144.28653,-36.15343],[144.283176,-36.152324],[144.286817,-36.148806],[144.285602,-36.143755],[144.286956,-36.138344],[144.289187,-36.136283],[144.288187,-36.133923],[144.290412,-36.131346],[144.289243,-36.129174],[144.291903,-36.125231],[144.295082,-36.125776],[144.295503,-36.122795],[144.302265,-36.12542],[144.302741,-36.121562],[144.30601,-36.118491],[144.305145,-36.115493],[144.308525,-36.113956],[144.306942,-36.110148],[144.309059,-36.105357],[144.314828,-36.100262],[144.318674,-36.101185],[144.318728,-36.09658],[144.317975,-36.091054],[144.313729,-36.08564],[144.313109,-36.075453],[144.306452,-36.071977],[144.306257,-36.06786],[144.307884,-36.065043],[144.306448,-36.062055],[144.303939,-36.061291],[144.307013,-36.055831],[144.309301,-36.05523],[144.309319,-36.053188],[144.312775,-36.052355],[144.313839,-36.050532],[144.3176,-36.050275],[144.317535,-36.048197],[144.315105,-36.046674],[144.316484,-36.044191],[144.313914,-36.042642],[144.308853,-36.042722],[144.309431,-36.037305],[144.30669,-36.031875],[144.304859,-36.032527],[144.300231,-36.02994],[144.29346,-36.024532],[144.291008,-36.018915],[144.286569,-36.018695],[144.279947,-36.01327],[144.27935,-36.006341],[144.27628,-36.003554],[144.277007,-35.999564],[144.279873,-35.998548],[144.276949,-35.993981],[144.28038,-35.993269],[144.28138,-35.989034],[144.285265,-35.989668],[144.285301,-35.986827],[144.289058,-35.98796],[144.287716,-35.984786],[144.291409,-35.984414],[144.280063,-35.969984],[144.26774,-35.960053],[144.260057,-35.948994],[144.259317,-35.946621],[144.263124,-35.931376],[144.259685,-35.927118],[144.25701,-35.92675],[144.249299,-35.930047],[144.237052,-35.920021],[144.229957,-35.922353],[144.223633,-35.916612],[144.216469,-35.918807],[144.2054,-35.916431],[144.197682,-35.912548],[144.192662,-35.912624],[144.187293,-35.907556],[144.187277,-35.912821],[144.183411,-35.917211],[144.184276,-35.921682],[144.183144,-35.924238],[144.186564,-35.924723],[144.185425,-35.927186],[144.188329,-35.928684],[144.187071,-35.929273],[144.188394,-35.930864],[144.187341,-35.933933],[144.184998,-35.935278],[144.187285,-35.937009],[144.185182,-35.941444],[144.185003,-35.946684],[144.160557,-35.946602],[144.15874,-35.949182],[143.941083,-35.949408],[143.941533,-35.952828],[143.922571,-35.952796],[143.922614,-35.940262],[143.918472,-35.940242],[143.918473,-35.937397],[143.89169,-35.937403],[143.861716,-35.934873],[143.86437,-35.934111],[143.865926,-35.929759],[143.8677,-35.929944],[143.86922,-35.927328],[143.875029,-35.926013],[143.870555,-35.922798],[143.870849,-35.919965],[143.873997,-35.916061],[143.826561,-35.910562],[143.823728,-35.912078],[143.824008,-35.910503],[143.801849,-35.907843],[143.800327,-35.905971],[143.728396,-35.905852],[143.728251,-35.932468],[143.681958,-35.932378],[143.681955,-35.93476],[143.617825,-35.934838],[143.618061,-35.969398],[143.527394,-35.969813],[143.513217,-35.975243],[143.475695,-35.975286],[143.4757,-35.983134]]]}},{"type":"Feature","properties":{"code":"AU-LGA-24130","name":"Macedon Ranges","label":"Macedon Ranges","type":"Local government area","parentCode":"AU-VIC"},"geometry":{"type":"Polygon","coordinates":[[[144.379284,-37.438775],[144.41694,-37.446614],[144.418546,-37.448828],[144.418554,-37.453594],[144.426402,-37.458868],[144.429763,-37.456901],[144.433304,-37.450377],[144.4442,-37.450186],[144.446542,-37.448331],[144.450209,-37.450637],[144.457684,-37.438994],[144.46175,-37.436056],[144.464146,-37.436828],[144.46523,-37.429055],[144.467567,-37.427915],[144.470474,-37.428783],[144.472425,-37.431545],[144.469673,-37.439107],[144.459321,-37.497088],[144.469895,-37.507572],[144.468251,-37.51682],[144.469119,-37.52123],[144.466857,-37.526171],[144.463111,-37.528416],[144.462941,-37.532878],[144.465758,-37.536679],[144.463455,-37.536615],[144.464211,-37.538447],[144.461836,-37.538295],[144.461197,-37.54061],[144.458039,-37.542257],[144.459212,-37.546381],[144.483965,-37.549447],[144.483704,-37.550808],[144.556231,-37.558887],[144.555736,-37.557095],[144.561182,-37.552404],[144.626758,-37.560001],[144.626213,-37.562894],[144.671652,-37.567709],[144.663774,-37.558341],[144.656099,-37.552867],[144.648059,-37.542891],[144.632415,-37.530108],[144.638058,-37.499489],[144.645035,-37.495031],[144.648033,-37.496859],[144.651283,-37.496512],[144.651601,-37.498834],[144.655254,-37.499898],[144.663385,-37.498754],[144.665629,-37.501128],[144.667879,-37.49823],[144.673779,-37.500419],[144.675157,-37.498781],[144.679486,-37.499393],[144.681751,-37.497831],[144.677878,-37.496468],[144.67835,-37.494386],[144.683668,-37.492491],[144.684988,-37.495558],[144.686093,-37.49301],[144.689292,-37.493305],[144.688037,-37.490348],[144.691682,-37.486681],[144.692993,-37.489167],[144.697774,-37.489166],[144.696199,-37.485049],[144.699868,-37.48483],[144.701109,-37.481898],[144.701958,-37.485263],[144.70467,-37.482352],[144.712587,-37.482789],[144.713738,-37.484297],[144.71184,-37.486397],[144.712673,-37.487685],[144.718834,-37.487348],[144.719535,-37.483679],[144.721647,-37.483377],[144.726181,-37.486518],[144.732526,-37.487319],[144.739518,-37.493844],[144.740571,-37.493171],[144.739057,-37.489686],[144.740521,-37.489293],[144.751945,-37.497005],[144.757536,-37.494825],[144.759772,-37.501595],[144.761004,-37.501734],[144.760432,-37.499509],[144.762792,-37.499551],[144.766896,-37.50501],[144.770387,-37.501785],[144.870511,-37.515523],[144.871545,-37.513214],[144.866632,-37.511523],[144.868995,-37.509541],[144.866336,-37.506848],[144.870987,-37.505734],[144.867726,-37.503394],[144.872824,-37.504604],[144.875492,-37.50211],[144.877618,-37.505383],[144.883633,-37.504809],[144.880745,-37.500981],[144.883135,-37.501633],[144.883143,-37.498845],[144.887601,-37.497027],[144.886953,-37.493598],[144.895148,-37.493408],[144.894605,-37.491134],[144.891348,-37.490441],[144.896002,-37.488701],[144.891441,-37.486383],[144.894109,-37.480267],[144.893473,-37.477786],[144.898705,-37.478616],[144.896947,-37.476592],[144.898666,-37.475809],[144.896848,-37.474988],[144.900298,-37.475094],[144.899888,-37.469675],[144.903201,-37.467689],[144.905064,-37.468527],[144.905652,-37.46469],[144.898766,-37.465578],[144.896303,-37.464069],[144.896477,-37.462551],[144.891772,-37.46088],[144.897948,-37.458949],[144.896735,-37.457877],[144.897801,-37.450775],[144.894325,-37.449958],[144.89869,-37.446909],[144.895574,-37.445274],[144.898981,-37.444681],[144.899989,-37.44251],[144.899992,-37.440477],[144.897599,-37.44067],[144.897264,-37.438882],[144.901442,-37.43621],[144.900037,-37.433855],[144.901553,-37.433174],[144.89818,-37.431161],[144.901527,-37.430263],[144.899427,-37.427613],[144.895425,-37.428151],[144.895122,-37.424393],[144.902837,-37.423236],[144.90412,-37.420224],[144.901306,-37.418498],[144.901467,-37.416453],[144.898553,-37.415879],[144.903705,-37.413378],[144.901879,-37.412514],[144.901415,-37.408503],[144.898508,-37.407511],[144.904083,-37.406546],[144.903326,-37.404752],[144.90681,-37.402119],[144.911712,-37.381566],[144.91416,-37.380675],[144.91572,-37.374871],[144.918518,-37.372226],[144.919332,-37.365011],[144.921237,-37.363267],[144.915088,-37.362405],[144.917796,-37.347975],[144.892164,-37.345173],[144.893179,-37.343024],[144.887544,-37.341283],[144.88748,-37.33722],[144.885145,-37.334643],[144.883196,-37.334698],[144.883479,-37.336501],[144.877788,-37.337053],[144.876305,-37.333947],[144.874771,-37.334203],[144.874156,-37.330716],[144.870409,-37.328219],[144.869131,-37.330008],[144.866296,-37.329083],[144.864519,-37.324196],[144.858454,-37.326663],[144.856347,-37.322977],[144.849224,-37.322303],[144.8558,-37.285461],[144.853053,-37.287961],[144.84568,-37.290086],[144.825217,-37.284052],[144.822294,-37.27198],[144.829049,-37.235655],[144.825681,-37.231395],[144.816683,-37.230178],[144.820076,-37.219192],[144.811189,-37.217397],[144.812358,-37.213913],[144.80346,-37.212057],[144.802635,-37.214738],[144.785727,-37.213067],[144.777747,-37.219821],[144.777565,-37.21505],[144.769576,-37.215109],[144.768846,-37.220729],[144.731384,-37.220532],[144.729464,-37.218113],[144.703817,-37.212945],[144.705806,-37.211148],[144.706793,-37.212842],[144.70954,-37.212399],[144.7115,-37.210096],[144.716104,-37.208782],[144.716097,-37.183572],[144.714548,-37.183558],[144.714144,-37.176468],[144.711813,-37.176427],[144.712081,-37.168819],[144.710101,-37.168777],[144.710257,-37.159528],[144.726549,-37.159613],[144.725715,-37.143873],[144.731139,-37.144438],[144.735224,-37.126501],[144.728011,-37.125601],[144.716269,-37.117958],[144.715353,-37.115487],[144.717067,-37.111055],[144.713716,-37.104861],[144.715369,-37.100324],[144.69737,-37.100169],[144.697306,-37.103555],[144.691689,-37.104462],[144.691313,-37.10789],[144.602229,-37.107235],[144.594634,-37.106129],[144.580295,-37.099305],[144.573929,-37.099116],[144.561921,-37.104881],[144.551958,-37.107079],[144.549181,-37.110858],[144.54193,-37.113568],[144.541799,-37.116938],[144.544774,-37.122656],[144.541266,-37.122085],[144.542157,-37.124623],[144.540559,-37.124695],[144.539298,-37.129546],[144.535746,-37.13275],[144.533453,-37.140713],[144.529032,-37.143874],[144.529161,-37.1497],[144.526737,-37.15079],[144.52728,-37.177289],[144.521813,-37.178436],[144.514323,-37.174375],[144.367347,-37.157256],[144.366823,-37.16409],[144.372505,-37.167239],[144.374486,-37.173269],[144.376907,-37.175494],[144.38051,-37.175245],[144.375544,-37.18087],[144.362993,-37.179387],[144.360339,-37.194034],[144.375356,-37.195805],[144.376129,-37.202228],[144.368366,-37.206726],[144.361379,-37.208127],[144.356366,-37.212738],[144.356765,-37.214631],[144.343993,-37.226213],[144.33782,-37.242453],[144.337751,-37.246481],[144.335373,-37.249185],[144.335213,-37.25245],[144.333034,-37.253786],[144.333543,-37.256865],[144.327987,-37.255409],[144.323949,-37.259675],[144.323442,-37.264253],[144.319728,-37.271487],[144.320828,-37.279344],[144.318042,-37.281251],[144.318517,-37.283843],[144.315319,-37.282552],[144.314222,-37.287219],[144.312224,-37.288345],[144.310406,-37.292773],[144.316137,-37.298192],[144.330256,-37.302067],[144.340341,-37.309654],[144.360475,-37.318393],[144.369099,-37.320077],[144.373613,-37.326056],[144.380266,-37.329738],[144.395743,-37.331567],[144.39163,-37.350286],[144.392771,-37.358136],[144.419037,-37.360494],[144.415111,-37.382335],[144.417478,-37.389761],[144.415793,-37.396244],[144.381973,-37.393314],[144.377807,-37.415904],[144.380769,-37.419798],[144.380131,-37.423624],[144.382592,-37.423711],[144.379284,-37.438775]]]}},{"type":"Feature","properties":{"code":"AU-LGA-24210","name":"Manningham","label":"Manningham","type":"Local government area","parentCode":"AU-VIC"},"geometry":{"type":"Polygon","coordinates":[[[145.213536,-37.811753],[145.217212,-37.79087],[145.220257,-37.792562],[145.222118,-37.792295],[145.222725,-37.788927],[145.235971,-37.790073],[145.240575,-37.76475],[145.253821,-37.766285],[145.257676,-37.764998],[145.26539,-37.766907],[145.271926,-37.763093],[145.278209,-37.761831],[145.289578,-37.762806],[145.290771,-37.755501],[145.289718,-37.752668],[145.283764,-37.747185],[145.281671,-37.742567],[145.28352,-37.732523],[145.291592,-37.728308],[145.293938,-37.722876],[145.292372,-37.719235],[145.293598,-37.712221],[145.291418,-37.711405],[145.293285,-37.709524],[145.289111,-37.708956],[145.291258,-37.707217],[145.292317,-37.70243],[145.286282,-37.703499],[145.282736,-37.708552],[145.285101,-37.714325],[145.286961,-37.714832],[145.283708,-37.718799],[145.281291,-37.713806],[145.277504,-37.713414],[145.27695,-37.715858],[145.272359,-37.715842],[145.275775,-37.710044],[145.272745,-37.70839],[145.272333,-37.703815],[145.267944,-37.703293],[145.267652,-37.705634],[145.270421,-37.705535],[145.26824,-37.707467],[145.25481,-37.710056],[145.256494,-37.712187],[145.256014,-37.714267],[145.253852,-37.717125],[145.249767,-37.718395],[145.248673,-37.72072],[145.243238,-37.71894],[145.242492,-37.725416],[145.235515,-37.720293],[145.23661,-37.727052],[145.242198,-37.727935],[145.240287,-37.731575],[145.243118,-37.734201],[145.242084,-37.736055],[145.235976,-37.731375],[145.228876,-37.731625],[145.227031,-37.733086],[145.229908,-37.738715],[145.225645,-37.736123],[145.220215,-37.736124],[145.215917,-37.738978],[145.205421,-37.741728],[145.201486,-37.739335],[145.202484,-37.737494],[145.211397,-37.735746],[145.214872,-37.734048],[145.215364,-37.731916],[145.211986,-37.729628],[145.206179,-37.731117],[145.201637,-37.730349],[145.198449,-37.733694],[145.198666,-37.740316],[145.197434,-37.741338],[145.19188,-37.737988],[145.191808,-37.734845],[145.19395,-37.731829],[145.190197,-37.732239],[145.187902,-37.730287],[145.181799,-37.729744],[145.17838,-37.733832],[145.179834,-37.737366],[145.17772,-37.738403],[145.176132,-37.734904],[145.165022,-37.734251],[145.162428,-37.737717],[145.15461,-37.733981],[145.149977,-37.738407],[145.148436,-37.737211],[145.142933,-37.738912],[145.137745,-37.738256],[145.133147,-37.742799],[145.122609,-37.74057],[145.120006,-37.744604],[145.120273,-37.748092],[145.123158,-37.747552],[145.126065,-37.751065],[145.122609,-37.749186],[145.121426,-37.752158],[145.115085,-37.753117],[145.112901,-37.755237],[145.106667,-37.754717],[145.096558,-37.749043],[145.092465,-37.754094],[145.082609,-37.751363],[145.081624,-37.754014],[145.083283,-37.754844],[145.08186,-37.756234],[145.079632,-37.753857],[145.077287,-37.755658],[145.080573,-37.757858],[145.074943,-37.756941],[145.073116,-37.758512],[145.073458,-37.759574],[145.076837,-37.758548],[145.07921,-37.762259],[145.076467,-37.767355],[145.071534,-37.767142],[145.076695,-37.773393],[145.071248,-37.771074],[145.069535,-37.772123],[145.067118,-37.780922],[145.07445,-37.779714],[145.078328,-37.776848],[145.08146,-37.779172],[145.095321,-37.779418],[145.099094,-37.781562],[145.104675,-37.791195],[145.108382,-37.792421],[145.109696,-37.794777],[145.116602,-37.795626],[145.124121,-37.798746],[145.132825,-37.795326],[145.13787,-37.798126],[145.141748,-37.796878],[145.144927,-37.79755],[145.146722,-37.799879],[145.15066,-37.798743],[145.160803,-37.801918],[145.178084,-37.803432],[145.177966,-37.805279],[145.183889,-37.806096],[145.185028,-37.801208],[145.190292,-37.805542],[145.205431,-37.805598],[145.205486,-37.807162],[145.207233,-37.806361],[145.213536,-37.811753]]]}},{"type":"Feature","properties":{"code":"AU-LGA-24250","name":"Mansfield","label":"Mansfield","type":"Local government area","parentCode":"AU-VIC"},"geometry":{"type":"Polygon","coordinates":[[[146.186011,-37.534811],[146.187371,-37.536324],[146.186963,-37.543512],[146.182802,-37.548998],[146.18563,-37.551409],[146.186386,-37.554569],[146.184481,-37.560971],[146.189448,-37.56831],[146.190223,-37.576912],[146.192462,-37.580649],[146.189573,-37.58531],[146.202447,-37.594897],[146.204439,-37.599134],[146.207713,-37.600702],[146.222309,-37.603527],[146.232336,-37.608613],[146.238993,-37.606491],[146.245145,-37.609702],[146.25568,-37.610347],[146.263822,-37.606387],[146.277866,-37.604202],[146.298798,-37.591062],[146.304972,-37.59352],[146.312318,-37.599266],[146.321945,-37.59993],[146.328526,-37.607833],[146.332968,-37.608619],[146.333649,-37.613354],[146.342125,-37.617513],[146.346658,-37.623574],[146.350659,-37.625182],[146.355542,-37.624874],[146.361823,-37.627621],[146.365029,-37.626304],[146.367912,-37.629414],[146.376566,-37.628153],[146.382647,-37.621964],[146.384032,-37.616365],[146.383445,-37.609653],[146.384897,-37.608342],[146.389891,-37.60891],[146.394055,-37.603987],[146.395122,-37.605857],[146.400008,-37.606997],[146.404094,-37.603993],[146.408483,-37.608384],[146.426421,-37.618562],[146.435009,-37.619138],[146.547108,-37.36874],[146.647051,-37.163146],[146.335734,-36.952965],[146.317075,-36.953126],[146.314892,-36.948494],[146.309539,-36.947072],[146.303825,-36.948251],[146.292318,-36.941811],[146.289537,-36.935507],[146.28028,-36.93441],[146.277138,-36.931412],[146.278853,-36.924745],[146.265045,-36.915902],[146.253214,-36.912697],[146.242238,-36.916171],[146.22697,-36.916074],[146.219562,-36.913599],[146.215149,-36.909486],[146.211351,-36.909063],[146.205492,-36.903564],[146.202722,-36.904305],[146.193398,-36.899132],[146.186231,-36.898598],[146.18709,-36.8956],[146.184883,-36.892563],[146.180065,-36.893735],[146.175889,-36.891065],[146.171623,-36.892093],[146.163807,-36.886122],[146.162314,-36.888599],[146.155191,-36.887033],[146.152867,-36.887909],[146.150776,-36.883891],[146.154599,-36.884351],[146.156675,-36.878455],[146.149517,-36.875708],[146.150607,-36.874127],[146.13669,-36.872266],[146.139217,-36.875592],[146.137972,-36.881336],[146.135705,-36.879337],[146.128996,-36.881433],[146.124933,-36.88454],[146.124281,-36.879645],[146.11623,-36.876224],[146.111545,-36.869093],[146.108873,-36.868754],[146.109239,-36.866573],[146.068285,-36.862074],[146.059622,-36.907789],[146.05856,-36.90775],[146.051415,-36.906009],[146.050802,-36.904021],[146.041655,-36.900434],[146.035544,-36.887056],[146.031263,-36.881669],[146.028325,-36.872382],[146.025583,-36.872194],[146.02167,-36.868],[146.022024,-36.862786],[146.019492,-36.858507],[146.014646,-36.854247],[146.010061,-36.853157],[146.006413,-36.856691],[146.005022,-36.856308],[146.004599,-36.858331],[146.00161,-36.858972],[146.003021,-36.860201],[145.999797,-36.863344],[145.994123,-36.864505],[145.993088,-36.862364],[145.978387,-36.873321],[145.971972,-36.87601],[145.967085,-36.874165],[145.96516,-36.875314],[145.960165,-36.882805],[145.960458,-36.896625],[145.955881,-36.899222],[145.953778,-36.904766],[145.942442,-36.904166],[145.938179,-36.902336],[145.932129,-36.905718],[145.929066,-36.904603],[145.927287,-36.907004],[145.926595,-36.923705],[145.924841,-36.925752],[145.916995,-36.925537],[145.91887,-36.919401],[145.917348,-36.916384],[145.918131,-36.914466],[145.906567,-36.908899],[145.90674,-36.905808],[145.903236,-36.899731],[145.900611,-36.897373],[145.897706,-36.897133],[145.892398,-36.888253],[145.884329,-36.885257],[145.878894,-36.880023],[145.874062,-36.882992],[145.868241,-36.87987],[145.862216,-36.882076],[145.860738,-36.878563],[145.859284,-36.882853],[145.856294,-36.885413],[145.861632,-36.885372],[145.861502,-36.894215],[145.866371,-36.89421],[145.866327,-36.90224],[145.861548,-36.902223],[145.86072,-36.910342],[145.790539,-36.932422],[145.7804,-36.931689],[145.772782,-36.933344],[145.769353,-36.931354],[145.755866,-36.93239],[145.755881,-36.927729],[145.747388,-36.927681],[145.747109,-36.923517],[145.727361,-36.923563],[145.726966,-36.927395],[145.717546,-36.927516],[145.716591,-36.924433],[145.70455,-36.924371],[145.699578,-36.929446],[145.663452,-36.932825],[145.65742,-36.93624],[145.653317,-36.945521],[145.650057,-36.945969],[145.648683,-36.95285],[145.652376,-36.969084],[145.6594,-36.977419],[145.671976,-36.979605],[145.67115,-36.982772],[145.686344,-36.985176],[145.68161,-37.003859],[145.68895,-37.005154],[145.688369,-37.007274],[145.698399,-37.008847],[145.701539,-37.024733],[145.71278,-37.030437],[145.706654,-37.038024],[145.708858,-37.039152],[145.70655,-37.039237],[145.725781,-37.049195],[145.725804,-37.050831],[145.734841,-37.050814],[145.734818,-37.054251],[145.759323,-37.05511],[145.772915,-37.071625],[145.778312,-37.086531],[145.782746,-37.087633],[145.790584,-37.094857],[145.798864,-37.096896],[145.804639,-37.103669],[145.811123,-37.106848],[145.820662,-37.107563],[145.824789,-37.102273],[145.82679,-37.102453],[145.834616,-37.106738],[145.841158,-37.113413],[145.849037,-37.115428],[145.850074,-37.112455],[145.856891,-37.109912],[145.85787,-37.112408],[145.880521,-37.113344],[145.886562,-37.121136],[145.890458,-37.12119],[145.888857,-37.124665],[145.892002,-37.124777],[145.892162,-37.127259],[145.888473,-37.131045],[145.888071,-37.134411],[145.889643,-37.137217],[145.889459,-37.142968],[145.891512,-37.14623],[145.882575,-37.154238],[145.878551,-37.152595],[145.876859,-37.149833],[145.873456,-37.151819],[145.868833,-37.150906],[145.865221,-37.146902],[145.864706,-37.142583],[145.862317,-37.140987],[145.863718,-37.144054],[145.86164,-37.146316],[145.853644,-37.143507],[145.859184,-37.147606],[145.862719,-37.148163],[145.861872,-37.150769],[145.869019,-37.15339],[145.87027,-37.156592],[145.868238,-37.160172],[145.86998,-37.162425],[145.868631,-37.164273],[145.874872,-37.166007],[145.877079,-37.16822],[145.874245,-37.169827],[145.86813,-37.169035],[145.863554,-37.17226],[145.858123,-37.170686],[145.856131,-37.172573],[145.84525,-37.173731],[145.84751,-37.175211],[145.847449,-37.177991],[145.851532,-37.176463],[145.854939,-37.177193],[145.866558,-37.173124],[145.870811,-37.174281],[145.872571,-37.180173],[145.87749,-37.184641],[145.865156,-37.189231],[145.861351,-37.192543],[145.869618,-37.188941],[145.869675,-37.193644],[145.871546,-37.192114],[145.871537,-37.188003],[145.877517,-37.186622],[145.883175,-37.188428],[145.88106,-37.191584],[145.882337,-37.193978],[145.880286,-37.19816],[145.885872,-37.195658],[145.892582,-37.197827],[145.896062,-37.192851],[145.900958,-37.194227],[145.904674,-37.199569],[145.910303,-37.200326],[145.912562,-37.205342],[145.909391,-37.207056],[145.91162,-37.208094],[145.911777,-37.210212],[145.918837,-37.210801],[145.923675,-37.213062],[145.925725,-37.219256],[145.932734,-37.221806],[145.934348,-37.218612],[145.937462,-37.219042],[145.949029,-37.223519],[145.96022,-37.230749],[145.964912,-37.231115],[145.97388,-37.239031],[145.967142,-37.246271],[145.963434,-37.247871],[145.964109,-37.253987],[145.968245,-37.255691],[145.967325,-37.260614],[145.970035,-37.263976],[145.968838,-37.259919],[145.971146,-37.25563],[145.968139,-37.249508],[145.971411,-37.248303],[145.971479,-37.245003],[145.975927,-37.241301],[145.987304,-37.237136],[145.997975,-37.240298],[145.99828,-37.231386],[146.002153,-37.228618],[146.004619,-37.23062],[146.00507,-37.238266],[146.016549,-37.239685],[146.016445,-37.244343],[146.019568,-37.246648],[146.017994,-37.248332],[146.023012,-37.250765],[146.018309,-37.253283],[146.024272,-37.25423],[146.023443,-37.256385],[146.024585,-37.257481],[146.018464,-37.263789],[146.01498,-37.26321],[146.014623,-37.264913],[146.017535,-37.265757],[146.01611,-37.267892],[146.019793,-37.266955],[146.01637,-37.274604],[146.016963,-37.27888],[146.020058,-37.278787],[146.019511,-37.281222],[146.021622,-37.280246],[146.022041,-37.282401],[146.025053,-37.281354],[146.025484,-37.283847],[146.029257,-37.286951],[146.028893,-37.288437],[146.033427,-37.28949],[146.032556,-37.29148],[146.034294,-37.292145],[146.027744,-37.298136],[146.030403,-37.297835],[146.034722,-37.294139],[146.035063,-37.295672],[146.036532,-37.293571],[146.038368,-37.294589],[146.036035,-37.296618],[146.037953,-37.297284],[146.037067,-37.304807],[146.044682,-37.311866],[146.043845,-37.3142],[146.045777,-37.312414],[146.048425,-37.315469],[146.052151,-37.316735],[146.049809,-37.31853],[146.051119,-37.325212],[146.058752,-37.330397],[146.059282,-37.334062],[146.061596,-37.333522],[146.065549,-37.341208],[146.069603,-37.343199],[146.065406,-37.346541],[146.059472,-37.345858],[146.063934,-37.356617],[146.056249,-37.35888],[146.058156,-37.365313],[146.054337,-37.366804],[146.059669,-37.368656],[146.060885,-37.371749],[146.059849,-37.375269],[146.065805,-37.373717],[146.069185,-37.380558],[146.066643,-37.382887],[146.063897,-37.381767],[146.064359,-37.385135],[146.068938,-37.383553],[146.070945,-37.384944],[146.066947,-37.388018],[146.06757,-37.390143],[146.079457,-37.392536],[146.076017,-37.396491],[146.080329,-37.397554],[146.07966,-37.399288],[146.081505,-37.39909],[146.081703,-37.403442],[146.083384,-37.400918],[146.084804,-37.401171],[146.084586,-37.405477],[146.086797,-37.404397],[146.087542,-37.407066],[146.090808,-37.405969],[146.090863,-37.409846],[146.088824,-37.412061],[146.093044,-37.410919],[146.094189,-37.418095],[146.097906,-37.419759],[146.098529,-37.422748],[146.105671,-37.424981],[146.106538,-37.428188],[146.110622,-37.431444],[146.111561,-37.437767],[146.117806,-37.443142],[146.119219,-37.448881],[146.123484,-37.449215],[146.130249,-37.453972],[146.132512,-37.46075],[146.135418,-37.462416],[146.137627,-37.461579],[146.143631,-37.467685],[146.142766,-37.471586],[146.135851,-37.47755],[146.134844,-37.48067],[146.136986,-37.490489],[146.13889,-37.491952],[146.143635,-37.507808],[146.146621,-37.512196],[146.146804,-37.516402],[146.154124,-37.528787],[146.157201,-37.530502],[146.158908,-37.528833],[146.160927,-37.531502],[146.164204,-37.531372],[146.170633,-37.527276],[146.186011,-37.534811]],[[146.421208,-37.102424],[146.426235,-37.10059],[146.431383,-37.10687],[146.435953,-37.108348],[146.441602,-37.107184],[146.444161,-37.10477],[146.44763,-37.108724],[146.453859,-37.111753],[146.456891,-37.111122],[146.458766,-37.113047],[146.465587,-37.11062],[146.466922,-37.106236],[146.464876,-37.105177],[146.464202,-37.101658],[146.465795,-37.099676],[146.469829,-37.101571],[146.474434,-37.10119],[146.476995,-37.104123],[146.482016,-37.105856],[146.490644,-37.102155],[146.492687,-37.109099],[146.49459,-37.109327],[146.495851,-37.111702],[146.501865,-37.112252],[146.502295,-37.117106],[146.505478,-37.117292],[146.508342,-37.114911],[146.513897,-37.119533],[146.515402,-37.118672],[146.51586,-37.11531],[146.509987,-37.106482],[146.514506,-37.10708],[146.519765,-37.105031],[146.521611,-37.106577],[146.523848,-37.103581],[146.528667,-37.107679],[146.529756,-37.105454],[146.533819,-37.105384],[146.532501,-37.102189],[146.535481,-37.10108],[146.536125,-37.099105],[146.54004,-37.100381],[146.542877,-37.099202],[146.543019,-37.09761],[146.546497,-37.099039],[146.548067,-37.101816],[146.546616,-37.103537],[146.54281,-37.103728],[146.542743,-37.106266],[146.540766,-37.105224],[146.537321,-37.106218],[146.536356,-37.107888],[146.539446,-37.10985],[146.53295,-37.112079],[146.530772,-37.114726],[146.540763,-37.117157],[146.54001,-37.123555],[146.534817,-37.122992],[146.534023,-37.12468],[146.53138,-37.123733],[146.529472,-37.124834],[146.524571,-37.123028],[146.518663,-37.12449],[146.518476,-37.127212],[146.521452,-37.128149],[146.522033,-37.131653],[146.512696,-37.131148],[146.51695,-37.136108],[146.508638,-37.134308],[146.510068,-37.137988],[146.506762,-37.139168],[146.510628,-37.141548],[146.508425,-37.143382],[146.513465,-37.144725],[146.512399,-37.146445],[146.514454,-37.15011],[146.50376,-37.148824],[146.502096,-37.149452],[146.503081,-37.151514],[146.501223,-37.151378],[146.497326,-37.148479],[146.492847,-37.148446],[146.490407,-37.145715],[146.4862,-37.151055],[146.480315,-37.150772],[146.481386,-37.157186],[146.479106,-37.161926],[146.432044,-37.164882],[146.419582,-37.154581],[146.414106,-37.146526],[146.417867,-37.139052],[146.434618,-37.13645],[146.43371,-37.131275],[146.437793,-37.127466],[146.43963,-37.119372],[146.427973,-37.116245],[146.427072,-37.120044],[146.423288,-37.120314],[146.41598,-37.114189],[146.410817,-37.113907],[146.40544,-37.111385],[146.395486,-37.110765],[146.398026,-37.106359],[146.419971,-37.106464],[146.421208,-37.102424]]]}},{"type":"Feature","properties":{"code":"AU-LGA-24330","name":"Maribyrnong","label":"Maribyrnong","type":"Local government area","parentCode":"AU-VIC"},"geometry":{"type":"Polygon","coordinates":[[[144.851362,-37.77022],[144.850749,-37.773417],[144.848221,-37.7731],[144.844805,-37.793543],[144.841814,-37.796332],[144.842518,-37.797297],[144.83923,-37.796917],[144.855879,-37.814869],[144.85984,-37.81382],[144.857795,-37.824434],[144.881096,-37.825284],[144.886895,-37.822566],[144.894931,-37.826987],[144.895863,-37.821783],[144.905568,-37.822875],[144.906644,-37.821007],[144.905575,-37.812759],[144.908231,-37.804592],[144.910989,-37.800089],[144.914811,-37.800223],[144.916495,-37.797999],[144.903335,-37.791361],[144.90399,-37.784569],[144.897341,-37.77971],[144.895874,-37.773043],[144.902105,-37.76942],[144.901654,-37.765436],[144.893725,-37.765727],[144.889498,-37.762085],[144.884996,-37.761626],[144.884142,-37.760052],[144.88565,-37.756424],[144.882612,-37.755814],[144.872406,-37.76235],[144.870624,-37.766381],[144.874523,-37.769853],[144.872633,-37.772335],[144.865132,-37.772291],[144.861251,-37.775906],[144.858508,-37.775978],[144.852659,-37.773216],[144.851362,-37.77022]]]}},{"type":"Feature","properties":{"code":"AU-LGA-24410","name":"Maroondah","label":"Maroondah","type":"Local government area","parentCode":"AU-VIC"},"geometry":{"type":"Polygon","coordinates":[[[145.317979,-37.843906],[145.318729,-37.831708],[145.316814,-37.818146],[145.304293,-37.821525],[145.309138,-37.795408],[145.307003,-37.792414],[145.308621,-37.789553],[145.305694,-37.789218],[145.305272,-37.784339],[145.305471,-37.783122],[145.307419,-37.783671],[145.305955,-37.779898],[145.307886,-37.777543],[145.297346,-37.77037],[145.300347,-37.767381],[145.295906,-37.766387],[145.296439,-37.76344],[145.278209,-37.761831],[145.271926,-37.763093],[145.26539,-37.766907],[145.257676,-37.764998],[145.253821,-37.766285],[145.240575,-37.76475],[145.235971,-37.790073],[145.222725,-37.788927],[145.222118,-37.792295],[145.220257,-37.792562],[145.217212,-37.79087],[145.213409,-37.812235],[145.213352,-37.841009],[145.217122,-37.838098],[145.232064,-37.840062],[145.256517,-37.83579],[145.267066,-37.837029],[145.278759,-37.835776],[145.281627,-37.83302],[145.293527,-37.834048],[145.308672,-37.842663],[145.317979,-37.843906]]]}},{"type":"Feature","properties":{"code":"AU-LGA-24600","name":"Melbourne","label":"Melbourne","type":"Local government area","parentCode":"AU-VIC"},"geometry":{"type":"Polygon","coordinates":[[[144.984208,-37.850654],[144.991357,-37.809718],[144.973194,-37.80791],[144.975721,-37.793034],[144.968396,-37.792247],[144.969523,-37.785607],[144.963593,-37.784991],[144.96219,-37.778688],[144.938775,-37.775435],[144.93708,-37.777761],[144.940368,-37.787606],[144.938206,-37.788967],[144.921315,-37.787445],[144.913592,-37.779377],[144.908238,-37.782518],[144.906341,-37.787386],[144.90497,-37.787141],[144.902895,-37.790745],[144.913476,-37.79536],[144.916507,-37.798349],[144.909615,-37.801794],[144.905575,-37.812759],[144.906535,-37.82158],[144.89965,-37.827917],[144.897153,-37.832617],[144.898368,-37.841191],[144.899171,-37.840383],[144.906886,-37.849228],[144.902977,-37.839451],[144.906486,-37.839363],[144.906306,-37.841681],[144.912644,-37.849986],[144.917329,-37.84745],[144.912474,-37.840979],[144.915427,-37.83861],[144.913278,-37.834025],[144.923423,-37.8281],[144.940102,-37.82572],[144.961645,-37.828056],[144.965851,-37.831469],[144.971327,-37.829882],[144.975488,-37.836066],[144.980648,-37.850206],[144.984208,-37.850654]]]}},{"type":"Feature","properties":{"code":"AU-LGA-24650","name":"Melton","label":"Melton","type":"Local government area","parentCode":"AU-VIC"},"geometry":{"type":"Polygon","coordinates":[[[144.750976,-37.81045],[144.758271,-37.755407],[144.75643,-37.754273],[144.757244,-37.748202],[144.759143,-37.747685],[144.760817,-37.741627],[144.762892,-37.739819],[144.764033,-37.725637],[144.768157,-37.709718],[144.76055,-37.708848],[144.760957,-37.706721],[144.75199,-37.705636],[144.754137,-37.693128],[144.756411,-37.693405],[144.758357,-37.680924],[144.744419,-37.663064],[144.746478,-37.663015],[144.742305,-37.660021],[144.724362,-37.626756],[144.715176,-37.620816],[144.700908,-37.605404],[144.671652,-37.567709],[144.626213,-37.562894],[144.626758,-37.560001],[144.561107,-37.552416],[144.555736,-37.557095],[144.55614,-37.559152],[144.551376,-37.561114],[144.542413,-37.573823],[144.539125,-37.574286],[144.537881,-37.57641],[144.53861,-37.58367],[144.534351,-37.588391],[144.536395,-37.589422],[144.533449,-37.59023],[144.534246,-37.591574],[144.532602,-37.594182],[144.529829,-37.595104],[144.527549,-37.598238],[144.52832,-37.601926],[144.525797,-37.600922],[144.522699,-37.604586],[144.524575,-37.605765],[144.523844,-37.607678],[144.52571,-37.608175],[144.523964,-37.609567],[144.527913,-37.614132],[144.526495,-37.616847],[144.527294,-37.618318],[144.519286,-37.627937],[144.521654,-37.629223],[144.519818,-37.62958],[144.519046,-37.635693],[144.520954,-37.639859],[144.519431,-37.638888],[144.518939,-37.641987],[144.516729,-37.642927],[144.517785,-37.643803],[144.516692,-37.647043],[144.519336,-37.648325],[144.517266,-37.650665],[144.519437,-37.657102],[144.518374,-37.658158],[144.52067,-37.660801],[144.518747,-37.662581],[144.519027,-37.664564],[144.521128,-37.665925],[144.519203,-37.666155],[144.52025,-37.66812],[144.518055,-37.666889],[144.515287,-37.668256],[144.518612,-37.670276],[144.515941,-37.671758],[144.518474,-37.672757],[144.517308,-37.674475],[144.515271,-37.672676],[144.512074,-37.67559],[144.514199,-37.677218],[144.512089,-37.67752],[144.514045,-37.684516],[144.516358,-37.684774],[144.514559,-37.686288],[144.517918,-37.692341],[144.514554,-37.697668],[144.517304,-37.699423],[144.519387,-37.706145],[144.515147,-37.707864],[144.502072,-37.708508],[144.498944,-37.707919],[144.495649,-37.704358],[144.490589,-37.705685],[144.477684,-37.781],[144.532689,-37.787259],[144.548803,-37.797128],[144.567582,-37.79888],[144.577566,-37.804123],[144.577419,-37.806897],[144.58236,-37.801438],[144.578192,-37.799386],[144.588769,-37.793117],[144.750976,-37.81045]]]}},{"type":"Feature","properties":{"code":"AU-LGA-24700","name":"Merri-bek","label":"Merri-bek","type":"Local government area","parentCode":"AU-VIC"},"geometry":{"type":"Polygon","coordinates":[[[144.972067,-37.690986],[144.919009,-37.694678],[144.903836,-37.694057],[144.886233,-37.707736],[144.888466,-37.710772],[144.89822,-37.709184],[144.902996,-37.714424],[144.902318,-37.716677],[144.904617,-37.715745],[144.905623,-37.717237],[144.909365,-37.717361],[144.910603,-37.721906],[144.912471,-37.720913],[144.914594,-37.723805],[144.918219,-37.724126],[144.922552,-37.728819],[144.924762,-37.728971],[144.924324,-37.732388],[144.928254,-37.734795],[144.930116,-37.740173],[144.934734,-37.743909],[144.928558,-37.7457],[144.92921,-37.747584],[144.926725,-37.751449],[144.930552,-37.753649],[144.934905,-37.753223],[144.933004,-37.758852],[144.934236,-37.76054],[144.938414,-37.760911],[144.937871,-37.768606],[144.935228,-37.770605],[144.938448,-37.771545],[144.936345,-37.774103],[144.93708,-37.777761],[144.938775,-37.775435],[144.978117,-37.780195],[144.978891,-37.775295],[144.988524,-37.776394],[144.984459,-37.771223],[144.985572,-37.766196],[144.981463,-37.762818],[144.983167,-37.76155],[144.979246,-37.75421],[144.981823,-37.752091],[144.980158,-37.746292],[144.982022,-37.745503],[144.978973,-37.742722],[144.982976,-37.735769],[144.985274,-37.721356],[144.978615,-37.721412],[144.978116,-37.716686],[144.980869,-37.714605],[144.977025,-37.713637],[144.979014,-37.712476],[144.977119,-37.710197],[144.980828,-37.707349],[144.978546,-37.704718],[144.982525,-37.702944],[144.979584,-37.700631],[144.980688,-37.698093],[144.978657,-37.697091],[144.978932,-37.69455],[144.976056,-37.695019],[144.97291,-37.692518],[144.970532,-37.692704],[144.972067,-37.690986]]]}},{"type":"Feature","properties":{"code":"AU-LGA-24780","name":"Mildura","label":"Mildura","type":"Local government area","parentCode":"AU-VIC"},"geometry":{"type":"Polygon","coordinates":[[[140.963545,-34.322779],[140.966232,-35.389129],[140.963109,-35.748521],[141.499764,-35.748569],[141.499466,-35.498498],[141.997488,-35.498422],[141.997483,-35.463489],[142.081434,-35.464577],[142.09134,-35.469338],[142.096216,-35.469375],[142.100643,-35.466357],[142.115471,-35.469814],[142.126774,-35.472919],[142.131367,-35.478292],[142.142219,-35.480132],[142.15152,-35.476553],[142.166857,-35.47843],[142.167098,-35.456254],[142.168513,-35.449851],[142.206838,-35.450076],[142.1825,-35.398365],[142.173646,-35.375862],[142.182154,-35.366935],[142.174181,-35.362394],[142.177747,-35.360163],[142.179091,-35.353995],[142.199066,-35.353726],[142.192201,-35.342663],[142.181986,-35.334337],[142.18129,-35.331844],[142.183739,-35.329476],[142.181264,-35.322236],[142.188951,-35.322567],[142.195102,-35.313141],[142.20073,-35.315053],[142.222421,-35.310935],[142.243935,-35.310944],[142.244914,-35.307448],[142.252705,-35.304638],[142.25727,-35.299823],[142.289425,-35.290851],[142.29132,-35.295491],[142.301242,-35.293572],[142.310576,-35.294935],[142.314392,-35.29736],[142.322704,-35.294983],[142.351989,-35.295147],[142.363829,-35.292138],[142.374163,-35.296986],[142.378642,-35.295276],[142.403354,-35.295381],[142.403307,-35.30293],[142.411695,-35.30384],[142.524698,-35.303412],[142.528515,-35.302237],[142.578474,-35.303759],[142.581605,-35.302401],[142.592972,-35.304416],[142.611792,-35.304982],[142.615931,-35.30388],[142.61329,-35.301167],[142.615963,-35.297467],[142.614237,-35.286418],[142.610977,-35.28337],[142.610775,-35.244598],[142.608182,-35.241582],[142.611837,-35.238609],[142.612449,-35.230241],[142.609151,-35.22048],[142.611289,-35.208162],[142.608189,-35.205008],[142.611234,-35.200204],[142.61147,-35.194349],[142.637205,-35.192813],[142.64408,-35.194406],[142.687175,-35.194246],[142.734519,-35.198075],[142.734526,-35.169517],[142.736457,-35.144439],[142.738703,-35.140934],[142.742968,-35.11502],[142.697152,-35.114532],[142.696167,-34.939261],[142.693415,-34.934517],[142.696188,-34.929781],[142.696199,-34.924269],[142.697293,-34.924273],[142.697368,-34.886922],[142.691264,-34.883796],[142.653386,-34.884301],[142.650913,-34.886689],[142.64122,-34.883978],[142.644235,-34.872653],[142.642169,-34.868399],[142.636213,-34.866677],[142.635417,-34.86404],[142.518618,-34.863903],[142.517051,-34.754809],[142.507849,-34.748968],[142.508038,-34.746366],[142.512738,-34.743056],[142.51231,-34.741595],[142.501304,-34.740724],[142.499565,-34.739104],[142.501298,-34.733452],[142.513051,-34.723108],[142.513006,-34.719465],[142.509902,-34.713647],[142.518956,-34.702933],[142.517543,-34.70132],[142.51235,-34.700511],[142.504525,-34.704131],[142.499751,-34.703125],[142.499601,-34.699087],[142.510011,-34.696652],[142.513675,-34.692204],[142.507814,-34.6826],[142.505737,-34.68139],[142.500169,-34.682489],[142.497273,-34.676542],[142.498045,-34.672417],[142.500237,-34.670187],[142.504108,-34.667541],[142.513833,-34.666653],[142.515862,-34.66367],[142.510548,-34.65774],[142.505679,-34.656935],[142.503482,-34.658678],[142.501997,-34.66349],[142.499594,-34.664837],[142.489928,-34.662562],[142.486959,-34.663427],[142.487566,-34.66686],[142.495742,-34.667238],[142.496156,-34.669334],[142.493124,-34.672189],[142.480276,-34.673621],[142.47412,-34.671712],[142.471318,-34.665736],[142.471661,-34.651783],[142.476082,-34.642659],[142.483839,-34.638385],[142.483651,-34.636422],[142.480256,-34.635394],[142.471083,-34.640122],[142.467142,-34.638123],[142.465295,-34.634214],[142.456463,-34.636312],[142.452334,-34.633485],[142.453691,-34.630308],[142.459961,-34.629237],[142.463995,-34.626664],[142.463045,-34.623181],[142.458366,-34.619153],[142.459167,-34.616276],[142.468264,-34.612921],[142.461817,-34.608535],[142.461314,-34.606552],[142.462984,-34.603868],[142.469219,-34.601512],[142.469205,-34.596719],[142.471271,-34.592664],[142.467308,-34.58929],[142.459857,-34.589388],[142.458383,-34.587688],[142.458698,-34.585786],[142.466254,-34.582963],[142.472711,-34.576682],[142.467974,-34.564282],[142.45463,-34.557539],[142.448764,-34.559597],[142.451614,-34.572782],[142.458587,-34.58067],[142.458395,-34.582778],[142.454937,-34.584555],[142.449642,-34.582864],[142.44493,-34.575477],[142.434753,-34.576133],[142.430184,-34.57478],[142.428647,-34.572562],[142.429351,-34.566566],[142.426069,-34.562335],[142.418079,-34.567108],[142.408854,-34.568897],[142.406459,-34.566133],[142.40638,-34.563371],[142.410698,-34.553461],[142.406674,-34.547822],[142.405725,-34.541633],[142.403312,-34.54199],[142.398918,-34.547388],[142.390217,-34.549106],[142.386593,-34.545116],[142.376711,-34.540972],[142.375817,-34.538259],[142.378189,-34.532132],[142.371545,-34.534898],[142.367607,-34.530001],[142.368415,-34.527075],[142.370195,-34.526343],[142.383805,-34.523813],[142.399916,-34.523017],[142.393641,-34.516168],[142.380699,-34.519466],[142.377211,-34.518334],[142.374949,-34.515271],[142.376063,-34.512143],[142.384725,-34.505323],[142.386735,-34.499078],[142.39483,-34.493626],[142.391078,-34.491995],[142.377734,-34.491383],[142.372392,-34.495686],[142.369728,-34.503806],[142.359582,-34.498766],[142.359785,-34.491215],[142.364274,-34.484701],[142.372482,-34.480643],[142.374705,-34.476993],[142.378219,-34.476536],[142.383004,-34.479328],[142.38417,-34.478078],[142.379274,-34.466691],[142.372342,-34.471684],[142.364407,-34.469314],[142.356346,-34.472283],[142.353341,-34.469569],[142.354068,-34.464237],[142.360705,-34.45951],[142.365143,-34.447389],[142.360829,-34.440487],[142.367943,-34.435401],[142.359904,-34.43192],[142.363899,-34.427641],[142.364546,-34.422691],[142.361069,-34.422153],[142.354537,-34.424048],[142.351843,-34.422275],[142.352643,-34.419068],[142.360701,-34.411755],[142.35957,-34.409962],[142.352579,-34.407927],[142.35242,-34.404499],[142.356483,-34.400413],[142.351731,-34.399151],[142.350976,-34.396616],[142.363903,-34.385667],[142.367971,-34.385504],[142.373934,-34.388137],[142.370659,-34.383276],[142.370333,-34.374621],[142.368064,-34.370637],[142.377255,-34.367238],[142.378276,-34.364737],[142.374853,-34.362434],[142.366158,-34.365073],[142.363537,-34.362146],[142.371324,-34.357835],[142.379931,-34.360385],[142.383839,-34.363435],[142.389758,-34.362786],[142.391506,-34.360099],[142.386328,-34.35524],[142.384465,-34.346901],[142.388309,-34.343041],[142.396788,-34.34394],[142.39709,-34.338639],[142.391164,-34.334331],[142.385709,-34.333988],[142.379247,-34.330805],[142.373241,-34.331508],[142.368443,-34.326899],[142.361886,-34.328079],[142.347165,-34.337203],[142.330931,-34.339364],[142.321616,-34.336923],[142.316264,-34.330107],[142.30166,-34.329042],[142.294393,-34.323437],[142.288486,-34.326512],[142.28388,-34.326554],[142.279999,-34.319787],[142.280603,-34.315888],[142.28403,-34.310746],[142.288263,-34.306434],[142.296827,-34.307397],[142.298893,-34.30569],[142.291519,-34.301941],[142.286139,-34.296523],[142.277459,-34.303137],[142.273679,-34.304008],[142.270805,-34.301594],[142.269342,-34.29609],[142.267339,-34.295271],[142.253064,-34.306126],[142.2359,-34.30696],[142.231936,-34.302147],[142.232472,-34.296736],[142.243696,-34.291912],[142.248852,-34.28497],[142.244728,-34.277604],[142.24939,-34.267584],[142.248999,-34.265041],[142.241864,-34.258047],[142.23405,-34.257126],[142.232297,-34.255023],[142.234777,-34.249426],[142.241476,-34.248123],[142.243586,-34.245756],[142.244975,-34.237868],[142.244037,-34.232444],[142.23534,-34.223734],[142.243787,-34.216504],[142.2434,-34.209173],[142.236525,-34.203752],[142.233727,-34.208337],[142.229475,-34.208042],[142.226919,-34.19497],[142.228207,-34.189913],[142.219109,-34.181051],[142.206347,-34.183715],[142.198587,-34.183483],[142.190812,-34.180798],[142.18362,-34.175659],[142.181217,-34.176648],[142.178315,-34.18373],[142.166155,-34.18291],[142.163411,-34.176383],[142.166536,-34.171383],[142.159262,-34.171469],[142.161374,-34.163784],[142.166746,-34.155155],[142.165583,-34.152111],[142.146715,-34.14887],[142.142981,-34.15179],[142.139821,-34.159008],[142.135168,-34.160725],[142.123482,-34.156399],[142.120349,-34.156691],[142.118426,-34.161142],[142.121593,-34.172383],[142.11962,-34.174895],[142.112358,-34.175043],[142.105418,-34.177512],[142.093066,-34.171902],[142.082777,-34.173532],[142.077546,-34.157333],[142.067608,-34.153581],[142.065352,-34.150597],[142.066609,-34.144678],[142.07388,-34.142283],[142.077184,-34.138698],[142.077749,-34.135623],[142.075645,-34.131405],[142.062605,-34.125852],[142.049335,-34.125539],[142.03702,-34.129782],[142.029586,-34.126125],[142.028859,-34.118954],[142.034205,-34.111237],[142.042149,-34.105987],[142.041982,-34.103187],[142.037778,-34.099804],[142.035053,-34.10029],[142.026618,-34.106669],[142.021792,-34.106621],[142.016754,-34.104391],[142.013318,-34.105368],[142.016102,-34.116417],[142.024921,-34.122057],[142.022252,-34.125218],[142.012898,-34.125344],[141.998478,-34.118536],[141.993013,-34.121286],[141.984903,-34.112928],[141.977657,-34.112689],[141.972664,-34.11501],[141.969749,-34.119885],[141.969035,-34.125734],[141.97234,-34.133112],[141.970444,-34.136094],[141.962384,-34.135986],[141.954009,-34.129008],[141.948058,-34.120514],[141.94501,-34.119464],[141.939221,-34.123441],[141.938309,-34.136137],[141.932996,-34.138224],[141.925636,-34.134591],[141.92979,-34.125776],[141.922598,-34.114557],[141.913327,-34.115529],[141.900693,-34.111185],[141.893578,-34.114033],[141.884751,-34.114971],[141.885171,-34.117854],[141.888657,-34.121482],[141.888796,-34.124403],[141.880879,-34.130601],[141.876633,-34.137404],[141.872505,-34.131455],[141.86777,-34.128638],[141.863243,-34.128156],[141.853264,-34.13122],[141.851505,-34.129906],[141.852678,-34.125732],[141.8507,-34.124294],[141.844095,-34.131798],[141.84139,-34.132438],[141.825402,-34.127668],[141.815299,-34.121305],[141.80656,-34.120254],[141.801321,-34.115508],[141.790724,-34.115162],[141.786452,-34.111672],[141.784094,-34.112247],[141.780447,-34.116599],[141.776893,-34.116865],[141.774686,-34.11384],[141.779294,-34.104286],[141.777904,-34.101761],[141.771014,-34.1047],[141.762737,-34.111335],[141.756954,-34.112083],[141.753314,-34.11004],[141.75263,-34.10623],[141.75402,-34.103993],[141.761448,-34.100557],[141.761843,-34.097524],[141.758259,-34.096771],[141.752618,-34.102397],[141.746349,-34.103391],[141.734501,-34.092225],[141.729698,-34.090883],[141.726587,-34.092083],[141.725464,-34.095147],[141.729942,-34.105428],[141.720295,-34.114576],[141.715699,-34.11472],[141.713288,-34.113048],[141.7114,-34.109018],[141.710587,-34.098607],[141.707422,-34.096055],[141.694736,-34.098463],[141.688577,-34.102304],[141.677456,-34.101211],[141.654679,-34.116676],[141.632659,-34.121472],[141.630064,-34.129683],[141.632126,-34.140125],[141.627989,-34.145404],[141.621317,-34.145167],[141.618246,-34.143496],[141.61535,-34.139038],[141.611825,-34.13901],[141.620967,-34.149273],[141.621025,-34.15425],[141.618545,-34.156274],[141.612549,-34.156764],[141.608265,-34.150815],[141.604586,-34.149102],[141.595308,-34.154793],[141.587328,-34.150737],[141.584491,-34.151391],[141.583508,-34.153614],[141.585622,-34.156499],[141.5901,-34.157794],[141.597677,-34.15534],[141.602966,-34.162241],[141.603846,-34.165519],[141.602567,-34.168781],[141.593167,-34.172759],[141.58939,-34.177341],[141.59284,-34.181914],[141.601272,-34.181936],[141.604954,-34.18392],[141.605949,-34.187974],[141.603292,-34.191216],[141.59584,-34.191775],[141.58975,-34.18688],[141.588251,-34.188339],[141.58812,-34.195979],[141.583929,-34.198803],[141.573121,-34.196005],[141.567208,-34.191496],[141.560475,-34.190886],[141.558247,-34.191925],[141.556502,-34.19728],[141.547744,-34.200828],[141.544473,-34.200184],[141.538054,-34.192691],[141.533553,-34.191421],[141.530812,-34.195545],[141.536439,-34.204918],[141.53387,-34.210683],[141.510077,-34.216466],[141.506088,-34.213822],[141.506155,-34.210485],[141.50852,-34.208374],[141.517205,-34.206786],[141.518583,-34.203146],[141.514635,-34.198193],[141.507664,-34.194164],[141.506677,-34.190606],[141.510717,-34.185755],[141.517325,-34.183852],[141.51875,-34.180897],[141.510853,-34.177692],[141.504725,-34.169141],[141.500497,-34.158778],[141.494973,-34.154598],[141.487381,-34.154853],[141.485756,-34.157123],[141.486084,-34.161298],[141.482809,-34.163412],[141.471198,-34.159191],[141.468959,-34.164241],[141.463988,-34.165829],[141.45065,-34.160991],[141.448564,-34.16245],[141.448829,-34.167454],[141.444546,-34.168002],[141.432809,-34.159927],[141.432097,-34.154483],[141.434753,-34.147746],[141.433908,-34.145891],[141.430175,-34.14557],[141.417162,-34.150765],[141.41193,-34.149952],[141.407411,-34.146387],[141.406077,-34.141946],[141.410325,-34.132174],[141.408254,-34.127843],[141.403371,-34.127191],[141.392375,-34.134325],[141.388125,-34.134717],[141.38552,-34.131911],[141.384556,-34.124961],[141.381594,-34.122129],[141.3697,-34.12019],[141.371777,-34.126398],[141.368765,-34.127101],[141.364402,-34.121099],[141.362664,-34.112933],[141.358986,-34.11071],[141.348512,-34.112298],[141.346962,-34.115107],[141.346414,-34.124334],[141.341441,-34.128037],[141.332949,-34.130639],[141.33143,-34.135973],[141.328132,-34.138544],[141.324944,-34.138769],[141.323215,-34.137565],[141.323122,-34.133146],[141.326157,-34.12981],[141.325928,-34.126853],[141.322626,-34.125463],[141.316777,-34.127246],[141.313536,-34.124847],[141.318427,-34.116294],[141.317458,-34.1124],[141.313769,-34.111652],[141.300797,-34.113705],[141.29796,-34.111566],[141.298551,-34.106947],[141.283708,-34.103862],[141.279855,-34.099054],[141.275363,-34.098145],[141.268699,-34.092117],[141.263018,-34.081261],[141.259572,-34.078121],[141.255365,-34.077517],[141.252096,-34.078885],[141.247451,-34.088067],[141.242549,-34.087328],[141.241678,-34.081937],[141.247224,-34.073195],[141.244729,-34.068952],[141.24427,-34.06375],[141.241814,-34.061301],[141.23753,-34.063916],[141.236194,-34.070665],[141.228475,-34.073638],[141.222242,-34.068932],[141.222126,-34.061663],[141.219676,-34.061631],[141.215763,-34.065381],[141.210919,-34.061196],[141.205914,-34.061709],[141.201925,-34.065468],[141.199838,-34.072118],[141.193102,-34.07423],[141.192417,-34.078326],[141.187456,-34.079281],[141.192959,-34.08325],[141.194443,-34.087594],[141.191915,-34.090944],[141.186237,-34.091963],[141.181486,-34.090978],[141.178619,-34.088547],[141.174886,-34.081275],[141.174675,-34.07332],[141.171177,-34.074398],[141.169043,-34.080633],[141.165862,-34.083199],[141.158884,-34.08457],[141.153677,-34.082105],[141.153187,-34.068902],[141.151181,-34.067912],[141.146144,-34.069605],[141.143855,-34.067786],[141.144849,-34.066305],[141.15345,-34.064176],[141.151112,-34.059642],[141.153118,-34.054508],[141.144995,-34.056384],[141.142981,-34.063521],[141.137646,-34.061615],[141.137314,-34.057548],[141.128243,-34.06342],[141.120345,-34.064853],[141.106924,-34.061041],[141.10406,-34.058212],[141.101061,-34.051189],[141.094245,-34.050644],[141.087597,-34.055013],[141.087263,-34.05716],[141.092255,-34.058151],[141.095567,-34.060653],[141.097594,-34.070022],[141.094923,-34.074786],[141.089224,-34.076683],[141.085321,-34.075008],[141.082802,-34.070898],[141.086047,-34.065007],[141.084917,-34.062275],[141.081633,-34.061141],[141.076661,-34.063642],[141.071958,-34.062896],[141.06852,-34.059507],[141.065608,-34.050049],[141.061722,-34.054966],[141.052958,-34.057531],[141.049027,-34.061113],[141.042471,-34.061088],[141.040779,-34.059096],[141.039453,-34.051395],[141.043534,-34.044936],[141.043446,-34.04269],[141.041376,-34.039489],[141.034343,-34.035721],[141.032794,-34.03638],[141.031084,-34.041287],[141.032278,-34.046986],[141.023677,-34.051137],[141.023569,-34.053283],[141.027461,-34.057476],[141.026941,-34.05912],[141.023474,-34.059749],[141.018434,-34.056008],[141.017023,-34.047251],[141.009905,-34.045205],[141.001866,-34.039054],[141.003783,-34.027591],[141.012372,-34.024722],[141.00583,-34.023704],[140.998146,-34.019685],[140.994684,-34.022892],[140.99345,-34.031043],[140.988438,-34.030764],[140.98542,-34.026746],[140.985417,-34.0205],[140.98046,-34.016],[140.986754,-34.010224],[140.975327,-34.009307],[140.975874,-34.007329],[140.980828,-34.004593],[140.980582,-33.999983],[140.976328,-33.997196],[140.970663,-33.997837],[140.968765,-33.996699],[140.968402,-33.989518],[140.970201,-33.984368],[140.967095,-33.981094],[140.963689,-33.980636],[140.96295,-34.095758],[140.961866,-34.095766],[140.963545,-34.322779]]]}},{"type":"Feature","properties":{"code":"AU-LGA-24850","name":"Mitchell","label":"Mitchell","type":"Local government area","parentCode":"AU-VIC"},"geometry":{"type":"Polygon","coordinates":[[[144.544353,-37.060218],[144.545864,-37.063246],[144.544293,-37.067542],[144.539178,-37.067444],[144.536921,-37.069878],[144.53993,-37.0756],[144.537698,-37.076315],[144.536482,-37.083581],[144.538184,-37.08407],[144.538387,-37.086318],[144.542677,-37.08822],[144.538281,-37.08802],[144.539307,-37.090332],[144.537945,-37.089912],[144.537918,-37.092317],[144.53408,-37.094192],[144.535796,-37.095882],[144.534625,-37.099972],[144.530433,-37.100287],[144.532373,-37.103079],[144.534051,-37.102896],[144.531967,-37.105171],[144.535237,-37.10722],[144.534942,-37.110791],[144.541324,-37.114798],[144.549181,-37.110858],[144.551958,-37.107079],[144.561921,-37.104881],[144.573929,-37.099116],[144.580295,-37.099305],[144.594634,-37.106129],[144.602229,-37.107235],[144.691313,-37.10789],[144.691689,-37.104462],[144.697306,-37.103555],[144.69737,-37.100169],[144.715369,-37.100324],[144.713716,-37.104861],[144.717067,-37.111055],[144.715353,-37.115487],[144.716269,-37.117958],[144.728011,-37.125601],[144.735224,-37.126501],[144.731139,-37.144438],[144.725715,-37.143873],[144.726549,-37.159613],[144.710257,-37.159528],[144.710101,-37.168777],[144.712081,-37.168819],[144.711813,-37.176427],[144.714144,-37.176468],[144.714548,-37.183558],[144.716097,-37.183572],[144.716104,-37.208782],[144.7115,-37.210096],[144.70954,-37.212399],[144.706793,-37.212842],[144.705806,-37.211148],[144.703817,-37.212945],[144.729464,-37.218113],[144.731384,-37.220532],[144.768846,-37.220729],[144.769576,-37.215109],[144.777565,-37.21505],[144.777747,-37.219821],[144.785727,-37.213067],[144.802635,-37.214738],[144.80346,-37.212057],[144.812358,-37.213913],[144.811189,-37.217397],[144.820076,-37.219192],[144.816683,-37.230178],[144.825681,-37.231395],[144.829049,-37.235655],[144.822294,-37.27198],[144.825217,-37.284052],[144.84568,-37.290086],[144.853053,-37.287961],[144.8558,-37.285461],[144.849224,-37.322303],[144.856347,-37.322977],[144.858454,-37.326663],[144.864519,-37.324196],[144.866296,-37.329083],[144.869131,-37.330008],[144.870409,-37.328219],[144.874156,-37.330716],[144.874771,-37.334203],[144.876305,-37.333947],[144.877788,-37.337053],[144.883479,-37.336501],[144.883196,-37.334698],[144.885145,-37.334643],[144.88748,-37.33722],[144.887544,-37.341283],[144.893179,-37.343024],[144.892164,-37.345173],[144.917796,-37.347975],[144.915088,-37.362405],[144.921237,-37.363267],[144.919332,-37.365011],[144.918518,-37.372226],[144.91572,-37.374871],[144.91416,-37.380675],[144.911712,-37.381566],[144.90681,-37.402119],[144.903326,-37.404752],[144.904083,-37.406546],[144.898508,-37.407511],[144.901415,-37.408503],[144.901879,-37.412514],[144.903705,-37.413378],[144.898553,-37.415879],[144.901467,-37.416453],[144.901306,-37.418498],[144.90412,-37.420224],[144.902837,-37.423236],[144.895122,-37.424393],[144.895425,-37.428151],[144.899427,-37.427613],[144.901527,-37.430263],[144.89818,-37.431161],[144.901553,-37.433174],[144.900037,-37.433855],[144.901442,-37.43621],[144.897264,-37.438882],[144.897599,-37.44067],[144.899992,-37.440477],[144.899989,-37.44251],[144.898981,-37.444681],[144.895574,-37.445274],[144.89869,-37.446909],[144.894325,-37.449958],[144.897801,-37.450775],[144.896735,-37.457877],[144.897948,-37.458949],[144.891772,-37.46088],[144.896477,-37.462551],[144.896303,-37.464069],[144.898766,-37.465578],[144.905652,-37.46469],[144.905124,-37.468289],[144.903201,-37.467689],[144.899888,-37.469675],[144.900298,-37.475094],[144.896848,-37.474988],[144.898666,-37.475809],[144.896947,-37.476592],[144.898705,-37.478616],[144.893473,-37.477786],[144.894109,-37.480267],[144.891441,-37.486383],[144.896002,-37.488701],[144.891348,-37.490441],[144.894605,-37.491134],[144.895052,-37.493609],[144.887166,-37.493396],[144.887601,-37.497027],[144.883143,-37.498845],[144.883337,-37.501449],[144.881108,-37.500428],[144.880816,-37.502225],[144.885201,-37.503028],[144.886609,-37.504731],[144.890037,-37.503908],[144.991934,-37.515377],[144.997119,-37.511716],[144.997102,-37.508455],[145.002054,-37.50972],[145.004354,-37.50645],[145.003713,-37.503762],[145.00724,-37.502173],[144.986971,-37.499873],[144.994041,-37.481164],[145.000773,-37.442367],[145.0729,-37.450543],[145.067884,-37.44605],[145.06778,-37.438608],[145.080802,-37.439833],[145.082383,-37.435419],[145.078932,-37.432414],[145.079289,-37.426332],[145.085548,-37.424957],[145.104654,-37.412405],[145.107682,-37.408291],[145.105089,-37.405539],[145.110729,-37.403199],[145.111075,-37.401737],[145.112875,-37.402219],[145.115286,-37.4102],[145.124975,-37.41025],[145.129764,-37.418974],[145.141302,-37.428237],[145.146242,-37.428267],[145.146959,-37.421938],[145.149781,-37.419573],[145.150328,-37.414899],[145.154565,-37.412867],[145.161777,-37.414943],[145.165896,-37.413128],[145.171427,-37.420019],[145.178516,-37.423591],[145.186506,-37.422147],[145.188679,-37.436751],[145.185571,-37.443795],[145.190563,-37.444903],[145.200244,-37.444026],[145.209543,-37.459386],[145.216455,-37.464423],[145.222278,-37.472586],[145.22477,-37.458145],[145.229359,-37.458647],[145.22772,-37.454465],[145.233969,-37.447227],[145.233844,-37.442165],[145.236271,-37.435854],[145.265625,-37.419341],[145.265826,-37.372691],[145.262012,-37.372552],[145.260523,-37.370819],[145.257868,-37.371451],[145.256516,-37.367954],[145.271378,-37.368048],[145.271386,-37.359764],[145.274221,-37.359789],[145.274241,-37.355514],[145.270149,-37.355494],[145.270218,-37.347353],[145.272862,-37.346591],[145.276045,-37.33981],[145.270456,-37.340685],[145.270491,-37.338897],[145.279356,-37.337955],[145.279356,-37.332368],[145.276934,-37.332635],[145.270304,-37.327245],[145.273313,-37.327181],[145.266115,-37.327508],[145.261974,-37.329669],[145.261942,-37.317365],[145.256702,-37.317395],[145.256697,-37.31106],[145.251881,-37.311068],[145.251867,-37.304939],[145.227449,-37.305083],[145.22732,-37.294249],[145.195388,-37.294107],[145.195556,-37.278283],[145.192643,-37.279325],[145.186925,-37.278233],[145.187025,-37.271723],[145.180587,-37.271757],[145.180647,-37.264403],[145.171831,-37.26629],[145.171936,-37.27849],[145.168105,-37.281366],[145.163009,-37.277615],[145.165541,-37.269257],[145.168499,-37.266628],[145.167689,-37.263502],[145.170563,-37.263737],[145.173135,-37.261148],[145.172265,-37.25753],[145.165844,-37.25375],[145.165893,-37.25166],[145.170685,-37.249754],[145.170041,-37.247846],[145.171617,-37.247009],[145.16778,-37.240233],[145.17721,-37.235923],[145.169533,-37.226621],[145.163813,-37.215758],[145.172029,-37.216791],[145.174533,-37.213971],[145.175972,-37.208193],[145.174884,-37.204898],[145.191141,-37.203798],[145.196387,-37.206083],[145.196375,-37.199876],[145.202171,-37.199829],[145.202025,-37.187157],[145.207465,-37.187094],[145.20754,-37.191104],[145.219443,-37.191071],[145.219522,-37.186102],[145.225374,-37.186068],[145.225399,-37.183001],[145.227774,-37.182998],[145.227309,-37.181442],[145.229494,-37.180049],[145.241138,-37.176966],[145.241092,-37.16861],[145.231727,-37.16752],[145.231738,-37.157255],[145.235036,-37.157278],[145.23215,-37.152834],[145.230987,-37.147339],[145.232552,-37.145808],[145.228568,-37.134618],[145.230441,-37.133241],[145.231747,-37.1374],[145.243208,-37.143915],[145.243201,-37.141474],[145.244142,-37.143346],[145.252375,-37.141224],[145.257202,-37.134971],[145.267728,-37.136159],[145.273022,-37.141841],[145.278908,-37.143046],[145.279038,-37.139525],[145.284614,-37.138533],[145.284611,-37.129065],[145.29043,-37.114896],[145.288302,-37.099585],[145.303147,-37.099608],[145.304351,-37.103708],[145.321043,-37.103785],[145.320707,-37.10037],[145.322921,-37.101864],[145.331523,-37.09967],[145.352822,-37.10138],[145.355804,-37.099515],[145.355877,-37.097639],[145.366212,-37.097621],[145.366401,-37.091041],[145.372215,-37.093906],[145.3723,-37.084968],[145.374727,-37.08497],[145.374749,-37.076162],[145.392737,-37.076273],[145.392797,-37.043737],[145.405667,-37.038326],[145.408927,-37.035559],[145.411089,-37.030546],[145.425237,-37.02504],[145.429572,-37.020214],[145.42771,-37.006014],[145.422721,-37.004575],[145.425895,-36.999116],[145.416624,-36.994306],[145.411728,-36.995426],[145.407598,-36.994229],[145.403954,-36.989799],[145.405419,-36.985002],[145.400761,-36.981919],[145.39433,-36.980905],[145.388406,-36.983321],[145.387296,-36.977059],[145.376506,-36.977195],[145.372923,-36.975271],[145.365374,-36.984945],[145.364301,-36.99198],[145.358317,-36.99227],[145.358133,-36.985647],[145.351867,-36.984132],[145.348256,-36.981181],[145.344061,-36.983437],[145.33998,-36.983445],[145.332134,-36.994364],[145.331556,-37.002739],[145.325337,-37.000017],[145.322507,-37.000508],[145.323808,-37.003845],[145.320706,-37.007087],[145.322947,-37.011018],[145.319628,-37.011105],[145.318683,-37.013458],[145.312501,-37.016911],[145.303983,-37.016004],[145.302412,-37.011748],[145.308003,-37.0094],[145.308462,-37.007745],[145.30278,-37.006379],[145.30212,-37.002111],[145.291463,-37.00494],[145.290281,-37.001849],[145.2923,-36.999555],[145.290878,-36.995908],[145.286166,-36.994145],[145.287613,-36.986613],[145.2846,-36.97932],[145.286163,-36.974703],[145.285575,-36.966966],[145.293189,-36.960844],[145.292337,-36.95216],[145.28843,-36.950624],[145.278719,-36.951972],[145.264251,-36.946663],[145.261099,-36.941019],[145.262493,-36.938513],[145.260531,-36.93574],[145.248933,-36.928551],[145.246487,-36.929175],[145.2408,-36.924462],[145.240974,-36.919953],[145.234891,-36.912374],[145.23479,-36.909929],[145.226815,-36.914131],[145.209827,-36.944338],[145.198434,-36.941865],[145.126895,-36.941542],[145.127614,-36.932594],[145.132639,-36.928286],[145.121407,-36.928],[145.120777,-36.924686],[145.117763,-36.923415],[145.122225,-36.919268],[145.117707,-36.918879],[145.115987,-36.916453],[145.117878,-36.913529],[145.127727,-36.909612],[145.125962,-36.907322],[145.120745,-36.90754],[145.123014,-36.90537],[145.122094,-36.90287],[145.124139,-36.900757],[145.120552,-36.896209],[145.121269,-36.893888],[145.117897,-36.896245],[145.117458,-36.894551],[145.119189,-36.893056],[145.106686,-36.892941],[145.097086,-36.884003],[145.08569,-36.877456],[145.087016,-36.868981],[145.066051,-36.866126],[145.053538,-36.860269],[145.04393,-36.853718],[145.029859,-36.853346],[145.019318,-36.850584],[145.011423,-36.846321],[144.998251,-36.84637],[144.987014,-36.836117],[144.93325,-36.835473],[144.931966,-36.836922],[144.931986,-36.849825],[144.933895,-36.849456],[144.933173,-36.85112],[144.935412,-36.851572],[144.942451,-36.851175],[144.943897,-36.852332],[144.944028,-36.857136],[144.937259,-36.857255],[144.929498,-36.860495],[144.925601,-36.85854],[144.909866,-36.858605],[144.88147,-36.866223],[144.874281,-36.875805],[144.871762,-36.874442],[144.858439,-36.881229],[144.853569,-36.880237],[144.837242,-36.892716],[144.822392,-36.899696],[144.816583,-36.91162],[144.804273,-36.925875],[144.800213,-36.939422],[144.806322,-36.95563],[144.802369,-36.956783],[144.791273,-36.952017],[144.796579,-36.965526],[144.78046,-36.969592],[144.780462,-36.971262],[144.770979,-36.971248],[144.765999,-36.973619],[144.753457,-36.962981],[144.748522,-36.967758],[144.75062,-36.975328],[144.747853,-36.978071],[144.734027,-36.982132],[144.734555,-36.980016],[144.718856,-36.976198],[144.718272,-36.974701],[144.711461,-36.981433],[144.709351,-36.988642],[144.698571,-36.994197],[144.691442,-36.993174],[144.688213,-36.994553],[144.691326,-37.005701],[144.688443,-37.01097],[144.662268,-37.008665],[144.656718,-37.009958],[144.650479,-37.015244],[144.647258,-37.012658],[144.643697,-37.005433],[144.638471,-37.002252],[144.632214,-37.001994],[144.628053,-37.003925],[144.59707,-37.003953],[144.597027,-37.008402],[144.593676,-37.009943],[144.589105,-37.006505],[144.583588,-37.005683],[144.583449,-37.010084],[144.560365,-37.00995],[144.55607,-37.013979],[144.54537,-37.013141],[144.54119,-37.015833],[144.539718,-37.020317],[144.542327,-37.022633],[144.54006,-37.024714],[144.544029,-37.028205],[144.545225,-37.034246],[144.546868,-37.035764],[144.546572,-37.039606],[144.549181,-37.041599],[144.542878,-37.043332],[144.545026,-37.047082],[144.544887,-37.052829],[144.549157,-37.052253],[144.550576,-37.053737],[144.549654,-37.056411],[144.545545,-37.056763],[144.544353,-37.060218]]]}},{"type":"Feature","properties":{"code":"AU-LGA-24900","name":"Moira","label":"Moira","type":"Local government area","parentCode":"AU-VIC"},"geometry":{"type":"Polygon","coordinates":[[[144.829795,-36.10278],[144.832237,-36.104924],[144.834937,-36.102476],[144.841623,-36.101768],[144.842283,-36.105818],[144.845537,-36.109097],[144.848609,-36.109241],[144.849667,-36.107411],[144.846687,-36.106496],[144.848973,-36.102489],[144.852533,-36.106867],[144.852156,-36.103767],[144.857569,-36.103188],[144.858227,-36.101319],[144.857923,-36.098924],[144.856045,-36.098307],[144.849513,-36.099399],[144.851991,-36.095143],[144.849727,-36.093358],[144.854505,-36.092954],[144.852645,-36.090158],[144.860247,-36.089733],[144.861155,-36.084649],[144.861179,-36.087933],[144.8644,-36.087954],[144.867544,-36.092704],[144.869426,-36.09243],[144.868659,-36.08909],[144.870002,-36.088534],[144.874738,-36.090421],[144.874773,-36.094252],[144.882082,-36.089222],[144.883949,-36.092637],[144.889704,-36.093943],[144.895192,-36.092095],[144.891265,-36.088792],[144.890764,-36.085881],[144.892816,-36.085026],[144.894015,-36.087837],[144.896307,-36.088613],[144.897677,-36.085595],[144.896235,-36.083637],[144.896581,-36.079467],[144.899115,-36.079421],[144.899368,-36.08246],[144.90114,-36.083756],[144.901831,-36.079203],[144.903864,-36.077801],[144.905621,-36.084503],[144.909631,-36.083535],[144.911668,-36.086451],[144.914355,-36.086409],[144.914422,-36.088172],[144.918917,-36.088347],[144.916361,-36.091376],[144.918914,-36.092018],[144.920237,-36.094564],[144.925334,-36.092464],[144.924201,-36.098854],[144.930519,-36.100314],[144.926973,-36.105445],[144.93258,-36.104734],[144.931313,-36.109221],[144.936114,-36.109104],[144.939254,-36.113533],[144.942912,-36.109668],[144.952781,-36.113693],[144.956491,-36.108294],[144.960135,-36.106892],[144.961672,-36.109363],[144.967014,-36.110452],[144.963005,-36.112328],[144.966714,-36.11356],[144.963619,-36.116266],[144.966364,-36.116878],[144.969084,-36.120377],[144.974928,-36.119193],[144.97229,-36.12553],[144.976752,-36.124992],[144.981431,-36.127017],[144.979485,-36.123595],[144.984527,-36.125216],[144.983394,-36.121859],[144.986861,-36.120245],[144.986198,-36.118271],[144.989334,-36.114875],[144.995325,-36.114591],[144.992148,-36.117697],[144.994776,-36.119524],[144.993199,-36.123973],[144.996571,-36.124519],[144.99981,-36.128744],[145.003785,-36.128572],[145.003329,-36.130716],[144.998923,-36.133979],[145.001848,-36.13452],[145.001223,-36.139432],[145.003656,-36.139393],[145.003817,-36.136464],[145.011749,-36.138981],[145.009433,-36.141049],[145.012586,-36.145968],[145.007561,-36.146068],[145.006664,-36.150046],[145.008688,-36.151504],[145.009594,-36.147824],[145.01103,-36.147353],[145.010833,-36.15049],[145.014402,-36.152254],[145.010905,-36.155184],[145.015316,-36.161346],[145.017979,-36.161039],[145.015498,-36.157929],[145.016913,-36.15485],[145.019036,-36.155212],[145.02125,-36.158968],[145.023467,-36.159174],[145.021227,-36.154176],[145.027344,-36.154283],[145.026923,-36.14963],[145.02867,-36.148032],[145.031201,-36.152018],[145.030167,-36.155514],[145.032947,-36.154983],[145.032587,-36.152567],[145.036959,-36.151743],[145.035433,-36.155655],[145.039662,-36.154246],[145.038266,-36.157351],[145.039354,-36.158741],[145.040865,-36.158619],[145.041652,-36.154908],[145.042596,-36.157519],[145.044988,-36.156182],[145.046968,-36.157165],[145.045091,-36.16009],[145.046254,-36.161435],[145.054768,-36.164342],[145.056453,-36.162079],[145.057324,-36.164224],[145.060673,-36.164067],[145.060818,-36.170281],[145.062237,-36.171191],[145.063653,-36.17067],[145.063058,-36.16748],[145.067289,-36.169258],[145.070031,-36.165792],[145.077093,-36.164638],[145.077047,-36.16171],[145.079656,-36.16514],[145.081642,-36.165414],[145.082772,-36.162588],[145.086485,-36.161798],[145.088592,-36.158257],[145.091069,-36.157735],[145.091765,-36.159765],[145.089248,-36.161931],[145.091992,-36.161491],[145.095647,-36.165037],[145.100022,-36.163762],[145.101472,-36.167478],[145.106086,-36.169129],[145.108824,-36.166897],[145.111572,-36.166831],[145.113881,-36.170186],[145.112585,-36.172824],[145.114177,-36.176241],[145.117693,-36.176392],[145.121397,-36.179758],[145.124398,-36.17674],[145.127911,-36.183108],[145.132745,-36.178934],[145.127615,-36.17645],[145.132277,-36.174808],[145.130158,-36.170789],[145.132015,-36.170513],[145.132636,-36.172992],[145.135864,-36.175244],[145.136876,-36.17436],[145.135454,-36.172634],[145.138316,-36.171194],[145.135337,-36.168652],[145.138718,-36.166233],[145.129934,-36.161764],[145.130762,-36.160723],[145.134195,-36.161693],[145.132164,-36.157048],[145.134401,-36.155397],[145.135685,-36.157681],[145.137939,-36.154033],[145.140287,-36.159074],[145.14262,-36.155788],[145.144551,-36.15582],[145.14671,-36.159009],[145.145065,-36.160771],[145.146235,-36.162696],[145.147478,-36.160679],[145.151217,-36.160685],[145.15715,-36.15767],[145.158979,-36.158597],[145.158535,-36.160105],[145.165735,-36.160696],[145.164365,-36.163776],[145.166334,-36.16438],[145.165802,-36.16738],[145.172857,-36.165404],[145.16942,-36.168053],[145.170105,-36.169213],[145.172872,-36.167589],[145.175079,-36.16819],[145.172101,-36.169914],[145.172484,-36.17671],[145.176502,-36.181692],[145.178209,-36.180374],[145.180577,-36.181581],[145.182555,-36.184947],[145.184292,-36.18226],[145.18099,-36.178172],[145.190221,-36.179966],[145.193227,-36.179108],[145.195909,-36.17457],[145.194418,-36.173664],[145.190347,-36.175584],[145.187656,-36.174493],[145.190924,-36.171311],[145.189033,-36.165239],[145.197094,-36.166092],[145.19855,-36.164919],[145.197158,-36.1634],[145.192553,-36.163438],[145.19436,-36.158832],[145.200719,-36.157636],[145.195092,-36.161994],[145.2035,-36.161398],[145.204713,-36.167134],[145.208472,-36.167821],[145.209831,-36.166303],[145.20668,-36.164879],[145.212071,-36.158668],[145.214772,-36.159446],[145.212718,-36.161495],[145.216359,-36.165598],[145.218828,-36.164703],[145.220741,-36.160523],[145.227578,-36.158597],[145.230001,-36.159529],[145.230007,-36.161219],[145.226099,-36.160678],[145.221271,-36.162795],[145.223589,-36.165224],[145.222111,-36.168207],[145.223025,-36.170454],[145.22447,-36.170567],[145.229035,-36.16483],[145.230791,-36.165293],[145.22777,-36.168758],[145.22937,-36.170879],[145.233341,-36.164673],[145.237658,-36.164595],[145.23774,-36.166185],[145.232082,-36.167778],[145.232137,-36.169239],[145.23495,-36.169666],[145.234772,-36.175665],[145.237365,-36.177505],[145.236464,-36.173746],[145.239965,-36.171627],[145.240429,-36.178771],[145.243399,-36.18023],[145.243385,-36.176396],[145.245445,-36.175703],[145.246059,-36.179001],[145.249082,-36.180922],[145.24869,-36.187546],[145.252462,-36.184336],[145.255677,-36.184218],[145.255227,-36.186158],[145.25198,-36.187726],[145.25347,-36.190189],[145.251604,-36.191932],[145.254747,-36.193662],[145.258151,-36.192706],[145.256975,-36.195867],[145.259901,-36.196833],[145.260265,-36.199312],[145.631607,-36.199166],[145.631526,-36.299062],[146.030944,-36.298996],[146.031204,-36.26543],[146.036909,-36.25505],[146.131431,-36.255109],[146.131058,-36.186778],[146.223627,-36.186862],[146.224476,-36.185489],[146.220895,-36.185432],[146.220929,-36.182955],[146.234061,-36.182984],[146.233148,-36.188296],[146.235763,-36.188192],[146.236682,-36.190545],[146.236153,-36.187308],[146.238953,-36.18139],[146.244519,-36.182017],[146.241925,-36.179677],[146.246553,-36.176872],[146.242759,-36.170113],[146.245189,-36.167433],[146.23984,-36.168674],[146.238972,-36.17162],[146.237577,-36.169338],[146.236235,-36.171279],[146.233439,-36.169828],[146.230358,-36.170422],[146.228853,-36.167102],[146.231783,-36.166684],[146.232079,-36.165056],[146.233428,-36.166785],[146.236252,-36.164878],[146.235748,-36.162722],[146.237358,-36.160404],[146.235718,-36.159026],[146.238243,-36.157677],[146.235487,-36.157113],[146.237206,-36.154905],[146.234936,-36.154077],[146.2397,-36.151777],[146.238801,-36.149115],[146.236906,-36.149721],[146.236531,-36.146943],[146.237314,-36.146106],[146.239752,-36.148721],[146.240848,-36.148169],[146.240201,-36.143592],[146.237155,-36.142347],[146.238667,-36.139314],[146.242409,-36.141405],[146.243531,-36.13907],[146.23874,-36.135754],[146.241322,-36.13325],[146.235798,-36.128489],[146.230003,-36.128663],[146.228286,-36.131692],[146.218692,-36.127593],[146.204535,-36.125757],[146.206822,-36.119121],[146.205985,-36.112737],[146.209359,-36.112083],[146.210206,-36.115382],[146.21585,-36.114505],[146.215648,-36.111052],[146.213338,-36.109177],[146.216511,-36.107821],[146.216401,-36.106545],[146.212067,-36.107259],[146.211148,-36.105834],[146.209386,-36.106821],[146.208098,-36.10503],[146.204842,-36.105257],[146.206734,-36.102919],[146.210678,-36.102875],[146.209422,-36.099415],[146.212665,-36.098321],[146.209915,-36.096986],[146.21229,-36.096505],[146.215134,-36.098517],[146.216453,-36.09732],[146.214776,-36.092089],[146.213111,-36.094061],[146.210052,-36.091873],[146.213027,-36.091432],[146.21524,-36.089029],[146.204494,-36.085248],[146.196676,-36.085582],[146.196233,-36.084169],[146.1996,-36.083163],[146.201622,-36.080323],[146.200683,-36.075814],[146.202245,-36.072308],[146.200716,-36.071359],[146.202879,-36.070446],[146.19961,-36.066811],[146.200461,-36.064498],[146.196184,-36.060063],[146.199205,-36.046969],[146.196607,-36.043905],[146.193494,-36.044764],[146.192153,-36.04753],[146.185523,-36.045576],[146.181648,-36.049326],[146.181705,-36.051199],[146.178482,-36.050782],[146.175174,-36.040497],[146.178348,-36.02887],[146.173411,-36.019407],[146.163147,-36.024236],[146.160221,-36.024105],[146.156789,-36.021322],[146.155696,-36.024917],[146.153628,-36.024949],[146.146384,-36.020432],[146.145536,-36.013755],[146.141,-36.017011],[146.131536,-36.019527],[146.131159,-36.017314],[146.133095,-36.014577],[146.131696,-36.010528],[146.140655,-36.008941],[146.134767,-36.002534],[146.131226,-36.003723],[146.128787,-36.009135],[146.125242,-36.010077],[146.124472,-36.014289],[146.119331,-36.014065],[146.119892,-36.017418],[146.118724,-36.018001],[146.107684,-36.014355],[146.107589,-36.012017],[146.112331,-36.009022],[146.112384,-36.006798],[146.105474,-36.007902],[146.100777,-36.013042],[146.091476,-36.009464],[146.089555,-36.010679],[146.089587,-36.013144],[146.09664,-36.017284],[146.095546,-36.02028],[146.092205,-36.021253],[146.088758,-36.018838],[146.075645,-36.018164],[146.073556,-36.009624],[146.071532,-36.009813],[146.073392,-36.012634],[146.071386,-36.015643],[146.059301,-36.014535],[146.057307,-36.011674],[146.056369,-35.999231],[146.052352,-35.995452],[146.051287,-36.002111],[146.048427,-36.003145],[146.043538,-35.999694],[146.039074,-36.001793],[146.032193,-35.994698],[146.020388,-36.000582],[146.016149,-36.006949],[146.005872,-36.003556],[146.001824,-36.008248],[145.989455,-36.013006],[145.984632,-36.012721],[145.97746,-36.009331],[145.975304,-36.011026],[145.974303,-36.015113],[145.972076,-36.015734],[145.969346,-36.013195],[145.97348,-36.008407],[145.97132,-36.005639],[145.967777,-36.005825],[145.962194,-36.009356],[145.958342,-36.00696],[145.958446,-36.004148],[145.964824,-35.996757],[145.952522,-35.992477],[145.951733,-35.98345],[145.947953,-35.985066],[145.94575,-35.983796],[145.945997,-35.979132],[145.950084,-35.978848],[145.951077,-35.976613],[145.948647,-35.972169],[145.944696,-35.969528],[145.944177,-35.966861],[145.947331,-35.964884],[145.954212,-35.964761],[145.954982,-35.962802],[145.953722,-35.961542],[145.94608,-35.961321],[145.93906,-35.96833],[145.935741,-35.969604],[145.934631,-35.972679],[145.927401,-35.973816],[145.924976,-35.9709],[145.92826,-35.966956],[145.925827,-35.96455],[145.914896,-35.964529],[145.915078,-35.968778],[145.913821,-35.969549],[145.90609,-35.963249],[145.904777,-35.964484],[145.904969,-35.968993],[145.902939,-35.968843],[145.900144,-35.964439],[145.900762,-35.961516],[145.908799,-35.95839],[145.910321,-35.955948],[145.908013,-35.953552],[145.902699,-35.952483],[145.894432,-35.953236],[145.889994,-35.957309],[145.885274,-35.955345],[145.880547,-35.957753],[145.876371,-35.955331],[145.870432,-35.955484],[145.860601,-35.960526],[145.854048,-35.959914],[145.85261,-35.961617],[145.853671,-35.965923],[145.847914,-35.968429],[145.859319,-35.971552],[145.858003,-35.975272],[145.853808,-35.976596],[145.848279,-35.97295],[145.845888,-35.973303],[145.844445,-35.975022],[145.848557,-35.978547],[145.848595,-35.980886],[145.840299,-35.983223],[145.836083,-35.982101],[145.835819,-35.976837],[145.827554,-35.975425],[145.82445,-35.979301],[145.828751,-35.980186],[145.828258,-35.982969],[145.824591,-35.984691],[145.818201,-35.982301],[145.811359,-35.984089],[145.811481,-35.985504],[145.816679,-35.988396],[145.8146,-35.991257],[145.810041,-35.991354],[145.806738,-35.988542],[145.807986,-35.983749],[145.793451,-35.982804],[145.792738,-35.972788],[145.78803,-35.975238],[145.784558,-35.971976],[145.776889,-35.972428],[145.781395,-35.963778],[145.778217,-35.96023],[145.768319,-35.963074],[145.766111,-35.966675],[145.764255,-35.965912],[145.762964,-35.961436],[145.757903,-35.958075],[145.754176,-35.961337],[145.746115,-35.964225],[145.743517,-35.962305],[145.744322,-35.959122],[145.73379,-35.960336],[145.730715,-35.958477],[145.731952,-35.956035],[145.736806,-35.954806],[145.734145,-35.951289],[145.730035,-35.951074],[145.724765,-35.954083],[145.721458,-35.951506],[145.716771,-35.950581],[145.715674,-35.947793],[145.717293,-35.945034],[145.721078,-35.944091],[145.726463,-35.946339],[145.726307,-35.942299],[145.72028,-35.934436],[145.71787,-35.936773],[145.714424,-35.937376],[145.706696,-35.932037],[145.700308,-35.936954],[145.697333,-35.936489],[145.696176,-35.934069],[145.697652,-35.929911],[145.695769,-35.925779],[145.697715,-35.924728],[145.702148,-35.926768],[145.703274,-35.925689],[145.698187,-35.920964],[145.695145,-35.92058],[145.68732,-35.92392],[145.686251,-35.925586],[145.687679,-35.929045],[145.685857,-35.930603],[145.682046,-35.929831],[145.678338,-35.926166],[145.673871,-35.92588],[145.673511,-35.923165],[145.678805,-35.919428],[145.679059,-35.916816],[145.669127,-35.919573],[145.668563,-35.912878],[145.661534,-35.912403],[145.657454,-35.900673],[145.651189,-35.899675],[145.64729,-35.893076],[145.643107,-35.894733],[145.639736,-35.894226],[145.636785,-35.889297],[145.631743,-35.888059],[145.629576,-35.880092],[145.627305,-35.879879],[145.623429,-35.88452],[145.620327,-35.883872],[145.620909,-35.880344],[145.62814,-35.875396],[145.623018,-35.873057],[145.617127,-35.875505],[145.614863,-35.872558],[145.619154,-35.869127],[145.628327,-35.867762],[145.628629,-35.865647],[145.626353,-35.862745],[145.615994,-35.864862],[145.609653,-35.870298],[145.601754,-35.867844],[145.601657,-35.870232],[145.605437,-35.87445],[145.601141,-35.874995],[145.595475,-35.869691],[145.598035,-35.861444],[145.588701,-35.862552],[145.586797,-35.861232],[145.588155,-35.857723],[145.592469,-35.855501],[145.593237,-35.849064],[145.581569,-35.848242],[145.574669,-35.837783],[145.570995,-35.837118],[145.568507,-35.833843],[145.564017,-35.834177],[145.563709,-35.831622],[145.567083,-35.828687],[145.566846,-35.826484],[145.564212,-35.82584],[145.561112,-35.828309],[145.558003,-35.828217],[145.557327,-35.825775],[145.559896,-35.822678],[145.557065,-35.818848],[145.562948,-35.816142],[145.562841,-35.813436],[145.554253,-35.814649],[145.546747,-35.812881],[145.542425,-35.821637],[145.53877,-35.8218],[145.536679,-35.819899],[145.536549,-35.817364],[145.541895,-35.808892],[145.535246,-35.808171],[145.533872,-35.805819],[145.535592,-35.801972],[145.526799,-35.807076],[145.528156,-35.811519],[145.523675,-35.813826],[145.523461,-35.815816],[145.525332,-35.816975],[145.52166,-35.818642],[145.513256,-35.815834],[145.511647,-35.811901],[145.506762,-35.812084],[145.502562,-35.809435],[145.500314,-35.810326],[145.495549,-35.808997],[145.494307,-35.813969],[145.491983,-35.815063],[145.487659,-35.812529],[145.482216,-35.813462],[145.47795,-35.81083],[145.474545,-35.812374],[145.472134,-35.809217],[145.471528,-35.811309],[145.467826,-35.813616],[145.469097,-35.818162],[145.464036,-35.821886],[145.464408,-35.825101],[145.462532,-35.826856],[145.456785,-35.825976],[145.453399,-35.821397],[145.450664,-35.821405],[145.447961,-35.826664],[145.44814,-35.830413],[145.441799,-35.835646],[145.439031,-35.834708],[145.436362,-35.829711],[145.429157,-35.834431],[145.426897,-35.832907],[145.425474,-35.828915],[145.41988,-35.828161],[145.417688,-35.831041],[145.413635,-35.831335],[145.416413,-35.834232],[145.420679,-35.83552],[145.420483,-35.837271],[145.41552,-35.837735],[145.411248,-35.835452],[145.409727,-35.836549],[145.411113,-35.839967],[145.409918,-35.843415],[145.411952,-35.846398],[145.41049,-35.848685],[145.40483,-35.850866],[145.387156,-35.850129],[145.379973,-35.854998],[145.377038,-35.858924],[145.369448,-35.858331],[145.360958,-35.861087],[145.358826,-35.865403],[145.355183,-35.867071],[145.352402,-35.865782],[145.350072,-35.860447],[145.341491,-35.862372],[145.333234,-35.854915],[145.327479,-35.853606],[145.324459,-35.850673],[145.318226,-35.854949],[145.312196,-35.85567],[145.309046,-35.860452],[145.301677,-35.858468],[145.296548,-35.860553],[145.29274,-35.857961],[145.292663,-35.853809],[145.28402,-35.856455],[145.283053,-35.854771],[145.285024,-35.850641],[145.278666,-35.853343],[145.277236,-35.849168],[145.272705,-35.84519],[145.270566,-35.845918],[145.26708,-35.852433],[145.262028,-35.849892],[145.258359,-35.85063],[145.258054,-35.84802],[145.264188,-35.84223],[145.259652,-35.839428],[145.260722,-35.835413],[145.252964,-35.835007],[145.246184,-35.830308],[145.240496,-35.833659],[145.236922,-35.832415],[145.235273,-35.829669],[145.229142,-35.833334],[145.225035,-35.832171],[145.223065,-35.835746],[145.2201,-35.836699],[145.224371,-35.839586],[145.22279,-35.842438],[145.215931,-35.84141],[145.217142,-35.83763],[145.215228,-35.836235],[145.212289,-35.835837],[145.207385,-35.83796],[145.197813,-35.834786],[145.193395,-35.837624],[145.189813,-35.834255],[145.182637,-35.835239],[145.182354,-35.84077],[145.181019,-35.842013],[145.171758,-35.838705],[145.168091,-35.842532],[145.153645,-35.843067],[145.153053,-35.841126],[145.157508,-35.838095],[145.158811,-35.830766],[145.154895,-35.83019],[145.147816,-35.833528],[145.139585,-35.828526],[145.138729,-35.833106],[145.136642,-35.834258],[145.134343,-35.832031],[145.134039,-35.827371],[145.13056,-35.828151],[145.128633,-35.826852],[145.127985,-35.820806],[145.126088,-35.822794],[145.127425,-35.828576],[145.125914,-35.82979],[145.123327,-35.828703],[145.121533,-35.820562],[145.115687,-35.825985],[145.114035,-35.82515],[145.115531,-35.821542],[145.114231,-35.820518],[145.103991,-35.82854],[145.102016,-35.828472],[145.099584,-35.825684],[145.092195,-35.835892],[145.089171,-35.83114],[145.093385,-35.827757],[145.090004,-35.825444],[145.084528,-35.828003],[145.07743,-35.827395],[145.077984,-35.830544],[145.076486,-35.831809],[145.075221,-35.830807],[145.075497,-35.827252],[145.074126,-35.826719],[145.071832,-35.833217],[145.061061,-35.837296],[145.053851,-35.835159],[145.054397,-35.837701],[145.050868,-35.838725],[145.049393,-35.836984],[145.051637,-35.834076],[145.049571,-35.833709],[145.040982,-35.841641],[145.039351,-35.84105],[145.038805,-35.838359],[145.03701,-35.842154],[145.037822,-35.845177],[145.036197,-35.846945],[145.029909,-35.849553],[145.024583,-35.847117],[145.022769,-35.853505],[145.019159,-35.856594],[145.013203,-35.857655],[145.006975,-35.856231],[145.000585,-35.849317],[144.999865,-35.85483],[144.993278,-35.852205],[144.991995,-35.852601],[144.993887,-35.854214],[144.993186,-35.856023],[144.991263,-35.856385],[144.989732,-35.854676],[144.991285,-35.859037],[144.984993,-35.857504],[144.981996,-35.859921],[144.97935,-35.858342],[144.975097,-35.860891],[144.970937,-35.860958],[144.970916,-35.863385],[144.968185,-35.865829],[144.9697,-35.867865],[144.968961,-35.871104],[144.972461,-35.8745],[144.969682,-35.878513],[144.974961,-35.883832],[144.972725,-35.888329],[144.964751,-35.89589],[144.967269,-35.901076],[144.966985,-35.905177],[144.964954,-35.905612],[144.961913,-35.911505],[144.958668,-35.9115],[144.952804,-35.916623],[144.952929,-35.921212],[144.948923,-35.931589],[144.951505,-35.935138],[144.950472,-35.941964],[144.955275,-35.946445],[144.953996,-35.952482],[144.957461,-35.957816],[144.957429,-35.960885],[144.955034,-35.962504],[144.944912,-35.963298],[144.941537,-35.966774],[144.936686,-35.966184],[144.931011,-35.968457],[144.9259,-35.974667],[144.923622,-35.988938],[144.929701,-35.990585],[144.936227,-35.999529],[144.945765,-36.004299],[144.947167,-36.007983],[144.945505,-36.012173],[144.954163,-36.016314],[144.954576,-36.018809],[144.957669,-36.019772],[144.961719,-36.018047],[144.962323,-36.0269],[144.966562,-36.029902],[144.965524,-36.037465],[144.967814,-36.042065],[144.983099,-36.049418],[144.983923,-36.054543],[144.985938,-36.056497],[144.986883,-36.064283],[144.980649,-36.073156],[144.976094,-36.073683],[144.9739,-36.076115],[144.965225,-36.079231],[144.954211,-36.079188],[144.95211,-36.082235],[144.949515,-36.082957],[144.936466,-36.075792],[144.938217,-36.072928],[144.937717,-36.069972],[144.933977,-36.069079],[144.93262,-36.067036],[144.913508,-36.063009],[144.908541,-36.064031],[144.903873,-36.060858],[144.901613,-36.063613],[144.897982,-36.062368],[144.889056,-36.063626],[144.875018,-36.057636],[144.863265,-36.05914],[144.864337,-36.065505],[144.863555,-36.068537],[144.860617,-36.069197],[144.861492,-36.071719],[144.859659,-36.071785],[144.857603,-36.068972],[144.860547,-36.066447],[144.856318,-36.065614],[144.85388,-36.069509],[144.85648,-36.07354],[144.852593,-36.073957],[144.849571,-36.07119],[144.847183,-36.072868],[144.850616,-36.081322],[144.84654,-36.08096],[144.844949,-36.083113],[144.841966,-36.08296],[144.841568,-36.086937],[144.843921,-36.092262],[144.839797,-36.094414],[144.843148,-36.095754],[144.842624,-36.099873],[144.839321,-36.100462],[144.835533,-36.098447],[144.829795,-36.10278]]]}},{"type":"Feature","properties":{"code":"AU-LGA-24970","name":"Monash","label":"Monash","type":"Local government area","parentCode":"AU-VIC"},"geometry":{"type":"Polygon","coordinates":[[[145.219164,-37.940135],[145.220131,-37.938861],[145.218328,-37.936752],[145.211201,-37.935702],[145.209447,-37.933949],[145.210445,-37.933529],[145.20642,-37.931149],[145.205295,-37.922442],[145.202778,-37.919184],[145.205869,-37.910552],[145.205208,-37.905332],[145.203372,-37.903317],[145.207354,-37.901547],[145.208347,-37.899035],[145.206894,-37.896622],[145.201748,-37.895468],[145.199168,-37.892095],[145.200264,-37.891365],[145.19504,-37.887318],[145.195343,-37.883237],[145.190873,-37.88057],[145.192665,-37.875708],[145.191817,-37.87445],[145.193405,-37.874223],[145.192177,-37.871627],[145.19571,-37.865163],[145.095117,-37.853336],[145.088232,-37.892963],[145.084114,-37.891794],[145.078188,-37.887138],[145.074173,-37.908127],[145.085241,-37.909494],[145.082482,-37.923985],[145.141618,-37.931361],[145.143375,-37.924548],[145.156734,-37.933133],[145.219164,-37.940135]]]}},{"type":"Feature","properties":{"code":"AU-LGA-25060","name":"Moonee Valley","label":"Moonee Valley","type":"Local government area","parentCode":"AU-VIC"},"geometry":{"type":"Polygon","coordinates":[[[144.888466,-37.710772],[144.870387,-37.72131],[144.846141,-37.747339],[144.849598,-37.75459],[144.848361,-37.759885],[144.853876,-37.762465],[144.854098,-37.765366],[144.851098,-37.768815],[144.85223,-37.772799],[144.860664,-37.776128],[144.865132,-37.772291],[144.872633,-37.772335],[144.874424,-37.769064],[144.870604,-37.766059],[144.872697,-37.761924],[144.881323,-37.756174],[144.884672,-37.755893],[144.885686,-37.756566],[144.884753,-37.761496],[144.889498,-37.762085],[144.893725,-37.765727],[144.899157,-37.764619],[144.901778,-37.765624],[144.902105,-37.76942],[144.895855,-37.773246],[144.897721,-37.780351],[144.90399,-37.784569],[144.902718,-37.789642],[144.906341,-37.787386],[144.908238,-37.782518],[144.913592,-37.779377],[144.921315,-37.787445],[144.938206,-37.788967],[144.940368,-37.787606],[144.936567,-37.776076],[144.938448,-37.771545],[144.935228,-37.770605],[144.937871,-37.768606],[144.938414,-37.760911],[144.934236,-37.76054],[144.933004,-37.758852],[144.934905,-37.753223],[144.930552,-37.753649],[144.926725,-37.751449],[144.92921,-37.747584],[144.928558,-37.7457],[144.934734,-37.743909],[144.930116,-37.740173],[144.928254,-37.734795],[144.924324,-37.732388],[144.924762,-37.728971],[144.922552,-37.728819],[144.918219,-37.724126],[144.914594,-37.723805],[144.912471,-37.720913],[144.910603,-37.721906],[144.909365,-37.717361],[144.905623,-37.717237],[144.904617,-37.715745],[144.902318,-37.716677],[144.902996,-37.714424],[144.89822,-37.709184],[144.888466,-37.710772]]]}},{"type":"Feature","properties":{"code":"AU-LGA-25150","name":"Moorabool","label":"Moorabool","type":"Local government area","parentCode":"AU-VIC"},"geometry":{"type":"Polygon","coordinates":[[[143.882699,-37.714203],[143.886207,-37.714787],[143.887698,-37.713219],[143.893038,-37.720704],[143.898591,-37.723768],[143.895352,-37.725329],[143.892793,-37.724358],[143.89595,-37.729028],[143.892878,-37.728104],[143.892171,-37.732968],[143.895984,-37.733444],[143.894441,-37.737264],[143.896068,-37.739231],[143.895043,-37.740843],[143.897736,-37.743239],[143.895331,-37.744605],[143.902251,-37.748895],[143.903416,-37.751681],[143.901779,-37.753137],[143.898323,-37.751514],[143.896502,-37.75275],[143.89731,-37.759277],[143.899817,-37.759687],[143.897877,-37.760567],[143.896266,-37.765938],[143.901706,-37.765476],[143.901124,-37.767808],[143.897884,-37.767885],[143.893548,-37.774829],[143.887803,-37.773067],[143.883162,-37.774085],[143.883467,-37.778076],[143.890475,-37.781542],[143.891954,-37.784774],[143.893585,-37.783846],[143.894346,-37.785235],[143.892579,-37.787282],[143.899238,-37.792225],[143.900247,-37.790942],[143.898601,-37.785838],[143.900205,-37.783434],[143.902209,-37.786314],[143.906751,-37.787602],[143.912829,-37.794336],[143.916342,-37.792527],[143.91628,-37.797245],[143.913618,-37.800214],[143.919463,-37.803531],[143.920692,-37.806784],[143.91899,-37.810797],[143.929749,-37.815329],[143.939213,-37.815372],[143.93922,-37.823644],[143.958613,-37.823253],[143.958068,-37.827438],[143.979293,-37.827613],[143.989335,-37.822727],[144.017501,-37.822689],[144.049693,-37.826202],[144.054596,-37.832282],[144.060218,-37.795757],[144.122285,-37.802987],[144.122825,-37.798705],[144.129394,-37.797522],[144.218279,-37.806992],[144.216909,-37.809569],[144.232507,-37.811278],[144.233496,-37.80905],[144.238442,-37.809479],[144.238093,-37.811459],[144.247064,-37.812577],[144.248109,-37.80965],[144.263616,-37.811646],[144.265164,-37.815954],[144.296022,-37.819552],[144.294255,-37.828915],[144.301158,-37.830699],[144.300529,-37.831979],[144.302931,-37.835195],[144.3052,-37.83487],[144.305216,-37.836557],[144.311497,-37.837045],[144.312876,-37.835821],[144.316581,-37.840058],[144.321707,-37.841206],[144.321013,-37.842747],[144.322836,-37.8447],[144.326916,-37.843822],[144.33169,-37.846265],[144.334633,-37.845077],[144.334623,-37.843531],[144.337464,-37.843088],[144.340668,-37.844912],[144.343011,-37.843035],[144.342896,-37.844979],[144.34505,-37.845311],[144.346976,-37.841903],[144.35236,-37.843493],[144.353313,-37.845291],[144.354944,-37.843085],[144.361994,-37.810816],[144.399125,-37.815219],[144.406363,-37.800921],[144.406575,-37.804478],[144.404503,-37.805118],[144.405525,-37.807387],[144.407643,-37.809192],[144.416018,-37.809604],[144.416898,-37.814445],[144.414817,-37.816536],[144.417331,-37.819521],[144.421059,-37.82034],[144.419919,-37.822852],[144.420952,-37.825079],[144.417947,-37.826925],[144.419995,-37.829371],[144.420049,-37.832365],[144.423006,-37.833891],[144.421815,-37.846574],[144.42802,-37.851936],[144.43019,-37.857972],[144.434118,-37.854687],[144.441772,-37.860365],[144.442177,-37.863225],[144.444067,-37.864021],[144.448991,-37.837048],[144.46685,-37.839082],[144.490589,-37.705685],[144.495649,-37.704358],[144.498944,-37.707919],[144.502072,-37.708508],[144.519311,-37.706352],[144.517304,-37.699423],[144.514554,-37.697668],[144.517918,-37.692341],[144.514559,-37.686288],[144.516358,-37.684774],[144.514045,-37.684516],[144.512089,-37.67752],[144.514199,-37.677218],[144.512074,-37.67559],[144.515271,-37.672676],[144.517308,-37.674475],[144.518474,-37.672757],[144.515941,-37.671758],[144.518612,-37.670276],[144.515287,-37.668256],[144.518055,-37.666889],[144.52025,-37.66812],[144.519203,-37.666155],[144.521128,-37.665925],[144.519027,-37.664564],[144.518747,-37.662581],[144.52067,-37.660801],[144.518374,-37.658158],[144.519437,-37.657102],[144.517266,-37.650665],[144.519336,-37.648325],[144.516692,-37.647043],[144.517785,-37.643803],[144.516729,-37.642927],[144.518939,-37.641987],[144.519431,-37.638888],[144.520954,-37.639859],[144.519046,-37.635693],[144.519818,-37.62958],[144.521654,-37.629223],[144.519286,-37.627937],[144.527294,-37.618318],[144.526495,-37.616847],[144.527913,-37.614132],[144.523964,-37.609567],[144.52571,-37.608175],[144.523844,-37.607678],[144.524575,-37.605765],[144.522699,-37.604586],[144.525797,-37.600922],[144.52832,-37.601926],[144.527549,-37.598238],[144.529829,-37.595104],[144.532602,-37.594182],[144.534246,-37.591574],[144.533449,-37.59023],[144.536395,-37.589422],[144.534351,-37.588391],[144.53861,-37.58367],[144.537881,-37.57641],[144.539125,-37.574286],[144.542413,-37.573823],[144.551376,-37.561114],[144.556231,-37.558887],[144.483704,-37.550808],[144.483965,-37.549447],[144.459212,-37.546381],[144.459828,-37.545182],[144.457685,-37.544573],[144.461836,-37.538295],[144.464211,-37.538447],[144.463455,-37.536615],[144.465758,-37.536679],[144.462941,-37.532878],[144.462891,-37.529375],[144.466857,-37.526171],[144.469119,-37.52123],[144.468251,-37.51682],[144.469895,-37.507572],[144.459321,-37.497088],[144.469673,-37.439107],[144.472425,-37.431545],[144.470474,-37.428783],[144.467567,-37.427915],[144.46523,-37.429055],[144.464146,-37.436828],[144.46175,-37.436056],[144.457684,-37.438994],[144.450209,-37.450637],[144.446542,-37.448331],[144.4442,-37.450186],[144.433304,-37.450377],[144.429763,-37.456901],[144.426402,-37.458868],[144.418554,-37.453594],[144.418546,-37.448828],[144.41694,-37.446614],[144.347283,-37.432124],[144.347313,-37.428641],[144.342376,-37.428052],[144.342711,-37.426142],[144.341114,-37.426019],[144.342062,-37.420585],[144.343239,-37.421165],[144.345723,-37.417916],[144.338606,-37.413294],[144.334879,-37.408865],[144.327623,-37.410185],[144.326512,-37.40636],[144.321458,-37.406289],[144.317679,-37.402505],[144.315932,-37.405442],[144.316685,-37.408791],[144.315503,-37.408575],[144.311793,-37.415595],[144.300477,-37.425182],[144.299937,-37.428035],[144.295108,-37.42897],[144.298051,-37.43599],[144.294731,-37.434351],[144.295363,-37.435825],[144.29126,-37.436937],[144.290376,-37.435217],[144.283543,-37.434467],[144.268705,-37.427577],[144.250759,-37.428684],[144.234678,-37.416515],[144.227032,-37.416098],[144.22562,-37.423454],[144.198111,-37.420116],[144.201029,-37.409329],[144.196302,-37.40882],[144.196116,-37.410349],[144.192797,-37.410904],[144.188767,-37.414735],[144.17398,-37.418049],[144.171715,-37.417292],[144.168164,-37.420379],[144.165145,-37.418333],[144.159376,-37.418546],[144.155667,-37.420989],[144.147992,-37.419912],[144.145444,-37.422595],[144.142054,-37.422096],[144.138885,-37.426958],[144.133973,-37.428405],[144.132847,-37.430161],[144.12604,-37.429471],[144.125843,-37.430797],[144.107234,-37.4286],[144.111478,-37.43392],[144.107,-37.436751],[144.106884,-37.440223],[144.103144,-37.441492],[144.101042,-37.445854],[144.090675,-37.444248],[144.087144,-37.445827],[144.087793,-37.451773],[144.083566,-37.450317],[144.082098,-37.457641],[144.078656,-37.462638],[144.072365,-37.46343],[144.062921,-37.468878],[144.061299,-37.4685],[144.061745,-37.466383],[144.059086,-37.465987],[144.058653,-37.468122],[144.056174,-37.467744],[144.055158,-37.470033],[144.042354,-37.463795],[144.038583,-37.485599],[144.03703,-37.486272],[144.021441,-37.486466],[144.023637,-37.483875],[143.990044,-37.479407],[143.988574,-37.477619],[143.98588,-37.477322],[143.986706,-37.479742],[143.937886,-37.474189],[143.934783,-37.490888],[143.936107,-37.495425],[143.932409,-37.5143],[143.934188,-37.524471],[143.931518,-37.52892],[143.931939,-37.534877],[143.950269,-37.549463],[143.950702,-37.559848],[143.941305,-37.562165],[143.941684,-37.572594],[143.936534,-37.569981],[143.936669,-37.575062],[143.93201,-37.575134],[143.929433,-37.577457],[143.9219,-37.575886],[143.91866,-37.579721],[143.914576,-37.579465],[143.916093,-37.583651],[143.904801,-37.582382],[143.902579,-37.59698],[143.898065,-37.59647],[143.895842,-37.607541],[143.899033,-37.616539],[143.909671,-37.621637],[143.91335,-37.626751],[143.91319,-37.635339],[143.915197,-37.638427],[143.914535,-37.645103],[143.918239,-37.648047],[143.935867,-37.650559],[143.927016,-37.658284],[143.913873,-37.660256],[143.923091,-37.668975],[143.948735,-37.673297],[143.944149,-37.694087],[143.939567,-37.696602],[143.938239,-37.709169],[143.925753,-37.710962],[143.919634,-37.709951],[143.91586,-37.712856],[143.902526,-37.71327],[143.898111,-37.715973],[143.894402,-37.714855],[143.892551,-37.712241],[143.883016,-37.712993],[143.882699,-37.714203]]]}},{"type":"Feature","properties":{"code":"AU-LGA-25340","name":"Mornington Peninsula","label":"Mornington Peninsula","type":"Local government area","parentCode":"AU-VIC"},"geometry":{"type":"MultiPolygon","coordinates":[[[[144.888295,-38.502597],[144.888052,-38.502953],[144.888603,-38.502748],[144.888295,-38.502597]]],[[[144.888792,-38.500454],[144.889544,-38.500803],[144.88972,-38.500075],[144.888792,-38.500454]]],[[[144.885813,-38.495187],[144.885943,-38.495066],[144.885685,-38.495087],[144.885813,-38.495187]]],[[[144.885788,-38.494721],[144.886041,-38.494537],[144.885771,-38.49456],[144.885788,-38.494721]]],[[[144.739884,-38.35607],[144.740122,-38.355734],[144.739878,-38.355853],[144.739884,-38.35607]]],[[[144.740429,-38.355956],[144.741091,-38.355859],[144.740699,-38.355773],[144.740429,-38.355956]]],[[[144.886001,-38.497407],[144.886148,-38.497212],[144.885839,-38.497337],[144.886001,-38.497407]]],[[[144.885684,-38.496984],[144.885758,-38.496855],[144.885572,-38.496902],[144.885684,-38.496984]]],[[[144.885557,-38.495712],[144.885608,-38.495571],[144.8854,-38.495592],[144.885557,-38.495712]]],[[[144.787567,-38.393594],[144.787828,-38.393609],[144.787819,-38.393374],[144.787567,-38.393594]]],[[[144.740302,-38.358529],[144.740305,-38.358344],[144.740189,-38.358444],[144.740302,-38.358529]]],[[[144.885138,-38.496366],[144.885303,-38.495992],[144.884749,-38.495935],[144.885138,-38.496366]]],[[[144.8845,-38.495959],[144.884797,-38.495631],[144.88451,-38.49566],[144.8845,-38.495959]]],[[[144.740137,-38.357274],[144.740391,-38.357144],[144.740079,-38.357022],[144.740137,-38.357274]]],[[[144.740753,-38.358346],[144.740695,-38.358144],[144.740499,-38.358197],[144.740753,-38.358346]]],[[[144.731416,-38.350237],[144.731365,-38.350386],[144.73146,-38.350363],[144.731416,-38.350237]]],[[[144.734035,-38.352525],[144.734362,-38.352239],[144.734129,-38.35229],[144.734035,-38.352525]]],[[[144.73608,-38.354533],[144.736269,-38.354361],[144.736109,-38.354274],[144.73608,-38.354533]]],[[[144.906784,-38.493573],[144.907332,-38.493722],[144.907436,-38.49336],[144.906784,-38.493573]]],[[[144.906133,-38.493413],[144.906905,-38.492954],[144.906245,-38.493115],[144.906133,-38.493413]]],[[[144.907247,-38.492922],[144.906968,-38.492799],[144.907418,-38.493143],[144.907247,-38.492922]]],[[[144.894375,-38.493583],[144.894489,-38.493291],[144.894311,-38.49325],[144.894375,-38.493583]]],[[[145.254226,-38.223597],[145.229944,-38.220584],[145.215453,-38.208716],[145.215773,-38.200639],[145.181822,-38.199051],[145.159068,-38.181558],[145.152393,-38.194466],[145.148001,-38.19406],[145.139668,-38.197264],[145.13354,-38.195655],[145.128758,-38.200074],[145.102079,-38.165912],[145.100401,-38.166597],[145.097911,-38.162391],[145.093469,-38.164203],[145.091205,-38.162607],[145.088293,-38.163542],[145.084034,-38.171016],[145.078298,-38.173869],[145.07838,-38.175537],[145.073963,-38.180268],[145.071285,-38.18874],[145.061694,-38.201188],[145.044958,-38.213392],[145.035426,-38.214927],[145.034031,-38.214561],[145.03388,-38.212116],[145.032426,-38.21266],[145.033543,-38.216968],[145.0318,-38.218525],[145.031698,-38.22356],[145.028914,-38.226397],[145.025508,-38.226493],[145.026602,-38.227827],[145.025697,-38.234273],[145.027617,-38.235089],[145.028596,-38.239016],[145.0274,-38.242718],[145.028273,-38.246725],[145.025616,-38.253339],[145.015376,-38.264728],[145.008052,-38.270127],[145.001317,-38.270862],[144.999731,-38.277512],[144.993446,-38.282896],[144.982836,-38.2964],[144.983945,-38.298558],[144.99019,-38.300517],[144.994448,-38.305083],[144.992225,-38.311747],[144.986632,-38.318353],[144.968504,-38.330332],[144.92318,-38.349243],[144.850935,-38.368734],[144.836729,-38.370394],[144.815582,-38.368672],[144.774553,-38.359457],[144.76323,-38.353542],[144.762279,-38.351052],[144.763534,-38.348323],[144.745546,-38.339883],[144.744314,-38.338284],[144.745695,-38.335943],[144.742195,-38.334718],[144.739875,-38.331576],[144.73891,-38.324562],[144.72313,-38.3206],[144.718916,-38.317738],[144.715596,-38.3188],[144.707349,-38.317782],[144.704856,-38.315224],[144.68023,-38.305206],[144.667207,-38.308133],[144.655236,-38.305146],[144.652901,-38.301528],[144.651446,-38.302728],[144.661938,-38.310245],[144.662116,-38.311792],[144.665767,-38.311964],[144.669734,-38.316548],[144.673392,-38.317155],[144.674765,-38.319884],[144.677953,-38.319642],[144.684745,-38.324802],[144.688191,-38.325557],[144.690349,-38.328843],[144.724927,-38.34662],[144.727645,-38.346101],[144.732033,-38.350803],[144.735997,-38.352377],[144.736364,-38.354354],[144.741755,-38.353934],[144.743513,-38.359738],[144.752373,-38.363934],[144.753319,-38.367682],[144.760113,-38.370577],[144.764108,-38.374552],[144.76707,-38.373995],[144.767417,-38.376562],[144.771488,-38.378307],[144.781466,-38.387631],[144.788336,-38.389793],[144.787256,-38.390696],[144.788755,-38.392391],[144.798933,-38.400651],[144.83858,-38.430315],[144.846449,-38.438894],[144.869384,-38.457146],[144.876776,-38.467866],[144.886659,-38.477204],[144.88417,-38.483821],[144.885247,-38.488512],[144.883821,-38.490966],[144.88686,-38.493893],[144.886145,-38.495628],[144.888057,-38.499284],[144.890447,-38.498207],[144.888511,-38.496294],[144.894664,-38.491443],[144.906414,-38.491115],[144.911158,-38.48924],[144.914647,-38.490289],[144.914929,-38.492751],[144.919543,-38.494695],[144.918647,-38.497004],[144.924404,-38.497383],[144.932398,-38.494781],[144.937416,-38.497069],[144.936349,-38.494188],[144.943491,-38.49511],[144.942706,-38.491267],[144.948819,-38.488535],[144.952839,-38.489215],[144.959082,-38.486817],[144.967309,-38.486704],[144.971022,-38.487577],[144.973636,-38.490402],[144.976637,-38.490322],[144.984366,-38.485261],[144.987418,-38.48582],[144.989233,-38.484138],[144.993905,-38.485906],[145.011005,-38.479649],[145.014618,-38.480163],[145.017745,-38.483165],[145.026697,-38.483208],[145.031271,-38.487068],[145.033139,-38.484606],[145.02608,-38.480194],[145.025141,-38.475319],[145.026764,-38.47035],[145.032162,-38.464681],[145.032919,-38.455282],[145.040577,-38.446927],[145.039598,-38.444299],[145.045308,-38.43928],[145.044859,-38.43747],[145.047163,-38.433768],[145.049226,-38.433713],[145.050478,-38.429827],[145.057268,-38.429599],[145.066344,-38.425129],[145.07639,-38.425433],[145.078896,-38.423253],[145.076569,-38.421656],[145.079333,-38.415818],[145.096154,-38.402494],[145.111841,-38.400904],[145.11634,-38.395065],[145.134111,-38.3902],[145.165689,-38.396722],[145.172772,-38.396283],[145.185491,-38.398764],[145.210578,-38.406595],[145.234578,-38.409599],[145.234759,-38.405996],[145.233244,-38.407834],[145.230537,-38.407758],[145.23285,-38.406985],[145.229389,-38.4043],[145.228274,-38.398627],[145.221535,-38.397972],[145.221633,-38.395801],[145.217759,-38.393939],[145.219228,-38.391946],[145.218751,-38.388505],[145.215205,-38.3831],[145.195204,-38.375907],[145.183992,-38.374573],[145.184782,-38.371729],[145.192705,-38.372967],[145.193768,-38.366549],[145.196413,-38.366573],[145.200209,-38.369692],[145.201322,-38.373645],[145.20854,-38.375979],[145.210929,-38.37866],[145.215306,-38.379824],[145.221958,-38.377784],[145.221706,-38.375171],[145.223448,-38.373261],[145.21891,-38.372486],[145.213469,-38.365896],[145.213307,-38.357031],[145.218786,-38.347591],[145.214772,-38.342368],[145.20646,-38.34078],[145.204677,-38.337077],[145.198348,-38.333798],[145.1971,-38.332024],[145.197903,-38.329214],[145.194956,-38.328375],[145.192854,-38.324494],[145.191623,-38.320603],[145.195313,-38.323751],[145.198047,-38.321208],[145.195221,-38.314487],[145.198556,-38.315572],[145.200517,-38.311697],[145.198138,-38.309853],[145.199671,-38.308881],[145.199187,-38.307418],[145.197142,-38.307568],[145.195875,-38.301688],[145.193891,-38.299725],[145.195751,-38.298293],[145.19294,-38.296544],[145.196274,-38.297995],[145.199884,-38.296557],[145.199992,-38.293065],[145.201381,-38.296574],[145.20604,-38.299882],[145.206209,-38.303787],[145.223026,-38.306449],[145.223464,-38.299804],[145.225636,-38.298736],[145.225875,-38.293529],[145.227971,-38.292196],[145.227853,-38.29022],[145.221845,-38.28996],[145.221044,-38.287109],[145.22186,-38.28061],[145.22566,-38.272415],[145.23998,-38.261441],[145.249331,-38.248895],[145.251323,-38.248912],[145.250127,-38.247254],[145.261737,-38.242413],[145.259363,-38.238925],[145.253308,-38.235666],[145.252745,-38.231898],[145.255558,-38.232464],[145.254175,-38.228176],[145.255337,-38.226423],[145.251319,-38.226671],[145.253932,-38.225413],[145.254226,-38.223597]]]]}},{"type":"Feature","properties":{"code":"AU-LGA-25430","name":"Mount Alexander","label":"Mount Alexander","type":"Local government area","parentCode":"AU-VIC"},"geometry":{"type":"Polygon","coordinates":[[[143.949418,-37.194447],[143.947819,-37.196709],[143.949149,-37.201409],[143.952028,-37.203674],[143.956328,-37.213865],[143.955646,-37.215962],[143.958391,-37.217976],[143.958874,-37.220482],[143.970518,-37.228147],[143.974507,-37.227769],[143.97702,-37.229977],[143.980549,-37.228176],[143.97987,-37.231045],[143.982739,-37.231114],[143.983974,-37.233444],[143.987248,-37.231848],[143.991874,-37.233126],[143.993791,-37.236746],[143.996746,-37.235334],[144.000536,-37.24131],[143.998814,-37.24391],[143.994924,-37.24408],[144.001448,-37.250964],[144.001391,-37.255243],[144.003936,-37.256714],[144.006273,-37.255771],[144.006855,-37.258165],[144.010251,-37.258086],[144.014143,-37.261431],[144.016562,-37.260978],[144.01679,-37.26321],[144.018643,-37.262545],[144.018396,-37.261088],[144.018861,-37.263289],[144.022004,-37.262801],[144.023471,-37.259332],[144.025208,-37.262746],[144.033063,-37.262511],[144.03614,-37.264805],[144.035682,-37.268469],[144.038624,-37.270228],[144.03765,-37.26368],[144.041997,-37.25604],[144.051008,-37.250462],[144.055777,-37.249553],[144.056008,-37.25108],[144.062706,-37.252097],[144.063568,-37.249495],[144.064437,-37.244468],[144.060604,-37.236826],[144.066078,-37.224864],[144.064975,-37.217385],[144.06754,-37.210405],[144.060089,-37.207717],[144.061202,-37.20197],[144.064015,-37.202336],[144.069994,-37.16298],[144.072058,-37.159922],[144.074347,-37.147647],[144.093445,-37.150143],[144.096303,-37.148363],[144.095978,-37.150203],[144.122347,-37.153289],[144.121412,-37.158818],[144.146016,-37.162298],[144.15703,-37.16072],[144.156644,-37.162847],[144.173491,-37.163923],[144.178047,-37.165119],[144.178752,-37.167243],[144.182749,-37.16692],[144.182891,-37.165784],[144.185195,-37.167094],[144.190452,-37.166126],[144.185154,-37.195344],[144.188761,-37.195678],[144.190715,-37.19378],[144.19191,-37.19615],[144.257283,-37.204551],[144.257073,-37.203425],[144.275322,-37.205532],[144.276636,-37.20905],[144.284258,-37.208001],[144.292168,-37.163557],[144.327763,-37.166858],[144.330879,-37.17182],[144.331025,-37.169712],[144.337498,-37.165633],[144.345302,-37.169734],[144.374476,-37.173163],[144.372505,-37.167239],[144.366823,-37.16409],[144.367347,-37.157256],[144.514323,-37.174375],[144.521813,-37.178436],[144.52728,-37.177289],[144.526737,-37.15079],[144.529161,-37.1497],[144.529032,-37.143874],[144.533453,-37.140713],[144.535746,-37.13275],[144.539298,-37.129546],[144.540559,-37.124695],[144.542157,-37.124623],[144.541266,-37.122085],[144.545031,-37.121909],[144.540838,-37.113968],[144.534942,-37.110791],[144.535237,-37.10722],[144.531967,-37.105171],[144.534051,-37.102896],[144.532373,-37.103079],[144.530433,-37.100287],[144.534625,-37.099972],[144.535796,-37.095882],[144.53408,-37.094192],[144.537918,-37.092317],[144.537945,-37.089912],[144.539307,-37.090332],[144.538281,-37.08802],[144.542677,-37.08822],[144.538387,-37.086318],[144.538184,-37.08407],[144.536482,-37.083581],[144.537698,-37.076315],[144.53993,-37.0756],[144.536921,-37.069878],[144.539178,-37.067444],[144.544293,-37.067542],[144.545864,-37.063246],[144.544353,-37.060218],[144.520583,-37.057507],[144.524103,-37.054141],[144.492662,-37.050453],[144.506256,-36.975875],[144.497819,-36.971149],[144.491103,-36.96161],[144.489874,-36.96256],[144.494136,-36.966964],[144.489336,-36.971411],[144.488807,-36.965717],[144.479826,-36.960856],[144.480704,-36.959548],[144.478378,-36.958333],[144.479909,-36.955814],[144.478457,-36.953995],[144.473258,-36.954225],[144.47054,-36.949633],[144.468394,-36.952219],[144.465275,-36.949949],[144.460154,-36.949136],[144.459759,-36.946514],[144.462992,-36.943873],[144.457938,-36.942143],[144.455991,-36.93836],[144.45424,-36.941532],[144.449504,-36.94123],[144.448006,-36.939672],[144.444015,-36.939644],[144.442308,-36.937041],[144.438121,-36.935598],[144.433491,-36.943068],[144.42958,-36.944233],[144.427901,-36.938165],[144.425679,-36.939523],[144.421567,-36.938458],[144.421548,-36.935635],[144.419221,-36.932478],[144.413526,-36.929983],[144.414416,-36.927342],[144.411954,-36.923359],[144.405185,-36.924298],[144.400957,-36.92966],[144.400927,-36.932485],[144.397696,-36.935268],[144.400038,-36.939727],[144.398112,-36.941151],[144.399401,-36.943618],[144.396125,-36.955296],[144.39168,-36.955326],[144.390466,-36.953174],[144.386847,-36.952814],[144.384107,-36.957023],[144.382111,-36.957212],[144.380273,-36.954977],[144.378219,-36.955037],[144.379639,-36.952698],[144.323219,-36.946069],[144.313034,-36.946539],[144.311597,-36.943987],[144.300333,-36.94262],[144.297678,-36.956984],[144.242668,-36.949786],[144.24052,-36.950563],[144.230587,-36.930953],[144.228325,-36.922379],[144.223005,-36.923624],[144.222832,-36.921482],[143.891705,-36.881888],[143.889942,-36.890694],[143.892102,-36.893916],[143.888072,-36.895477],[143.877768,-36.894415],[143.876436,-36.902242],[143.866401,-36.901243],[143.865545,-36.90393],[143.867217,-36.906963],[143.863288,-36.909549],[143.862976,-36.915506],[143.85746,-36.916306],[143.853904,-36.922548],[143.846551,-36.927952],[143.849835,-36.930421],[143.848643,-36.934598],[143.852219,-36.937317],[143.855681,-36.944083],[143.855611,-36.947101],[143.859888,-36.949952],[143.851841,-36.957326],[143.846304,-36.957713],[143.847246,-36.959978],[143.845613,-36.962912],[143.841387,-36.961864],[143.836417,-36.963262],[143.834564,-36.96837],[143.836533,-36.969182],[143.837045,-36.971798],[143.834009,-36.973545],[143.835905,-36.97859],[143.833609,-36.9806],[143.830644,-36.980719],[143.884251,-36.986312],[143.882294,-36.998558],[143.899704,-37.000542],[143.895705,-37.02356],[143.899535,-37.021094],[143.973451,-37.029365],[143.975431,-37.0328],[143.981457,-37.036975],[143.983864,-37.042936],[143.989775,-37.047753],[143.991599,-37.054034],[144.006421,-37.05902],[144.010687,-37.063472],[144.013227,-37.069046],[144.01379,-37.074004],[144.012059,-37.076812],[143.999477,-37.078796],[143.994513,-37.084721],[143.985364,-37.087446],[143.981529,-37.092131],[143.982177,-37.095761],[143.979709,-37.099382],[143.971968,-37.091553],[143.969944,-37.092612],[143.969608,-37.097509],[143.964638,-37.100763],[143.965823,-37.104328],[143.963469,-37.107566],[143.965296,-37.110844],[143.96179,-37.115866],[143.962749,-37.117623],[143.961056,-37.123653],[143.962887,-37.129306],[143.955187,-37.139884],[143.962955,-37.148713],[143.96168,-37.155341],[143.963482,-37.158092],[143.963864,-37.163241],[143.960854,-37.164463],[143.958904,-37.1683],[143.961501,-37.170375],[143.959617,-37.170863],[143.959279,-37.172779],[143.961674,-37.173225],[143.962656,-37.176521],[143.960112,-37.182652],[143.956883,-37.18318],[143.954212,-37.18587],[143.955022,-37.188424],[143.951589,-37.190952],[143.951526,-37.193849],[143.949418,-37.194447]]]}},{"type":"Feature","properties":{"code":"AU-LGA-25490","name":"Moyne","label":"Moyne","type":"Local government area","parentCode":"AU-VIC"},"geometry":{"type":"Polygon","coordinates":[[[141.869565,-38.2643],[141.884898,-38.26628],[141.899889,-38.2706],[141.903545,-38.271098],[141.903511,-38.269858],[141.939974,-38.28198],[141.978343,-38.298159],[142.014485,-38.316878],[142.037203,-38.331978],[142.044506,-38.338582],[142.050152,-38.340698],[142.07382,-38.355884],[142.098324,-38.365495],[142.106011,-38.369989],[142.10587,-38.371526],[142.113078,-38.371595],[142.119726,-38.374257],[142.124194,-38.377999],[142.126889,-38.377264],[142.129693,-38.380027],[142.136459,-38.3807],[142.143457,-38.386566],[142.145719,-38.391457],[142.147237,-38.389567],[142.153384,-38.391868],[142.154764,-38.390279],[142.162953,-38.391935],[142.173488,-38.389974],[142.179324,-38.392039],[142.180877,-38.391727],[142.18034,-38.390273],[142.186656,-38.39194],[142.188808,-38.394729],[142.190209,-38.392989],[142.197641,-38.395112],[142.206284,-38.392612],[142.216045,-38.394782],[142.219277,-38.392222],[142.224454,-38.393437],[142.226494,-38.391642],[142.233579,-38.392417],[142.234516,-38.39448],[142.238041,-38.39569],[142.243055,-38.392158],[142.241571,-38.394576],[142.244911,-38.396455],[142.255043,-38.391176],[142.253478,-38.38986],[142.250049,-38.390271],[142.251085,-38.388173],[142.246638,-38.38955],[142.243964,-38.387971],[142.24303,-38.382377],[142.244329,-38.378018],[142.25101,-38.370247],[142.261535,-38.364573],[142.280147,-38.362327],[142.284084,-38.363358],[142.285966,-38.366481],[142.286199,-38.364391],[142.294245,-38.359836],[142.299987,-38.360104],[142.309377,-38.356308],[142.316965,-38.359965],[142.327967,-38.35708],[142.334484,-38.358408],[142.337158,-38.353425],[142.353639,-38.350122],[142.372524,-38.349469],[142.404421,-38.362601],[142.422362,-38.372385],[142.432091,-38.353563],[142.425565,-38.350787],[142.425889,-38.333007],[142.428993,-38.314387],[142.450341,-38.316074],[142.463792,-38.313473],[142.465082,-38.306215],[142.492604,-38.30924],[142.492031,-38.312835],[142.503371,-38.313987],[142.506146,-38.312341],[142.509889,-38.312545],[142.51424,-38.319462],[142.520307,-38.325272],[142.517843,-38.338904],[142.522628,-38.336208],[142.518969,-38.358625],[142.523202,-38.356393],[142.531004,-38.355702],[142.556364,-38.359624],[142.553898,-38.372247],[142.572432,-38.374243],[142.57009,-38.388482],[142.594177,-38.383563],[142.615431,-38.384364],[142.609289,-38.387365],[142.62096,-38.38859],[142.619924,-38.398471],[142.617081,-38.398109],[142.620434,-38.408039],[142.611399,-38.407085],[142.609652,-38.416873],[142.606983,-38.416642],[142.604685,-38.42974],[142.609107,-38.430511],[142.608832,-38.434738],[142.60519,-38.436549],[142.6113,-38.437287],[142.609017,-38.450131],[142.615204,-38.452722],[142.616172,-38.455524],[142.620729,-38.457108],[142.622219,-38.459373],[142.626356,-38.459906],[142.644368,-38.471],[142.662907,-38.483727],[142.668026,-38.489077],[142.670517,-38.490394],[142.673,-38.489136],[142.674084,-38.491799],[142.676777,-38.490553],[142.675103,-38.493805],[142.678075,-38.492899],[142.677433,-38.494751],[142.679382,-38.493184],[142.684034,-38.49512],[142.686621,-38.498673],[142.690187,-38.49997],[142.690565,-38.503397],[142.695862,-38.502929],[142.694959,-38.506086],[142.700679,-38.509442],[142.69993,-38.512381],[142.706138,-38.511805],[142.708065,-38.514253],[142.720631,-38.520683],[142.747102,-38.54047],[142.749541,-38.54391],[142.753976,-38.545651],[142.757017,-38.549549],[142.760393,-38.54956],[142.768909,-38.55619],[142.772934,-38.557429],[142.77616,-38.561491],[142.77919,-38.560778],[142.777954,-38.562962],[142.779972,-38.562604],[142.78433,-38.565191],[142.787664,-38.569111],[142.790408,-38.56885],[142.791476,-38.571279],[142.796345,-38.569689],[142.795657,-38.572263],[142.800385,-38.574306],[142.802668,-38.574114],[142.804256,-38.57164],[142.807608,-38.571523],[142.815667,-38.577016],[142.816137,-38.579449],[142.818841,-38.576563],[142.823004,-38.576422],[142.824496,-38.579884],[142.828131,-38.580872],[142.825197,-38.584716],[142.828378,-38.587029],[142.832504,-38.588193],[142.839907,-38.587388],[142.845928,-38.591782],[142.847466,-38.591201],[142.847444,-38.592467],[142.85268,-38.592079],[142.853302,-38.594595],[142.859132,-38.598663],[142.857493,-38.600301],[142.858671,-38.601471],[142.857139,-38.601674],[142.858778,-38.603702],[142.857638,-38.605276],[142.860489,-38.604225],[142.860278,-38.605703],[142.865377,-38.605771],[142.868123,-38.603554],[142.871854,-38.604983],[142.871941,-38.609092],[142.873878,-38.608978],[142.873117,-38.610141],[142.878093,-38.60986],[142.880424,-38.60832],[142.880083,-38.606373],[142.884581,-38.600645],[142.87756,-38.596459],[142.876838,-38.592374],[142.870905,-38.582627],[142.869842,-38.578926],[142.871872,-38.576473],[142.868799,-38.572801],[142.869988,-38.567756],[142.86666,-38.564042],[142.860231,-38.562074],[142.853264,-38.557059],[142.853482,-38.551061],[142.847341,-38.550163],[142.832728,-38.537952],[142.835822,-38.535329],[142.835027,-38.529132],[142.837935,-38.525132],[142.834035,-38.519129],[142.840325,-38.518084],[142.843045,-38.512432],[142.855458,-38.511534],[142.853384,-38.506449],[142.858494,-38.504094],[142.858088,-38.500033],[142.865326,-38.49937],[142.867531,-38.492836],[142.873612,-38.494556],[142.876474,-38.49206],[142.87942,-38.494137],[142.884662,-38.491606],[142.889126,-38.49192],[142.889994,-38.488789],[142.899634,-38.486768],[142.868774,-38.483085],[142.868319,-38.485463],[142.864964,-38.482847],[142.847365,-38.480733],[142.879818,-38.306196],[142.870706,-38.307071],[142.869274,-38.309731],[142.867068,-38.308838],[142.862682,-38.311354],[142.861186,-38.309145],[142.856887,-38.311632],[142.855817,-38.310444],[142.85795,-38.305727],[142.849439,-38.306936],[142.847255,-38.30596],[142.839363,-38.312999],[142.837622,-38.313309],[142.834362,-38.308449],[142.832238,-38.311884],[142.826963,-38.314473],[142.821546,-38.310701],[142.819233,-38.310854],[142.817889,-38.312885],[142.814968,-38.307023],[142.814607,-38.29839],[142.825449,-38.297016],[142.844528,-38.196728],[142.858669,-38.19803],[142.883189,-38.193592],[142.890731,-38.194347],[142.895877,-38.178758],[142.897243,-38.165057],[142.89372,-38.155308],[142.890035,-38.152743],[142.895819,-38.123237],[143.001347,-38.13559],[143.017758,-38.137283],[143.019382,-38.13599],[143.01411,-38.132635],[143.013007,-38.129348],[143.012085,-38.130288],[143.010624,-38.129142],[143.011191,-38.126015],[143.00577,-38.121186],[143.006234,-38.115298],[143.002498,-38.111248],[143.004475,-38.109304],[143.00309,-38.105488],[143.004961,-38.101617],[143.001526,-38.094841],[142.997342,-38.094186],[142.995819,-38.09264],[142.99625,-38.090239],[142.99275,-38.088119],[142.99415,-38.086906],[142.992462,-38.086563],[142.995354,-38.083706],[142.99215,-38.079743],[142.999577,-38.071141],[143.006477,-38.070148],[143.012982,-38.066426],[143.015015,-38.063405],[143.021663,-38.06173],[143.026166,-38.058064],[143.026517,-38.056395],[143.014931,-38.052677],[143.013235,-38.050209],[143.013423,-38.045796],[143.022695,-38.042842],[143.019934,-38.039487],[143.022312,-38.040008],[143.026672,-38.035509],[143.032052,-38.037183],[143.034326,-38.036046],[143.035795,-38.033526],[143.031493,-38.033517],[143.033449,-38.032595],[143.032435,-38.031843],[143.034073,-38.029158],[143.030701,-38.029118],[143.030493,-38.025606],[143.034131,-38.025866],[143.03187,-38.023045],[143.03367,-38.023111],[143.035827,-38.019117],[143.031025,-38.013905],[143.03406,-38.012404],[143.038738,-38.014775],[143.040415,-38.012712],[143.044567,-38.01266],[143.045765,-38.011145],[143.044475,-38.009107],[143.050436,-38.004886],[143.04769,-38.003502],[143.050526,-38.000047],[143.047402,-37.998699],[143.04391,-37.999993],[143.043645,-37.998371],[143.037942,-37.996489],[143.03649,-37.991375],[143.038783,-37.98867],[143.041424,-37.989537],[143.041907,-37.98648],[143.042886,-37.988842],[143.043964,-37.98622],[143.049417,-37.985123],[143.047802,-37.982519],[143.043486,-37.981152],[143.047133,-37.975526],[143.051899,-37.974998],[143.052827,-37.973533],[143.053856,-37.970932],[143.052006,-37.96991],[143.051866,-37.963423],[143.05548,-37.96227],[143.056288,-37.959399],[143.060377,-37.962536],[143.062827,-37.960831],[143.069405,-37.960392],[143.070214,-37.956953],[143.074203,-37.956649],[143.076778,-37.954498],[143.075687,-37.950634],[143.083022,-37.947291],[143.078875,-37.942292],[143.079089,-37.939069],[143.075415,-37.937807],[143.075478,-37.935058],[143.077703,-37.932762],[143.07406,-37.928992],[143.077859,-37.927125],[143.08296,-37.927661],[143.087447,-37.924647],[143.083533,-37.922132],[143.087018,-37.920949],[143.089287,-37.918078],[143.088727,-37.915603],[143.094406,-37.912221],[143.097762,-37.907134],[143.095543,-37.905514],[143.093914,-37.906372],[143.09239,-37.90348],[143.084564,-37.907576],[143.083586,-37.905222],[143.082138,-37.905906],[143.082548,-37.903932],[143.081353,-37.903619],[143.082846,-37.90239],[143.079793,-37.898179],[143.072301,-37.895853],[143.075102,-37.893737],[143.079919,-37.893652],[143.077287,-37.890181],[143.075233,-37.890186],[143.076198,-37.888163],[143.073861,-37.886104],[143.082729,-37.884643],[143.088944,-37.879329],[143.101239,-37.882951],[143.095935,-37.879852],[143.095353,-37.87701],[143.09271,-37.879589],[143.089013,-37.876389],[143.087018,-37.87935],[143.081308,-37.87846],[143.080379,-37.876212],[143.083225,-37.872607],[143.080794,-37.869611],[143.079544,-37.863823],[143.083012,-37.861924],[143.08427,-37.856275],[143.089271,-37.855814],[143.096331,-37.850957],[143.099434,-37.850643],[143.098257,-37.848602],[143.099831,-37.846793],[143.099511,-37.843348],[143.107214,-37.843608],[143.102176,-37.839629],[143.102713,-37.838158],[143.105564,-37.838276],[143.105827,-37.833535],[143.093876,-37.829304],[143.076231,-37.815645],[143.063995,-37.814234],[143.062082,-37.8249],[143.048307,-37.823335],[143.044802,-37.816066],[143.031383,-37.814512],[143.035264,-37.792762],[143.024588,-37.788734],[143.01307,-37.786896],[143.016658,-37.766687],[143.007245,-37.765538],[142.984831,-37.772834],[142.962401,-37.787174],[142.951313,-37.789517],[142.938438,-37.801607],[142.934581,-37.802839],[142.929752,-37.800701],[142.926846,-37.80128],[142.923374,-37.807159],[142.902621,-37.816632],[142.879407,-37.83657],[142.875347,-37.83165],[142.879473,-37.808432],[142.861412,-37.806439],[142.860799,-37.809919],[142.842229,-37.807851],[142.839692,-37.822126],[142.757741,-37.812728],[142.749828,-37.819406],[142.701742,-37.834696],[142.664832,-37.829986],[142.673116,-37.81654],[142.662694,-37.815234],[142.661069,-37.817287],[142.652234,-37.8133],[142.643034,-37.813318],[142.616496,-37.809301],[142.61237,-37.811198],[142.59706,-37.809377],[142.5888,-37.805849],[142.552546,-37.801317],[142.548465,-37.821355],[142.533862,-37.826935],[142.530705,-37.843026],[142.466692,-37.834913],[142.45014,-37.918418],[142.439669,-37.915271],[142.432565,-37.90932],[142.423629,-37.909197],[142.409006,-37.898149],[142.411509,-37.906586],[142.409943,-37.913144],[142.411928,-37.931581],[142.413609,-37.93222],[142.214077,-37.934418],[142.214055,-37.937301],[142.204911,-37.936002],[142.203056,-37.93763],[142.19324,-37.939009],[142.188571,-37.937162],[142.178403,-37.940987],[142.178694,-37.94461],[142.17466,-37.946193],[142.167323,-37.94514],[142.165242,-37.94155],[142.162219,-37.940006],[142.161818,-37.944207],[142.154809,-37.946682],[142.154813,-37.951897],[142.150672,-37.952925],[142.14836,-37.950742],[142.145133,-37.95173],[142.14078,-37.949722],[142.135961,-37.949899],[142.136755,-37.954098],[142.133867,-37.9565],[142.112842,-37.956788],[142.114751,-37.947013],[142.031374,-37.948178],[142.018359,-37.958144],[142.010396,-37.955875],[142.007727,-37.956574],[142.006104,-37.959515],[141.996561,-37.958953],[141.993756,-37.96336],[141.988751,-37.9654],[141.988956,-37.967673],[141.985741,-37.971163],[141.982996,-37.970302],[141.981859,-37.971702],[141.971527,-37.972987],[141.965735,-37.971007],[141.960052,-37.973192],[141.931828,-37.9621],[141.915355,-37.963842],[141.884667,-37.942535],[141.876343,-37.940533],[141.871987,-37.941622],[141.871179,-37.943425],[141.863022,-37.942597],[141.833232,-37.933956],[141.826445,-37.935722],[141.817075,-37.943285],[141.820093,-37.961487],[141.834563,-37.985512],[141.834747,-38.010103],[141.830135,-38.022063],[141.820696,-38.033808],[141.819777,-38.039316],[141.824044,-38.043139],[141.823711,-38.045524],[141.829146,-38.053117],[141.832229,-38.054863],[141.83144,-38.059391],[141.846795,-38.079578],[141.851335,-38.080296],[141.851466,-38.086461],[141.869387,-38.113089],[141.869441,-38.144662],[141.850965,-38.14467],[141.850871,-38.174383],[141.85095,-38.211147],[141.869595,-38.210706],[141.869565,-38.2643]]]}},{"type":"Feature","properties":{"code":"AU-LGA-25620","name":"Murrindindi","label":"Murrindindi","type":"Local government area","parentCode":"AU-VIC"},"geometry":{"type":"Polygon","coordinates":[[[145.222278,-37.472586],[145.241042,-37.47771],[145.239325,-37.487726],[145.248145,-37.489176],[145.247828,-37.49095],[145.256716,-37.491968],[145.253863,-37.507259],[145.251701,-37.510631],[145.262448,-37.511888],[145.26447,-37.501329],[145.267368,-37.500031],[145.275489,-37.500973],[145.276311,-37.496476],[145.294395,-37.498569],[145.292847,-37.506867],[145.29801,-37.508316],[145.297069,-37.513682],[145.313837,-37.515547],[145.304779,-37.521935],[145.314637,-37.522982],[145.312421,-37.524627],[145.321052,-37.525201],[145.320579,-37.528153],[145.32851,-37.529119],[145.328014,-37.531947],[145.333812,-37.532598],[145.3326,-37.539587],[145.338809,-37.540193],[145.341345,-37.543459],[145.347379,-37.544122],[145.347869,-37.541248],[145.368436,-37.545325],[145.375828,-37.540528],[145.379903,-37.542859],[145.383457,-37.54195],[145.386613,-37.543381],[145.389534,-37.539725],[145.393906,-37.54088],[145.402198,-37.536612],[145.403459,-37.527119],[145.417558,-37.526225],[145.418744,-37.526543],[145.418526,-37.531486],[145.426004,-37.534987],[145.432693,-37.530801],[145.440536,-37.533421],[145.437818,-37.545864],[145.467758,-37.549809],[145.469921,-37.557659],[145.473448,-37.558129],[145.474194,-37.554642],[145.482009,-37.554666],[145.481996,-37.560118],[145.496827,-37.560192],[145.496817,-37.563578],[145.508762,-37.563634],[145.502545,-37.555876],[145.507983,-37.555893],[145.518742,-37.561216],[145.523186,-37.561337],[145.525361,-37.56369],[145.528032,-37.556682],[145.531481,-37.556853],[145.537521,-37.562626],[145.53749,-37.566234],[145.540202,-37.571648],[145.547651,-37.574579],[145.558231,-37.590325],[145.562603,-37.593231],[145.566532,-37.588934],[145.573215,-37.586301],[145.573285,-37.579902],[145.57803,-37.572041],[145.58166,-37.571237],[145.586147,-37.567313],[145.592306,-37.567641],[145.594817,-37.565755],[145.600936,-37.56652],[145.60251,-37.568712],[145.60248,-37.57604],[145.612363,-37.574053],[145.614926,-37.571032],[145.618018,-37.572283],[145.620812,-37.57707],[145.627332,-37.580804],[145.632626,-37.587551],[145.640681,-37.589225],[145.646897,-37.593987],[145.6541,-37.602165],[145.654495,-37.608557],[145.657742,-37.611339],[145.659296,-37.61778],[145.66248,-37.618326],[145.667343,-37.622137],[145.673423,-37.622296],[145.675858,-37.624182],[145.737347,-37.593979],[145.736006,-37.589539],[145.733087,-37.585947],[145.731131,-37.585737],[145.730578,-37.582094],[145.733731,-37.573107],[145.736571,-37.570906],[145.736395,-37.568479],[145.738249,-37.566582],[145.740557,-37.566652],[145.745095,-37.571896],[145.752848,-37.572912],[145.75536,-37.574751],[145.76609,-37.573613],[145.769815,-37.570247],[145.788527,-37.564966],[145.79085,-37.562007],[145.795466,-37.563897],[145.80919,-37.564378],[145.809044,-37.560038],[145.816251,-37.556311],[145.818867,-37.544094],[145.822072,-37.539952],[145.819913,-37.534607],[145.824241,-37.533181],[145.823613,-37.530747],[145.826326,-37.528123],[145.834402,-37.531796],[145.842965,-37.528921],[145.843523,-37.525878],[145.847352,-37.52373],[145.846014,-37.519106],[145.847936,-37.516417],[145.853101,-37.521187],[145.858192,-37.517113],[145.86249,-37.51813],[145.868978,-37.52743],[145.873265,-37.524962],[145.87068,-37.513421],[145.876207,-37.50782],[145.875169,-37.502551],[145.872927,-37.502525],[145.871829,-37.49852],[145.872889,-37.493682],[145.881606,-37.492151],[145.88157,-37.496624],[145.877711,-37.499165],[145.879889,-37.504889],[145.884097,-37.506264],[145.885325,-37.512975],[145.883911,-37.514284],[145.879075,-37.511214],[145.877238,-37.514257],[145.882859,-37.524185],[145.882811,-37.526652],[145.889697,-37.532245],[146.186011,-37.534811],[146.170633,-37.527276],[146.164204,-37.531372],[146.160927,-37.531502],[146.158908,-37.528833],[146.157201,-37.530502],[146.154124,-37.528787],[146.146804,-37.516402],[146.146621,-37.512196],[146.143635,-37.507808],[146.13889,-37.491952],[146.136986,-37.490489],[146.134844,-37.48067],[146.135851,-37.47755],[146.142766,-37.471586],[146.143631,-37.467685],[146.137627,-37.461579],[146.135418,-37.462416],[146.132512,-37.46075],[146.130249,-37.453972],[146.123484,-37.449215],[146.119219,-37.448881],[146.117806,-37.443142],[146.111561,-37.437767],[146.110622,-37.431444],[146.106538,-37.428188],[146.105671,-37.424981],[146.098529,-37.422748],[146.097906,-37.419759],[146.094189,-37.418095],[146.093044,-37.410919],[146.088824,-37.412061],[146.090863,-37.409846],[146.090808,-37.405969],[146.087542,-37.407066],[146.086797,-37.404397],[146.084586,-37.405477],[146.084804,-37.401171],[146.083384,-37.400918],[146.081703,-37.403442],[146.081505,-37.39909],[146.07966,-37.399288],[146.080329,-37.397554],[146.076017,-37.396491],[146.079457,-37.392536],[146.06757,-37.390143],[146.066947,-37.388018],[146.070945,-37.384944],[146.068938,-37.383553],[146.064359,-37.385135],[146.063897,-37.381767],[146.066643,-37.382887],[146.069185,-37.380558],[146.065805,-37.373717],[146.059849,-37.375269],[146.060885,-37.371749],[146.059669,-37.368656],[146.054337,-37.366804],[146.058156,-37.365313],[146.056249,-37.35888],[146.063934,-37.356617],[146.059472,-37.345858],[146.065406,-37.346541],[146.069603,-37.343199],[146.065549,-37.341208],[146.061596,-37.333522],[146.059282,-37.334062],[146.058752,-37.330397],[146.051119,-37.325212],[146.049809,-37.31853],[146.052151,-37.316735],[146.048425,-37.315469],[146.045777,-37.312414],[146.043845,-37.3142],[146.044682,-37.311866],[146.037067,-37.304807],[146.037953,-37.297284],[146.036035,-37.296618],[146.038368,-37.294589],[146.036532,-37.293571],[146.035063,-37.295672],[146.034722,-37.294139],[146.030403,-37.297835],[146.027744,-37.298136],[146.034294,-37.292145],[146.032556,-37.29148],[146.033427,-37.28949],[146.028893,-37.288437],[146.029257,-37.286951],[146.025484,-37.283847],[146.025053,-37.281354],[146.022041,-37.282401],[146.021622,-37.280246],[146.019511,-37.281222],[146.020058,-37.278787],[146.016963,-37.27888],[146.01637,-37.274604],[146.019793,-37.266955],[146.01611,-37.267892],[146.017535,-37.265757],[146.014623,-37.264913],[146.01498,-37.26321],[146.018464,-37.263789],[146.024585,-37.257481],[146.023443,-37.256385],[146.024272,-37.25423],[146.018309,-37.253283],[146.023012,-37.250765],[146.017994,-37.248332],[146.019568,-37.246648],[146.016445,-37.244343],[146.016549,-37.239685],[146.00507,-37.238266],[146.004619,-37.23062],[146.002153,-37.228618],[145.99828,-37.231386],[145.997975,-37.240298],[145.987304,-37.237136],[145.975927,-37.241301],[145.971479,-37.245003],[145.971411,-37.248303],[145.968139,-37.249508],[145.971146,-37.25563],[145.968838,-37.259919],[145.970035,-37.263976],[145.967325,-37.260614],[145.968245,-37.255691],[145.964109,-37.253987],[145.963434,-37.247871],[145.967142,-37.246271],[145.97388,-37.239031],[145.964912,-37.231115],[145.96022,-37.230749],[145.949029,-37.223519],[145.937462,-37.219042],[145.934348,-37.218612],[145.932734,-37.221806],[145.925725,-37.219256],[145.923675,-37.213062],[145.918837,-37.210801],[145.911777,-37.210212],[145.91162,-37.208094],[145.909391,-37.207056],[145.912562,-37.205342],[145.910303,-37.200326],[145.904674,-37.199569],[145.900958,-37.194227],[145.896062,-37.192851],[145.892582,-37.197827],[145.885872,-37.195658],[145.880286,-37.19816],[145.882337,-37.193978],[145.88106,-37.191584],[145.883175,-37.188428],[145.877517,-37.186622],[145.871537,-37.188003],[145.871546,-37.192114],[145.869675,-37.193644],[145.869618,-37.188941],[145.861351,-37.192543],[145.865156,-37.189231],[145.87749,-37.184641],[145.872571,-37.180173],[145.870811,-37.174281],[145.866558,-37.173124],[145.854939,-37.177193],[145.851532,-37.176463],[145.847449,-37.177991],[145.84751,-37.175211],[145.84525,-37.173731],[145.856131,-37.172573],[145.858123,-37.170686],[145.863554,-37.17226],[145.86813,-37.169035],[145.874245,-37.169827],[145.877079,-37.16822],[145.874872,-37.166007],[145.868631,-37.164273],[145.86998,-37.162425],[145.868238,-37.160172],[145.87027,-37.156592],[145.869019,-37.15339],[145.861872,-37.150769],[145.862719,-37.148163],[145.859184,-37.147606],[145.853644,-37.143507],[145.86164,-37.146316],[145.863718,-37.144054],[145.862317,-37.140987],[145.864706,-37.142583],[145.865221,-37.146902],[145.868833,-37.150906],[145.873456,-37.151819],[145.876859,-37.149833],[145.878551,-37.152595],[145.882575,-37.154238],[145.891512,-37.14623],[145.889459,-37.142968],[145.889643,-37.137217],[145.888071,-37.134411],[145.888473,-37.131045],[145.892162,-37.127259],[145.892002,-37.124777],[145.888857,-37.124665],[145.890458,-37.12119],[145.886562,-37.121136],[145.880521,-37.113344],[145.85787,-37.112408],[145.856891,-37.109912],[145.850074,-37.112455],[145.849037,-37.115428],[145.841158,-37.113413],[145.834616,-37.106738],[145.82679,-37.102453],[145.824789,-37.102273],[145.820662,-37.107563],[145.811123,-37.106848],[145.804639,-37.103669],[145.798864,-37.096896],[145.790584,-37.094857],[145.782746,-37.087633],[145.778312,-37.086531],[145.772915,-37.071625],[145.759323,-37.05511],[145.734818,-37.054251],[145.734841,-37.050814],[145.725804,-37.050831],[145.725781,-37.049195],[145.70655,-37.039237],[145.708858,-37.039152],[145.706654,-37.038024],[145.71278,-37.030437],[145.701539,-37.024733],[145.698399,-37.008847],[145.688369,-37.007274],[145.68895,-37.005154],[145.68161,-37.003859],[145.686344,-36.985176],[145.67115,-36.982772],[145.671976,-36.979605],[145.6594,-36.977419],[145.657614,-36.97394],[145.655553,-36.973862],[145.650775,-36.965614],[145.651411,-36.960607],[145.648683,-36.95285],[145.650057,-36.945969],[145.647064,-36.94409],[145.640617,-36.944212],[145.638101,-36.945204],[145.637377,-36.947597],[145.635808,-36.947113],[145.628767,-36.943428],[145.627455,-36.938826],[145.625761,-36.937929],[145.617747,-36.938247],[145.617083,-36.93998],[145.607085,-36.941424],[145.606736,-36.944651],[145.600941,-36.950464],[145.598545,-36.950403],[145.595855,-36.954513],[145.582262,-36.961697],[145.579155,-36.960092],[145.567956,-36.961025],[145.563778,-36.957956],[145.561969,-36.959044],[145.531846,-36.959039],[145.531864,-36.978889],[145.534634,-36.981578],[145.530491,-36.98792],[145.528877,-36.993821],[145.524104,-36.993448],[145.522978,-36.994883],[145.51499,-36.989209],[145.499367,-36.992039],[145.49757,-36.997131],[145.490629,-37.000405],[145.489334,-37.003892],[145.491937,-37.007275],[145.490428,-37.013787],[145.493675,-37.017787],[145.490157,-37.020337],[145.489416,-37.023169],[145.469063,-37.02147],[145.461769,-37.017927],[145.456998,-37.013548],[145.446553,-37.016634],[145.445596,-37.01317],[145.436644,-37.010808],[145.435632,-37.007975],[145.431686,-37.0075],[145.43276,-37.006195],[145.431449,-37.005134],[145.42771,-37.006014],[145.4295,-37.021672],[145.425237,-37.02504],[145.411089,-37.030546],[145.408927,-37.035559],[145.405382,-37.038505],[145.392797,-37.043737],[145.392737,-37.076273],[145.374749,-37.076162],[145.374727,-37.08497],[145.3723,-37.084968],[145.372152,-37.094039],[145.366401,-37.091041],[145.366212,-37.097621],[145.355877,-37.097639],[145.355804,-37.099515],[145.352822,-37.10138],[145.331523,-37.09967],[145.322921,-37.101864],[145.320707,-37.10037],[145.321043,-37.103785],[145.304351,-37.103708],[145.303147,-37.099608],[145.288302,-37.099585],[145.29043,-37.114896],[145.284611,-37.129065],[145.284614,-37.138533],[145.279038,-37.139525],[145.278908,-37.143046],[145.273022,-37.141841],[145.267728,-37.136159],[145.257202,-37.134971],[145.252375,-37.141224],[145.244142,-37.143346],[145.243201,-37.141474],[145.243208,-37.143915],[145.231747,-37.1374],[145.230441,-37.133241],[145.228568,-37.134618],[145.228851,-37.137556],[145.232552,-37.145808],[145.230987,-37.147339],[145.23215,-37.152834],[145.235036,-37.157278],[145.231738,-37.157255],[145.231727,-37.16752],[145.241092,-37.16861],[145.241138,-37.176966],[145.229494,-37.180049],[145.227309,-37.181442],[145.227774,-37.182998],[145.225399,-37.183001],[145.225374,-37.186068],[145.219522,-37.186102],[145.219443,-37.191071],[145.20754,-37.191104],[145.207465,-37.187094],[145.202025,-37.187157],[145.202171,-37.199829],[145.196375,-37.199876],[145.196387,-37.206083],[145.191141,-37.203798],[145.174884,-37.204898],[145.175972,-37.208193],[145.174533,-37.213971],[145.172029,-37.216791],[145.163813,-37.215758],[145.169533,-37.226621],[145.17721,-37.235923],[145.16778,-37.240233],[145.171617,-37.247009],[145.170041,-37.247846],[145.170685,-37.249754],[145.165893,-37.25166],[145.165844,-37.25375],[145.172265,-37.25753],[145.173135,-37.261148],[145.170563,-37.263737],[145.167689,-37.263502],[145.168499,-37.266628],[145.165541,-37.269257],[145.163009,-37.277615],[145.168105,-37.281366],[145.171936,-37.27849],[145.171831,-37.26629],[145.180647,-37.264403],[145.180587,-37.271757],[145.187025,-37.271723],[145.186925,-37.278233],[145.192643,-37.279325],[145.195556,-37.278283],[145.195388,-37.294107],[145.22732,-37.294249],[145.227449,-37.305083],[145.251867,-37.304939],[145.251881,-37.311068],[145.256697,-37.31106],[145.256702,-37.317395],[145.261942,-37.317365],[145.261974,-37.329669],[145.266115,-37.327508],[145.273313,-37.327181],[145.270304,-37.327245],[145.276934,-37.332635],[145.279356,-37.332368],[145.279356,-37.337955],[145.270491,-37.338897],[145.270456,-37.340685],[145.276045,-37.33981],[145.272862,-37.346591],[145.270218,-37.347353],[145.270149,-37.355494],[145.274241,-37.355514],[145.274221,-37.359789],[145.271386,-37.359764],[145.271378,-37.368048],[145.256516,-37.367954],[145.257868,-37.371451],[145.260523,-37.370819],[145.262012,-37.372552],[145.265826,-37.372691],[145.265625,-37.419341],[145.236271,-37.435854],[145.233844,-37.442165],[145.233969,-37.447227],[145.22772,-37.454465],[145.229359,-37.458647],[145.22477,-37.458145],[145.222278,-37.472586]]]}},{"type":"Feature","properties":{"code":"AU-LGA-25710","name":"Nillumbik","label":"Nillumbik","type":"Local government area","parentCode":"AU-VIC"},"geometry":{"type":"Polygon","coordinates":[[[145.067696,-37.686846],[145.077262,-37.68768],[145.088218,-37.691063],[145.092129,-37.695234],[145.095514,-37.692892],[145.107738,-37.69162],[145.118769,-37.687393],[145.143709,-37.682611],[145.140362,-37.70125],[145.131575,-37.700339],[145.128028,-37.702289],[145.128108,-37.704696],[145.130363,-37.705913],[145.133626,-37.71332],[145.137794,-37.717951],[145.134891,-37.732085],[145.137736,-37.733167],[145.135077,-37.734295],[145.134156,-37.738216],[145.135677,-37.7409],[145.137745,-37.738256],[145.142933,-37.738912],[145.148436,-37.737211],[145.149977,-37.738407],[145.15461,-37.733981],[145.162428,-37.737717],[145.165022,-37.734251],[145.176132,-37.734904],[145.17772,-37.738403],[145.179834,-37.737366],[145.17838,-37.733832],[145.181799,-37.729744],[145.187902,-37.730287],[145.190197,-37.732239],[145.19395,-37.731829],[145.191808,-37.734845],[145.19188,-37.737988],[145.197434,-37.741338],[145.198666,-37.740316],[145.198449,-37.733694],[145.201637,-37.730349],[145.206179,-37.731117],[145.211986,-37.729628],[145.215364,-37.731916],[145.214872,-37.734048],[145.211397,-37.735746],[145.202484,-37.737494],[145.201486,-37.739335],[145.205421,-37.741728],[145.215917,-37.738978],[145.220215,-37.736124],[145.225645,-37.736123],[145.229908,-37.738715],[145.227031,-37.733086],[145.228876,-37.731625],[145.235976,-37.731375],[145.242084,-37.736055],[145.243118,-37.734201],[145.240287,-37.731575],[145.242198,-37.727935],[145.23661,-37.727052],[145.234817,-37.720938],[145.236601,-37.719928],[145.242492,-37.725416],[145.243238,-37.71894],[145.248673,-37.72072],[145.249767,-37.718395],[145.253852,-37.717125],[145.256014,-37.714267],[145.256494,-37.712187],[145.25481,-37.710056],[145.26824,-37.707467],[145.270421,-37.705535],[145.267652,-37.705634],[145.267944,-37.703293],[145.272333,-37.703815],[145.272745,-37.70839],[145.275775,-37.710044],[145.272731,-37.716038],[145.27695,-37.715858],[145.277389,-37.713465],[145.279498,-37.713352],[145.282594,-37.714716],[145.283957,-37.718638],[145.286961,-37.714832],[145.285101,-37.714325],[145.282736,-37.708552],[145.286282,-37.703499],[145.292317,-37.70243],[145.291258,-37.707217],[145.289111,-37.708956],[145.293172,-37.709352],[145.291523,-37.711607],[145.295971,-37.713887],[145.299475,-37.712812],[145.302695,-37.716697],[145.311827,-37.715922],[145.312724,-37.714352],[145.311341,-37.713103],[145.3124,-37.712349],[145.311202,-37.71197],[145.311309,-37.709133],[145.313899,-37.710017],[145.31417,-37.708748],[145.31239,-37.708352],[145.3141,-37.708131],[145.31417,-37.706631],[145.322142,-37.707162],[145.314923,-37.699609],[145.318986,-37.696728],[145.319275,-37.693509],[145.31706,-37.69199],[145.326583,-37.688956],[145.331037,-37.692149],[145.331424,-37.687443],[145.335604,-37.682077],[145.332388,-37.679972],[145.330372,-37.671921],[145.332601,-37.670555],[145.335528,-37.662351],[145.345792,-37.655724],[145.347801,-37.648662],[145.35389,-37.643897],[145.3532,-37.639915],[145.35561,-37.630775],[145.358446,-37.627474],[145.35608,-37.622541],[145.357836,-37.618661],[145.352579,-37.615393],[145.356261,-37.613842],[145.355269,-37.611848],[145.35661,-37.605473],[145.354976,-37.600691],[145.364412,-37.562786],[145.366418,-37.545113],[145.347869,-37.541248],[145.347379,-37.544122],[145.341345,-37.543459],[145.338809,-37.540193],[145.3326,-37.539587],[145.333812,-37.532598],[145.328014,-37.531947],[145.32851,-37.529119],[145.320579,-37.528153],[145.321052,-37.525201],[145.312421,-37.524627],[145.314637,-37.522982],[145.304779,-37.521935],[145.313837,-37.515547],[145.297069,-37.513682],[145.29801,-37.508316],[145.292847,-37.506867],[145.294395,-37.498569],[145.276311,-37.496476],[145.275489,-37.500973],[145.267368,-37.500031],[145.26447,-37.501329],[145.262448,-37.511888],[145.251701,-37.510631],[145.253863,-37.507259],[145.256716,-37.491968],[145.247828,-37.49095],[145.248145,-37.489176],[145.239325,-37.487726],[145.237564,-37.496608],[145.23523,-37.498843],[145.235597,-37.503543],[145.231196,-37.502949],[145.22635,-37.508688],[145.23548,-37.510085],[145.234429,-37.517238],[145.226686,-37.515909],[145.228427,-37.521396],[145.211747,-37.519368],[145.210743,-37.52522],[145.196746,-37.52371],[145.196817,-37.527012],[145.194013,-37.53045],[145.206794,-37.531906],[145.205519,-37.539203],[145.179924,-37.536426],[145.175248,-37.543053],[145.166938,-37.548219],[145.168892,-37.551312],[145.164995,-37.557993],[145.149465,-37.565289],[145.144443,-37.570285],[145.13577,-37.619918],[145.128662,-37.619181],[145.12801,-37.62296],[145.122487,-37.622534],[145.122439,-37.626705],[145.120161,-37.626272],[145.118611,-37.627996],[145.115027,-37.627218],[145.113209,-37.628315],[145.114352,-37.630605],[145.10875,-37.6312],[145.111464,-37.632784],[145.108901,-37.633311],[145.109741,-37.635028],[145.108128,-37.637841],[145.110192,-37.637378],[145.109664,-37.638956],[145.107788,-37.640079],[145.102245,-37.638386],[145.101561,-37.640321],[145.104648,-37.640551],[145.103042,-37.642715],[145.105734,-37.645102],[145.104419,-37.64691],[145.107694,-37.648738],[145.103288,-37.650389],[145.10381,-37.652163],[145.107573,-37.653495],[145.104982,-37.65421],[145.10247,-37.652701],[145.101932,-37.654684],[145.107805,-37.658221],[145.103505,-37.657034],[145.103705,-37.661221],[145.097901,-37.662513],[145.096641,-37.664782],[145.095061,-37.661855],[145.093163,-37.664266],[145.090444,-37.663285],[145.08918,-37.664299],[145.091889,-37.665309],[145.092018,-37.667339],[145.0839,-37.669128],[145.089075,-37.674214],[145.085706,-37.674294],[145.086596,-37.67758],[145.083499,-37.676781],[145.084372,-37.680283],[145.086468,-37.681264],[145.091562,-37.679391],[145.090206,-37.681414],[145.102031,-37.681939],[145.103655,-37.683164],[145.102025,-37.683939],[145.101908,-37.687218],[145.099648,-37.689455],[145.067696,-37.686846]]]}},{"type":"Feature","properties":{"code":"AU-LGA-25810","name":"Northern Grampians","label":"Northern Grampians","type":"Local government area","parentCode":"AU-VIC"},"geometry":{"type":"Polygon","coordinates":[[[142.471204,-36.761482],[142.47135,-36.767948],[142.47684,-36.769573],[142.477251,-36.772017],[142.480362,-36.772036],[142.478982,-36.773057],[142.480696,-36.77359],[142.480454,-36.777784],[142.478915,-36.779245],[142.479809,-36.78305],[142.48148,-36.783228],[142.480953,-36.786546],[142.483158,-36.792746],[142.484655,-36.794078],[142.487082,-36.791891],[142.490376,-36.793312],[142.489186,-36.796235],[142.495418,-36.798124],[142.498739,-36.802832],[142.500945,-36.803553],[142.503162,-36.808873],[142.509856,-36.811131],[142.507648,-36.818624],[142.508333,-36.82252],[142.517457,-36.830308],[142.51706,-36.83268],[142.520368,-36.838103],[142.527874,-36.840064],[142.535219,-36.849008],[142.534959,-36.852695],[142.541918,-36.857203],[142.545327,-36.856347],[142.548041,-36.857759],[142.547673,-36.860752],[142.550199,-36.861656],[142.549822,-36.863342],[142.556084,-36.866829],[142.557243,-36.869972],[142.559147,-36.869303],[142.564611,-36.872714],[142.566283,-36.871603],[142.568325,-36.878355],[142.571242,-36.87938],[142.559447,-36.879581],[142.559405,-36.942722],[142.53921,-36.949257],[142.511939,-36.949191],[142.51187,-36.939874],[142.503889,-36.9394],[142.497804,-36.942009],[142.498117,-36.916636],[142.510631,-36.917056],[142.511302,-36.915466],[142.50547,-36.911049],[142.507287,-36.906724],[142.49339,-36.906691],[142.493351,-36.897662],[142.480198,-36.897662],[142.480376,-36.916769],[142.455823,-36.9167],[142.455877,-36.897659],[142.449484,-36.897658],[142.449485,-36.874847],[142.441679,-36.868813],[142.431486,-36.868716],[142.431515,-36.888916],[142.42378,-36.880393],[142.402834,-36.873287],[142.39799,-36.868874],[142.377311,-36.868967],[142.37725,-36.876198],[142.380991,-36.877516],[142.382349,-36.881053],[142.374775,-36.881026],[142.372645,-36.878915],[142.367088,-36.879361],[142.363763,-36.881035],[142.358413,-36.881013],[142.358396,-36.885007],[142.352757,-36.884997],[142.352685,-36.896749],[142.358121,-36.896772],[142.358156,-36.888623],[142.362485,-36.888602],[142.36833,-36.891782],[142.374104,-36.890257],[142.374041,-36.90341],[142.358318,-36.903338],[142.358082,-36.92655],[142.375114,-36.927051],[142.374225,-36.947623],[142.378723,-36.94771],[142.377358,-36.958254],[142.37592,-36.958249],[142.375885,-36.965685],[142.358241,-36.965654],[142.358256,-36.973124],[142.394693,-36.973245],[142.394665,-36.97836],[142.380573,-36.978306],[142.375452,-36.982845],[142.368341,-36.980479],[142.351515,-36.980301],[142.351488,-36.991272],[142.340001,-36.9913],[142.339938,-37.00322],[142.346646,-37.003207],[142.346903,-37.013746],[142.338696,-37.01388],[142.336385,-37.011232],[142.335042,-37.019039],[142.360883,-37.021437],[142.361417,-37.01441],[142.36838,-37.014307],[142.368417,-37.009015],[142.380512,-37.009109],[142.38048,-37.015381],[142.404958,-37.016296],[142.405097,-37.021348],[142.411003,-37.021364],[142.410941,-37.034573],[142.405155,-37.030965],[142.395924,-37.028509],[142.395804,-37.043025],[142.391052,-37.043052],[142.391044,-37.046257],[142.406822,-37.046003],[142.406925,-37.058323],[142.374571,-37.058562],[142.344708,-37.081604],[142.333053,-37.071988],[142.315145,-37.08596],[142.308351,-37.085956],[142.308197,-37.098458],[142.300246,-37.098463],[142.288428,-37.088732],[142.276019,-37.098344],[142.271171,-37.107384],[142.235131,-37.107157],[142.236104,-37.130916],[142.234783,-37.138169],[142.240556,-37.142117],[142.239748,-37.147661],[142.241023,-37.149912],[142.24783,-37.151983],[142.255018,-37.156718],[142.259158,-37.157206],[142.275317,-37.169801],[142.309392,-37.188859],[142.316661,-37.194699],[142.328764,-37.199191],[142.334423,-37.205418],[142.355714,-37.21924],[142.358833,-37.225496],[142.369073,-37.228894],[142.392027,-37.231771],[142.403467,-37.237372],[142.423096,-37.260083],[142.455135,-37.26543],[142.463441,-37.27606],[142.465631,-37.281584],[142.490326,-37.287531],[142.501408,-37.292548],[142.50399,-37.291594],[142.512515,-37.293853],[142.598938,-37.292894],[142.595436,-37.288866],[142.59224,-37.290626],[142.594137,-37.286682],[142.587962,-37.284637],[142.585908,-37.280436],[142.581947,-37.277495],[142.585257,-37.276932],[142.580802,-37.272655],[142.58252,-37.268915],[142.597041,-37.262186],[142.592991,-37.2577],[142.596223,-37.257113],[142.596916,-37.2554],[142.593048,-37.240549],[142.595453,-37.235888],[142.601252,-37.234103],[142.599114,-37.232031],[142.598225,-37.224398],[142.595251,-37.217585],[142.586902,-37.213847],[142.577483,-37.197383],[142.565701,-37.184141],[142.560821,-37.176287],[142.54278,-37.157405],[142.717089,-37.157286],[142.717053,-37.142878],[142.735014,-37.142767],[142.739725,-37.145263],[142.740451,-37.148326],[142.746542,-37.149002],[142.750526,-37.147227],[142.756431,-37.150863],[142.75849,-37.144964],[142.761892,-37.143132],[142.763612,-37.144593],[142.764853,-37.141898],[142.768746,-37.142834],[142.767815,-37.148227],[142.769638,-37.148431],[142.768455,-37.154403],[142.777167,-37.155353],[142.776908,-37.157155],[142.781769,-37.157662],[142.783662,-37.168874],[142.794617,-37.170171],[142.794959,-37.168324],[142.823907,-37.17166],[142.823368,-37.174423],[142.831655,-37.175463],[142.837891,-37.191627],[142.876719,-37.195345],[142.876328,-37.197408],[142.883969,-37.198281],[142.883432,-37.199666],[142.919358,-37.202817],[142.923419,-37.205441],[142.924641,-37.204253],[142.95398,-37.207765],[142.959264,-37.17493],[142.957703,-37.17109],[142.960484,-37.17138],[142.961288,-37.167025],[142.97043,-37.167312],[142.973403,-37.170181],[142.972613,-37.174779],[142.994535,-37.177335],[142.993528,-37.183059],[143.048916,-37.189737],[143.049358,-37.186018],[143.0591,-37.187188],[143.066945,-37.147355],[143.079934,-37.149034],[143.079648,-37.150556],[143.083721,-37.148646],[143.090438,-37.155219],[143.095537,-37.155558],[143.096526,-37.149722],[143.097688,-37.14262],[143.086165,-37.12479],[143.101145,-37.101243],[143.098906,-37.072275],[143.094657,-37.062827],[143.100989,-37.053022],[143.092686,-37.046416],[143.092622,-37.0389],[143.097703,-37.022059],[143.099035,-37.022054],[143.098969,-37.011331],[143.102686,-37.010521],[143.102703,-37.001503],[143.099022,-37.001486],[143.087132,-36.989439],[143.08709,-36.977224],[143.105203,-36.978771],[143.104034,-36.973432],[143.101239,-36.972907],[143.098319,-36.969834],[143.091239,-36.967856],[143.092685,-36.966418],[143.089919,-36.962919],[143.095723,-36.963108],[143.106992,-36.904379],[143.124396,-36.906324],[143.126143,-36.898659],[143.180544,-36.904852],[143.181706,-36.89765],[143.2135,-36.901044],[143.21258,-36.906866],[143.240458,-36.908607],[143.242828,-36.909915],[143.239293,-36.901816],[143.328133,-36.91204],[143.344599,-36.914627],[143.344388,-36.915853],[143.346478,-36.916098],[143.346889,-36.913809],[143.353424,-36.914579],[143.351778,-36.923682],[143.374084,-36.926222],[143.372764,-36.933962],[143.394657,-36.934065],[143.409724,-36.927742],[143.441191,-36.931121],[143.443091,-36.933434],[143.471982,-36.936815],[143.469942,-36.931398],[143.466751,-36.930585],[143.468976,-36.925431],[143.466909,-36.916802],[143.467387,-36.91147],[143.474219,-36.910094],[143.476507,-36.908467],[143.475497,-36.905823],[143.484923,-36.9004],[143.482015,-36.895031],[143.486297,-36.893278],[143.48821,-36.888311],[143.495338,-36.891058],[143.502024,-36.887102],[143.505481,-36.880803],[143.50466,-36.87981],[143.507919,-36.878723],[143.507494,-36.873839],[143.510287,-36.868665],[143.507571,-36.862318],[143.511008,-36.858827],[143.510197,-36.848673],[143.500632,-36.838623],[143.501187,-36.829784],[143.498777,-36.826571],[143.499043,-36.821479],[143.504074,-36.817848],[143.504117,-36.813841],[143.507465,-36.812808],[143.506897,-36.807905],[143.505202,-36.805093],[143.501779,-36.803895],[143.500564,-36.797035],[143.498046,-36.794812],[143.495763,-36.795586],[143.49005,-36.78933],[143.486674,-36.777628],[143.480587,-36.774329],[143.477564,-36.770649],[143.479711,-36.767507],[143.475416,-36.765763],[143.471321,-36.760986],[143.46575,-36.759976],[143.463183,-36.755091],[143.462792,-36.748781],[143.459587,-36.746576],[143.466467,-36.738412],[143.460606,-36.732767],[143.462985,-36.728623],[143.46605,-36.72788],[143.466745,-36.725424],[143.470497,-36.723411],[143.468283,-36.721731],[143.473929,-36.717657],[143.473836,-36.714354],[143.475503,-36.714312],[143.474909,-36.710915],[143.478814,-36.710153],[143.487746,-36.703987],[143.486795,-36.69954],[143.489928,-36.693544],[143.488681,-36.691591],[143.490582,-36.691351],[143.492565,-36.688067],[143.496631,-36.687455],[143.497429,-36.683263],[143.494796,-36.681362],[143.498775,-36.675657],[143.501195,-36.675295],[143.499001,-36.672558],[143.501365,-36.670955],[143.499891,-36.668217],[143.502756,-36.665082],[143.50292,-36.663505],[143.500576,-36.662263],[143.502052,-36.66139],[143.500423,-36.659291],[143.502154,-36.657983],[143.498017,-36.657905],[143.497356,-36.654671],[143.498831,-36.652058],[143.496261,-36.649161],[143.493744,-36.649601],[143.492031,-36.646111],[143.493197,-36.644979],[143.491305,-36.643903],[143.491734,-36.64088],[143.488367,-36.640497],[143.486944,-36.638627],[143.488333,-36.638065],[143.487654,-36.6357],[143.489518,-36.634763],[143.487136,-36.633407],[143.487047,-36.629807],[143.484881,-36.628599],[143.486351,-36.625723],[143.477251,-36.62617],[143.470587,-36.622761],[143.46996,-36.620401],[143.464822,-36.620237],[143.463972,-36.617874],[143.452043,-36.621633],[143.452721,-36.623472],[143.450953,-36.624664],[143.448542,-36.622454],[143.447954,-36.618443],[143.442925,-36.61783],[143.44242,-36.613679],[143.438377,-36.614417],[143.441096,-36.610397],[143.436534,-36.60835],[143.439851,-36.606029],[143.436177,-36.605554],[143.435056,-36.603676],[143.437082,-36.602716],[143.436102,-36.600949],[143.438353,-36.598799],[143.440425,-36.598598],[143.436674,-36.595685],[143.43698,-36.593615],[143.43976,-36.591712],[143.437419,-36.589832],[143.43789,-36.58823],[143.435048,-36.583716],[143.430815,-36.581727],[143.428567,-36.577499],[143.430789,-36.57352],[143.428853,-36.571676],[143.429873,-36.568615],[143.42631,-36.567652],[143.42621,-36.563047],[143.419261,-36.56095],[143.421578,-36.558692],[143.421243,-36.55711],[143.411185,-36.555897],[143.408935,-36.552483],[143.400519,-36.551584],[143.390746,-36.542069],[143.386158,-36.541799],[143.386325,-36.536963],[143.379126,-36.538487],[143.377224,-36.534146],[143.373233,-36.533115],[143.365252,-36.526802],[143.359287,-36.524848],[143.355579,-36.52057],[143.348883,-36.517607],[143.352618,-36.514296],[143.333787,-36.512274],[143.331305,-36.506691],[143.328037,-36.503771],[143.328594,-36.499751],[143.324503,-36.499112],[143.324191,-36.497333],[143.327187,-36.493866],[143.324967,-36.493789],[143.325582,-36.492537],[143.322292,-36.490391],[143.321531,-36.486893],[143.316286,-36.483207],[143.318004,-36.478771],[143.310439,-36.470518],[143.31134,-36.464636],[143.309052,-36.455303],[143.304903,-36.454795],[143.30661,-36.452745],[143.303833,-36.45118],[143.303814,-36.445234],[143.300982,-36.442683],[143.302494,-36.440709],[143.298326,-36.439877],[143.300347,-36.436139],[143.291766,-36.435149],[143.294196,-36.432055],[143.291045,-36.430078],[143.290627,-36.425589],[143.292784,-36.422038],[143.288758,-36.421233],[143.28832,-36.419602],[143.291907,-36.417853],[143.290211,-36.412317],[143.293134,-36.410979],[143.289952,-36.410578],[143.288722,-36.409382],[143.289633,-36.408566],[143.286324,-36.408252],[143.285621,-36.406675],[143.252779,-36.406884],[143.247985,-36.405349],[143.238367,-36.405382],[143.238375,-36.409464],[143.147394,-36.409735],[143.139086,-36.413009],[143.133125,-36.449402],[143.07262,-36.442916],[143.072324,-36.444662],[143.063662,-36.445235],[143.044897,-36.443164],[143.05937,-36.461893],[143.055747,-36.463999],[143.05744,-36.468202],[143.053005,-36.468118],[143.051452,-36.47732],[143.021223,-36.473988],[143.019843,-36.482724],[142.822982,-36.462488],[142.816741,-36.459558],[142.798656,-36.459549],[142.79861,-36.473256],[142.789382,-36.473259],[142.789433,-36.495901],[142.78515,-36.495893],[142.784846,-36.497773],[142.731909,-36.497724],[142.731701,-36.550811],[142.765194,-36.56153],[142.782939,-36.572055],[142.816377,-36.572315],[142.816408,-36.594241],[142.81114,-36.605271],[142.807896,-36.606376],[142.804491,-36.613288],[142.806461,-36.614971],[142.794669,-36.639498],[142.763869,-36.656719],[142.730336,-36.69806],[142.714103,-36.721019],[142.711928,-36.735762],[142.73155,-36.761355],[142.471204,-36.761482]]]}},{"type":"Feature","properties":{"code":"AU-LGA-25900","name":"Port Phillip","label":"Port Phillip","type":"Local government area","parentCode":"AU-VIC"},"geometry":{"type":"Polygon","coordinates":[[[144.913338,-37.84207],[144.918531,-37.839675],[144.926918,-37.840022],[144.925245,-37.844975],[144.927171,-37.841314],[144.930736,-37.842297],[144.929862,-37.84731],[144.931897,-37.843286],[144.935598,-37.842535],[144.963791,-37.85575],[144.970314,-37.860774],[144.971144,-37.863241],[144.969687,-37.864576],[144.975613,-37.870248],[144.973119,-37.872474],[144.975509,-37.878628],[144.977319,-37.878671],[144.975747,-37.879122],[144.975664,-37.882108],[144.984996,-37.890989],[144.990678,-37.891723],[144.99227,-37.88326],[144.997015,-37.883801],[145.000042,-37.866442],[145.009172,-37.867583],[145.010528,-37.860212],[144.983328,-37.855644],[144.984208,-37.850654],[144.980648,-37.850206],[144.975488,-37.836066],[144.971327,-37.829882],[144.965851,-37.831469],[144.961645,-37.828056],[144.940102,-37.82572],[144.92443,-37.827848],[144.913278,-37.834025],[144.915427,-37.83861],[144.912474,-37.840979],[144.913338,-37.84207]]]}},{"type":"Feature","properties":{"code":"AU-LGA-25990","name":"Pyrenees","label":"Pyrenees","type":"Local government area","parentCode":"AU-VIC"},"geometry":{"type":"Polygon","coordinates":[[[143.180709,-37.731504],[143.185041,-37.730905],[143.189123,-37.734662],[143.195226,-37.733682],[143.200877,-37.73654],[143.203293,-37.73446],[143.212042,-37.735631],[143.215277,-37.734465],[143.217343,-37.738015],[143.218726,-37.736725],[143.224864,-37.737044],[143.224163,-37.739967],[143.227047,-37.743182],[143.226787,-37.744908],[143.23201,-37.744898],[143.232179,-37.746357],[143.234614,-37.743737],[143.231703,-37.742279],[143.236257,-37.743003],[143.237083,-37.741767],[143.242544,-37.744708],[143.24112,-37.745454],[143.241909,-37.746705],[143.244877,-37.745726],[143.244108,-37.744742],[143.245911,-37.742545],[143.249642,-37.742782],[143.250551,-37.739712],[143.248658,-37.73857],[143.256065,-37.734869],[143.25484,-37.73221],[143.260743,-37.734538],[143.267104,-37.733482],[143.263609,-37.738695],[143.267342,-37.740731],[143.268639,-37.745339],[143.270891,-37.745655],[143.2693,-37.748922],[143.272984,-37.74996],[143.27195,-37.753353],[143.274818,-37.753106],[143.277223,-37.756061],[143.282572,-37.754157],[143.28477,-37.757437],[143.290714,-37.755029],[143.297272,-37.756316],[143.29822,-37.754472],[143.301289,-37.755442],[143.302326,-37.753661],[143.304145,-37.756588],[143.305387,-37.751003],[143.308436,-37.750007],[143.307385,-37.748369],[143.31568,-37.748196],[143.317089,-37.746657],[143.315823,-37.7449],[143.322807,-37.743366],[143.321716,-37.73799],[143.317551,-37.738507],[143.316087,-37.73525],[143.325168,-37.736163],[143.320696,-37.73476],[143.319556,-37.728394],[143.318269,-37.727826],[143.322855,-37.72842],[143.322886,-37.726024],[143.326853,-37.722986],[143.32733,-37.719521],[143.325812,-37.717609],[143.321835,-37.717043],[143.326616,-37.714679],[143.320527,-37.711939],[143.322697,-37.710783],[143.325437,-37.711845],[143.327015,-37.710109],[143.330617,-37.712553],[143.332993,-37.708735],[143.339141,-37.710846],[143.342421,-37.70849],[143.342043,-37.704006],[143.340346,-37.704723],[143.339331,-37.702984],[143.340486,-37.701125],[143.342284,-37.701282],[143.340553,-37.698941],[143.343376,-37.699155],[143.340066,-37.69665],[143.34017,-37.695096],[143.34501,-37.693298],[143.344981,-37.691127],[143.351381,-37.686605],[143.353873,-37.670362],[143.372882,-37.672314],[143.373126,-37.670681],[143.375151,-37.671043],[143.379816,-37.668364],[143.385369,-37.670184],[143.388751,-37.668811],[143.395275,-37.669765],[143.398575,-37.668035],[143.40334,-37.668891],[143.404773,-37.672822],[143.407808,-37.671592],[143.412622,-37.673111],[143.414788,-37.670754],[143.423687,-37.670331],[143.426283,-37.668072],[143.428655,-37.669856],[143.431325,-37.669484],[143.431559,-37.671525],[143.441346,-37.670285],[143.443823,-37.66864],[143.446401,-37.669564],[143.446747,-37.666779],[143.455383,-37.659728],[143.458557,-37.661653],[143.46475,-37.658916],[143.467468,-37.660102],[143.467497,-37.658579],[143.464335,-37.657369],[143.466005,-37.653887],[143.481101,-37.652329],[143.476242,-37.650063],[143.48294,-37.645963],[143.489727,-37.646798],[143.487913,-37.655116],[143.499875,-37.656783],[143.494833,-37.660865],[143.535784,-37.666691],[143.533358,-37.664339],[143.536544,-37.648298],[143.586643,-37.653711],[143.587355,-37.65007],[143.59304,-37.648531],[143.593361,-37.646947],[143.596051,-37.646326],[143.595309,-37.644295],[143.641971,-37.65029],[143.642219,-37.646216],[143.651648,-37.64704],[143.652636,-37.624175],[143.668565,-37.538429],[143.64882,-37.536208],[143.64946,-37.533033],[143.632436,-37.532644],[143.625415,-37.529465],[143.62204,-37.525138],[143.606057,-37.534912],[143.599297,-37.527939],[143.595005,-37.527254],[143.613274,-37.50082],[143.618279,-37.476233],[143.620277,-37.473782],[143.621503,-37.467708],[143.609244,-37.467129],[143.609542,-37.465804],[143.620016,-37.464949],[143.622843,-37.451593],[143.61985,-37.447852],[143.623132,-37.437017],[143.624396,-37.437179],[143.629884,-37.411166],[143.628114,-37.409419],[143.628991,-37.40723],[143.626997,-37.406695],[143.628319,-37.400792],[143.632219,-37.399754],[143.665611,-37.234306],[143.636406,-37.23082],[143.640646,-37.208298],[143.58229,-37.20172],[143.585418,-37.18454],[143.55096,-37.180468],[143.551599,-37.178328],[143.549828,-37.176081],[143.553449,-37.170787],[143.55112,-37.167984],[143.553496,-37.162725],[143.551921,-37.15873],[143.555476,-37.159144],[143.557277,-37.156082],[143.563524,-37.151837],[143.566552,-37.152518],[143.570618,-37.150112],[143.574101,-37.142563],[143.580532,-37.139311],[143.58295,-37.131924],[143.580899,-37.128281],[143.581705,-37.125559],[143.578935,-37.123308],[143.578126,-37.115116],[143.573512,-37.113038],[143.572504,-37.115668],[143.570551,-37.116238],[143.569546,-37.113728],[143.567375,-37.112958],[143.564906,-37.114132],[143.564243,-37.116895],[143.562729,-37.116511],[143.559941,-37.108396],[143.562314,-37.099832],[143.560869,-37.097916],[143.565275,-37.095641],[143.55202,-37.094139],[143.562532,-37.033604],[143.575694,-37.031831],[143.579753,-37.00941],[143.592077,-37.010825],[143.594181,-36.998603],[143.60203,-36.999501],[143.603665,-36.989919],[143.594678,-36.988864],[143.575801,-36.981516],[143.577553,-36.971677],[143.574682,-36.968991],[143.593529,-36.956168],[143.581961,-36.945104],[143.577238,-36.948386],[143.54341,-36.943959],[143.54246,-36.949217],[143.506482,-36.945353],[143.506958,-36.942735],[143.472431,-36.93886],[143.472152,-36.936835],[143.443091,-36.933434],[143.441191,-36.931121],[143.409724,-36.927742],[143.394657,-36.934065],[143.373726,-36.934089],[143.374084,-36.926222],[143.351778,-36.923682],[143.353424,-36.914579],[143.346889,-36.913809],[143.346478,-36.916098],[143.344388,-36.915853],[143.344599,-36.914627],[143.328133,-36.91204],[143.239293,-36.901816],[143.242828,-36.909915],[143.240458,-36.908607],[143.21258,-36.906866],[143.2135,-36.901044],[143.181706,-36.89765],[143.180544,-36.904852],[143.126143,-36.898659],[143.124396,-36.906324],[143.106992,-36.904379],[143.095723,-36.963108],[143.089919,-36.962919],[143.092685,-36.966418],[143.091239,-36.967856],[143.098319,-36.969834],[143.101239,-36.972907],[143.104034,-36.973432],[143.105203,-36.978771],[143.08709,-36.977224],[143.087132,-36.989439],[143.099022,-37.001486],[143.102703,-37.001503],[143.102686,-37.010521],[143.098969,-37.011331],[143.099035,-37.022054],[143.097703,-37.022059],[143.092622,-37.0389],[143.092686,-37.046416],[143.100989,-37.053022],[143.094657,-37.062827],[143.098906,-37.072275],[143.101145,-37.101243],[143.086165,-37.12479],[143.097688,-37.14262],[143.095537,-37.155558],[143.113492,-37.157555],[143.114092,-37.160348],[143.12126,-37.167866],[143.125236,-37.169325],[143.127605,-37.173359],[143.137182,-37.174374],[143.138262,-37.171134],[143.144024,-37.172329],[143.150338,-37.170706],[143.152084,-37.171832],[143.152164,-37.174615],[143.156885,-37.176917],[143.158646,-37.175629],[143.16521,-37.175698],[143.167955,-37.178615],[143.167507,-37.181276],[143.169626,-37.181904],[143.168874,-37.18403],[143.18173,-37.188609],[143.184928,-37.187851],[143.184202,-37.185324],[143.186309,-37.183081],[143.191423,-37.181437],[143.190879,-37.178488],[143.195872,-37.177745],[143.1917,-37.172446],[143.193218,-37.170135],[143.197696,-37.171157],[143.198605,-37.166595],[143.203163,-37.164881],[143.201704,-37.163296],[143.202544,-37.161026],[143.204881,-37.161554],[143.205616,-37.159472],[143.208862,-37.160107],[143.217665,-37.153608],[143.221397,-37.152531],[143.224601,-37.153646],[143.233545,-37.160883],[143.232615,-37.164375],[143.234261,-37.168711],[143.242617,-37.173871],[143.249082,-37.172085],[143.252914,-37.177162],[143.263766,-37.18171],[143.264632,-37.188333],[143.270842,-37.196551],[143.2672,-37.20241],[143.269748,-37.206079],[143.269361,-37.209861],[143.27216,-37.213161],[143.271703,-37.21665],[143.282313,-37.226468],[143.285805,-37.234641],[143.286178,-37.247676],[143.283695,-37.260127],[143.291284,-37.27995],[143.290798,-37.282119],[143.287169,-37.284068],[143.288739,-37.28464],[143.28432,-37.286775],[143.279602,-37.286721],[143.274957,-37.283951],[143.265058,-37.282791],[143.258261,-37.279781],[143.247291,-37.283846],[143.244007,-37.282985],[143.233791,-37.28605],[143.226632,-37.29105],[143.231915,-37.300952],[143.231935,-37.303899],[143.229739,-37.310193],[143.225623,-37.315371],[143.221681,-37.315416],[143.221584,-37.310122],[143.213881,-37.310177],[143.213893,-37.312866],[143.203996,-37.314716],[143.194348,-37.320982],[143.201558,-37.324367],[143.201732,-37.356558],[143.231464,-37.356509],[143.230997,-37.357552],[143.248619,-37.362086],[143.248735,-37.364813],[143.240492,-37.375497],[143.236547,-37.384283],[143.251195,-37.388442],[143.250105,-37.390493],[143.251014,-37.39281],[143.24411,-37.402445],[143.222874,-37.413138],[143.219934,-37.415629],[143.218904,-37.420298],[143.213271,-37.421156],[143.210448,-37.426327],[143.20688,-37.428607],[143.1973,-37.426307],[143.191753,-37.466343],[143.179336,-37.524538],[143.193014,-37.52644],[143.183724,-37.533178],[143.169719,-37.560833],[143.156516,-37.568685],[143.151465,-37.575593],[143.139091,-37.587043],[143.134522,-37.600227],[143.116449,-37.620476],[143.108482,-37.638016],[143.102589,-37.644581],[143.089807,-37.651385],[143.082127,-37.663414],[143.078909,-37.672316],[143.075844,-37.683132],[143.076822,-37.692025],[143.074341,-37.703122],[143.064694,-37.716525],[143.060896,-37.718202],[143.180709,-37.731504]]]}},{"type":"Feature","properties":{"code":"AU-LGA-26080","name":"Queenscliffe","label":"Queenscliffe","type":"Local government area","parentCode":"AU-VIC"},"geometry":{"type":"MultiPolygon","coordinates":[[[[144.68579,-38.245743],[144.687696,-38.245398],[144.684193,-38.244558],[144.68579,-38.245743]]],[[[144.637837,-38.267234],[144.638939,-38.267357],[144.638506,-38.266639],[144.637837,-38.267234]]],[[[144.600751,-38.287825],[144.614249,-38.29213],[144.616186,-38.287738],[144.614878,-38.28346],[144.620179,-38.275899],[144.629918,-38.273071],[144.644281,-38.271731],[144.659782,-38.273899],[144.664174,-38.267569],[144.672252,-38.265255],[144.666771,-38.262227],[144.658046,-38.263457],[144.655704,-38.265487],[144.648627,-38.266553],[144.642386,-38.26974],[144.633294,-38.269833],[144.632164,-38.269407],[144.634262,-38.266523],[144.637027,-38.266087],[144.626092,-38.257506],[144.600751,-38.287825]]],[[[144.667556,-38.26219],[144.671916,-38.264349],[144.673001,-38.262809],[144.67047,-38.259769],[144.669874,-38.262913],[144.667678,-38.262096],[144.669756,-38.257928],[144.668803,-38.258952],[144.667855,-38.255003],[144.672482,-38.2552],[144.670816,-38.257437],[144.680011,-38.252924],[144.688865,-38.251549],[144.697945,-38.24809],[144.702015,-38.243115],[144.696588,-38.241221],[144.68972,-38.242802],[144.68854,-38.243921],[144.689941,-38.244564],[144.68935,-38.246726],[144.682348,-38.247739],[144.678834,-38.250618],[144.678189,-38.247474],[144.681179,-38.240231],[144.680203,-38.237827],[144.678084,-38.237877],[144.663191,-38.251863],[144.663663,-38.254344],[144.667642,-38.255937],[144.667556,-38.26219]]],[[[144.666504,-38.258577],[144.66629,-38.257092],[144.661925,-38.258862],[144.664541,-38.260035],[144.666504,-38.258577]]]]}},{"type":"Feature","properties":{"code":"AU-LGA-26170","name":"South Gippsland","label":"South Gippsland","type":"Local government area","parentCode":"AU-VIC"},"geometry":{"type":"Polygon","coordinates":[[[145.729502,-38.645097],[145.731676,-38.648708],[145.765553,-38.666739],[145.793588,-38.688056],[145.833109,-38.728796],[145.869532,-38.776135],[145.883297,-38.803522],[145.886674,-38.814098],[145.894281,-38.822888],[145.898077,-38.835883],[145.897266,-38.838067],[145.900157,-38.843147],[145.899104,-38.846791],[145.90334,-38.849011],[145.904672,-38.854512],[145.908405,-38.857828],[145.914927,-38.87212],[145.916571,-38.879939],[145.913477,-38.882714],[145.914378,-38.885847],[145.91266,-38.886597],[145.913416,-38.8876],[145.910644,-38.892745],[145.914698,-38.893647],[145.914152,-38.896801],[145.911961,-38.898596],[145.914169,-38.898473],[145.916299,-38.900768],[145.91473,-38.902594],[145.918559,-38.904316],[145.918922,-38.906931],[145.921215,-38.907197],[145.921203,-38.909597],[145.926013,-38.905637],[145.927508,-38.906509],[145.936902,-38.897369],[145.940012,-38.8961],[145.956958,-38.896301],[145.962917,-38.898781],[145.965494,-38.896163],[145.971574,-38.896974],[145.979374,-38.895064],[145.982635,-38.890871],[146.001659,-38.881543],[146.003835,-38.878056],[146.006292,-38.877907],[146.006645,-38.876301],[146.004268,-38.874313],[146.001106,-38.866925],[146.001533,-38.861411],[145.997742,-38.859684],[145.996593,-38.852278],[145.998132,-38.845955],[146.011391,-38.824181],[146.032681,-38.813538],[146.043037,-38.811283],[146.0632,-38.81176],[146.085335,-38.816278],[146.104562,-38.822951],[146.123151,-38.831529],[146.184208,-38.869496],[146.220575,-38.903479],[146.236745,-38.922561],[146.246885,-38.938474],[146.254871,-38.95474],[146.269502,-38.972947],[146.267313,-38.97692],[146.270786,-38.981225],[146.26769,-38.986237],[146.268902,-38.988325],[146.267301,-38.991178],[146.261067,-38.990365],[146.257062,-38.992522],[146.25329,-38.992267],[146.252943,-38.993535],[146.248578,-38.993935],[146.248972,-38.996007],[146.257334,-38.99384],[146.262781,-38.99871],[146.265152,-38.995301],[146.274335,-38.996376],[146.281656,-39.006644],[146.291854,-39.013105],[146.289753,-39.013721],[146.292519,-39.015803],[146.291872,-39.019156],[146.2864,-39.020525],[146.28392,-39.024874],[146.288962,-39.027202],[146.291709,-39.022478],[146.296376,-39.024547],[146.299216,-39.022936],[146.303033,-39.023457],[146.307157,-39.028152],[146.306926,-39.031987],[146.303952,-39.036437],[146.304716,-39.03935],[146.308442,-39.038129],[146.316711,-39.028827],[146.32859,-39.027799],[146.319603,-39.028468],[146.314036,-39.031802],[146.321674,-39.036185],[146.326367,-39.041105],[146.316947,-39.052242],[146.320979,-39.053593],[146.329331,-39.049693],[146.334109,-39.053369],[146.334826,-39.058508],[146.3368,-39.059922],[146.347537,-39.060671],[146.352344,-39.058844],[146.349061,-39.060685],[146.342987,-39.060974],[146.343545,-39.071547],[146.342251,-39.071688],[146.340671,-39.07694],[146.338818,-39.076397],[146.335039,-39.079076],[146.324278,-39.076821],[146.321436,-39.077968],[146.320751,-39.080444],[146.322428,-39.082346],[146.32145,-39.087874],[146.324685,-39.09396],[146.331912,-39.09882],[146.33428,-39.101597],[146.334721,-39.106478],[146.339825,-39.110457],[146.342359,-39.110413],[146.344368,-39.11378],[146.343842,-39.121085],[146.345945,-39.125469],[146.351661,-39.125043],[146.363336,-39.132234],[146.367194,-39.132042],[146.368086,-39.134029],[146.374511,-39.133826],[146.373816,-39.136727],[146.379261,-39.133325],[146.381132,-39.129588],[146.384208,-39.129555],[146.387831,-39.125078],[146.387456,-39.129543],[146.390176,-39.13162],[146.389274,-39.133908],[146.395005,-39.13442],[146.398364,-39.131889],[146.406591,-39.130978],[146.416021,-39.125508],[146.420923,-39.12584],[146.422068,-39.129866],[146.424818,-39.130981],[146.42664,-39.129742],[146.426547,-39.127077],[146.421858,-39.122472],[146.424139,-39.114646],[146.427788,-39.113586],[146.431758,-39.114809],[146.427026,-39.11142],[146.426865,-39.108265],[146.431862,-39.109285],[146.434857,-39.107714],[146.437448,-39.093687],[146.441608,-39.089741],[146.438627,-39.087251],[146.437776,-39.089807],[146.435936,-39.089962],[146.425297,-39.083536],[146.425915,-39.075504],[146.430842,-39.065766],[146.444156,-39.063924],[146.447024,-39.057328],[146.455295,-39.054103],[146.464429,-39.061778],[146.473775,-39.065201],[146.475831,-39.063031],[146.477882,-39.065939],[146.480651,-39.066344],[146.480951,-39.061943],[146.483356,-39.061015],[146.482613,-39.058209],[146.48034,-39.057503],[146.479138,-39.052667],[146.474466,-39.054927],[146.477767,-39.04379],[146.475019,-39.043928],[146.473046,-39.046329],[146.470754,-39.044157],[146.470372,-39.04089],[146.46799,-39.039432],[146.464337,-39.042283],[146.460444,-39.036902],[146.46296,-39.03463],[146.465176,-39.036195],[146.470762,-39.035705],[146.471101,-39.034254],[146.464005,-39.028919],[146.470136,-39.026425],[146.473275,-39.028909],[146.476347,-39.027727],[146.475398,-39.025653],[146.473428,-39.027157],[146.469196,-39.023183],[146.464611,-39.022241],[146.461439,-39.019611],[146.452528,-39.019922],[146.445136,-39.01767],[146.442913,-39.022107],[146.437199,-39.021001],[146.43286,-39.016736],[146.43176,-39.010964],[146.432321,-39.008552],[146.442071,-39.007281],[146.445697,-39.003695],[146.446222,-38.997995],[146.436116,-38.981008],[146.450987,-38.947838],[146.462148,-38.930873],[146.474094,-38.916232],[146.477211,-38.917043],[146.480293,-38.912904],[146.484374,-38.911545],[146.486544,-38.91281],[146.489301,-38.910451],[146.485786,-38.90858],[146.48736,-38.90649],[146.485997,-38.903739],[146.487416,-38.894256],[146.485325,-38.892272],[146.482163,-38.892947],[146.480605,-38.891377],[146.481661,-38.885513],[146.484478,-38.883166],[146.482054,-38.881652],[146.479138,-38.882679],[146.473929,-38.881474],[146.472654,-38.877784],[146.469959,-38.877769],[146.4681,-38.873494],[146.468969,-38.860485],[146.474639,-38.842797],[146.47596,-38.842475],[146.471446,-38.836509],[146.47061,-38.831773],[146.473388,-38.823045],[146.472955,-38.81705],[146.478897,-38.799258],[146.479132,-38.793482],[146.477254,-38.789545],[146.474853,-38.788602],[146.474789,-38.790257],[146.473508,-38.78978],[146.467062,-38.780903],[146.460297,-38.78236],[146.45837,-38.780967],[146.449032,-38.780895],[146.444283,-38.777894],[146.441008,-38.780124],[146.437965,-38.778909],[146.436189,-38.780953],[146.438272,-38.785592],[146.437325,-38.790042],[146.435852,-38.790731],[146.437047,-38.792802],[146.43565,-38.795899],[146.427547,-38.798403],[146.426969,-38.802149],[146.420736,-38.803794],[146.42316,-38.808682],[146.420466,-38.81103],[146.419432,-38.818319],[146.421867,-38.819495],[146.421136,-38.833695],[146.418356,-38.84581],[146.414867,-38.852065],[146.412653,-38.853281],[146.408876,-38.850171],[146.396162,-38.852167],[146.393253,-38.850475],[146.382033,-38.859727],[146.368716,-38.860037],[146.362524,-38.865981],[146.35258,-38.868211],[146.347253,-38.872124],[146.346675,-38.875563],[146.336341,-38.880232],[146.335727,-38.885477],[146.332161,-38.887408],[146.332859,-38.889001],[146.330629,-38.894727],[146.323715,-38.9033],[146.315683,-38.905676],[146.299113,-38.906328],[146.29129,-38.90374],[146.28721,-38.894512],[146.288108,-38.884561],[146.293313,-38.878473],[146.287209,-38.87021],[146.286558,-38.866404],[146.270276,-38.860127],[146.263942,-38.82343],[146.268875,-38.817342],[146.267818,-38.815002],[146.269276,-38.807884],[146.27282,-38.806035],[146.263987,-38.805482],[146.25054,-38.809863],[146.240938,-38.811121],[146.233053,-38.809031],[146.227546,-38.800475],[146.222975,-38.7781],[146.219837,-38.776684],[146.218503,-38.771813],[146.203702,-38.765344],[146.200635,-38.759361],[146.201162,-38.756538],[146.197173,-38.754099],[146.192193,-38.743211],[146.190504,-38.742245],[146.190621,-38.744034],[146.185566,-38.743357],[146.18863,-38.731186],[146.192603,-38.728724],[146.197167,-38.730941],[146.197116,-38.732502],[146.194335,-38.733982],[146.195382,-38.735858],[146.198553,-38.736217],[146.198279,-38.734336],[146.200308,-38.733668],[146.20144,-38.736363],[146.205451,-38.738137],[146.204822,-38.740621],[146.210704,-38.737933],[146.204669,-38.735391],[146.207874,-38.734879],[146.207463,-38.73271],[146.209903,-38.731537],[146.210673,-38.728473],[146.200642,-38.733003],[146.200105,-38.72776],[146.198194,-38.72924],[146.192049,-38.726423],[146.19425,-38.723596],[146.195917,-38.724599],[146.196665,-38.718845],[146.199532,-38.716083],[146.204108,-38.72004],[146.207766,-38.720108],[146.210159,-38.716849],[146.213186,-38.719695],[146.214154,-38.716654],[146.211942,-38.717371],[146.208577,-38.713197],[146.20645,-38.715359],[146.202723,-38.713337],[146.208881,-38.710436],[146.217953,-38.710245],[146.221281,-38.707006],[146.226391,-38.705657],[146.226092,-38.704126],[146.229254,-38.701175],[146.227647,-38.696997],[146.224333,-38.698392],[146.212294,-38.69726],[146.213646,-38.695597],[146.212065,-38.692841],[146.215002,-38.695728],[146.231162,-38.695166],[146.230746,-38.692014],[146.227611,-38.689131],[146.2384,-38.688811],[146.240242,-38.684982],[146.243946,-38.682819],[146.245371,-38.683657],[146.24265,-38.688058],[146.244472,-38.695894],[146.253943,-38.69728],[146.255819,-38.695509],[146.252087,-38.695703],[146.25386,-38.689762],[146.258355,-38.692109],[146.260936,-38.689931],[146.260656,-38.687308],[146.26116,-38.690883],[146.266465,-38.691015],[146.267493,-38.687897],[146.29195,-38.695249],[146.303488,-38.691729],[146.319321,-38.689461],[146.319739,-38.6878],[146.328913,-38.687023],[146.331736,-38.690791],[146.339078,-38.690571],[146.330476,-38.687244],[146.331826,-38.681055],[146.338216,-38.680308],[146.338041,-38.67402],[146.344908,-38.676574],[146.351138,-38.672972],[146.357766,-38.676172],[146.360931,-38.680841],[146.370009,-38.684091],[146.373197,-38.681264],[146.377297,-38.681483],[146.37727,-38.683504],[146.380992,-38.685632],[146.380022,-38.687659],[146.377276,-38.688019],[146.379825,-38.691274],[146.379354,-38.701768],[146.38377,-38.707449],[146.384166,-38.715146],[146.382573,-38.718094],[146.383957,-38.719345],[146.406831,-38.722364],[146.411862,-38.720814],[146.41382,-38.717858],[146.410016,-38.719339],[146.406552,-38.718552],[146.410336,-38.711898],[146.417915,-38.707598],[146.418476,-38.705641],[146.439106,-38.699698],[146.439312,-38.697153],[146.437106,-38.694448],[146.44509,-38.695004],[146.446924,-38.6968],[146.450301,-38.693947],[146.449111,-38.699825],[146.461057,-38.69957],[146.463067,-38.702067],[146.466648,-38.701711],[146.470826,-38.698481],[146.492974,-38.696747],[146.493447,-38.687752],[146.492035,-38.684534],[146.494675,-38.679726],[146.496738,-38.687269],[146.504607,-38.681961],[146.5052,-38.686094],[146.502383,-38.689615],[146.502946,-38.691535],[146.518588,-38.694594],[146.525781,-38.692369],[146.523203,-38.692034],[146.522924,-38.690362],[146.522557,-38.691598],[146.51951,-38.690396],[146.521456,-38.688976],[146.525863,-38.664163],[146.520422,-38.663531],[146.528356,-38.623053],[146.524968,-38.622637],[146.525608,-38.619296],[146.493327,-38.613352],[146.492749,-38.615857],[146.47806,-38.613973],[146.478609,-38.611393],[146.475465,-38.611248],[146.476237,-38.609309],[146.461559,-38.607372],[146.463134,-38.598487],[146.44973,-38.5968],[146.448656,-38.602053],[146.440328,-38.601047],[146.43979,-38.603957],[146.428153,-38.602555],[146.427672,-38.604971],[146.409238,-38.602615],[146.410095,-38.598477],[146.407173,-38.598923],[146.405021,-38.596945],[146.394118,-38.598444],[146.386715,-38.595181],[146.384725,-38.591283],[146.378269,-38.589758],[146.375748,-38.592629],[146.371001,-38.590908],[146.368811,-38.591849],[146.367266,-38.589324],[146.368789,-38.587979],[146.367991,-38.586583],[146.370599,-38.585055],[146.370242,-38.582057],[146.365816,-38.581472],[146.364217,-38.57938],[146.367627,-38.576551],[146.361586,-38.575966],[146.360401,-38.574024],[146.356963,-38.573431],[146.352544,-38.573956],[146.351425,-38.572347],[146.347577,-38.574716],[146.347926,-38.573271],[146.345006,-38.570223],[146.336857,-38.570703],[146.334257,-38.568856],[146.335457,-38.567431],[146.329244,-38.565874],[146.330069,-38.563866],[146.322027,-38.56473],[146.3173,-38.561917],[146.312702,-38.561833],[146.314808,-38.559703],[146.316689,-38.56],[146.31682,-38.556838],[146.314897,-38.555295],[146.315922,-38.554073],[146.311229,-38.551299],[146.311922,-38.549334],[146.314349,-38.548621],[146.312449,-38.543891],[146.317635,-38.542819],[146.319375,-38.539279],[146.321581,-38.538707],[146.319993,-38.537865],[146.321144,-38.535163],[146.326758,-38.533808],[146.326033,-38.531991],[146.327395,-38.531345],[146.318611,-38.522857],[146.318129,-38.520717],[146.31378,-38.520792],[146.313322,-38.519552],[146.304423,-38.521004],[146.297518,-38.526556],[146.293158,-38.525407],[146.290553,-38.527906],[146.288113,-38.524033],[146.284503,-38.523568],[146.285572,-38.520898],[146.283618,-38.517003],[146.286546,-38.513839],[146.285036,-38.513176],[146.285296,-38.506356],[146.291005,-38.504682],[146.29277,-38.502436],[146.291803,-38.500105],[146.254763,-38.496097],[146.257528,-38.483378],[146.259897,-38.483676],[146.262573,-38.470977],[146.238429,-38.467956],[146.239918,-38.460836],[146.235511,-38.460241],[146.237186,-38.452894],[146.269271,-38.45694],[146.272191,-38.446409],[146.223198,-38.439945],[146.226489,-38.424795],[146.23067,-38.425107],[146.232847,-38.414021],[146.228751,-38.413506],[146.234547,-38.384933],[146.235877,-38.384639],[146.234395,-38.380646],[146.240875,-38.379159],[146.236668,-38.375631],[146.219903,-38.374408],[146.210514,-38.370382],[146.223492,-38.365859],[146.231505,-38.354193],[146.243527,-38.356109],[146.247423,-38.337927],[146.249596,-38.338199],[146.25052,-38.326638],[146.228573,-38.323877],[146.230194,-38.321721],[146.218586,-38.320247],[146.216837,-38.321366],[146.203898,-38.317092],[146.201776,-38.328103],[146.192685,-38.326939],[146.189219,-38.343875],[146.162191,-38.340565],[146.160471,-38.34927],[146.148018,-38.347806],[146.122524,-38.360039],[146.09676,-38.325789],[146.090735,-38.328427],[146.074438,-38.314283],[146.073084,-38.318706],[146.064028,-38.310591],[146.049613,-38.320608],[146.054212,-38.3236],[146.034298,-38.331763],[146.026625,-38.331313],[146.024247,-38.329542],[146.011502,-38.332754],[146.007073,-38.329761],[145.986581,-38.327694],[145.987767,-38.320895],[145.976781,-38.319658],[145.977933,-38.313127],[145.967475,-38.31206],[145.965423,-38.323574],[145.95421,-38.322376],[145.953832,-38.324682],[145.941878,-38.323408],[145.940669,-38.330799],[145.902043,-38.326529],[145.902422,-38.330701],[145.901071,-38.331585],[145.906551,-38.339021],[145.888592,-38.336795],[145.889848,-38.329349],[145.88445,-38.328823],[145.884956,-38.31679],[145.877511,-38.316212],[145.876329,-38.323483],[145.862844,-38.321913],[145.862406,-38.324523],[145.827697,-38.320472],[145.830883,-38.303494],[145.82742,-38.300235],[145.826684,-38.297047],[145.821012,-38.292627],[145.822091,-38.289969],[145.820074,-38.289842],[145.816743,-38.285694],[145.81536,-38.282462],[145.816348,-38.281012],[145.812478,-38.275924],[145.8143,-38.274494],[145.812358,-38.271317],[145.805093,-38.268797],[145.801548,-38.269334],[145.800553,-38.264359],[145.772937,-38.261192],[145.77194,-38.266309],[145.759613,-38.264897],[145.762161,-38.268306],[145.759049,-38.272539],[145.758838,-38.276074],[145.761296,-38.277462],[145.735403,-38.274556],[145.732686,-38.289362],[145.699718,-38.285648],[145.698733,-38.291119],[145.689646,-38.290106],[145.690939,-38.283076],[145.681498,-38.282219],[145.680281,-38.289584],[145.638144,-38.284844],[145.638558,-38.282492],[145.630619,-38.286469],[145.625048,-38.286063],[145.618923,-38.289058],[145.614729,-38.287982],[145.612454,-38.28556],[145.607137,-38.315251],[145.609266,-38.314698],[145.605689,-38.332444],[145.623879,-38.336264],[145.628864,-38.338369],[145.629355,-38.3407],[145.634451,-38.343635],[145.644645,-38.342368],[145.647268,-38.345515],[145.650029,-38.355043],[145.665474,-38.367177],[145.672485,-38.371025],[145.691771,-38.373313],[145.694805,-38.376101],[145.695728,-38.381012],[145.692588,-38.386003],[145.69786,-38.393422],[145.685767,-38.457151],[145.688708,-38.457504],[145.688371,-38.464447],[145.676299,-38.463469],[145.675679,-38.467145],[145.678043,-38.467394],[145.675721,-38.481045],[145.673843,-38.480637],[145.677337,-38.488966],[145.68021,-38.491599],[145.687968,-38.49418],[145.689417,-38.496821],[145.692292,-38.497283],[145.69347,-38.501378],[145.695796,-38.502155],[145.694576,-38.505739],[145.698656,-38.509645],[145.699527,-38.515387],[145.700824,-38.515913],[145.698697,-38.536246],[145.718399,-38.53821],[145.721059,-38.524423],[145.730272,-38.525438],[145.728629,-38.535146],[145.761933,-38.538456],[145.757154,-38.566212],[145.775714,-38.567922],[145.764025,-38.599839],[145.768192,-38.603987],[145.816476,-38.583515],[145.808079,-38.626469],[145.808445,-38.627953],[145.81468,-38.627224],[145.814968,-38.636044],[145.818353,-38.636441],[145.815194,-38.63716],[145.814644,-38.638747],[145.817816,-38.641571],[145.816431,-38.642811],[145.817973,-38.644564],[145.816612,-38.647502],[145.746071,-38.643304],[145.729502,-38.645097]]]}},{"type":"Feature","properties":{"code":"AU-LGA-26260","name":"Southern Grampians","label":"Southern Grampians","type":"Local government area","parentCode":"AU-VIC"},"geometry":{"type":"Polygon","coordinates":[[[141.874672,-37.940844],[141.884667,-37.942535],[141.915355,-37.963842],[141.931828,-37.9621],[141.960052,-37.973192],[141.965735,-37.971007],[141.971527,-37.972987],[141.981859,-37.971702],[141.982996,-37.970302],[141.985741,-37.971163],[141.988956,-37.967673],[141.988751,-37.9654],[141.993756,-37.96336],[141.996561,-37.958953],[142.006104,-37.959515],[142.007727,-37.956574],[142.010396,-37.955875],[142.018359,-37.958144],[142.031374,-37.948178],[142.114751,-37.947013],[142.112842,-37.956788],[142.133867,-37.9565],[142.136755,-37.954098],[142.135961,-37.949899],[142.14078,-37.949722],[142.145133,-37.95173],[142.14836,-37.950742],[142.150672,-37.952925],[142.154813,-37.951897],[142.154809,-37.946682],[142.161818,-37.944207],[142.162219,-37.940006],[142.165242,-37.94155],[142.167323,-37.94514],[142.17466,-37.946193],[142.178694,-37.94461],[142.178403,-37.940987],[142.188571,-37.937162],[142.19324,-37.939009],[142.203056,-37.93763],[142.204911,-37.936002],[142.214055,-37.937301],[142.214077,-37.934418],[142.413609,-37.93222],[142.411928,-37.931581],[142.409943,-37.913144],[142.411509,-37.906586],[142.409006,-37.898149],[142.423629,-37.909197],[142.432565,-37.90932],[142.439669,-37.915271],[142.45014,-37.918418],[142.466692,-37.834913],[142.530705,-37.843026],[142.533862,-37.826935],[142.548465,-37.821355],[142.552546,-37.801317],[142.5888,-37.805849],[142.59706,-37.809377],[142.614725,-37.810335],[142.612619,-37.791634],[142.608304,-37.785297],[142.597464,-37.780683],[142.5933,-37.775872],[142.590167,-37.765105],[142.593961,-37.754047],[142.596159,-37.740759],[142.596513,-37.733571],[142.594009,-37.727709],[142.594777,-37.718784],[142.598874,-37.713284],[142.601765,-37.69956],[142.615665,-37.689359],[142.619072,-37.674036],[142.618776,-37.646835],[142.587244,-37.63579],[142.58712,-37.62696],[142.484945,-37.614207],[142.483511,-37.612616],[142.466625,-37.611897],[142.467672,-37.614807],[142.458526,-37.614868],[142.45848,-37.610901],[142.353487,-37.597971],[142.356082,-37.594148],[142.355158,-37.587107],[142.357696,-37.585409],[142.366725,-37.570818],[142.367304,-37.56558],[142.369096,-37.563789],[142.365967,-37.559669],[142.367054,-37.5575],[142.364186,-37.544929],[142.370713,-37.533066],[142.372578,-37.524747],[142.375319,-37.523625],[142.379105,-37.510589],[142.387431,-37.498441],[142.391412,-37.496237],[142.39293,-37.493301],[142.4072,-37.488963],[142.414543,-37.478797],[142.41854,-37.475932],[142.418675,-37.470676],[142.426969,-37.467694],[142.42681,-37.458339],[142.429442,-37.453441],[142.436136,-37.44881],[142.43421,-37.444319],[142.446617,-37.433829],[142.452311,-37.433387],[142.458102,-37.425329],[142.4593,-37.420857],[142.465857,-37.416287],[142.466967,-37.412511],[142.469801,-37.411154],[142.478011,-37.400924],[142.482,-37.392799],[142.483405,-37.382169],[142.48715,-37.381162],[142.487203,-37.378806],[142.492002,-37.374765],[142.493767,-37.36985],[142.495033,-37.36497],[142.49352,-37.360858],[142.496173,-37.354849],[142.495696,-37.347472],[142.49728,-37.343804],[142.497159,-37.337574],[142.500187,-37.330144],[142.500489,-37.319987],[142.505056,-37.318433],[142.505155,-37.316277],[142.508132,-37.3149],[142.511059,-37.30856],[142.514214,-37.305718],[142.513919,-37.298593],[142.516358,-37.293213],[142.512515,-37.293853],[142.50399,-37.291594],[142.501408,-37.292548],[142.490326,-37.287531],[142.465631,-37.281584],[142.463441,-37.27606],[142.455135,-37.26543],[142.423096,-37.260083],[142.403467,-37.237372],[142.392027,-37.231771],[142.369073,-37.228894],[142.358833,-37.225496],[142.355714,-37.21924],[142.334423,-37.205418],[142.328764,-37.199191],[142.316661,-37.194699],[142.309392,-37.188859],[142.275317,-37.169801],[142.259158,-37.157206],[142.255018,-37.156718],[142.24783,-37.151983],[142.241023,-37.149912],[142.239748,-37.147661],[142.240556,-37.142117],[142.234783,-37.138169],[142.236078,-37.130312],[142.233913,-37.124329],[142.22248,-37.120562],[142.221375,-37.115165],[142.21571,-37.111389],[142.216122,-37.100705],[142.211682,-37.090375],[142.208567,-37.088062],[142.202077,-37.088607],[142.201968,-37.095014],[142.193429,-37.103611],[142.19182,-37.108193],[142.187914,-37.109547],[142.18941,-37.111164],[142.187544,-37.112776],[142.185405,-37.110078],[142.181824,-37.110992],[142.177318,-37.107606],[142.172416,-37.108667],[142.16364,-37.105829],[142.153314,-37.107007],[142.14133,-37.111884],[142.130126,-37.109454],[142.122259,-37.109657],[142.114494,-37.112041],[142.107889,-37.130471],[142.110169,-37.141173],[142.107232,-37.146084],[142.109112,-37.16272],[142.10658,-37.164945],[142.09811,-37.166738],[142.092262,-37.170877],[142.090515,-37.182459],[142.086751,-37.191017],[142.087497,-37.199366],[142.084568,-37.205273],[142.088761,-37.210192],[142.088751,-37.212619],[142.079685,-37.223584],[142.064565,-37.218523],[142.052336,-37.222865],[142.044993,-37.222106],[142.03941,-37.224056],[142.033822,-37.222923],[141.999771,-37.224316],[141.995781,-37.222607],[141.991137,-37.213219],[141.989252,-37.212406],[141.953458,-37.208732],[141.945047,-37.210698],[141.941924,-37.2073],[141.937181,-37.206667],[141.938202,-37.200059],[141.921381,-37.198239],[141.920561,-37.203197],[141.912779,-37.202348],[141.913472,-37.200931],[141.91048,-37.198265],[141.911711,-37.189826],[141.919719,-37.186136],[141.919305,-37.18281],[141.93005,-37.179561],[141.930009,-37.17621],[141.935594,-37.170789],[141.927603,-37.169123],[141.929211,-37.167253],[141.934982,-37.166205],[141.929587,-37.163153],[141.927926,-37.15591],[141.924179,-37.152312],[141.928387,-37.145141],[141.923452,-37.138574],[141.926043,-37.129652],[141.924439,-37.127083],[141.925481,-37.125133],[141.923552,-37.121304],[141.919795,-37.119893],[141.915879,-37.115196],[141.910269,-37.113451],[141.90499,-37.119022],[141.903479,-37.123559],[141.907877,-37.12652],[141.906303,-37.128623],[141.90949,-37.132184],[141.908882,-37.134835],[141.904418,-37.135894],[141.900937,-37.134426],[141.898843,-37.137601],[141.893244,-37.137344],[141.887733,-37.139989],[141.885726,-37.143831],[141.881857,-37.145673],[141.871078,-37.146906],[141.864845,-37.149448],[141.859098,-37.145771],[141.857801,-37.146527],[141.858043,-37.149086],[141.853063,-37.147751],[141.8443,-37.152237],[141.840545,-37.152498],[141.834478,-37.158097],[141.835515,-37.160288],[141.839841,-37.161047],[141.839878,-37.164376],[141.842324,-37.166172],[141.840253,-37.16809],[141.832762,-37.172031],[141.825717,-37.168986],[141.821213,-37.173989],[141.811499,-37.16808],[141.810985,-37.169877],[141.814094,-37.171477],[141.814555,-37.174675],[141.810901,-37.177316],[141.805965,-37.174074],[141.806274,-37.169482],[141.802785,-37.170305],[141.802495,-37.167622],[141.800772,-37.166662],[141.799166,-37.167834],[141.801136,-37.16963],[141.800635,-37.171691],[141.796535,-37.173223],[141.795392,-37.175383],[141.793507,-37.172634],[141.785479,-37.174116],[141.785033,-37.172386],[141.787394,-37.170618],[141.786471,-37.168777],[141.776796,-37.171831],[141.78096,-37.174203],[141.77794,-37.176699],[141.776173,-37.176961],[141.774829,-37.172662],[141.773348,-37.172569],[141.772206,-37.176679],[141.774712,-37.17752],[141.775335,-37.180277],[141.767768,-37.179398],[141.763038,-37.174722],[141.761086,-37.17556],[141.752728,-37.173186],[141.75096,-37.178969],[141.74685,-37.177789],[141.748084,-37.175877],[141.747125,-37.173736],[141.741579,-37.174699],[141.740379,-37.176353],[141.743622,-37.178589],[141.743451,-37.181142],[141.729222,-37.178599],[141.727604,-37.180898],[141.731026,-37.180391],[141.731371,-37.181972],[141.727351,-37.183023],[141.72741,-37.186388],[141.724576,-37.188002],[141.719062,-37.18346],[141.717432,-37.18596],[141.715184,-37.18342],[141.705655,-37.184424],[141.706116,-37.180615],[141.702578,-37.181047],[141.700594,-37.177825],[141.702889,-37.174834],[141.698571,-37.17427],[141.692471,-37.16498],[141.689432,-37.167962],[141.687169,-37.164277],[141.68405,-37.16679],[141.680232,-37.161774],[141.671498,-37.160951],[141.668429,-37.157373],[141.672381,-37.154318],[141.672371,-37.152257],[141.667541,-37.155437],[141.658236,-37.156282],[141.643935,-37.16046],[141.640141,-37.159152],[141.641007,-37.162913],[141.639667,-37.165424],[141.63411,-37.164175],[141.633074,-37.156314],[141.631707,-37.155268],[141.622617,-37.166664],[141.618811,-37.163763],[141.616573,-37.163934],[141.614697,-37.16945],[141.60917,-37.163944],[141.597212,-37.161216],[141.594949,-37.162699],[141.595642,-37.166268],[141.593102,-37.167134],[141.594073,-37.169398],[141.586316,-37.17359],[141.583644,-37.178503],[141.579265,-37.182338],[141.579833,-37.185334],[141.576185,-37.188109],[141.567376,-37.189671],[141.566249,-37.192076],[141.557155,-37.194433],[141.544434,-37.202096],[141.539494,-37.201011],[141.532547,-37.204704],[141.528908,-37.20425],[141.515867,-37.211086],[141.511066,-37.211556],[141.50827,-37.209736],[141.507869,-37.212027],[141.500249,-37.217801],[141.495152,-37.217993],[141.491332,-37.220694],[141.491005,-37.223512],[141.495262,-37.223882],[141.496153,-37.226609],[141.491315,-37.230179],[141.489769,-37.235241],[141.492535,-37.237717],[141.493384,-37.234916],[141.495092,-37.234522],[141.496988,-37.238286],[141.490131,-37.243008],[141.491056,-37.243954],[141.489561,-37.246672],[141.498849,-37.256804],[141.504814,-37.256318],[141.506123,-37.259952],[141.51088,-37.260658],[141.520994,-37.274039],[141.523517,-37.274974],[141.522904,-37.278504],[141.519247,-37.278862],[141.518353,-37.280648],[141.52619,-37.284483],[141.524816,-37.290163],[141.529834,-37.291124],[141.52888,-37.292571],[141.531451,-37.29763],[141.431513,-37.297522],[141.431537,-37.372289],[141.499416,-37.380135],[141.486651,-37.452503],[141.537535,-37.457843],[141.530729,-37.464717],[141.524112,-37.479295],[141.5248,-37.484917],[141.527525,-37.488647],[141.525527,-37.49464],[141.529509,-37.504689],[141.541713,-37.517845],[141.545899,-37.540583],[141.539865,-37.547232],[141.535702,-37.548129],[141.533933,-37.551436],[141.5182,-37.555302],[141.514261,-37.560705],[141.529678,-37.57279],[141.543167,-37.580634],[141.545424,-37.589718],[141.540169,-37.598903],[141.533045,-37.597207],[141.524405,-37.60187],[141.529658,-37.603335],[141.530721,-37.605245],[141.535891,-37.604544],[141.539565,-37.608346],[141.538714,-37.610221],[141.541955,-37.609804],[141.54091,-37.61312],[141.544584,-37.612414],[141.548084,-37.615053],[141.55056,-37.61333],[141.557257,-37.615565],[141.556762,-37.616944],[141.560612,-37.613593],[141.562339,-37.613821],[141.563067,-37.611802],[141.564885,-37.612431],[141.569293,-37.609854],[141.570521,-37.610367],[141.56954,-37.612581],[141.573945,-37.612443],[141.573362,-37.614303],[141.576267,-37.614906],[141.573997,-37.617282],[141.575155,-37.619129],[141.578297,-37.61987],[141.578994,-37.622036],[141.583041,-37.61971],[141.581359,-37.624544],[141.585912,-37.623531],[141.581048,-37.627532],[141.582694,-37.628085],[141.582473,-37.629581],[141.587039,-37.630135],[141.588265,-37.632436],[141.584335,-37.636313],[141.585335,-37.639278],[141.583741,-37.640851],[141.587456,-37.644471],[141.589346,-37.643133],[141.594046,-37.644753],[141.594132,-37.642555],[141.59655,-37.642216],[141.597855,-37.643361],[141.597164,-37.645367],[141.600032,-37.645969],[141.600712,-37.644599],[141.598959,-37.643211],[141.601235,-37.641483],[141.600732,-37.639598],[141.60284,-37.641612],[141.60746,-37.641819],[141.608883,-37.645362],[141.610524,-37.643968],[141.609813,-37.638499],[141.611715,-37.637978],[141.612525,-37.641211],[141.61468,-37.642464],[141.617249,-37.639436],[141.620288,-37.638378],[141.623438,-37.640066],[141.623979,-37.638725],[141.625738,-37.640158],[141.62456,-37.641543],[141.622696,-37.640995],[141.622145,-37.642718],[141.626101,-37.647474],[141.631665,-37.646939],[141.631033,-37.645038],[141.633313,-37.645641],[141.634821,-37.643596],[141.63718,-37.645075],[141.641359,-37.643322],[141.644659,-37.645176],[141.645881,-37.646655],[141.644002,-37.647873],[141.646947,-37.648002],[141.647746,-37.650217],[141.642422,-37.651075],[141.643099,-37.652822],[141.645861,-37.651821],[141.647991,-37.653325],[141.650615,-37.651564],[141.65004,-37.65551],[141.654358,-37.657361],[141.651516,-37.66102],[141.657109,-37.661905],[141.655813,-37.66401],[141.656775,-37.665584],[141.66123,-37.664511],[141.661413,-37.662956],[141.663304,-37.664114],[141.666612,-37.670827],[141.66684,-37.676977],[141.670262,-37.678118],[141.671239,-37.675996],[141.6769,-37.674281],[141.682813,-37.677101],[141.684334,-37.680231],[141.687312,-37.680494],[141.68228,-37.685504],[141.684487,-37.68641],[141.68739,-37.684929],[141.690684,-37.687869],[141.689888,-37.689685],[141.691651,-37.691237],[141.689115,-37.692167],[141.688511,-37.694407],[141.69179,-37.697641],[141.690228,-37.699757],[141.691822,-37.701771],[141.700437,-37.698791],[141.69939,-37.700883],[141.703158,-37.703905],[141.708562,-37.702567],[141.710427,-37.704593],[141.709516,-37.705342],[141.712081,-37.708614],[141.710392,-37.71012],[141.712184,-37.710529],[141.712179,-37.712514],[141.715136,-37.710535],[141.717111,-37.712079],[141.716784,-37.713715],[141.723742,-37.716302],[141.716857,-37.757681],[141.721165,-37.765066],[141.72691,-37.767396],[141.725724,-37.773381],[141.73211,-37.794562],[141.73381,-37.806625],[141.726162,-37.833046],[141.725771,-37.846002],[141.732239,-37.895347],[141.779208,-37.900231],[141.790121,-37.888699],[141.831287,-37.892621],[141.831409,-37.88652],[141.827018,-37.87815],[141.828663,-37.868307],[141.855787,-37.876723],[141.873807,-37.877118],[141.880136,-37.878817],[141.884134,-37.88278],[141.901301,-37.88631],[141.919015,-37.886284],[141.914897,-37.911834],[141.894501,-37.91203],[141.894523,-37.923107],[141.866275,-37.928795],[141.870704,-37.937366],[141.874672,-37.940844]]]}},{"type":"Feature","properties":{"code":"AU-LGA-26350","name":"Stonnington","label":"Stonnington","type":"Local government area","parentCode":"AU-VIC"},"geometry":{"type":"Polygon","coordinates":[[[145.078188,-37.887138],[145.084114,-37.891794],[145.088232,-37.892963],[145.09209,-37.871797],[145.080813,-37.872946],[145.074977,-37.875919],[145.070126,-37.874781],[145.065833,-37.868006],[145.061768,-37.865543],[145.062841,-37.859846],[145.059963,-37.858213],[145.059737,-37.854703],[145.04227,-37.847287],[145.040268,-37.845631],[145.038934,-37.838938],[145.028074,-37.837666],[145.019443,-37.831654],[145.016832,-37.832246],[145.012522,-37.830529],[145.009551,-37.833531],[145.004601,-37.831162],[145.003903,-37.834407],[144.996429,-37.834266],[144.991149,-37.833039],[144.987936,-37.829609],[144.983328,-37.855644],[145.015142,-37.860827],[145.032461,-37.868333],[145.039282,-37.874567],[145.045973,-37.876507],[145.052039,-37.882861],[145.071018,-37.884653],[145.078188,-37.887138]]]}},{"type":"Feature","properties":{"code":"AU-LGA-26430","name":"Strathbogie","label":"Strathbogie","type":"Local government area","parentCode":"AU-VIC"},"geometry":{"type":"Polygon","coordinates":[[[144.794691,-36.75071],[144.794805,-36.754515],[144.792411,-36.755952],[144.794792,-36.758034],[144.794747,-36.770658],[144.784812,-36.770645],[144.784773,-36.780513],[144.791709,-36.780023],[144.792011,-36.79969],[144.786756,-36.799688],[144.78732,-36.805317],[144.798553,-36.832608],[144.803624,-36.839844],[144.811086,-36.839831],[144.818633,-36.852522],[144.821342,-36.854187],[144.819424,-36.856211],[144.831195,-36.855457],[144.830222,-36.859685],[144.846669,-36.874058],[144.852985,-36.875018],[144.850919,-36.879441],[144.858439,-36.881229],[144.871762,-36.874442],[144.874281,-36.875805],[144.88147,-36.866223],[144.894309,-36.862313],[144.909866,-36.858605],[144.925601,-36.85854],[144.929498,-36.860495],[144.937259,-36.857255],[144.944028,-36.857136],[144.943897,-36.852332],[144.942451,-36.851175],[144.935412,-36.851572],[144.933173,-36.85112],[144.933895,-36.849456],[144.931986,-36.849825],[144.931966,-36.836922],[144.93325,-36.835473],[144.978881,-36.835306],[144.987014,-36.836117],[144.998251,-36.84637],[145.011423,-36.846321],[145.019318,-36.850584],[145.029859,-36.853346],[145.04393,-36.853718],[145.053538,-36.860269],[145.066051,-36.866126],[145.087016,-36.868981],[145.08569,-36.877456],[145.097086,-36.884003],[145.106686,-36.892941],[145.119189,-36.893056],[145.117458,-36.894551],[145.117897,-36.896245],[145.121269,-36.893888],[145.120552,-36.896209],[145.124139,-36.900757],[145.122094,-36.90287],[145.123014,-36.90537],[145.120745,-36.90754],[145.125962,-36.907322],[145.127727,-36.909612],[145.117878,-36.913529],[145.115987,-36.916453],[145.117707,-36.918879],[145.122225,-36.919268],[145.117763,-36.923415],[145.120777,-36.924686],[145.121407,-36.928],[145.132639,-36.928286],[145.127614,-36.932594],[145.126895,-36.941542],[145.198434,-36.941865],[145.209827,-36.944338],[145.226815,-36.914131],[145.23479,-36.909929],[145.234891,-36.912374],[145.240974,-36.919953],[145.2408,-36.924462],[145.246487,-36.929175],[145.248933,-36.928551],[145.260531,-36.93574],[145.262493,-36.938513],[145.261099,-36.941019],[145.264251,-36.946663],[145.278719,-36.951972],[145.28843,-36.950624],[145.292337,-36.95216],[145.293189,-36.960844],[145.285575,-36.966966],[145.286163,-36.974703],[145.2846,-36.97932],[145.287613,-36.986613],[145.286166,-36.994145],[145.290878,-36.995908],[145.2923,-36.999555],[145.290281,-37.001849],[145.291463,-37.00494],[145.30212,-37.002111],[145.30278,-37.006379],[145.308462,-37.007745],[145.308003,-37.0094],[145.302811,-37.011322],[145.302296,-37.013242],[145.303508,-37.015781],[145.309286,-37.01717],[145.316361,-37.015172],[145.319628,-37.011105],[145.323082,-37.010857],[145.320706,-37.007087],[145.323808,-37.003845],[145.322657,-37.000352],[145.325337,-37.000017],[145.331556,-37.002739],[145.332134,-36.994364],[145.339648,-36.98361],[145.344061,-36.983437],[145.348256,-36.981181],[145.351867,-36.984132],[145.358133,-36.985647],[145.358117,-36.992099],[145.362548,-36.992626],[145.36474,-36.991455],[145.365374,-36.984945],[145.372923,-36.975271],[145.376506,-36.977195],[145.387296,-36.977059],[145.388406,-36.983321],[145.39433,-36.980905],[145.400761,-36.981919],[145.405419,-36.985002],[145.403954,-36.989799],[145.407267,-36.993999],[145.420273,-36.995438],[145.425994,-36.99927],[145.422721,-37.004575],[145.42771,-37.006014],[145.431449,-37.005134],[145.43276,-37.006195],[145.431686,-37.0075],[145.435632,-37.007975],[145.436644,-37.010808],[145.445596,-37.01317],[145.446159,-37.016488],[145.449787,-37.016697],[145.456998,-37.013548],[145.461769,-37.017927],[145.469063,-37.02147],[145.489416,-37.023169],[145.490157,-37.020337],[145.493675,-37.017787],[145.490428,-37.013787],[145.491937,-37.007275],[145.489334,-37.003892],[145.490629,-37.000405],[145.49757,-36.997131],[145.499367,-36.992039],[145.51499,-36.989209],[145.522978,-36.994883],[145.524104,-36.993448],[145.528877,-36.993821],[145.530491,-36.98792],[145.534634,-36.981578],[145.531864,-36.978889],[145.531846,-36.959039],[145.561969,-36.959044],[145.563778,-36.957956],[145.567956,-36.961025],[145.579155,-36.960092],[145.582262,-36.961697],[145.595855,-36.954513],[145.598545,-36.950403],[145.600941,-36.950464],[145.606736,-36.944651],[145.608221,-36.940822],[145.611645,-36.941397],[145.614658,-36.939412],[145.617083,-36.93998],[145.617747,-36.938247],[145.625761,-36.937929],[145.627455,-36.938826],[145.628767,-36.943428],[145.637377,-36.947597],[145.638101,-36.945204],[145.640617,-36.944212],[145.653317,-36.945521],[145.65742,-36.93624],[145.663452,-36.932825],[145.672203,-36.932533],[145.67958,-36.93035],[145.695064,-36.930561],[145.699578,-36.929446],[145.70455,-36.924371],[145.716591,-36.924433],[145.717546,-36.927516],[145.726966,-36.927395],[145.727361,-36.923563],[145.747109,-36.923517],[145.747388,-36.927681],[145.755881,-36.927729],[145.755866,-36.93239],[145.769353,-36.931354],[145.772782,-36.933344],[145.7804,-36.931689],[145.790539,-36.932422],[145.86072,-36.910342],[145.861548,-36.902223],[145.866327,-36.90224],[145.866371,-36.89421],[145.861502,-36.894215],[145.861632,-36.885372],[145.856294,-36.885413],[145.859284,-36.882853],[145.861507,-36.876296],[145.863643,-36.863464],[145.862832,-36.853364],[145.865355,-36.847165],[145.864898,-36.835045],[145.866732,-36.830634],[145.861603,-36.826806],[145.86362,-36.820053],[145.873991,-36.819951],[145.873968,-36.812393],[145.864852,-36.812411],[145.864835,-36.806653],[145.872418,-36.799905],[145.865444,-36.800021],[145.861474,-36.802574],[145.853413,-36.795009],[145.849464,-36.797731],[145.846316,-36.794751],[145.844048,-36.79625],[145.836454,-36.786328],[145.829974,-36.786333],[145.829959,-36.776424],[145.822177,-36.775024],[145.824824,-36.772115],[145.821707,-36.762023],[145.823169,-36.75394],[145.819899,-36.748996],[145.81456,-36.745709],[145.812332,-36.735481],[145.813004,-36.730132],[145.81945,-36.717722],[145.818919,-36.712718],[145.823138,-36.711216],[145.824984,-36.70778],[145.823124,-36.69711],[145.82745,-36.69004],[145.824319,-36.68141],[145.836413,-36.672359],[145.838997,-36.667853],[145.836705,-36.654178],[145.839198,-36.650464],[145.845156,-36.651276],[145.850802,-36.624419],[145.843743,-36.623475],[145.855369,-36.568284],[145.819442,-36.563408],[145.823266,-36.544582],[145.823321,-36.454027],[145.822004,-36.455848],[145.818181,-36.455529],[145.816041,-36.457276],[145.808399,-36.455165],[145.806018,-36.457866],[145.804682,-36.456183],[145.802694,-36.457879],[145.801508,-36.456453],[145.799188,-36.458895],[145.797054,-36.455691],[145.793735,-36.45548],[145.796497,-36.452771],[145.793701,-36.452983],[145.792482,-36.448798],[145.790169,-36.447295],[145.786789,-36.44664],[145.782041,-36.448274],[145.780153,-36.446647],[145.777214,-36.448327],[145.775983,-36.447468],[145.778271,-36.446405],[145.776094,-36.445949],[145.776022,-36.44371],[145.771473,-36.444663],[145.768384,-36.441408],[145.765797,-36.441497],[145.765325,-36.437298],[145.763808,-36.436153],[145.75337,-36.4357],[145.746973,-36.433719],[145.738407,-36.434383],[145.739839,-36.432404],[145.738846,-36.429213],[145.735176,-36.42612],[145.724433,-36.424595],[145.724245,-36.434459],[145.731322,-36.44262],[145.731876,-36.499023],[145.631566,-36.499033],[145.631729,-36.563285],[145.592004,-36.563281],[145.590289,-36.55991],[145.580489,-36.554305],[145.578467,-36.554511],[145.578459,-36.555949],[145.353592,-36.55609],[145.318919,-36.612389],[145.304699,-36.61347],[145.311496,-36.614105],[145.306171,-36.617189],[145.308655,-36.618268],[145.306667,-36.622362],[145.309695,-36.625122],[145.308869,-36.629234],[145.305889,-36.631209],[145.306721,-36.632759],[145.297785,-36.634256],[145.298243,-36.639594],[145.300731,-36.638436],[145.302524,-36.641926],[145.228701,-36.641974],[145.228668,-36.646738],[145.21772,-36.646653],[145.21654,-36.648736],[145.212955,-36.647742],[145.20967,-36.652041],[145.205042,-36.654777],[145.211864,-36.66021],[145.206594,-36.659506],[145.203872,-36.66139],[145.212334,-36.663359],[145.216125,-36.669681],[145.222299,-36.670662],[145.220985,-36.673027],[145.223418,-36.675854],[145.220273,-36.67947],[145.22325,-36.684501],[145.22172,-36.687218],[145.213367,-36.685715],[145.185691,-36.686318],[145.181327,-36.691848],[145.183638,-36.697889],[145.178453,-36.700546],[145.17213,-36.697277],[145.177801,-36.68997],[145.168651,-36.690058],[145.16854,-36.675284],[145.087358,-36.675451],[145.043473,-36.65066],[145.037464,-36.672208],[145.042554,-36.672183],[145.042612,-36.682026],[145.020499,-36.681951],[145.016713,-36.675791],[145.017072,-36.668792],[144.986729,-36.699711],[144.932156,-36.699663],[144.931944,-36.747908],[144.85184,-36.750683],[144.794691,-36.75071]]]}},{"type":"Feature","properties":{"code":"AU-LGA-26490","name":"Surf Coast","label":"Surf Coast","type":"Local government area","parentCode":"AU-VIC"},"geometry":{"type":"Polygon","coordinates":[[[143.946112,-38.579404],[143.948738,-38.576656],[143.960163,-38.57567],[143.965097,-38.570812],[143.966704,-38.567013],[143.971974,-38.566841],[143.974354,-38.565224],[143.976867,-38.560907],[143.977014,-38.556686],[143.975464,-38.555645],[143.983475,-38.554147],[143.986842,-38.548438],[143.977142,-38.542539],[143.979734,-38.532263],[143.98893,-38.520615],[144.001335,-38.51057],[144.012316,-38.49726],[144.018062,-38.492759],[144.02414,-38.491157],[144.030494,-38.486563],[144.030947,-38.484428],[144.033276,-38.485016],[144.033297,-38.479354],[144.035168,-38.476649],[144.045666,-38.472371],[144.066513,-38.468756],[144.104764,-38.469242],[144.11005,-38.461475],[144.117624,-38.457942],[144.120004,-38.448992],[144.125255,-38.446132],[144.12823,-38.439586],[144.133824,-38.434516],[144.1478,-38.43037],[144.184022,-38.428686],[144.179323,-38.426167],[144.180593,-38.418896],[144.187324,-38.414464],[144.192909,-38.41465],[144.194623,-38.41003],[144.200028,-38.406662],[144.225267,-38.39898],[144.254019,-38.395459],[144.251576,-38.388398],[144.256639,-38.382734],[144.265857,-38.380445],[144.272628,-38.374597],[144.279516,-38.372334],[144.285704,-38.367588],[144.28906,-38.360982],[144.296757,-38.356015],[144.29774,-38.352244],[144.303486,-38.348245],[144.310033,-38.34557],[144.318833,-38.345607],[144.31848,-38.343357],[144.320079,-38.341993],[144.32745,-38.340164],[144.325686,-38.336199],[144.328226,-38.331212],[144.327264,-38.328126],[144.332292,-38.323245],[144.371123,-38.310848],[144.377887,-38.305822],[144.37466,-38.299807],[144.384531,-38.29684],[144.38765,-38.291974],[144.392784,-38.29326],[144.396488,-38.291771],[144.39707,-38.286783],[144.400596,-38.285353],[144.406065,-38.257249],[144.241331,-38.23776],[144.252598,-38.175738],[144.250481,-38.173602],[144.252679,-38.170657],[144.254536,-38.158081],[144.26192,-38.151357],[144.260656,-38.148737],[144.262382,-38.141256],[144.260331,-38.137806],[144.240964,-38.141478],[144.242985,-38.138176],[144.240637,-38.134868],[144.235609,-38.136645],[144.235001,-38.139439],[144.232759,-38.140233],[144.233075,-38.142185],[144.230483,-38.141856],[144.230681,-38.140048],[144.224175,-38.145679],[144.218298,-38.143243],[144.220911,-38.142314],[144.219778,-38.138504],[144.215726,-38.136412],[144.210161,-38.137959],[144.210079,-38.141027],[144.207472,-38.142339],[144.199881,-38.144347],[144.199348,-38.146721],[144.192452,-38.144022],[144.187297,-38.145896],[144.187171,-38.142576],[144.192599,-38.140967],[144.188074,-38.135346],[144.182696,-38.135663],[144.178525,-38.1331],[144.172561,-38.134816],[144.171299,-38.132516],[144.165897,-38.131018],[144.163048,-38.125334],[144.158908,-38.126153],[144.157388,-38.122863],[144.153334,-38.121243],[144.15052,-38.115887],[144.151639,-38.113865],[144.145224,-38.113814],[144.140345,-38.110378],[144.138024,-38.112027],[144.140722,-38.117261],[144.140332,-38.122168],[144.138367,-38.121494],[144.137974,-38.118188],[144.133523,-38.120328],[144.129192,-38.111021],[144.124627,-38.117052],[144.119403,-38.111282],[144.116423,-38.114864],[144.117923,-38.116333],[144.117012,-38.12196],[144.109812,-38.124705],[144.105368,-38.124734],[144.102953,-38.11935],[144.098662,-38.116139],[144.101978,-38.107883],[144.106572,-38.102908],[144.106025,-38.100507],[144.08905,-38.109602],[144.069287,-38.110286],[144.064226,-38.109183],[144.065072,-38.112669],[144.061203,-38.113559],[144.058187,-38.11228],[144.051869,-38.117642],[144.051736,-38.115047],[144.049995,-38.114131],[144.049382,-38.115642],[144.04488,-38.1125],[144.041314,-38.112022],[144.038867,-38.114533],[144.03415,-38.113705],[144.032955,-38.114426],[144.034079,-38.114697],[144.033594,-38.116817],[144.027683,-38.117467],[144.027159,-38.123153],[144.019052,-38.122273],[144.015492,-38.124471],[144.013258,-38.118894],[144.010885,-38.117196],[144.005536,-38.115451],[144.000089,-38.117145],[143.997317,-38.11598],[143.994512,-38.119027],[143.996387,-38.120426],[143.993167,-38.12517],[143.98699,-38.129471],[143.982047,-38.12739],[143.979368,-38.130268],[143.975583,-38.126975],[143.972989,-38.129131],[143.971354,-38.128416],[143.97129,-38.125364],[143.96509,-38.123375],[143.966006,-38.121038],[143.964555,-38.120129],[143.961513,-38.119796],[143.960162,-38.123867],[143.953823,-38.12256],[143.953946,-38.120259],[143.951448,-38.119254],[143.951957,-38.116514],[143.949303,-38.114992],[143.934017,-38.115662],[143.932432,-38.11444],[143.926846,-38.116221],[143.920772,-38.114572],[143.914812,-38.108983],[143.909179,-38.109022],[143.90861,-38.106699],[143.910029,-38.106076],[143.908475,-38.104487],[143.907164,-38.104981],[143.900692,-38.138529],[143.857465,-38.1334],[143.850323,-38.170793],[143.851009,-38.175061],[143.845285,-38.184932],[143.84589,-38.199415],[143.839836,-38.231912],[143.84133,-38.2429],[143.833959,-38.282383],[143.833848,-38.290971],[143.878786,-38.276192],[143.834943,-38.510561],[143.847089,-38.511829],[143.845018,-38.522806],[143.85529,-38.523948],[143.850981,-38.529862],[143.851925,-38.544686],[143.850596,-38.546911],[143.84518,-38.54873],[143.842682,-38.553399],[143.843156,-38.555266],[143.837867,-38.5588],[143.826255,-38.557332],[143.824538,-38.566574],[143.946112,-38.579404]]]}},{"type":"Feature","properties":{"code":"AU-LGA-26610","name":"Swan Hill","label":"Swan Hill","type":"Local government area","parentCode":"AU-VIC"},"geometry":{"type":"Polygon","coordinates":[[[143.288177,-35.646985],[143.288165,-35.574927],[143.393774,-35.575147],[143.39636,-35.572359],[143.641491,-35.572661],[143.641411,-35.543492],[143.638836,-35.543397],[143.63874,-35.529492],[143.728417,-35.529606],[143.734412,-35.525235],[143.723203,-35.509165],[143.708962,-35.494215],[143.749685,-35.494354],[143.749686,-35.496352],[143.760748,-35.500143],[143.805654,-35.50011],[143.805666,-35.492128],[143.811617,-35.492122],[143.809473,-35.485162],[143.810551,-35.483424],[143.807243,-35.482111],[143.808832,-35.476905],[143.80801,-35.475115],[143.805118,-35.47442],[143.804382,-35.476036],[143.803176,-35.474793],[143.803592,-35.473203],[143.80195,-35.472873],[143.803187,-35.470326],[143.796145,-35.470005],[143.795152,-35.46738],[143.792997,-35.468796],[143.790852,-35.466328],[143.794255,-35.461739],[143.797488,-35.462226],[143.802546,-35.459975],[143.802365,-35.457811],[143.79847,-35.459367],[143.796154,-35.455065],[143.798619,-35.454552],[143.802408,-35.447616],[143.808853,-35.446591],[143.816391,-35.448918],[143.812472,-35.444362],[143.819054,-35.438504],[143.808596,-35.433269],[143.803787,-35.434443],[143.800168,-35.433436],[143.796893,-35.429658],[143.793661,-35.429338],[143.790123,-35.422464],[143.776686,-35.424049],[143.771966,-35.423941],[143.768897,-35.421785],[143.762858,-35.423053],[143.762451,-35.421353],[143.765968,-35.415845],[143.760224,-35.417476],[143.758935,-35.414993],[143.761554,-35.41027],[143.768821,-35.40793],[143.76698,-35.404607],[143.768738,-35.401585],[143.762825,-35.40035],[143.764725,-35.393354],[143.763806,-35.392228],[143.757219,-35.394509],[143.751582,-35.392452],[143.75101,-35.387822],[143.745882,-35.388647],[143.745526,-35.3863],[143.744163,-35.390623],[143.739638,-35.393581],[143.734994,-35.392845],[143.732054,-35.39407],[143.730443,-35.390499],[143.726771,-35.390162],[143.715048,-35.392895],[143.709181,-35.392526],[143.709234,-35.388592],[143.711794,-35.386624],[143.711691,-35.384677],[143.709141,-35.383935],[143.705557,-35.388955],[143.703356,-35.389395],[143.701294,-35.387006],[143.703938,-35.380438],[143.702353,-35.377686],[143.697009,-35.383777],[143.693155,-35.383904],[143.692865,-35.377869],[143.689321,-35.377273],[143.688755,-35.371273],[143.685226,-35.368276],[143.682808,-35.369018],[143.682633,-35.374078],[143.678988,-35.373478],[143.676455,-35.370676],[143.667495,-35.371415],[143.666654,-35.376437],[143.664161,-35.37766],[143.666788,-35.379131],[143.665785,-35.382173],[143.668087,-35.385722],[143.657146,-35.384986],[143.655634,-35.390874],[143.652405,-35.391421],[143.65388,-35.394866],[143.648962,-35.395415],[143.646894,-35.399076],[143.640418,-35.401057],[143.637875,-35.396198],[143.632497,-35.39628],[143.629388,-35.392355],[143.634646,-35.386568],[143.633025,-35.383454],[143.629926,-35.384753],[143.626304,-35.380949],[143.62416,-35.383089],[143.6247,-35.38789],[143.619558,-35.386843],[143.619019,-35.382041],[143.613321,-35.376945],[143.616585,-35.372075],[143.616044,-35.368871],[143.613611,-35.367651],[143.609758,-35.370007],[143.608464,-35.366567],[143.603021,-35.365394],[143.603766,-35.362123],[143.597562,-35.355189],[143.598771,-35.352638],[143.597125,-35.351051],[143.590348,-35.350338],[143.589423,-35.347136],[143.58446,-35.34599],[143.581427,-35.340588],[143.574178,-35.340462],[143.573529,-35.337229],[143.572046,-35.337629],[143.569867,-35.342985],[143.566844,-35.343633],[143.565109,-35.342213],[143.561929,-35.3366],[143.563989,-35.332404],[143.564116,-35.327421],[143.56138,-35.32459],[143.563711,-35.322424],[143.562889,-35.318003],[143.56649,-35.313859],[143.567513,-35.308554],[143.572519,-35.306013],[143.569025,-35.302434],[143.571126,-35.301309],[143.574149,-35.303385],[143.577944,-35.303184],[143.577081,-35.298401],[143.582359,-35.297996],[143.5797,-35.295602],[143.582187,-35.287685],[143.586743,-35.286456],[143.586673,-35.284635],[143.590867,-35.281646],[143.584448,-35.279032],[143.585329,-35.276829],[143.587731,-35.276846],[143.590786,-35.273758],[143.589747,-35.272214],[143.582438,-35.272811],[143.580796,-35.269132],[143.583514,-35.264992],[143.578455,-35.267428],[143.575141,-35.265429],[143.575201,-35.2685],[143.573831,-35.269139],[143.571156,-35.26685],[143.574083,-35.256493],[143.570135,-35.250688],[143.569822,-35.246231],[143.563724,-35.243533],[143.566712,-35.240222],[143.563911,-35.236848],[143.572961,-35.235182],[143.575288,-35.232472],[143.578091,-35.231871],[143.576242,-35.230305],[143.575896,-35.226375],[143.581009,-35.219225],[143.579785,-35.213985],[143.563933,-35.202614],[143.547029,-35.20616],[143.546497,-35.207604],[143.54968,-35.21167],[143.548342,-35.213777],[143.529161,-35.219908],[143.522789,-35.218294],[143.518328,-35.211607],[143.504919,-35.213886],[143.501452,-35.217933],[143.493958,-35.220033],[143.484067,-35.218417],[143.471488,-35.21928],[143.466136,-35.214729],[143.464697,-35.202603],[143.459224,-35.203401],[143.458232,-35.198818],[143.455978,-35.19634],[143.450228,-35.193847],[143.449493,-35.189099],[143.433805,-35.19065],[143.43388,-35.193491],[143.431647,-35.195024],[143.428497,-35.193702],[143.425438,-35.189359],[143.416507,-35.194875],[143.412222,-35.193312],[143.404222,-35.193703],[143.400505,-35.18987],[143.395508,-35.192875],[143.390967,-35.188696],[143.393127,-35.18551],[143.3878,-35.185359],[143.387159,-35.182398],[143.391644,-35.180279],[143.393968,-35.177274],[143.389941,-35.171081],[143.387672,-35.172463],[143.384706,-35.171425],[143.384267,-35.1741],[143.382071,-35.173348],[143.382565,-35.169936],[143.387452,-35.162302],[143.38262,-35.162797],[143.383407,-35.160828],[143.386939,-35.159777],[143.382236,-35.156349],[143.384652,-35.152802],[143.389446,-35.150279],[143.390654,-35.145094],[143.386701,-35.143184],[143.387049,-35.137577],[143.376657,-35.129021],[143.373911,-35.12259],[143.368775,-35.119792],[143.365975,-35.120285],[143.361974,-35.116887],[143.362142,-35.114348],[143.358873,-35.11113],[143.359755,-35.108427],[143.357712,-35.104895],[143.360769,-35.103019],[143.352891,-35.099617],[143.352648,-35.103012],[143.348775,-35.10062],[143.348169,-35.102017],[143.350086,-35.104407],[143.348109,-35.105427],[143.344315,-35.099144],[143.344575,-35.09641],[143.340864,-35.095701],[143.345878,-35.093767],[143.340931,-35.088475],[143.34503,-35.087006],[143.34165,-35.085066],[143.343666,-35.082468],[143.337453,-35.080405],[143.342995,-35.079088],[143.342926,-35.076504],[143.345527,-35.074043],[143.339043,-35.070371],[143.339065,-35.068178],[143.341905,-35.06453],[143.346783,-35.065812],[143.347054,-35.068291],[143.349665,-35.069915],[143.350844,-35.064689],[143.34456,-35.061618],[143.342043,-35.058596],[143.340817,-35.059256],[143.341634,-35.062351],[143.337669,-35.061281],[143.336813,-35.059808],[143.339892,-35.055034],[143.337271,-35.048631],[143.334309,-35.049334],[143.33419,-35.054487],[143.330499,-35.053866],[143.333328,-35.046148],[143.33655,-35.043207],[143.328686,-35.045887],[143.327848,-35.044173],[143.32948,-35.041426],[143.324435,-35.041975],[143.327824,-35.037923],[143.322088,-35.036714],[143.327667,-35.033851],[143.330493,-35.037416],[143.335994,-35.037362],[143.33454,-35.032929],[143.335241,-35.029354],[143.332904,-35.027909],[143.334935,-35.026289],[143.33187,-35.023791],[143.335129,-35.02055],[143.333324,-35.018174],[143.334116,-35.015095],[143.338124,-35.010879],[143.335837,-35.002973],[143.329701,-34.995553],[143.326334,-34.992782],[143.323252,-34.994128],[143.318646,-34.992955],[143.318117,-34.986104],[143.323075,-34.981603],[143.323781,-34.978829],[143.321407,-34.973722],[143.323195,-34.970415],[143.319618,-34.968679],[143.319502,-34.955658],[143.317226,-34.953346],[143.322491,-34.950993],[143.319619,-34.94812],[143.322304,-34.946351],[143.321798,-34.942518],[143.324358,-34.943767],[143.329018,-34.939997],[143.331669,-34.941381],[143.332847,-34.938746],[143.3349,-34.93975],[143.334169,-34.941473],[143.336574,-34.945303],[143.338502,-34.944249],[143.34119,-34.940511],[143.33743,-34.940397],[143.337503,-34.937078],[143.340967,-34.935809],[143.342697,-34.932861],[143.339004,-34.92659],[143.342206,-34.919145],[143.340256,-34.913771],[143.338514,-34.912754],[143.336184,-34.913791],[143.333182,-34.911114],[143.332031,-34.907817],[143.329854,-34.906557],[143.332592,-34.904907],[143.325764,-34.898061],[143.328458,-34.89548],[143.322363,-34.891777],[143.3213,-34.888722],[143.323722,-34.884262],[143.326567,-34.884505],[143.327792,-34.882696],[143.333998,-34.886188],[143.331806,-34.887992],[143.332618,-34.888928],[143.335749,-34.886305],[143.333882,-34.885046],[143.335924,-34.883632],[143.336386,-34.879641],[143.338682,-34.881697],[143.342118,-34.881238],[143.343253,-34.879188],[143.340728,-34.878046],[143.342885,-34.875972],[143.337271,-34.875276],[143.33841,-34.8703],[143.343493,-34.865906],[143.348631,-34.864772],[143.347912,-34.862108],[143.352569,-34.858222],[143.347358,-34.85608],[143.345217,-34.853451],[143.348707,-34.847813],[143.355186,-34.847395],[143.354964,-34.846026],[143.347391,-34.846421],[143.343333,-34.848232],[143.341197,-34.846296],[143.351526,-34.838475],[143.350625,-34.834217],[143.354211,-34.829752],[143.351621,-34.823183],[143.359565,-34.816886],[143.357029,-34.812076],[143.351976,-34.810641],[143.347565,-34.807289],[143.347175,-34.804627],[143.351553,-34.795991],[143.351192,-34.79405],[143.345414,-34.790718],[143.332994,-34.793194],[143.329097,-34.786344],[143.321738,-34.790931],[143.318276,-34.790829],[143.313448,-34.787517],[143.312705,-34.780736],[143.308851,-34.779926],[143.296997,-34.785377],[143.294292,-34.790809],[143.287507,-34.785017],[143.284333,-34.785232],[143.28688,-34.794972],[143.28367,-34.795202],[143.276742,-34.792248],[143.273572,-34.789068],[143.276167,-34.782298],[143.271807,-34.77965],[143.273012,-34.776399],[143.262714,-34.773567],[143.261979,-34.777106],[143.257734,-34.778529],[143.252136,-34.77279],[143.254288,-34.766633],[143.26496,-34.764016],[143.271591,-34.759473],[143.267698,-34.755941],[143.26859,-34.753004],[143.274022,-34.752672],[143.265291,-34.748545],[143.26331,-34.751188],[143.248933,-34.757843],[143.244164,-34.754866],[143.243386,-34.747859],[143.240667,-34.745448],[143.2379,-34.74732],[143.228781,-34.747775],[143.227364,-34.750652],[143.228948,-34.757738],[143.224395,-34.758712],[143.219963,-34.755216],[143.219111,-34.752627],[143.221277,-34.742882],[143.213853,-34.738482],[143.214864,-34.735435],[143.22246,-34.732402],[143.218854,-34.729457],[143.21294,-34.730439],[143.206118,-34.734259],[143.20092,-34.733434],[143.197462,-34.728655],[143.196721,-34.720843],[143.200092,-34.717049],[143.191758,-34.712773],[143.179289,-34.717315],[143.177918,-34.715014],[143.181291,-34.711663],[143.180993,-34.709468],[143.175632,-34.713188],[143.173204,-34.719696],[143.165367,-34.718123],[143.163677,-34.715295],[143.166007,-34.707076],[143.165808,-34.701977],[143.161696,-34.697903],[143.156384,-34.699322],[143.15368,-34.705329],[143.147961,-34.708784],[143.148748,-34.713882],[143.147406,-34.714744],[143.134955,-34.707778],[143.13347,-34.700564],[143.125788,-34.701113],[143.120796,-34.703562],[143.11803,-34.702979],[143.11827,-34.698251],[143.127499,-34.694601],[143.127615,-34.692732],[143.121455,-34.693868],[143.109602,-34.701683],[143.107066,-34.701537],[143.106383,-34.699566],[143.111428,-34.687199],[143.115474,-34.685749],[143.121095,-34.687473],[143.112349,-34.68089],[143.110807,-34.681223],[143.106225,-34.692482],[143.097109,-34.696309],[143.092835,-34.70126],[143.076229,-34.695945],[143.071852,-34.689393],[143.070769,-34.678367],[143.066861,-34.679623],[143.064498,-34.68996],[143.05841,-34.697095],[143.054829,-34.698841],[143.050436,-34.699114],[143.046958,-34.697072],[143.04379,-34.692076],[143.04335,-34.68662],[143.040428,-34.685875],[143.037742,-34.68849],[143.037525,-34.691667],[143.044393,-34.699287],[143.039474,-34.702598],[143.02943,-34.691838],[143.02978,-34.687387],[143.032508,-34.682915],[143.026805,-34.681766],[143.024373,-34.682762],[143.021792,-34.692849],[143.015454,-34.69482],[143.010186,-34.693645],[143.008042,-34.690768],[143.008013,-34.685954],[143.016889,-34.676584],[143.017287,-34.673647],[143.013308,-34.671107],[143.001144,-34.669654],[142.999007,-34.670263],[142.996482,-34.67399],[142.99458,-34.673859],[142.990905,-34.668224],[142.990735,-34.663531],[142.98942,-34.662565],[142.986073,-34.668383],[142.975289,-34.670848],[142.981516,-34.677571],[142.982434,-34.682727],[142.97731,-34.693251],[142.972715,-34.695194],[142.967807,-34.691865],[142.962979,-34.675671],[142.958118,-34.671093],[142.95927,-34.664969],[142.952415,-34.669356],[142.948874,-34.669662],[142.945249,-34.666438],[142.943732,-34.662004],[142.9352,-34.660762],[142.932612,-34.655502],[142.922273,-34.65647],[142.921197,-34.654442],[142.92472,-34.649579],[142.92385,-34.647843],[142.918297,-34.650589],[142.910173,-34.651048],[142.901534,-34.654945],[142.900424,-34.662712],[142.893276,-34.665666],[142.894332,-34.667366],[142.899371,-34.668817],[142.900182,-34.671451],[142.896774,-34.673228],[142.891369,-34.671833],[142.890926,-34.67426],[142.893994,-34.678605],[142.886822,-34.679795],[142.885226,-34.677194],[142.887179,-34.673413],[142.886463,-34.672072],[142.875888,-34.674846],[142.872658,-34.670402],[142.872158,-34.664106],[142.869298,-34.664059],[142.864189,-34.667095],[142.860558,-34.665149],[142.86129,-34.662389],[142.869575,-34.657145],[142.871873,-34.650279],[142.864387,-34.643988],[142.863478,-34.639061],[142.860208,-34.639573],[142.860465,-34.644218],[142.858556,-34.644918],[142.855753,-34.64174],[142.855388,-34.638662],[142.868183,-34.627293],[142.860811,-34.627873],[142.855833,-34.620681],[142.852473,-34.619181],[142.847629,-34.620102],[142.845076,-34.626492],[142.840686,-34.625738],[142.838246,-34.613031],[142.824744,-34.608509],[142.825178,-34.601903],[142.822839,-34.600162],[142.818398,-34.60351],[142.820162,-34.609921],[142.818633,-34.612288],[142.805003,-34.608388],[142.802972,-34.606228],[142.802949,-34.601657],[142.809733,-34.594979],[142.811433,-34.591406],[142.810266,-34.58908],[142.803079,-34.588885],[142.799613,-34.597481],[142.797926,-34.597615],[142.795351,-34.597104],[142.787387,-34.590018],[142.785966,-34.583705],[142.801498,-34.578894],[142.800148,-34.575956],[142.79664,-34.574033],[142.796442,-34.571935],[142.802718,-34.564729],[142.81011,-34.560842],[142.805415,-34.553888],[142.794177,-34.551258],[142.791778,-34.546605],[142.790196,-34.546529],[142.788008,-34.551205],[142.788837,-34.556846],[142.787511,-34.559047],[142.782896,-34.561396],[142.779462,-34.566964],[142.771637,-34.565987],[142.769998,-34.568869],[142.772653,-34.572229],[142.783559,-34.576083],[142.783764,-34.579063],[142.767852,-34.578196],[142.758488,-34.579774],[142.750249,-34.57625],[142.748298,-34.576747],[142.745358,-34.584227],[142.746904,-34.587766],[142.750104,-34.589046],[142.760372,-34.58842],[142.763412,-34.590423],[142.763524,-34.596724],[142.75918,-34.600123],[142.753081,-34.602537],[142.743199,-34.602798],[142.730674,-34.598962],[142.723623,-34.592272],[142.719775,-34.593895],[142.717837,-34.598791],[142.714828,-34.60043],[142.704301,-34.597557],[142.699987,-34.599366],[142.699552,-34.603141],[142.703973,-34.613494],[142.70055,-34.615742],[142.690494,-34.615719],[142.68951,-34.618284],[142.692406,-34.619606],[142.707441,-34.618837],[142.708796,-34.62265],[142.700795,-34.624502],[142.699057,-34.631253],[142.694963,-34.635899],[142.697379,-34.640969],[142.689213,-34.652533],[142.695442,-34.659957],[142.701507,-34.659314],[142.708614,-34.662154],[142.710904,-34.667892],[142.71076,-34.675757],[142.708198,-34.679093],[142.705925,-34.679494],[142.688418,-34.671398],[142.684151,-34.670871],[142.680546,-34.672868],[142.678906,-34.680834],[142.682229,-34.690779],[142.691079,-34.701377],[142.690504,-34.704739],[142.685371,-34.709535],[142.68448,-34.714037],[142.68882,-34.717494],[142.697718,-34.72067],[142.699412,-34.72446],[142.69094,-34.726706],[142.681842,-34.721792],[142.678653,-34.722332],[142.675947,-34.726787],[142.67656,-34.729033],[142.686663,-34.733915],[142.684664,-34.73654],[142.678961,-34.739188],[142.667419,-34.735895],[142.664245,-34.730284],[142.663744,-34.723285],[142.661419,-34.721693],[142.652182,-34.729447],[142.642571,-34.731651],[142.63734,-34.73503],[142.632073,-34.733749],[142.623497,-34.727507],[142.618323,-34.728739],[142.616304,-34.736709],[142.619493,-34.744502],[142.619218,-34.754336],[142.620504,-34.757114],[142.626342,-34.760632],[142.639591,-34.75749],[142.642949,-34.758923],[142.646371,-34.763302],[142.644471,-34.77527],[142.638696,-34.780739],[142.630323,-34.784631],[142.616828,-34.785486],[142.606534,-34.7808],[142.594885,-34.772456],[142.585799,-34.770407],[142.576508,-34.77151],[142.567183,-34.766915],[142.563161,-34.769156],[142.560801,-34.774271],[142.556751,-34.77536],[142.550333,-34.768859],[142.550146,-34.762647],[142.5388,-34.762863],[142.533566,-34.753054],[142.529429,-34.758574],[142.526283,-34.759803],[142.517051,-34.754809],[142.518618,-34.863903],[142.635417,-34.86404],[142.636213,-34.866677],[142.642169,-34.868399],[142.644235,-34.872653],[142.64122,-34.883978],[142.650913,-34.886689],[142.653386,-34.884301],[142.691264,-34.883796],[142.697368,-34.886922],[142.697293,-34.924273],[142.696199,-34.924269],[142.696188,-34.929781],[142.693415,-34.934517],[142.696167,-34.939261],[142.697152,-35.114532],[142.742968,-35.11502],[142.738703,-35.140934],[142.736457,-35.144439],[142.734526,-35.169517],[142.734519,-35.198075],[142.748361,-35.19941],[142.793779,-35.247529],[142.814702,-35.236628],[142.814761,-35.232397],[142.817989,-35.23083],[142.821198,-35.234642],[142.830033,-35.234936],[142.856383,-35.231127],[142.856387,-35.239234],[143.003299,-35.249363],[143.005801,-35.300489],[143.009796,-35.302691],[143.010119,-35.307656],[143.006487,-35.312096],[143.010395,-35.373789],[142.997194,-35.373969],[142.997292,-35.490962],[143.131337,-35.490929],[143.130709,-35.501473],[143.127547,-35.510214],[143.123615,-35.514776],[143.124787,-35.524118],[143.129184,-35.526568],[143.131881,-35.530622],[143.13578,-35.531726],[143.133832,-35.53949],[143.137104,-35.545258],[143.139661,-35.546359],[143.151831,-35.544243],[143.163477,-35.54523],[143.170657,-35.542735],[143.175276,-35.543029],[143.178691,-35.544692],[143.184656,-35.544747],[143.198136,-35.551537],[143.201628,-35.564274],[143.198601,-35.571628],[143.198471,-35.580906],[143.192177,-35.58603],[143.190876,-35.589754],[143.190901,-35.60293],[143.187184,-35.60739],[143.192344,-35.624494],[143.196785,-35.628164],[143.198217,-35.631844],[143.199111,-35.635686],[143.1969,-35.64081],[143.200267,-35.65456],[143.288028,-35.654754],[143.288177,-35.646985]]]}},{"type":"Feature","properties":{"code":"AU-LGA-26670","name":"Towong","label":"Towong","type":"Local government area","parentCode":"AU-VIC"},"geometry":{"type":"Polygon","coordinates":[[[147.125428,-36.447884],[147.123318,-36.448259],[147.123667,-36.45443],[147.120784,-36.459058],[147.12177,-36.464613],[147.125624,-36.467673],[147.118454,-36.465332],[147.117964,-36.469256],[147.115555,-36.471435],[147.113886,-36.470191],[147.109774,-36.472658],[147.108403,-36.479919],[147.109292,-36.481579],[147.113073,-36.48255],[147.108091,-36.485076],[147.106889,-36.487697],[147.108932,-36.489185],[147.110202,-36.495427],[147.11281,-36.49551],[147.114225,-36.499504],[147.118105,-36.499829],[147.111888,-36.503664],[147.114292,-36.511878],[147.11812,-36.519827],[147.123669,-36.520445],[147.121152,-36.524827],[147.129155,-36.533091],[147.127055,-36.538746],[147.125944,-36.551384],[147.14243,-36.555542],[147.148044,-36.55988],[147.148505,-36.564139],[147.155257,-36.564504],[147.161227,-36.566822],[147.164988,-36.571711],[147.165063,-36.578624],[147.170269,-36.582897],[147.168158,-36.586811],[147.17204,-36.602444],[147.175294,-36.60705],[147.17394,-36.612712],[147.17492,-36.616193],[147.167416,-36.625216],[147.167485,-36.629956],[147.173473,-36.63391],[147.173278,-36.638765],[147.180451,-36.641158],[147.184975,-36.640968],[147.188805,-36.644616],[147.19991,-36.650052],[147.206956,-36.664714],[147.215722,-36.670986],[147.227712,-36.670897],[147.23369,-36.674102],[147.242322,-36.673355],[147.248097,-36.674966],[147.254955,-36.670858],[147.260838,-36.677006],[147.268325,-36.676607],[147.277461,-36.682968],[147.286042,-36.684174],[147.290511,-36.681997],[147.296139,-36.685593],[147.308393,-36.689789],[147.314771,-36.702486],[147.314501,-36.708242],[147.311981,-36.709467],[147.310894,-36.712207],[147.314804,-36.723911],[147.312372,-36.731675],[147.316669,-36.734195],[147.316144,-36.741035],[147.320645,-36.748044],[147.326163,-36.749528],[147.332028,-36.747921],[147.34183,-36.750493],[147.359984,-36.749311],[147.370856,-36.75145],[147.380136,-36.750713],[147.387558,-36.757408],[147.394938,-36.757516],[147.396847,-36.760112],[147.407636,-36.765305],[147.408984,-36.767944],[147.406189,-36.776313],[147.407339,-36.778812],[147.413045,-36.781922],[147.41316,-36.783356],[147.419995,-36.783014],[147.419579,-36.784128],[147.424175,-36.786043],[147.424135,-36.788469],[147.426324,-36.790432],[147.428681,-36.789934],[147.430282,-36.794801],[147.439509,-36.800825],[147.44535,-36.799983],[147.455034,-36.801536],[147.457017,-36.80319],[147.463995,-36.801658],[147.464913,-36.7967],[147.463241,-36.79453],[147.46878,-36.793522],[147.471302,-36.788709],[147.470351,-36.7842],[147.471406,-36.783056],[147.485272,-36.780498],[147.496147,-36.781577],[147.497426,-36.778441],[147.501262,-36.776221],[147.513916,-36.772462],[147.52104,-36.77363],[147.526468,-36.771091],[147.529533,-36.768562],[147.529227,-36.764804],[147.5311,-36.761875],[147.5266,-36.756471],[147.535696,-36.752552],[147.542321,-36.742241],[147.541894,-36.737555],[147.960221,-36.612415],[148.13447,-36.743726],[148.136708,-36.738423],[148.130708,-36.73467],[148.134312,-36.731788],[148.139099,-36.732201],[148.149104,-36.71973],[148.154563,-36.720223],[148.16183,-36.715517],[148.162581,-36.711519],[148.165677,-36.711283],[148.168126,-36.714109],[148.169657,-36.713359],[148.171756,-36.710469],[148.17312,-36.702553],[148.180864,-36.697205],[148.182054,-36.692115],[148.184867,-36.692373],[148.188878,-36.688398],[148.185745,-36.687959],[148.187617,-36.686106],[148.185045,-36.685342],[148.184021,-36.683141],[148.189545,-36.678979],[148.190238,-36.674958],[148.199267,-36.672205],[148.199332,-36.670346],[148.196225,-36.667755],[148.197584,-36.664762],[148.203518,-36.66228],[148.200453,-36.659554],[148.203883,-36.656455],[148.203072,-36.653815],[148.206543,-36.65368],[148.208361,-36.651117],[148.211176,-36.650506],[148.211611,-36.647859],[148.20967,-36.646895],[148.209708,-36.644979],[148.212183,-36.639826],[148.216227,-36.639648],[148.213371,-36.637249],[148.211925,-36.632839],[148.215106,-36.63446],[148.216437,-36.628582],[148.220675,-36.625744],[148.218925,-36.618665],[148.21425,-36.619955],[148.216356,-36.616588],[148.213478,-36.614962],[148.21437,-36.610579],[148.210071,-36.612646],[148.2028,-36.612083],[148.206893,-36.608281],[148.208262,-36.608598],[148.208131,-36.610965],[148.209783,-36.610381],[148.211386,-36.606383],[148.215866,-36.604485],[148.212705,-36.600794],[148.217597,-36.598497],[148.211423,-36.595305],[148.21061,-36.592966],[148.204788,-36.592619],[148.20358,-36.588758],[148.205996,-36.58692],[148.203544,-36.586432],[148.20182,-36.588097],[148.196975,-36.585622],[148.190336,-36.584879],[148.189604,-36.58103],[148.191212,-36.577911],[148.189958,-36.576563],[148.179199,-36.580032],[148.17613,-36.577514],[148.17132,-36.578125],[148.169417,-36.573682],[148.16592,-36.574397],[148.165126,-36.578216],[148.160719,-36.579763],[148.162584,-36.572825],[148.156632,-36.571597],[148.158802,-36.565618],[148.151897,-36.561109],[148.150494,-36.558323],[148.146971,-36.563296],[148.137501,-36.565553],[148.135748,-36.56742],[148.133416,-36.566908],[148.133372,-36.563021],[148.124343,-36.550629],[148.129263,-36.545907],[148.128676,-36.541613],[148.13405,-36.539055],[148.13373,-36.534333],[148.136864,-36.53274],[148.136536,-36.530666],[148.139821,-36.525433],[148.129998,-36.513187],[148.128156,-36.508507],[148.128357,-36.502602],[148.125903,-36.50138],[148.124865,-36.498696],[148.117636,-36.495463],[148.126239,-36.485669],[148.126113,-36.484289],[148.119099,-36.481872],[148.124951,-36.479217],[148.124005,-36.472722],[148.122434,-36.471033],[148.124668,-36.4647],[148.121363,-36.461297],[148.11793,-36.461114],[148.111313,-36.457231],[148.101742,-36.457101],[148.087607,-36.451882],[148.087739,-36.442095],[148.086356,-36.440007],[148.08834,-36.437559],[148.087824,-36.435026],[148.086852,-36.431989],[148.083025,-36.43078],[148.08154,-36.426349],[148.079358,-36.425154],[148.080286,-36.422088],[148.076271,-36.41798],[148.05995,-36.415525],[148.054641,-36.408677],[148.058456,-36.406697],[148.058169,-36.400791],[148.04968,-36.398839],[148.047051,-36.396193],[148.046389,-36.390624],[148.042621,-36.392134],[148.037548,-36.390126],[148.038272,-36.387676],[148.045365,-36.38237],[148.038204,-36.378532],[148.043752,-36.374771],[148.040268,-36.371662],[148.043344,-36.367707],[148.045971,-36.367025],[148.044708,-36.365727],[148.038295,-36.367702],[148.037841,-36.366233],[148.042352,-36.360343],[148.04213,-36.357168],[148.044699,-36.35383],[148.048965,-36.355619],[148.047944,-36.352981],[148.045285,-36.351653],[148.048217,-36.349098],[148.047851,-36.346298],[148.050692,-36.34213],[148.053768,-36.341336],[148.052641,-36.336306],[148.055619,-36.334374],[148.051553,-36.328806],[148.051248,-36.324545],[148.058053,-36.322348],[148.058946,-36.320034],[148.054861,-36.316649],[148.05029,-36.319013],[148.047061,-36.31844],[148.046462,-36.315233],[148.04327,-36.313302],[148.038504,-36.314558],[148.035017,-36.310565],[148.038063,-36.305213],[148.040727,-36.306066],[148.042545,-36.304397],[148.041203,-36.300443],[148.043933,-36.299467],[148.039375,-36.298897],[148.035239,-36.292316],[148.040016,-36.292641],[148.038326,-36.289575],[148.040124,-36.284144],[148.035936,-36.284833],[148.033758,-36.282218],[148.037694,-36.280422],[148.032945,-36.275308],[148.035209,-36.272715],[148.032834,-36.265847],[148.038839,-36.262104],[148.038682,-36.259209],[148.034448,-36.255442],[148.03606,-36.253039],[148.034406,-36.250671],[148.028846,-36.247031],[148.029548,-36.243397],[148.035346,-36.240675],[148.033998,-36.237675],[148.034905,-36.234103],[148.032023,-36.232774],[148.031602,-36.229036],[148.026827,-36.225857],[148.026101,-36.223029],[148.027488,-36.22173],[148.030059,-36.222664],[148.033314,-36.215911],[148.037284,-36.217184],[148.036254,-36.214957],[148.038835,-36.21304],[148.037042,-36.209433],[148.040626,-36.206939],[148.038291,-36.202038],[148.039028,-36.197763],[148.03633,-36.197779],[148.035017,-36.195758],[148.036629,-36.194734],[148.034977,-36.192701],[148.032158,-36.193381],[148.02921,-36.187942],[148.024365,-36.187871],[148.025581,-36.185622],[148.022047,-36.181435],[148.023058,-36.179598],[148.021825,-36.17645],[148.023416,-36.173897],[148.026176,-36.175874],[148.026418,-36.173441],[148.023708,-36.170829],[148.025214,-36.168409],[148.029147,-36.168663],[148.030429,-36.164845],[148.033698,-36.16475],[148.034801,-36.16297],[148.031152,-36.16124],[148.027141,-36.161718],[148.024657,-36.159084],[148.022904,-36.153445],[148.028974,-36.155354],[148.031499,-36.149488],[148.035197,-36.152524],[148.035777,-36.150412],[148.034027,-36.148677],[148.037732,-36.140785],[148.032874,-36.142889],[148.028803,-36.140099],[148.031476,-36.142585],[148.028906,-36.144158],[148.028216,-36.141124],[148.025796,-36.139915],[148.020324,-36.141629],[148.014024,-36.137412],[148.010655,-36.139333],[148.010002,-36.13587],[148.008215,-36.137752],[148.00879,-36.140528],[148.004372,-36.140079],[148.002013,-36.135349],[148.003189,-36.131372],[147.999361,-36.128426],[148.000542,-36.124343],[147.997467,-36.124775],[147.990621,-36.121074],[147.995365,-36.11872],[147.993155,-36.11659],[147.998235,-36.115907],[147.992286,-36.114845],[147.993287,-36.111937],[147.996307,-36.112578],[147.995721,-36.110689],[147.99108,-36.111238],[147.995682,-36.108799],[147.994086,-36.105007],[147.997668,-36.104688],[147.995846,-36.102629],[147.999224,-36.098642],[147.994024,-36.100355],[147.995996,-36.097661],[147.995498,-36.095714],[147.993379,-36.09493],[147.992836,-36.097249],[147.991139,-36.095619],[147.993798,-36.092696],[147.987411,-36.093061],[147.986879,-36.091459],[147.989153,-36.090039],[147.984972,-36.090888],[147.980804,-36.088488],[147.980236,-36.086627],[147.9842,-36.083101],[147.98153,-36.08004],[147.982395,-36.077878],[147.987087,-36.079633],[147.988708,-36.078515],[147.988587,-36.075453],[147.992335,-36.074602],[147.990261,-36.072749],[147.992012,-36.069957],[147.989523,-36.070431],[147.989472,-36.068465],[147.990556,-36.066387],[147.994471,-36.065609],[147.994591,-36.064162],[147.991311,-36.064095],[147.994395,-36.06276],[147.994692,-36.061099],[147.996162,-36.062751],[147.997426,-36.061339],[147.996489,-36.05988],[147.999198,-36.058469],[147.997135,-36.056357],[147.996665,-36.050717],[147.999697,-36.046191],[147.992147,-36.04869],[147.991854,-36.052441],[147.988285,-36.049224],[147.988854,-36.051915],[147.987409,-36.052275],[147.985711,-36.049514],[147.987151,-36.046405],[147.983974,-36.044806],[147.987948,-36.043129],[147.984218,-36.04293],[147.981752,-36.044737],[147.981026,-36.042833],[147.982416,-36.040971],[147.981304,-36.040256],[147.979903,-36.046013],[147.974334,-36.046917],[147.97314,-36.040823],[147.974266,-36.038492],[147.971186,-36.043073],[147.966108,-36.043407],[147.966711,-36.045869],[147.964966,-36.046844],[147.956551,-36.04419],[147.956682,-36.042761],[147.960004,-36.042096],[147.958786,-36.040952],[147.953023,-36.043964],[147.949884,-36.043594],[147.949305,-36.046129],[147.94569,-36.046575],[147.9432,-36.043857],[147.937673,-36.042386],[147.937303,-36.046527],[147.933699,-36.047558],[147.930662,-36.044396],[147.923376,-36.041839],[147.92459,-36.039189],[147.928141,-36.037763],[147.924606,-36.037514],[147.924005,-36.035525],[147.931588,-36.03612],[147.927139,-36.030941],[147.911495,-36.026584],[147.915064,-36.023054],[147.910476,-36.021336],[147.91618,-36.019996],[147.912788,-36.018069],[147.917089,-36.011191],[147.913988,-36.0091],[147.916546,-36.004772],[147.914137,-36.001601],[147.911529,-36.002848],[147.908549,-36.00146],[147.914003,-35.997941],[147.912571,-35.995274],[147.90642,-35.995915],[147.901819,-35.992486],[147.895704,-35.993005],[147.899186,-35.995509],[147.897512,-35.999849],[147.888666,-35.997665],[147.885085,-35.998273],[147.886164,-36.000811],[147.882886,-36.001785],[147.881442,-35.999392],[147.882091,-35.996577],[147.873126,-35.990994],[147.870136,-35.993583],[147.866401,-35.989651],[147.861988,-35.992279],[147.860203,-35.987163],[147.849632,-35.989721],[147.847502,-35.984131],[147.851441,-35.983225],[147.850924,-35.981569],[147.843589,-35.982752],[147.841262,-35.980103],[147.840506,-35.984334],[147.833805,-35.979259],[147.817503,-35.979728],[147.813238,-35.975978],[147.81579,-35.9718],[147.813496,-35.971557],[147.811205,-35.967286],[147.806159,-35.965044],[147.796445,-35.96382],[147.788174,-35.967232],[147.78029,-35.965892],[147.776855,-35.968601],[147.772963,-35.964909],[147.768365,-35.965369],[147.766803,-35.964145],[147.767981,-35.961147],[147.773442,-35.960051],[147.773267,-35.95885],[147.763453,-35.958796],[147.756899,-35.954758],[147.749472,-35.957462],[147.741297,-35.956477],[147.728577,-35.947501],[147.718677,-35.9455],[147.716867,-35.942893],[147.717761,-35.938546],[147.711311,-35.930022],[147.70842,-35.928532],[147.686613,-35.938659],[147.680015,-35.944426],[147.674768,-35.944582],[147.672299,-35.942517],[147.646783,-35.945995],[147.642423,-35.949694],[147.637776,-35.962097],[147.620521,-35.96757],[147.601443,-35.979106],[147.596809,-35.97646],[147.597752,-35.972458],[147.594209,-35.969824],[147.580873,-35.967988],[147.57874,-35.969908],[147.578755,-35.974208],[147.574891,-35.975146],[147.572567,-35.972552],[147.572874,-35.969321],[147.564161,-35.969421],[147.567393,-35.964822],[147.560561,-35.968743],[147.549121,-35.964537],[147.54849,-35.968778],[147.551789,-35.970993],[147.547588,-35.974554],[147.547659,-35.978612],[147.558893,-35.972476],[147.562228,-35.97412],[147.565426,-35.97859],[147.581434,-35.978014],[147.584033,-35.984635],[147.579612,-35.988513],[147.568514,-35.991794],[147.556515,-36.002491],[147.551879,-36.004082],[147.548714,-36.003219],[147.545824,-35.996989],[147.537558,-35.993978],[147.528431,-35.986943],[147.521116,-35.986384],[147.520227,-35.979782],[147.515236,-35.975974],[147.521144,-35.967553],[147.525734,-35.965009],[147.525519,-35.963196],[147.516231,-35.958751],[147.511799,-35.962253],[147.507384,-35.958015],[147.505158,-35.952555],[147.500882,-35.950514],[147.498608,-35.946629],[147.494118,-35.943536],[147.4916,-35.943841],[147.488468,-35.948711],[147.481559,-35.94921],[147.478841,-35.942676],[147.476347,-35.943431],[147.477712,-35.944162],[147.464078,-35.944124],[147.454426,-35.951585],[147.456161,-35.957766],[147.450691,-35.960791],[147.445049,-35.958573],[147.443131,-35.955616],[147.439719,-35.955945],[147.43521,-35.953027],[147.431047,-35.952981],[147.421989,-35.948823],[147.415191,-35.946971],[147.408414,-35.948219],[147.405024,-35.943507],[147.395413,-35.94907],[147.391845,-35.947627],[147.390366,-35.950507],[147.392652,-35.955032],[147.38715,-35.958993],[147.39268,-35.959024],[147.394163,-35.960457],[147.393023,-35.962245],[147.388231,-35.963442],[147.388943,-35.966315],[147.393106,-35.970212],[147.391474,-35.971855],[147.392506,-35.973331],[147.383685,-35.972339],[147.373921,-35.977855],[147.376551,-35.976665],[147.372033,-35.980675],[147.374302,-35.979672],[147.374861,-35.982304],[147.3709,-35.982342],[147.358199,-35.991263],[147.353186,-36.000746],[147.355551,-36.004326],[147.355293,-36.009819],[147.348928,-36.012933],[147.345686,-36.018759],[147.346229,-36.024531],[147.35181,-36.028731],[147.35283,-36.031736],[147.347136,-36.036744],[147.343785,-36.042163],[147.332305,-36.047001],[147.329423,-36.054185],[147.321713,-36.05816],[147.319608,-36.061062],[147.317944,-36.060081],[147.318131,-36.054889],[147.312977,-36.052794],[147.311076,-36.054463],[147.314388,-36.056288],[147.315505,-36.058795],[147.313039,-36.061158],[147.310588,-36.060944],[147.306675,-36.057177],[147.306794,-36.053842],[147.302267,-36.050029],[147.304784,-36.047417],[147.301471,-36.047646],[147.299995,-36.044962],[147.297707,-36.046686],[147.296495,-36.044716],[147.290693,-36.042744],[147.287406,-36.043487],[147.285183,-36.039426],[147.279964,-36.043274],[147.266843,-36.039346],[147.251786,-36.041567],[147.242384,-36.038469],[147.238874,-36.043303],[147.232041,-36.042368],[147.224828,-36.048493],[147.214943,-36.046686],[147.206305,-36.050123],[147.19554,-36.043881],[147.193351,-36.04491],[147.187604,-36.042322],[147.187752,-36.038256],[147.180825,-36.037396],[147.164462,-36.030785],[147.161208,-36.031231],[147.155285,-36.035952],[147.14931,-36.031964],[147.146672,-36.036878],[147.144367,-36.037752],[147.142825,-36.035833],[147.144697,-36.031258],[147.141435,-36.02866],[147.136973,-36.028532],[147.131341,-36.024381],[147.130806,-36.019999],[147.127397,-36.018034],[147.128431,-36.011676],[147.125113,-36.008164],[147.127238,-36.005606],[147.122888,-36.003697],[147.12556,-36.000341],[147.123135,-35.997304],[147.124937,-35.995628],[147.124125,-35.994409],[147.122474,-35.994917],[147.120773,-36.000327],[147.116692,-35.998495],[147.111937,-36.000909],[147.115628,-36.003715],[147.116089,-36.007744],[147.112283,-36.008103],[147.106825,-36.004812],[147.106408,-36.007891],[147.110578,-36.009546],[147.109233,-36.012536],[147.098115,-36.010167],[147.098618,-36.012399],[147.105462,-36.011742],[147.106369,-36.016442],[147.10434,-36.019041],[147.101035,-36.019963],[147.100005,-36.015671],[147.097677,-36.01581],[147.098347,-36.019],[147.096638,-36.021853],[147.099338,-36.024184],[147.099101,-36.026181],[147.09704,-36.028344],[147.093592,-36.026256],[147.092146,-36.027637],[147.103744,-36.03304],[147.100183,-36.035894],[147.099786,-36.038927],[147.09639,-36.038586],[147.099212,-36.042574],[147.097178,-36.046608],[147.094723,-36.047128],[147.093612,-36.043615],[147.091532,-36.044022],[147.091835,-36.046814],[147.095584,-36.049767],[147.095633,-36.052374],[147.093025,-36.052929],[147.090406,-36.049213],[147.088228,-36.053188],[147.080534,-36.053801],[147.085445,-36.055861],[147.079318,-36.056605],[147.074529,-36.064078],[147.071628,-36.063484],[147.068796,-36.060435],[147.066655,-36.063431],[147.066817,-36.068609],[147.064899,-36.068755],[147.063953,-36.065596],[147.061818,-36.066142],[147.059521,-36.074027],[147.063026,-36.082479],[147.057797,-36.085475],[147.059345,-36.089491],[147.052373,-36.090308],[147.050153,-36.098166],[147.055701,-36.100269],[147.053086,-36.107678],[147.050829,-36.108139],[147.048859,-36.103812],[147.04235,-36.104292],[147.042332,-36.109299],[147.035069,-36.114963],[147.033672,-36.123547],[147.035607,-36.134579],[147.050615,-36.16323],[147.057942,-36.168169],[147.068563,-36.1798],[147.085985,-36.209798],[147.09592,-36.214478],[147.101112,-36.218752],[147.097081,-36.232481],[147.108834,-36.234239],[147.107428,-36.240494],[147.108367,-36.241999],[147.114384,-36.242822],[147.11623,-36.246625],[147.122123,-36.25136],[147.122137,-36.255011],[147.14349,-36.258434],[147.14428,-36.263839],[147.15511,-36.278148],[147.155764,-36.281513],[147.170119,-36.290483],[147.168707,-36.297509],[147.174521,-36.298216],[147.178545,-36.305735],[147.178499,-36.310803],[147.182714,-36.313221],[147.185995,-36.32355],[147.194462,-36.330069],[147.197406,-36.338988],[147.195017,-36.342754],[147.185501,-36.350308],[147.183913,-36.354256],[147.176381,-36.358019],[147.177659,-36.361316],[147.166567,-36.359314],[147.165752,-36.363494],[147.167152,-36.365814],[147.165772,-36.369868],[147.16719,-36.371988],[147.162434,-36.375413],[147.16139,-36.378205],[147.164915,-36.384618],[147.165484,-36.39096],[147.161286,-36.391203],[147.162155,-36.39368],[147.158559,-36.396714],[147.161678,-36.400451],[147.162174,-36.404731],[147.156967,-36.407523],[147.158969,-36.411803],[147.155568,-36.415238],[147.157961,-36.420764],[147.156331,-36.424057],[147.151427,-36.42769],[147.151068,-36.431758],[147.149367,-36.432946],[147.151937,-36.437097],[147.15013,-36.439574],[147.144665,-36.440499],[147.144991,-36.444068],[147.141357,-36.445699],[147.145115,-36.448019],[147.145401,-36.450655],[147.131643,-36.451566],[147.125428,-36.447884]]]}},{"type":"Feature","properties":{"code":"AU-LGA-26700","name":"Wangaratta","label":"Wangaratta","type":"Local government area","parentCode":"AU-VIC"},"geometry":{"type":"Polygon","coordinates":[[[146.278788,-36.924921],[146.277138,-36.931412],[146.28028,-36.93441],[146.289537,-36.935507],[146.292318,-36.941811],[146.304199,-36.948438],[146.309539,-36.947072],[146.314892,-36.948494],[146.317075,-36.953126],[146.335734,-36.952965],[146.647051,-37.163146],[146.644892,-37.159283],[146.644804,-37.147454],[146.640387,-37.142385],[146.641344,-37.136547],[146.638392,-37.132495],[146.638838,-37.127282],[146.649149,-37.123757],[146.652466,-37.116366],[146.656313,-37.117006],[146.661048,-37.113965],[146.668817,-37.114827],[146.673984,-37.113271],[146.672332,-36.982761],[146.667869,-36.981673],[146.662943,-36.977894],[146.658163,-36.970759],[146.654592,-36.970134],[146.655326,-36.962145],[146.652617,-36.958501],[146.655113,-36.955373],[146.653671,-36.947785],[146.650112,-36.944416],[146.648462,-36.939505],[146.6436,-36.935147],[146.645751,-36.930586],[146.650399,-36.926043],[146.645093,-36.920926],[146.644746,-36.914897],[146.640112,-36.910315],[146.641891,-36.899684],[146.645529,-36.891348],[146.643111,-36.88811],[146.641926,-36.881881],[146.644363,-36.87788],[146.643914,-36.86976],[146.635001,-36.868286],[146.625718,-36.856564],[146.62717,-36.853105],[146.637821,-36.846729],[146.63757,-36.839109],[146.639146,-36.83181],[146.641239,-36.82916],[146.640511,-36.815938],[146.64257,-36.812798],[146.631501,-36.805276],[146.566469,-36.74111],[146.599831,-36.71324],[146.600202,-36.710821],[146.60207,-36.711821],[146.605377,-36.710788],[146.604521,-36.708054],[146.607705,-36.708124],[146.608501,-36.703856],[146.618389,-36.698422],[146.621652,-36.690491],[146.625873,-36.687047],[146.624526,-36.685007],[146.630873,-36.68276],[146.63107,-36.678743],[146.627426,-36.676251],[146.626071,-36.673271],[146.622606,-36.671884],[146.621798,-36.66802],[146.618702,-36.664058],[146.619388,-36.657841],[146.615526,-36.653062],[146.616853,-36.646975],[146.619551,-36.644496],[146.618554,-36.642435],[146.622957,-36.639339],[146.622001,-36.631308],[146.626269,-36.626884],[146.636642,-36.622499],[146.639146,-36.617828],[146.644781,-36.614211],[146.644853,-36.609589],[146.649386,-36.600961],[146.647202,-36.596666],[146.647843,-36.590298],[146.660445,-36.577422],[146.66284,-36.572596],[146.670507,-36.56897],[146.669335,-36.561499],[146.670896,-36.55844],[146.66681,-36.558075],[146.658216,-36.552871],[146.659103,-36.548031],[146.661519,-36.544937],[146.66117,-36.539017],[146.665827,-36.540035],[146.66745,-36.535958],[146.670207,-36.535653],[146.663205,-36.528175],[146.661584,-36.523744],[146.656003,-36.52025],[146.656384,-36.524551],[146.654536,-36.52716],[146.648347,-36.524759],[146.645247,-36.525786],[146.643911,-36.528355],[146.634343,-36.522523],[146.639422,-36.515777],[146.647522,-36.511577],[146.648799,-36.504836],[146.642641,-36.504123],[146.643435,-36.499565],[146.64667,-36.49997],[146.648352,-36.490904],[146.651242,-36.48965],[146.656704,-36.490814],[146.657653,-36.488365],[146.671394,-36.491534],[146.682588,-36.484988],[146.681328,-36.483456],[146.688851,-36.483811],[146.695734,-36.479857],[146.700897,-36.481688],[146.71085,-36.481855],[146.719451,-36.477054],[146.719625,-36.4724],[146.722466,-36.468738],[146.721376,-36.465654],[146.725787,-36.45921],[146.72501,-36.418694],[146.698546,-36.415525],[146.698422,-36.413988],[146.6954,-36.413165],[146.695633,-36.414497],[146.693582,-36.41524],[146.693879,-36.417746],[146.689033,-36.417117],[146.687861,-36.421596],[146.68321,-36.417403],[146.675442,-36.416398],[146.67648,-36.412514],[146.666351,-36.408669],[146.655293,-36.409642],[146.655568,-36.408009],[146.642902,-36.405875],[146.643468,-36.402245],[146.631227,-36.404458],[146.61681,-36.395395],[146.611855,-36.396136],[146.614014,-36.38125],[146.60426,-36.381143],[146.613221,-36.372149],[146.610967,-36.366953],[146.617072,-36.358498],[146.613517,-36.357862],[146.617233,-36.35235],[146.620337,-36.351861],[146.623947,-36.337591],[146.619873,-36.336988],[146.622273,-36.324994],[146.625647,-36.324449],[146.62812,-36.311165],[146.631715,-36.309719],[146.63245,-36.305887],[146.635401,-36.306248],[146.63497,-36.30343],[146.63327,-36.301438],[146.622408,-36.300629],[146.618952,-36.308096],[146.61527,-36.309273],[146.606578,-36.3081],[146.59583,-36.311393],[146.590035,-36.316574],[146.576949,-36.318746],[146.570543,-36.32569],[146.561382,-36.326059],[146.557981,-36.328699],[146.571558,-36.253603],[146.512434,-36.246654],[146.521906,-36.234732],[146.534096,-36.231728],[146.535676,-36.228282],[146.525197,-36.215184],[146.528295,-36.20851],[146.531474,-36.186085],[146.536249,-36.186743],[146.539767,-36.185456],[146.540244,-36.183257],[146.532195,-36.182183],[146.532853,-36.179114],[146.521991,-36.177593],[146.523292,-36.171513],[146.509295,-36.168614],[146.502411,-36.170761],[146.501269,-36.168404],[146.284203,-36.142251],[146.294689,-36.087522],[146.276493,-36.084896],[146.277923,-36.07756],[146.202073,-36.069424],[146.202879,-36.070446],[146.200716,-36.071359],[146.202245,-36.072308],[146.200683,-36.075814],[146.201622,-36.080323],[146.196134,-36.084635],[146.197354,-36.086297],[146.204204,-36.085227],[146.207804,-36.087292],[146.212927,-36.087404],[146.215209,-36.089306],[146.210052,-36.091873],[146.213111,-36.094061],[146.214776,-36.092089],[146.216453,-36.09732],[146.215134,-36.098517],[146.21229,-36.096505],[146.209915,-36.096986],[146.212665,-36.098321],[146.209422,-36.099415],[146.210678,-36.102875],[146.206734,-36.102919],[146.204842,-36.105257],[146.208098,-36.10503],[146.209386,-36.106821],[146.211148,-36.105834],[146.212067,-36.107259],[146.215197,-36.106073],[146.216762,-36.107585],[146.213409,-36.108613],[146.215648,-36.111052],[146.215705,-36.114882],[146.209806,-36.115302],[146.210559,-36.113647],[146.208875,-36.111902],[146.205626,-36.113221],[146.206822,-36.119121],[146.204535,-36.125757],[146.218692,-36.127593],[146.228286,-36.131692],[146.230003,-36.128663],[146.235798,-36.128489],[146.241322,-36.13325],[146.23874,-36.135754],[146.243531,-36.13907],[146.242409,-36.141405],[146.238667,-36.139314],[146.237155,-36.142347],[146.240201,-36.143592],[146.240848,-36.148169],[146.239752,-36.148721],[146.237314,-36.146106],[146.236531,-36.146943],[146.236906,-36.149721],[146.238801,-36.149115],[146.2397,-36.151777],[146.234936,-36.154077],[146.237206,-36.154905],[146.235487,-36.157113],[146.238243,-36.157677],[146.235718,-36.159026],[146.237358,-36.160404],[146.235748,-36.162722],[146.236252,-36.164878],[146.233428,-36.166785],[146.232079,-36.165056],[146.231783,-36.166684],[146.228853,-36.167102],[146.230358,-36.170422],[146.233439,-36.169828],[146.236235,-36.171279],[146.237577,-36.169338],[146.238972,-36.17162],[146.23984,-36.168674],[146.245189,-36.167433],[146.242759,-36.170113],[146.246553,-36.176872],[146.241925,-36.179677],[146.244519,-36.182017],[146.238953,-36.18139],[146.236153,-36.187308],[146.236682,-36.190545],[146.235763,-36.188192],[146.233148,-36.188296],[146.234061,-36.182984],[146.220929,-36.182955],[146.220895,-36.185432],[146.224476,-36.185489],[146.223627,-36.186862],[146.131058,-36.186778],[146.131552,-36.283164],[146.147126,-36.299191],[146.16393,-36.298899],[146.17031,-36.29546],[146.181056,-36.297483],[146.181092,-36.337605],[146.193772,-36.337406],[146.196963,-36.334132],[146.204618,-36.345977],[146.205176,-36.358621],[146.203995,-36.362154],[146.205214,-36.364523],[146.207674,-36.364445],[146.212971,-36.359342],[146.219467,-36.357151],[146.210345,-36.409252],[146.204192,-36.410718],[146.219734,-36.437918],[146.217937,-36.438695],[146.224654,-36.448939],[146.19513,-36.461611],[146.198221,-36.465929],[146.175951,-36.472787],[146.184695,-36.486126],[146.199346,-36.494133],[146.202278,-36.499042],[146.209731,-36.502682],[146.208846,-36.509021],[146.202172,-36.509055],[146.20222,-36.519924],[146.195255,-36.52296],[146.195163,-36.542028],[146.199902,-36.54202],[146.199932,-36.56205],[146.195025,-36.563583],[146.194948,-36.587559],[146.212877,-36.589476],[146.211074,-36.597661],[146.225466,-36.599557],[146.219384,-36.625934],[146.222624,-36.626539],[146.218086,-36.629975],[146.214262,-36.647947],[146.235565,-36.697608],[146.235287,-36.703242],[146.230841,-36.709175],[146.231155,-36.716556],[146.232963,-36.718348],[146.244761,-36.719793],[146.249591,-36.726428],[146.249986,-36.737424],[146.254947,-36.742801],[146.2501,-36.748286],[146.250934,-36.755019],[146.24337,-36.75832],[146.244474,-36.765813],[146.239736,-36.777195],[146.244872,-36.785964],[146.248382,-36.801069],[146.247331,-36.815987],[146.251238,-36.839988],[146.250285,-36.845219],[146.246546,-36.848271],[146.242939,-36.869551],[146.244809,-36.874059],[146.253862,-36.879771],[146.253353,-36.883168],[146.259026,-36.887256],[146.25534,-36.905933],[146.261092,-36.90683],[146.268631,-36.912096],[146.272688,-36.9103],[146.275589,-36.918525],[146.280815,-36.923081],[146.280452,-36.925043],[146.278788,-36.924921]]]}},{"type":"Feature","properties":{"code":"AU-LGA-26730","name":"Warrnambool","label":"Warrnambool","type":"Local government area","parentCode":"AU-VIC"},"geometry":{"type":"Polygon","coordinates":[[[142.422362,-38.372385],[142.453294,-38.39147],[142.455393,-38.393369],[142.453817,-38.396038],[142.456877,-38.395347],[142.463085,-38.397321],[142.464303,-38.399119],[142.467192,-38.398791],[142.471659,-38.404297],[142.472778,-38.401648],[142.474826,-38.402548],[142.474688,-38.404309],[142.480604,-38.401379],[142.476251,-38.402559],[142.475876,-38.401238],[142.47644,-38.397644],[142.479881,-38.394558],[142.487258,-38.393369],[142.495647,-38.394827],[142.509033,-38.403342],[142.527531,-38.406009],[142.563325,-38.421991],[142.584584,-38.436649],[142.587382,-38.436418],[142.598465,-38.445281],[142.601345,-38.445037],[142.603208,-38.448273],[142.609017,-38.450131],[142.6113,-38.437287],[142.60519,-38.436549],[142.608832,-38.434738],[142.609107,-38.430511],[142.604685,-38.42974],[142.606983,-38.416642],[142.609652,-38.416873],[142.611399,-38.407085],[142.620434,-38.408039],[142.617081,-38.398109],[142.619924,-38.398471],[142.62096,-38.38859],[142.609289,-38.387365],[142.615431,-38.384364],[142.594177,-38.383563],[142.57009,-38.388482],[142.572432,-38.374243],[142.553898,-38.372247],[142.556364,-38.359624],[142.531004,-38.355702],[142.523202,-38.356393],[142.518969,-38.358625],[142.522628,-38.336208],[142.517843,-38.338904],[142.520307,-38.325272],[142.51424,-38.319462],[142.509889,-38.312545],[142.506146,-38.312341],[142.503371,-38.313987],[142.492031,-38.312835],[142.492604,-38.30924],[142.465082,-38.306215],[142.463792,-38.313473],[142.450341,-38.316074],[142.428993,-38.314387],[142.425889,-38.333007],[142.425565,-38.350787],[142.432091,-38.353563],[142.422362,-38.372385]]]}},{"type":"Feature","properties":{"code":"AU-LGA-26810","name":"Wellington","label":"Wellington","type":"Local government area","parentCode":"AU-VIC"},"geometry":{"type":"MultiPolygon","coordinates":[[[[146.679832,-38.955032],[146.684292,-38.953802],[146.680762,-38.952562],[146.679832,-38.955032]]],[[[146.705092,-38.951731],[146.707282,-38.951211],[146.706972,-38.949601],[146.703822,-38.949331],[146.705092,-38.951731]]],[[[146.676332,-38.941801],[146.678102,-38.943171],[146.678962,-38.940761],[146.673722,-38.937691],[146.676332,-38.941801]]],[[[146.662072,-38.9221],[146.659072,-38.922],[146.660652,-38.92686],[146.665332,-38.92598],[146.664582,-38.92346],[146.662072,-38.9221]]],[[[146.621902,-38.750207],[146.62788,-38.748275],[146.634699,-38.749302],[146.640752,-38.746619],[146.642569,-38.747187],[146.64048,-38.744206],[146.631023,-38.747765],[146.623499,-38.747903],[146.621902,-38.750207]]],[[[146.576614,-38.707391],[146.576767,-38.706884],[146.576398,-38.707234],[146.576614,-38.707391]]],[[[146.573279,-38.700866],[146.572328,-38.70027],[146.573018,-38.701701],[146.571241,-38.70477],[146.574444,-38.704211],[146.573279,-38.700866]]],[[[146.541905,-38.746058],[146.539182,-38.747711],[146.541761,-38.747159],[146.541905,-38.746058]]],[[[146.544399,-38.743824],[146.548011,-38.745503],[146.552872,-38.743349],[146.55338,-38.741086],[146.546741,-38.742903],[146.546144,-38.741631],[146.548956,-38.73981],[146.545928,-38.739695],[146.543995,-38.741851],[146.544399,-38.743824]]],[[[146.463918,-38.735946],[146.464109,-38.737831],[146.465979,-38.736753],[146.464527,-38.735081],[146.463918,-38.735946]]],[[[146.526299,-38.741547],[146.528472,-38.740851],[146.527041,-38.740121],[146.526299,-38.741547]]],[[[146.539986,-38.746084],[146.540469,-38.746133],[146.541279,-38.745089],[146.539986,-38.746084]]],[[[146.528765,-38.712857],[146.531744,-38.715863],[146.536483,-38.716419],[146.528765,-38.712857]]],[[[146.462893,-38.713672],[146.456052,-38.713015],[146.4571,-38.711644],[146.453703,-38.710439],[146.446099,-38.712252],[146.440731,-38.720776],[146.438732,-38.727786],[146.448208,-38.728645],[146.4609,-38.723813],[146.468401,-38.717308],[146.476551,-38.719535],[146.478338,-38.717777],[146.48377,-38.717837],[146.493344,-38.725181],[146.501927,-38.716239],[146.500307,-38.715313],[146.496261,-38.717557],[146.491055,-38.713584],[146.478369,-38.711847],[146.470166,-38.713656],[146.470052,-38.712582],[146.462521,-38.71258],[146.462893,-38.713672]]],[[[146.509868,-38.724251],[146.51684,-38.721057],[146.509622,-38.721668],[146.509868,-38.724251]]],[[[146.567785,-38.742307],[146.551733,-38.74909],[146.551526,-38.750835],[146.541741,-38.756043],[146.548101,-38.756885],[146.546117,-38.75773],[146.542044,-38.758315],[146.538676,-38.756641],[146.52332,-38.760474],[146.518831,-38.760097],[146.51247,-38.76256],[146.504472,-38.761874],[146.500922,-38.76303],[146.498957,-38.761686],[146.500575,-38.762843],[146.501718,-38.760892],[146.498084,-38.758672],[146.504023,-38.760157],[146.508704,-38.759368],[146.523891,-38.752642],[146.520417,-38.75012],[146.519263,-38.753105],[146.515622,-38.752775],[146.513491,-38.754197],[146.50825,-38.752891],[146.512906,-38.746319],[146.522879,-38.74276],[146.525371,-38.739096],[146.528684,-38.737695],[146.53339,-38.738864],[146.54165,-38.727732],[146.53423,-38.729287],[146.523977,-38.728399],[146.526762,-38.730384],[146.523548,-38.729815],[146.518995,-38.732638],[146.521163,-38.734725],[146.517851,-38.734574],[146.513456,-38.737548],[146.508182,-38.737217],[146.506031,-38.733573],[146.512011,-38.733291],[146.515591,-38.730685],[146.512316,-38.725401],[146.503082,-38.726778],[146.506031,-38.725178],[146.507011,-38.721214],[146.509589,-38.718521],[146.505781,-38.719465],[146.495006,-38.729109],[146.481967,-38.729669],[146.480309,-38.728431],[146.482073,-38.726593],[146.477586,-38.729577],[146.471349,-38.728354],[146.470199,-38.73224],[146.47188,-38.735441],[146.464611,-38.739109],[146.471397,-38.749902],[146.494765,-38.774824],[146.522985,-38.781644],[146.529404,-38.783924],[146.53736,-38.789397],[146.545346,-38.790876],[146.552993,-38.789269],[146.560966,-38.785129],[146.581008,-38.768741],[146.59764,-38.759471],[146.61098,-38.75621],[146.625882,-38.759289],[146.656007,-38.755374],[146.667738,-38.747798],[146.666073,-38.744828],[146.663248,-38.744417],[146.66673,-38.746485],[146.664913,-38.749298],[146.655611,-38.753008],[146.654587,-38.754989],[146.622563,-38.758218],[146.615368,-38.755651],[146.621549,-38.753572],[146.608725,-38.751208],[146.607227,-38.749468],[146.604418,-38.752081],[146.601354,-38.752074],[146.599494,-38.747714],[146.602601,-38.746069],[146.602936,-38.74418],[146.593532,-38.742981],[146.588831,-38.746954],[146.584277,-38.747851],[146.591971,-38.742521],[146.587691,-38.740181],[146.585904,-38.742856],[146.583227,-38.742941],[146.584448,-38.73884],[146.580411,-38.734989],[146.571765,-38.736013],[146.571834,-38.738226],[146.56873,-38.739784],[146.567785,-38.742307]]],[[[146.629729,-38.724131],[146.630473,-38.725388],[146.652641,-38.727193],[146.667991,-38.720792],[146.669259,-38.718302],[146.663481,-38.721049],[146.660381,-38.719317],[146.651133,-38.722821],[146.642089,-38.723144],[146.638596,-38.721854],[146.629729,-38.724131]]],[[[146.692357,-38.708797],[146.693343,-38.710373],[146.69997,-38.709538],[146.694789,-38.707018],[146.69257,-38.707652],[146.695751,-38.7096],[146.692917,-38.709962],[146.692357,-38.708797]]],[[[146.565034,-38.714043],[146.567647,-38.71587],[146.572447,-38.714999],[146.5666,-38.713169],[146.565034,-38.714043]]],[[[146.689227,-38.710469],[146.687319,-38.710388],[146.6886,-38.708909],[146.68692,-38.710955],[146.689249,-38.71199],[146.689227,-38.710469]]],[[[146.619605,-38.701948],[146.614435,-38.701106],[146.614945,-38.699076],[146.618544,-38.697503],[146.604693,-38.69965],[146.588305,-38.710165],[146.58907,-38.712189],[146.585833,-38.713063],[146.585343,-38.715681],[146.602825,-38.726871],[146.604882,-38.724043],[146.600448,-38.724417],[146.595567,-38.720175],[146.59819,-38.718178],[146.601408,-38.718105],[146.601026,-38.716527],[146.606404,-38.717961],[146.599176,-38.7195],[146.601836,-38.72239],[146.608127,-38.7239],[146.61499,-38.721114],[146.612604,-38.722621],[146.617608,-38.723816],[146.621667,-38.721484],[146.622094,-38.723388],[146.618335,-38.724181],[146.626294,-38.724613],[146.628939,-38.724082],[146.626373,-38.724098],[146.63067,-38.721424],[146.633607,-38.720955],[146.632202,-38.722605],[146.633249,-38.722935],[146.638941,-38.719943],[146.652871,-38.718882],[146.659861,-38.715018],[146.672909,-38.715004],[146.67761,-38.708325],[146.674509,-38.709567],[146.67596,-38.706899],[146.668669,-38.706242],[146.666886,-38.708156],[146.662851,-38.708428],[146.662226,-38.707521],[146.672837,-38.703057],[146.664285,-38.701539],[146.655999,-38.702325],[146.648778,-38.705858],[146.648289,-38.704292],[146.653291,-38.701061],[146.640815,-38.699601],[146.638303,-38.701848],[146.636895,-38.706552],[146.627261,-38.70472],[146.62798,-38.703215],[146.636043,-38.701539],[146.636477,-38.698552],[146.628611,-38.701978],[146.619605,-38.701948]]],[[[146.707771,-38.710032],[146.700922,-38.711794],[146.70174,-38.712953],[146.697879,-38.71425],[146.685676,-38.727355],[146.68132,-38.727869],[146.679929,-38.725659],[146.67938,-38.727102],[146.682566,-38.728621],[146.685357,-38.727962],[146.712511,-38.707302],[146.732205,-38.696259],[146.725824,-38.696209],[146.721027,-38.698487],[146.721316,-38.700751],[146.707771,-38.710032]]],[[[146.551754,-38.703967],[146.561726,-38.705086],[146.560845,-38.703378],[146.557304,-38.704108],[146.553739,-38.702371],[146.551754,-38.703967]]],[[[146.567528,-38.697199],[146.563096,-38.697183],[146.567108,-38.698906],[146.571157,-38.698304],[146.570272,-38.696151],[146.567528,-38.697199]]],[[[146.701363,-38.702677],[146.704395,-38.702188],[146.702681,-38.701507],[146.701363,-38.702677]]],[[[146.690037,-38.697021],[146.688077,-38.696603],[146.686881,-38.698785],[146.690037,-38.697021]]],[[[146.577148,-38.698814],[146.577701,-38.7011],[146.578296,-38.699653],[146.577148,-38.698814]]],[[[146.687192,-38.699951],[146.689959,-38.700768],[146.687497,-38.699275],[146.687192,-38.699951]]],[[[146.579073,-38.702129],[146.579834,-38.702717],[146.580713,-38.70209],[146.579073,-38.702129]]],[[[146.763321,-38.659058],[146.770311,-38.661292],[146.774383,-38.659755],[146.771395,-38.658597],[146.771877,-38.656437],[146.761576,-38.653318],[146.756073,-38.654634],[146.756811,-38.658339],[146.763321,-38.659058]]],[[[146.777573,-38.658025],[146.779055,-38.660116],[146.782983,-38.658089],[146.775744,-38.656495],[146.772871,-38.65798],[146.777573,-38.658025]]],[[[146.653433,-38.661513],[146.658054,-38.658826],[146.655467,-38.658712],[146.653433,-38.661513]]],[[[146.820225,-38.664794],[146.828576,-38.660975],[146.82747,-38.660619],[146.820225,-38.664794]]],[[[146.748185,-38.663601],[146.746771,-38.663983],[146.749767,-38.664191],[146.748185,-38.663601]]],[[[146.813601,-38.676665],[146.804613,-38.677475],[146.798052,-38.675873],[146.767013,-38.686568],[146.752883,-38.689648],[146.759263,-38.691278],[146.777208,-38.683304],[146.788508,-38.680624],[146.810037,-38.681283],[146.825021,-38.684259],[146.818575,-38.684728],[146.821016,-38.68523],[146.826299,-38.684171],[146.823403,-38.681237],[146.823597,-38.682597],[146.820387,-38.682588],[146.806338,-38.679878],[146.822133,-38.678633],[146.810032,-38.677469],[146.813601,-38.676665]]],[[[146.724093,-38.677272],[146.726581,-38.674989],[146.726597,-38.672255],[146.729033,-38.672911],[146.729139,-38.674941],[146.73153,-38.676765],[146.739467,-38.672898],[146.734134,-38.671518],[146.727726,-38.66719],[146.727705,-38.664628],[146.73022,-38.664718],[146.727799,-38.661214],[146.725307,-38.665722],[146.720695,-38.666827],[146.722116,-38.673331],[146.720626,-38.676447],[146.716234,-38.677746],[146.709899,-38.676562],[146.712941,-38.678401],[146.715291,-38.683897],[146.724093,-38.677272]]],[[[146.696637,-38.687242],[146.696237,-38.690852],[146.69841,-38.693122],[146.715745,-38.687132],[146.714935,-38.685848],[146.711792,-38.686954],[146.708504,-38.685723],[146.712963,-38.684589],[146.709984,-38.683305],[146.709816,-38.681881],[146.711757,-38.681521],[146.710181,-38.677156],[146.708184,-38.676693],[146.697635,-38.683601],[146.696637,-38.687242]]],[[[146.81537,-38.659055],[146.798441,-38.657298],[146.804129,-38.655558],[146.808853,-38.656192],[146.803778,-38.654963],[146.794063,-38.656807],[146.786034,-38.669105],[146.787618,-38.669832],[146.793263,-38.667515],[146.79129,-38.666937],[146.790778,-38.664832],[146.79758,-38.662498],[146.797402,-38.660926],[146.801523,-38.662628],[146.805735,-38.661134],[146.806116,-38.659365],[146.81537,-38.659055]]],[[[146.66876,-38.682593],[146.671968,-38.686348],[146.679029,-38.689746],[146.68337,-38.689689],[146.681859,-38.685306],[146.676571,-38.684124],[146.678629,-38.6819],[146.678317,-38.678978],[146.685406,-38.677846],[146.675809,-38.676788],[146.66876,-38.682593]]],[[[146.626051,-38.692095],[146.626937,-38.690074],[146.621757,-38.69478],[146.630175,-38.6978],[146.634083,-38.69715],[146.629362,-38.69564],[146.626051,-38.692095]]],[[[146.608748,-38.684385],[146.606066,-38.683465],[146.598501,-38.68565],[146.606987,-38.68635],[146.608748,-38.684385]]],[[[146.740729,-38.667106],[146.738087,-38.668887],[146.743383,-38.670141],[146.74814,-38.669017],[146.740729,-38.667106]]],[[[146.731634,-38.667019],[146.73621,-38.668899],[146.737236,-38.66698],[146.733303,-38.664915],[146.731683,-38.662175],[146.729036,-38.661685],[146.731634,-38.667019]]],[[[146.745638,-38.677981],[146.743883,-38.676208],[146.744896,-38.674615],[146.739725,-38.679108],[146.743922,-38.679439],[146.745638,-38.677981]]],[[[146.758068,-38.674903],[146.756069,-38.672567],[146.753616,-38.675529],[146.755291,-38.676495],[146.762491,-38.673047],[146.758068,-38.674903]]],[[[146.803239,-38.666136],[146.809416,-38.666084],[146.821671,-38.659979],[146.811621,-38.664751],[146.803239,-38.666136]]],[[[146.651213,-38.672876],[146.655625,-38.672855],[146.654912,-38.669494],[146.652124,-38.670564],[146.651213,-38.672876]]],[[[146.594002,-38.688595],[146.587724,-38.690569],[146.589289,-38.691978],[146.594002,-38.688595]]],[[[146.724882,-38.684459],[146.719039,-38.685213],[146.721959,-38.686223],[146.724882,-38.684459]]],[[[146.642211,-38.686279],[146.644878,-38.687817],[146.642798,-38.686769],[146.643733,-38.68472],[146.648018,-38.683401],[146.649733,-38.684741],[146.651109,-38.683474],[146.646001,-38.683502],[146.642211,-38.686279]]],[[[146.650994,-38.686214],[146.657564,-38.685919],[146.65238,-38.685381],[146.650994,-38.686214]]],[[[146.727886,-38.684633],[146.729646,-38.686075],[146.732771,-38.685105],[146.727886,-38.684633]]],[[[146.756888,-38.672326],[146.760951,-38.670103],[146.758948,-38.670058],[146.756888,-38.672326]]],[[[146.6806,-38.673122],[146.684554,-38.674839],[146.681856,-38.672873],[146.6806,-38.673122]]],[[[146.727462,-38.678744],[146.729953,-38.678456],[146.729447,-38.676879],[146.727462,-38.678744]]],[[[146.751284,-38.674607],[146.74837,-38.676572],[146.750686,-38.67625],[146.751284,-38.674607]]],[[[146.626741,-38.679975],[146.629204,-38.680117],[146.631034,-38.678907],[146.626741,-38.679975]]],[[[146.607594,-38.680222],[146.605893,-38.681213],[146.607861,-38.681682],[146.607594,-38.680222]]],[[[146.795934,-38.66696],[146.799812,-38.666187],[146.797838,-38.665861],[146.795934,-38.66696]]],[[[146.68869,-38.686667],[146.68989,-38.685126],[146.688925,-38.685271],[146.68869,-38.686667]]],[[[146.793536,-38.666652],[146.794607,-38.667112],[146.795097,-38.666497],[146.793536,-38.666652]]],[[[146.5698,-38.691043],[146.571091,-38.690729],[146.570925,-38.68977],[146.5698,-38.691043]]],[[[146.68831,-38.681487],[146.69174,-38.680666],[146.688477,-38.681161],[146.68831,-38.681487]]],[[[146.745747,-38.672382],[146.745701,-38.673228],[146.747059,-38.671594],[146.745747,-38.672382]]],[[[146.822904,-38.677928],[146.823952,-38.680101],[146.822916,-38.677482],[146.822904,-38.677928]]],[[[146.733517,-38.678171],[146.734883,-38.67811],[146.734303,-38.677723],[146.733517,-38.678171]]],[[[146.80254,-38.676115],[146.804319,-38.676833],[146.803993,-38.676317],[146.80254,-38.676115]]],[[[146.810585,-38.666645],[146.811435,-38.667319],[146.810937,-38.666399],[146.810585,-38.666645]]],[[[146.685522,-38.685875],[146.685948,-38.686194],[146.685986,-38.685084],[146.685522,-38.685875]],[[146.7087,-38.676223],[146.707678,-38.676299],[146.710357,-38.675829],[146.7087,-38.676223]]],[[[146.732793,-38.682274],[146.733698,-38.682089],[146.73382,-38.681705],[146.732793,-38.682274]]],[[[146.812661,-38.66753],[146.81316,-38.667579],[146.812472,-38.667275],[146.812661,-38.66753]]],[[[146.878938,-38.61034],[146.881596,-38.610465],[146.880286,-38.609778],[146.878938,-38.61034]]],[[[146.852112,-38.63433],[146.85982,-38.630484],[146.869455,-38.629453],[146.878216,-38.626471],[146.880085,-38.615513],[146.865946,-38.616373],[146.851413,-38.612402],[146.845025,-38.614076],[146.843553,-38.617479],[146.828091,-38.615939],[146.827062,-38.617779],[146.831628,-38.619153],[146.82528,-38.620726],[146.823862,-38.617336],[146.824481,-38.612324],[146.819127,-38.613183],[146.816067,-38.615946],[146.810418,-38.61628],[146.808555,-38.618614],[146.803182,-38.620355],[146.801406,-38.624286],[146.800983,-38.632978],[146.798232,-38.633448],[146.795548,-38.630396],[146.79106,-38.633022],[146.794782,-38.640915],[146.794305,-38.645634],[146.809159,-38.648744],[146.808345,-38.647463],[146.813259,-38.647825],[146.811248,-38.649033],[146.819883,-38.650622],[146.823276,-38.649495],[146.8147,-38.649096],[146.852112,-38.63433]]],[[[146.842969,-38.663304],[146.83778,-38.665422],[146.833698,-38.677032],[146.828442,-38.679483],[146.833078,-38.679488],[146.868271,-38.646174],[146.879045,-38.638136],[146.872271,-38.640793],[146.863939,-38.638488],[146.854794,-38.646846],[146.848319,-38.649218],[146.847126,-38.651504],[146.846622,-38.650315],[146.842103,-38.653452],[146.839314,-38.653271],[146.840682,-38.652471],[146.835534,-38.654158],[146.836649,-38.655774],[146.851383,-38.655945],[146.853642,-38.653299],[146.857629,-38.652024],[146.857838,-38.653086],[146.85379,-38.653377],[146.851521,-38.656178],[146.852922,-38.655835],[146.849461,-38.657135],[146.842969,-38.663304]]],[[[146.874062,-38.63189],[146.876039,-38.630067],[146.872205,-38.632165],[146.876443,-38.6323],[146.878692,-38.628345],[146.876564,-38.631754],[146.874062,-38.63189]]],[[[146.852872,-38.636305],[146.853291,-38.635595],[146.852838,-38.635882],[146.852872,-38.636305]]],[[[146.651533,-37.120034],[146.649149,-37.123757],[146.640836,-37.125876],[146.638573,-37.128093],[146.638392,-37.132495],[146.641344,-37.136547],[146.640387,-37.142385],[146.644804,-37.147454],[146.644892,-37.159283],[146.647178,-37.162955],[146.547108,-37.36874],[146.435842,-37.618031],[146.443663,-37.612109],[146.448488,-37.615057],[146.452294,-37.6149],[146.45946,-37.623172],[146.460832,-37.628502],[146.473006,-37.639836],[146.486954,-37.641595],[146.490737,-37.644093],[146.496344,-37.650102],[146.497539,-37.655839],[146.502091,-37.66262],[146.505407,-37.664581],[146.507567,-37.670696],[146.512866,-37.671437],[146.516002,-37.678025],[146.514681,-37.680572],[146.512091,-37.681438],[146.513274,-37.684756],[146.50693,-37.688973],[146.503356,-37.689046],[146.502341,-37.690813],[146.504753,-37.69513],[146.473319,-37.994679],[146.481804,-37.991824],[146.482474,-37.988355],[146.490771,-37.986075],[146.491042,-37.983769],[146.49285,-37.984205],[146.493142,-37.988019],[146.49725,-37.988898],[146.500124,-37.986724],[146.502347,-37.988464],[146.503917,-37.985824],[146.509212,-37.983838],[146.514687,-37.983582],[146.513392,-37.979519],[146.516495,-37.978833],[146.51941,-37.975545],[146.524059,-37.963658],[146.532187,-37.9639],[146.533829,-37.965614],[146.533005,-37.967573],[146.535609,-37.969515],[146.538558,-37.964938],[146.543628,-37.967746],[146.546991,-37.967505],[146.545351,-37.972638],[146.546415,-37.974128],[146.544933,-37.975302],[146.552448,-37.97662],[146.553083,-37.974575],[146.551368,-37.971332],[146.554456,-37.971475],[146.556902,-37.975365],[146.562567,-37.978659],[146.56393,-37.983981],[146.567639,-37.982434],[146.571213,-37.983779],[146.571646,-37.982364],[146.579123,-37.97951],[146.581579,-37.976083],[146.588495,-37.977908],[146.590676,-37.97455],[146.595436,-37.975402],[146.596598,-37.979945],[146.598681,-37.980219],[146.599879,-37.977692],[146.598544,-37.97402],[146.605755,-37.974836],[146.606952,-37.971576],[146.611096,-37.9719],[146.613196,-37.973681],[146.609757,-37.97641],[146.60963,-37.978765],[146.611497,-37.979663],[146.614995,-37.977519],[146.617778,-37.971564],[146.622242,-37.972759],[146.627218,-37.971464],[146.627748,-37.973475],[146.624068,-37.975307],[146.638245,-37.995525],[146.645477,-37.998226],[146.655572,-37.996771],[146.652856,-38.010814],[146.626543,-38.035015],[146.624354,-38.049229],[146.663057,-38.054212],[146.662383,-38.057511],[146.65348,-38.061182],[146.651056,-38.073359],[146.616159,-38.068699],[146.593628,-38.102048],[146.59145,-38.107253],[146.593067,-38.107377],[146.593151,-38.109411],[146.590551,-38.114617],[146.583887,-38.116307],[146.584221,-38.118275],[146.582797,-38.118493],[146.58451,-38.120487],[146.581289,-38.12307],[146.579743,-38.122664],[146.57881,-38.124461],[146.579924,-38.126087],[146.57789,-38.126345],[146.579581,-38.128115],[146.578623,-38.129732],[146.581102,-38.129675],[146.579763,-38.131577],[146.581372,-38.132287],[146.579236,-38.133819],[146.579723,-38.137084],[146.581426,-38.138211],[146.580145,-38.13879],[146.583771,-38.138792],[146.584451,-38.144022],[146.576785,-38.143274],[146.577289,-38.14538],[146.571999,-38.146586],[146.573672,-38.149169],[146.571286,-38.153536],[146.579561,-38.155698],[146.582161,-38.154243],[146.589172,-38.154094],[146.593889,-38.157693],[146.596699,-38.155515],[146.597357,-38.159576],[146.600768,-38.161963],[146.602351,-38.159176],[146.603127,-38.160745],[146.60522,-38.158403],[146.604614,-38.160927],[146.606643,-38.161553],[146.605402,-38.163115],[146.613667,-38.159151],[146.617671,-38.159595],[146.617647,-38.157678],[146.619283,-38.159087],[146.624376,-38.157819],[146.62629,-38.154442],[146.625001,-38.153055],[146.628954,-38.153297],[146.630896,-38.151638],[146.632736,-38.152803],[146.63404,-38.150379],[146.638274,-38.149244],[146.637248,-38.146844],[146.638487,-38.146148],[146.641949,-38.147476],[146.643353,-38.145777],[146.647715,-38.147397],[146.64742,-38.148626],[146.644601,-38.14831],[146.645127,-38.150439],[146.646857,-38.150216],[146.646607,-38.151804],[146.650266,-38.151103],[146.652652,-38.1529],[146.657352,-38.150996],[146.66181,-38.152492],[146.664814,-38.150878],[146.666183,-38.151782],[146.663624,-38.15311],[146.665411,-38.153848],[146.667538,-38.152454],[146.667871,-38.154963],[146.668583,-38.151969],[146.672775,-38.151705],[146.675118,-38.153849],[146.682649,-38.152605],[146.687307,-38.14949],[146.686661,-38.151477],[146.689411,-38.150708],[146.693669,-38.154221],[146.693123,-38.155764],[146.697046,-38.156607],[146.700886,-38.154216],[146.700549,-38.15052],[146.702018,-38.149058],[146.704716,-38.151294],[146.704162,-38.152901],[146.708207,-38.152781],[146.709542,-38.154822],[146.712169,-38.15509],[146.70926,-38.161897],[146.710692,-38.165136],[146.708256,-38.172149],[146.703008,-38.178694],[146.696881,-38.182017],[146.69639,-38.184472],[146.694273,-38.185536],[146.695077,-38.187717],[146.689261,-38.191846],[146.683814,-38.200988],[146.67981,-38.202657],[146.678616,-38.206864],[146.682372,-38.210153],[146.680938,-38.212417],[146.675504,-38.217494],[146.668722,-38.217092],[146.664704,-38.222371],[146.659986,-38.221657],[146.655032,-38.225071],[146.656549,-38.226833],[146.65424,-38.229746],[146.657223,-38.233017],[146.65555,-38.234428],[146.656913,-38.240416],[146.651596,-38.241159],[146.650986,-38.244092],[146.648265,-38.245043],[146.646234,-38.248529],[146.642461,-38.248163],[146.642626,-38.249782],[146.639553,-38.250552],[146.632383,-38.258413],[146.633748,-38.259789],[146.632274,-38.264155],[146.629069,-38.265869],[146.629414,-38.267936],[146.627984,-38.26893],[146.629597,-38.272522],[146.626418,-38.274212],[146.623669,-38.280526],[146.624721,-38.282317],[146.61981,-38.287319],[146.622691,-38.288595],[146.621865,-38.292932],[146.61815,-38.294807],[146.618877,-38.295762],[146.614328,-38.300065],[146.608657,-38.300982],[146.600788,-38.30975],[146.597731,-38.310528],[146.596624,-38.31548],[146.599884,-38.320705],[146.599003,-38.321494],[146.602086,-38.324118],[146.60093,-38.330692],[146.602297,-38.334315],[146.600051,-38.336054],[146.598282,-38.341861],[146.593142,-38.344136],[146.594266,-38.350481],[146.590538,-38.354459],[146.591767,-38.354604],[146.58619,-38.37414],[146.578971,-38.414355],[146.565714,-38.412636],[146.566974,-38.416193],[146.566279,-38.420511],[146.563016,-38.42236],[146.568593,-38.424826],[146.565236,-38.429282],[146.546977,-38.431409],[146.532339,-38.429791],[146.526094,-38.43206],[146.527926,-38.434908],[146.527315,-38.438515],[146.522311,-38.437705],[146.508767,-38.44236],[146.499789,-38.441972],[146.49793,-38.446004],[146.494816,-38.445375],[146.491551,-38.447049],[146.489377,-38.444292],[146.491967,-38.441077],[146.489196,-38.439266],[146.486429,-38.442219],[146.481075,-38.444059],[146.48469,-38.449082],[146.480747,-38.44998],[146.485391,-38.452459],[146.482789,-38.455864],[146.475944,-38.456299],[146.472643,-38.459137],[146.459161,-38.459146],[146.457285,-38.460205],[146.456673,-38.465466],[146.448183,-38.463232],[146.444849,-38.465972],[146.431203,-38.46941],[146.424072,-38.472945],[146.427647,-38.474478],[146.424539,-38.4776],[146.426169,-38.479776],[146.4239,-38.482493],[146.412231,-38.486827],[146.408211,-38.486991],[146.406895,-38.484581],[146.403608,-38.485265],[146.399136,-38.491519],[146.395234,-38.492443],[146.393281,-38.494914],[146.389563,-38.494295],[146.386932,-38.496265],[146.380294,-38.497508],[146.384019,-38.503982],[146.38056,-38.504463],[146.378598,-38.507695],[146.3733,-38.507549],[146.371853,-38.511289],[146.366952,-38.513437],[146.368946,-38.515684],[146.367574,-38.520434],[146.370055,-38.524463],[146.374838,-38.526846],[146.37318,-38.529036],[146.369757,-38.529486],[146.370534,-38.531932],[146.354308,-38.53644],[146.349124,-38.53531],[146.344359,-38.536326],[146.34028,-38.534089],[146.331012,-38.532476],[146.326001,-38.52917],[146.327312,-38.530737],[146.326033,-38.531991],[146.326758,-38.533808],[146.321144,-38.535163],[146.319993,-38.537865],[146.321581,-38.538707],[146.319375,-38.539279],[146.317635,-38.542819],[146.312449,-38.543891],[146.314349,-38.548621],[146.311252,-38.550893],[146.315922,-38.554073],[146.314897,-38.555295],[146.31682,-38.556838],[146.316689,-38.56],[146.314808,-38.559703],[146.312702,-38.561833],[146.3173,-38.561917],[146.322027,-38.56473],[146.330069,-38.563866],[146.329244,-38.565874],[146.335457,-38.567431],[146.334257,-38.568856],[146.336857,-38.570703],[146.345006,-38.570223],[146.347926,-38.573271],[146.347577,-38.574716],[146.351425,-38.572347],[146.352544,-38.573956],[146.356963,-38.573431],[146.360401,-38.574024],[146.361586,-38.575966],[146.367627,-38.576551],[146.364217,-38.57938],[146.365816,-38.581472],[146.370242,-38.582057],[146.370599,-38.585055],[146.367991,-38.586583],[146.368789,-38.587979],[146.367266,-38.589324],[146.368811,-38.591849],[146.371001,-38.590908],[146.375748,-38.592629],[146.378269,-38.589758],[146.384725,-38.591283],[146.386715,-38.595181],[146.394118,-38.598444],[146.405021,-38.596945],[146.407173,-38.598923],[146.410095,-38.598477],[146.409238,-38.602615],[146.427672,-38.604971],[146.428153,-38.602555],[146.43979,-38.603957],[146.440328,-38.601047],[146.448656,-38.602053],[146.44973,-38.5968],[146.463134,-38.598487],[146.461559,-38.607372],[146.476237,-38.609309],[146.475465,-38.611248],[146.478609,-38.611393],[146.47806,-38.613973],[146.492749,-38.615857],[146.493327,-38.613352],[146.525608,-38.619296],[146.524968,-38.622637],[146.528356,-38.623053],[146.520422,-38.663531],[146.525863,-38.664163],[146.521456,-38.688976],[146.522765,-38.690112],[146.523194,-38.689018],[146.53059,-38.688871],[146.533187,-38.686447],[146.53465,-38.68925],[146.537243,-38.689367],[146.541206,-38.685363],[146.541473,-38.687699],[146.539066,-38.689033],[146.540285,-38.690386],[146.538971,-38.691718],[146.539167,-38.698256],[146.551215,-38.703776],[146.553042,-38.702309],[146.550795,-38.697557],[146.551147,-38.691513],[146.55277,-38.689277],[146.555364,-38.688644],[146.555912,-38.694432],[146.56062,-38.694752],[146.562456,-38.698035],[146.562362,-38.69462],[146.566016,-38.694289],[146.566752,-38.691106],[146.56517,-38.687997],[146.561035,-38.68603],[146.562651,-38.683015],[146.554653,-38.686641],[146.550784,-38.685579],[146.546749,-38.686609],[146.546516,-38.684507],[146.554643,-38.683631],[146.561272,-38.6806],[146.56205,-38.679717],[146.559719,-38.679351],[146.562541,-38.678227],[146.569238,-38.679755],[146.572145,-38.683294],[146.572194,-38.679263],[146.570582,-38.677734],[146.57201,-38.677687],[146.575232,-38.679114],[146.576829,-38.69213],[146.577081,-38.682367],[146.580348,-38.679438],[146.580059,-38.681361],[146.583832,-38.68141],[146.581228,-38.682989],[146.581501,-38.685205],[146.584812,-38.686658],[146.581409,-38.687873],[146.581427,-38.69399],[146.579795,-38.696194],[146.582698,-38.698462],[146.587267,-38.693249],[146.582135,-38.691683],[146.589326,-38.68527],[146.593676,-38.684755],[146.590444,-38.68374],[146.592877,-38.682611],[146.585996,-38.683113],[146.585303,-38.681591],[146.587011,-38.681058],[146.58758,-38.677397],[146.584425,-38.677074],[146.602441,-38.67658],[146.596773,-38.677954],[146.60065,-38.679558],[146.609801,-38.677791],[146.607598,-38.675254],[146.641035,-38.668889],[146.649221,-38.664045],[146.652801,-38.658724],[146.651901,-38.654699],[146.647343,-38.654509],[146.64594,-38.650698],[146.64729,-38.646669],[146.653126,-38.642972],[146.656385,-38.647089],[146.659778,-38.646772],[146.666371,-38.653254],[146.670515,-38.661971],[146.670642,-38.664699],[146.666342,-38.666934],[146.66547,-38.670099],[146.657557,-38.671478],[146.679135,-38.670483],[146.693055,-38.675743],[146.697713,-38.675337],[146.694349,-38.6728],[146.696111,-38.669982],[146.699337,-38.669224],[146.704211,-38.664745],[146.707462,-38.664684],[146.711258,-38.666979],[146.712108,-38.663151],[146.716393,-38.660886],[146.712581,-38.65373],[146.712999,-38.647741],[146.722394,-38.648247],[146.723273,-38.648856],[146.721054,-38.653369],[146.724121,-38.653143],[146.731404,-38.660488],[146.74218,-38.664912],[146.739207,-38.662078],[146.742859,-38.66062],[146.746311,-38.662675],[146.749332,-38.661116],[146.751119,-38.655002],[146.753523,-38.65257],[146.757989,-38.650942],[146.766999,-38.654201],[146.77656,-38.654204],[146.768016,-38.653327],[146.769789,-38.649825],[146.766513,-38.650125],[146.777695,-38.644871],[146.779659,-38.646325],[146.785913,-38.646228],[146.787087,-38.644269],[146.785986,-38.643512],[146.790078,-38.640686],[146.787028,-38.636374],[146.786556,-38.632585],[146.794953,-38.625383],[146.790201,-38.62566],[146.784712,-38.622781],[146.789144,-38.622816],[146.791362,-38.624418],[146.795798,-38.622995],[146.797653,-38.626443],[146.796362,-38.627504],[146.799444,-38.628643],[146.798468,-38.624816],[146.800023,-38.62145],[146.798103,-38.620196],[146.80003,-38.620736],[146.807329,-38.617345],[146.808642,-38.615037],[146.814505,-38.613815],[146.815577,-38.611777],[146.825358,-38.60971],[146.827682,-38.610173],[146.828411,-38.61307],[146.831205,-38.612535],[146.833466,-38.614465],[146.842044,-38.61636],[146.844017,-38.609132],[146.847392,-38.60868],[146.844011,-38.604822],[146.847957,-38.606528],[146.870904,-38.607066],[146.872628,-38.608899],[146.882555,-38.604594],[146.887365,-38.606535],[146.884152,-38.61146],[146.886429,-38.614385],[146.887392,-38.613208],[146.884957,-38.611657],[146.887623,-38.609944],[146.889585,-38.611658],[146.898679,-38.612205],[146.900502,-38.611143],[146.899712,-38.607879],[146.901597,-38.606176],[146.906274,-38.605948],[146.917249,-38.599559],[146.921033,-38.595335],[146.925522,-38.594212],[146.91845,-38.601928],[146.913343,-38.605181],[146.90738,-38.608249],[146.90196,-38.607943],[146.903231,-38.613832],[146.900046,-38.617125],[146.897044,-38.618495],[146.890569,-38.618218],[146.887152,-38.62014],[146.884909,-38.627103],[146.881988,-38.629995],[146.881943,-38.634518],[146.88354,-38.634434],[146.931972,-38.596003],[146.990139,-38.540947],[147.067254,-38.475106],[147.126103,-38.43018],[147.175627,-38.389287],[147.24004,-38.340372],[147.476309,-38.151737],[147.582693,-38.075988],[147.642136,-38.036862],[147.704667,-37.999164],[147.705773,-37.996347],[147.697557,-37.992974],[147.697121,-37.989834],[147.700621,-37.984426],[147.699402,-37.981265],[147.717699,-37.974127],[147.721919,-37.971681],[147.722727,-37.969446],[147.720136,-37.962823],[147.712097,-37.954227],[147.691819,-37.965953],[147.684333,-37.965973],[147.682155,-37.969296],[147.660987,-37.976363],[147.652104,-37.983011],[147.651191,-37.995295],[147.637142,-38.001375],[147.631477,-38.006776],[147.622903,-38.011759],[147.61557,-38.010241],[147.612903,-38.011754],[147.611223,-38.016307],[147.611495,-38.024954],[147.588508,-38.037029],[147.578077,-38.048363],[147.569308,-38.054202],[147.551657,-38.052973],[147.54357,-38.056927],[147.533811,-38.057963],[147.525284,-38.05281],[147.510221,-38.060419],[147.500331,-38.073018],[147.490295,-38.072792],[147.486415,-38.068529],[147.477482,-38.072582],[147.469336,-38.072314],[147.454671,-38.078652],[147.450711,-38.0771],[147.448879,-38.074021],[147.460951,-38.071562],[147.460806,-38.069608],[147.458538,-38.070339],[147.460845,-38.069104],[147.457219,-38.064211],[147.459639,-38.057896],[147.465014,-38.054557],[147.469239,-38.054061],[147.467788,-38.051831],[147.461869,-38.049754],[147.467709,-38.04586],[147.468458,-38.0425],[147.467429,-38.035595],[147.46218,-38.031601],[147.462441,-38.028513],[147.467897,-38.023989],[147.463593,-38.012998],[147.457031,-38.007714],[147.437847,-38.009247],[147.423564,-38.003916],[147.40904,-38.003414],[147.406061,-38.000947],[147.408887,-37.9915],[147.406754,-37.987856],[147.410681,-37.985769],[147.408856,-37.981392],[147.401717,-37.978548],[147.396945,-37.97931],[147.395295,-37.982079],[147.392706,-37.980955],[147.388456,-37.983368],[147.386384,-37.98087],[147.38144,-37.98004],[147.380506,-37.977641],[147.382161,-37.975215],[147.37734,-37.968986],[147.373137,-37.970374],[147.375173,-37.967184],[147.372942,-37.965892],[147.37142,-37.962225],[147.374438,-37.958442],[147.371619,-37.956937],[147.376053,-37.954133],[147.374994,-37.950874],[147.376902,-37.94827],[147.373768,-37.946649],[147.374035,-37.940678],[147.37213,-37.939382],[147.371385,-37.935829],[147.364958,-37.931725],[147.36603,-37.927863],[147.364973,-37.926703],[147.366715,-37.92523],[147.365595,-37.923274],[147.362372,-37.923229],[147.363506,-37.92077],[147.360845,-37.920588],[147.361602,-37.917789],[147.31283,-37.91125],[147.278673,-37.921292],[147.275191,-37.921073],[147.272566,-37.916687],[147.278694,-37.913511],[147.279235,-37.909573],[147.286025,-37.907876],[147.283301,-37.904631],[147.282516,-37.906392],[147.278764,-37.90565],[147.280052,-37.903128],[147.283066,-37.902718],[147.285551,-37.904331],[147.287412,-37.90193],[147.28606,-37.901311],[147.285845,-37.897093],[147.283294,-37.899706],[147.276996,-37.898721],[147.278217,-37.89491],[147.283622,-37.895099],[147.285864,-37.893085],[147.285784,-37.89144],[147.282976,-37.891573],[147.279897,-37.88813],[147.283343,-37.884948],[147.28331,-37.88082],[147.286572,-37.876859],[147.28459,-37.876624],[147.285739,-37.876109],[147.284823,-37.875102],[147.282598,-37.875654],[147.281688,-37.877761],[147.277195,-37.876612],[147.274681,-37.879849],[147.273732,-37.877936],[147.276034,-37.873065],[147.270161,-37.872789],[147.267895,-37.868934],[147.270226,-37.864821],[147.264682,-37.861418],[147.270453,-37.85639],[147.268517,-37.852828],[147.266243,-37.852639],[147.27031,-37.848185],[147.269995,-37.845148],[147.272989,-37.842104],[147.268735,-37.836657],[147.269865,-37.83365],[147.275286,-37.833099],[147.27516,-37.829036],[147.270797,-37.828183],[147.28132,-37.774593],[147.233443,-37.769368],[147.236571,-37.767196],[147.241228,-37.767635],[147.256683,-37.756448],[147.261679,-37.75602],[147.263236,-37.754707],[147.261417,-37.753706],[147.262068,-37.752229],[147.258787,-37.751642],[147.25709,-37.753234],[147.249382,-37.745799],[147.244795,-37.748314],[147.240852,-37.746625],[147.236599,-37.747258],[147.235572,-37.745822],[147.231051,-37.74844],[147.228914,-37.748174],[147.227523,-37.744554],[147.224366,-37.746034],[147.223109,-37.744179],[147.211972,-37.745542],[147.209057,-37.743485],[147.214998,-37.743442],[147.218321,-37.741178],[147.2149,-37.738997],[147.213739,-37.731368],[147.198409,-37.726054],[147.198101,-37.723933],[147.200464,-37.722558],[147.199145,-37.720841],[147.201218,-37.717336],[147.203408,-37.717324],[147.222067,-37.632645],[147.213002,-37.624951],[147.203191,-37.627842],[147.196245,-37.626343],[147.192919,-37.62183],[147.192995,-37.619302],[147.18904,-37.615208],[147.190918,-37.610148],[147.189392,-37.605846],[147.189817,-37.604389],[147.193405,-37.603512],[147.192303,-37.602447],[147.193734,-37.594508],[147.199509,-37.594296],[147.199424,-37.59078],[147.209051,-37.590761],[147.208142,-37.580503],[147.216222,-37.578736],[147.21515,-37.578051],[147.218007,-37.576611],[147.217627,-37.575546],[147.21897,-37.576001],[147.218663,-37.574856],[147.223229,-37.574318],[147.223847,-37.576245],[147.22635,-37.575745],[147.226689,-37.577946],[147.232623,-37.578068],[147.234598,-37.579996],[147.240915,-37.581331],[147.241397,-37.579247],[147.245571,-37.57983],[147.245853,-37.577151],[147.249207,-37.575913],[147.252705,-37.57596],[147.252523,-37.577316],[147.257513,-37.574727],[147.261904,-37.575751],[147.262964,-37.57463],[147.261546,-37.573126],[147.266108,-37.570315],[147.265476,-37.568045],[147.275106,-37.562117],[147.279554,-37.56051],[147.282746,-37.563908],[147.285312,-37.563941],[147.286917,-37.561053],[147.284323,-37.558414],[147.284942,-37.556278],[147.295529,-37.557227],[147.299391,-37.562789],[147.304366,-37.55919],[147.303771,-37.556504],[147.305218,-37.55564],[147.309035,-37.559502],[147.317839,-37.560865],[147.31895,-37.557583],[147.321864,-37.556791],[147.326338,-37.561418],[147.329255,-37.561674],[147.338337,-37.553617],[147.347518,-37.552287],[147.350221,-37.537303],[147.399616,-37.543149],[147.402035,-37.541138],[147.398231,-37.538657],[147.403546,-37.537354],[147.402389,-37.532214],[147.40028,-37.530006],[147.404856,-37.530949],[147.40593,-37.524537],[147.403079,-37.523327],[147.405536,-37.520985],[147.400881,-37.521705],[147.400821,-37.515113],[147.398504,-37.514472],[147.40064,-37.511069],[147.39654,-37.507584],[147.39838,-37.506622],[147.396832,-37.501749],[147.394732,-37.502047],[147.39262,-37.504946],[147.391594,-37.50241],[147.393635,-37.499839],[147.389258,-37.497552],[147.393704,-37.495507],[147.392699,-37.486838],[147.390617,-37.486066],[147.392651,-37.484056],[147.389298,-37.481718],[147.393458,-37.482152],[147.393911,-37.478089],[147.399292,-37.476895],[147.393726,-37.471679],[147.394218,-37.465325],[147.390032,-37.464175],[147.389474,-37.46263],[147.394999,-37.463599],[147.39466,-37.460259],[147.391356,-37.459014],[147.398797,-37.458214],[147.396964,-37.455263],[147.405872,-37.455095],[147.399329,-37.452632],[147.398326,-37.449495],[147.400753,-37.447859],[147.401364,-37.449077],[147.404164,-37.448657],[147.402788,-37.445552],[147.404931,-37.44574],[147.402146,-37.442142],[147.403387,-37.44088],[147.398972,-37.439715],[147.399372,-37.437558],[147.402181,-37.435197],[147.40212,-37.431751],[147.405034,-37.430505],[147.408594,-37.432446],[147.407726,-37.430063],[147.410574,-37.429945],[147.40952,-37.426407],[147.411739,-37.423628],[147.41721,-37.424877],[147.412471,-37.41959],[147.407665,-37.419736],[147.409136,-37.418906],[147.407688,-37.414961],[147.404815,-37.413631],[147.407154,-37.411996],[147.406252,-37.410077],[147.40977,-37.40935],[147.410576,-37.407068],[147.412506,-37.406995],[147.411185,-37.405361],[147.412685,-37.403392],[147.415822,-37.402641],[147.417745,-37.39482],[147.437816,-37.398115],[147.457391,-37.286168],[147.453864,-37.283648],[147.460351,-37.276076],[147.458369,-37.269893],[147.450197,-37.266781],[147.439995,-37.27387],[147.43481,-37.272374],[147.432468,-37.268798],[147.42844,-37.267087],[147.430183,-37.265182],[147.428522,-37.263684],[147.430225,-37.258779],[147.429341,-37.254858],[147.425463,-37.252907],[147.425548,-37.248555],[147.420376,-37.241109],[147.420182,-37.237056],[147.417529,-37.235291],[147.423435,-37.227941],[147.422102,-37.220766],[147.425514,-37.220098],[147.410639,-37.219335],[147.402346,-37.213115],[147.38651,-37.210325],[147.336991,-37.275525],[146.82977,-37.203005],[146.826328,-37.203749],[146.825644,-37.200038],[146.824506,-37.200091],[146.825869,-37.196235],[146.823639,-37.191919],[146.815305,-37.188653],[146.813993,-37.186214],[146.803588,-37.185762],[146.804396,-37.184501],[146.800536,-37.181435],[146.787876,-37.177622],[146.78169,-37.170141],[146.782419,-37.167712],[146.780536,-37.16493],[146.777374,-37.164034],[146.775926,-37.157866],[146.772735,-37.155051],[146.770981,-37.150636],[146.763334,-37.147881],[146.763448,-37.146008],[146.758076,-37.1471],[146.755416,-37.149983],[146.751475,-37.147425],[146.746587,-37.150318],[146.745467,-37.149649],[146.744154,-37.15632],[146.733512,-37.155453],[146.717573,-37.15876],[146.694273,-37.15031],[146.689278,-37.145496],[146.684555,-37.145083],[146.681257,-37.142851],[146.68139,-37.136965],[146.672089,-37.130475],[146.668918,-37.130146],[146.664861,-37.123993],[146.655004,-37.122255],[146.651533,-37.120034]]]]}},{"type":"Feature","properties":{"code":"AU-LGA-26890","name":"West Wimmera","label":"West Wimmera","type":"Local government area","parentCode":"AU-VIC"},"geometry":{"type":"Polygon","coordinates":[[[140.968907,-36.668964],[140.97189,-37.036058],[140.970927,-37.228753],[140.97318,-37.358224],[140.992256,-37.37414],[141.003637,-37.377591],[141.023791,-37.391357],[141.046414,-37.401847],[141.095303,-37.445599],[141.097265,-37.449868],[141.168244,-37.419867],[141.263846,-37.430077],[141.263921,-37.428181],[141.258716,-37.426552],[141.259709,-37.421006],[141.263912,-37.423062],[141.266471,-37.422663],[141.266244,-37.420752],[141.267289,-37.422683],[141.268641,-37.422025],[141.269401,-37.417126],[141.271565,-37.416706],[141.270444,-37.41407],[141.274687,-37.41221],[141.271025,-37.410415],[141.273952,-37.406928],[141.271489,-37.402976],[141.276195,-37.397163],[141.280518,-37.3945],[141.279125,-37.39308],[141.272234,-37.392243],[141.274157,-37.38529],[141.26615,-37.382468],[141.261562,-37.376921],[141.254055,-37.37608],[141.250726,-37.374113],[141.248479,-37.369229],[141.243725,-37.369701],[141.242122,-37.366757],[141.237936,-37.365826],[141.232685,-37.367395],[141.220888,-37.364561],[141.220385,-37.360371],[141.218459,-37.358863],[141.219896,-37.356747],[141.217238,-37.3554],[141.218834,-37.353129],[141.216849,-37.35248],[141.21807,-37.350868],[141.21974,-37.351293],[141.22101,-37.348692],[141.431537,-37.372289],[141.431513,-37.297522],[141.531451,-37.29763],[141.52888,-37.292571],[141.529834,-37.291124],[141.524816,-37.290163],[141.52619,-37.284483],[141.518353,-37.280648],[141.519247,-37.278862],[141.522904,-37.278504],[141.523517,-37.274974],[141.520994,-37.274039],[141.51088,-37.260658],[141.506123,-37.259952],[141.504814,-37.256318],[141.498849,-37.256804],[141.489561,-37.246672],[141.491056,-37.243954],[141.490131,-37.243008],[141.496988,-37.238286],[141.495092,-37.234522],[141.493384,-37.234916],[141.492535,-37.237717],[141.489769,-37.235241],[141.491315,-37.230179],[141.496153,-37.226609],[141.495262,-37.223882],[141.491005,-37.223512],[141.491741,-37.22015],[141.495152,-37.217993],[141.500249,-37.217801],[141.507869,-37.212027],[141.50827,-37.209736],[141.511066,-37.211556],[141.515867,-37.211086],[141.528908,-37.20425],[141.532547,-37.204704],[141.539494,-37.201011],[141.544434,-37.202096],[141.557155,-37.194433],[141.566249,-37.192076],[141.567376,-37.189671],[141.576185,-37.188109],[141.579833,-37.185334],[141.579265,-37.182338],[141.583644,-37.178503],[141.586316,-37.17359],[141.594073,-37.169398],[141.593102,-37.167134],[141.595642,-37.166268],[141.594949,-37.162699],[141.597212,-37.161216],[141.60917,-37.163944],[141.614697,-37.16945],[141.616573,-37.163934],[141.618811,-37.163763],[141.622617,-37.166664],[141.631707,-37.155268],[141.633074,-37.156314],[141.63411,-37.164175],[141.639667,-37.165424],[141.641007,-37.162913],[141.640141,-37.159152],[141.643935,-37.16046],[141.658236,-37.156282],[141.667541,-37.155437],[141.672371,-37.152257],[141.672381,-37.154318],[141.668429,-37.157373],[141.671498,-37.160951],[141.680232,-37.161774],[141.68405,-37.16679],[141.687169,-37.164277],[141.689432,-37.167962],[141.692471,-37.16498],[141.698571,-37.17427],[141.702889,-37.174834],[141.700594,-37.177825],[141.702578,-37.181047],[141.706116,-37.180615],[141.705655,-37.184424],[141.715184,-37.18342],[141.717432,-37.18596],[141.719062,-37.18346],[141.724726,-37.188006],[141.72741,-37.186388],[141.727351,-37.183023],[141.731371,-37.181972],[141.731026,-37.180391],[141.727604,-37.180898],[141.728986,-37.178692],[141.731414,-37.1781],[141.739309,-37.181281],[141.743324,-37.181206],[141.743622,-37.178589],[141.741324,-37.177693],[141.740425,-37.175252],[141.746817,-37.173629],[141.748084,-37.175877],[141.74685,-37.177789],[141.751287,-37.178938],[141.750678,-37.17699],[141.752728,-37.173186],[141.761086,-37.17556],[141.763038,-37.174722],[141.767996,-37.179496],[141.775975,-37.179949],[141.774712,-37.17752],[141.772206,-37.176679],[141.773805,-37.172419],[141.776173,-37.176961],[141.777097,-37.175581],[141.775266,-37.170987],[141.776408,-37.169183],[141.774466,-37.168168],[141.773088,-37.162018],[141.770874,-37.159261],[141.771927,-37.155963],[141.770376,-37.151471],[141.765216,-37.148765],[141.770215,-37.115157],[141.77339,-37.107285],[141.772115,-37.102709],[141.781006,-37.045337],[141.778272,-37.04508],[141.780832,-37.02802],[141.770621,-37.026991],[141.771794,-37.021908],[141.780936,-37.022797],[141.786284,-36.988543],[141.791064,-36.989014],[141.792315,-36.980216],[141.785779,-36.979609],[141.786086,-36.977571],[141.780105,-36.977097],[141.773923,-36.972053],[141.779326,-36.967162],[141.657669,-36.955641],[141.668796,-36.883689],[141.683398,-36.885047],[141.683899,-36.881643],[141.706587,-36.883832],[141.711932,-36.850735],[141.702644,-36.849816],[141.704767,-36.840919],[141.702295,-36.818059],[141.70355,-36.809472],[141.700645,-36.809181],[141.702114,-36.799497],[141.71779,-36.80103],[141.725508,-36.750423],[141.727586,-36.750986],[141.730339,-36.733341],[141.72841,-36.733427],[141.740839,-36.652157],[141.81613,-36.659789],[141.821045,-36.628165],[141.826237,-36.628685],[141.837681,-36.554281],[141.728694,-36.54445],[141.726835,-36.557698],[141.678424,-36.552378],[141.650221,-36.547389],[141.633846,-36.547473],[141.473557,-36.531051],[141.484461,-36.465546],[141.477883,-36.464846],[141.483949,-36.427669],[141.479747,-36.427265],[141.485358,-36.391575],[141.484254,-36.391452],[141.486357,-36.378222],[141.496024,-36.379267],[141.497181,-36.372151],[141.379095,-36.359696],[141.400277,-36.227766],[141.411545,-36.228868],[141.41205,-36.221406],[141.405927,-36.212956],[141.403113,-36.211742],[141.403755,-36.206276],[141.226614,-36.18767],[141.24418,-36.080064],[141.248946,-36.06351],[141.254429,-35.996815],[141.270921,-35.998737],[141.279203,-35.998768],[141.284808,-35.996929],[141.336132,-35.997862],[141.352665,-36.008247],[141.379399,-36.004814],[141.374019,-35.943657],[141.354056,-35.912947],[141.340878,-35.906116],[141.335414,-35.905117],[141.330465,-35.748525],[140.963109,-35.748521],[140.968907,-36.668964]]]}},{"type":"Feature","properties":{"code":"AU-LGA-26980","name":"Whitehorse","label":"Whitehorse","type":"Local government area","parentCode":"AU-VIC"},"geometry":{"type":"Polygon","coordinates":[[[145.19571,-37.865163],[145.199732,-37.861604],[145.201022,-37.862096],[145.199635,-37.85975],[145.200788,-37.858584],[145.207531,-37.856103],[145.205864,-37.854181],[145.209715,-37.851312],[145.210146,-37.845913],[145.213352,-37.841009],[145.213536,-37.811753],[145.210816,-37.808476],[145.208625,-37.808711],[145.207122,-37.806324],[145.205486,-37.807162],[145.205431,-37.805598],[145.190292,-37.805542],[145.185028,-37.801208],[145.183889,-37.806096],[145.177966,-37.805279],[145.178084,-37.803432],[145.160803,-37.801918],[145.15066,-37.798743],[145.146722,-37.799879],[145.144927,-37.79755],[145.141748,-37.796878],[145.13787,-37.798126],[145.132825,-37.795326],[145.124121,-37.798746],[145.116602,-37.795626],[145.109797,-37.794823],[145.108382,-37.792421],[145.105362,-37.79332],[145.106689,-37.793982],[145.103462,-37.797543],[145.104886,-37.803159],[145.101615,-37.811874],[145.102712,-37.812013],[145.10029,-37.823227],[145.098797,-37.824429],[145.099935,-37.826234],[145.095117,-37.853336],[145.19571,-37.865163]]]}},{"type":"Feature","properties":{"code":"AU-LGA-27070","name":"Whittlesea","label":"Whittlesea","type":"Local government area","parentCode":"AU-VIC"},"geometry":{"type":"Polygon","coordinates":[[[144.977211,-37.513715],[144.974428,-37.516002],[144.97623,-37.519829],[144.974266,-37.525487],[144.972824,-37.525845],[144.976761,-37.528893],[144.973513,-37.531589],[144.972599,-37.535267],[144.968748,-37.534731],[144.963217,-37.539668],[144.960267,-37.539464],[144.959462,-37.542528],[144.953789,-37.545047],[144.953855,-37.549817],[144.960789,-37.556673],[144.963953,-37.557323],[144.965542,-37.560224],[144.963237,-37.567164],[144.965289,-37.573531],[144.962367,-37.577561],[144.963271,-37.579317],[144.956596,-37.582496],[144.958497,-37.585105],[144.956953,-37.585753],[144.958809,-37.591131],[144.955883,-37.59125],[144.954804,-37.5954],[144.953011,-37.596406],[144.952355,-37.606809],[144.946466,-37.607412],[144.95049,-37.611234],[144.952417,-37.610666],[144.951877,-37.613169],[144.953953,-37.613645],[144.95598,-37.616767],[144.955397,-37.6192],[144.957335,-37.620834],[144.952801,-37.623192],[144.955486,-37.623778],[144.95565,-37.626049],[144.958749,-37.627688],[144.957442,-37.631885],[144.958553,-37.634407],[144.964991,-37.635479],[144.966901,-37.638251],[144.968926,-37.638545],[144.97024,-37.640492],[144.969339,-37.643077],[144.971054,-37.643247],[144.976283,-37.65007],[144.97457,-37.652345],[144.974839,-37.655501],[144.976978,-37.658222],[144.972226,-37.659304],[144.973498,-37.660809],[144.972168,-37.663102],[144.975682,-37.665339],[144.973944,-37.671274],[144.976276,-37.671731],[144.974919,-37.673858],[144.977809,-37.676565],[144.972403,-37.676965],[144.974594,-37.68011],[144.972593,-37.681],[144.970741,-37.688186],[144.973735,-37.689222],[144.972067,-37.690986],[145.043464,-37.699572],[145.058225,-37.699969],[145.05991,-37.695194],[145.068244,-37.68605],[145.099648,-37.689455],[145.101908,-37.687218],[145.102025,-37.683939],[145.103655,-37.683164],[145.102031,-37.681939],[145.090206,-37.681414],[145.091562,-37.679391],[145.086468,-37.681264],[145.084372,-37.680283],[145.083499,-37.676781],[145.086596,-37.67758],[145.085706,-37.674294],[145.089075,-37.674214],[145.0839,-37.669128],[145.092018,-37.667339],[145.091889,-37.665309],[145.08918,-37.664299],[145.090444,-37.663285],[145.093163,-37.664266],[145.095061,-37.661855],[145.096641,-37.664782],[145.097901,-37.662513],[145.103705,-37.661221],[145.103505,-37.657034],[145.107805,-37.658221],[145.101932,-37.654684],[145.10247,-37.652701],[145.104982,-37.65421],[145.107573,-37.653495],[145.10381,-37.652163],[145.103288,-37.650389],[145.107694,-37.648738],[145.104419,-37.64691],[145.105734,-37.645102],[145.103042,-37.642715],[145.104648,-37.640551],[145.101561,-37.640321],[145.102245,-37.638386],[145.107788,-37.640079],[145.109664,-37.638956],[145.110192,-37.637378],[145.108128,-37.637841],[145.109741,-37.635028],[145.108901,-37.633311],[145.111464,-37.632784],[145.10875,-37.6312],[145.114352,-37.630605],[145.113209,-37.628315],[145.115027,-37.627218],[145.118611,-37.627996],[145.120161,-37.626272],[145.122439,-37.626705],[145.122487,-37.622534],[145.12801,-37.62296],[145.128662,-37.619181],[145.13577,-37.619918],[145.144443,-37.570285],[145.149465,-37.565289],[145.164995,-37.557993],[145.168892,-37.551312],[145.166938,-37.548219],[145.175248,-37.543053],[145.179924,-37.536426],[145.205519,-37.539203],[145.206794,-37.531906],[145.194013,-37.53045],[145.196817,-37.527012],[145.196746,-37.52371],[145.210743,-37.52522],[145.211747,-37.519368],[145.228427,-37.521396],[145.226686,-37.515909],[145.234429,-37.517238],[145.23548,-37.510085],[145.22635,-37.508688],[145.231196,-37.502949],[145.235764,-37.503256],[145.23523,-37.498843],[145.238057,-37.495186],[145.241042,-37.47771],[145.225468,-37.474298],[145.22097,-37.471641],[145.216455,-37.464423],[145.209543,-37.459386],[145.200244,-37.444026],[145.185741,-37.443984],[145.188679,-37.436751],[145.186506,-37.422147],[145.178516,-37.423591],[145.171427,-37.420019],[145.165896,-37.413128],[145.161777,-37.414943],[145.154565,-37.412867],[145.150328,-37.414899],[145.149781,-37.419573],[145.146959,-37.421938],[145.146242,-37.428267],[145.141302,-37.428237],[145.129764,-37.418974],[145.124975,-37.41025],[145.115286,-37.4102],[145.112875,-37.402219],[145.111075,-37.401737],[145.110729,-37.403199],[145.105089,-37.405539],[145.107682,-37.408291],[145.104654,-37.412405],[145.085548,-37.424957],[145.079289,-37.426332],[145.078932,-37.432414],[145.082383,-37.435419],[145.080802,-37.439833],[145.06778,-37.438608],[145.067884,-37.44605],[145.0729,-37.450543],[145.000773,-37.442367],[144.994041,-37.481164],[144.986971,-37.499873],[145.00724,-37.502173],[145.003713,-37.503762],[145.004354,-37.50645],[145.002054,-37.50972],[144.997102,-37.508455],[144.997119,-37.511716],[144.991934,-37.515377],[144.977211,-37.513715]]]}},{"type":"Feature","properties":{"code":"AU-LGA-27170","name":"Wodonga","label":"Wodonga","type":"Local government area","parentCode":"AU-VIC"},"geometry":{"type":"Polygon","coordinates":[[[147.073909,-36.189514],[147.068563,-36.1798],[147.057942,-36.168169],[147.050615,-36.16323],[147.035607,-36.134579],[147.033672,-36.123547],[147.035069,-36.114963],[147.03249,-36.114311],[147.031782,-36.110483],[147.022782,-36.099882],[147.019067,-36.099131],[147.017402,-36.105927],[147.013479,-36.104708],[147.015164,-36.099907],[147.013068,-36.094893],[147.016324,-36.089785],[147.011852,-36.087905],[147.006401,-36.089102],[147.008295,-36.085481],[147.00745,-36.083719],[147.003583,-36.083901],[146.999324,-36.087265],[146.990452,-36.086135],[146.984233,-36.093888],[146.981304,-36.094863],[146.977336,-36.090827],[146.976532,-36.085159],[146.972595,-36.0821],[146.966643,-36.083642],[146.964339,-36.080511],[146.961831,-36.082289],[146.956548,-36.078092],[146.959147,-36.084535],[146.955039,-36.088762],[146.958659,-36.091882],[146.950843,-36.093475],[146.952048,-36.099762],[146.948497,-36.103036],[146.952433,-36.110911],[146.943711,-36.115977],[146.933963,-36.11147],[146.928012,-36.105541],[146.927486,-36.102519],[146.929864,-36.098972],[146.926421,-36.097151],[146.921472,-36.100848],[146.924473,-36.103299],[146.925009,-36.107399],[146.922711,-36.108796],[146.918084,-36.107913],[146.916128,-36.111876],[146.913513,-36.112764],[146.907768,-36.111271],[146.90565,-36.108608],[146.905544,-36.10709],[146.911849,-36.106307],[146.912407,-36.104623],[146.909567,-36.102678],[146.908676,-36.099498],[146.903512,-36.098468],[146.906105,-36.091651],[146.902963,-36.086925],[146.907269,-36.085821],[146.905115,-36.083845],[146.900868,-36.08307],[146.899028,-36.085449],[146.890081,-36.088098],[146.880562,-36.087511],[146.876815,-36.082894],[146.872958,-36.073668],[146.865119,-36.072871],[146.864094,-36.074232],[146.866051,-36.076926],[146.864655,-36.07823],[146.860472,-36.077412],[146.861235,-36.073773],[146.857402,-36.075735],[146.85687,-36.077998],[146.86002,-36.079311],[146.861174,-36.081582],[146.857163,-36.084905],[146.85151,-36.083838],[146.849032,-36.086457],[146.846687,-36.086537],[146.836706,-36.08206],[146.834123,-36.085957],[146.829791,-36.086078],[146.825469,-36.088804],[146.821579,-36.086849],[146.82122,-36.084574],[146.827551,-36.077513],[146.823582,-36.075018],[146.825828,-36.072511],[146.825266,-36.07039],[146.822866,-36.069773],[146.816307,-36.074364],[146.814682,-36.070353],[146.818233,-36.069175],[146.818386,-36.067821],[146.813163,-36.067874],[146.814738,-36.064093],[146.806238,-36.060798],[146.803942,-36.055182],[146.800788,-36.058351],[146.796563,-36.057194],[146.794576,-36.058532],[146.79337,-36.061226],[146.79861,-36.062477],[146.796187,-36.065126],[146.791732,-36.063572],[146.787014,-36.064348],[146.788889,-36.060606],[146.787832,-36.059329],[146.781345,-36.060423],[146.783481,-36.063232],[146.780477,-36.064523],[146.775692,-36.059264],[146.771293,-36.058033],[146.768272,-36.05898],[146.767161,-36.055655],[146.765319,-36.056714],[146.764712,-36.059736],[146.762824,-36.059505],[146.759618,-36.057223],[146.763077,-36.0529],[146.762321,-36.051652],[146.756476,-36.051802],[146.758133,-36.056216],[146.752816,-36.055457],[146.755857,-36.058418],[146.753713,-36.060674],[146.749857,-36.061264],[146.747247,-36.059535],[146.747219,-36.055998],[146.748552,-36.051291],[146.750633,-36.050559],[146.752775,-36.041857],[146.74928,-36.042254],[146.744966,-36.047725],[146.739847,-36.045089],[146.735209,-36.048085],[146.730525,-36.044616],[146.731299,-36.03917],[146.735069,-36.035991],[146.73288,-36.034446],[146.732364,-36.030968],[146.728656,-36.029836],[146.722627,-36.032349],[146.71946,-36.036071],[146.720965,-36.039661],[146.717609,-36.043279],[146.711596,-36.045955],[146.702763,-36.104556],[146.704391,-36.105668],[146.702467,-36.106328],[146.706584,-36.125732],[146.733847,-36.122527],[146.767938,-36.129023],[146.774838,-36.127533],[146.773958,-36.140271],[146.78099,-36.141155],[146.778519,-36.154983],[146.790507,-36.165145],[146.787949,-36.169334],[146.781814,-36.174064],[146.781029,-36.178143],[146.784111,-36.178563],[146.783021,-36.184351],[146.78599,-36.188852],[146.783961,-36.191492],[146.785377,-36.194388],[146.784845,-36.200108],[146.788141,-36.202389],[146.789609,-36.20623],[146.793108,-36.207438],[146.796836,-36.213865],[146.802044,-36.216797],[146.811342,-36.218178],[146.803686,-36.235334],[146.813077,-36.23547],[146.82073,-36.244036],[146.82145,-36.250679],[146.81937,-36.254448],[146.822302,-36.257409],[146.837542,-36.259614],[146.838229,-36.255796],[146.856144,-36.25793],[146.857099,-36.253064],[146.863807,-36.248685],[146.869322,-36.248112],[146.875365,-36.242103],[146.883753,-36.240775],[146.890922,-36.232744],[146.897615,-36.232798],[146.905567,-36.235146],[146.909794,-36.227616],[146.919369,-36.222119],[146.926137,-36.226417],[146.929879,-36.230816],[146.932914,-36.23127],[146.939024,-36.237758],[146.943433,-36.231683],[146.947522,-36.229024],[146.950915,-36.230259],[146.960843,-36.24469],[146.964878,-36.241472],[146.973871,-36.240999],[146.985094,-36.233933],[146.990181,-36.234089],[147.001255,-36.228957],[146.99786,-36.228691],[146.996891,-36.226926],[146.999231,-36.225105],[146.995814,-36.222504],[146.998276,-36.221826],[146.996052,-36.220643],[146.998611,-36.220277],[146.998046,-36.218126],[146.999762,-36.218435],[146.998858,-36.21724],[147.000513,-36.215337],[146.997474,-36.210263],[147.002143,-36.210877],[147.002815,-36.207224],[147.021036,-36.209588],[147.021394,-36.207613],[147.024225,-36.209273],[147.025255,-36.204141],[147.032607,-36.205098],[147.036836,-36.184794],[147.073909,-36.189514]]]}},{"type":"Feature","properties":{"code":"AU-LGA-27260","name":"Wyndham","label":"Wyndham","type":"Local government area","parentCode":"AU-VIC"},"geometry":{"type":"Polygon","coordinates":[[[144.477684,-37.781],[144.46685,-37.839082],[144.448991,-37.837048],[144.444067,-37.864021],[144.44668,-37.864341],[144.447009,-37.867281],[144.448949,-37.868558],[144.454712,-37.867602],[144.456045,-37.87196],[144.462947,-37.875119],[144.469329,-37.884184],[144.472907,-37.882764],[144.472032,-37.887818],[144.476426,-37.887157],[144.480803,-37.890316],[144.479551,-37.895217],[144.482718,-37.90226],[144.484506,-37.902964],[144.484778,-37.908969],[144.478293,-37.910508],[144.478515,-37.914852],[144.476422,-37.916413],[144.476948,-37.922066],[144.480952,-37.92142],[144.482641,-37.922912],[144.480814,-37.923508],[144.479151,-37.927504],[144.474982,-37.928323],[144.477118,-37.93212],[144.474388,-37.933797],[144.474062,-37.935839],[144.47891,-37.938935],[144.476773,-37.939835],[144.476565,-37.94177],[144.481375,-37.944252],[144.477403,-37.944937],[144.477331,-37.946347],[144.48827,-37.95713],[144.488852,-37.960867],[144.496461,-37.964204],[144.49477,-37.967816],[144.495896,-37.974446],[144.501665,-37.975733],[144.50711,-37.973803],[144.508597,-37.974751],[144.50865,-37.978327],[144.511575,-37.977728],[144.518698,-37.981],[144.522958,-37.979776],[144.524075,-37.973355],[144.526483,-37.973979],[144.532382,-37.971184],[144.536373,-37.972469],[144.547553,-37.971858],[144.550494,-37.975851],[144.549623,-37.9788],[144.554649,-37.984772],[144.560684,-37.984654],[144.56544,-37.986727],[144.567127,-37.985964],[144.56662,-37.984043],[144.56783,-37.984502],[144.568359,-37.988364],[144.573393,-37.99435],[144.571788,-37.997079],[144.573388,-37.999194],[144.580218,-38.002464],[144.592494,-38.004567],[144.62308,-38.000123],[144.633069,-38.001814],[144.651645,-38.001625],[144.688347,-37.973623],[144.694201,-37.974483],[144.702374,-37.971146],[144.707928,-37.965057],[144.721611,-37.954764],[144.72336,-37.95143],[144.729221,-37.948723],[144.735592,-37.943122],[144.744044,-37.939253],[144.761034,-37.937334],[144.773842,-37.929168],[144.79284,-37.927328],[144.796084,-37.923847],[144.799175,-37.923157],[144.797019,-37.917629],[144.797528,-37.906663],[144.804509,-37.894337],[144.801244,-37.894945],[144.799787,-37.898811],[144.797352,-37.899639],[144.791686,-37.898551],[144.786468,-37.900021],[144.781425,-37.899466],[144.780778,-37.894128],[144.777784,-37.892332],[144.772788,-37.884948],[144.763331,-37.883575],[144.762388,-37.888655],[144.751716,-37.88665],[144.752392,-37.87645],[144.753554,-37.876473],[144.754805,-37.869554],[144.760008,-37.869063],[144.760191,-37.866749],[144.766197,-37.864742],[144.767035,-37.857765],[144.770032,-37.858259],[144.770623,-37.855377],[144.768941,-37.851182],[144.776549,-37.846563],[144.78143,-37.845567],[144.78192,-37.844158],[144.785638,-37.844539],[144.810671,-37.832857],[144.82742,-37.822818],[144.825198,-37.819009],[144.826592,-37.816859],[144.708892,-37.80685],[144.588769,-37.793117],[144.578192,-37.799386],[144.58236,-37.801438],[144.577419,-37.806897],[144.577566,-37.804123],[144.567582,-37.79888],[144.548803,-37.797128],[144.532689,-37.787259],[144.477684,-37.781]]]}},{"type":"Feature","properties":{"code":"AU-LGA-27350","name":"Yarra","label":"Yarra","type":"Local government area","parentCode":"AU-VIC"},"geometry":{"type":"Polygon","coordinates":[[[144.988524,-37.776394],[144.978891,-37.775295],[144.978117,-37.780195],[144.961479,-37.778182],[144.964005,-37.782417],[144.963593,-37.784991],[144.969523,-37.785607],[144.968396,-37.792247],[144.975721,-37.793034],[144.973194,-37.80791],[144.991357,-37.809718],[144.987936,-37.829609],[144.991149,-37.833039],[145.003681,-37.834476],[145.004136,-37.831324],[145.009551,-37.833531],[145.012922,-37.830491],[145.025307,-37.834149],[145.028351,-37.831042],[145.023139,-37.828037],[145.021829,-37.825413],[145.018318,-37.826199],[145.0161,-37.824336],[145.014394,-37.816174],[145.015745,-37.810615],[145.009535,-37.810462],[145.007547,-37.807237],[145.000338,-37.806964],[145.000156,-37.804276],[145.004595,-37.805329],[145.007698,-37.803452],[144.999277,-37.79721],[145.003368,-37.795742],[145.004839,-37.798087],[145.009274,-37.796317],[145.006585,-37.798964],[145.006812,-37.800806],[145.012911,-37.799224],[145.015969,-37.802706],[145.019988,-37.803527],[145.021069,-37.802608],[145.018529,-37.800087],[145.020867,-37.798398],[145.01386,-37.793593],[145.014144,-37.792104],[145.019605,-37.792289],[145.013184,-37.785647],[145.028195,-37.786887],[145.031899,-37.789921],[145.040432,-37.789755],[145.04126,-37.786089],[145.043131,-37.786948],[145.045202,-37.783985],[145.040251,-37.785234],[145.036877,-37.782014],[145.038588,-37.779319],[145.035977,-37.77887],[145.012336,-37.784177],[145.004234,-37.784356],[145.001817,-37.783054],[144.99783,-37.785618],[144.99212,-37.782619],[144.988524,-37.776394]]]}},{"type":"Feature","properties":{"code":"AU-LGA-27450","name":"Yarra Ranges","label":"Yarra Ranges","type":"Local government area","parentCode":"AU-VIC"},"geometry":{"type":"Polygon","coordinates":[[[145.379217,-37.975015],[145.379876,-37.97375],[145.383519,-37.97466],[145.384267,-37.970629],[145.388038,-37.970968],[145.388126,-37.95729],[145.382279,-37.955928],[145.38513,-37.952837],[145.382174,-37.941159],[145.385671,-37.936039],[145.38408,-37.929592],[145.38554,-37.927703],[145.389809,-37.924273],[145.398479,-37.921281],[145.400768,-37.923601],[145.400764,-37.926291],[145.409262,-37.927418],[145.411568,-37.926153],[145.411257,-37.927665],[145.415992,-37.928271],[145.41705,-37.922888],[145.419689,-37.926365],[145.422924,-37.919174],[145.425514,-37.919925],[145.428507,-37.913479],[145.438716,-37.914564],[145.43968,-37.91002],[145.442029,-37.909734],[145.442657,-37.907005],[145.444609,-37.906246],[145.456553,-37.907198],[145.45945,-37.905341],[145.466677,-37.912008],[145.469113,-37.910182],[145.470518,-37.901121],[145.473831,-37.89997],[145.479668,-37.900657],[145.481598,-37.898413],[145.48972,-37.899379],[145.489935,-37.898279],[145.497822,-37.900352],[145.507713,-37.899824],[145.520926,-37.88983],[145.522406,-37.887068],[145.525518,-37.88739],[145.526863,-37.885307],[145.52558,-37.882725],[145.528933,-37.87537],[145.528292,-37.870855],[145.526302,-37.868458],[145.526772,-37.863609],[145.524597,-37.859945],[145.51914,-37.857741],[145.522555,-37.857895],[145.528127,-37.861571],[145.530745,-37.864362],[145.530701,-37.866467],[145.537086,-37.866968],[145.541086,-37.871602],[145.551197,-37.872134],[145.553323,-37.873579],[145.55539,-37.878835],[145.562295,-37.881923],[145.56247,-37.885431],[145.568834,-37.893292],[145.56755,-37.896998],[145.569049,-37.89798],[145.570505,-37.895926],[145.575239,-37.899329],[145.576296,-37.897539],[145.588159,-37.897566],[145.589943,-37.896263],[145.604332,-37.898004],[145.603738,-37.9011],[145.627931,-37.904015],[145.625885,-37.91754],[145.642095,-37.918351],[145.652612,-37.916422],[145.650576,-37.91268],[145.657961,-37.907977],[145.662238,-37.908795],[145.670706,-37.907129],[145.671133,-37.903408],[145.669079,-37.899529],[145.670542,-37.894297],[145.679672,-37.893536],[145.686318,-37.888806],[145.684952,-37.883091],[145.686859,-37.880802],[145.693894,-37.885994],[145.699488,-37.88511],[145.707083,-37.887183],[145.712976,-37.88606],[145.716102,-37.883742],[145.721547,-37.885226],[145.724225,-37.893619],[145.728077,-37.896914],[145.72716,-37.899808],[145.72923,-37.902859],[145.737901,-37.901993],[145.748281,-37.907518],[145.751919,-37.904038],[145.765023,-37.898567],[145.762879,-37.894979],[145.765607,-37.890373],[145.765264,-37.886248],[145.769504,-37.88089],[145.77837,-37.876889],[145.78496,-37.878608],[145.792881,-37.87769],[145.798199,-37.873279],[145.801363,-37.872182],[145.804216,-37.873517],[145.805238,-37.870485],[145.801737,-37.863515],[145.803256,-37.860674],[145.808025,-37.861691],[145.810708,-37.864451],[145.811493,-37.861033],[145.817621,-37.857738],[145.815715,-37.854201],[145.811412,-37.855597],[145.804261,-37.850995],[145.811407,-37.839617],[145.811127,-37.835914],[145.808901,-37.835466],[145.808532,-37.829815],[145.804712,-37.829708],[145.80505,-37.827268],[145.803483,-37.825893],[145.793729,-37.826088],[145.796205,-37.819601],[145.794956,-37.815096],[145.804164,-37.814001],[145.807124,-37.811917],[145.809104,-37.807643],[145.815077,-37.807224],[145.828553,-37.812313],[145.831035,-37.80874],[145.838429,-37.804324],[145.839164,-37.79861],[145.844712,-37.797613],[145.857091,-37.800818],[145.862684,-37.806089],[145.865662,-37.807551],[145.86675,-37.806654],[145.868973,-37.810886],[145.872388,-37.811601],[145.87847,-37.818374],[145.881855,-37.818547],[145.89275,-37.825436],[145.896988,-37.824754],[145.898526,-37.821374],[145.905473,-37.81637],[145.914709,-37.826056],[145.926386,-37.829633],[145.926759,-37.822626],[145.931316,-37.821346],[145.931633,-37.819962],[145.923392,-37.811478],[145.922629,-37.808417],[145.929012,-37.798361],[145.918065,-37.785993],[145.917473,-37.77751],[145.923709,-37.771594],[145.936777,-37.771566],[145.93641,-37.765178],[145.94362,-37.758219],[145.963583,-37.765947],[145.970182,-37.764824],[145.981417,-37.768643],[145.990285,-37.768775],[145.999521,-37.765434],[146.003482,-37.768515],[146.012552,-37.768762],[146.019149,-37.771771],[146.021455,-37.774828],[146.033163,-37.773346],[146.038639,-37.774442],[146.067774,-37.768967],[146.068363,-37.767022],[146.073089,-37.765479],[146.074693,-37.763075],[146.08115,-37.763271],[146.084347,-37.761083],[146.089101,-37.753778],[146.096102,-37.756638],[146.100023,-37.761972],[146.103037,-37.763079],[146.103277,-37.768216],[146.108611,-37.774227],[146.117106,-37.777704],[146.116659,-37.782212],[146.12133,-37.788179],[146.124872,-37.78947],[146.126239,-37.788007],[146.128323,-37.789162],[146.133767,-37.788013],[146.137554,-37.782624],[146.137558,-37.777813],[146.141735,-37.775069],[146.142276,-37.771869],[146.152225,-37.768593],[146.156882,-37.765048],[146.158863,-37.761941],[146.157978,-37.760448],[146.160357,-37.750851],[146.16323,-37.747336],[146.162393,-37.740546],[146.160016,-37.738889],[146.159053,-37.730436],[146.153803,-37.724936],[146.151772,-37.719917],[146.153089,-37.718065],[146.150564,-37.715186],[146.147367,-37.714478],[146.143746,-37.70973],[146.138308,-37.709893],[146.139501,-37.706176],[146.135554,-37.702065],[146.136433,-37.69764],[146.142674,-37.691416],[146.140374,-37.682038],[146.132325,-37.676888],[146.132165,-37.668428],[146.133958,-37.664412],[146.132595,-37.653557],[146.129755,-37.64806],[146.130953,-37.643896],[146.141301,-37.637001],[146.139337,-37.632536],[146.144166,-37.627416],[146.151002,-37.625321],[146.155671,-37.629927],[146.158549,-37.63028],[146.159299,-37.622397],[146.164831,-37.622983],[146.165551,-37.617197],[146.161412,-37.610131],[146.162458,-37.608047],[146.158825,-37.600759],[146.161269,-37.599387],[146.161305,-37.596248],[146.168471,-37.599549],[146.171988,-37.599472],[146.169834,-37.594063],[146.171663,-37.593652],[146.173256,-37.588689],[146.17615,-37.584859],[146.186408,-37.580053],[146.188314,-37.58158],[146.188007,-37.585571],[146.191929,-37.587517],[146.189573,-37.58531],[146.192508,-37.581117],[146.190223,-37.576912],[146.190709,-37.571785],[146.184481,-37.560971],[146.186386,-37.554569],[146.18525,-37.550729],[146.182802,-37.548998],[146.186761,-37.544131],[146.187371,-37.536324],[146.186011,-37.534811],[145.889697,-37.532245],[145.880618,-37.525077],[145.870856,-37.530289],[145.863821,-37.532157],[145.857575,-37.532137],[145.84721,-37.527984],[145.84065,-37.532045],[145.834402,-37.531796],[145.826326,-37.528123],[145.823613,-37.530747],[145.824241,-37.533181],[145.819913,-37.534607],[145.822072,-37.539952],[145.818867,-37.544094],[145.816251,-37.556311],[145.809044,-37.560038],[145.80919,-37.564378],[145.795466,-37.563897],[145.79085,-37.562007],[145.788527,-37.564966],[145.769815,-37.570247],[145.76609,-37.573613],[145.75536,-37.574751],[145.752848,-37.572912],[145.745095,-37.571896],[145.740557,-37.566652],[145.738695,-37.566379],[145.733731,-37.573107],[145.730578,-37.582094],[145.731131,-37.585737],[145.733087,-37.585947],[145.736006,-37.589539],[145.737347,-37.593979],[145.675858,-37.624182],[145.673423,-37.622296],[145.667343,-37.622137],[145.66248,-37.618326],[145.659296,-37.61778],[145.657742,-37.611339],[145.654495,-37.608557],[145.6541,-37.602165],[145.640681,-37.589225],[145.632626,-37.587551],[145.627332,-37.580804],[145.620812,-37.57707],[145.618018,-37.572283],[145.614926,-37.571032],[145.612363,-37.574053],[145.60248,-37.57604],[145.602407,-37.568077],[145.599874,-37.566064],[145.593615,-37.565881],[145.592306,-37.567641],[145.587714,-37.566851],[145.58166,-37.571237],[145.57803,-37.572041],[145.573285,-37.579902],[145.573215,-37.586301],[145.566532,-37.588934],[145.562603,-37.593231],[145.558231,-37.590325],[145.547651,-37.574579],[145.540202,-37.571648],[145.53749,-37.566234],[145.537521,-37.562626],[145.531481,-37.556853],[145.528032,-37.556682],[145.525361,-37.56369],[145.523186,-37.561337],[145.518742,-37.561216],[145.507983,-37.555893],[145.502545,-37.555876],[145.508762,-37.563634],[145.496817,-37.563578],[145.496827,-37.560192],[145.481996,-37.560118],[145.482009,-37.554666],[145.474194,-37.554642],[145.473448,-37.558129],[145.469921,-37.557659],[145.467758,-37.549809],[145.437818,-37.545864],[145.440536,-37.533421],[145.432693,-37.530801],[145.426004,-37.534987],[145.418526,-37.531486],[145.418231,-37.526384],[145.403459,-37.527119],[145.402405,-37.536327],[145.393906,-37.54088],[145.389534,-37.539725],[145.386473,-37.543382],[145.383457,-37.54195],[145.379903,-37.542859],[145.375828,-37.540528],[145.368436,-37.545325],[145.366418,-37.545113],[145.364412,-37.562786],[145.354976,-37.600691],[145.35661,-37.605473],[145.355269,-37.611848],[145.356261,-37.613842],[145.352579,-37.615393],[145.357836,-37.618661],[145.35608,-37.622541],[145.358446,-37.627474],[145.35561,-37.630775],[145.3532,-37.639915],[145.35389,-37.643897],[145.347801,-37.648662],[145.345792,-37.655724],[145.335528,-37.662351],[145.332601,-37.670555],[145.330372,-37.671921],[145.332388,-37.679972],[145.335604,-37.682077],[145.331424,-37.687443],[145.331037,-37.692149],[145.326583,-37.688956],[145.31706,-37.69199],[145.319275,-37.693509],[145.318986,-37.696728],[145.314923,-37.699609],[145.322051,-37.707453],[145.31417,-37.706631],[145.3141,-37.708131],[145.31239,-37.708352],[145.31417,-37.708748],[145.313899,-37.710017],[145.311309,-37.709133],[145.311202,-37.71197],[145.3124,-37.712349],[145.311341,-37.713103],[145.312724,-37.714352],[145.311257,-37.716104],[145.302695,-37.716697],[145.299475,-37.712812],[145.295971,-37.713887],[145.293598,-37.712221],[145.292372,-37.719235],[145.293938,-37.722876],[145.292551,-37.727264],[145.28352,-37.732523],[145.281671,-37.742567],[145.283764,-37.747185],[145.289718,-37.752668],[145.290771,-37.755501],[145.289578,-37.762806],[145.296439,-37.76344],[145.295906,-37.766387],[145.300347,-37.767381],[145.297346,-37.77037],[145.307886,-37.777543],[145.305955,-37.779898],[145.307419,-37.783671],[145.305471,-37.783122],[145.305272,-37.784339],[145.305694,-37.789218],[145.308621,-37.789553],[145.307003,-37.792414],[145.309138,-37.795408],[145.304293,-37.821525],[145.316814,-37.818146],[145.318729,-37.831708],[145.317764,-37.844943],[145.332835,-37.847422],[145.332129,-37.851009],[145.336157,-37.851036],[145.338485,-37.852345],[145.337794,-37.853172],[145.341245,-37.853762],[145.347625,-37.859397],[145.345779,-37.859183],[145.343468,-37.862315],[145.339463,-37.858571],[145.34045,-37.857145],[145.336626,-37.856173],[145.334174,-37.857966],[145.335992,-37.863123],[145.333193,-37.861555],[145.324217,-37.867053],[145.324453,-37.865788],[145.316725,-37.864851],[145.316456,-37.862698],[145.313481,-37.86329],[145.313575,-37.864471],[145.303943,-37.862839],[145.302149,-37.864203],[145.308502,-37.871053],[145.307862,-37.876206],[145.306159,-37.876025],[145.305313,-37.87913],[145.306233,-37.88118],[145.304117,-37.881543],[145.304541,-37.887972],[145.30991,-37.889625],[145.311666,-37.892749],[145.316107,-37.892476],[145.316178,-37.894884],[145.324247,-37.899446],[145.320574,-37.89919],[145.321387,-37.900208],[145.313879,-37.901622],[145.309469,-37.899469],[145.309258,-37.903962],[145.305017,-37.9057],[145.294527,-37.900332],[145.295563,-37.905097],[145.292726,-37.907212],[145.29869,-37.91168],[145.297984,-37.913494],[145.30064,-37.917252],[145.300412,-37.92038],[145.302783,-37.923163],[145.303873,-37.933415],[145.299883,-37.931449],[145.293187,-37.964855],[145.317005,-37.967831],[145.319247,-37.966321],[145.379217,-37.975015]]]}},{"type":"Feature","properties":{"code":"AU-LGA-27630","name":"Yarriambiack","label":"Yarriambiack","type":"Local government area","parentCode":"AU-VIC"},"geometry":{"type":"Polygon","coordinates":[[[142.165889,-36.432654],[142.176659,-36.433005],[142.198058,-36.437555],[142.228169,-36.437483],[142.243553,-36.440061],[142.343267,-36.440295],[142.350515,-36.449435],[142.404813,-36.449472],[142.401503,-36.452082],[142.400301,-36.455954],[142.396324,-36.458255],[142.401904,-36.466396],[142.398973,-36.468392],[142.397921,-36.471911],[142.400037,-36.475393],[142.39837,-36.480154],[142.402417,-36.481738],[142.39997,-36.483443],[142.399291,-36.487914],[142.40188,-36.494068],[142.404369,-36.494642],[142.402631,-36.497349],[142.398624,-36.498622],[142.399946,-36.500515],[142.396345,-36.501965],[142.394444,-36.506031],[142.396422,-36.510411],[142.394063,-36.519188],[142.3918,-36.521626],[142.394263,-36.527274],[142.398068,-36.528108],[142.396477,-36.538148],[142.390582,-36.546768],[142.39141,-36.549812],[142.387429,-36.556586],[142.382056,-36.57382],[142.388024,-36.578288],[142.387801,-36.584467],[142.386065,-36.587097],[142.389026,-36.589884],[142.38733,-36.5912],[142.386285,-36.598821],[142.37834,-36.603591],[142.378652,-36.607336],[142.371879,-36.613264],[142.373461,-36.619549],[142.373033,-36.625375],[142.370917,-36.627783],[142.370088,-36.632326],[142.371895,-36.637201],[142.369852,-36.646028],[142.373038,-36.650209],[142.378873,-36.652145],[142.382556,-36.657221],[142.383072,-36.663088],[142.385698,-36.665826],[142.382311,-36.672969],[142.386926,-36.67689],[142.390047,-36.677575],[142.392857,-36.67627],[142.396337,-36.678461],[142.397347,-36.681142],[142.395827,-36.683527],[142.402354,-36.689819],[142.398914,-36.693094],[142.401493,-36.696726],[142.400137,-36.699355],[142.408159,-36.700815],[142.407646,-36.703144],[142.410402,-36.706289],[142.414952,-36.706978],[142.419072,-36.710482],[142.42383,-36.711612],[142.423929,-36.71429],[142.428378,-36.716214],[142.433269,-36.722018],[142.435926,-36.722286],[142.44,-36.726648],[142.450972,-36.730041],[142.453733,-36.729309],[142.455354,-36.73196],[142.462632,-36.734843],[142.463407,-36.739748],[142.469321,-36.748697],[142.47341,-36.753102],[142.475354,-36.752912],[142.474012,-36.756021],[142.475345,-36.758612],[142.469594,-36.761466],[142.73155,-36.761355],[142.711928,-36.735762],[142.714103,-36.721019],[142.730336,-36.69806],[142.763869,-36.656719],[142.794669,-36.639498],[142.806461,-36.614971],[142.804491,-36.613288],[142.807896,-36.606376],[142.81114,-36.605271],[142.816408,-36.594241],[142.816377,-36.572315],[142.782939,-36.572055],[142.765194,-36.56153],[142.731701,-36.550811],[142.731909,-36.497724],[142.784846,-36.497773],[142.78515,-36.495893],[142.789433,-36.495901],[142.789382,-36.473259],[142.79861,-36.473256],[142.798656,-36.459549],[142.816741,-36.459558],[142.81682,-36.452275],[142.816753,-36.43748],[142.798619,-36.437541],[142.798711,-36.408078],[142.762148,-36.408101],[142.762157,-36.405193],[142.731824,-36.405224],[142.731882,-36.397326],[142.742957,-36.393056],[142.734961,-36.376018],[142.731558,-36.375717],[142.73164,-36.298569],[142.719244,-36.307198],[142.721865,-36.291121],[142.725596,-36.291519],[142.727247,-36.281377],[142.740132,-36.282752],[142.743104,-36.264577],[142.722102,-36.262286],[142.722111,-36.239425],[142.728047,-36.239427],[142.728053,-36.224443],[142.725344,-36.224454],[142.725168,-36.20968],[142.73219,-36.209709],[142.732105,-36.183117],[142.735356,-36.183496],[142.736519,-36.165392],[142.741722,-36.165998],[142.742183,-36.163304],[142.7458,-36.163725],[142.747549,-36.153853],[142.742214,-36.153231],[142.743173,-36.147782],[142.727854,-36.147779],[142.728953,-36.147132],[142.728722,-36.120385],[142.73178,-36.103352],[142.70329,-36.100023],[142.680898,-36.099902],[142.680867,-36.096316],[142.631576,-36.125273],[142.631533,-36.120448],[142.604249,-36.120447],[142.604421,-35.99782],[142.600855,-35.997904],[142.60105,-35.934866],[142.597573,-35.932017],[142.601083,-35.932181],[142.601133,-35.736405],[142.721764,-35.735979],[142.722474,-35.475271],[142.543297,-35.475769],[142.543752,-35.387],[142.535327,-35.386615],[142.535854,-35.302901],[142.411695,-35.30384],[142.403307,-35.30293],[142.403354,-35.295381],[142.378642,-35.295276],[142.374163,-35.296986],[142.363829,-35.292138],[142.351989,-35.295147],[142.322704,-35.294983],[142.314392,-35.29736],[142.310576,-35.294935],[142.301242,-35.293572],[142.29132,-35.295491],[142.289425,-35.290851],[142.25727,-35.299823],[142.252705,-35.304638],[142.244914,-35.307448],[142.243935,-35.310944],[142.222421,-35.310935],[142.20073,-35.315053],[142.195102,-35.313141],[142.188951,-35.322567],[142.181264,-35.322236],[142.183739,-35.329476],[142.18129,-35.331844],[142.181986,-35.334337],[142.192201,-35.342663],[142.199066,-35.353726],[142.179091,-35.353995],[142.177747,-35.360163],[142.174181,-35.362394],[142.182154,-35.366935],[142.173646,-35.375862],[142.1825,-35.398365],[142.206838,-35.450076],[142.168513,-35.449851],[142.167098,-35.456254],[142.166857,-35.47843],[142.15152,-35.476553],[142.142219,-35.480132],[142.131367,-35.478292],[142.124704,-35.472203],[142.100643,-35.466357],[142.096216,-35.469375],[142.09134,-35.469338],[142.081434,-35.464577],[141.997483,-35.463489],[141.997498,-35.639556],[141.994935,-35.643861],[141.994955,-35.653879],[141.997245,-35.653876],[141.997439,-35.710741],[141.992229,-35.710737],[141.998871,-35.716135],[142.008013,-35.733748],[142.009958,-35.73996],[142.010169,-35.755219],[142.008388,-35.774221],[141.999517,-35.797873],[141.999163,-35.814809],[141.995747,-35.824263],[141.997352,-35.824713],[141.997117,-35.867432],[142.23904,-35.86831],[142.239004,-35.997875],[142.168453,-35.997854],[142.168466,-36.0183],[142.172645,-36.018696],[142.172613,-36.033804],[142.168485,-36.033797],[142.167973,-36.040473],[142.168635,-36.365849],[142.165387,-36.366269],[142.165889,-36.432654]]]}},{"type":"Feature","properties":{"code":"AU-LGA-29399","name":"Unincorporated Vic","label":"Unincorporated Vic","type":"Unincorporated area","parentCode":"AU-VIC"},"geometry":{"type":"MultiPolygon","coordinates":[[[[146.292861,-39.157778],[146.294937,-39.158988],[146.296068,-39.156455],[146.294028,-39.156054],[146.292861,-39.157778]]],[[[146.298544,-39.155577],[146.299278,-39.155405],[146.299509,-39.154634],[146.298544,-39.155577]]],[[[146.231417,-39.088438],[146.234364,-39.093689],[146.233894,-39.095698],[146.236687,-39.09784],[146.241448,-39.088835],[146.235724,-39.086059],[146.233982,-39.083587],[146.231152,-39.085251],[146.227706,-39.080222],[146.226385,-39.072625],[146.222177,-39.071307],[146.221072,-39.072734],[146.22471,-39.080337],[146.224895,-39.08516],[146.231149,-39.08674],[146.231417,-39.088438]]],[[[146.239169,-39.019093],[146.239601,-39.020306],[146.236412,-39.022325],[146.242525,-39.024576],[146.242285,-39.027161],[146.238314,-39.028455],[146.242043,-39.029529],[146.246244,-39.024343],[146.243926,-39.022728],[146.241787,-39.016917],[146.239169,-39.019093]]],[[[146.223918,-38.9697],[146.224413,-38.972144],[146.23386,-38.9679],[146.230572,-38.966006],[146.223993,-38.966685],[146.222949,-38.968178],[146.223918,-38.9697]]],[[[146.513966,-38.910195],[146.512473,-38.908379],[146.505791,-38.913382],[146.50808,-38.914737],[146.512013,-38.913725],[146.513935,-38.912585],[146.513966,-38.910195]]],[[[146.36788,-38.841903],[146.368492,-38.844164],[146.370656,-38.843772],[146.370933,-38.841124],[146.36788,-38.841903]]],[[[146.393951,-38.806367],[146.392619,-38.807349],[146.394322,-38.807026],[146.393951,-38.806367]]],[[[146.232126,-37.847806],[146.232688,-37.852336],[146.236959,-37.856179],[146.241556,-37.850542],[146.279266,-37.841763],[146.277385,-37.837166],[146.278314,-37.833096],[146.273407,-37.831818],[146.27151,-37.833789],[146.251168,-37.835549],[146.244246,-37.838952],[146.23625,-37.854992],[146.232126,-37.847806]]],[[[149.905792,-37.564338],[149.906308,-37.567523],[149.91018,-37.569299],[149.916343,-37.569657],[149.918474,-37.568392],[149.917251,-37.568114],[149.916166,-37.563257],[149.918119,-37.563254],[149.918088,-37.561198],[149.909526,-37.551015],[149.904814,-37.548292],[149.908715,-37.555352],[149.908212,-37.558445],[149.904589,-37.558929],[149.905792,-37.564338]]],[[[146.302256,-39.154213],[146.302887,-39.153913],[146.302244,-39.153186],[146.302256,-39.154213]]],[[[146.356239,-39.138836],[146.359545,-39.140819],[146.368318,-39.139111],[146.360315,-39.137444],[146.356239,-39.138836]]],[[[146.234507,-39.114342],[146.234078,-39.115823],[146.237126,-39.117749],[146.239324,-39.114232],[146.238352,-39.111717],[146.234507,-39.114342]]],[[[146.237424,-39.109256],[146.241357,-39.108015],[146.238516,-39.105731],[146.236634,-39.100953],[146.23552,-39.104905],[146.237424,-39.109256]]],[[[146.276781,-38.772368],[146.279692,-38.771553],[146.276936,-38.771038],[146.276781,-38.772368]]],[[[142.008701,-38.417145],[142.014177,-38.412293],[142.007631,-38.411697],[142.000435,-38.413175],[141.993487,-38.417358],[141.996139,-38.417955],[141.997823,-38.421849],[141.99617,-38.423571],[141.998464,-38.423422],[141.998767,-38.425471],[142.007717,-38.419572],[142.008701,-38.417145]]],[[[145.212864,-38.328907],[145.211437,-38.326764],[145.209371,-38.326796],[145.207983,-38.328231],[145.208509,-38.332929],[145.212864,-38.328907]]],[[[146.240282,-39.115734],[146.242262,-39.117629],[146.243724,-39.116969],[146.242275,-39.114006],[146.239916,-39.114702],[146.240282,-39.115734]]],[[[146.321707,-39.144554],[146.325797,-39.147193],[146.329312,-39.143193],[146.32922,-39.13936],[146.31936,-39.138429],[146.312078,-39.134752],[146.317321,-39.141927],[146.321707,-39.144554]]],[[[145.348147,-38.421739],[145.34832,-38.421549],[145.348079,-38.421394],[145.348147,-38.421739]]],[[[147.063543,-36.996638],[147.061293,-36.99776],[147.062494,-36.998825],[147.061975,-37.004008],[147.073998,-37.013341],[147.073578,-37.017351],[147.104623,-37.002675],[147.122676,-36.999759],[147.126558,-36.994561],[147.133194,-36.996684],[147.132757,-36.989828],[147.138187,-36.984608],[147.144425,-36.985785],[147.145633,-36.989009],[147.14414,-36.996935],[147.139749,-37.003949],[147.150273,-37.009771],[147.150905,-37.011562],[147.152606,-37.012024],[147.152687,-37.010111],[147.157849,-37.00644],[147.165245,-37.006024],[147.166162,-37.010197],[147.168815,-37.008813],[147.179935,-37.009587],[147.189907,-37.013403],[147.193978,-37.019721],[147.197019,-37.022427],[147.198063,-37.021645],[147.193019,-37.006195],[147.187734,-36.999618],[147.188004,-36.996537],[147.183245,-36.995243],[147.184403,-36.991019],[147.18937,-36.990883],[147.191457,-36.987893],[147.187345,-36.983519],[147.17739,-36.981822],[147.175074,-36.983055],[147.176186,-36.98718],[147.171922,-36.987012],[147.16709,-36.990858],[147.161842,-36.972041],[147.150089,-36.958055],[147.144114,-36.959326],[147.134314,-36.958508],[147.133993,-36.962071],[147.130861,-36.963336],[147.132616,-36.964328],[147.127771,-36.965376],[147.12551,-36.970178],[147.121006,-36.972196],[147.097098,-37.00206],[147.080825,-37.001769],[147.063543,-36.996638]]],[[[146.310479,-39.15724],[146.313094,-39.158656],[146.31543,-39.156611],[146.308933,-39.149961],[146.306637,-39.152477],[146.310479,-39.15724]]],[[[146.304714,-39.151897],[146.305618,-39.151649],[146.304492,-39.151165],[146.304714,-39.151897]]],[[[147.288667,-36.874458],[147.292509,-36.871376],[147.289782,-36.869783],[147.28979,-36.864175],[147.287391,-36.861511],[147.280321,-36.860768],[147.277655,-36.858999],[147.273845,-36.846362],[147.27127,-36.846097],[147.267679,-36.840968],[147.258382,-36.836408],[147.257238,-36.84189],[147.245216,-36.843544],[147.245538,-36.846331],[147.248386,-36.848944],[147.240984,-36.859122],[147.241864,-36.864059],[147.24637,-36.864229],[147.24776,-36.866121],[147.23945,-36.868114],[147.241206,-36.871015],[147.240239,-36.871472],[147.238089,-36.868348],[147.235034,-36.869457],[147.236443,-36.870948],[147.234968,-36.87155],[147.244972,-36.883382],[147.262375,-36.883205],[147.271702,-36.877347],[147.283795,-36.878699],[147.288667,-36.874458]]],[[[145.366075,-38.416376],[145.368513,-38.419082],[145.372109,-38.4176],[145.370113,-38.416103],[145.368848,-38.411263],[145.366075,-38.416376]]],[[[146.421208,-37.102424],[146.419971,-37.106464],[146.398026,-37.106359],[146.395486,-37.110765],[146.40544,-37.111385],[146.410817,-37.113907],[146.41598,-37.114189],[146.423288,-37.120314],[146.427072,-37.120044],[146.427973,-37.116245],[146.43963,-37.119372],[146.437793,-37.127466],[146.43371,-37.131275],[146.434618,-37.13645],[146.417867,-37.139052],[146.414106,-37.146526],[146.419582,-37.154581],[146.432044,-37.164882],[146.479106,-37.161926],[146.481386,-37.157186],[146.480315,-37.150772],[146.4862,-37.151055],[146.490407,-37.145715],[146.492847,-37.148446],[146.497326,-37.148479],[146.501223,-37.151378],[146.503081,-37.151514],[146.502096,-37.149452],[146.50376,-37.148824],[146.514454,-37.15011],[146.512399,-37.146445],[146.513465,-37.144725],[146.508425,-37.143382],[146.510628,-37.141548],[146.506762,-37.139168],[146.510068,-37.137988],[146.508638,-37.134308],[146.51695,-37.136108],[146.512696,-37.131148],[146.522033,-37.131653],[146.521452,-37.128149],[146.518476,-37.127212],[146.518663,-37.12449],[146.524571,-37.123028],[146.529472,-37.124834],[146.53138,-37.123733],[146.534023,-37.12468],[146.534817,-37.122992],[146.54001,-37.123555],[146.540763,-37.117157],[146.530772,-37.114726],[146.53295,-37.112079],[146.539446,-37.10985],[146.536356,-37.107888],[146.537321,-37.106218],[146.540766,-37.105224],[146.542743,-37.106266],[146.54281,-37.103728],[146.546616,-37.103537],[146.548067,-37.101816],[146.546497,-37.099039],[146.543019,-37.09761],[146.542877,-37.099202],[146.54004,-37.100381],[146.536125,-37.099105],[146.535481,-37.10108],[146.532501,-37.102189],[146.533819,-37.105384],[146.529756,-37.105454],[146.528667,-37.107679],[146.523848,-37.103581],[146.521611,-37.106577],[146.519765,-37.105031],[146.514506,-37.10708],[146.509987,-37.106482],[146.51586,-37.11531],[146.515402,-37.118672],[146.513897,-37.119533],[146.508342,-37.114911],[146.505478,-37.117292],[146.502295,-37.117106],[146.501865,-37.112252],[146.495851,-37.111702],[146.49459,-37.109327],[146.492687,-37.109099],[146.490644,-37.102155],[146.482016,-37.105856],[146.476995,-37.104123],[146.474434,-37.10119],[146.469829,-37.101571],[146.465795,-37.099676],[146.464202,-37.101658],[146.464876,-37.105177],[146.466922,-37.106236],[146.465587,-37.11062],[146.458766,-37.113047],[146.456891,-37.111122],[146.453859,-37.111753],[146.44763,-37.108724],[146.444161,-37.10477],[146.441602,-37.107184],[146.435953,-37.108348],[146.431383,-37.10687],[146.426235,-37.10059],[146.421208,-37.102424]]],[[[145.88328,-37.526938],[145.877238,-37.514257],[145.879075,-37.511214],[145.883911,-37.514284],[145.885325,-37.512975],[145.884097,-37.506264],[145.879889,-37.504889],[145.877711,-37.499165],[145.88157,-37.496624],[145.881606,-37.492151],[145.872889,-37.493682],[145.871829,-37.49852],[145.872927,-37.502525],[145.875169,-37.502551],[145.876207,-37.50782],[145.87068,-37.513421],[145.873265,-37.524962],[145.868978,-37.52743],[145.86249,-37.51813],[145.858192,-37.517113],[145.853101,-37.521187],[145.847936,-37.516417],[145.846014,-37.519106],[145.847305,-37.523799],[145.843523,-37.525878],[145.842965,-37.528921],[145.839503,-37.529181],[145.836872,-37.531894],[145.84065,-37.532045],[145.84721,-37.527984],[145.857575,-37.532137],[145.863821,-37.532157],[145.870856,-37.530289],[145.879671,-37.525192],[145.88328,-37.526938]]],[[[145.273674,-38.361717],[145.273504,-38.364577],[145.277226,-38.373118],[145.277282,-38.378902],[145.274649,-38.382025],[145.271152,-38.383008],[145.27615,-38.38563],[145.276662,-38.391724],[145.274286,-38.398205],[145.2714,-38.401364],[145.265644,-38.402802],[145.27061,-38.404397],[145.269937,-38.408885],[145.274626,-38.408991],[145.276353,-38.406054],[145.281341,-38.404359],[145.278109,-38.396658],[145.275398,-38.394875],[145.282705,-38.397272],[145.287139,-38.395637],[145.300316,-38.398505],[145.304742,-38.401566],[145.311062,-38.401897],[145.317403,-38.406976],[145.319769,-38.412841],[145.324765,-38.410984],[145.329337,-38.414674],[145.333716,-38.411847],[145.337187,-38.412368],[145.342588,-38.414437],[145.348901,-38.419892],[145.352558,-38.420035],[145.354342,-38.414128],[145.358366,-38.411899],[145.358894,-38.408475],[145.361469,-38.406508],[145.371094,-38.403755],[145.374847,-38.405558],[145.376017,-38.409448],[145.379006,-38.409933],[145.379961,-38.40709],[145.385949,-38.406708],[145.384387,-38.399773],[145.392384,-38.396458],[145.392929,-38.394387],[145.389662,-38.389447],[145.390373,-38.385116],[145.406093,-38.37275],[145.414512,-38.37009],[145.426467,-38.371655],[145.443244,-38.368774],[145.447954,-38.370305],[145.451767,-38.367617],[145.459003,-38.366084],[145.476258,-38.366442],[145.482406,-38.361455],[145.500017,-38.35358],[145.502619,-38.35302],[145.503377,-38.354466],[145.503416,-38.35328],[145.492221,-38.343204],[145.490039,-38.339145],[145.485267,-38.338992],[145.472558,-38.332299],[145.466342,-38.325715],[145.46504,-38.318904],[145.459547,-38.311572],[145.452376,-38.306843],[145.425559,-38.308214],[145.410866,-38.30448],[145.380552,-38.313563],[145.372243,-38.314141],[145.351999,-38.311248],[145.347548,-38.310204],[145.338386,-38.304414],[145.330366,-38.292354],[145.319572,-38.289987],[145.314275,-38.285908],[145.311295,-38.286276],[145.304061,-38.282506],[145.298133,-38.281943],[145.289384,-38.284652],[145.28883,-38.292869],[145.291527,-38.293831],[145.287289,-38.296158],[145.286487,-38.302828],[145.29001,-38.30285],[145.286707,-38.303381],[145.285987,-38.305618],[145.28688,-38.30726],[145.291666,-38.307902],[145.296361,-38.305696],[145.297592,-38.309327],[145.295361,-38.311182],[145.297415,-38.309115],[145.295707,-38.305774],[145.287235,-38.309609],[145.282787,-38.320603],[145.281906,-38.333444],[145.273516,-38.357475],[145.273674,-38.361717]]]]}}]}
