{"type":"FeatureCollection","name":"admin2_usa_us-ar","adm0A3":"USA","parentCode":"US-AR","parentName":"Arkansas","bbox":[-94.617919,33.004291,-89.641572,36.4996],"features":[{"type":"Feature","properties":{"code":"US-05001","name":"Arkansas","label":"Arkansas County","type":"County","parentCode":"US-AR"},"geometry":{"type":"Polygon","coordinates":[[[-91.70525,34.482731],[-91.711675,34.233864],[-91.607472,34.230421],[-91.5928,34.228685],[-91.594818,34.21222],[-91.576603,34.22339],[-91.540178,34.224599],[-91.52975,34.217644],[-91.530687,34.20219],[-91.527396,34.183323],[-91.514642,34.171344],[-91.520804,34.163681],[-91.514374,34.142293],[-91.494809,34.14898],[-91.49679,34.130623],[-91.476321,34.135372],[-91.451931,34.133865],[-91.442973,34.126175],[-91.448225,34.121104],[-91.439885,34.105126],[-91.445074,34.080577],[-91.435783,34.070388],[-91.436159,34.023235],[-91.421985,34.011715],[-91.39186,33.981623],[-91.384555,33.979112],[-91.373343,33.982157],[-91.362372,34.000173],[-91.352761,34.004602],[-91.334947,33.98322],[-91.326021,33.989162],[-91.34014,34.010718],[-91.335251,34.017021],[-91.322048,34.009935],[-91.310935,33.982039],[-91.325731,33.966949],[-91.337503,33.973473],[-91.356659,33.959839],[-91.347754,33.954867],[-91.307152,33.960627],[-91.291253,33.968611],[-91.291909,33.95852],[-91.275735,33.94233],[-91.262475,33.957284],[-91.251859,33.956778],[-91.230239,33.977792],[-91.239448,33.949173],[-91.232941,33.940552],[-91.215527,33.954623],[-91.191058,33.954289],[-91.170177,33.9587],[-91.161786,33.943499],[-91.173248,33.931724],[-91.164217,33.92129],[-91.15196,33.930087],[-91.137246,33.926073],[-91.151496,33.937346],[-91.142161,33.948413],[-91.150946,33.950955],[-91.135862,33.96224],[-91.158812,33.978992],[-91.156908,33.993563],[-91.169862,34.014594],[-91.184368,34.017529],[-91.186016,34.031638],[-91.19481,34.034472],[-91.196924,34.048243],[-91.183266,34.083973],[-91.167695,34.094332],[-91.1522,34.084694],[-91.142404,34.111301],[-91.125113,34.105951],[-91.117918,34.119039],[-91.110806,34.131191],[-91.101995,34.129011],[-91.095684,34.140803],[-91.078621,34.143942],[-91.090265,34.156157],[-91.083177,34.161235],[-91.09426,34.177012],[-91.086674,34.202264],[-91.078635,34.196703],[-91.060626,34.216766],[-91.066517,34.240236],[-91.079039,34.249069],[-91.064714,34.252814],[-91.064994,34.265265],[-91.075169,34.26765],[-91.072914,34.296255],[-91.059015,34.288171],[-91.064024,34.312131],[-91.054865,34.309494],[-91.056337,34.336652],[-91.07962,34.347922],[-91.092591,34.343716],[-91.107762,34.353404],[-91.10442,34.36329],[-91.129702,34.379967],[-91.139263,34.402821],[-91.147747,34.401591],[-91.166025,34.412537],[-91.153918,34.422013],[-91.161601,34.435422],[-91.170292,34.434573],[-91.17485,34.450638],[-91.192192,34.439852],[-91.218273,34.443049],[-91.220501,34.453107],[-91.206956,34.456749],[-91.222189,34.461568],[-91.209074,34.48089],[-91.215566,34.487143],[-91.231563,34.480187],[-91.264147,34.502072],[-91.261994,34.527319],[-91.301221,34.536418],[-91.291609,34.561762],[-91.37782,34.56348],[-91.41378,34.56418],[-91.466439,34.565281],[-91.471808,34.565388],[-91.557266,34.56716],[-91.594429,34.56805],[-91.595929,34.48051],[-91.616016,34.479537],[-91.67822,34.481913],[-91.70525,34.482731]]]}},{"type":"Feature","properties":{"code":"US-05003","name":"Ashley","label":"Ashley County","type":"County","parentCode":"US-AR"},"geometry":{"type":"Polygon","coordinates":[[[-92.128297,33.183294],[-92.137549,33.162904],[-92.111395,33.158461],[-92.119919,33.119467],[-92.134879,33.097837],[-92.12945,33.070486],[-92.113899,33.061291],[-92.108796,33.032501],[-92.081907,33.030226],[-92.0689596390547,33.008162087981],[-92.0689289215002,33.0081618952539],[-92.0010940972461,33.0077362881463],[-91.951958,33.007428],[-91.950001,33.00752],[-91.875128,33.007728],[-91.8003160450046,33.0072805988365],[-91.755068,33.00701],[-91.735531,33.007569],[-91.62667,33.006639],[-91.617615,33.006717],[-91.609001,33.006556],[-91.579802,33.006518],[-91.579639,33.006472],[-91.572326,33.006908],[-91.559494,33.00684],[-91.500118,33.006784],[-91.489176,33.006182],[-91.4603776475285,33.0059093538278],[-91.460316,33.112138],[-91.45737,33.388974],[-91.762049,33.393748],[-91.990179,33.398292],[-91.986871,33.387246],[-91.959866,33.379042],[-91.97027,33.366388],[-91.96773,33.355112],[-91.987428,33.340925],[-91.973317,33.32024],[-91.977149,33.301949],[-91.994865,33.304834],[-92.009204,33.297255],[-92.001141,33.287024],[-92.042146,33.276367],[-92.050555,33.253303],[-92.05986,33.257331],[-92.071737,33.238089],[-92.084491,33.240821],[-92.093742,33.221373],[-92.116277,33.223018],[-92.113182,33.21239],[-92.128054,33.209247],[-92.128297,33.183294]]]}},{"type":"Feature","properties":{"code":"US-05005","name":"Baxter","label":"Baxter County","type":"County","parentCode":"US-AR"},"geometry":{"type":"Polygon","coordinates":[[[-92.59205,36.35913],[-92.593016,36.35041],[-92.580663,36.342637],[-92.534771,36.35095],[-92.53215,36.350588],[-92.534291,36.329521],[-92.561514,36.334785],[-92.575452,36.309089],[-92.55131,36.313679],[-92.527459,36.303355],[-92.528604,36.282396],[-92.54297,36.263058],[-92.520984,36.268884],[-92.493788,36.256237],[-92.474464,36.257106],[-92.469327,36.252953],[-92.47606,36.227328],[-92.459043,36.217349],[-92.474241,36.206963],[-92.479162,36.193673],[-92.468797,36.181405],[-92.442358,36.164387],[-92.407624,36.157773],[-92.40869,36.14937],[-92.426397,36.149465],[-92.426787,36.134866],[-92.409142,36.134675],[-92.411563,36.062757],[-92.414396,35.975798],[-92.307215,35.974007],[-92.305109,36.061087],[-92.197449,36.059239],[-92.19564,36.133009],[-92.215231,36.133469],[-92.213888,36.175065],[-92.159928,36.173792],[-92.156931,36.261221],[-92.159165,36.264376],[-92.158513,36.287563],[-92.153068,36.383468],[-92.1502863617131,36.4986337657382],[-92.199396,36.498351],[-92.211449,36.498395],[-92.214143,36.498372],[-92.216412,36.498417],[-92.2594577138701,36.498174956948],[-92.309424,36.497894],[-92.318415,36.497711],[-92.350277,36.497787],[-92.375159,36.497199],[-92.384927,36.497845],[-92.420383,36.497914],[-92.4344689269627,36.4982770332393],[-92.434649088923,36.4982816765106],[-92.444129,36.498526],[-92.516836,36.498738],[-92.5291298703286,36.4986088420019],[-92.529457,36.458816],[-92.533104,36.386557],[-92.549548,36.38692],[-92.553886,36.378445],[-92.59205,36.35913]]]}},{"type":"Feature","properties":{"code":"US-05007","name":"Benton","label":"Benton County","type":"County","parentCode":"US-AR"},"geometry":{"type":"Polygon","coordinates":[[[-94.617919,36.499414],[-94.615311,36.484992],[-94.61383,36.476248],[-94.612686104975,36.468666669623],[-94.611609,36.461528],[-94.605408,36.421949],[-94.602623,36.405283],[-94.601984,36.40212],[-94.599723,36.387587],[-94.593397,36.345742],[-94.5931029431401,36.3438717951024],[-94.5862,36.299969],[-94.5847308972077,36.2911566795471],[-94.5825881113667,36.2783033138119],[-94.577883,36.25008],[-94.577899,36.249548],[-94.576003,36.24007],[-94.575071,36.233682],[-94.57488,36.232741],[-94.574395,36.229996],[-94.571806,36.213748],[-94.5712671366042,36.2109737792265],[-94.571253,36.210901],[-94.566588,36.183774],[-94.5661775595238,36.1814270547262],[-94.565655,36.178439],[-94.5628276914512,36.1618934952038],[-94.562803,36.161749],[-94.561165,36.15211],[-94.5596915051255,36.1439268607574],[-94.5572280270755,36.1302457925349],[-94.5521649859981,36.1021279002748],[-94.395809,36.09949],[-94.389818,36.142722],[-94.335832,36.152077],[-94.334217,36.198176],[-94.333639,36.214689],[-94.310841,36.214154],[-94.302119,36.214032],[-94.23214,36.212605],[-94.173776,36.211389],[-94.160294,36.210977],[-94.137865,36.210348],[-94.122024,36.210138],[-94.093267,36.209536],[-94.017509,36.208149],[-94.024337,36.223815],[-94.000214,36.230046],[-94.008776,36.215277],[-93.973702,36.204238],[-93.972089,36.22854],[-93.957115,36.22231],[-93.944341,36.236103],[-93.887891,36.235129],[-93.869865,36.234833],[-93.868987,36.307363],[-93.815078,36.306551],[-93.849588,36.330648],[-93.856019,36.318006],[-93.867191,36.364904],[-93.890352,36.37839],[-93.881941,36.394198],[-93.867075,36.394206],[-93.866673,36.482319],[-93.8666890960689,36.4987886377682],[-93.906128,36.498718],[-93.92184,36.498718],[-93.95919,36.498717],[-93.96392,36.498717],[-94.077089,36.49873],[-94.0944740083724,36.4986863332968],[-94.098588,36.498676],[-94.100252,36.49867],[-94.110673,36.498587],[-94.111473,36.498597],[-94.1814127473658,36.4988779016402],[-94.2694298015614,36.4992314078483],[-94.3132388901132,36.4994073599398],[-94.3294423318218,36.4994724384327],[-94.361203,36.4996],[-94.3838132337786,36.4995448583147],[-94.4802836111299,36.4993095870106],[-94.519478,36.499214],[-94.55929,36.499496],[-94.617919,36.499414]]]}},{"type":"Feature","properties":{"code":"US-05009","name":"Boone","label":"Boone County","type":"County","parentCode":"US-AR"},"geometry":{"type":"Polygon","coordinates":[[[-93.300165,36.163554],[-93.30082,36.12155],[-93.140283,36.117576],[-93.104725,36.119449],[-93.051785,36.11635],[-92.95345,36.115662],[-92.94463,36.115253],[-92.890725,36.114245],[-92.88892,36.251633],[-92.889511,36.318581],[-92.886794,36.406241],[-92.884897,36.490854],[-92.854602,36.464639],[-92.8540084274629,36.4979827644585],[-92.894001,36.49785],[-92.894336,36.497867],[-92.9291569287713,36.4979435936843],[-93.0137416892954,36.4981296501358],[-93.068455,36.49825],[-93.069512,36.498242],[-93.087635,36.498239],[-93.088988,36.498184],[-93.125969,36.497851],[-93.2097350018054,36.4980973862057],[-93.2217820681778,36.4981328209992],[-93.2931173059246,36.4983426438173],[-93.298658,36.497022],[-93.296049,36.481635],[-93.297586,36.294108],[-93.300165,36.163554]]]}},{"type":"Feature","properties":{"code":"US-05011","name":"Bradley","label":"Bradley County","type":"County","parentCode":"US-AR"},"geometry":{"type":"Polygon","coordinates":[[[-92.380486,33.351499],[-92.378679,33.314836],[-92.353752,33.305142],[-92.350277,33.298842],[-92.359113,33.281961],[-92.328995,33.279834],[-92.324996,33.26212],[-92.308506,33.266652],[-92.296586,33.280917],[-92.293519,33.265032],[-92.270877,33.266564],[-92.266823,33.25452],[-92.242245,33.25051],[-92.23631,33.258485],[-92.225047,33.253696],[-92.234099,33.234665],[-92.212426,33.223261],[-92.224792,33.215754],[-92.210327,33.202164],[-92.187091,33.204841],[-92.179744,33.213908],[-92.17457,33.182719],[-92.162817,33.171304],[-92.162569,33.161164],[-92.150229,33.170383],[-92.137549,33.162904],[-92.128297,33.183294],[-92.128054,33.209247],[-92.113182,33.21239],[-92.116277,33.223018],[-92.093742,33.221373],[-92.084491,33.240821],[-92.071737,33.238089],[-92.05986,33.257331],[-92.050555,33.253303],[-92.042146,33.276367],[-92.001141,33.287024],[-92.009204,33.297255],[-91.994865,33.304834],[-91.977149,33.301949],[-91.973317,33.32024],[-91.987428,33.340925],[-91.96773,33.355112],[-91.97027,33.366388],[-91.959866,33.379042],[-91.986871,33.387246],[-91.990179,33.398292],[-92.002005,33.415498],[-91.992234,33.435929],[-92.015125,33.453509],[-92.000072,33.472953],[-92.00893,33.486841],[-91.999045,33.499986],[-92.006333,33.511235],[-92.009542,33.526027],[-91.976159,33.529686],[-91.976228,33.611461],[-91.97588,33.704417],[-92.141442,33.705079],[-92.180025,33.705365],[-92.285395,33.705623],[-92.330918,33.707745],[-92.320101,33.682331],[-92.327067,33.661677],[-92.320743,33.634102],[-92.329219,33.612352],[-92.320952,33.585568],[-92.325897,33.571335],[-92.314128,33.551548],[-92.323006,33.524432],[-92.311258,33.501922],[-92.322423,33.485674],[-92.320251,33.468838],[-92.328643,33.458773],[-92.329959,33.442138],[-92.340637,33.430167],[-92.341428,33.414553],[-92.356001,33.400929],[-92.359868,33.379745],[-92.374599,33.378466],[-92.380486,33.351499]]]}},{"type":"Feature","properties":{"code":"US-05013","name":"Calhoun","label":"Calhoun County","type":"County","parentCode":"US-AR"},"geometry":{"type":"Polygon","coordinates":[[[-92.775871,33.544247],[-92.776694,33.538572],[-92.759037,33.531452],[-92.762275,33.5183],[-92.772698,33.511985],[-92.75405,33.501403],[-92.765914,33.493053],[-92.740962,33.483975],[-92.736285,33.495159],[-92.716464,33.482873],[-92.72064,33.46738],[-92.728061,33.46806],[-92.707223,33.445659],[-92.70464,33.430839],[-92.671508,33.431127],[-92.654717,33.435103],[-92.653768,33.422867],[-92.636017,33.415187],[-92.645386,33.39796],[-92.635782,33.397554],[-92.617658,33.40962],[-92.604159,33.401583],[-92.592198,33.403283],[-92.583154,33.392548],[-92.580669,33.373548],[-92.56703,33.377748],[-92.567156,33.3672],[-92.531821,33.355619],[-92.532331,33.345693],[-92.51945,33.33039],[-92.522872,33.316559],[-92.499891,33.327617],[-92.484883,33.316396],[-92.480688,33.327838],[-92.460013,33.32022],[-92.472814,33.296408],[-92.461172,33.284901],[-92.431386,33.269468],[-92.380081,33.278753],[-92.350277,33.298842],[-92.353752,33.305142],[-92.378679,33.314836],[-92.380486,33.351499],[-92.374599,33.378466],[-92.359868,33.379745],[-92.356001,33.400929],[-92.341428,33.414553],[-92.340637,33.430167],[-92.329959,33.442138],[-92.328643,33.458773],[-92.320251,33.468838],[-92.322423,33.485674],[-92.311258,33.501922],[-92.323006,33.524432],[-92.314128,33.551548],[-92.325897,33.571335],[-92.320952,33.585568],[-92.329219,33.612352],[-92.320743,33.634102],[-92.327067,33.661677],[-92.320101,33.682331],[-92.330918,33.707745],[-92.341936,33.742983],[-92.327165,33.778011],[-92.334249,33.795065],[-92.459293,33.799032],[-92.583027,33.802299],[-92.586886,33.731234],[-92.600235,33.712673],[-92.635139,33.692844],[-92.65257,33.660753],[-92.682601,33.659969],[-92.703948,33.649322],[-92.722057,33.651324],[-92.735612,33.62421],[-92.731613,33.613828],[-92.713633,33.605659],[-92.711327,33.571439],[-92.717891,33.552127],[-92.726843,33.563625],[-92.741081,33.556318],[-92.746768,33.544972],[-92.765098,33.553184],[-92.775871,33.544247]]]}},{"type":"Feature","properties":{"code":"US-05015","name":"Carroll","label":"Carroll County","type":"County","parentCode":"US-AR"},"geometry":{"type":"Polygon","coordinates":[[[-93.881941,36.394198],[-93.890352,36.37839],[-93.867191,36.364904],[-93.856019,36.318006],[-93.849588,36.330648],[-93.815078,36.306551],[-93.657604,36.303019],[-93.663546,36.276249],[-93.639773,36.283222],[-93.631138,36.277529],[-93.641804,36.267652],[-93.618299,36.258939],[-93.620058,36.201248],[-93.611684,36.186555],[-93.584878,36.185674],[-93.585524,36.15567],[-93.550751,36.154985],[-93.551033,36.135625],[-93.551135,36.126271],[-93.479521,36.125054],[-93.30082,36.12155],[-93.300165,36.163554],[-93.297586,36.294108],[-93.296049,36.481635],[-93.298658,36.497022],[-93.2931173059246,36.4983426438173],[-93.3153231265986,36.4984079591933],[-93.315337,36.498408],[-93.394718,36.498519],[-93.396079,36.498669],[-93.426989,36.498585],[-93.4892364080662,36.4988373365751],[-93.507408,36.498911],[-93.514512,36.498881],[-93.5832177884822,36.4988957714146],[-93.5842620582646,36.4988959959276],[-93.584281,36.498896],[-93.700171,36.499135],[-93.709956,36.499179],[-93.718893,36.499178],[-93.727552,36.499055],[-93.728022,36.499037],[-93.7522374829062,36.4989936284176],[-93.7537409157046,36.4989909356669],[-93.8666890960689,36.4987886377682],[-93.866673,36.482319],[-93.867075,36.394206],[-93.881941,36.394198]]]}},{"type":"Feature","properties":{"code":"US-05017","name":"Chicot","label":"Chicot County","type":"County","parentCode":"US-AR"},"geometry":{"type":"Polygon","coordinates":[[[-91.460316,33.112138],[-91.4603776475285,33.0059093538278],[-91.453369,33.005843],[-91.435782,33.006099],[-91.425466,33.006016],[-91.376016,33.005794],[-91.333011,33.005529],[-91.329767,33.005421],[-91.326396,33.005376],[-91.325037,33.005364],[-91.322506,33.005341],[-91.3120365426862,33.0052621547066],[-91.312016,33.005262],[-91.284398,33.005007],[-91.265018,33.005084],[-91.166095,33.004291],[-91.166684,33.00809],[-91.1655394123724,33.0113210994798],[-91.163205,33.017911],[-91.154262,33.024299],[-91.137434,33.028715],[-91.126723,33.036253],[-91.120429,33.054631],[-91.123869,33.063235],[-91.149065,33.08131],[-91.171869,33.08808],[-91.180093,33.097318],[-91.199603,33.106505],[-91.202114,33.122306],[-91.196403,33.132857],[-91.1958381047051,33.1332595643396],[-91.184025,33.141678],[-91.160983,33.141432],[-91.146777,33.130055],[-91.109729,33.129454],[-91.08989,33.134407],[-91.084511,33.141082],[-91.080048,33.170309],[-91.081303,33.18428],[-91.099115,33.219606],[-91.081229,33.22246],[-91.053025,33.247509],[-91.043696,33.271783],[-91.048293,33.282836],[-91.060958,33.287121],[-91.076436,33.284408],[-91.085328,33.275515],[-91.096392,33.242965],[-91.106884,33.242444],[-91.117288,33.260637],[-91.128099,33.2687],[-91.125659,33.280355],[-91.141584,33.299752],[-91.1415934919554,33.3316677507175],[-91.141599,33.350188],[-91.123441,33.361319],[-91.080405835734,33.4018630216332],[-91.074051,33.40785],[-91.0704945597631,33.4124703073898],[-91.058386,33.428201],[-91.0588330562118,33.4434074428661],[-91.0589154886214,33.4462113491628],[-91.059002,33.449154],[-91.072984,33.455818],[-91.088069,33.450378],[-91.097432,33.43401],[-91.095214,33.418226],[-91.130458,33.384627],[-91.148109,33.378787],[-91.166958,33.379896],[-91.183006,33.385645],[-91.206073,33.399842],[-91.209282,33.406695],[-91.202285,33.416849],[-91.194975,33.418102],[-91.17383,33.417791],[-91.149947,33.426496],[-91.138069,33.427231],[-91.118775,33.446485],[-91.116996,33.454592],[-91.123276,33.471262],[-91.134401,33.483164],[-91.158373,33.496068],[-91.170518,33.491742],[-91.17485,33.48],[-91.17131,33.459192],[-91.171854,33.45032],[-91.182609,33.440421],[-91.20647,33.433924],[-91.229821,33.437292],[-91.233829,33.442989],[-91.230581,33.457716],[-91.210328,33.46753],[-91.205495,33.473658],[-91.19666,33.487003],[-91.18668,33.499671],[-91.189463,33.509521],[-91.21402,33.524698],[-91.2181885877568,33.5293877311973],[-91.221467,33.533076],[-91.234331,33.556106],[-91.2329398954001,33.5611037818434],[-91.244819,33.553601],[-91.245756,33.51719],[-91.28052,33.517941],[-91.32464,33.518679],[-91.333091,33.533533],[-91.350751,33.519343],[-91.349454,33.563571],[-91.384165,33.563417],[-91.453462,33.563675],[-91.451202,33.507806],[-91.454794,33.504669],[-91.456815,33.425472],[-91.45737,33.388974],[-91.460316,33.112138]]]}},{"type":"Feature","properties":{"code":"US-05019","name":"Clark","label":"Clark County","type":"County","parentCode":"US-AR"},"geometry":{"type":"Polygon","coordinates":[[[-93.501506,34.253701],[-93.502208,34.214106],[-93.461694,34.20581],[-93.442407,34.206453],[-93.460321,34.190084],[-93.44846,34.180243],[-93.454681,34.173051],[-93.453729,34.153544],[-93.443687,34.147037],[-93.459755,34.143113],[-93.451198,34.122617],[-93.44146,34.120265],[-93.442315,34.100779],[-93.444009,34.079448],[-93.434249,34.049729],[-93.41615,34.038031],[-93.405049,34.005515],[-93.37915,33.986158],[-93.370153,33.96017],[-93.373364,33.957093],[-93.373455,33.951039],[-93.345366,33.93679],[-93.336652,33.915847],[-93.304007,33.89792],[-93.307543,33.882072],[-93.298165,33.855554],[-93.289607,33.844084],[-93.258168,33.828759],[-93.218491,33.828467],[-93.186614,33.81298],[-93.178975,33.800271],[-93.157062,33.813617],[-93.140263,33.815629],[-93.12859,33.792763],[-93.104405,33.777093],[-93.086807,33.776241],[-93.070904,33.78845],[-93.035953,33.770127],[-92.992409,33.777494],[-92.982773,33.787308],[-92.942189,33.797395],[-92.929567,33.8223],[-92.918377,33.821636],[-92.896545,33.806356],[-92.893216,33.810069],[-92.899736,33.816187],[-92.888269,33.823615],[-92.89327,33.834373],[-92.876352,33.844926],[-92.88907,33.858678],[-92.905854,33.86383],[-92.903393,33.883566],[-92.912498,33.894164],[-92.893303,33.902403],[-92.907628,33.908055],[-92.908988,33.91852],[-92.934913,33.938455],[-92.942786,33.968658],[-92.949638,33.962741],[-92.961119,33.974448],[-92.949116,33.986338],[-92.89306,33.983293],[-92.890973,34.03714],[-92.886136,34.155699],[-93.028964,34.161537],[-93.035138,34.154371],[-93.041813,34.158806],[-93.042846,34.181031],[-93.032514,34.196724],[-93.027272,34.211176],[-93.03468,34.236495],[-93.076008,34.236095],[-93.090003,34.24566],[-93.187209,34.247819],[-93.199498,34.248062],[-93.19828,34.277301],[-93.251018,34.278407],[-93.356877,34.280308],[-93.355795,34.338698],[-93.40818,34.339467],[-93.478485,34.340839],[-93.480423,34.253272],[-93.501506,34.253701]]]}},{"type":"Feature","properties":{"code":"US-05021","name":"Clay","label":"Clay County","type":"County","parentCode":"US-AR"},"geometry":{"type":"Polygon","coordinates":[[[-90.806227,36.288042],[-90.806676,36.267032],[-90.734387,36.26805],[-90.588793,36.26508],[-90.534791,36.261552],[-90.482699,36.261135],[-90.463913,36.259964],[-90.33407,36.259324],[-90.319581,36.259139],[-90.319755,36.244674],[-90.32096,36.200575],[-90.189413456951,36.2003244799478],[-90.182853,36.205108],[-90.155928,36.214074],[-90.14224,36.227522],[-90.126366,36.229367],[-90.1261582639869,36.2365201452164],[-90.125958,36.243416],[-90.114922,36.265595],[-90.083731,36.272332],[-90.078807,36.288547],[-90.06398,36.303038],[-90.079981,36.318619],[-90.077401,36.341003],[-90.063526,36.356911],[-90.066136,36.386272],[-90.0767716145604,36.3970572127778],[-90.080426,36.400763],[-90.109495,36.404073],[-90.131038,36.415069],[-90.143743,36.424433],[-90.134136,36.436602],[-90.141399,36.459874],[-90.142269,36.472138],[-90.160167,36.481344],[-90.153871,36.495344],[-90.154409,36.496832],[-90.152481,36.497952],[-90.193943,36.497823],[-90.217323,36.497797],[-90.220702,36.497858],[-90.2207319861011,36.4978576834376],[-90.228943,36.497771],[-90.2654939178856,36.4979166119993],[-90.339892,36.498213],[-90.3766179503368,36.4982498012148],[-90.4259808875046,36.498299265314],[-90.494575,36.498368],[-90.495027,36.498371],[-90.50016,36.498399],[-90.576112,36.498446],[-90.576179556009,36.4984463732781],[-90.585342,36.498497],[-90.5943,36.498459],[-90.60545,36.498459],[-90.612554,36.498559],[-90.648494,36.498447],[-90.653246,36.498488],[-90.693005,36.49851],[-90.711226,36.498318],[-90.765672,36.498494],[-90.7789071125459,36.4985168708297],[-90.782454,36.498523],[-90.7842436722685,36.4985236581613],[-90.7719,36.488508],[-90.774712,36.445807],[-90.768026,36.431806],[-90.776879,36.425224],[-90.770887,36.4139],[-90.748637,36.412764],[-90.751835,36.283774],[-90.749933,36.280211],[-90.765324,36.287075],[-90.781673,36.284159],[-90.806227,36.288042]]]}},{"type":"Feature","properties":{"code":"US-05023","name":"Cleburne","label":"Cleburne County","type":"County","parentCode":"US-AR"},"geometry":{"type":"Polygon","coordinates":[[[-92.248492,35.537922],[-92.252843,35.36365],[-92.23004,35.363143],[-92.124833,35.362159],[-92.111535,35.362633],[-91.874903,35.35868],[-91.852222,35.358384],[-91.850566,35.419959],[-91.850034,35.436483],[-91.795997,35.45561],[-91.793577,35.534078],[-91.790709,35.663592],[-91.789645,35.711784],[-91.806834,35.704558],[-91.837176,35.705019],[-91.938963,35.706277],[-92.059014,35.708275],[-92.110325,35.709064],[-92.2408,35.712124],[-92.243172,35.61024],[-92.244024,35.574898],[-92.24408,35.572734],[-92.248492,35.537922]]]}},{"type":"Feature","properties":{"code":"US-05025","name":"Cleveland","label":"Cleveland County","type":"County","parentCode":"US-AR"},"geometry":{"type":"Polygon","coordinates":[[[-92.471609,34.057098],[-92.475646,33.972706],[-92.456093,33.972546],[-92.430887,33.943062],[-92.421325,33.940414],[-92.400485,33.913161],[-92.395331,33.889606],[-92.395909,33.886642],[-92.363681,33.85784],[-92.339072,33.835586],[-92.334249,33.795065],[-92.327165,33.778011],[-92.341936,33.742983],[-92.330918,33.707745],[-92.285395,33.705623],[-92.180025,33.705365],[-92.141442,33.705079],[-91.97588,33.704417],[-91.975866,33.791726],[-91.976278,33.933894],[-91.976439,33.977297],[-91.953025,33.977188],[-91.953677,34.064163],[-91.988507,34.064009],[-92.131975,34.063733],[-92.233303,34.062367],[-92.336695,34.059477],[-92.471609,34.057098]]]}},{"type":"Feature","properties":{"code":"US-05027","name":"Columbia","label":"Columbia County","type":"County","parentCode":"US-AR"},"geometry":{"type":"Polygon","coordinates":[[[-93.4905578365116,33.0184422416463],[-93.489506,33.018443],[-93.4670973537417,33.0186105860297],[-93.467042,33.018611],[-93.4252419927657,33.0184357252444],[-93.3920589975548,33.0182965831303],[-93.377134,33.018234],[-93.340353,33.018337],[-93.308398,33.018179],[-93.308181,33.018156],[-93.2386472755819,33.0179920949377],[-93.238607,33.017992],[-93.2232426620064,33.0182604107143],[-93.215653,33.018393],[-93.197402,33.017951],[-93.1579189495257,33.017863873341],[-93.154351,33.017856],[-93.1197298546433,33.0177800936558],[-93.101443,33.01774],[-93.100981,33.017786],[-93.081428,33.017928],[-93.073167,33.017898],[-93.070686,33.017792],[-92.9887766133733,33.0172983171707],[-92.982201,33.246173],[-92.978483,33.377142],[-93.008184,33.377869],[-93.118951,33.380298],[-93.116328,33.452922],[-93.221147,33.455081],[-93.221349,33.440487],[-93.365644,33.444491],[-93.376602,33.432902],[-93.39622,33.399252],[-93.413,33.358858],[-93.410362,33.35249],[-93.428781,33.315005],[-93.422819,33.302412],[-93.436223,33.289497],[-93.432719,33.277772],[-93.442029,33.258275],[-93.481748,33.260065],[-93.4905578365116,33.0184422416463]]]}},{"type":"Feature","properties":{"code":"US-05029","name":"Conway","label":"Conway County","type":"County","parentCode":"US-AR"},"geometry":{"type":"Polygon","coordinates":[[[-93.025345,35.091241],[-93.040561,35.07688],[-92.865422,35.073977],[-92.742026,35.072267],[-92.716282,35.074487],[-92.709369,35.072201],[-92.678367,35.077317],[-92.64485,35.110397],[-92.629614,35.114849],[-92.620611,35.099685],[-92.648274,35.077305],[-92.635332,35.075297],[-92.603286,35.082448],[-92.573393,35.11216],[-92.554443,35.113418],[-92.543025,35.126073],[-92.52418,35.114635],[-92.521039,35.115309],[-92.514911,35.130417],[-92.5058,35.1397],[-92.506512,35.168521],[-92.500067,35.169574],[-92.499756,35.17495],[-92.528228,35.19521],[-92.520194,35.217907],[-92.531479,35.224737],[-92.503339,35.246534],[-92.514442,35.256326],[-92.484407,35.280702],[-92.481468,35.368417],[-92.479558,35.455553],[-92.514412,35.45607],[-92.650134,35.459224],[-92.850951,35.462959],[-92.851438,35.427642],[-92.853968,35.274471],[-92.854591,35.231515],[-92.855096,35.173839],[-92.864756,35.174394],[-92.900911,35.169993],[-92.92334,35.168419],[-92.9575,35.139537],[-92.978787,35.131532],[-92.982521,35.116303],[-93.010917,35.114528],[-93.040124,35.109496],[-93.025345,35.091241]]]}},{"type":"Feature","properties":{"code":"US-05031","name":"Craighead","label":"Craighead County","type":"County","parentCode":"US-AR"},"geometry":{"type":"Polygon","coordinates":[[[-91.036793,35.723153],[-91.037012,35.708419],[-90.820872,35.705454],[-90.694882,35.705143],[-90.64111,35.704747],[-90.613443,35.704356],[-90.542618,35.706299],[-90.527371,35.706677],[-90.500279,35.707223],[-90.481859,35.706224],[-90.463458,35.705054],[-90.397676,35.701657],[-90.286789,35.69991],[-90.287186,35.77935],[-90.2890760510731,35.9964173016992],[-90.292376,35.996397],[-90.339434,35.996033],[-90.342616,35.995895],[-90.368718,35.995812],[-90.37789,35.995683],[-90.377863599366,35.9957139864778],[-90.38603,35.988457],[-90.387324,35.964691],[-90.416147,35.964879],[-90.576602,35.965552],[-90.622819,35.96594],[-90.748833,35.96697],[-90.818972,35.966888],[-90.851989,35.967879],[-90.861542,35.955605],[-90.858363,35.954341],[-90.861528,35.924094],[-90.872203,35.924388],[-90.872852,35.880872],[-91.032562,35.885028],[-91.036793,35.723153]]]}},{"type":"Feature","properties":{"code":"US-05033","name":"Crawford","label":"Crawford County","type":"County","parentCode":"US-AR"},"geometry":{"type":"Polygon","coordinates":[[[-94.4929444807692,35.7592458746266],[-94.48821,35.72924],[-94.487585,35.726147],[-94.472647,35.638556],[-94.465272,35.594037],[-94.464457,35.588909],[-94.464097,35.587265],[-94.463318,35.58266],[-94.4565848485739,35.5401806455211],[-94.449696,35.496719],[-94.4415393863826,35.4515118263506],[-94.4412926666196,35.4501444079966],[-94.4374321410684,35.4287478509008],[-94.412746,35.448005],[-94.38637,35.448805],[-94.364713,35.432903],[-94.349547,35.424423],[-94.347312,35.422774],[-94.337143,35.406847],[-94.344537,35.372881],[-94.340232,35.369351],[-94.324696,35.365471],[-94.31757,35.362785],[-94.304371,35.354491],[-94.297662,35.350143],[-94.283204,35.343492],[-94.24737,35.356751],[-94.234163,35.354127],[-94.202215,35.36111],[-94.180795,35.375492],[-94.143299,35.378412],[-94.132251,35.387602],[-94.140597,35.414001],[-94.161326,35.435271],[-94.141124,35.450358],[-94.074437,35.444997],[-94.057574,35.452131],[-94.039463,35.464611],[-94.054524,35.477294],[-94.039416,35.485755],[-94.048929,35.492539],[-94.029001,35.507501],[-94.041112,35.531212],[-94.035622,35.552165],[-94.023406,35.556689],[-94.022876,35.57428],[-94.076203,35.575616],[-94.07597,35.587663],[-94.074028,35.657614],[-94.073958,35.662463],[-93.984235,35.660659],[-93.982845,35.704024],[-93.965035,35.703314],[-93.964235,35.732029],[-93.911668,35.730805],[-93.911188,35.745319],[-93.892862,35.745065],[-93.892252,35.75942],[-93.910836,35.759752],[-93.963054,35.761005],[-94.116731,35.76463],[-94.124927,35.750327],[-94.205957,35.752808],[-94.4929444807692,35.7592458746266]]]}},{"type":"Feature","properties":{"code":"US-05035","name":"Crittenden","label":"Crittenden County","type":"County","parentCode":"US-AR"},"geometry":{"type":"Polygon","coordinates":[[[-90.505589,35.226673],[-90.506526,35.17875],[-90.503031,35.144215],[-90.489171,35.144006],[-90.400438,35.148231],[-90.407717,35.002536],[-90.408539,34.904021],[-90.40801,34.860346],[-90.4079478828123,34.8268272379942],[-90.389393,34.830665],[-90.359715,34.844377],[-90.337523,34.857652],[-90.326883,34.848646],[-90.315427,34.844341],[-90.306903,34.846704],[-90.303355,34.851952],[-90.304061,34.860067],[-90.3046697188004,34.8602893062045],[-90.314039,34.863711],[-90.317741,34.871058],[-90.307702,34.876473],[-90.289707,34.883321],[-90.271342,34.886865],[-90.256114,34.894547],[-90.246473,34.90339],[-90.241829,34.915658],[-90.243005,34.940116],[-90.244701,34.94703],[-90.250488,34.950939],[-90.268314,34.957383],[-90.296057,34.976471],[-90.30463,34.986833],[-90.309297,34.995694],[-90.309712,35.008478],[-90.305103,35.013847],[-90.305612,35.019578],[-90.299609,35.028507],[-90.296607,35.038672],[-90.292348,35.041356],[-90.265544,35.040582],[-90.260385,35.035871],[-90.252342,35.031754],[-90.242059,35.03268],[-90.231348,35.030946],[-90.214143,35.025649],[-90.206997,35.025849],[-90.191217,35.040213],[-90.181157,35.053943],[-90.17504,35.0749],[-90.1765254449192,35.0770004952485],[-90.178513,35.079811],[-90.181362,35.087424],[-90.180777,35.096482],[-90.175382,35.114177],[-90.169232,35.121883],[-90.157828,35.128998],[-90.147147,35.133054],[-90.138893,35.132251],[-90.100169,35.118071],[-90.087416,35.118892],[-90.075641,35.126661],[-90.0752327736565,35.1271262342202],[-90.06616,35.137466],[-90.0659840029074,35.1384702798649],[-90.064298,35.148091],[-90.0667230343856,35.1529383735399],[-90.0668225711223,35.1531373363861],[-90.067897,35.155285],[-90.076825,35.158679],[-90.100093,35.170209],[-90.106304,35.175481],[-90.108041,35.181339],[-90.114808,35.184348],[-90.11733,35.189256],[-90.114451,35.198923],[-90.105542,35.198321],[-90.098064,35.195137],[-90.087798,35.212185],[-90.08135,35.208806],[-90.077163,35.211033],[-90.074971,35.218715],[-90.081839,35.227763],[-90.085344,35.234593],[-90.092603,35.246775],[-90.104278,35.254087],[-90.116463,35.255868],[-90.135677,35.252583],[-90.1451891125195,35.2534579749278],[-90.14632,35.253562],[-90.153772,35.257601],[-90.166594,35.274588],[-90.168875,35.281516],[-90.16486,35.294014],[-90.158321,35.301006],[-90.14904,35.303025],[-90.140657,35.299144],[-90.12756,35.302386],[-90.109966,35.304988],[-90.108555,35.311968],[-90.102915,35.326202],[-90.093384,35.354088],[-90.0798,35.372486],[-90.078279,35.378734],[-90.081897715975,35.3854531186829],[-90.083243,35.387951],[-90.097112,35.395539],[-90.10525,35.402194],[-90.112691,35.410298],[-90.129884,35.41382],[-90.138888,35.410802],[-90.145446,35.402522],[-90.144883,35.391118],[-90.137757,35.379393],[-90.141588,35.375154],[-90.165282,35.373982],[-90.178458,35.382144],[-90.179342,35.385313],[-90.1707,35.410065],[-90.170599,35.418352],[-90.169002,35.421853],[-90.1400646101515,35.4366745720845],[-90.223766,35.437676],[-90.286926,35.438439],[-90.502392,35.441647],[-90.503026,35.375967],[-90.505589,35.226673]]]}},{"type":"Feature","properties":{"code":"US-05037","name":"Cross","label":"Cross County","type":"County","parentCode":"US-AR"},"geometry":{"type":"Polygon","coordinates":[[[-91.039633,35.354255],[-91.042566,35.148188],[-90.880315,35.148368],[-90.838139,35.149117],[-90.773354,35.147667],[-90.655207,35.145657],[-90.637377,35.145154],[-90.63491,35.14692],[-90.503031,35.144215],[-90.506526,35.17875],[-90.505589,35.226673],[-90.503026,35.375967],[-90.502392,35.441647],[-90.607855,35.441751],[-90.610902,35.44359],[-90.610796,35.448796],[-90.634701,35.449006],[-90.716119,35.449773],[-90.798631,35.445878],[-90.931248,35.441829],[-91.039251,35.44295],[-91.039633,35.354255]]]}},{"type":"Feature","properties":{"code":"US-05039","name":"Dallas","label":"Dallas County","type":"County","parentCode":"US-AR"},"geometry":{"type":"Polygon","coordinates":[[[-92.961119,33.974448],[-92.949638,33.962741],[-92.942786,33.968658],[-92.934913,33.938455],[-92.908988,33.91852],[-92.907628,33.908055],[-92.893303,33.902403],[-92.912498,33.894164],[-92.903393,33.883566],[-92.905854,33.86383],[-92.88907,33.858678],[-92.876352,33.844926],[-92.89327,33.834373],[-92.888269,33.823615],[-92.899736,33.816187],[-92.893216,33.810069],[-92.583027,33.802299],[-92.459293,33.799032],[-92.334249,33.795065],[-92.339072,33.835586],[-92.363681,33.85784],[-92.395909,33.886642],[-92.395331,33.889606],[-92.400485,33.913161],[-92.421325,33.940414],[-92.430887,33.943062],[-92.456093,33.972546],[-92.475646,33.972706],[-92.471609,34.057098],[-92.336695,34.059477],[-92.373569,34.074524],[-92.394057,34.104337],[-92.405887,34.115691],[-92.426631,34.125182],[-92.442975,34.123575],[-92.471977,34.134993],[-92.492309,34.133511],[-92.493624,34.144252],[-92.5205,34.14586],[-92.678382,34.149645],[-92.817991,34.151893],[-92.886136,34.155699],[-92.890973,34.03714],[-92.89306,33.983293],[-92.949116,33.986338],[-92.961119,33.974448]]]}},{"type":"Feature","properties":{"code":"US-05041","name":"Desha","label":"Desha County","type":"County","parentCode":"US-AR"},"geometry":{"type":"Polygon","coordinates":[[[-91.555622,33.870924],[-91.557656,33.783322],[-91.537131,33.781566],[-91.477217,33.780619],[-91.450284,33.780543],[-91.451375,33.73805],[-91.45303,33.62744],[-91.453462,33.563675],[-91.384165,33.563417],[-91.349454,33.563571],[-91.350751,33.519343],[-91.333091,33.533533],[-91.32464,33.518679],[-91.28052,33.517941],[-91.245756,33.51719],[-91.244819,33.553601],[-91.2329398954001,33.5611037818434],[-91.231984,33.564538],[-91.221622,33.568621],[-91.201604,33.568974],[-91.182829,33.567166],[-91.166106,33.56971],[-91.147465,33.580969],[-91.132346,33.595526],[-91.12873,33.609204],[-91.136852,33.626234],[-91.170922,33.649155],[-91.187444,33.65457],[-91.208807,33.656102],[-91.222031,33.662714],[-91.230404,33.675569],[-91.229232,33.686305],[-91.220396,33.696537],[-91.210103,33.700504],[-91.176345,33.701806],[-91.16794,33.703169],[-91.160367,33.706602],[-91.13528,33.678859],[-91.124679,33.671554],[-91.105251,33.662913],[-91.087545,33.657391],[-91.07649,33.659019],[-91.034678,33.672882],[-91.030301,33.683336],[-91.04391,33.703251],[-91.059169,33.71452],[-91.071506,33.715225],[-91.101269,33.705033],[-91.116939,33.705273],[-91.128569,33.711092],[-91.148724,33.732127],[-91.143173,33.753691],[-91.143628,33.770166],[-91.136259,33.781026],[-91.129444,33.783726],[-91.118422,33.779237],[-91.108977,33.771981],[-91.077661,33.774325],[-91.052724,33.777926],[-91.035965,33.769018],[-91.022758,33.764309],[-91.008965,33.765969],[-90.9975644349256,33.7713986668192],[-90.995168,33.77254],[-90.988723,33.783494],[-90.99008825608,33.7866081546365],[-90.993424,33.794217],[-91.008534,33.80282],[-91.030296,33.807262],[-91.049083,33.816026],[-91.066438,33.837999],[-91.071394,33.84954],[-91.072977,33.866179],[-91.06591,33.876326],[-91.031438,33.901444],[-91.017655,33.917474],[-91.0106734978682,33.9283426211005],[-91.010451,33.928689],[-91.012205,33.937116],[-91.01913,33.942081],[-91.07922,33.9543],[-91.086011,33.957419],[-91.089771,33.96513],[-91.090484,33.991418],[-91.085412,34.007504],[-91.078964,34.009331],[-91.068759,34.006393],[-91.050926,33.993427],[-91.039426,33.993184],[-91.024083,34.000394],[-91.016914,34.000078],[-91.000568,33.96696],[-90.991994,33.961959],[-90.979992,33.960227],[-90.967631,33.963611],[-90.963262,33.968923],[-90.961885,33.980351],[-90.975638,33.995248],[-90.98806,34.018999],[-90.971082,34.025568],[-90.95911,34.026814],[-90.926206,34.021615],[-90.907954,34.022456],[-90.892597,34.026986],[-90.888086,34.032559],[-90.886581,34.045167],[-90.888105,34.054518],[-90.874507,34.072379],[-90.871083,34.081177],[-90.874268,34.089505],[-90.882802,34.09659],[-90.893214,34.097781],[-90.899282,34.095194],[-90.914713,34.09265],[-90.921294,34.093514],[-90.947689,34.109574],[-90.9555783321976,34.1188764008596],[-90.965669,34.118597],[-91.117918,34.119039],[-91.125113,34.105951],[-91.142404,34.111301],[-91.1522,34.084694],[-91.167695,34.094332],[-91.183266,34.083973],[-91.196924,34.048243],[-91.19481,34.034472],[-91.186016,34.031638],[-91.184368,34.017529],[-91.169862,34.014594],[-91.156908,33.993563],[-91.158812,33.978992],[-91.135862,33.96224],[-91.150946,33.950955],[-91.142161,33.948413],[-91.151496,33.937346],[-91.137246,33.926073],[-91.15196,33.930087],[-91.164217,33.92129],[-91.173248,33.931724],[-91.161786,33.943499],[-91.170177,33.9587],[-91.191058,33.954289],[-91.215527,33.954623],[-91.232941,33.940552],[-91.239448,33.949173],[-91.230239,33.977792],[-91.251859,33.956778],[-91.262475,33.957284],[-91.275735,33.94233],[-91.291909,33.95852],[-91.291253,33.968611],[-91.307152,33.960627],[-91.347754,33.954867],[-91.356659,33.959839],[-91.337503,33.973473],[-91.325731,33.966949],[-91.310935,33.982039],[-91.322048,34.009935],[-91.335251,34.017021],[-91.34014,34.010718],[-91.326021,33.989162],[-91.334947,33.98322],[-91.352761,34.004602],[-91.362372,34.000173],[-91.373343,33.982157],[-91.384555,33.979112],[-91.39186,33.981623],[-91.421985,34.011715],[-91.42227,33.998536],[-91.465232,34.004734],[-91.465712,33.975759],[-91.548656,33.976815],[-91.549076,33.968791],[-91.549606,33.958041],[-91.555622,33.870924]]]}},{"type":"Feature","properties":{"code":"US-05043","name":"Drew","label":"Drew County","type":"County","parentCode":"US-AR"},"geometry":{"type":"Polygon","coordinates":[[[-92.000072,33.472953],[-92.015125,33.453509],[-91.992234,33.435929],[-92.002005,33.415498],[-91.990179,33.398292],[-91.762049,33.393748],[-91.45737,33.388974],[-91.456815,33.425472],[-91.454794,33.504669],[-91.451202,33.507806],[-91.453462,33.563675],[-91.45303,33.62744],[-91.451375,33.73805],[-91.450284,33.780543],[-91.477217,33.780619],[-91.537131,33.781566],[-91.557656,33.783322],[-91.663738,33.792246],[-91.750064,33.792083],[-91.839055,33.791793],[-91.975866,33.791726],[-91.97588,33.704417],[-91.976228,33.611461],[-91.976159,33.529686],[-92.009542,33.526027],[-92.006333,33.511235],[-91.999045,33.499986],[-92.00893,33.486841],[-92.000072,33.472953]]]}},{"type":"Feature","properties":{"code":"US-05045","name":"Faulkner","label":"Faulkner County","type":"County","parentCode":"US-AR"},"geometry":{"type":"Polygon","coordinates":[[[-92.591215,35.015566],[-92.599135,34.997802],[-92.585965,34.973107],[-92.544203,34.952897],[-92.487192,34.953275],[-92.476371,34.949175],[-92.451277,34.896606],[-92.463274,34.874726],[-92.458732,34.853775],[-92.445057,34.846642],[-92.436413,34.842962],[-92.447083,34.856723],[-92.442649,34.867498],[-92.44827,34.903889],[-92.417615,34.913671],[-92.413713,34.931417],[-92.388074,34.930921],[-92.247974,34.9279],[-92.229886,34.927517],[-92.22717,35.014595],[-92.162923,35.013131],[-92.12154,35.012204],[-92.120056,35.056194],[-92.119748,35.06656],[-92.117555,35.138318],[-92.114965,35.226858],[-92.111535,35.362633],[-92.124833,35.362159],[-92.23004,35.363143],[-92.252843,35.36365],[-92.319968,35.365102],[-92.481468,35.368417],[-92.484407,35.280702],[-92.514442,35.256326],[-92.503339,35.246534],[-92.531479,35.224737],[-92.520194,35.217907],[-92.528228,35.19521],[-92.499756,35.17495],[-92.500067,35.169574],[-92.506512,35.168521],[-92.5058,35.1397],[-92.514911,35.130417],[-92.521039,35.115309],[-92.52418,35.114635],[-92.543025,35.126073],[-92.554443,35.113418],[-92.550293,35.110307],[-92.540817,35.077355],[-92.543286,35.060209],[-92.558707,35.036763],[-92.591215,35.015566]]]}},{"type":"Feature","properties":{"code":"US-05047","name":"Franklin","label":"Franklin County","type":"County","parentCode":"US-AR"},"geometry":{"type":"Polygon","coordinates":[[[-94.079682,35.295478],[-94.08222,35.214782],[-94.064314,35.214536],[-94.064779,35.199877],[-94.047022,35.199466],[-94.046565,35.214081],[-94.028872,35.214176],[-94.02814,35.231271],[-93.985449,35.230544],[-93.920157,35.229585],[-93.9198,35.23631],[-93.917127,35.319046],[-93.810086,35.313031],[-93.806947,35.424174],[-93.788022,35.394994],[-93.750227,35.364751],[-93.710043,35.375237],[-93.702793,35.568359],[-93.702453,35.578883],[-93.695856,35.76862],[-93.80023,35.771957],[-93.910585,35.774298],[-93.910836,35.759752],[-93.892252,35.75942],[-93.892862,35.745065],[-93.911188,35.745319],[-93.911668,35.730805],[-93.964235,35.732029],[-93.965035,35.703314],[-93.982845,35.704024],[-93.984235,35.660659],[-94.073958,35.662463],[-94.074028,35.657614],[-94.07597,35.587663],[-94.076203,35.575616],[-94.022876,35.57428],[-94.023406,35.556689],[-94.035622,35.552165],[-94.041112,35.531212],[-94.029001,35.507501],[-94.048929,35.492539],[-94.039416,35.485755],[-94.054524,35.477294],[-94.039463,35.464611],[-94.057574,35.452131],[-94.074437,35.444997],[-94.079359,35.331088],[-94.078844,35.32113],[-94.079682,35.295478]]]}},{"type":"Feature","properties":{"code":"US-05049","name":"Fulton","label":"Fulton County","type":"County","parentCode":"US-AR"},"geometry":{"type":"Polygon","coordinates":[[[-92.158513,36.287563],[-92.159165,36.264376],[-92.156931,36.261221],[-92.05908,36.258961],[-92.01791,36.258045],[-91.861782,36.255739],[-91.789661,36.254345],[-91.691443,36.25316],[-91.566061,36.249961],[-91.565992,36.257405],[-91.565904,36.315682],[-91.565901,36.336118],[-91.454363,36.335535],[-91.454409,36.343717],[-91.4500224283775,36.4975622246975],[-91.50014,36.498812],[-91.529774,36.499022],[-91.5297855812703,36.4990222186993],[-91.53687,36.499156],[-91.539359,36.499116],[-91.549163,36.499161],[-91.5824066465687,36.49916170656],[-91.596213,36.499162],[-91.601317,36.499343],[-91.631439,36.499198],[-91.64259,36.499335],[-91.672343,36.499463],[-91.686026,36.499374],[-91.687615,36.499397],[-91.726663,36.499209],[-91.766111,36.499114],[-91.7671340791314,36.4991118000664],[-91.784713,36.499074],[-91.7995,36.498952],[-91.80204,36.498963],[-91.805981,36.498987],[-91.864385,36.498789],[-91.865995,36.498783],[-91.9315815836852,36.4985903027665],[-91.985802,36.498431],[-91.988751,36.498498],[-92.019375,36.498524],[-92.028847,36.498642],[-92.055789,36.49867],[-92.057178,36.49867],[-92.074934,36.498761],[-92.098356,36.498803],[-92.120306,36.498864],[-92.1203864308024,36.4988632711175],[-92.137741,36.498706],[-92.1502863617131,36.4986337657382],[-92.153068,36.383468],[-92.158513,36.287563]]]}},{"type":"Feature","properties":{"code":"US-05051","name":"Garland","label":"Garland County","type":"County","parentCode":"US-AR"},"geometry":{"type":"Polygon","coordinates":[[[-93.406328,34.445209],[-93.407203,34.397447],[-93.11505,34.391629],[-93.055365,34.390828],[-92.948085,34.389172],[-92.947146,34.411119],[-92.947826,34.449001],[-92.92612,34.44859],[-92.913462,34.448361],[-92.915064,34.506132],[-92.793189,34.503573],[-92.791928,34.551327],[-92.808952,34.562248],[-92.808028,34.590406],[-92.876916,34.59117],[-92.875887,34.616695],[-92.875743,34.620505],[-92.875394,34.635196],[-92.888868,34.635326],[-92.944477,34.636517],[-92.979978,34.637249],[-92.979983,34.647756],[-92.979177,34.675172],[-92.969754,34.684769],[-92.969632,34.701275],[-92.969317,34.772263],[-93.075178,34.771892],[-93.270028,34.771959],[-93.287785,34.773242],[-93.394487,34.77242],[-93.394402,34.743393],[-93.393946,34.685219],[-93.402245,34.685231],[-93.403537,34.601998],[-93.404898,34.524121],[-93.406328,34.445209]]]}},{"type":"Feature","properties":{"code":"US-05053","name":"Grant","label":"Grant County","type":"County","parentCode":"US-AR"},"geometry":{"type":"Polygon","coordinates":[[[-92.673303,34.239405],[-92.678382,34.149645],[-92.5205,34.14586],[-92.493624,34.144252],[-92.492309,34.133511],[-92.471977,34.134993],[-92.442975,34.123575],[-92.426631,34.125182],[-92.405887,34.115691],[-92.394057,34.104337],[-92.373569,34.074524],[-92.336695,34.059477],[-92.233303,34.062367],[-92.232373,34.149167],[-92.232456,34.230943],[-92.212827,34.230399],[-92.210044,34.347291],[-92.208042,34.492809],[-92.245841,34.493584],[-92.346229,34.494987],[-92.393907,34.495621],[-92.395085,34.495631],[-92.403372,34.495707],[-92.40467,34.451892],[-92.483651,34.453451],[-92.531651,34.454057],[-92.589469,34.455577],[-92.624287,34.420009],[-92.622086,34.411103],[-92.631231,34.413435],[-92.668654,34.414504],[-92.670748,34.341866],[-92.673303,34.239405]]]}},{"type":"Feature","properties":{"code":"US-05055","name":"Greene","label":"Greene County","type":"County","parentCode":"US-AR"},"geometry":{"type":"Polygon","coordinates":[[[-90.855311,36.001115],[-90.860034,35.995722],[-90.845096,35.986953],[-90.851989,35.967879],[-90.818972,35.966888],[-90.748833,35.96697],[-90.622819,35.96594],[-90.576602,35.965552],[-90.416147,35.964879],[-90.387324,35.964691],[-90.38603,35.988457],[-90.377863599366,35.9957139864778],[-90.35131,36.02688],[-90.3413441085521,36.043728827256],[-90.339343,36.047112],[-90.333261,36.067504],[-90.318491,36.075514],[-90.319168,36.089976],[-90.29991,36.098236],[-90.294492,36.112949],[-90.278724,36.117406],[-90.255596,36.127086],[-90.2488034007916,36.1312910231869],[-90.235585,36.139474],[-90.23537,36.159153],[-90.220425,36.184764],[-90.209776,36.182004],[-90.200582,36.192181],[-90.189413456951,36.2003244799478],[-90.32096,36.200575],[-90.319755,36.244674],[-90.319581,36.259139],[-90.33407,36.259324],[-90.463913,36.259964],[-90.482699,36.261135],[-90.534791,36.261552],[-90.588793,36.26508],[-90.734387,36.26805],[-90.806676,36.267032],[-90.809812,36.14966],[-90.747519,36.149112],[-90.77166,36.122442],[-90.771319,36.108634],[-90.79461,36.088015],[-90.820912,36.079578],[-90.823181,36.069551],[-90.838871,36.039984],[-90.837953,36.022174],[-90.855311,36.001115]]]}},{"type":"Feature","properties":{"code":"US-05057","name":"Hempstead","label":"Hempstead County","type":"County","parentCode":"US-AR"},"geometry":{"type":"Polygon","coordinates":[[[-93.956951,33.750927],[-93.969649,33.739793],[-93.951534,33.706408],[-93.960887,33.695162],[-93.965127,33.669251],[-93.945527,33.658596],[-93.937776,33.647994],[-93.930819,33.663194],[-93.918062,33.665291],[-93.901846,33.64732],[-93.916242,33.6295],[-93.89518,33.639743],[-93.885972,33.62819],[-93.865336,33.631367],[-93.861239,33.618524],[-93.825878,33.609891],[-93.813195,33.605999],[-93.816064,33.587924],[-93.826439,33.570868],[-93.806276,33.568137],[-93.800466,33.558531],[-93.809303,33.54869],[-93.797777,33.542255],[-93.788811,33.55607],[-93.782934,33.548489],[-93.796127,33.532378],[-93.768339,33.530272],[-93.780347,33.520626],[-93.77267,33.4989],[-93.754924,33.504293],[-93.764734,33.514834],[-93.747352,33.534486],[-93.741722,33.52845],[-93.749241,33.515381],[-93.735285,33.494775],[-93.719951,33.48203],[-93.483217,33.476172],[-93.477719,33.642502],[-93.477718,33.642519],[-93.476461,33.673013],[-93.473566,33.756792],[-93.471247,33.825329],[-93.460895,33.825052],[-93.45799,33.911702],[-93.456665,33.95682],[-93.460574,33.963167],[-93.497693,33.954031],[-93.500774,33.94558],[-93.528249,33.942938],[-93.530841,33.954335],[-93.554252,33.956056],[-93.604531,33.96475],[-93.617379,33.959632],[-93.628612,33.973907],[-93.649907,33.981296],[-93.682129,33.983401],[-93.699986,33.995197],[-93.714495,33.995047],[-93.749844,34.006872],[-93.823076,34.008893],[-93.823326,34.001604],[-93.824177,33.972466],[-93.825437,33.929537],[-93.825833,33.916109],[-93.831577,33.748236],[-93.956951,33.750927]]]}},{"type":"Feature","properties":{"code":"US-05059","name":"Hot Spring","label":"Hot Spring County","type":"County","parentCode":"US-AR"},"geometry":{"type":"Polygon","coordinates":[[[-93.407203,34.397447],[-93.40818,34.339467],[-93.355795,34.338698],[-93.356877,34.280308],[-93.251018,34.278407],[-93.19828,34.277301],[-93.199498,34.248062],[-93.187209,34.247819],[-93.090003,34.24566],[-93.076008,34.236095],[-93.03468,34.236495],[-93.027272,34.211176],[-93.032514,34.196724],[-93.042846,34.181031],[-93.041813,34.158806],[-93.035138,34.154371],[-93.028964,34.161537],[-92.886136,34.155699],[-92.817991,34.151893],[-92.678382,34.149645],[-92.673303,34.239405],[-92.670748,34.341866],[-92.668654,34.414504],[-92.686189,34.414696],[-92.685066,34.473102],[-92.735149,34.473923],[-92.738264,34.503241],[-92.793189,34.503573],[-92.915064,34.506132],[-92.913462,34.448361],[-92.92612,34.44859],[-92.947826,34.449001],[-92.947146,34.411119],[-92.948085,34.389172],[-93.055365,34.390828],[-93.11505,34.391629],[-93.407203,34.397447]]]}},{"type":"Feature","properties":{"code":"US-05061","name":"Howard","label":"Howard County","type":"County","parentCode":"US-AR"},"geometry":{"type":"Polygon","coordinates":[[[-94.254898,34.346195],[-94.256261,34.269215],[-94.243893,34.269053],[-94.243788,34.1925],[-94.098289,34.191118],[-94.08978,34.186785],[-94.102876,34.16044],[-94.090581,34.155934],[-94.10316,34.135415],[-94.080467,34.125619],[-94.093294,34.112771],[-94.081656,34.10231],[-94.095263,34.078086],[-94.074182,34.06392],[-94.082998,34.061946],[-94.087439,34.034291],[-94.072653,34.004108],[-94.057906,33.964389],[-94.061398,33.962063],[-94.066929,33.958106],[-94.07116,33.930945],[-94.048874,33.882187],[-94.017051,33.867754],[-94.019022,33.850259],[-93.979087,33.814555],[-93.964656,33.796154],[-93.960288,33.78547],[-93.96889,33.769971],[-93.95891,33.751058],[-93.956951,33.750927],[-93.831577,33.748236],[-93.825833,33.916109],[-93.825437,33.929537],[-93.824177,33.972466],[-93.823326,34.001604],[-93.823076,34.008893],[-93.822441,34.106409],[-93.820722,34.183802],[-93.925834,34.186517],[-93.924384,34.262961],[-93.937009,34.263024],[-93.935435,34.350233],[-94.254662,34.355792],[-94.254898,34.346195]]]}},{"type":"Feature","properties":{"code":"US-05063","name":"Independence","label":"Independence County","type":"County","parentCode":"US-AR"},"geometry":{"type":"Polygon","coordinates":[[[-91.870982,35.810523],[-91.864993,35.770464],[-91.836121,35.748855],[-91.837176,35.705019],[-91.806834,35.704558],[-91.789645,35.711784],[-91.790709,35.663592],[-91.793577,35.534078],[-91.647956,35.532293],[-91.582094,35.530332],[-91.369655,35.52637],[-91.368941,35.639954],[-91.324083,35.63727],[-91.321191,35.639457],[-91.34737,35.666455],[-91.343771,35.669613],[-91.353107,35.678141],[-91.353991,35.709161],[-91.338915,35.712479],[-91.327592,35.730175],[-91.333467,35.738868],[-91.313121,35.764078],[-91.291889,35.765485],[-91.281032,35.791962],[-91.271958,35.78816],[-91.248446,35.802683],[-91.259628,35.803314],[-91.244486,35.812973],[-91.232503,35.812655],[-91.248076,35.830146],[-91.237507,35.833068],[-91.209656,35.862822],[-91.218397,35.878473],[-91.198829,35.883664],[-91.198556,35.890024],[-91.299779,35.890754],[-91.35742,35.89066],[-91.464678,35.892549],[-91.463132,35.93685],[-91.547584,35.938009],[-91.633054,35.93938],[-91.710483,35.941784],[-91.753447,35.942849],[-91.849456,35.867301],[-91.849917,35.844255],[-91.870982,35.810523]]]}},{"type":"Feature","properties":{"code":"US-05065","name":"Izard","label":"Izard County","type":"County","parentCode":"US-AR"},"geometry":{"type":"Polygon","coordinates":[[[-92.213888,36.175065],[-92.215231,36.133469],[-92.19564,36.133009],[-92.19056,36.106863],[-92.18096,36.102198],[-92.153501,36.115668],[-92.140229,36.113664],[-92.118631,36.070863],[-92.105727,36.05998],[-92.072013,36.048729],[-92.056979,36.033933],[-92.093452,36.019083],[-92.096842,35.999563],[-92.084164,35.983559],[-92.091626,35.960194],[-92.110181,35.950807],[-92.111577,35.934953],[-92.093395,35.926162],[-92.072749,35.928573],[-92.047562,35.94355],[-92.03006,35.939319],[-92.026383,35.921074],[-92.005374,35.91906],[-91.991052,35.931758],[-91.974377,35.940797],[-91.953049,35.931554],[-91.93643,35.912054],[-91.895953,35.882507],[-91.859033,35.880538],[-91.849456,35.867301],[-91.753447,35.942849],[-91.710483,35.941784],[-91.709528,36.00097],[-91.682207,36.000567],[-91.681125,36.073761],[-91.680543,36.143131],[-91.67497,36.164692],[-91.674176,36.208568],[-91.692115,36.209088],[-91.691443,36.25316],[-91.789661,36.254345],[-91.861782,36.255739],[-92.01791,36.258045],[-92.05908,36.258961],[-92.156931,36.261221],[-92.159928,36.173792],[-92.213888,36.175065]]]}},{"type":"Feature","properties":{"code":"US-05067","name":"Jackson","label":"Jackson County","type":"County","parentCode":"US-AR"},"geometry":{"type":"Polygon","coordinates":[[[-91.582094,35.530332],[-91.584454,35.442309],[-91.347257,35.439106],[-91.350011,35.445045],[-91.253007,35.445779],[-91.251555,35.357561],[-91.185207,35.356934],[-91.039633,35.354255],[-91.039251,35.44295],[-91.03884,35.58918],[-91.037012,35.708419],[-91.036793,35.723153],[-91.032562,35.885028],[-91.13882,35.890032],[-91.198545,35.890038],[-91.198556,35.890024],[-91.198829,35.883664],[-91.218397,35.878473],[-91.209656,35.862822],[-91.237507,35.833068],[-91.248076,35.830146],[-91.232503,35.812655],[-91.244486,35.812973],[-91.259628,35.803314],[-91.248446,35.802683],[-91.271958,35.78816],[-91.281032,35.791962],[-91.291889,35.765485],[-91.313121,35.764078],[-91.333467,35.738868],[-91.327592,35.730175],[-91.338915,35.712479],[-91.353991,35.709161],[-91.353107,35.678141],[-91.343771,35.669613],[-91.34737,35.666455],[-91.321191,35.639457],[-91.324083,35.63727],[-91.368941,35.639954],[-91.369655,35.52637],[-91.582094,35.530332]]]}},{"type":"Feature","properties":{"code":"US-05069","name":"Jefferson","label":"Jefferson County","type":"County","parentCode":"US-AR"},"geometry":{"type":"Polygon","coordinates":[[[-92.232373,34.149167],[-92.233303,34.062367],[-92.131975,34.063733],[-91.988507,34.064009],[-91.953677,34.064163],[-91.953659,34.093435],[-91.866778,34.093305],[-91.745092,34.094019],[-91.744729,34.064979],[-91.726713,34.065113],[-91.727434,34.173725],[-91.701324,34.174436],[-91.658489,34.148449],[-91.648879,34.138248],[-91.614376,34.128048],[-91.589958,34.133369],[-91.582394,34.125133],[-91.605709,34.114397],[-91.610611,34.096478],[-91.598012,34.08563],[-91.583901,34.088804],[-91.563621,34.104681],[-91.538726,34.102605],[-91.513517,34.078135],[-91.490353,34.074497],[-91.481845,34.058596],[-91.466911,34.061597],[-91.462265,34.08547],[-91.445074,34.080577],[-91.439885,34.105126],[-91.448225,34.121104],[-91.442973,34.126175],[-91.451931,34.133865],[-91.476321,34.135372],[-91.49679,34.130623],[-91.494809,34.14898],[-91.514374,34.142293],[-91.520804,34.163681],[-91.514642,34.171344],[-91.527396,34.183323],[-91.530687,34.20219],[-91.52975,34.217644],[-91.540178,34.224599],[-91.576603,34.22339],[-91.594818,34.21222],[-91.5928,34.228685],[-91.607472,34.230421],[-91.711675,34.233864],[-91.70525,34.482731],[-91.901256,34.487173],[-91.921889,34.488012],[-92.030254,34.489539],[-92.143734,34.491557],[-92.208042,34.492809],[-92.210044,34.347291],[-92.212827,34.230399],[-92.232456,34.230943],[-92.232373,34.149167]]]}},{"type":"Feature","properties":{"code":"US-05071","name":"Johnson","label":"Johnson County","type":"County","parentCode":"US-AR"},"geometry":{"type":"Polygon","coordinates":[[[-93.702793,35.568359],[-93.710043,35.375237],[-93.687934,35.377664],[-93.666655,35.404675],[-93.625772,35.380865],[-93.608674,35.38039],[-93.560965,35.392256],[-93.548462,35.402447],[-93.517973,35.4094],[-93.495367,35.395715],[-93.470213,35.412684],[-93.438271,35.429725],[-93.423944,35.41257],[-93.42698,35.393062],[-93.414473,35.361079],[-93.396876,35.346576],[-93.42271,35.336699],[-93.42037,35.327729],[-93.365497,35.331749],[-93.32593,35.338843],[-93.298903,35.327125],[-93.295873,35.470049],[-93.223821,35.468685],[-93.223373,35.483092],[-93.222533,35.519266],[-93.221295,35.599058],[-93.167825,35.597822],[-93.164451,35.728873],[-93.519643,35.734464],[-93.519185,35.763487],[-93.695856,35.76862],[-93.702453,35.578883],[-93.702793,35.568359]]]}},{"type":"Feature","properties":{"code":"US-05073","name":"Lafayette","label":"Lafayette County","type":"County","parentCode":"US-AR"},"geometry":{"type":"Polygon","coordinates":[[[-93.8562,33.11293],[-93.860269,33.09203],[-93.837333,33.077725],[-93.840686,33.058051],[-93.820217,33.050269],[-93.827522,33.034627],[-93.8071375448562,33.019378905277],[-93.723273,33.019457],[-93.6748936476859,33.0192516499902],[-93.531499,33.018643],[-93.524916,33.018637],[-93.520992930177,33.0186161167386],[-93.520971,33.018616],[-93.4909993621484,33.0184426153007],[-93.490893,33.018442],[-93.4905578365116,33.0184422416463],[-93.481748,33.260065],[-93.442029,33.258275],[-93.432719,33.277772],[-93.436223,33.289497],[-93.422819,33.302412],[-93.428781,33.315005],[-93.410362,33.35249],[-93.413,33.358858],[-93.39622,33.399252],[-93.376602,33.432902],[-93.365644,33.444491],[-93.483931,33.447368],[-93.483217,33.476172],[-93.719951,33.48203],[-93.730666,33.471889],[-93.736361,33.454975],[-93.727045,33.443878],[-93.74476,33.44458],[-93.736261,33.427062],[-93.722857,33.439333],[-93.716344,33.430046],[-93.732333,33.421537],[-93.712383,33.395559],[-93.6991,33.387929],[-93.723455,33.382165],[-93.713734,33.372785],[-93.70001,33.375128],[-93.686685,33.388651],[-93.671888,33.377145],[-93.698499,33.369717],[-93.699024,33.362075],[-93.705253,33.339197],[-93.665981,33.332446],[-93.69262,33.315209],[-93.689925,33.27702],[-93.718595,33.287327],[-93.726945,33.283355],[-93.725578,33.269181],[-93.709626,33.259256],[-93.713844,33.243778],[-93.726328,33.235036],[-93.722914,33.222067],[-93.700302,33.225888],[-93.723879,33.216601],[-93.739424,33.20181],[-93.729292,33.18355],[-93.755017,33.180782],[-93.758007,33.169927],[-93.740922,33.167307],[-93.734367,33.157143],[-93.741262,33.154471],[-93.760322,33.166138],[-93.776696,33.159273],[-93.773498,33.139935],[-93.786291,33.147256],[-93.787065,33.158008],[-93.799771,33.162501],[-93.811386,33.153142],[-93.811962,33.138094],[-93.822157,33.137517],[-93.832852,33.148479],[-93.845209,33.145003],[-93.847817,33.125362],[-93.8562,33.11293]]]}},{"type":"Feature","properties":{"code":"US-05075","name":"Lawrence","label":"Lawrence County","type":"County","parentCode":"US-AR"},"geometry":{"type":"Polygon","coordinates":[[[-91.352824,36.023849],[-91.35742,35.89066],[-91.299779,35.890754],[-91.198556,35.890024],[-91.198545,35.890038],[-91.13882,35.890032],[-91.032562,35.885028],[-90.872852,35.880872],[-90.872203,35.924388],[-90.861528,35.924094],[-90.858363,35.954341],[-90.861542,35.955605],[-90.851989,35.967879],[-90.845096,35.986953],[-90.860034,35.995722],[-90.855311,36.001115],[-90.837953,36.022174],[-90.838871,36.039984],[-90.823181,36.069551],[-90.820912,36.079578],[-90.79461,36.088015],[-90.771319,36.108634],[-90.77166,36.122442],[-90.747519,36.149112],[-90.809812,36.14966],[-91.00113,36.150815],[-91.045223,36.151368],[-91.064924,36.143169],[-91.064349,36.11783],[-91.07301,36.114895],[-91.085832,36.131886],[-91.082876,36.15085],[-91.119679,36.153735],[-91.14245,36.166882],[-91.144939,36.181497],[-91.15732,36.189994],[-91.16123,36.204813],[-91.183014,36.205997],[-91.20386,36.218583],[-91.227217,36.224945],[-91.236661,36.240843],[-91.241915,36.225696],[-91.240871,36.257669],[-91.25892,36.25788],[-91.259326,36.243467],[-91.267796,36.243495],[-91.331545,36.244622],[-91.332156,36.230815],[-91.349834,36.230967],[-91.348459,36.157626],[-91.350959,36.062308],[-91.352824,36.023849]]]}},{"type":"Feature","properties":{"code":"US-05077","name":"Lee","label":"Lee County","type":"County","parentCode":"US-AR"},"geometry":{"type":"Polygon","coordinates":[[[-91.100029,34.867127],[-91.102438,34.738082],[-91.049474,34.734184],[-91.052011,34.645717],[-90.768059,34.642579],[-90.697136,34.641989],[-90.587128935522,34.6412667567043],[-90.580864,34.655174],[-90.571843,34.667383],[-90.567565,34.681457],[-90.569958,34.692391],[-90.552903,34.690622],[-90.540753,34.681034],[-90.542371,34.673607],[-90.553486,34.656814],[-90.554921,34.646721],[-90.551643,34.636329],[-90.542394,34.628859],[-90.532108,34.627327],[-90.519439,34.629918],[-90.513225,34.633449],[-90.504894,34.639208],[-90.499893,34.644983],[-90.491919,34.650252],[-90.472542,34.66596],[-90.465871,34.674895],[-90.4641180539557,34.6815568878323],[-90.462835,34.686433],[-90.46618,34.699115],[-90.4670976463459,34.6998230561963],[-90.474166,34.705277],[-90.485686,34.703579],[-90.516666,34.695555],[-90.533378,34.698012],[-90.546098,34.703699],[-90.561457,34.712762],[-90.571989,34.7144],[-90.568611,34.724959],[-90.567954,34.731845],[-90.563611,34.737778],[-90.554005,34.739455],[-90.545556,34.738889],[-90.539444,34.755277],[-90.54416,34.768039],[-90.547778,34.783333],[-90.540833,34.795833],[-90.532918,34.8001],[-90.521111,34.801944],[-90.511111,34.798288],[-90.511335,34.790161],[-90.492777,34.772499],[-90.494948,34.757122],[-90.5063,34.749674],[-90.524166,34.731388],[-90.516666,34.727222],[-90.499999,34.721666],[-90.483333,34.722222],[-90.462844,34.728256],[-90.455381,34.732641],[-90.447994,34.741988],[-90.451791,34.754228],[-90.470411,34.780877],[-90.476644,34.797134],[-90.473302,34.807148],[-90.468539,34.813306],[-90.457116,34.820051],[-90.473479,34.848379],[-90.481555,34.857387],[-90.484774,34.865708],[-90.484446,34.874366],[-90.478324,34.884171],[-90.470184,34.888989],[-90.461233,34.891735],[-90.448289,34.889159],[-90.437448,34.883707],[-90.430046,34.871005],[-90.429318,34.86685],[-90.432094,34.861355],[-90.448017,34.841603],[-90.436897,34.825538],[-90.427138,34.826136],[-90.411638,34.826064],[-90.4079478828123,34.8268272379942],[-90.40801,34.860346],[-90.408539,34.904021],[-90.619616,34.906319],[-90.841139,34.90632],[-90.943045,34.906776],[-91.04639,34.911979],[-91.09921,34.911635],[-91.100029,34.867127]]]}},{"type":"Feature","properties":{"code":"US-05079","name":"Lincoln","label":"Lincoln County","type":"County","parentCode":"US-AR"},"geometry":{"type":"Polygon","coordinates":[[[-91.976439,33.977297],[-91.976278,33.933894],[-91.975866,33.791726],[-91.839055,33.791793],[-91.750064,33.792083],[-91.663738,33.792246],[-91.557656,33.783322],[-91.555622,33.870924],[-91.549606,33.958041],[-91.549076,33.968791],[-91.548656,33.976815],[-91.465712,33.975759],[-91.465232,34.004734],[-91.42227,33.998536],[-91.421985,34.011715],[-91.436159,34.023235],[-91.435783,34.070388],[-91.445074,34.080577],[-91.462265,34.08547],[-91.466911,34.061597],[-91.481845,34.058596],[-91.490353,34.074497],[-91.513517,34.078135],[-91.538726,34.102605],[-91.563621,34.104681],[-91.583901,34.088804],[-91.598012,34.08563],[-91.610611,34.096478],[-91.605709,34.114397],[-91.582394,34.125133],[-91.589958,34.133369],[-91.614376,34.128048],[-91.648879,34.138248],[-91.658489,34.148449],[-91.701324,34.174436],[-91.727434,34.173725],[-91.726713,34.065113],[-91.744729,34.064979],[-91.745092,34.094019],[-91.866778,34.093305],[-91.953659,34.093435],[-91.953677,34.064163],[-91.953025,33.977188],[-91.976439,33.977297]]]}},{"type":"Feature","properties":{"code":"US-05081","name":"Little River","label":"Little River County","type":"County","parentCode":"US-AR"},"geometry":{"type":"Polygon","coordinates":[[[-94.485577,33.65331],[-94.485875,33.637867],[-94.481313,33.638819],[-94.459198,33.645146],[-94.452325,33.618817],[-94.458232,33.59827],[-94.436215,33.594199],[-94.4297387136347,33.5877891448272],[-94.419057,33.577217],[-94.4137130641207,33.5779704417293],[-94.385927,33.581888],[-94.37776,33.574609],[-94.388052,33.565511],[-94.392573,33.551142],[-94.35897,33.54323],[-94.352653,33.560611],[-94.338422,33.567082],[-94.3332941674464,33.5576604588297],[-94.33059,33.552692],[-94.309582,33.551673],[-94.298392,33.576218],[-94.280605,33.574908],[-94.270853,33.564783],[-94.252656,33.586144],[-94.238868,33.576722],[-94.250197,33.556765],[-94.2330766315902,33.5539939527627],[-94.226392,33.552912],[-94.2240080913657,33.5562136731015],[-94.2230965084449,33.5574762000147],[-94.2164785777265,33.5666419220254],[-94.211329,33.573774],[-94.1863685499162,33.5902492909947],[-94.183395,33.592212],[-94.162266,33.588906],[-94.143024,33.577725],[-94.123898,33.5521],[-94.103176,33.57035],[-94.07267,33.572234],[-94.056096,33.567252],[-94.050212,33.551083],[-94.04604,33.551321],[-94.0449732251814,33.5517048741818],[-94.04345,33.552253],[-94.0434321405283,33.5515808344304],[-94.006184,33.565575],[-93.99582,33.561089],[-93.99828,33.547426],[-93.986157,33.534743],[-93.973434,33.553815],[-93.980611,33.569704],[-93.963957,33.572532],[-93.957935,33.552786],[-93.94327,33.55344],[-93.935729,33.575639],[-93.926604,33.581268],[-93.911206,33.569799],[-93.902167,33.575968],[-93.916126,33.589144],[-93.899693,33.592644],[-93.897301,33.580418],[-93.879728,33.590679],[-93.861862,33.610587],[-93.836285,33.602968],[-93.825878,33.609891],[-93.861239,33.618524],[-93.865336,33.631367],[-93.885972,33.62819],[-93.89518,33.639743],[-93.916242,33.6295],[-93.901846,33.64732],[-93.918062,33.665291],[-93.930819,33.663194],[-93.937776,33.647994],[-93.945527,33.658596],[-93.965127,33.669251],[-93.960887,33.695162],[-93.951534,33.706408],[-93.969649,33.739793],[-93.956951,33.750927],[-93.95891,33.751058],[-94.041783,33.753337],[-94.040865,33.781979],[-94.086544,33.783176],[-94.120663,33.791608],[-94.143527,33.781816],[-94.146492,33.789182],[-94.165439,33.791541],[-94.186967,33.785685],[-94.18586,33.811755],[-94.217998,33.80435],[-94.218541,33.814773],[-94.229723,33.80108],[-94.258748,33.817389],[-94.283531,33.830059],[-94.30231,33.821265],[-94.304185,33.824123],[-94.30312,33.853385],[-94.325699,33.853554],[-94.334406,33.861],[-94.338575,33.882025],[-94.372322,33.877475],[-94.362793,33.888069],[-94.390654,33.897923],[-94.387324,33.919356],[-94.379677,33.93336],[-94.385029,33.940804],[-94.421403,33.943198],[-94.411299,33.926969],[-94.448784,33.929075],[-94.467423,33.944351],[-94.4773197138202,33.9408589841988],[-94.477387,33.937759],[-94.478842,33.881485],[-94.478994,33.881197],[-94.479954,33.85133],[-94.480574,33.830166],[-94.481355,33.802887],[-94.481361,33.802649],[-94.481543,33.795719],[-94.4818414166684,33.7890210927706],[-94.481842,33.789008],[-94.482682,33.756286],[-94.482777,33.753638],[-94.482862,33.75078],[-94.48287,33.750564],[-94.483874,33.716733],[-94.48384,33.711332],[-94.484616,33.691592],[-94.48452,33.687909],[-94.485528,33.663388],[-94.485577,33.65331]]]}},{"type":"Feature","properties":{"code":"US-05083","name":"Logan","label":"Logan County","type":"County","parentCode":"US-AR"},"geometry":{"type":"Polygon","coordinates":[[[-94.140463,35.099674],[-94.141765,35.055685],[-94.07353,35.054183],[-94.074449,35.026432],[-93.704962,35.019716],[-93.709061,35.046787],[-93.707604,35.101464],[-93.706901,35.130963],[-93.663263,35.133835],[-93.662882,35.148223],[-93.561744,35.146179],[-93.529736,35.145502],[-93.529139,35.159989],[-93.511321,35.159717],[-93.511183,35.165953],[-93.510998,35.17421],[-93.484109,35.180602],[-93.483907,35.201894],[-93.456977,35.215908],[-93.279929,35.212556],[-93.27886,35.278094],[-93.278215,35.312436],[-93.286578,35.320177],[-93.298903,35.327125],[-93.32593,35.338843],[-93.365497,35.331749],[-93.42037,35.327729],[-93.42271,35.336699],[-93.396876,35.346576],[-93.414473,35.361079],[-93.42698,35.393062],[-93.423944,35.41257],[-93.438271,35.429725],[-93.470213,35.412684],[-93.495367,35.395715],[-93.517973,35.4094],[-93.548462,35.402447],[-93.560965,35.392256],[-93.608674,35.38039],[-93.625772,35.380865],[-93.666655,35.404675],[-93.687934,35.377664],[-93.710043,35.375237],[-93.750227,35.364751],[-93.788022,35.394994],[-93.806947,35.424174],[-93.810086,35.313031],[-93.917127,35.319046],[-93.9198,35.23631],[-93.920157,35.229585],[-93.985449,35.230544],[-94.02814,35.231271],[-94.028872,35.214176],[-94.030209,35.173831],[-94.031236,35.140908],[-94.139339,35.143521],[-94.139676,35.128952],[-94.140463,35.099674]]]}},{"type":"Feature","properties":{"code":"US-05085","name":"Lonoke","label":"Lonoke County","type":"County","parentCode":"US-AR"},"geometry":{"type":"Polygon","coordinates":[[[-92.120056,35.056194],[-92.12154,35.012204],[-92.070806,35.011561],[-92.071849,34.9829],[-92.073159,34.897874],[-92.073241,34.89537],[-92.074374,34.8666],[-92.075506,34.843112],[-92.075511,34.842799],[-92.07484,34.837338],[-92.076613,34.790364],[-92.078795,34.721772],[-92.097087,34.721979],[-92.092857,34.713923],[-92.098774,34.66245],[-92.108545,34.645125],[-92.109066,34.622947],[-92.029539,34.621248],[-92.029743,34.56351],[-92.030254,34.489539],[-91.921889,34.488012],[-91.901256,34.487173],[-91.70525,34.482731],[-91.67822,34.481913],[-91.679017,34.506999],[-91.634636,34.546478],[-91.633447,34.562207],[-91.662333,34.577572],[-91.660489,34.597945],[-91.638495,34.625105],[-91.651216,34.643265],[-91.664628,34.649333],[-91.674918,34.662631],[-91.700773,34.672018],[-91.693774,34.916236],[-91.695297,34.91967],[-91.803436,34.92149],[-91.802509,35.030698],[-91.811262,35.033528],[-91.873458,35.025222],[-91.902557,35.027687],[-91.928762,35.046886],[-91.943631,35.045936],[-91.950873,35.045278],[-91.979414,35.053309],[-91.989588,35.060605],[-92.013056,35.076317],[-92.049997,35.067095],[-92.075122,35.075049],[-92.095318,35.064193],[-92.119748,35.06656],[-92.120056,35.056194]]]}},{"type":"Feature","properties":{"code":"US-05087","name":"Madison","label":"Madison County","type":"County","parentCode":"US-AR"},"geometry":{"type":"Polygon","coordinates":[[[-93.960629,35.83326],[-93.963054,35.761005],[-93.910836,35.759752],[-93.910585,35.774298],[-93.80023,35.771957],[-93.695856,35.76862],[-93.519185,35.763487],[-93.517057,35.823332],[-93.526056,35.823643],[-93.523646,35.881514],[-93.506,35.881029],[-93.504866,35.925142],[-93.48692,35.924333],[-93.486232,35.953355],[-93.468394,35.953157],[-93.468082,35.967582],[-93.450788,35.967497],[-93.448881,36.01741],[-93.44574,36.080787],[-93.480274,36.081554],[-93.479521,36.125054],[-93.551135,36.126271],[-93.551033,36.135625],[-93.550751,36.154985],[-93.585524,36.15567],[-93.584878,36.185674],[-93.611684,36.186555],[-93.620058,36.201248],[-93.618299,36.258939],[-93.641804,36.267652],[-93.631138,36.277529],[-93.639773,36.283222],[-93.663546,36.276249],[-93.657604,36.303019],[-93.815078,36.306551],[-93.868987,36.307363],[-93.869865,36.234833],[-93.887891,36.235129],[-93.913208,36.170118],[-93.927231,36.134364],[-93.944108,36.091122],[-93.949077,35.923653],[-93.951872,35.833121],[-93.960629,35.83326]]]}},{"type":"Feature","properties":{"code":"US-05089","name":"Marion","label":"Marion County","type":"County","parentCode":"US-AR"},"geometry":{"type":"Polygon","coordinates":[[[-92.88892,36.251633],[-92.890725,36.114245],[-92.83691,36.113795],[-92.837821,36.070125],[-92.581538,36.065388],[-92.411563,36.062757],[-92.409142,36.134675],[-92.426787,36.134866],[-92.426397,36.149465],[-92.40869,36.14937],[-92.407624,36.157773],[-92.442358,36.164387],[-92.468797,36.181405],[-92.479162,36.193673],[-92.474241,36.206963],[-92.459043,36.217349],[-92.47606,36.227328],[-92.469327,36.252953],[-92.474464,36.257106],[-92.493788,36.256237],[-92.520984,36.268884],[-92.54297,36.263058],[-92.528604,36.282396],[-92.527459,36.303355],[-92.55131,36.313679],[-92.575452,36.309089],[-92.561514,36.334785],[-92.534291,36.329521],[-92.53215,36.350588],[-92.534771,36.35095],[-92.580663,36.342637],[-92.593016,36.35041],[-92.59205,36.35913],[-92.553886,36.378445],[-92.549548,36.38692],[-92.533104,36.386557],[-92.529457,36.458816],[-92.5291298703286,36.4986088420019],[-92.564238,36.49824],[-92.6173219564051,36.4981206156246],[-92.6306428141369,36.4980906573776],[-92.772333,36.497772],[-92.838621,36.498079],[-92.838876,36.498033],[-92.8540084274629,36.4979827644585],[-92.854602,36.464639],[-92.884897,36.490854],[-92.886794,36.406241],[-92.889511,36.318581],[-92.88892,36.251633]]]}},{"type":"Feature","properties":{"code":"US-05091","name":"Miller","label":"Miller County","type":"County","parentCode":"US-AR"},"geometry":{"type":"Polygon","coordinates":[[[-94.0434321405283,33.5515808344304],[-94.043428,33.551425],[-94.043375,33.542315],[-94.0430151860215,33.4938718480785],[-94.043009,33.493039],[-94.043279,33.49103],[-94.0432721056297,33.4894612655939],[-94.0431882230365,33.4703747493729],[-94.0431882138955,33.4703726694453],[-94.043188,33.470324],[-94.0430824430853,33.452115432214],[-94.0430452274651,33.4456957377339],[-94.042988,33.435824],[-94.042988,33.43459],[-94.042988,33.431024],[-94.0429638663915,33.4284436154677],[-94.042887,33.420225],[-94.0428891968493,33.4196624345357],[-94.0430135891597,33.3878082615036],[-94.043053,33.377716],[-94.042869,33.37117],[-94.043128,33.358757],[-94.0431276392203,33.35871760996],[-94.043067,33.352097],[-94.043067,33.347351],[-94.043067,33.339573],[-94.043067,33.330498],[-94.0430248501853,33.2980530433186],[-94.0429900210003,33.2712431650494],[-94.04299,33.271227],[-94.04305,33.260904],[-94.043004,33.250128],[-94.04273,33.241823],[-94.042876,33.215219],[-94.042892,33.202666],[-94.042875,33.199785],[-94.042719,33.160291],[-94.043185,33.143476],[-94.043077,33.138162],[-94.043007,33.13389],[-94.04287,33.092727],[-94.043036,33.079485],[-94.042964,33.019219],[-94.041444,33.019188],[-94.035839,33.019145],[-94.027983,33.019139],[-94.024475,33.019207],[-93.8145980510626,33.0193719645896],[-93.814553,33.019372],[-93.8071375448562,33.019378905277],[-93.827522,33.034627],[-93.820217,33.050269],[-93.840686,33.058051],[-93.837333,33.077725],[-93.860269,33.09203],[-93.8562,33.11293],[-93.847817,33.125362],[-93.845209,33.145003],[-93.832852,33.148479],[-93.822157,33.137517],[-93.811962,33.138094],[-93.811386,33.153142],[-93.799771,33.162501],[-93.787065,33.158008],[-93.786291,33.147256],[-93.773498,33.139935],[-93.776696,33.159273],[-93.760322,33.166138],[-93.741262,33.154471],[-93.734367,33.157143],[-93.740922,33.167307],[-93.758007,33.169927],[-93.755017,33.180782],[-93.729292,33.18355],[-93.739424,33.20181],[-93.723879,33.216601],[-93.700302,33.225888],[-93.722914,33.222067],[-93.726328,33.235036],[-93.713844,33.243778],[-93.709626,33.259256],[-93.725578,33.269181],[-93.726945,33.283355],[-93.718595,33.287327],[-93.689925,33.27702],[-93.69262,33.315209],[-93.665981,33.332446],[-93.705253,33.339197],[-93.699024,33.362075],[-93.698499,33.369717],[-93.671888,33.377145],[-93.686685,33.388651],[-93.70001,33.375128],[-93.713734,33.372785],[-93.723455,33.382165],[-93.6991,33.387929],[-93.712383,33.395559],[-93.732333,33.421537],[-93.716344,33.430046],[-93.722857,33.439333],[-93.736261,33.427062],[-93.74476,33.44458],[-93.727045,33.443878],[-93.736361,33.454975],[-93.730666,33.471889],[-93.719951,33.48203],[-93.735285,33.494775],[-93.749241,33.515381],[-93.741722,33.52845],[-93.747352,33.534486],[-93.764734,33.514834],[-93.754924,33.504293],[-93.77267,33.4989],[-93.780347,33.520626],[-93.768339,33.530272],[-93.796127,33.532378],[-93.782934,33.548489],[-93.788811,33.55607],[-93.797777,33.542255],[-93.809303,33.54869],[-93.800466,33.558531],[-93.806276,33.568137],[-93.826439,33.570868],[-93.816064,33.587924],[-93.813195,33.605999],[-93.825878,33.609891],[-93.836285,33.602968],[-93.861862,33.610587],[-93.879728,33.590679],[-93.897301,33.580418],[-93.899693,33.592644],[-93.916126,33.589144],[-93.902167,33.575968],[-93.911206,33.569799],[-93.926604,33.581268],[-93.935729,33.575639],[-93.94327,33.55344],[-93.957935,33.552786],[-93.963957,33.572532],[-93.980611,33.569704],[-93.973434,33.553815],[-93.986157,33.534743],[-93.99828,33.547426],[-93.99582,33.561089],[-94.006184,33.565575],[-94.0434321405283,33.5515808344304]]]}},{"type":"Feature","properties":{"code":"US-05093","name":"Mississippi","label":"Mississippi County","type":"County","parentCode":"US-AR"},"geometry":{"type":"Polygon","coordinates":[[[-90.2888,35.996419],[-90.2890760510731,35.9964173016992],[-90.287186,35.77935],[-90.286789,35.69991],[-90.28714,35.612568],[-90.286926,35.438439],[-90.223766,35.437676],[-90.1400646101515,35.4366745720845],[-90.129435,35.442119],[-90.119031,35.468039],[-90.108746,35.476011],[-90.090137,35.4785],[-90.080017,35.477067],[-90.069036,35.467773],[-90.067239,35.460945],[-90.072831,35.444583],[-90.074098,35.43414],[-90.070616,35.423497],[-90.064918,35.416387],[-90.069528,35.408132],[-90.059492,35.393815],[-90.0538286717081,35.3930804317931],[-90.051258,35.392747],[-90.049340177528,35.3953109294014],[-90.04658,35.399001],[-90.050564,35.409635],[-90.046316,35.412331],[-90.017108,35.421939],[-90.002675,35.430529],[-90.006801,35.453252],[-90.0151730799995,35.4663520581386],[-90.019152,35.472578],[-90.024683,35.475754],[-90.034183,35.481915],[-90.044138,35.494622],[-90.049524,35.510356],[-90.048328,35.523726],[-90.041962,35.537468],[-90.039681,35.547723],[-90.032927,35.553461],[-90.024772,35.556161],[-90.016165,35.556808],[-90.002235,35.560651],[-89.994272,35.560973],[-89.984046,35.557794],[-89.958266,35.541411],[-89.955888,35.535044],[-89.958464,35.52607],[-89.95519,35.522495],[-89.9361965908948,35.5152770935277],[-89.926539,35.511607],[-89.911923,35.512841],[-89.904638,35.519348],[-89.90231,35.530225],[-89.9098135698954,35.5378411382555],[-89.909909,35.537938],[-89.910051,35.545379],[-89.913818,35.549481],[-89.929585,35.55173],[-89.939888,35.555668],[-89.947262,35.564335],[-89.957198,35.583007],[-89.957158,35.589421],[-89.946419,35.601127],[-89.9325,35.607865],[-89.911275,35.617594],[-89.903467,35.615796],[-89.893669,35.615336],[-89.887718,35.618066],[-89.873406,35.627618],[-89.864558,35.630546],[-89.855125,35.636223],[-89.850767,35.650319],[-89.852153,35.660268],[-89.857942,35.668312],[-89.865137,35.670437],[-89.877322,35.666069],[-89.887266,35.653591],[-89.896869,35.651215],[-89.906635,35.651435],[-89.919285,35.655297],[-89.930209,35.661352],[-89.939267,35.670943],[-89.946135,35.678517],[-89.955946,35.690756],[-89.956589,35.695486],[-89.956933,35.711677],[-89.9578419578286,35.7193902332661],[-89.958623,35.726018],[-89.955011,35.730122],[-89.939974,35.739429],[-89.93792,35.744172],[-89.920452,35.751962],[-89.9108766859732,35.7578730108017],[-89.909111,35.758963],[-89.904886,35.757927],[-89.898306,35.752516],[-89.890254,35.75079],[-89.874067,35.755286],[-89.863064,35.757134],[-89.852753,35.755453],[-89.850349,35.746489],[-89.842887,35.742723],[-89.831817,35.743503],[-89.816857,35.748692],[-89.800728,35.757152],[-89.79895,35.759356],[-89.798006,35.777638],[-89.799565,35.788331],[-89.794652,35.794219],[-89.777906,35.806283],[-89.762802,35.810966],[-89.735734,35.80426],[-89.729713,35.802116],[-89.720117,35.805933],[-89.695987,35.821298],[-89.693569,35.829107],[-89.695531,35.835673],[-89.729517,35.847632],[-89.762693,35.857413],[-89.772904,35.865632],[-89.773617,35.875705],[-89.768303,35.889355],[-89.744547,35.910699],[-89.727787,35.911243],[-89.719416,35.908311],[-89.676378,35.876698],[-89.665939,35.874451],[-89.657917,35.876743],[-89.645617,35.885833],[-89.641572,35.900263],[-89.6423394880732,35.9060661639323],[-89.644307,35.920943],[-89.652157,35.929113],[-89.716527,35.961533],[-89.721677,35.967673],[-89.724027,35.980803],[-89.722916,35.989061],[-89.733095,36.000608],[-89.737564,36.000522],[-89.737648,36.000567],[-89.769973,36.000536],[-89.7701830451875,36.0005270619069],[-89.770255,36.000524],[-89.8597283536873,35.9997230841511],[-89.86901,35.99964],[-89.87459,35.999575],[-89.874878,35.9995767454545],[-89.875085,35.999578],[-89.875586,35.999562],[-89.896508,35.999432],[-89.901183,35.999365],[-89.959377,35.99902],[-89.959893,35.99902],[-89.961075,35.999135],[-89.965327,35.998813],[-89.972563,35.998994],[-89.9955324138791,35.9988451035945],[-90.0546911124938,35.9984616145939],[-90.103842,35.998143],[-90.12635,35.997596],[-90.127331,35.997635],[-90.158812,35.997375],[-90.1860719447437,35.997174516054],[-90.2888,35.996419]]]}},{"type":"Feature","properties":{"code":"US-05095","name":"Monroe","label":"Monroe County","type":"County","parentCode":"US-AR"},"geometry":{"type":"Polygon","coordinates":[[[-91.446983,34.667531],[-91.447888,34.609135],[-91.41226,34.608582],[-91.412666,34.593825],[-91.376982,34.592868],[-91.37782,34.56348],[-91.291609,34.561762],[-91.301221,34.536418],[-91.261994,34.527319],[-91.264147,34.502072],[-91.231563,34.480187],[-91.215566,34.487143],[-91.209074,34.48089],[-91.222189,34.461568],[-91.206956,34.456749],[-91.220501,34.453107],[-91.218273,34.443049],[-91.192192,34.439852],[-91.17485,34.450638],[-91.170292,34.434573],[-91.161601,34.435422],[-91.153918,34.422013],[-91.166025,34.412537],[-91.147747,34.401591],[-91.139263,34.402821],[-91.129702,34.379967],[-91.10442,34.36329],[-91.107762,34.353404],[-91.092591,34.343716],[-91.07962,34.347922],[-91.056337,34.336652],[-91.002721,34.336362],[-91.001971,34.385058],[-91.000316,34.469386],[-91.054775,34.470829],[-91.053402,34.542762],[-91.052011,34.645717],[-91.049474,34.734184],[-91.102438,34.738082],[-91.100029,34.867127],[-91.117413,34.867138],[-91.116587,34.911856],[-91.152498,34.911815],[-91.14975,35.002469],[-91.237363,35.004289],[-91.238144,34.984809],[-91.293142,34.985234],[-91.29479,34.912452],[-91.368658,34.912665],[-91.368372,34.900876],[-91.38609,34.902671],[-91.344484,34.871533],[-91.364781,34.867113],[-91.360288,34.848881],[-91.373154,34.842221],[-91.377053,34.831206],[-91.370613,34.824844],[-91.374765,34.665964],[-91.446983,34.667531]]]}},{"type":"Feature","properties":{"code":"US-05097","name":"Montgomery","label":"Montgomery County","type":"County","parentCode":"US-AR"},"geometry":{"type":"Polygon","coordinates":[[[-93.934808,34.432398],[-93.935435,34.350233],[-93.742577,34.348078],[-93.571807,34.343408],[-93.478485,34.340839],[-93.40818,34.339467],[-93.407203,34.397447],[-93.406328,34.445209],[-93.404898,34.524121],[-93.403537,34.601998],[-93.402245,34.685231],[-93.393946,34.685219],[-93.394402,34.743393],[-93.499101,34.743877],[-93.709985,34.745978],[-93.745262,34.746605],[-93.745793,34.732126],[-93.780884,34.732411],[-93.781123,34.718078],[-93.816771,34.718511],[-93.816923,34.711231],[-93.869932,34.712517],[-93.879079,34.690813],[-93.879286,34.66564],[-93.930214,34.666049],[-93.932774,34.540362],[-93.934808,34.432398]]]}},{"type":"Feature","properties":{"code":"US-05099","name":"Nevada","label":"Nevada County","type":"County","parentCode":"US-AR"},"geometry":{"type":"Polygon","coordinates":[[[-93.483217,33.476172],[-93.483931,33.447368],[-93.365644,33.444491],[-93.221349,33.440487],[-93.221147,33.455081],[-93.116328,33.452922],[-93.1125,33.55768],[-93.104405,33.777093],[-93.12859,33.792763],[-93.140263,33.815629],[-93.157062,33.813617],[-93.178975,33.800271],[-93.186614,33.81298],[-93.218491,33.828467],[-93.258168,33.828759],[-93.289607,33.844084],[-93.298165,33.855554],[-93.307543,33.882072],[-93.304007,33.89792],[-93.336652,33.915847],[-93.345366,33.93679],[-93.373455,33.951039],[-93.373364,33.957093],[-93.418764,33.948839],[-93.431053,33.957535],[-93.456665,33.95682],[-93.45799,33.911702],[-93.460895,33.825052],[-93.471247,33.825329],[-93.473566,33.756792],[-93.476461,33.673013],[-93.477718,33.642519],[-93.477719,33.642502],[-93.483217,33.476172]]]}},{"type":"Feature","properties":{"code":"US-05101","name":"Newton","label":"Newton County","type":"County","parentCode":"US-AR"},"geometry":{"type":"Polygon","coordinates":[[[-93.523646,35.881514],[-93.526056,35.823643],[-93.517057,35.823332],[-93.519185,35.763487],[-93.519643,35.734464],[-93.164451,35.728873],[-92.951373,35.724635],[-92.946467,35.812943],[-92.940835,35.990045],[-92.938469,36.071665],[-92.945496,36.071674],[-92.94463,36.115253],[-92.95345,36.115662],[-93.051785,36.11635],[-93.104725,36.119449],[-93.140283,36.117576],[-93.30082,36.12155],[-93.479521,36.125054],[-93.480274,36.081554],[-93.44574,36.080787],[-93.448881,36.01741],[-93.450788,35.967497],[-93.468082,35.967582],[-93.468394,35.953157],[-93.486232,35.953355],[-93.48692,35.924333],[-93.504866,35.925142],[-93.506,35.881029],[-93.523646,35.881514]]]}},{"type":"Feature","properties":{"code":"US-05103","name":"Ouachita","label":"Ouachita County","type":"County","parentCode":"US-AR"},"geometry":{"type":"Polygon","coordinates":[[[-93.116328,33.452922],[-93.118951,33.380298],[-93.008184,33.377869],[-92.978483,33.377142],[-92.94029,33.37638],[-92.794247,33.372582],[-92.785435,33.376864],[-92.777398,33.374942],[-92.760198,33.387659],[-92.720238,33.382324],[-92.714926,33.370512],[-92.682166,33.360067],[-92.656925,33.357865],[-92.645612,33.368551],[-92.623836,33.359132],[-92.594392,33.373739],[-92.567156,33.3672],[-92.56703,33.377748],[-92.580669,33.373548],[-92.583154,33.392548],[-92.592198,33.403283],[-92.604159,33.401583],[-92.617658,33.40962],[-92.635782,33.397554],[-92.645386,33.39796],[-92.636017,33.415187],[-92.653768,33.422867],[-92.654717,33.435103],[-92.671508,33.431127],[-92.70464,33.430839],[-92.707223,33.445659],[-92.728061,33.46806],[-92.72064,33.46738],[-92.716464,33.482873],[-92.736285,33.495159],[-92.740962,33.483975],[-92.765914,33.493053],[-92.75405,33.501403],[-92.772698,33.511985],[-92.762275,33.5183],[-92.759037,33.531452],[-92.776694,33.538572],[-92.775871,33.544247],[-92.765098,33.553184],[-92.746768,33.544972],[-92.741081,33.556318],[-92.726843,33.563625],[-92.717891,33.552127],[-92.711327,33.571439],[-92.713633,33.605659],[-92.731613,33.613828],[-92.735612,33.62421],[-92.722057,33.651324],[-92.703948,33.649322],[-92.682601,33.659969],[-92.65257,33.660753],[-92.635139,33.692844],[-92.600235,33.712673],[-92.586886,33.731234],[-92.583027,33.802299],[-92.893216,33.810069],[-92.896545,33.806356],[-92.918377,33.821636],[-92.929567,33.8223],[-92.942189,33.797395],[-92.982773,33.787308],[-92.992409,33.777494],[-93.035953,33.770127],[-93.070904,33.78845],[-93.086807,33.776241],[-93.104405,33.777093],[-93.1125,33.55768],[-93.116328,33.452922]]]}},{"type":"Feature","properties":{"code":"US-05105","name":"Perry","label":"Perry County","type":"County","parentCode":"US-AR"},"geometry":{"type":"Polygon","coordinates":[[[-93.305682,34.875463],[-93.305864,34.861049],[-93.288283,34.86087],[-93.287785,34.773242],[-93.270028,34.771959],[-93.075178,34.771892],[-93.074011,34.858199],[-93.035869,34.858525],[-92.948902,34.858752],[-92.829814,34.855347],[-92.817972,34.847931],[-92.799897,34.8513],[-92.783526,34.839822],[-92.767265,34.839277],[-92.756285,34.842635],[-92.740329,34.82783],[-92.739732,34.853599],[-92.755399,34.853745],[-92.754868,34.878651],[-92.753891,34.911579],[-92.649646,34.910173],[-92.648491,34.939039],[-92.544559,34.936371],[-92.544203,34.952897],[-92.585965,34.973107],[-92.599135,34.997802],[-92.591215,35.015566],[-92.558707,35.036763],[-92.543286,35.060209],[-92.540817,35.077355],[-92.550293,35.110307],[-92.554443,35.113418],[-92.573393,35.11216],[-92.603286,35.082448],[-92.635332,35.075297],[-92.648274,35.077305],[-92.620611,35.099685],[-92.629614,35.114849],[-92.64485,35.110397],[-92.678367,35.077317],[-92.709369,35.072201],[-92.716282,35.074487],[-92.742026,35.072267],[-92.865422,35.073977],[-93.040561,35.07688],[-93.042408,35.076879],[-93.051491,35.062352],[-93.069223,35.062626],[-93.069425,35.048087],[-93.087263,35.033942],[-93.105564,35.034277],[-93.105949,35.018128],[-93.123736,35.018605],[-93.124065,35.0041],[-93.141769,35.004639],[-93.142165,34.990165],[-93.160162,34.990457],[-93.160177,34.97599],[-93.169624,34.976049],[-93.181354,34.976295],[-93.181733,34.961903],[-93.200017,34.962326],[-93.200492,34.947591],[-93.217338,34.947782],[-93.217452,34.932698],[-93.235063,34.932592],[-93.235018,34.918091],[-93.252301,34.918209],[-93.252575,34.903791],[-93.270374,34.90368],[-93.270667,34.889123],[-93.288184,34.888872],[-93.28835,34.875268],[-93.305682,34.875463]]]}},{"type":"Feature","properties":{"code":"US-05107","name":"Phillips","label":"Phillips County","type":"County","parentCode":"US-AR"},"geometry":{"type":"Polygon","coordinates":[[[-91.110806,34.131191],[-91.117918,34.119039],[-90.965669,34.118597],[-90.9555783321976,34.1188764008596],[-90.9566115719362,34.1200947055262],[-90.958604,34.122444],[-90.961044,34.130514],[-90.957064,34.136684],[-90.936614,34.149374],[-90.917337,34.159668],[-90.909957,34.165511],[-90.899097,34.162829],[-90.87069,34.144141],[-90.853471,34.137511],[-90.836099,34.137876],[-90.822593,34.144054],[-90.807564,34.161821],[-90.809142,34.176961],[-90.817488,34.183198],[-90.844762,34.18516],[-90.854406,34.186833],[-90.8694,34.182854],[-90.877452,34.185618],[-90.887884,34.18198],[-90.9118,34.193897],[-90.925542,34.206989],[-90.93522,34.21905],[-90.936404,34.236698],[-90.923152,34.24653],[-90.910098,34.245558],[-90.904924,34.242178],[-90.89658,34.2258],[-90.87912,34.21545],[-90.845864,34.207573],[-90.83813,34.219997],[-90.840549,34.234544],[-90.835724,34.255981],[-90.833629,34.274074],[-90.825763,34.279893],[-90.812219,34.279514],[-90.7870571171221,34.2723216436101],[-90.784543,34.271603],[-90.765623,34.269513],[-90.7638702193397,34.2702161006083],[-90.752929,34.274605],[-90.738025,34.289279],[-90.73524,34.300949],[-90.735873,34.310687],[-90.741763,34.320035],[-90.767996,34.34617],[-90.769774,34.356909],[-90.759693,34.366505],[-90.747633,34.36785],[-90.733685,34.363999],[-90.711933,34.360742],[-90.690326,34.367155],[-90.68272,34.366763],[-90.686523,34.350674],[-90.692244,34.335629],[-90.693129,34.32257],[-90.686003,34.315771],[-90.678075,34.31309],[-90.661395,34.315398],[-90.657488,34.322231],[-90.660875,34.336693],[-90.663231,34.352243],[-90.658191,34.376139],[-90.645176,34.386834],[-90.633687,34.389901],[-90.622384,34.38947],[-90.609597,34.391586],[-90.598014,34.398187],[-90.584313,34.412194],[-90.577694,34.432445],[-90.583598,34.443013],[-90.593104,34.477322],[-90.593293,34.487931],[-90.5893806613913,34.4969389907874],[-90.581245,34.515671],[-90.574703,34.521759],[-90.5681514209205,34.5246316965222],[-90.552948,34.531298],[-90.542528,34.54015],[-90.539623,34.553925],[-90.543351,34.562168],[-90.557666,34.576929],[-90.571185,34.58946],[-90.585516,34.608504],[-90.591595,34.621012],[-90.587996,34.639342],[-90.587128935522,34.6412667567043],[-90.697136,34.641989],[-90.768059,34.642579],[-91.052011,34.645717],[-91.053402,34.542762],[-91.054775,34.470829],[-91.000316,34.469386],[-91.001971,34.385058],[-91.002721,34.336362],[-91.056337,34.336652],[-91.054865,34.309494],[-91.064024,34.312131],[-91.059015,34.288171],[-91.072914,34.296255],[-91.075169,34.26765],[-91.064994,34.265265],[-91.064714,34.252814],[-91.079039,34.249069],[-91.066517,34.240236],[-91.060626,34.216766],[-91.078635,34.196703],[-91.086674,34.202264],[-91.09426,34.177012],[-91.083177,34.161235],[-91.090265,34.156157],[-91.078621,34.143942],[-91.095684,34.140803],[-91.101995,34.129011],[-91.110806,34.131191]]]}},{"type":"Feature","properties":{"code":"US-05109","name":"Pike","label":"Pike County","type":"County","parentCode":"US-AR"},"geometry":{"type":"Polygon","coordinates":[[[-93.935435,34.350233],[-93.937009,34.263024],[-93.924384,34.262961],[-93.925834,34.186517],[-93.820722,34.183802],[-93.822441,34.106409],[-93.823076,34.008893],[-93.749844,34.006872],[-93.714495,33.995047],[-93.699986,33.995197],[-93.682129,33.983401],[-93.649907,33.981296],[-93.628612,33.973907],[-93.617379,33.959632],[-93.604531,33.96475],[-93.554252,33.956056],[-93.530841,33.954335],[-93.528249,33.942938],[-93.500774,33.94558],[-93.497693,33.954031],[-93.460574,33.963167],[-93.456665,33.95682],[-93.431053,33.957535],[-93.418764,33.948839],[-93.373364,33.957093],[-93.370153,33.96017],[-93.37915,33.986158],[-93.405049,34.005515],[-93.41615,34.038031],[-93.434249,34.049729],[-93.444009,34.079448],[-93.442315,34.100779],[-93.44146,34.120265],[-93.451198,34.122617],[-93.459755,34.143113],[-93.443687,34.147037],[-93.453729,34.153544],[-93.454681,34.173051],[-93.44846,34.180243],[-93.460321,34.190084],[-93.442407,34.206453],[-93.461694,34.20581],[-93.502208,34.214106],[-93.501506,34.253701],[-93.480423,34.253272],[-93.478485,34.340839],[-93.571807,34.343408],[-93.742577,34.348078],[-93.935435,34.350233]]]}},{"type":"Feature","properties":{"code":"US-05111","name":"Poinsett","label":"Poinsett County","type":"County","parentCode":"US-AR"},"geometry":{"type":"Polygon","coordinates":[[[-91.03884,35.58918],[-91.039251,35.44295],[-90.931248,35.441829],[-90.798631,35.445878],[-90.716119,35.449773],[-90.634701,35.449006],[-90.610796,35.448796],[-90.610902,35.44359],[-90.607855,35.441751],[-90.502392,35.441647],[-90.286926,35.438439],[-90.28714,35.612568],[-90.286789,35.69991],[-90.397676,35.701657],[-90.463458,35.705054],[-90.481859,35.706224],[-90.500279,35.707223],[-90.527371,35.706677],[-90.542618,35.706299],[-90.613443,35.704356],[-90.64111,35.704747],[-90.694882,35.705143],[-90.820872,35.705454],[-91.037012,35.708419],[-91.03884,35.58918]]]}},{"type":"Feature","properties":{"code":"US-05113","name":"Polk","label":"Polk County","type":"County","parentCode":"US-AR"},"geometry":{"type":"Polygon","coordinates":[[[-94.465847,34.352073],[-94.4702836220645,34.1901816463447],[-94.400845,34.190487],[-94.243788,34.1925],[-94.243893,34.269053],[-94.256261,34.269215],[-94.254898,34.346195],[-94.254662,34.355792],[-93.935435,34.350233],[-93.934808,34.432398],[-93.932774,34.540362],[-93.930214,34.666049],[-93.929941,34.680132],[-94.035286,34.683607],[-94.035236,34.692917],[-94.197409,34.69539],[-94.317639,34.697522],[-94.316787,34.726545],[-94.4545765776714,34.7289498283625],[-94.4553402653971,34.7067150764506],[-94.4575117588871,34.6434920896136],[-94.45753,34.642961],[-94.4575,34.634945],[-94.460052,34.547869],[-94.460058,34.545264],[-94.461149,34.507457],[-94.4628707066502,34.4474689719384],[-94.463671,34.419585],[-94.463816,34.414465],[-94.464176,34.402713],[-94.465425,34.359548],[-94.4654374209984,34.3593279834998],[-94.465847,34.352073]]]}},{"type":"Feature","properties":{"code":"US-05115","name":"Pope","label":"Pope County","type":"County","parentCode":"US-AR"},"geometry":{"type":"Polygon","coordinates":[[[-93.295873,35.470049],[-93.298903,35.327125],[-93.286578,35.320177],[-93.278215,35.312436],[-93.246174,35.279958],[-93.234627,35.273852],[-93.198259,35.271217],[-93.182927,35.261693],[-93.149652,35.225912],[-93.145884,35.219768],[-93.137942,35.193002],[-93.12112,35.172738],[-93.091937,35.183122],[-93.077953,35.178752],[-93.079938,35.150184],[-93.092734,35.139794],[-93.069846,35.119996],[-93.044031,35.11907],[-93.028014,35.129623],[-93.02971,35.156633],[-93.002282,35.168476],[-92.953231,35.172545],[-92.927358,35.176848],[-92.900911,35.169993],[-92.864756,35.174394],[-92.855096,35.173839],[-92.854591,35.231515],[-92.853968,35.274471],[-92.851438,35.427642],[-92.850951,35.462959],[-92.849277,35.549474],[-92.813462,35.548917],[-92.811629,35.659328],[-92.809745,35.722417],[-92.951373,35.724635],[-93.164451,35.728873],[-93.167825,35.597822],[-93.221295,35.599058],[-93.222533,35.519266],[-93.223373,35.483092],[-93.223821,35.468685],[-93.295873,35.470049]]]}},{"type":"Feature","properties":{"code":"US-05117","name":"Prairie","label":"Prairie County","type":"County","parentCode":"US-AR"},"geometry":{"type":"Polygon","coordinates":[[[-91.802509,35.030698],[-91.803436,34.92149],[-91.695297,34.91967],[-91.693774,34.916236],[-91.700773,34.672018],[-91.674918,34.662631],[-91.664628,34.649333],[-91.651216,34.643265],[-91.638495,34.625105],[-91.660489,34.597945],[-91.662333,34.577572],[-91.633447,34.562207],[-91.634636,34.546478],[-91.679017,34.506999],[-91.67822,34.481913],[-91.616016,34.479537],[-91.595929,34.48051],[-91.594429,34.56805],[-91.557266,34.56716],[-91.471808,34.565388],[-91.466439,34.565281],[-91.41378,34.56418],[-91.37782,34.56348],[-91.376982,34.592868],[-91.412666,34.593825],[-91.41226,34.608582],[-91.447888,34.609135],[-91.446983,34.667531],[-91.374765,34.665964],[-91.370613,34.824844],[-91.377053,34.831206],[-91.373154,34.842221],[-91.360288,34.848881],[-91.364781,34.867113],[-91.344484,34.871533],[-91.38609,34.902671],[-91.368372,34.900876],[-91.368658,34.912665],[-91.363754,35.051186],[-91.461202,35.052043],[-91.478092,35.057989],[-91.474412,35.067437],[-91.446463,35.067374],[-91.465269,35.089457],[-91.584005,35.091584],[-91.585165,35.025217],[-91.608725,35.020682],[-91.64074,35.027476],[-91.644124,35.042888],[-91.659294,35.052478],[-91.685746,35.052936],[-91.710526,35.062848],[-91.740832,35.050682],[-91.801847,35.041209],[-91.802509,35.030698]]]}},{"type":"Feature","properties":{"code":"US-05119","name":"Pulaski","label":"Pulaski County","type":"County","parentCode":"US-AR"},"geometry":{"type":"Polygon","coordinates":[[[-92.754868,34.878651],[-92.755399,34.853745],[-92.739732,34.853599],[-92.651248,34.851682],[-92.654324,34.764541],[-92.549656,34.761691],[-92.54999,34.745183],[-92.550721,34.725548],[-92.552015,34.689333],[-92.545341,34.689159],[-92.499088,34.687992],[-92.500302,34.673611],[-92.44913,34.672195],[-92.443286,34.672041],[-92.443964,34.653396],[-92.444622,34.640795],[-92.445042,34.629926],[-92.445217,34.627043],[-92.384471,34.626345],[-92.381943,34.626338],[-92.372432,34.626108],[-92.346461,34.625635],[-92.347299,34.611679],[-92.348678,34.58257],[-92.3277,34.581943],[-92.268045,34.581261],[-92.244212,34.58089],[-92.245841,34.493584],[-92.208042,34.492809],[-92.143734,34.491557],[-92.030254,34.489539],[-92.029743,34.56351],[-92.029539,34.621248],[-92.109066,34.622947],[-92.108545,34.645125],[-92.098774,34.66245],[-92.092857,34.713923],[-92.097087,34.721979],[-92.078795,34.721772],[-92.076613,34.790364],[-92.07484,34.837338],[-92.075511,34.842799],[-92.075506,34.843112],[-92.074374,34.8666],[-92.073241,34.89537],[-92.073159,34.897874],[-92.071849,34.9829],[-92.070806,35.011561],[-92.12154,35.012204],[-92.162923,35.013131],[-92.22717,35.014595],[-92.229886,34.927517],[-92.247974,34.9279],[-92.388074,34.930921],[-92.413713,34.931417],[-92.417615,34.913671],[-92.44827,34.903889],[-92.442649,34.867498],[-92.447083,34.856723],[-92.436413,34.842962],[-92.445057,34.846642],[-92.458732,34.853775],[-92.463274,34.874726],[-92.451277,34.896606],[-92.476371,34.949175],[-92.487192,34.953275],[-92.544203,34.952897],[-92.544559,34.936371],[-92.648491,34.939039],[-92.649646,34.910173],[-92.753891,34.911579],[-92.754868,34.878651]]]}},{"type":"Feature","properties":{"code":"US-05121","name":"Randolph","label":"Randolph County","type":"County","parentCode":"US-AR"},"geometry":{"type":"Polygon","coordinates":[[[-91.405141,36.497165],[-91.4068735134311,36.4971189963869],[-91.398455,36.479932],[-91.361853,36.472167],[-91.353247,36.4504],[-91.349067,36.420914],[-91.30873,36.420427],[-91.310087,36.389798],[-91.291543,36.389228],[-91.292435,36.374745],[-91.274863,36.374583],[-91.275972,36.330872],[-91.258485,36.330886],[-91.25892,36.25788],[-91.240871,36.257669],[-91.241915,36.225696],[-91.236661,36.240843],[-91.227217,36.224945],[-91.20386,36.218583],[-91.183014,36.205997],[-91.16123,36.204813],[-91.15732,36.189994],[-91.144939,36.181497],[-91.14245,36.166882],[-91.119679,36.153735],[-91.082876,36.15085],[-91.085832,36.131886],[-91.07301,36.114895],[-91.064349,36.11783],[-91.064924,36.143169],[-91.045223,36.151368],[-91.00113,36.150815],[-90.809812,36.14966],[-90.806676,36.267032],[-90.806227,36.288042],[-90.781673,36.284159],[-90.765324,36.287075],[-90.749933,36.280211],[-90.751835,36.283774],[-90.748637,36.412764],[-90.770887,36.4139],[-90.776879,36.425224],[-90.768026,36.431806],[-90.774712,36.445807],[-90.7719,36.488508],[-90.7842436722685,36.4985236581613],[-90.8026290300016,36.4985304194726],[-90.850434,36.498548],[-90.873775,36.498074],[-90.876567,36.498313],[-90.876867,36.498423],[-90.87922,36.498378],[-90.960648,36.498426],[-90.9629131175868,36.4984184965049],[-90.963063,36.498418],[-91.008558,36.49827],[-91.017974,36.498062],[-91.09588,36.49787],[-91.096277,36.497893],[-91.126529,36.497712],[-91.1723861427823,36.4976105226883],[-91.21736,36.497511],[-91.218645,36.497564],[-91.227398,36.497617],[-91.404915,36.49712],[-91.405141,36.497165]]]}},{"type":"Feature","properties":{"code":"US-05123","name":"St. Francis","label":"St. Francis County","type":"County","parentCode":"US-AR"},"geometry":{"type":"Polygon","coordinates":[[[-91.14975,35.002469],[-91.152498,34.911815],[-91.116587,34.911856],[-91.117413,34.867138],[-91.100029,34.867127],[-91.09921,34.911635],[-91.04639,34.911979],[-90.943045,34.906776],[-90.841139,34.90632],[-90.619616,34.906319],[-90.408539,34.904021],[-90.407717,35.002536],[-90.400438,35.148231],[-90.489171,35.144006],[-90.503031,35.144215],[-90.63491,35.14692],[-90.637377,35.145154],[-90.655207,35.145657],[-90.773354,35.147667],[-90.838139,35.149117],[-90.880315,35.148368],[-91.042566,35.148188],[-91.045445,35.001048],[-91.14975,35.002469]]]}},{"type":"Feature","properties":{"code":"US-05125","name":"Saline","label":"Saline County","type":"County","parentCode":"US-AR"},"geometry":{"type":"Polygon","coordinates":[[[-93.074011,34.858199],[-93.075178,34.771892],[-92.969317,34.772263],[-92.969632,34.701275],[-92.969754,34.684769],[-92.979177,34.675172],[-92.979983,34.647756],[-92.979978,34.637249],[-92.944477,34.636517],[-92.888868,34.635326],[-92.875394,34.635196],[-92.875743,34.620505],[-92.875887,34.616695],[-92.876916,34.59117],[-92.808028,34.590406],[-92.808952,34.562248],[-92.791928,34.551327],[-92.793189,34.503573],[-92.738264,34.503241],[-92.735149,34.473923],[-92.685066,34.473102],[-92.686189,34.414696],[-92.668654,34.414504],[-92.631231,34.413435],[-92.622086,34.411103],[-92.624287,34.420009],[-92.589469,34.455577],[-92.531651,34.454057],[-92.483651,34.453451],[-92.40467,34.451892],[-92.403372,34.495707],[-92.395085,34.495631],[-92.393907,34.495621],[-92.346229,34.494987],[-92.245841,34.493584],[-92.244212,34.58089],[-92.268045,34.581261],[-92.3277,34.581943],[-92.348678,34.58257],[-92.347299,34.611679],[-92.346461,34.625635],[-92.372432,34.626108],[-92.381943,34.626338],[-92.384471,34.626345],[-92.445217,34.627043],[-92.445042,34.629926],[-92.444622,34.640795],[-92.443964,34.653396],[-92.443286,34.672041],[-92.44913,34.672195],[-92.500302,34.673611],[-92.499088,34.687992],[-92.545341,34.689159],[-92.552015,34.689333],[-92.550721,34.725548],[-92.54999,34.745183],[-92.549656,34.761691],[-92.654324,34.764541],[-92.651248,34.851682],[-92.739732,34.853599],[-92.740329,34.82783],[-92.756285,34.842635],[-92.767265,34.839277],[-92.783526,34.839822],[-92.799897,34.8513],[-92.817972,34.847931],[-92.829814,34.855347],[-92.948902,34.858752],[-93.035869,34.858525],[-93.074011,34.858199]]]}},{"type":"Feature","properties":{"code":"US-05127","name":"Scott","label":"Scott County","type":"County","parentCode":"US-AR"},"geometry":{"type":"Polygon","coordinates":[[[-94.4533001508935,34.766112966887],[-94.4545765776714,34.7289498283625],[-94.316787,34.726545],[-94.317639,34.697522],[-94.197409,34.69539],[-94.035236,34.692917],[-94.035286,34.683607],[-93.929941,34.680132],[-93.930214,34.666049],[-93.879286,34.66564],[-93.879079,34.690813],[-93.869932,34.712517],[-93.816923,34.711231],[-93.816771,34.718511],[-93.781123,34.718078],[-93.780884,34.732411],[-93.745793,34.732126],[-93.745262,34.746605],[-93.709985,34.745978],[-93.706164,34.963157],[-93.704962,35.019716],[-94.074449,35.026432],[-94.07353,35.054183],[-94.141765,35.055685],[-94.140463,35.099674],[-94.158645,35.099847],[-94.195091,35.078897],[-94.222921,35.079361],[-94.250781,35.063774],[-94.250852,35.058171],[-94.228244,35.057595],[-94.230551,34.968547],[-94.265163,34.957392],[-94.293254,34.953047],[-94.324174,34.955912],[-94.34867,34.947227],[-94.360669,34.960844],[-94.373405,34.960392],[-94.373153,34.95047],[-94.392173,34.943542],[-94.409405,34.949895],[-94.429615,34.931062],[-94.4478837250623,34.9340835669104],[-94.449253,34.895869],[-94.449086,34.894152],[-94.449058,34.890556],[-94.44963,34.875253],[-94.450065,34.861335],[-94.45014,34.858694],[-94.450233,34.855413],[-94.4533001508935,34.766112966887]]]}},{"type":"Feature","properties":{"code":"US-05129","name":"Searcy","label":"Searcy County","type":"County","parentCode":"US-AR"},"geometry":{"type":"Polygon","coordinates":[[[-92.946467,35.812943],[-92.951373,35.724635],[-92.809745,35.722417],[-92.793178,35.722243],[-92.63143,35.718381],[-92.629837,35.790823],[-92.416846,35.788632],[-92.415825,35.929039],[-92.414396,35.975798],[-92.411563,36.062757],[-92.581538,36.065388],[-92.837821,36.070125],[-92.83691,36.113795],[-92.890725,36.114245],[-92.94463,36.115253],[-92.945496,36.071674],[-92.938469,36.071665],[-92.940835,35.990045],[-92.946467,35.812943]]]}},{"type":"Feature","properties":{"code":"US-05131","name":"Sebastian","label":"Sebastian County","type":"County","parentCode":"US-AR"},"geometry":{"type":"Polygon","coordinates":[[[-94.4463019423841,34.9782289305087],[-94.4478837250623,34.9340835669104],[-94.429615,34.931062],[-94.409405,34.949895],[-94.392173,34.943542],[-94.373153,34.95047],[-94.373405,34.960392],[-94.360669,34.960844],[-94.34867,34.947227],[-94.324174,34.955912],[-94.293254,34.953047],[-94.265163,34.957392],[-94.230551,34.968547],[-94.228244,35.057595],[-94.250852,35.058171],[-94.250781,35.063774],[-94.222921,35.079361],[-94.195091,35.078897],[-94.158645,35.099847],[-94.140463,35.099674],[-94.139676,35.128952],[-94.139339,35.143521],[-94.031236,35.140908],[-94.030209,35.173831],[-94.028872,35.214176],[-94.046565,35.214081],[-94.047022,35.199466],[-94.064779,35.199877],[-94.064314,35.214536],[-94.08222,35.214782],[-94.079682,35.295478],[-94.078844,35.32113],[-94.079359,35.331088],[-94.074437,35.444997],[-94.141124,35.450358],[-94.161326,35.435271],[-94.140597,35.414001],[-94.132251,35.387602],[-94.143299,35.378412],[-94.180795,35.375492],[-94.202215,35.36111],[-94.234163,35.354127],[-94.24737,35.356751],[-94.283204,35.343492],[-94.297662,35.350143],[-94.304371,35.354491],[-94.31757,35.362785],[-94.324696,35.365471],[-94.340232,35.369351],[-94.344537,35.372881],[-94.337143,35.406847],[-94.347312,35.422774],[-94.349547,35.424423],[-94.364713,35.432903],[-94.38637,35.448805],[-94.412746,35.448005],[-94.4374321410684,35.4287478509008],[-94.431215,35.39429],[-94.4315694272977,35.3933843726198],[-94.4321677579656,35.3918555269614],[-94.433915,35.387391],[-94.432685,35.380806],[-94.433415,35.376291],[-94.431515,35.369591],[-94.432015,35.367391],[-94.431815,35.362891],[-94.4322539425496,35.3521277469952],[-94.4327725624367,35.3394107363883],[-94.4332185873698,35.3284738171825],[-94.4338001246658,35.3142140169994],[-94.434115,35.306493],[-94.4351390099158,35.2919345879366],[-94.43517,35.291494],[-94.43528,35.287485],[-94.435316,35.275893],[-94.435706,35.274267],[-94.435793020746,35.2718312400612],[-94.435812,35.2713],[-94.436595,35.250094],[-94.4370118276822,35.2467475055261],[-94.437578,35.242202],[-94.437774,35.239271],[-94.437578,35.230936],[-94.438247,35.210992],[-94.43847,35.208587],[-94.439084,35.197298],[-94.439056,35.193588],[-94.43886,35.187183],[-94.4389249638177,35.1856438880409],[-94.439509,35.171807],[-94.43955,35.169037],[-94.439717441608,35.1634420304557],[-94.440754,35.128806],[-94.441232,35.119724],[-94.4455986087128,34.9978579990775],[-94.4463019423841,34.9782289305087]]]}},{"type":"Feature","properties":{"code":"US-05133","name":"Sevier","label":"Sevier County","type":"County","parentCode":"US-AR"},"geometry":{"type":"Polygon","coordinates":[[[-94.4773177317554,33.9409503011619],[-94.4773197138202,33.9408589841988],[-94.467423,33.944351],[-94.448784,33.929075],[-94.411299,33.926969],[-94.421403,33.943198],[-94.385029,33.940804],[-94.379677,33.93336],[-94.387324,33.919356],[-94.390654,33.897923],[-94.362793,33.888069],[-94.372322,33.877475],[-94.338575,33.882025],[-94.334406,33.861],[-94.325699,33.853554],[-94.30312,33.853385],[-94.304185,33.824123],[-94.30231,33.821265],[-94.283531,33.830059],[-94.258748,33.817389],[-94.229723,33.80108],[-94.218541,33.814773],[-94.217998,33.80435],[-94.18586,33.811755],[-94.186967,33.785685],[-94.165439,33.791541],[-94.146492,33.789182],[-94.143527,33.781816],[-94.120663,33.791608],[-94.086544,33.783176],[-94.040865,33.781979],[-94.041783,33.753337],[-93.95891,33.751058],[-93.96889,33.769971],[-93.960288,33.78547],[-93.964656,33.796154],[-93.979087,33.814555],[-94.019022,33.850259],[-94.017051,33.867754],[-94.048874,33.882187],[-94.07116,33.930945],[-94.066929,33.958106],[-94.061398,33.962063],[-94.057906,33.964389],[-94.072653,34.004108],[-94.087439,34.034291],[-94.082998,34.061946],[-94.074182,34.06392],[-94.095263,34.078086],[-94.081656,34.10231],[-94.093294,34.112771],[-94.080467,34.125619],[-94.10316,34.135415],[-94.090581,34.155934],[-94.102876,34.16044],[-94.08978,34.186785],[-94.098289,34.191118],[-94.243788,34.1925],[-94.400845,34.190487],[-94.4702836220645,34.1901816463447],[-94.4711327575236,34.1591968820544],[-94.474896,34.021877],[-94.474896,34.021838],[-94.474895,34.019655],[-94.476957,33.957365],[-94.477038,33.953838],[-94.4773177317554,33.9409503011619]]]}},{"type":"Feature","properties":{"code":"US-05135","name":"Sharp","label":"Sharp County","type":"County","parentCode":"US-AR"},"geometry":{"type":"Polygon","coordinates":[[[-91.709528,36.00097],[-91.710483,35.941784],[-91.633054,35.93938],[-91.547584,35.938009],[-91.463132,35.93685],[-91.464678,35.892549],[-91.35742,35.89066],[-91.352824,36.023849],[-91.350959,36.062308],[-91.348459,36.157626],[-91.349834,36.230967],[-91.332156,36.230815],[-91.331545,36.244622],[-91.267796,36.243495],[-91.259326,36.243467],[-91.25892,36.25788],[-91.258485,36.330886],[-91.275972,36.330872],[-91.274863,36.374583],[-91.292435,36.374745],[-91.291543,36.389228],[-91.310087,36.389798],[-91.30873,36.420427],[-91.349067,36.420914],[-91.353247,36.4504],[-91.361853,36.472167],[-91.398455,36.479932],[-91.4068735134311,36.4971189963869],[-91.407137,36.497112],[-91.407261,36.497123],[-91.433298,36.497262],[-91.436502,36.497377],[-91.446284,36.497469],[-91.4500224283775,36.4975622246975],[-91.454409,36.343717],[-91.454363,36.335535],[-91.565901,36.336118],[-91.565904,36.315682],[-91.565992,36.257405],[-91.566061,36.249961],[-91.691443,36.25316],[-91.692115,36.209088],[-91.674176,36.208568],[-91.67497,36.164692],[-91.680543,36.143131],[-91.681125,36.073761],[-91.682207,36.000567],[-91.709528,36.00097]]]}},{"type":"Feature","properties":{"code":"US-05137","name":"Stone","label":"Stone County","type":"County","parentCode":"US-AR"},"geometry":{"type":"Polygon","coordinates":[[[-92.416846,35.788632],[-92.418409,35.716028],[-92.327591,35.713891],[-92.2408,35.712124],[-92.110325,35.709064],[-92.059014,35.708275],[-91.938963,35.706277],[-91.837176,35.705019],[-91.836121,35.748855],[-91.864993,35.770464],[-91.870982,35.810523],[-91.849917,35.844255],[-91.849456,35.867301],[-91.859033,35.880538],[-91.895953,35.882507],[-91.93643,35.912054],[-91.953049,35.931554],[-91.974377,35.940797],[-91.991052,35.931758],[-92.005374,35.91906],[-92.026383,35.921074],[-92.03006,35.939319],[-92.047562,35.94355],[-92.072749,35.928573],[-92.093395,35.926162],[-92.111577,35.934953],[-92.110181,35.950807],[-92.091626,35.960194],[-92.084164,35.983559],[-92.096842,35.999563],[-92.093452,36.019083],[-92.056979,36.033933],[-92.072013,36.048729],[-92.105727,36.05998],[-92.118631,36.070863],[-92.140229,36.113664],[-92.153501,36.115668],[-92.18096,36.102198],[-92.19056,36.106863],[-92.19564,36.133009],[-92.197449,36.059239],[-92.305109,36.061087],[-92.307215,35.974007],[-92.414396,35.975798],[-92.415825,35.929039],[-92.416846,35.788632]]]}},{"type":"Feature","properties":{"code":"US-05139","name":"Union","label":"Union County","type":"County","parentCode":"US-AR"},"geometry":{"type":"Polygon","coordinates":[[[-92.982201,33.246173],[-92.9887766133733,33.0172983171707],[-92.971137,33.017192],[-92.9709650314843,33.0171893068712],[-92.946553,33.016807],[-92.86751,33.016062],[-92.854167,33.016132],[-92.844286,33.01607],[-92.844073,33.016034],[-92.830798,33.015661],[-92.796533,33.014836],[-92.733197,33.014347],[-92.724994,33.014351],[-92.7247428295372,33.0143469910336],[-92.723553,33.014328],[-92.715884,33.014398],[-92.7158306447843,33.0143969433461],[-92.711289,33.014307],[-92.5249560059089,33.0123800334711],[-92.503776,33.012161],[-92.5024728192766,33.0121604554197],[-92.501383,33.01216],[-92.469762,33.01201],[-92.37029,33.010717],[-92.3683028506254,33.0106931809705],[-92.362865,33.010628],[-92.335893,33.010349],[-92.292664,33.010103],[-92.222825,33.00908],[-92.069105,33.008163],[-92.0689596390547,33.008162087981],[-92.081907,33.030226],[-92.108796,33.032501],[-92.113899,33.061291],[-92.12945,33.070486],[-92.134879,33.097837],[-92.119919,33.119467],[-92.111395,33.158461],[-92.137549,33.162904],[-92.150229,33.170383],[-92.162569,33.161164],[-92.162817,33.171304],[-92.17457,33.182719],[-92.179744,33.213908],[-92.187091,33.204841],[-92.210327,33.202164],[-92.224792,33.215754],[-92.212426,33.223261],[-92.234099,33.234665],[-92.225047,33.253696],[-92.23631,33.258485],[-92.242245,33.25051],[-92.266823,33.25452],[-92.270877,33.266564],[-92.293519,33.265032],[-92.296586,33.280917],[-92.308506,33.266652],[-92.324996,33.26212],[-92.328995,33.279834],[-92.359113,33.281961],[-92.350277,33.298842],[-92.380081,33.278753],[-92.431386,33.269468],[-92.461172,33.284901],[-92.472814,33.296408],[-92.460013,33.32022],[-92.480688,33.327838],[-92.484883,33.316396],[-92.499891,33.327617],[-92.522872,33.316559],[-92.51945,33.33039],[-92.532331,33.345693],[-92.531821,33.355619],[-92.567156,33.3672],[-92.594392,33.373739],[-92.623836,33.359132],[-92.645612,33.368551],[-92.656925,33.357865],[-92.682166,33.360067],[-92.714926,33.370512],[-92.720238,33.382324],[-92.760198,33.387659],[-92.777398,33.374942],[-92.785435,33.376864],[-92.794247,33.372582],[-92.94029,33.37638],[-92.978483,33.377142],[-92.982201,33.246173]]]}},{"type":"Feature","properties":{"code":"US-05141","name":"Van Buren","label":"Van Buren County","type":"County","parentCode":"US-AR"},"geometry":{"type":"Polygon","coordinates":[[[-92.849277,35.549474],[-92.850951,35.462959],[-92.650134,35.459224],[-92.514412,35.45607],[-92.479558,35.455553],[-92.481468,35.368417],[-92.319968,35.365102],[-92.252843,35.36365],[-92.248492,35.537922],[-92.24408,35.572734],[-92.244024,35.574898],[-92.243172,35.61024],[-92.2408,35.712124],[-92.327591,35.713891],[-92.418409,35.716028],[-92.416846,35.788632],[-92.629837,35.790823],[-92.63143,35.718381],[-92.793178,35.722243],[-92.809745,35.722417],[-92.811629,35.659328],[-92.813462,35.548917],[-92.849277,35.549474]]]}},{"type":"Feature","properties":{"code":"US-05143","name":"Washington","label":"Washington County","type":"County","parentCode":"US-AR"},"geometry":{"type":"Polygon","coordinates":[[[-94.5521649859981,36.1021279002748],[-94.547871,36.078281],[-94.547715,36.077271],[-94.5432560772227,36.0514404094066],[-94.535724,36.007807],[-94.534852,36.002678],[-94.533646,35.996804],[-94.532071,35.987852],[-94.532061349361,35.9877961410969],[-94.528305,35.966054],[-94.528162,35.965665],[-94.52464,35.945727],[-94.524344,35.94405],[-94.52291,35.936127],[-94.522634,35.934892],[-94.522658,35.934799],[-94.522658,35.93425],[-94.5182645152154,35.9062809394019],[-94.5182312922163,35.9060694407576],[-94.517571,35.901866],[-94.507631,35.845901],[-94.505642,35.833628],[-94.504438,35.826369],[-94.503011,35.81721],[-94.501162,35.80643],[-94.500764,35.80382],[-94.500526,35.802642],[-94.499647,35.79691],[-94.499045,35.79346],[-94.494549,35.768303],[-94.493362,35.761892],[-94.4929444807692,35.7592458746266],[-94.205957,35.752808],[-94.124927,35.750327],[-94.116731,35.76463],[-93.963054,35.761005],[-93.960629,35.83326],[-93.951872,35.833121],[-93.949077,35.923653],[-93.944108,36.091122],[-93.927231,36.134364],[-93.913208,36.170118],[-93.887891,36.235129],[-93.944341,36.236103],[-93.957115,36.22231],[-93.972089,36.22854],[-93.973702,36.204238],[-94.008776,36.215277],[-94.000214,36.230046],[-94.024337,36.223815],[-94.017509,36.208149],[-94.093267,36.209536],[-94.122024,36.210138],[-94.137865,36.210348],[-94.160294,36.210977],[-94.173776,36.211389],[-94.23214,36.212605],[-94.302119,36.214032],[-94.310841,36.214154],[-94.333639,36.214689],[-94.334217,36.198176],[-94.335832,36.152077],[-94.389818,36.142722],[-94.395809,36.09949],[-94.5521649859981,36.1021279002748]]]}},{"type":"Feature","properties":{"code":"US-05145","name":"White","label":"White County","type":"County","parentCode":"US-AR"},"geometry":{"type":"Polygon","coordinates":[[[-92.117555,35.138318],[-92.119748,35.06656],[-92.095318,35.064193],[-92.075122,35.075049],[-92.049997,35.067095],[-92.013056,35.076317],[-91.989588,35.060605],[-91.979414,35.053309],[-91.950873,35.045278],[-91.943631,35.045936],[-91.928762,35.046886],[-91.902557,35.027687],[-91.873458,35.025222],[-91.811262,35.033528],[-91.802509,35.030698],[-91.801847,35.041209],[-91.740832,35.050682],[-91.710526,35.062848],[-91.685746,35.052936],[-91.659294,35.052478],[-91.644124,35.042888],[-91.64074,35.027476],[-91.608725,35.020682],[-91.585165,35.025217],[-91.584005,35.091584],[-91.465269,35.089457],[-91.462781,35.102034],[-91.456007,35.088926],[-91.452319,35.101914],[-91.424804,35.103639],[-91.427619,35.111352],[-91.440784,35.103825],[-91.43889,35.118439],[-91.451154,35.134372],[-91.446494,35.141142],[-91.429088,35.136514],[-91.43371,35.152228],[-91.458753,35.155016],[-91.454019,35.169928],[-91.441626,35.165396],[-91.422018,35.179363],[-91.435924,35.181868],[-91.431472,35.190921],[-91.411656,35.196567],[-91.407768,35.212736],[-91.395706,35.208899],[-91.395992,35.197656],[-91.38416,35.187646],[-91.379492,35.198142],[-91.389815,35.199988],[-91.379729,35.214435],[-91.392111,35.223577],[-91.377897,35.223096],[-91.389158,35.235047],[-91.372566,35.255665],[-91.372217,35.265719],[-91.391946,35.252291],[-91.400553,35.264648],[-91.411836,35.265072],[-91.412662,35.302823],[-91.428692,35.293141],[-91.439027,35.301831],[-91.427522,35.3105],[-91.426419,35.335288],[-91.43951,35.338677],[-91.442257,35.348598],[-91.42887,35.350792],[-91.424625,35.36071],[-91.438713,35.368121],[-91.430781,35.371366],[-91.411019,35.360911],[-91.425681,35.375083],[-91.406405,35.386393],[-91.392192,35.375083],[-91.385255,35.380019],[-91.400644,35.391054],[-91.370892,35.405818],[-91.372206,35.420201],[-91.362768,35.428856],[-91.358087,35.40898],[-91.345325,35.423271],[-91.357196,35.427826],[-91.347257,35.439106],[-91.584454,35.442309],[-91.582094,35.530332],[-91.647956,35.532293],[-91.793577,35.534078],[-91.795997,35.45561],[-91.850034,35.436483],[-91.850566,35.419959],[-91.852222,35.358384],[-91.874903,35.35868],[-92.111535,35.362633],[-92.114965,35.226858],[-92.117555,35.138318]]]}},{"type":"Feature","properties":{"code":"US-05147","name":"Woodruff","label":"Woodruff County","type":"County","parentCode":"US-AR"},"geometry":{"type":"Polygon","coordinates":[[[-91.474412,35.067437],[-91.478092,35.057989],[-91.461202,35.052043],[-91.363754,35.051186],[-91.368658,34.912665],[-91.29479,34.912452],[-91.293142,34.985234],[-91.238144,34.984809],[-91.237363,35.004289],[-91.14975,35.002469],[-91.045445,35.001048],[-91.042566,35.148188],[-91.039633,35.354255],[-91.185207,35.356934],[-91.251555,35.357561],[-91.253007,35.445779],[-91.350011,35.445045],[-91.347257,35.439106],[-91.357196,35.427826],[-91.345325,35.423271],[-91.358087,35.40898],[-91.362768,35.428856],[-91.372206,35.420201],[-91.370892,35.405818],[-91.400644,35.391054],[-91.385255,35.380019],[-91.392192,35.375083],[-91.406405,35.386393],[-91.425681,35.375083],[-91.411019,35.360911],[-91.430781,35.371366],[-91.438713,35.368121],[-91.424625,35.36071],[-91.42887,35.350792],[-91.442257,35.348598],[-91.43951,35.338677],[-91.426419,35.335288],[-91.427522,35.3105],[-91.439027,35.301831],[-91.428692,35.293141],[-91.412662,35.302823],[-91.411836,35.265072],[-91.400553,35.264648],[-91.391946,35.252291],[-91.372217,35.265719],[-91.372566,35.255665],[-91.389158,35.235047],[-91.377897,35.223096],[-91.392111,35.223577],[-91.379729,35.214435],[-91.389815,35.199988],[-91.379492,35.198142],[-91.38416,35.187646],[-91.395992,35.197656],[-91.395706,35.208899],[-91.407768,35.212736],[-91.411656,35.196567],[-91.431472,35.190921],[-91.435924,35.181868],[-91.422018,35.179363],[-91.441626,35.165396],[-91.454019,35.169928],[-91.458753,35.155016],[-91.43371,35.152228],[-91.429088,35.136514],[-91.446494,35.141142],[-91.451154,35.134372],[-91.43889,35.118439],[-91.440784,35.103825],[-91.427619,35.111352],[-91.424804,35.103639],[-91.452319,35.101914],[-91.456007,35.088926],[-91.462781,35.102034],[-91.465269,35.089457],[-91.446463,35.067374],[-91.474412,35.067437]]]}},{"type":"Feature","properties":{"code":"US-05149","name":"Yell","label":"Yell County","type":"County","parentCode":"US-AR"},"geometry":{"type":"Polygon","coordinates":[[[-93.706164,34.963157],[-93.709985,34.745978],[-93.499101,34.743877],[-93.394402,34.743393],[-93.394487,34.77242],[-93.287785,34.773242],[-93.288283,34.86087],[-93.305864,34.861049],[-93.305682,34.875463],[-93.28835,34.875268],[-93.288184,34.888872],[-93.270667,34.889123],[-93.270374,34.90368],[-93.252575,34.903791],[-93.252301,34.918209],[-93.235018,34.918091],[-93.235063,34.932592],[-93.217452,34.932698],[-93.217338,34.947782],[-93.200492,34.947591],[-93.200017,34.962326],[-93.181733,34.961903],[-93.181354,34.976295],[-93.169624,34.976049],[-93.160177,34.97599],[-93.160162,34.990457],[-93.142165,34.990165],[-93.141769,35.004639],[-93.124065,35.0041],[-93.123736,35.018605],[-93.105949,35.018128],[-93.105564,35.034277],[-93.087263,35.033942],[-93.069425,35.048087],[-93.069223,35.062626],[-93.051491,35.062352],[-93.042408,35.076879],[-93.040561,35.07688],[-93.025345,35.091241],[-93.040124,35.109496],[-93.010917,35.114528],[-92.982521,35.116303],[-92.978787,35.131532],[-92.9575,35.139537],[-92.92334,35.168419],[-92.900911,35.169993],[-92.927358,35.176848],[-92.953231,35.172545],[-93.002282,35.168476],[-93.02971,35.156633],[-93.028014,35.129623],[-93.044031,35.11907],[-93.069846,35.119996],[-93.092734,35.139794],[-93.079938,35.150184],[-93.077953,35.178752],[-93.091937,35.183122],[-93.12112,35.172738],[-93.137942,35.193002],[-93.145884,35.219768],[-93.149652,35.225912],[-93.182927,35.261693],[-93.198259,35.271217],[-93.234627,35.273852],[-93.246174,35.279958],[-93.278215,35.312436],[-93.27886,35.278094],[-93.279929,35.212556],[-93.456977,35.215908],[-93.483907,35.201894],[-93.484109,35.180602],[-93.510998,35.17421],[-93.511183,35.165953],[-93.511321,35.159717],[-93.529139,35.159989],[-93.529736,35.145502],[-93.561744,35.146179],[-93.662882,35.148223],[-93.663263,35.133835],[-93.706901,35.130963],[-93.707604,35.101464],[-93.709061,35.046787],[-93.704962,35.019716],[-93.706164,34.963157]]]}}]}
