{"type":"FeatureCollection","name":"admin2_usa_us-mt","adm0A3":"USA","parentCode":"US-MT","parentName":"Montana","bbox":[-116.049894,44.357991,-104.039138,49.001078],"features":[{"type":"Feature","properties":{"code":"US-30001","name":"Beaverhead","label":"Beaverhead County","type":"County","parentCode":"US-MT"},"geometry":{"type":"Polygon","coordinates":[[[-113.938321908438,45.6956708603326],[-113.931425,45.673036],[-113.911088,45.653182],[-113.900479,45.648029],[-113.897095,45.641257],[-113.901986,45.633817],[-113.904582,45.621777],[-113.885897,45.61679],[-113.861295,45.62343],[-113.822959,45.612256],[-113.80662,45.601916],[-113.802846,45.592401],[-113.801468,45.584548],[-113.8038,45.579779],[-113.819759,45.566096],[-113.834446,45.520499],[-113.809035,45.519678],[-113.80274,45.522929],[-113.79647,45.523232],[-113.778252,45.523185],[-113.769812,45.521953],[-113.767878,45.51899],[-113.766908,45.5018],[-113.760139,45.486337],[-113.764554,45.477478],[-113.784051,45.454716],[-113.783163,45.451609],[-113.764482,45.431173],[-113.764225,45.422255],[-113.776934,45.415402],[-113.774153,45.406547],[-113.760815,45.406271],[-113.734293,45.392123],[-113.732983,45.389943],[-113.732281,45.384828],[-113.735421,45.364508],[-113.740091,45.34536],[-113.73862,45.329511],[-113.735492,45.325035],[-113.68925,45.28332],[-113.687968,45.276177],[-113.691448,45.270682],[-113.69193,45.264961],[-113.684837,45.253476],[-113.67864,45.24904],[-113.6743,45.249181],[-113.665524,45.246035],[-113.656918,45.241206],[-113.649955,45.23448],[-113.64729,45.228052],[-113.63678,45.212753],[-113.599397,45.190884],[-113.589782,45.176756],[-113.594523,45.165804],[-113.569386,45.140759],[-113.574561,45.128181],[-113.549393,45.112874],[-113.528728,45.116319],[-113.509762,45.114739],[-113.505967,45.108034],[-113.512483,45.09902],[-113.520291,45.089805],[-113.488813,45.071794],[-113.478855,45.06227],[-113.466455,45.062551],[-113.460469,45.064649],[-113.451861,45.059017],[-113.451202,45.044476],[-113.4498,45.034937],[-113.437617,45.006737],[-113.446775,44.998315],[-113.446904,44.984407],[-113.444753,44.975911],[-113.4446681963,44.9746349398804],[-113.443673,44.95966],[-113.448849,44.953314],[-113.467358,44.947831],[-113.474672,44.948565],[-113.480727,44.95008],[-113.494337,44.948367],[-113.498636,44.942084],[-113.491012,44.927318],[-113.474947,44.90469],[-113.457061,44.873945],[-113.422193,44.840141],[-113.396258,44.837674],[-113.376949,44.833167],[-113.355953,44.819568],[-113.345991,44.800381],[-113.346583,44.798668],[-113.354654,44.795238],[-113.353925,44.791515],[-113.341595,44.784623],[-113.301399,44.798755],[-113.296721,44.803128],[-113.278273,44.812476],[-113.247057,44.82272],[-113.23862,44.813914],[-113.209515,44.80884],[-113.194251,44.801921],[-113.183286,44.793335],[-113.179257,44.786912],[-113.163697,44.778691],[-113.158097,44.780617],[-113.140509,44.776468],[-113.131344,44.772607],[-113.131278,44.764508],[-113.137595,44.759879],[-113.134715,44.752533],[-113.116765,44.737874],[-113.102029,44.728797],[-113.101045,44.708348],[-113.097955,44.697247],[-113.081797,44.691162],[-113.070474,44.679429],[-113.067647,44.672577],[-113.070311,44.667614],[-113.068197,44.656144],[-113.06548,44.649141],[-113.051395,44.63672],[-113.04924,44.62915],[-113.05342,44.620957],[-113.056661,44.618427],[-113.065484,44.617161],[-113.073651,44.613698],[-113.08371,44.60199],[-113.082374,44.59546],[-113.070247,44.589902],[-113.060962,44.577099],[-113.037403,44.564132],[-113.038413,44.558321],[-113.045993,44.550742],[-113.042241,44.54192],[-113.007085,44.52573],[-113.006719,44.518209],[-113.016938,44.50375],[-113.026039,44.496786],[-113.018531,44.481443],[-113.006737,44.471485],[-113.003435,44.450584],[-112.981573,44.434049],[-112.951435,44.417966],[-112.917675,44.405165],[-112.884701,44.398135],[-112.88166,44.380085],[-112.855286,44.359745],[-112.84475,44.357991],[-112.82038,44.370716],[-112.814181246313,44.3768360827892],[-112.813131,44.377873],[-112.812499,44.392045],[-112.821787,44.407206],[-112.835925,44.422423],[-112.828082,44.442242],[-112.796916,44.464506],[-112.776027,44.484114],[-112.748902,44.491003],[-112.734975,44.498929],[-112.719001,44.504114],[-112.707706,44.502793],[-112.67106,44.491035],[-112.664376,44.48622],[-112.6553,44.487106],[-112.601754,44.490785],[-112.584088,44.481138],[-112.573404,44.480753],[-112.550448,44.484698],[-112.54188,44.483741],[-112.518762,44.475554],[-112.511927,44.47019],[-112.511604,44.466215],[-112.500201,44.462821],[-112.473098,44.479797],[-112.460238,44.47548],[-112.435233,44.461986],[-112.38728,44.447828],[-112.368655,44.466923],[-112.358817,44.48605],[-112.356491,44.492897],[-112.358808,44.528617],[-112.354101,44.535408],[-112.348685,44.538461],[-112.319089,44.53888],[-112.314899,44.54167],[-112.314938,44.549819],[-112.31279,44.553306],[-112.307533,44.557421],[-112.286078,44.568242],[-112.258556,44.569286],[-112.242676,44.567861],[-112.230008,44.562529],[-112.226732,44.555009],[-112.229368,44.549264],[-112.221589,44.543289],[-112.183828,44.532837],[-112.179594,44.532791],[-112.164488,44.541436],[-112.136345,44.539681],[-112.128969,44.53607],[-112.124992,44.528297],[-112.106646,44.520599],[-112.101455,44.520617],[-112.09619,44.522982],[-112.093195,44.529772],[-112.068902,44.536874],[-112.053325,44.534859],[-112.036834,44.530093],[-112.034024,44.537486],[-112.034916,44.542461],[-112.032598,44.546412],[-112.013741,44.542118],[-111.995122,44.535214],[-111.980724,44.536452],[-111.951413,44.549832],[-111.947832,44.556546],[-111.903457,44.557],[-111.887743,44.563183],[-111.870395,44.563803],[-111.849184,44.539607],[-111.842433,44.525839],[-111.821379,44.509056],[-111.807805,44.511486],[-111.806275,44.522084],[-111.761795,44.529611],[-111.758857,44.533536],[-111.746292,44.540536],[-111.737082,44.54283],[-111.715365,44.543313],[-111.709444,44.549976],[-111.704109,44.559975],[-111.681462,44.559634],[-111.617294856226,44.5492464623432],[-111.614296,44.548761],[-111.60114,44.55398],[-111.591659,44.561272],[-111.585654,44.562613],[-111.562705,44.554979],[-111.556468,44.554265],[-111.546528,44.556869],[-111.523897,44.548155],[-111.516015,44.537532],[-111.500683,44.539832],[-111.471573,44.540594],[-111.467627,44.544291],[-111.469076,44.551814],[-111.491915,44.56058],[-111.505282,44.561971],[-111.507763,44.567848],[-111.504642,44.574758],[-111.517814,44.582166],[-111.523497,44.598844],[-111.524245,44.604087],[-111.52113,44.615296],[-111.505467,44.625221],[-111.512641,44.63915],[-111.503942,44.644744],[-111.494911,44.644804],[-111.473069,44.665249],[-111.469607,44.677852],[-111.477871,44.682163],[-111.484789,44.687348],[-111.490119,44.699991],[-111.48923,44.704716],[-111.48591,44.707424],[-111.481245557837,44.7086973237701],[-111.781099,44.708845],[-111.781157,44.781027],[-111.893638,44.78101],[-111.903038,44.782112],[-112.025141,44.782112],[-112.065797,44.783475],[-112.065678,44.825985],[-112.14673,44.826137],[-112.167108,44.826738],[-112.166986,44.912587],[-112.190634,44.912735],[-112.191187,45.000512],[-112.334248,45.000519],[-112.333899,45.088423],[-112.456854,45.088509],[-112.458062,45.34991],[-112.464393,45.372453],[-112.46426,45.39382],[-112.505568,45.443009],[-112.53944,45.446534],[-112.577233,45.429838],[-112.600477,45.430013],[-112.628609,45.440586],[-112.638841,45.4551],[-112.687839,45.47724],[-112.691297,45.512279],[-112.704848,45.533232],[-112.694053,45.542756],[-112.686825,45.569294],[-112.687155,45.601005],[-112.679445,45.612427],[-112.687054,45.624854],[-112.699704,45.645018],[-112.692293,45.655676],[-112.701192,45.67654],[-112.736315,45.686198],[-112.736285,45.704386],[-112.746473,45.705434],[-112.753717,45.711934],[-112.747754,45.729421],[-112.758271,45.734084],[-112.759339,45.748209],[-112.780579,45.755554],[-112.785239,45.763659],[-112.799207,45.75876],[-112.823566,45.774252],[-112.855172,45.779797],[-112.868394,45.777761],[-112.884734,45.789258],[-112.902475,45.780303],[-112.927058,45.801387],[-112.945329,45.799029],[-112.988358,45.808476],[-113.020731,45.822352],[-113.024696,45.829739],[-113.085517,45.860648],[-113.100273,45.881717],[-113.178277,45.885226],[-113.19694,45.874555],[-113.228838,45.866457],[-113.255046,45.845582],[-113.249978,45.839614],[-113.275418,45.817973],[-113.298169,45.81861],[-113.308299,45.806389],[-113.335912,45.81324],[-113.346235,45.805143],[-113.364429,45.771036],[-113.362945,45.758021],[-113.377852,45.759976],[-113.395063,45.76649],[-113.434945,45.806614],[-113.429665,45.83108],[-113.441418,45.855822],[-113.468014,45.885971],[-113.495527,45.936184],[-113.516144,45.938814],[-113.535109,45.913198],[-113.53655,45.893877],[-113.528581,45.88116],[-113.568151,45.871916],[-113.5914,45.862898],[-113.592215,45.850224],[-113.610954,45.850455],[-113.622542,45.841305],[-113.654693,45.840373],[-113.667875,45.835373],[-113.697639,45.843545],[-113.712522,45.838384],[-113.729448,45.819538],[-113.744046,45.815074],[-113.777981,45.792129],[-113.791792,45.792216],[-113.787101,45.778497],[-113.804353,45.763062],[-113.829875,45.750746],[-113.849397,45.75278],[-113.854917,45.773141],[-113.870452,45.781574],[-113.896496,45.769723],[-113.916267,45.746133],[-113.904489,45.730735],[-113.911328,45.698877],[-113.922306,45.703976],[-113.938321908438,45.6956708603326]]]}},{"type":"Feature","properties":{"code":"US-30003","name":"Big Horn","label":"Big Horn County","type":"County","parentCode":"US-MT"},"geometry":{"type":"Polygon","coordinates":[[[-108.69953,45.233662],[-108.699576,45.226162],[-108.69054,45.217683],[-108.683988,45.217653],[-108.659575,45.217561],[-108.600603,45.217405],[-108.550173,45.217779],[-108.53279,45.217913],[-108.503195,45.218113],[-108.464173,45.218536],[-108.417518,45.219156],[-108.365922,45.219883],[-108.323143,45.220033],[-108.290414,45.220182],[-108.229324,45.220325],[-108.172366,45.220501],[-108.128334,45.220486],[-108.104615,45.220513],[-108.104319,45.218699],[-108.11244,45.216189],[-108.121648,45.216285],[-108.129522,45.217109],[-108.12838,45.214169],[-108.13177,45.207231],[-108.135861,45.200235],[-108.134289,45.198046],[-108.138689,45.194191],[-108.142999,45.19409],[-108.142097,45.191472],[-108.137571,45.187612],[-108.132418,45.185724],[-108.133303,45.181755],[-108.138527,45.182037],[-108.142665,45.184979],[-108.149107,45.183179],[-108.148878,45.179898],[-108.151186,45.172424],[-108.151846,45.169067],[-108.157476,45.169632],[-108.159198,45.171656],[-108.164534,45.172018],[-108.167845,45.171086],[-108.167791,45.168001],[-108.164386,45.166302],[-108.161676,45.161798],[-108.167106,45.161788],[-108.170861,45.160531],[-108.172408,45.155113],[-108.16921,45.149639],[-108.17124,45.146083],[-108.168495,45.143267],[-108.164853,45.142182],[-108.163637,45.138736],[-108.166003,45.136192],[-108.173887,45.131763],[-108.181654,45.132209],[-108.186978,45.128133],[-108.184311,45.127209],[-108.181986,45.123147],[-108.184108,45.118788],[-108.183771,45.11529],[-108.189048,45.112464],[-108.193024,45.114256],[-108.194666,45.110933],[-108.191757,45.109759],[-108.186923,45.105254],[-108.187967,45.101612],[-108.194375,45.098318],[-108.199413,45.100554],[-108.199147,45.102734],[-108.204484,45.102779],[-108.205654,45.098961],[-108.206555,45.09541],[-108.211427,45.093851],[-108.214075,45.094817],[-108.218998,45.091102],[-108.220482,45.083908],[-108.223783,45.076333],[-108.230029,45.068855],[-108.227782,45.066645],[-108.233231,45.063774],[-108.236813,45.06413],[-108.239786,45.059964],[-108.239943,45.057678],[-108.234595,45.053839],[-108.227439,45.05355],[-108.221444,45.051532],[-108.220961,45.048903],[-108.227762,45.047386],[-108.233974,45.048149],[-108.240024,45.046101],[-108.244848,45.039532],[-108.249443,45.032398],[-108.250055,45.026389],[-108.247857,45.022811],[-108.25067,45.019859],[-108.253395,45.019465],[-108.253321,45.016581],[-108.253289,45.013375],[-108.256679,45.01051],[-108.257616,45.006703],[-108.254148,45.00645],[-108.249907,45.006846],[-108.245917,45.004677],[-108.246401,45.002057],[-108.249428072831,44.9994610141268],[-108.249345,44.999458],[-108.238139,45.000206],[-108.218479,45.000541],[-108.14939,45.001062],[-108.000663,45.001223],[-107.997353,45.001565],[-107.911521043863,45.0012911855561],[-107.882519096686,45.0011986657955],[-107.750654,45.000778],[-107.608854,45.00086],[-107.607824,45.000929],[-107.49205,45.00148],[-107.351441,45.001407],[-107.13418,45.000109],[-107.125633,44.999388],[-107.105685,44.998734],[-107.084939,44.996599],[-107.074996,44.997004],[-107.050801,44.996424],[-107.005160256291,44.9962861466082],[-106.901589102136,44.9959733200912],[-106.892875,44.995947],[-106.888773,44.995885],[-106.263715092465,44.9937884330015],[-106.263684,45.179723],[-106.279709,45.179728],[-106.39888,45.179746],[-106.768014,45.179728],[-106.768676,45.352826],[-106.729543,45.35148],[-106.729616,45.407405],[-106.729569,45.669885],[-106.727573,45.676469],[-106.846476,45.676587],[-106.912959,45.683915],[-106.9128,45.788221],[-106.877116,45.788217],[-106.877217,45.831714],[-106.939077,45.831608],[-106.939095,45.870041],[-107.052159,45.870052],[-107.051946,45.913489],[-107.17636,45.913323],[-107.176358,45.956761],[-107.425128,45.956674],[-107.424929,46.043374],[-107.511534,46.043403],[-107.674454,46.04361],[-107.674468,45.985759],[-107.798753,45.98568],[-107.798821,45.956723],[-107.84038,45.956812],[-107.840375,45.928018],[-107.881873,45.928149],[-107.881846,45.899233],[-108.047352,45.899479],[-108.047559,45.783476],[-108.069572,45.782451],[-108.069585,45.681492],[-108.069752,45.518535],[-108.193205,45.518538],[-108.193191,45.489526],[-108.316245,45.489503],[-108.316374,45.460509],[-108.445304,45.464433],[-108.645325,45.464073],[-108.651432,45.458942],[-108.676089,45.438264],[-108.686658,45.389018],[-108.691612,45.37392],[-108.697229,45.355993],[-108.699444,45.329791],[-108.699343,45.28862],[-108.69953,45.233662]]]}},{"type":"Feature","properties":{"code":"US-30005","name":"Blaine","label":"Blaine County","type":"County","parentCode":"US-MT"},"geometry":{"type":"Polygon","coordinates":[[[-109.551644,48.293479],[-109.551758,48.221373],[-109.533938,48.221317],[-109.534295,48.134564],[-109.538663,47.871021],[-109.538677,47.738864],[-109.510907,47.74451],[-109.487237,47.730941],[-109.464006,47.725093],[-109.436685,47.725727],[-109.425315,47.720153],[-109.349699,47.750787],[-109.312838,47.758383],[-109.301081,47.770263],[-109.281933,47.776942],[-109.274171,47.793239],[-109.229905,47.794923],[-109.190276,47.790903],[-109.160341,47.77981],[-109.132768,47.781122],[-109.0659,47.801067],[-109.030258,47.792451],[-109.000719,47.803119],[-108.978383,47.802658],[-108.959958,47.792624],[-108.942745,47.791824],[-108.945661,47.772897],[-108.920422,47.756494],[-108.950006,47.736901],[-108.943659,47.729125],[-108.919407,47.735396],[-108.891115,47.734456],[-108.891069,47.870608],[-108.88835,47.916293],[-108.885352,47.922729],[-108.671694,47.923256],[-108.625587,47.920411],[-108.623259,47.957242],[-108.607579,47.990997],[-108.598581,47.991896],[-108.569564,47.981272],[-108.43398,47.976553],[-108.433848,48.219551],[-108.411239,48.21955],[-108.411274,48.315983],[-108.411186,48.444981],[-108.410374,48.448484],[-108.404675,48.440634],[-108.359574,48.439003],[-108.367579,48.430923],[-108.346316,48.422305],[-108.346193,48.56845],[-108.319011,48.568431],[-108.319119,48.742209],[-108.259384,48.742225],[-108.259372,48.913592],[-108.236357,48.91352],[-108.236361401449,48.9995710124833],[-108.236393,48.999571],[-108.389033,48.99928],[-108.625696,48.999113],[-108.875089,48.999188],[-108.998228,48.999121],[-109.111867395492,48.9995597675803],[-109.24039,49.000056],[-109.489499,49.000292],[-109.489549187555,49.0002919264177],[-109.489627,48.913968],[-109.505514,48.913911],[-109.505333,48.56791],[-109.496881,48.525207],[-109.464318,48.52526],[-109.464318,48.452638],[-109.49673,48.45273],[-109.497028,48.394739],[-109.51878,48.394726],[-109.51908,48.293457],[-109.551644,48.293479]]]}},{"type":"Feature","properties":{"code":"US-30007","name":"Broadwater","label":"Broadwater County","type":"County","parentCode":"US-MT"},"geometry":{"type":"Polygon","coordinates":[[[-111.787949,46.569465],[-111.786418,46.136277],[-111.784434,46.136289],[-111.784185,46.093663],[-111.784565,46.049813],[-111.660422,46.049192],[-111.660057,45.8335],[-111.650685,45.85078],[-111.639809,45.847469],[-111.637117,45.861],[-111.62647,45.861296],[-111.608522,45.888663],[-111.587696,45.906682],[-111.559039,45.914828],[-111.54804,45.909803],[-111.542181,45.919842],[-111.495428,45.934429],[-111.466971,45.956242],[-111.463608,45.989881],[-111.457088,45.99884],[-111.442899,45.990694],[-111.418704,45.997326],[-111.423831,46.061951],[-111.405801,46.085097],[-111.391267,46.093374],[-111.394598,46.109096],[-111.349372,46.122607],[-111.346652,46.187785],[-111.159545,46.192829],[-111.061956,46.192834],[-111.061565,46.195775],[-111.060808,46.209087],[-111.061831,46.220865],[-111.06604,46.225035],[-111.069289,46.231111],[-111.080428,46.233684],[-111.082456,46.239881],[-111.077983,46.246036],[-111.077628,46.248772],[-111.081379,46.250306],[-111.088515,46.253141],[-111.097402,46.257164],[-111.101485,46.25838],[-111.105341,46.258411],[-111.108124,46.260459],[-111.107767,46.262294],[-111.108645,46.264513],[-111.112198,46.265726],[-111.116266,46.266269],[-111.12049,46.269537],[-111.12418,46.271894],[-111.124951,46.276573],[-111.124138,46.280633],[-111.120887,46.289244],[-111.119243,46.297303],[-111.118295,46.309207],[-111.113063,46.319853],[-111.102851,46.33215],[-111.093506,46.339803],[-111.089035,46.346031],[-111.082092,46.34733],[-111.077068,46.346691],[-111.070469,46.35028],[-111.070468,46.355117],[-111.068567,46.361935],[-111.071686,46.368129],[-111.072205,46.3732],[-111.067832,46.379169],[-111.065271,46.38519],[-111.065794,46.391035],[-111.06119,46.394876],[-111.057011,46.40132],[-111.061171,46.407676],[-111.065231,46.409963],[-111.072764,46.412088],[-111.079421,46.416748],[-111.085942,46.420159],[-111.091257,46.42324],[-111.095619,46.426736],[-111.097354,46.429575],[-111.100279,46.433942],[-111.108894,46.434997],[-111.112961,46.436553],[-111.122961,46.439063],[-111.124599,46.44355],[-111.121391,46.446743],[-111.1239,46.452724],[-111.128383,46.45231],[-111.139843,46.449776],[-111.153013,46.449168],[-111.161017,46.449356],[-111.175794,46.445001],[-111.178655,46.435705],[-111.192858,46.429149],[-111.207864,46.427272],[-111.218157,46.429753],[-111.23074,46.430526],[-111.238564,46.43607],[-111.246294,46.43799],[-111.250555,46.444028],[-111.249621,46.453497],[-111.248592,46.45941],[-111.252037,46.46936],[-111.255004,46.477911],[-111.255248,46.483553],[-111.254197,46.491109],[-111.256042,46.495493],[-111.262615,46.498495],[-111.265649,46.496963],[-111.269767,46.498661],[-111.272597,46.502412],[-111.274501,46.507418],[-111.276835,46.514032],[-111.283037,46.522975],[-111.296574,46.528325],[-111.309213,46.530187],[-111.316402,46.530474],[-111.323499,46.534393],[-111.337304,46.538416],[-111.341097,46.542473],[-111.340106,46.549055],[-111.328767,46.555902],[-111.324251,46.556323],[-111.32071,46.560696],[-111.320479,46.564325],[-111.324446,46.571713],[-111.332824,46.577152],[-111.333688,46.583662],[-111.329624,46.589507],[-111.330967,46.595679],[-111.334502,46.605473],[-111.331257,46.610336],[-111.327,46.613372],[-111.326951,46.616934],[-111.329288,46.619467],[-111.327258,46.625055],[-111.329673,46.629245],[-111.330335,46.631131],[-111.332044,46.634458],[-111.33717,46.634752],[-111.343428,46.635164],[-111.346625,46.635534],[-111.355028,46.634784],[-111.363939,46.63511],[-111.368987,46.640346],[-111.374729,46.643337],[-111.379253,46.646287],[-111.388811,46.644698],[-111.396489,46.64365],[-111.405146,46.64155],[-111.407284,46.63951],[-111.411584,46.641289],[-111.411461,46.64471],[-111.409842,46.652974],[-111.41099,46.659376],[-111.413554,46.669198],[-111.417072,46.674786],[-111.42257,46.677743],[-111.426013,46.681289],[-111.434514,46.681392],[-111.443188,46.681592],[-111.447487,46.681538],[-111.45109,46.683142],[-111.450235,46.685039],[-111.44555,46.688192],[-111.443301,46.690997],[-111.443994,46.695453],[-111.446631,46.70001],[-111.452719,46.702156],[-111.458489,46.703842],[-111.461567,46.704325],[-111.460527,46.706921],[-111.45781,46.708687],[-111.453078,46.713358],[-111.45004,46.714976],[-111.450075,46.718161],[-111.45318,46.719921],[-111.45907,46.721398],[-111.46172,46.722314],[-111.463193,46.724823],[-111.459956,46.726596],[-111.458273,46.727818],[-111.456751,46.729009],[-111.457489,46.729477],[-111.457428,46.731008],[-111.456404,46.732193],[-111.456105,46.738722],[-111.456911,46.744126],[-111.459862,46.746636],[-111.464758,46.751323],[-111.473202,46.752465],[-111.478084,46.754784],[-111.482245,46.75602],[-111.48633,46.756263],[-111.493687,46.761016],[-111.498095,46.762502],[-111.508887,46.759565],[-111.544694,46.769188],[-111.561771,46.766413],[-111.56733,46.776866],[-111.587,46.781852],[-111.606135,46.776607],[-111.624978,46.746337],[-111.639261,46.73818],[-111.640095,46.582463],[-111.635862,46.570003],[-111.787949,46.569465]]]}},{"type":"Feature","properties":{"code":"US-30009","name":"Carbon","label":"Carbon County","type":"County","parentCode":"US-MT"},"geometry":{"type":"Polygon","coordinates":[[[-109.798673,45.167339],[-109.798484792608,45.0021855418206],[-109.75073,45.001605],[-109.663673,45.002536],[-109.574321,45.002631],[-109.386432,45.004887],[-109.375713,45.00461],[-109.269294,45.005283],[-109.263431,45.005345],[-109.103445,45.005904],[-109.08301,44.99961],[-109.062557815044,44.9996228146522],[-109.062262,44.999623],[-109.057754161997,44.9996310227884],[-108.621315083242,45.0004077717245],[-108.578484,45.000484],[-108.565921,45.000578],[-108.500679,44.999691],[-108.271201,45.000251],[-108.249428072831,44.9994610141268],[-108.246401,45.002057],[-108.245917,45.004677],[-108.249907,45.006846],[-108.254148,45.00645],[-108.257616,45.006703],[-108.256679,45.01051],[-108.253289,45.013375],[-108.253321,45.016581],[-108.253395,45.019465],[-108.25067,45.019859],[-108.247857,45.022811],[-108.250055,45.026389],[-108.249443,45.032398],[-108.244848,45.039532],[-108.240024,45.046101],[-108.233974,45.048149],[-108.227762,45.047386],[-108.220961,45.048903],[-108.221444,45.051532],[-108.227439,45.05355],[-108.234595,45.053839],[-108.239943,45.057678],[-108.239786,45.059964],[-108.236813,45.06413],[-108.233231,45.063774],[-108.227782,45.066645],[-108.230029,45.068855],[-108.223783,45.076333],[-108.220482,45.083908],[-108.218998,45.091102],[-108.214075,45.094817],[-108.211427,45.093851],[-108.206555,45.09541],[-108.205654,45.098961],[-108.204484,45.102779],[-108.199147,45.102734],[-108.199413,45.100554],[-108.194375,45.098318],[-108.187967,45.101612],[-108.186923,45.105254],[-108.191757,45.109759],[-108.194666,45.110933],[-108.193024,45.114256],[-108.189048,45.112464],[-108.183771,45.11529],[-108.184108,45.118788],[-108.181986,45.123147],[-108.184311,45.127209],[-108.186978,45.128133],[-108.181654,45.132209],[-108.173887,45.131763],[-108.166003,45.136192],[-108.163637,45.138736],[-108.164853,45.142182],[-108.168495,45.143267],[-108.17124,45.146083],[-108.16921,45.149639],[-108.172408,45.155113],[-108.170861,45.160531],[-108.167106,45.161788],[-108.161676,45.161798],[-108.164386,45.166302],[-108.167791,45.168001],[-108.167845,45.171086],[-108.164534,45.172018],[-108.159198,45.171656],[-108.157476,45.169632],[-108.151846,45.169067],[-108.151186,45.172424],[-108.148878,45.179898],[-108.149107,45.183179],[-108.142665,45.184979],[-108.138527,45.182037],[-108.133303,45.181755],[-108.132418,45.185724],[-108.137571,45.187612],[-108.142097,45.191472],[-108.142999,45.19409],[-108.138689,45.194191],[-108.134289,45.198046],[-108.135861,45.200235],[-108.13177,45.207231],[-108.12838,45.214169],[-108.129522,45.217109],[-108.121648,45.216285],[-108.11244,45.216189],[-108.104319,45.218699],[-108.104615,45.220513],[-108.128334,45.220486],[-108.172366,45.220501],[-108.229324,45.220325],[-108.290414,45.220182],[-108.323143,45.220033],[-108.365922,45.219883],[-108.417518,45.219156],[-108.464173,45.218536],[-108.503195,45.218113],[-108.53279,45.217913],[-108.550173,45.217779],[-108.600603,45.217405],[-108.659575,45.217561],[-108.683988,45.217653],[-108.69054,45.217683],[-108.699576,45.226162],[-108.69953,45.233662],[-108.699343,45.28862],[-108.699444,45.329791],[-108.697229,45.355993],[-108.691612,45.37392],[-108.686658,45.389018],[-108.676089,45.438264],[-108.651432,45.458942],[-108.645325,45.464073],[-108.698102,45.464072],[-108.699283,45.522629],[-108.760308,45.522831],[-108.760482,45.55192],[-108.801761,45.551965],[-108.802373,45.587518],[-108.796854,45.588631],[-108.782891,45.613142],[-108.782,45.638639],[-108.797787,45.635238],[-108.843016,45.611042],[-108.860998,45.613514],[-108.89137,45.602532],[-108.933844,45.602855],[-108.977944,45.616399],[-109.028807,45.601347],[-109.03975,45.590937],[-109.068498,45.583241],[-109.128412,45.586737],[-109.128225,45.523025],[-109.191551,45.523095],[-109.191761,45.464504],[-109.224409,45.464474],[-109.356417,45.464326],[-109.356454,45.449843],[-109.39759,45.449766],[-109.418352,45.449762],[-109.41831,45.435298],[-109.438586,45.435272],[-109.438524,45.420771],[-109.479697,45.420834],[-109.479707,45.40636],[-109.500318,45.406327],[-109.500319,45.391845],[-109.520884,45.391852],[-109.520873,45.377362],[-109.54139,45.377353],[-109.541381,45.362873],[-109.561924,45.362843],[-109.567657,45.333898],[-109.588222,45.333905],[-109.588185,45.304874],[-109.608831,45.304832],[-109.608504,45.261445],[-109.687857,45.26144],[-109.687792,45.167339],[-109.798673,45.167339]]]}},{"type":"Feature","properties":{"code":"US-30011","name":"Carter","label":"Carter County","type":"County","parentCode":"US-MT"},"geometry":{"type":"Polygon","coordinates":[[[-105.038205,45.352035],[-105.038252994286,45.0003443637024],[-105.025266,45.00029],[-105.019284,45.000329],[-105.01824,45.000437],[-104.765063,44.999183],[-104.759855,44.999066],[-104.72637,44.999518],[-104.665171,44.998618],[-104.663882,44.998869],[-104.470422,44.998453],[-104.470117,44.998453],[-104.250145,44.99822],[-104.057698,44.997431],[-104.05021,44.997571],[-104.039138,44.99852],[-104.039693,45.000552],[-104.039563,45.124039],[-104.039977,45.124988],[-104.040135756493,45.2128907620416],[-104.040358,45.335946],[-104.040265,45.345356],[-104.040114,45.374214],[-104.04041,45.393474],[-104.040816,45.462708],[-104.041764,45.490789],[-104.041274,45.499994],[-104.041145,45.503367],[-104.041717,45.539122],[-104.041647,45.550691],[-104.041937,45.557915],[-104.042597,45.749998],[-104.043814,45.868385],[-104.044009,45.871974],[-104.04403,45.881975],[-104.134826,45.881928],[-104.134842,45.968833],[-104.327993,45.968023],[-104.390876,45.970363],[-104.390744,46.054826],[-104.516078,46.054844],[-104.516126,46.136196],[-104.885495,46.136595],[-104.939205,46.136575],[-104.939289,45.786964],[-104.98194,45.786982],[-104.987306,45.442759],[-104.987318,45.35204],[-105.038205,45.352035]]]}},{"type":"Feature","properties":{"code":"US-30013","name":"Cascade","label":"Cascade County","type":"County","parentCode":"US-MT"},"geometry":{"type":"Polygon","coordinates":[[[-112.047781,47.516034],[-112.044945,47.258007],[-112.044829,47.192711],[-112.026356,47.19926],[-112.008461,47.190763],[-112.01016,47.17921],[-111.977739,47.184103],[-111.979252,47.173743],[-111.961708,47.169033],[-111.942139,47.143582],[-111.920137,47.135693],[-111.896286,47.135741],[-111.896359,47.121281],[-111.874437,47.121392],[-111.87488,47.128655],[-111.789278,47.128922],[-111.790236,46.913764],[-111.658132,46.913423],[-111.539214,46.913371],[-111.539373,47.000559],[-111.286626,47.001026],[-111.285244,47.005637],[-111.24342,47.011751],[-111.204876,47.011762],[-111.158464,47.034378],[-111.158498,47.071447],[-111.131186,47.087992],[-111.098805,47.087933],[-111.079846,47.085726],[-111.077396,47.082899],[-111.079425,47.077065],[-111.083749,47.070291],[-111.083629,47.062809],[-111.080865,47.055509],[-111.077235,47.046562],[-111.085987,47.039],[-111.098531,47.032565],[-111.102544,47.027865],[-111.099556,47.024238],[-111.09516,47.018142],[-111.08512,47.011731],[-111.078081,47.008755],[-111.069388,47.005436],[-111.060059,47.007456],[-111.046912,47.005188],[-111.037966,47.005943],[-111.029924,47.006663],[-111.017219,47.003715],[-111.009447,47.002991],[-111.003187,47.004806],[-110.994742,47.002406],[-110.996227,47.000203],[-110.988038,46.998232],[-110.981898,47.000022],[-110.972085,47.00005],[-110.96445,46.99792],[-110.955774,46.992613],[-110.946353,46.990766],[-110.936835,46.986636],[-110.930612,46.985148],[-110.92415,46.984754],[-110.917343,46.98185],[-110.912561,46.979184],[-110.908143,46.973305],[-110.903275,46.969888],[-110.8962,46.967088],[-110.891147,46.963929],[-110.88648,46.959258],[-110.883635,46.956978],[-110.87331,46.950077],[-110.866626,46.945039],[-110.85552,46.942987],[-110.853872,46.935773],[-110.855261,46.930691],[-110.857112,46.926689],[-110.8542,46.92077],[-110.847625,46.920474],[-110.838994,46.918187],[-110.830058,46.914175],[-110.820318,46.913846],[-110.816774,46.910307],[-110.809468,46.903692],[-110.802688,46.903363],[-110.794877,46.906204],[-110.791835,46.909047],[-110.786098,46.910547],[-110.783503,46.907113],[-110.782523,46.901391],[-110.774062,46.898427],[-110.764421,46.898386],[-110.760498,46.898598],[-110.760562,46.896094],[-110.755307,46.893164],[-110.753336,46.887612],[-110.757867,46.886011],[-110.761153,46.88189],[-110.758433,46.878197],[-110.761426,46.875051],[-110.757285,46.872168],[-110.755559,46.87286],[-110.754225,46.871445],[-110.754113,46.868719],[-110.753517,46.863156],[-110.752471,46.857244],[-110.75531,46.853154],[-110.755698,46.847313],[-110.748782,46.845235],[-110.739622,46.847943],[-110.727511,46.846054],[-110.724615,46.841676],[-110.720727,46.838004],[-110.716156,46.838485],[-110.710494,46.841928],[-110.704045,46.841963],[-110.699725,46.843977],[-110.696055,46.843292],[-110.695665,46.841192],[-110.692587,46.838431],[-110.684695,46.831984],[-110.678276,46.824479],[-110.669379,46.820864],[-110.663502,46.819322],[-110.659114,46.819054],[-110.652874,46.823191],[-110.652877,46.823626],[-110.652909,46.837162],[-110.636381,46.837161],[-110.640951,46.923934],[-110.645109,47.010685],[-110.645212,47.09587],[-110.770698,47.096546],[-110.76694,47.183872],[-110.766593,47.234539],[-110.777426,47.234576],[-110.777326,47.249098],[-110.788068,47.249133],[-110.788302,47.307848],[-110.772313,47.307914],[-110.767032,47.297065],[-110.767125,47.359128],[-110.638911,47.359032],[-110.639559,47.416486],[-110.639589,47.445425],[-110.769129,47.446096],[-110.768465,47.525638],[-110.86463,47.524714],[-110.867821,47.538248],[-110.888633,47.539529],[-110.890253,47.552288],[-110.907845,47.542271],[-110.937684,47.547337],[-110.965297,47.563821],[-110.969772,47.571639],[-111.002503,47.5724],[-111.030432,47.58233],[-111.049847,47.598333],[-111.039881,47.62231],[-111.005448,47.65864],[-110.976171,47.698738],[-111.40885,47.698123],[-111.666482,47.697761],[-111.666216,47.63949],[-111.66626,47.611253],[-111.795112,47.61112],[-111.922936,47.611231],[-111.922186,47.52407],[-111.926223,47.500289],[-111.938605,47.505723],[-111.99944,47.507289],[-112.026416,47.517836],[-112.047781,47.516034]]]}},{"type":"Feature","properties":{"code":"US-30015","name":"Chouteau","label":"Chouteau County","type":"County","parentCode":"US-MT"},"geometry":{"type":"Polygon","coordinates":[[[-111.409097,48.132218],[-111.408514,47.987178],[-111.40885,47.698123],[-110.976171,47.698738],[-111.005448,47.65864],[-111.039881,47.62231],[-111.049847,47.598333],[-111.030432,47.58233],[-111.002503,47.5724],[-110.969772,47.571639],[-110.965297,47.563821],[-110.937684,47.547337],[-110.907845,47.542271],[-110.890253,47.552288],[-110.888633,47.539529],[-110.867821,47.538248],[-110.86463,47.524714],[-110.768465,47.525638],[-110.769129,47.446096],[-110.639589,47.445425],[-110.639559,47.416486],[-110.213596,47.416657],[-110.159579,47.415312],[-110.147246,47.42854],[-110.079185,47.448489],[-110.031015,47.479404],[-110.012532,47.473802],[-109.993137,47.478208],[-109.967549,47.487957],[-109.915022,47.52144],[-109.871281,47.524599],[-109.850793,47.539142],[-109.850381,47.564907],[-109.843075,47.576945],[-109.848407,47.605439],[-109.836491,47.625251],[-109.831519,47.648816],[-109.840826,47.691305],[-109.836861,47.712041],[-109.755126,47.703281],[-109.722711,47.702621],[-109.691058,47.728554],[-109.67078,47.735709],[-109.633538,47.739449],[-109.606785,47.732575],[-109.579712,47.7478],[-109.538677,47.738864],[-109.538663,47.871021],[-109.534295,48.134564],[-109.59811,48.132495],[-109.726914,48.132859],[-109.726873,48.147279],[-109.726943,48.221525],[-109.845812,48.219004],[-109.845932,48.305971],[-110.063116,48.306055],[-110.625409,48.306479],[-110.631966,48.219731],[-110.755873,48.219601],[-110.827413,48.219566],[-110.827168,48.133205],[-111.409097,48.132218]]]}},{"type":"Feature","properties":{"code":"US-30017","name":"Custer","label":"Custer County","type":"County","parentCode":"US-MT"},"geometry":{"type":"Polygon","coordinates":[[[-106.191629,46.137183],[-106.191734,45.7886],[-105.572147,45.788637],[-104.98194,45.786982],[-104.939289,45.786964],[-104.939205,46.136575],[-104.885495,46.136595],[-104.885577,46.313346],[-104.905313,46.313333],[-104.905988,46.482251],[-104.732672,46.482202],[-104.733059,46.612695],[-104.858738,46.612557],[-104.858749,46.569115],[-104.98474,46.569386],[-104.984714,46.540389],[-105.239238,46.541188],[-105.239058,46.570265],[-105.449196,46.570967],[-105.449406,46.600011],[-105.491919,46.600085],[-105.492002,46.658117],[-105.576063,46.658003],[-105.576394,46.745021],[-105.618097,46.744932],[-105.618158,46.832148],[-105.832631,46.83196],[-105.832674,46.86082],[-106.086585,46.86029],[-106.086463,46.845881],[-106.086341,46.831462],[-106.12063,46.831438],[-106.120366,46.483648],[-106.155143,46.483634],[-106.154792,46.304461],[-106.15494,46.224287],[-106.153433,46.13726],[-106.191629,46.137183]]]}},{"type":"Feature","properties":{"code":"US-30019","name":"Daniels","label":"Daniels County","type":"County","parentCode":"US-MT"},"geometry":{"type":"Polygon","coordinates":[[[-106.15193,48.910637],[-106.151908,48.823927],[-106.021251,48.823975],[-106.020984,48.63192],[-106.02131,48.563424],[-105.804436,48.563358],[-105.431738,48.563141],[-104.973354,48.56319],[-104.973353,48.632891],[-104.973283,48.65006],[-105.038548,48.650099],[-105.038171,48.910512],[-105.057742,48.910522],[-105.057642,48.999012],[-105.231087,48.99923],[-105.421313,48.999513],[-105.633551,48.9997],[-105.818138,48.999606],[-106.050327,48.999388],[-106.112058,48.99946],[-106.112003,48.910647],[-106.15193,48.910637]]]}},{"type":"Feature","properties":{"code":"US-30021","name":"Dawson","label":"Dawson County","type":"County","parentCode":"US-MT"},"geometry":{"type":"Polygon","coordinates":[[[-105.406581,47.529534],[-105.406309,47.181583],[-105.324853,47.181496],[-105.324757,46.977196],[-105.196735,46.977172],[-105.197011,46.919192],[-105.069524,46.919172],[-105.069583,46.905275],[-105.048831,46.905229],[-105.048789,46.890683],[-105.027542,46.890581],[-105.027526,46.861457],[-104.603766,46.860853],[-104.496582,46.860813],[-104.486034,46.875266],[-104.464947,46.875204],[-104.454413,46.88966],[-104.433233,46.88961],[-104.433241,46.904095],[-104.412124,46.904003],[-104.401536,46.93307],[-104.369824,46.947576],[-104.359173,46.976582],[-104.327241,47.005803],[-104.327277,47.041967],[-104.306062,47.042046],[-104.31637,47.136863],[-104.316166,47.18054],[-104.331316,47.194862],[-104.33118,47.216506],[-104.341804,47.2165],[-104.34168,47.245392],[-104.352315,47.245391],[-104.373515,47.274291],[-104.387164,47.274256],[-104.387266,47.288716],[-104.419293,47.303343],[-104.430045,47.317949],[-104.450985,47.319277],[-104.422616,47.345007],[-104.420347,47.354435],[-104.513292,47.354719],[-104.513049,47.529442],[-104.594046,47.529335],[-104.593664,47.616294],[-104.978553,47.616272],[-104.97809,47.703293],[-105.235016,47.703581],[-105.234771,47.790502],[-105.363262,47.790419],[-105.363507,47.529558],[-105.406581,47.529534]]]}},{"type":"Feature","properties":{"code":"US-30023","name":"Deer Lodge","label":"Deer Lodge County","type":"County","parentCode":"US-MT"},"geometry":{"type":"Polygon","coordinates":[[[-113.517409,45.940089],[-113.516144,45.938814],[-113.495527,45.936184],[-113.468014,45.885971],[-113.441418,45.855822],[-113.429665,45.83108],[-113.434945,45.806614],[-113.395063,45.76649],[-113.377852,45.759976],[-113.362945,45.758021],[-113.364429,45.771036],[-113.346235,45.805143],[-113.335912,45.81324],[-113.308299,45.806389],[-113.298169,45.81861],[-113.275418,45.817973],[-113.249978,45.839614],[-113.255046,45.845582],[-113.228838,45.866457],[-113.19694,45.874555],[-113.178277,45.885226],[-113.100273,45.881717],[-113.085517,45.860648],[-113.060777,45.869716],[-113.024083,45.871393],[-113.014113,45.883285],[-112.965254,45.90554],[-112.96021,45.922587],[-112.928171,45.927434],[-112.923224,45.934595],[-112.938401,45.968412],[-112.938955,45.993258],[-112.922793,46.004811],[-112.877609,45.999503],[-112.870103,46.028215],[-112.852763,46.048434],[-112.777717,46.048313],[-112.777586,46.058599],[-112.77712,46.135826],[-112.681004,46.135672],[-112.656229,46.152864],[-112.640342,46.174398],[-112.615227,46.165391],[-112.577106,46.178981],[-112.573573,46.211809],[-112.597936,46.236894],[-112.579659,46.241824],[-112.558599,46.265821],[-113.036825,46.266826],[-113.036818,46.22333],[-113.284532,46.222783],[-113.274364,46.135798],[-113.274359,46.059326],[-113.278012,46.045268],[-113.335804,46.005384],[-113.362468,46.007155],[-113.378448,46.01863],[-113.396907,46.014241],[-113.399267,46.000469],[-113.415089,45.989807],[-113.440669,45.981405],[-113.458019,45.984303],[-113.468163,45.968122],[-113.459333,45.962294],[-113.480035,45.939763],[-113.499843,45.948439],[-113.517409,45.940089]]]}},{"type":"Feature","properties":{"code":"US-30025","name":"Fallon","label":"Fallon County","type":"County","parentCode":"US-MT"},"geometry":{"type":"Polygon","coordinates":[[[-104.905988,46.482251],[-104.905313,46.313333],[-104.885577,46.313346],[-104.885495,46.136595],[-104.516126,46.136196],[-104.516078,46.054844],[-104.390744,46.054826],[-104.390876,45.970363],[-104.327993,45.968023],[-104.134842,45.968833],[-104.134826,45.881928],[-104.04403,45.881975],[-104.045443,45.94531],[-104.046822,46.000199],[-104.045759,46.123946],[-104.045237,46.125002],[-104.045417303568,46.2800809431805],[-104.045469,46.324545],[-104.045462,46.341895],[-104.045481,46.366871],[-104.046103,46.383916],[-104.045045,46.509788],[-104.045098337697,46.5408609844411],[-104.045271,46.641449],[-104.045271165876,46.6415039833225],[-104.354835,46.641409],[-104.354701,46.670381],[-104.418001,46.670435],[-104.417998,46.684892],[-104.606903,46.684924],[-104.606835,46.655968],[-104.732843,46.656264],[-104.733059,46.612695],[-104.732672,46.482202],[-104.905988,46.482251]]]}},{"type":"Feature","properties":{"code":"US-30027","name":"Fergus","label":"Fergus County","type":"County","parentCode":"US-MT"},"geometry":{"type":"Polygon","coordinates":[[[-110.213596,47.416657],[-110.213285,47.358771],[-110.127952,47.35902],[-110.127699,47.27191],[-110.000289,47.272133],[-110.000024,47.228716],[-109.872475,47.228883],[-109.871985,47.185323],[-109.756568,47.185694],[-109.755423,46.896023],[-109.776507,46.896005],[-109.776408,46.881539],[-109.792249,46.881524],[-109.797469,46.867038],[-109.798833,46.830933],[-109.835569,46.830865],[-109.835424,46.809161],[-109.830132,46.801932],[-109.798462,46.801972],[-109.787763,46.794745],[-109.787614,46.780261],[-109.756666,46.780389],[-109.756379,46.744238],[-109.745815,46.744327],[-109.745745,46.694097],[-109.745745,46.693593],[-109.389163,46.693625],[-109.389092,46.693625],[-109.389208,46.751351],[-109.00957,46.750702],[-108.631462,46.749392],[-108.630689,46.836807],[-108.611116,46.836776],[-108.608954,47.098126],[-108.736838,47.098218],[-108.736077,47.183414],[-108.719283,47.183358],[-108.719189,47.270342],[-108.591111,47.270135],[-108.590835,47.306516],[-108.464255,47.306838],[-108.3368,47.307932],[-108.315481,47.315152],[-108.31549,47.531071],[-108.313048,47.58365],[-108.332682,47.580277],[-108.335819,47.5674],[-108.350385,47.567444],[-108.356267,47.580207],[-108.377853,47.577607],[-108.386342,47.592007],[-108.404464,47.595058],[-108.412458,47.5849],[-108.428956,47.588458],[-108.425143,47.604153],[-108.435911,47.601227],[-108.442461,47.61477],[-108.456908,47.615726],[-108.474541,47.598274],[-108.509227,47.601199],[-108.507494,47.609147],[-108.526067,47.620824],[-108.538516,47.61394],[-108.572422,47.609483],[-108.610972,47.624329],[-108.631376,47.619525],[-108.6714,47.619556],[-108.6883,47.631485],[-108.709856,47.632769],[-108.728836,47.649826],[-108.755437,47.643842],[-108.771619,47.645523],[-108.78982,47.662943],[-108.78406,47.682104],[-108.823987,47.710251],[-108.891115,47.734456],[-108.919407,47.735396],[-108.943659,47.729125],[-108.950006,47.736901],[-108.920422,47.756494],[-108.945661,47.772897],[-108.942745,47.791824],[-108.959958,47.792624],[-108.978383,47.802658],[-109.000719,47.803119],[-109.030258,47.792451],[-109.0659,47.801067],[-109.132768,47.781122],[-109.160341,47.77981],[-109.190276,47.790903],[-109.229905,47.794923],[-109.274171,47.793239],[-109.281933,47.776942],[-109.301081,47.770263],[-109.312838,47.758383],[-109.349699,47.750787],[-109.425315,47.720153],[-109.436685,47.725727],[-109.464006,47.725093],[-109.487237,47.730941],[-109.510907,47.74451],[-109.538677,47.738864],[-109.579712,47.7478],[-109.606785,47.732575],[-109.633538,47.739449],[-109.67078,47.735709],[-109.691058,47.728554],[-109.722711,47.702621],[-109.755126,47.703281],[-109.836861,47.712041],[-109.840826,47.691305],[-109.831519,47.648816],[-109.836491,47.625251],[-109.848407,47.605439],[-109.843075,47.576945],[-109.850381,47.564907],[-109.850793,47.539142],[-109.871281,47.524599],[-109.915022,47.52144],[-109.967549,47.487957],[-109.993137,47.478208],[-110.012532,47.473802],[-110.031015,47.479404],[-110.079185,47.448489],[-110.147246,47.42854],[-110.159579,47.415312],[-110.213596,47.416657]]]}},{"type":"Feature","properties":{"code":"US-30029","name":"Flathead","label":"Flathead County","type":"County","parentCode":"US-MT"},"geometry":{"type":"Polygon","coordinates":[[[-115.020079,48.225954],[-115.010094,48.139115],[-115.010672,48.017621],[-115.010678,48.003139],[-114.989433,48.003141],[-114.989344,47.872807],[-114.861117,47.872802],[-114.818683,47.875773],[-114.604584,47.875605],[-114.604462,47.789871],[-114.47729,47.789941],[-114.477451,47.875401],[-114.492115,47.886096],[-114.49219,47.961989],[-114.368104,47.962026],[-114.110078,47.962542],[-114.038545,47.96255],[-114.038991,47.987535],[-114.061661,47.990088],[-114.078282,48.023148],[-114.050243,48.022994],[-114.049903,48.037342],[-114.028326,48.037343],[-114.020967,48.051649],[-114.01673,48.05174],[-113.974482,48.051593],[-113.884541,48.0519],[-113.877125,48.041642],[-113.872342,48.042841],[-113.859226,48.025524],[-113.865544,48.013908],[-113.842199,47.978242],[-113.803682,47.980212],[-113.795666,47.968215],[-113.772336,47.957966],[-113.770362,47.947664],[-113.747183,47.952952],[-113.718499,47.916726],[-113.69873,47.916746],[-113.668077,47.890963],[-113.675251,47.865571],[-113.666201,47.84065],[-113.66959,47.812324],[-113.6817,47.805153],[-113.670642,47.78315],[-113.652681,47.773809],[-113.649744,47.755847],[-113.664021,47.746003],[-113.640588,47.719998],[-113.603924,47.72144],[-113.598113,47.68315],[-113.605954,47.663181],[-113.622663,47.658657],[-113.625087,47.622019],[-113.634079,47.600027],[-113.466485,47.600057],[-113.325845,47.600161],[-113.325845,47.595507],[-113.144368,47.595507],[-113.146287,47.607507],[-113.135758,47.620321],[-113.144481,47.637216],[-113.132619,47.639194],[-113.12847,47.661047],[-113.146412,47.676472],[-113.165811,47.719764],[-113.164119,47.730023],[-113.138261,47.745892],[-113.121863,47.741589],[-113.094429,47.743507],[-113.080997,47.749917],[-113.082785,47.773041],[-113.066451,47.776214],[-113.059974,47.80806],[-113.0693,47.829101],[-113.058188,47.842496],[-113.05813,47.870819],[-113.062876,47.885563],[-113.092519,47.896129],[-113.086634,47.918182],[-113.063483,47.925118],[-113.022115,47.927097],[-113.013791,47.941483],[-112.984734,47.953918],[-112.951407,47.944591],[-112.912178,47.946577],[-112.892309,47.976359],[-112.878533,47.975784],[-112.896662,48.019019],[-112.907849,48.029873],[-112.936203,48.035341],[-112.947066,48.030981],[-112.950716,48.049976],[-112.93777,48.060926],[-112.963711,48.07491],[-112.982017,48.073957],[-112.978902,48.088645],[-112.994237,48.098514],[-112.983366,48.117761],[-113.000624,48.130734],[-113.014811,48.13103],[-113.030149,48.133269],[-113.052144,48.121542],[-113.052922,48.140902],[-113.063915,48.149976],[-113.090804,48.136443],[-113.13468,48.138183],[-113.130786,48.145457],[-113.152279,48.15124],[-113.166205,48.165455],[-113.190154,48.175254],[-113.207854,48.164377],[-113.230906,48.170426],[-113.236852,48.218002],[-113.226613,48.234355],[-113.236777,48.247211],[-113.289585,48.265339],[-113.2978,48.284251],[-113.322583,48.287724],[-113.348,48.303113],[-113.349046,48.310263],[-113.354804,48.316498],[-113.357297,48.317005],[-113.359835,48.31816],[-113.368749,48.322929],[-113.373807,48.327701],[-113.377283,48.33507],[-113.381622,48.337926],[-113.384695,48.340108],[-113.382214,48.343932],[-113.37522,48.349287],[-113.365714,48.354918],[-113.354398,48.360724],[-113.345403,48.366398],[-113.338102,48.373755],[-113.334876,48.380747],[-113.333527,48.385991],[-113.341131,48.392026],[-113.347879,48.397999],[-113.350858,48.405041],[-113.348695,48.412403],[-113.352189,48.417736],[-113.355863,48.421578],[-113.363694,48.422958],[-113.372206,48.422072],[-113.382623,48.417093],[-113.395193,48.417158],[-113.405531,48.419154],[-113.414885,48.422612],[-113.420111,48.426964],[-113.428991,48.431524],[-113.436465,48.433311],[-113.442277,48.438261],[-113.446522,48.442163],[-113.452358,48.445778],[-113.461953,48.445139],[-113.468642,48.448077],[-113.473394,48.452086],[-113.479755,48.454939],[-113.479966,48.460682],[-113.477041,48.464096],[-113.471525,48.47123],[-113.46715,48.477623],[-113.47091,48.484595],[-113.469515,48.492621],[-113.467851,48.495497],[-113.468831,48.500197],[-113.47311,48.502831],[-113.472523,48.512495],[-113.47202,48.520807],[-113.469588,48.529101],[-113.46972,48.537337],[-113.468348,48.542969],[-113.470827,48.549653],[-113.481402,48.553547],[-113.492777,48.552461],[-113.503053,48.558344],[-113.512617,48.56465],[-113.51627,48.571308],[-113.525394,48.574945],[-113.534923,48.577247],[-113.540761,48.582742],[-113.546647,48.585099],[-113.556874,48.583826],[-113.569047,48.580146],[-113.576616,48.58254],[-113.585092,48.583801],[-113.590923,48.579651],[-113.59837,48.575485],[-113.60765,48.576442],[-113.615597,48.583319],[-113.620521,48.590232],[-113.628527,48.597037],[-113.635266,48.599346],[-113.644186,48.598579],[-113.647946,48.59476],[-113.65224,48.591142],[-113.658268,48.587683],[-113.666359,48.586695],[-113.671029,48.588814],[-113.682266,48.593919],[-113.695776,48.593247],[-113.710129,48.595421],[-113.717291,48.599469],[-113.725506,48.600744],[-113.730357,48.605027],[-113.734254,48.608626],[-113.740637,48.610506],[-113.749441,48.613877],[-113.75255,48.620162],[-113.747561,48.626153],[-113.743245,48.634778],[-113.746226,48.641275],[-113.74625,48.648923],[-113.742328,48.654788],[-113.739099,48.662278],[-113.732181,48.667589],[-113.728802,48.67302],[-113.73411,48.680012],[-113.736974,48.685577],[-113.739837,48.688818],[-113.738415,48.693285],[-113.734663,48.693901],[-113.725533,48.693567],[-113.715994,48.697922],[-113.711074,48.702819],[-113.708228,48.708217],[-113.707126,48.71358],[-113.704234,48.716104],[-113.704844,48.721063],[-113.709422,48.723926],[-113.707793,48.729459],[-113.70977,48.734851],[-113.713729,48.740818],[-113.722028,48.743879],[-113.730433,48.746949],[-113.73797,48.75159],[-113.74175,48.759131],[-113.747276,48.766773],[-113.758122,48.771475],[-113.763761,48.77727],[-113.76622,48.784115],[-113.771032,48.787175],[-113.771768,48.792059],[-113.773606,48.799178],[-113.763447,48.804768],[-113.760674,48.811553],[-113.760304,48.815405],[-113.758814,48.816779],[-113.764085,48.82084],[-113.769925,48.823189],[-113.778182,48.828031],[-113.785526,48.832943],[-113.786513,48.839304],[-113.78902,48.8429],[-113.795124,48.844794],[-113.798848,48.843039],[-113.802604,48.840083],[-113.81075,48.838584],[-113.817992,48.842412],[-113.822666,48.848213],[-113.835396,48.850623],[-113.839681,48.852997],[-113.844822,48.854873],[-113.848687,48.852334],[-113.85797,48.850334],[-113.866474,48.846212],[-113.874201,48.840902],[-113.879377,48.838523],[-113.888547,48.841225],[-113.895789,48.845992],[-113.907842,48.84703],[-113.912225,48.846862],[-113.914487,48.843797],[-113.915235,48.838156],[-113.924307,48.831746],[-113.933792,48.82709],[-113.943511,48.82524],[-113.949537,48.819978],[-113.96042,48.819321],[-113.96349,48.822068],[-113.969168,48.82325],[-113.971599,48.821872],[-113.972429,48.821111],[-113.977241,48.823021],[-113.981299,48.825839],[-113.990307,48.82759],[-113.999048,48.830808],[-114.002747,48.832594],[-114.001409,48.836139],[-113.998964,48.837979],[-113.993732,48.838935],[-113.989443,48.842295],[-113.989657,48.847094],[-113.993032,48.854123],[-113.999064,48.858036],[-114.004711,48.862774],[-114.011129,48.864855],[-114.019992,48.867242],[-114.027276,48.874435],[-114.033498,48.881393],[-114.046047,48.885082],[-114.053043,48.887291],[-114.055901,48.891776],[-114.051367,48.894537],[-114.039831,48.895115],[-114.026718,48.899703],[-114.016627,48.906251],[-114.01462,48.913124],[-114.015955,48.920737],[-114.017362,48.925842],[-114.027569,48.932704],[-114.03536,48.931541],[-114.045238,48.933446],[-114.046315,48.937368],[-114.042542,48.944323],[-114.033572,48.952406],[-114.025879,48.957216],[-114.027067,48.964078],[-114.035638,48.964166],[-114.041956,48.96281],[-114.050817,48.964698],[-114.051962,48.96962],[-114.057103,48.975532],[-114.057705,48.980448],[-114.056908,48.98656],[-114.064735,48.991844],[-114.06818,48.998857],[-114.232151,49.000198],[-114.309879,49.000756],[-114.438489,49.001078],[-114.603277,49.000865],[-114.727045,49.000508],[-114.727062852554,49.000507958201],[-114.730256,48.999293],[-114.736548,48.993924],[-114.737091,48.988168],[-114.733603,48.982417],[-114.726686,48.98081],[-114.715661,48.979649],[-114.6995,48.980119],[-114.690885,48.976461],[-114.684811,48.972387],[-114.686355,48.966706],[-114.692038,48.963101],[-114.69657,48.956584],[-114.70314,48.952105],[-114.70889,48.946797],[-114.713994,48.943083],[-114.718348,48.937743],[-114.71592,48.930869],[-114.708454,48.928145],[-114.707212,48.91956],[-114.705548,48.912931],[-114.703881,48.905387],[-114.705465,48.897355],[-114.710574,48.890946],[-114.70702,48.88525],[-114.699498,48.878955],[-114.692741,48.872539],[-114.691098,48.865006],[-114.689604,48.859153],[-114.692987,48.850392],[-114.692071,48.844287],[-114.702324,48.839303],[-114.708788,48.832521],[-114.715918,48.831946],[-114.725657,48.828912],[-114.72712,48.822623],[-114.729005,48.81754],[-114.73162,48.811532],[-114.726606,48.807453],[-114.717918,48.803005],[-114.708113,48.8028],[-114.695388,48.800731],[-114.686854,48.799367],[-114.68042,48.797711],[-114.675797,48.798227],[-114.672353,48.796308],[-114.673049,48.792114],[-114.669947,48.787806],[-114.663603,48.784019],[-114.655666,48.781963],[-114.647454,48.778117],[-114.64247,48.772451],[-114.639927,48.76586],[-114.63575,48.760186],[-114.627817,48.758528],[-114.622183,48.759197],[-114.615377,48.757156],[-114.613447,48.75532],[-114.613589,48.75085],[-114.618517,48.748925],[-114.62039,48.742102],[-114.628659,48.738678],[-114.637202,48.732773],[-114.647018,48.731815],[-114.657727,48.730116],[-114.66746,48.727896],[-114.676422,48.725128],[-114.682051,48.719627],[-114.685915,48.713367],[-114.691479,48.708038],[-114.687588,48.702023],[-114.681919,48.699485],[-114.683127,48.694521],[-114.685514,48.693129],[-114.689452,48.685417],[-114.691502,48.682473],[-114.690809,48.677952],[-114.685414,48.676028],[-114.67491,48.6763],[-114.662601,48.671238],[-114.649537,48.667314],[-114.643098,48.664324],[-114.660465,48.658882],[-114.689466,48.658897],[-114.751834,48.658926],[-114.785323,48.65891],[-114.823522,48.658716],[-114.865176,48.658777],[-114.877903,48.658763],[-114.888683,48.64797],[-114.888695,48.635513],[-114.888671,48.613351],[-114.888693,48.590095],[-114.867131,48.573528],[-114.84981,48.561864],[-114.849813,48.544831],[-114.849807,48.519456],[-114.849804,48.494069],[-114.849798,48.465404],[-114.849556,48.446522],[-114.849446,48.423875],[-114.848627,48.395762],[-114.848569,48.366603],[-114.848564,48.359021],[-114.848098,48.226125],[-115.020079,48.225954]]]}},{"type":"Feature","properties":{"code":"US-30031","name":"Gallatin","label":"Gallatin County","type":"County","parentCode":"US-MT"},"geometry":{"type":"Polygon","coordinates":[[[-111.805259,45.798306],[-111.80538,45.786748],[-111.763324,45.786828],[-111.763273,45.772554],[-111.721847,45.772369],[-111.721683,45.743278],[-111.659738,45.743344],[-111.659742,45.728834],[-111.639745,45.728825],[-111.639717,45.714305],[-111.619036,45.714363],[-111.619037,45.699863],[-111.598318,45.699962],[-111.598239,45.685121],[-111.577687,45.685251],[-111.577698,45.670771],[-111.557006,45.670995],[-111.556969,45.656427],[-111.536316,45.656833],[-111.527969,45.642284],[-111.526038,45.642291],[-111.456553,45.642178],[-111.35138,45.641938],[-111.351031,45.497958],[-111.35003,45.350548],[-111.37303,45.350521],[-111.373035,45.285491],[-111.372579,45.080601],[-111.377483,44.911794],[-111.377116407194,44.7512280368929],[-111.374651,44.750065],[-111.366161,44.742004],[-111.366614,44.738131],[-111.355659,44.727372],[-111.347105,44.726278],[-111.335703,44.732654],[-111.32356,44.724244],[-111.305621,44.70737],[-111.268641,44.668049],[-111.276847,44.655396],[-111.269186,44.647036],[-111.252571,44.650862],[-111.224052,44.623172],[-111.237589,44.608782],[-111.231091,44.586279],[-111.224615,44.576252],[-111.20135,44.575466],[-111.186662,44.570994],[-111.180648,44.564311],[-111.180747,44.554883],[-111.173755,44.549333],[-111.155114,44.542402],[-111.132363,44.532785],[-111.138618,44.516854],[-111.128377,44.499728],[-111.108701,44.487865],[-111.067889,44.480723],[-111.052434,44.478411],[-111.055208,44.624927],[-111.055332727124,44.6662623099175],[-111.055511,44.725343],[-111.056416,44.749928],[-111.056888,44.866658],[-111.055629,44.933578],[-111.056207,44.935901],[-111.055199,45.001321],[-111.045065708123,45.0013432628163],[-111.045064,45.073895],[-111.04661,45.176327],[-111.038613,45.176379],[-111.038228,45.265867],[-111.038169,45.351391],[-110.918633,45.351275],[-110.917826,45.360463],[-110.919057,45.456582],[-110.919222,45.524861],[-110.858252,45.524879],[-110.857382,45.59065],[-110.794774,45.590682],[-110.795261,45.699235],[-110.789399,45.786308],[-110.78852,45.931278],[-110.792404,45.988779],[-110.790767,46.141846],[-110.783979,46.158218],[-110.783833,46.192699],[-111.061956,46.192834],[-111.159545,46.192829],[-111.346652,46.187785],[-111.349372,46.122607],[-111.394598,46.109096],[-111.391267,46.093374],[-111.405801,46.085097],[-111.423831,46.061951],[-111.418704,45.997326],[-111.442899,45.990694],[-111.457088,45.99884],[-111.463608,45.989881],[-111.466971,45.956242],[-111.495428,45.934429],[-111.542181,45.919842],[-111.54804,45.909803],[-111.559039,45.914828],[-111.587696,45.906682],[-111.608522,45.888663],[-111.62647,45.861296],[-111.637117,45.861],[-111.639809,45.847469],[-111.650685,45.85078],[-111.660057,45.8335],[-111.705467,45.795738],[-111.755855,45.804233],[-111.78526,45.793137],[-111.805259,45.798306]]]}},{"type":"Feature","properties":{"code":"US-30033","name":"Garfield","label":"Garfield County","type":"County","parentCode":"US-MT"},"geometry":{"type":"Polygon","coordinates":[[[-107.966521,47.252695],[-107.968459,47.25032],[-107.965419,47.247721],[-107.961511,47.246588],[-107.957082,47.245509],[-107.953573,47.24567],[-107.950102,47.243959],[-107.949091,47.239689],[-107.952237,47.237748],[-107.958855,47.239878],[-107.960814,47.236886],[-107.960334,47.235507],[-107.957327,47.233886],[-107.955714,47.230515],[-107.956592,47.227636],[-107.960098,47.229402],[-107.962227,47.232028],[-107.96329,47.228287],[-107.957708,47.224926],[-107.951143,47.224942],[-107.951414,47.226131],[-107.946758,47.22559],[-107.944667,47.224002],[-107.944722,47.221753],[-107.946165,47.221484],[-107.942989,47.218693],[-107.937549,47.214081],[-107.938824,47.205639],[-107.944812,47.202268],[-107.945909,47.200265],[-107.948284,47.197522],[-107.948566,47.194731],[-107.948286,47.194942],[-107.943343,47.194032],[-107.937647,47.193917],[-107.932653,47.190205],[-107.9351,47.19107],[-107.937656,47.190781],[-107.93704,47.18798],[-107.933362,47.187566],[-107.932118,47.184519],[-107.935437,47.182672],[-107.936497,47.178776],[-107.93156,47.179665],[-107.932131,47.182023],[-107.927535,47.181669],[-107.925309,47.180578],[-107.926344,47.176515],[-107.930134,47.175236],[-107.930667,47.171715],[-107.92939,47.170442],[-107.929229,47.167653],[-107.933556,47.165597],[-107.939372,47.168067],[-107.940109,47.169985],[-107.941176,47.171039],[-107.946091,47.168818],[-107.944944,47.165287],[-107.939769,47.162528],[-107.939965,47.158231],[-107.938507,47.155923],[-107.941912,47.155262],[-107.943639,47.157168],[-107.943787,47.158928],[-107.944587,47.159729],[-107.949044,47.159581],[-107.954145,47.159296],[-107.952011,47.155309],[-107.948455,47.151691],[-107.944581,47.147373],[-107.938332,47.14419],[-107.945085,47.140868],[-107.95038,47.14107],[-107.954322,47.140516],[-107.954617,47.137712],[-107.952287,47.138138],[-107.946637,47.13956],[-107.942647,47.139464],[-107.94264,47.135512],[-107.947763,47.131801],[-107.950369,47.130974],[-107.953232,47.131807],[-107.953629,47.134974],[-107.957096,47.133128],[-107.956105,47.130494],[-107.958993,47.126539],[-107.957396,47.123772],[-107.955383,47.121706],[-107.94977,47.119842],[-107.947713,47.121275],[-107.941541,47.119876],[-107.938089,47.116002],[-107.933811,47.116522],[-107.931155,47.113763],[-107.931365,47.11254],[-107.934527,47.112792],[-107.936227,47.114042],[-107.938811,47.113183],[-107.939738,47.110594],[-107.945954,47.109598],[-107.948597,47.110903],[-107.951449,47.110255],[-107.948926,47.107954],[-107.93827,47.104585],[-107.934801,47.098235],[-107.933975,47.093128],[-107.935806,47.086767],[-107.939517,47.086922],[-107.941952,47.087025],[-107.936569,47.083616],[-107.93354,47.081242],[-107.932146,47.077606],[-107.928115,47.079028],[-107.929617,47.081815],[-107.923763,47.083009],[-107.920927,47.081197],[-107.920413,47.077771],[-107.924256,47.075647],[-107.926165,47.072865],[-107.923105,47.069287],[-107.918579,47.070379],[-107.914293,47.069727],[-107.916352,47.067052],[-107.919699,47.067077],[-107.922549,47.065411],[-107.924483,47.06314],[-107.920926,47.060562],[-107.917763,47.061335],[-107.91663,47.060691],[-107.918983,47.058933],[-107.921599,47.056349],[-107.925401,47.054342],[-107.926004,47.054559],[-107.923748,47.052695],[-107.924014,47.047688],[-107.925665,47.045381],[-107.922837,47.043784],[-107.91848,47.043198],[-107.912406,47.039935],[-107.908235,47.033908],[-107.905475,47.031581],[-107.903924,47.031539],[-107.906678,47.027958],[-107.907788,47.029471],[-107.913184,47.028901],[-107.92181,47.022312],[-107.921344,47.019719],[-107.914831,47.014593],[-107.907909,47.013144],[-107.904719,47.016095],[-107.90383,47.018371],[-107.901901,47.019841],[-107.89931,47.017954],[-107.896665,47.012325],[-107.896546,47.008679],[-107.891815,47.009391],[-107.888753,47.007967],[-107.889834,47.004384],[-107.888128,47.001448],[-107.885218,46.997819],[-107.888433,46.997016],[-107.889728,46.995544],[-107.888737,46.994123],[-107.890344,46.992007],[-107.888464,46.989701],[-107.885925,46.98704],[-107.885134,46.985558],[-107.889104,46.982808],[-107.891931,46.982354],[-107.893435,46.983081],[-107.89515,46.980766],[-107.89236,46.978992],[-107.888963,46.978075],[-107.892108,46.976929],[-107.89488,46.977949],[-107.899413,46.976018],[-107.90127,46.973819],[-107.903988,46.971998],[-107.90703,46.972927],[-107.909028,46.971638],[-107.912032,46.971564],[-107.911586,46.969063],[-107.906922,46.965475],[-107.905371,46.963873],[-107.907491,46.961697],[-107.910077,46.961716],[-107.911044,46.959089],[-107.907997,46.957131],[-107.906676,46.95328],[-107.913193,46.949029],[-107.915531,46.943695],[-107.911784,46.940083],[-107.90802,46.939614],[-107.906704,46.936105],[-107.913283,46.936526],[-107.919555,46.937082],[-107.924846,46.934759],[-107.925189,46.931742],[-107.921195,46.930471],[-107.917671,46.930474],[-107.915289,46.929573],[-107.918388,46.928284],[-107.923194,46.927998],[-107.926515,46.928009],[-107.925194,46.92549],[-107.923778,46.922796],[-107.920061,46.921598],[-107.919278,46.918097],[-107.925183,46.917258],[-107.930731,46.918185],[-107.933181,46.913287],[-107.929169,46.909237],[-107.932189,46.902992],[-107.931662,46.899928],[-107.932468,46.896918],[-107.937176,46.896201],[-107.940688,46.891265],[-107.936817,46.886766],[-107.940432,46.879984],[-107.939302,46.876346],[-107.932807,46.87577],[-107.929151,46.877804],[-107.919374,46.875643],[-107.917945,46.872161],[-107.9199,46.86954],[-107.912693,46.866496],[-107.906897,46.864731],[-107.902646,46.865488],[-107.902633,46.861649],[-107.905083,46.860051],[-107.906537,46.855888],[-107.902161,46.852838],[-107.895995,46.853574],[-107.892183,46.851274],[-107.892233,46.851215],[-107.46777,46.85116],[-107.467748,46.859254],[-106.720157,46.859603],[-106.720237,46.845176],[-106.086463,46.845881],[-106.086585,46.86029],[-106.086777,47.180938],[-106.17042,47.180826],[-106.170675,47.354495],[-106.298158,47.354298],[-106.298073,47.529041],[-106.261121,47.529052],[-106.260932,47.868431],[-106.358085,47.868412],[-106.358288,47.957216],[-106.41862,47.957457],[-106.433499,47.964883],[-106.428958,47.976176],[-106.447421,47.98286],[-106.452414,47.970419],[-106.501725,47.958287],[-106.508854,47.946536],[-106.4887,47.932577],[-106.498523,47.914524],[-106.53081,47.903562],[-106.510062,47.891155],[-106.510321,47.878996],[-106.530671,47.880821],[-106.543318,47.874915],[-106.527141,47.860976],[-106.529265,47.850023],[-106.56322,47.840718],[-106.557488,47.828581],[-106.571003,47.812933],[-106.610188,47.804905],[-106.603126,47.784743],[-106.609813,47.777234],[-106.621789,47.790855],[-106.653028,47.790264],[-106.661761,47.771737],[-106.677435,47.775913],[-106.711969,47.772113],[-106.711442,47.755243],[-106.734453,47.734156],[-106.760188,47.731453],[-106.7857,47.742507],[-106.834171,47.743398],[-106.861668,47.737372],[-106.879223,47.718095],[-106.86991,47.702268],[-106.881162,47.678128],[-106.892753,47.674818],[-106.925557,47.66947],[-106.94455,47.676289],[-106.960755,47.672158],[-106.999227,47.67366],[-107.011358,47.663111],[-107.070514,47.662396],[-107.114109,47.669026],[-107.158817,47.667788],[-107.175088,47.66191],[-107.249,47.661566],[-107.284283,47.680446],[-107.331757,47.680685],[-107.360231,47.691218],[-107.414886,47.691734],[-107.428086,47.677316],[-107.419745,47.662295],[-107.439116,47.646778],[-107.440064,47.625462],[-107.451508,47.622141],[-107.499344,47.624005],[-107.520788,47.642919],[-107.553672,47.646348],[-107.567572,47.642964],[-107.59425,47.649731],[-107.610852,47.647369],[-107.617108,47.63156],[-107.637578,47.648806],[-107.654416,47.652563],[-107.646679,47.629444],[-107.661986,47.620891],[-107.671173,47.629892],[-107.694687,47.629762],[-107.709522,47.60026],[-107.731521,47.58541],[-107.732268,47.571874],[-107.76311,47.563432],[-107.761921,47.54805],[-107.777865,47.543647],[-107.792844,47.553222],[-107.796198,47.545886],[-107.817189,47.546282],[-107.839431,47.534405],[-107.842235,47.524906],[-107.864922,47.51374],[-107.850475,47.491947],[-107.866219,47.482543],[-107.863544,47.456052],[-107.90912,47.450692],[-107.913271,47.448217],[-107.917769,47.446451],[-107.917004,47.443293],[-107.914875,47.442313],[-107.917546,47.439418],[-107.920308,47.438341],[-107.918085,47.436793],[-107.914343,47.434297],[-107.910486,47.430285],[-107.911216,47.422892],[-107.909718,47.418606],[-107.91497,47.416648],[-107.920324,47.416766],[-107.918631,47.414043],[-107.91263,47.413871],[-107.908889,47.413374],[-107.911625,47.410171],[-107.910621,47.404874],[-107.911048,47.402191],[-107.915744,47.39988],[-107.921693,47.397309],[-107.927015,47.392221],[-107.924714,47.389561],[-107.924027,47.387254],[-107.930252,47.387807],[-107.93639,47.385793],[-107.93409,47.383036],[-107.932333,47.383568],[-107.930241,47.380814],[-107.929589,47.379119],[-107.935269,47.376965],[-107.939754,47.377494],[-107.940944,47.373874],[-107.939514,47.37381],[-107.940821,47.371443],[-107.942423,47.371573],[-107.941396,47.369618],[-107.939483,47.367674],[-107.944201,47.365796],[-107.951272,47.362852],[-107.954742,47.359231],[-107.952133,47.357313],[-107.954703,47.354737],[-107.958578,47.355073],[-107.962329,47.352184],[-107.960391,47.348789],[-107.953391,47.345456],[-107.953518,47.341312],[-107.956645,47.340563],[-107.958469,47.334662],[-107.962286,47.330942],[-107.958739,47.326623],[-107.955256,47.326632],[-107.954105,47.324474],[-107.956915,47.321478],[-107.957274,47.317857],[-107.954266,47.319276],[-107.955516,47.321079],[-107.952386,47.321474],[-107.951215,47.320018],[-107.94807,47.32034],[-107.944281,47.321868],[-107.942078,47.321736],[-107.938395,47.320848],[-107.935998,47.31979],[-107.938443,47.318082],[-107.941901,47.316344],[-107.950525,47.315568],[-107.957133,47.306993],[-107.953166,47.302551],[-107.948894,47.302851],[-107.946709,47.300144],[-107.950069,47.298114],[-107.952627,47.295159],[-107.961451,47.293139],[-107.963167,47.290191],[-107.960454,47.288726],[-107.956891,47.289459],[-107.94988,47.286978],[-107.950715,47.2842],[-107.955465,47.284376],[-107.961428,47.281108],[-107.962251,47.278621],[-107.964242,47.276202],[-107.960312,47.27436],[-107.955438,47.274856],[-107.953369,47.270335],[-107.95219,47.268115],[-107.953959,47.26687],[-107.956127,47.268697],[-107.955467,47.269657],[-107.957015,47.268949],[-107.961236,47.267737],[-107.963265,47.264124],[-107.958158,47.261102],[-107.953355,47.259517],[-107.947927,47.257824],[-107.950316,47.255548],[-107.956174,47.255793],[-107.962794,47.256311],[-107.966521,47.252695]]]}},{"type":"Feature","properties":{"code":"US-30035","name":"Glacier","label":"Glacier County","type":"County","parentCode":"US-MT"},"geometry":{"type":"Polygon","coordinates":[[[-114.06818,48.998857],[-114.064735,48.991844],[-114.056908,48.98656],[-114.057705,48.980448],[-114.057103,48.975532],[-114.051962,48.96962],[-114.050817,48.964698],[-114.041956,48.96281],[-114.035638,48.964166],[-114.027067,48.964078],[-114.025879,48.957216],[-114.033572,48.952406],[-114.042542,48.944323],[-114.046315,48.937368],[-114.045238,48.933446],[-114.03536,48.931541],[-114.027569,48.932704],[-114.017362,48.925842],[-114.015955,48.920737],[-114.01462,48.913124],[-114.016627,48.906251],[-114.026718,48.899703],[-114.039831,48.895115],[-114.051367,48.894537],[-114.055901,48.891776],[-114.053043,48.887291],[-114.046047,48.885082],[-114.033498,48.881393],[-114.027276,48.874435],[-114.019992,48.867242],[-114.011129,48.864855],[-114.004711,48.862774],[-113.999064,48.858036],[-113.993032,48.854123],[-113.989657,48.847094],[-113.989443,48.842295],[-113.993732,48.838935],[-113.998964,48.837979],[-114.001409,48.836139],[-114.002747,48.832594],[-113.999048,48.830808],[-113.990307,48.82759],[-113.981299,48.825839],[-113.977241,48.823021],[-113.972429,48.821111],[-113.971599,48.821872],[-113.969168,48.82325],[-113.96349,48.822068],[-113.96042,48.819321],[-113.949537,48.819978],[-113.943511,48.82524],[-113.933792,48.82709],[-113.924307,48.831746],[-113.915235,48.838156],[-113.914487,48.843797],[-113.912225,48.846862],[-113.907842,48.84703],[-113.895789,48.845992],[-113.888547,48.841225],[-113.879377,48.838523],[-113.874201,48.840902],[-113.866474,48.846212],[-113.85797,48.850334],[-113.848687,48.852334],[-113.844822,48.854873],[-113.839681,48.852997],[-113.835396,48.850623],[-113.822666,48.848213],[-113.817992,48.842412],[-113.81075,48.838584],[-113.802604,48.840083],[-113.798848,48.843039],[-113.795124,48.844794],[-113.78902,48.8429],[-113.786513,48.839304],[-113.785526,48.832943],[-113.778182,48.828031],[-113.769925,48.823189],[-113.764085,48.82084],[-113.758814,48.816779],[-113.760304,48.815405],[-113.760674,48.811553],[-113.763447,48.804768],[-113.773606,48.799178],[-113.771768,48.792059],[-113.771032,48.787175],[-113.76622,48.784115],[-113.763761,48.77727],[-113.758122,48.771475],[-113.747276,48.766773],[-113.74175,48.759131],[-113.73797,48.75159],[-113.730433,48.746949],[-113.722028,48.743879],[-113.713729,48.740818],[-113.70977,48.734851],[-113.707793,48.729459],[-113.709422,48.723926],[-113.704844,48.721063],[-113.704234,48.716104],[-113.707126,48.71358],[-113.708228,48.708217],[-113.711074,48.702819],[-113.715994,48.697922],[-113.725533,48.693567],[-113.734663,48.693901],[-113.738415,48.693285],[-113.739837,48.688818],[-113.736974,48.685577],[-113.73411,48.680012],[-113.728802,48.67302],[-113.732181,48.667589],[-113.739099,48.662278],[-113.742328,48.654788],[-113.74625,48.648923],[-113.746226,48.641275],[-113.743245,48.634778],[-113.747561,48.626153],[-113.75255,48.620162],[-113.749441,48.613877],[-113.740637,48.610506],[-113.734254,48.608626],[-113.730357,48.605027],[-113.725506,48.600744],[-113.717291,48.599469],[-113.710129,48.595421],[-113.695776,48.593247],[-113.682266,48.593919],[-113.671029,48.588814],[-113.666359,48.586695],[-113.658268,48.587683],[-113.65224,48.591142],[-113.647946,48.59476],[-113.644186,48.598579],[-113.635266,48.599346],[-113.628527,48.597037],[-113.620521,48.590232],[-113.615597,48.583319],[-113.60765,48.576442],[-113.59837,48.575485],[-113.590923,48.579651],[-113.585092,48.583801],[-113.576616,48.58254],[-113.569047,48.580146],[-113.556874,48.583826],[-113.546647,48.585099],[-113.540761,48.582742],[-113.534923,48.577247],[-113.525394,48.574945],[-113.51627,48.571308],[-113.512617,48.56465],[-113.503053,48.558344],[-113.492777,48.552461],[-113.481402,48.553547],[-113.470827,48.549653],[-113.468348,48.542969],[-113.46972,48.537337],[-113.469588,48.529101],[-113.47202,48.520807],[-113.472523,48.512495],[-113.47311,48.502831],[-113.468831,48.500197],[-113.467851,48.495497],[-113.469515,48.492621],[-113.47091,48.484595],[-113.46715,48.477623],[-113.471525,48.47123],[-113.477041,48.464096],[-113.479966,48.460682],[-113.479755,48.454939],[-113.473394,48.452086],[-113.468642,48.448077],[-113.461953,48.445139],[-113.452358,48.445778],[-113.446522,48.442163],[-113.442277,48.438261],[-113.436465,48.433311],[-113.428991,48.431524],[-113.420111,48.426964],[-113.414885,48.422612],[-113.405531,48.419154],[-113.395193,48.417158],[-113.382623,48.417093],[-113.372206,48.422072],[-113.363694,48.422958],[-113.355863,48.421578],[-113.352189,48.417736],[-113.348695,48.412403],[-113.350858,48.405041],[-113.347879,48.397999],[-113.341131,48.392026],[-113.333527,48.385991],[-113.334876,48.380747],[-113.338102,48.373755],[-113.345403,48.366398],[-113.354398,48.360724],[-113.365714,48.354918],[-113.37522,48.349287],[-113.382214,48.343932],[-113.384695,48.340108],[-113.381622,48.337926],[-113.377283,48.33507],[-113.373807,48.327701],[-113.368749,48.322929],[-113.359835,48.31816],[-113.357297,48.317005],[-113.354804,48.316498],[-113.349046,48.310263],[-112.575864,48.309684],[-112.576982,48.483348],[-112.229059,48.483614],[-112.228769,48.481885],[-112.20721,48.477023],[-112.184784,48.477578],[-112.189102,48.566473],[-112.189132,48.647279],[-112.189016,48.913989],[-112.19341,48.998475],[-112.365030846174,48.9986120482473],[-112.410052,48.998648],[-112.568599,48.998718],[-112.758678,48.998582],[-112.920169,48.998607],[-113.115485,48.998322],[-113.356785,48.997819],[-113.507084,48.997771],[-113.609141728736,48.9978307861811],[-113.769969,48.997925],[-114.06818,48.998857]]]}},{"type":"Feature","properties":{"code":"US-30037","name":"Golden Valley","label":"Golden Valley County","type":"County","parentCode":"US-MT"},"geometry":{"type":"Polygon","coordinates":[[[-109.653871,46.219404],[-109.65384,46.132465],[-109.60419,46.132484],[-109.605153,46.044994],[-109.417158,46.044759],[-109.416227,46.132371],[-108.924589,46.13237],[-108.779733,46.132457],[-108.779272,46.277398],[-108.800141,46.277405],[-108.800203,46.306441],[-108.821129,46.306456],[-108.821158,46.321013],[-108.83161,46.320999],[-108.831262,46.350091],[-108.841724,46.350064],[-108.841331,46.364563],[-108.862277,46.364586],[-108.860801,46.451665],[-108.881795,46.45173],[-108.880114,46.489737],[-108.905259,46.489805],[-108.904904,46.576908],[-108.988995,46.577851],[-108.988727,46.62124],[-109.009982,46.621172],[-109.00957,46.750702],[-109.389208,46.751351],[-109.389092,46.693625],[-109.389163,46.693625],[-109.388548,46.490638],[-109.403544,46.490657],[-109.402906,46.219706],[-109.653871,46.219404]]]}},{"type":"Feature","properties":{"code":"US-30039","name":"Granite","label":"Granite County","type":"County","parentCode":"US-MT"},"geometry":{"type":"Polygon","coordinates":[[[-113.878358,46.503199],[-113.865926,46.492123],[-113.849218,46.440978],[-113.857017,46.419184],[-113.825811,46.410076],[-113.796105,46.372915],[-113.786055,46.370112],[-113.785503,46.339099],[-113.77182,46.321254],[-113.780368,46.306601],[-113.785169,46.296734],[-113.784181,46.284932],[-113.750527,46.272146],[-113.763768,46.246174],[-113.773653,46.245154],[-113.775082,46.228396],[-113.821174,46.212466],[-113.817777,46.191006],[-113.802629,46.191379],[-113.784889,46.181166],[-113.79522,46.15229],[-113.780361,46.144489],[-113.753246,46.1128],[-113.767,46.101551],[-113.771189,46.086112],[-113.787455,46.074444],[-113.803677,46.037675],[-113.776899,46.031582],[-113.760772,46.030053],[-113.744417,46.048665],[-113.732995,46.038807],[-113.687673,46.035406],[-113.690819,46.025953],[-113.671171,46.022841],[-113.676386,46.015518],[-113.66384,45.980528],[-113.648358,45.965038],[-113.615053,45.969726],[-113.608868,45.94984],[-113.579165,45.938665],[-113.554326,45.947261],[-113.517409,45.940089],[-113.499843,45.948439],[-113.480035,45.939763],[-113.459333,45.962294],[-113.468163,45.968122],[-113.458019,45.984303],[-113.440669,45.981405],[-113.415089,45.989807],[-113.399267,46.000469],[-113.396907,46.014241],[-113.378448,46.01863],[-113.362468,46.007155],[-113.335804,46.005384],[-113.278012,46.045268],[-113.274359,46.059326],[-113.274364,46.135798],[-113.284532,46.222783],[-113.036818,46.22333],[-113.036825,46.266826],[-113.036755,46.396683],[-113.036083,46.401989],[-113.03609,46.411056],[-113.03833,46.483774],[-113.039134,46.73555],[-113.061522,46.731348],[-113.078552,46.720575],[-113.115614,46.713387],[-113.132541,46.725991],[-113.166282,46.733491],[-113.177539,46.730736],[-113.182666,46.745221],[-113.173073,46.754023],[-113.211294,46.779266],[-113.228169,46.783247],[-113.242508,46.801437],[-113.241937,46.813826],[-113.26578,46.825982],[-113.275771,46.812773],[-113.291406,46.806932],[-113.291498,46.832198],[-113.302903,46.832159],[-113.416599,46.832113],[-113.417085,46.802495],[-113.479835,46.802457],[-113.479856,46.744714],[-113.545081,46.744623],[-113.55153,46.716508],[-113.668166,46.716229],[-113.667996,46.658372],[-113.793557,46.658166],[-113.827743,46.660896],[-113.81765,46.637306],[-113.802835,46.629473],[-113.816393,46.614812],[-113.817158,46.589183],[-113.835256,46.584031],[-113.828715,46.570718],[-113.845183,46.54658],[-113.850029,46.514832],[-113.878358,46.503199]]]}},{"type":"Feature","properties":{"code":"US-30041","name":"Hill","label":"Hill County","type":"County","parentCode":"US-MT"},"geometry":{"type":"Polygon","coordinates":[[[-110.750113,48.566516],[-110.755873,48.219601],[-110.631966,48.219731],[-110.625409,48.306479],[-110.063116,48.306055],[-109.845932,48.305971],[-109.845812,48.219004],[-109.726943,48.221525],[-109.726873,48.147279],[-109.726914,48.132859],[-109.59811,48.132495],[-109.534295,48.134564],[-109.533938,48.221317],[-109.551758,48.221373],[-109.551644,48.293479],[-109.51908,48.293457],[-109.51878,48.394726],[-109.497028,48.394739],[-109.49673,48.45273],[-109.464318,48.452638],[-109.464318,48.52526],[-109.496881,48.525207],[-109.505333,48.56791],[-109.505514,48.913911],[-109.489627,48.913968],[-109.489549187555,49.0002919264177],[-109.670245,49.000027],[-110.031317,48.999572],[-110.363547,48.999132],[-110.544065944888,48.9988849722054],[-110.57693,48.99884],[-110.743064,48.998606],[-110.742698,48.914089],[-110.750113,48.566516]]]}},{"type":"Feature","properties":{"code":"US-30043","name":"Jefferson","label":"Jefferson County","type":"County","parentCode":"US-MT"},"geometry":{"type":"Polygon","coordinates":[[[-112.579659,46.241824],[-112.597936,46.236894],[-112.573573,46.211809],[-112.577106,46.178981],[-112.545226,46.175001],[-112.525797,46.185048],[-112.505377,46.184317],[-112.517036,46.165867],[-112.512523,46.157775],[-112.519997,46.136394],[-112.495847,46.108856],[-112.466329,46.092979],[-112.46174,46.075894],[-112.476952,46.051715],[-112.472575,46.039189],[-112.459429,46.036704],[-112.444971,46.03378],[-112.435614,46.013727],[-112.444127,45.996905],[-112.438258,45.967658],[-112.429902,45.958362],[-112.436282,45.940318],[-112.418502,45.924788],[-112.420745,45.910198],[-112.404349,45.888049],[-112.430538,45.854146],[-112.426482,45.843749],[-112.401441,45.831851],[-112.26684,45.786311],[-112.253419,45.770266],[-112.214791,45.765666],[-112.190269,45.748503],[-112.168767,45.749981],[-112.136621,45.771722],[-112.137384,45.781295],[-112.112238,45.805518],[-112.118869,45.812461],[-112.106378,45.841188],[-112.085509,45.851039],[-112.049832,45.849644],[-112.022865,45.858781],[-111.984039,45.846493],[-111.93007,45.857612],[-111.909855,45.839506],[-111.906625,45.827969],[-111.884542,45.830597],[-111.872147,45.818027],[-111.843036,45.821302],[-111.807209,45.809624],[-111.805259,45.798306],[-111.78526,45.793137],[-111.755855,45.804233],[-111.705467,45.795738],[-111.660057,45.8335],[-111.660422,46.049192],[-111.784565,46.049813],[-111.784185,46.093663],[-111.784434,46.136289],[-111.786418,46.136277],[-111.787949,46.569465],[-111.793291,46.569474],[-111.91125,46.569404],[-111.917006,46.569419],[-111.990445,46.569121],[-112.01855,46.568807],[-112.029231,46.568805],[-112.033615,46.543127],[-112.066175,46.523626],[-112.083441,46.516663],[-112.123085,46.517827],[-112.131932,46.520086],[-112.183801,46.501106],[-112.205757,46.499748],[-112.203016,46.479642],[-112.179743,46.470966],[-112.176235,46.456342],[-112.187575,46.449508],[-112.215251,46.450423],[-112.220222,46.436169],[-112.242578,46.422525],[-112.270029,46.414963],[-112.287028,46.421879],[-112.310573,46.421171],[-112.33708,46.403689],[-112.349605,46.385345],[-112.403784,46.386566],[-112.426093,46.36898],[-112.426005,46.357464],[-112.451363,46.349998],[-112.454085,46.328932],[-112.471736,46.340552],[-112.498557,46.342062],[-112.503954,46.330196],[-112.533277,46.331401],[-112.570046,46.304972],[-112.558599,46.265821],[-112.579659,46.241824]]]}},{"type":"Feature","properties":{"code":"US-30045","name":"Judith Basin","label":"Judith Basin County","type":"County","parentCode":"US-MT"},"geometry":{"type":"Polygon","coordinates":[[[-110.788302,47.307848],[-110.788068,47.249133],[-110.777326,47.249098],[-110.777426,47.234576],[-110.766593,47.234539],[-110.76694,47.183872],[-110.770698,47.096546],[-110.645212,47.09587],[-110.645109,47.010685],[-110.640951,46.923934],[-110.636381,46.837161],[-110.652909,46.837162],[-110.652877,46.823626],[-110.644458,46.816158],[-110.649524,46.801473],[-110.620687,46.772216],[-110.563704,46.771363],[-110.557791,46.759299],[-110.564334,46.738864],[-110.549607,46.733089],[-110.524345,46.712788],[-110.506319,46.712774],[-110.497827,46.702633],[-110.483057,46.70147],[-110.466626,46.678526],[-110.437216,46.686231],[-110.421998,46.678022],[-110.399556,46.68816],[-110.375292,46.692912],[-110.349481,46.682461],[-110.34424,46.672562],[-110.328511,46.673178],[-110.325376,46.685724],[-110.302726,46.688647],[-110.273337,46.710509],[-110.210758,46.708503],[-110.191562,46.725631],[-110.157346,46.716396],[-110.127177,46.718932],[-110.115707,46.73887],[-110.086131,46.746895],[-110.051525,46.749393],[-110.028992,46.736207],[-109.969404,46.75295],[-109.936151,46.737808],[-109.895758,46.725927],[-109.857791,46.708259],[-109.845162,46.710814],[-109.819866,46.693446],[-109.745745,46.694097],[-109.745815,46.744327],[-109.756379,46.744238],[-109.756666,46.780389],[-109.787614,46.780261],[-109.787763,46.794745],[-109.798462,46.801972],[-109.830132,46.801932],[-109.835424,46.809161],[-109.835569,46.830865],[-109.798833,46.830933],[-109.797469,46.867038],[-109.792249,46.881524],[-109.776408,46.881539],[-109.776507,46.896005],[-109.755423,46.896023],[-109.756568,47.185694],[-109.871985,47.185323],[-109.872475,47.228883],[-110.000024,47.228716],[-110.000289,47.272133],[-110.127699,47.27191],[-110.127952,47.35902],[-110.213285,47.358771],[-110.213596,47.416657],[-110.639559,47.416486],[-110.638911,47.359032],[-110.767125,47.359128],[-110.767032,47.297065],[-110.772313,47.307914],[-110.788302,47.307848]]]}},{"type":"Feature","properties":{"code":"US-30047","name":"Lake","label":"Lake County","type":"County","parentCode":"US-MT"},"geometry":{"type":"Polygon","coordinates":[[[-114.604462,47.789871],[-114.604857,47.746421],[-114.584454,47.746355],[-114.58376,47.601718],[-114.350364,47.602142],[-114.340833,47.58934],[-114.320528,47.594551],[-114.339571,47.585027],[-114.327634,47.563373],[-114.333601,47.552372],[-114.362605,47.541157],[-114.364242,47.520819],[-114.381052,47.480803],[-114.3703,47.481102],[-114.350356,47.496695],[-114.296156,47.49477],[-114.282711,47.47154],[-114.293768,47.462416],[-114.326169,47.467144],[-114.326635,47.451859],[-114.340725,47.440549],[-114.342329,47.428256],[-114.343046,47.407803],[-114.35308,47.38985],[-114.324081,47.365058],[-114.325392,47.35644],[-114.305213,47.362521],[-114.288557,47.355875],[-114.203026,47.355746],[-114.203079,47.280176],[-114.203119,47.181908],[-114.187062,47.181889],[-114.18717,47.138191],[-114.153219,47.138123],[-114.138995,47.138096],[-113.933503,47.138289],[-113.933568,47.18172],[-113.821447,47.181709],[-113.821166,47.2687],[-113.824348,47.274413],[-113.843538,47.272055],[-113.855385,47.285002],[-113.870769,47.288158],[-113.882738,47.308073],[-113.893264,47.308713],[-113.900685,47.311317],[-113.881838,47.338524],[-113.887667,47.364777],[-113.877248,47.370108],[-113.87111,47.39197],[-113.891339,47.416784],[-113.890834,47.431689],[-113.903678,47.447615],[-113.932412,47.4576],[-113.928775,47.465901],[-113.95118,47.475994],[-113.935457,47.498007],[-113.91422,47.500954],[-113.908581,47.514436],[-113.927674,47.520571],[-113.929688,47.539918],[-113.9195,47.549411],[-113.932258,47.577161],[-113.930289,47.598499],[-113.948745,47.599992],[-113.634079,47.600027],[-113.625087,47.622019],[-113.622663,47.658657],[-113.605954,47.663181],[-113.598113,47.68315],[-113.603924,47.72144],[-113.640588,47.719998],[-113.664021,47.746003],[-113.649744,47.755847],[-113.652681,47.773809],[-113.670642,47.78315],[-113.6817,47.805153],[-113.66959,47.812324],[-113.666201,47.84065],[-113.675251,47.865571],[-113.668077,47.890963],[-113.69873,47.916746],[-113.718499,47.916726],[-113.747183,47.952952],[-113.770362,47.947664],[-113.772336,47.957966],[-113.795666,47.968215],[-113.803682,47.980212],[-113.842199,47.978242],[-113.865544,48.013908],[-113.859226,48.025524],[-113.872342,48.042841],[-113.877125,48.041642],[-113.884541,48.0519],[-113.974482,48.051593],[-114.01673,48.05174],[-114.020967,48.051649],[-114.028326,48.037343],[-114.049903,48.037342],[-114.050243,48.022994],[-114.078282,48.023148],[-114.061661,47.990088],[-114.038991,47.987535],[-114.038545,47.96255],[-114.110078,47.962542],[-114.368104,47.962026],[-114.49219,47.961989],[-114.492115,47.886096],[-114.477451,47.875401],[-114.47729,47.789941],[-114.604462,47.789871]]]}},{"type":"Feature","properties":{"code":"US-30049","name":"Lewis and Clark","label":"Lewis and Clark County","type":"County","parentCode":"US-MT"},"geometry":{"type":"Polygon","coordinates":[[[-113.164119,47.730023],[-113.165811,47.719764],[-113.146412,47.676472],[-113.12847,47.661047],[-113.132619,47.639194],[-113.144481,47.637216],[-113.135758,47.620321],[-113.146287,47.607507],[-113.144368,47.595507],[-113.117746,47.570473],[-113.124661,47.55797],[-113.123098,47.51573],[-113.114318,47.490242],[-113.091448,47.480427],[-113.059199,47.488599],[-113.049424,47.177133],[-112.795808,47.177004],[-112.795642,46.831665],[-112.668245,46.834151],[-112.535748,46.834234],[-112.535761,46.771767],[-112.535597,46.699482],[-112.410846,46.699505],[-112.410638,46.656011],[-112.320073,46.654657],[-112.298332,46.62562],[-112.293205,46.605089],[-112.316754,46.574418],[-112.307773,46.549338],[-112.293709,46.531128],[-112.293341,46.517915],[-112.30629,46.510393],[-112.301847,46.489877],[-112.304662,46.449908],[-112.321199,46.443353],[-112.323443,46.43331],[-112.310573,46.421171],[-112.287028,46.421879],[-112.270029,46.414963],[-112.242578,46.422525],[-112.220222,46.436169],[-112.215251,46.450423],[-112.187575,46.449508],[-112.176235,46.456342],[-112.179743,46.470966],[-112.203016,46.479642],[-112.205757,46.499748],[-112.183801,46.501106],[-112.131932,46.520086],[-112.123085,46.517827],[-112.083441,46.516663],[-112.066175,46.523626],[-112.033615,46.543127],[-112.029231,46.568805],[-112.01855,46.568807],[-111.990445,46.569121],[-111.917006,46.569419],[-111.91125,46.569404],[-111.793291,46.569474],[-111.787949,46.569465],[-111.635862,46.570003],[-111.640095,46.582463],[-111.639261,46.73818],[-111.624978,46.746337],[-111.606135,46.776607],[-111.587,46.781852],[-111.56733,46.776866],[-111.561771,46.766413],[-111.544694,46.769188],[-111.508887,46.759565],[-111.498095,46.762502],[-111.496029,46.790273],[-111.523814,46.817074],[-111.532301,46.804383],[-111.573536,46.810051],[-111.599121,46.807846],[-111.627579,46.83251],[-111.639502,46.832134],[-111.645739,46.843361],[-111.635437,46.850984],[-111.639154,46.865314],[-111.608529,46.878442],[-111.608678,46.892266],[-111.623864,46.902935],[-111.658132,46.913423],[-111.790236,46.913764],[-111.789278,47.128922],[-111.87488,47.128655],[-111.874437,47.121392],[-111.896359,47.121281],[-111.896286,47.135741],[-111.920137,47.135693],[-111.942139,47.143582],[-111.961708,47.169033],[-111.979252,47.173743],[-111.977739,47.184103],[-112.01016,47.17921],[-112.008461,47.190763],[-112.026356,47.19926],[-112.044829,47.192711],[-112.044945,47.258007],[-112.047781,47.516034],[-112.063359,47.51694],[-112.120835,47.508036],[-112.14666,47.516719],[-112.160144,47.509416],[-112.177216,47.513657],[-112.205091,47.502366],[-112.218325,47.508747],[-112.250207,47.510095],[-112.278,47.505623],[-112.292777,47.522381],[-112.308927,47.528191],[-112.317471,47.54207],[-112.343746,47.539455],[-112.347394,47.551377],[-112.365028,47.547821],[-112.369779,47.547025],[-112.379277,47.548277],[-112.386814,47.552123],[-112.398388,47.552525],[-112.403816,47.552324],[-112.40813,47.556229],[-112.404572,47.559799],[-112.403021,47.564578],[-112.407061,47.570012],[-112.40521,47.573897],[-112.408199,47.578091],[-112.411257,47.577544],[-112.415781,47.580172],[-112.417702,47.584223],[-112.416429,47.587389],[-112.41894,47.592326],[-112.420876,47.599395],[-112.428745,47.603149],[-112.431887,47.606203],[-112.440204,47.605797],[-112.446684,47.607421],[-112.454578,47.610144],[-112.464399,47.611068],[-112.475005,47.614269],[-112.484102,47.615001],[-112.489802,47.613352],[-112.496503,47.615425],[-112.499458,47.619187],[-112.506388,47.619829],[-112.510834,47.620915],[-112.516124,47.624616],[-112.514729,47.628609],[-112.519715,47.633011],[-112.51977,47.638106],[-112.519253,47.641547],[-112.524791,47.642121],[-112.530352,47.642393],[-112.539225,47.646604],[-112.541976,47.646658],[-112.544186,47.648467],[-112.545701,47.650621],[-112.550016,47.651988],[-112.554257,47.650879],[-112.556831,47.646933],[-112.563376,47.643854],[-112.563354,47.639475],[-112.567627,47.637534],[-112.574144,47.635325],[-112.583795,47.634193],[-112.592762,47.634933],[-112.59981,47.63323],[-112.605445,47.633145],[-112.61276,47.635664],[-112.622233,47.633541],[-112.626885,47.631471],[-112.630954,47.627431],[-112.638263,47.627128],[-112.642269,47.622829],[-112.651263,47.621422],[-112.657029,47.622584],[-112.662929,47.62079],[-112.662766,47.619359],[-112.66647,47.61826],[-112.66992,47.620469],[-112.672484,47.621352],[-112.675925,47.621088],[-112.67992,47.619111],[-112.681037,47.616775],[-112.685385,47.614795],[-112.689941,47.616837],[-112.692853,47.619656],[-112.697161,47.62224],[-112.702235,47.621186],[-112.710891,47.619327],[-112.71889,47.616206],[-112.727482,47.617442],[-112.734739,47.61421],[-112.740104,47.610029],[-112.747167,47.607819],[-112.753375,47.607029],[-112.758002,47.605677],[-112.758631,47.602482],[-112.768642,47.599077],[-112.778515,47.598262],[-112.791423,47.602561],[-112.801723,47.610373],[-112.809289,47.610314],[-112.813839,47.607115],[-112.820963,47.609562],[-112.826874,47.612983],[-112.834433,47.619243],[-112.840763,47.623216],[-112.84569,47.62807],[-112.85617,47.630134],[-112.859612,47.638027],[-112.868117,47.64641],[-112.87588,47.651413],[-112.878282,47.65939],[-112.885177,47.66524],[-112.892266,47.673215],[-112.897695,47.677399],[-112.902515,47.682921],[-112.907624,47.688279],[-112.912596,47.69413],[-112.904626,47.707035],[-112.903459,47.717547],[-112.904306,47.725134],[-112.902862,47.731109],[-112.907501,47.736615],[-112.913371,47.742477],[-112.918242,47.753242],[-112.925018,47.760469],[-112.920841,47.76967],[-112.920307,47.77678],[-112.92157,47.783123],[-112.91916,47.79103],[-112.918313,47.795465],[-112.916334,47.804039],[-112.916562,47.809735],[-112.915903,47.817559],[-112.915021,47.82356],[-112.916967,47.832199],[-112.918273,47.837487],[-112.924335,47.843048],[-112.925327,47.848301],[-112.927513,47.852745],[-112.927342,47.859194],[-112.936631,47.86481],[-112.942602,47.870405],[-112.94613,47.875405],[-112.949844,47.883893],[-112.948625,47.891257],[-112.951506,47.89701],[-112.956143,47.907402],[-112.966301,47.910512],[-112.974584,47.915525],[-112.976122,47.926399],[-112.980146,47.941295],[-112.98381,47.952581],[-112.984734,47.953918],[-113.013791,47.941483],[-113.022115,47.927097],[-113.063483,47.925118],[-113.086634,47.918182],[-113.092519,47.896129],[-113.062876,47.885563],[-113.05813,47.870819],[-113.058188,47.842496],[-113.0693,47.829101],[-113.059974,47.80806],[-113.066451,47.776214],[-113.082785,47.773041],[-113.080997,47.749917],[-113.094429,47.743507],[-113.121863,47.741589],[-113.138261,47.745892],[-113.164119,47.730023]]]}},{"type":"Feature","properties":{"code":"US-30051","name":"Liberty","label":"Liberty County","type":"County","parentCode":"US-MT"},"geometry":{"type":"Polygon","coordinates":[[[-111.409018,48.219542],[-111.409097,48.132218],[-110.827168,48.133205],[-110.827413,48.219566],[-110.755873,48.219601],[-110.750113,48.566516],[-110.742698,48.914089],[-110.743064,48.998606],[-110.886706,48.998124],[-110.887459,48.998087],[-111.003916,48.997537],[-111.269862,48.99723],[-111.273311,48.914078],[-111.273339,48.740427],[-111.275529,48.566445],[-111.275306,48.219531],[-111.409018,48.219542]]]}},{"type":"Feature","properties":{"code":"US-30053","name":"Lincoln","label":"Lincoln County","type":"County","parentCode":"US-MT"},"geometry":{"type":"Polygon","coordinates":[[[-116.049046,48.481017],[-116.049894,48.413262],[-116.048839,48.309617],[-116.049626,48.274438],[-116.049244,48.249706],[-116.049868,48.237374],[-116.049666903916,48.2161185589082],[-116.016723,48.206217],[-116.018005,48.169538],[-115.999409,48.156606],[-115.980182,48.158405],[-115.957251,48.149042],[-115.936745,48.184166],[-115.908191,48.182753],[-115.900949,48.193956],[-115.855995,48.210707],[-115.831545,48.211318],[-115.829364,48.217383],[-115.800172,48.222818],[-115.78252,48.239714],[-115.771401,48.259064],[-115.737266,48.263274],[-115.708817,48.24739],[-115.692958,48.224127],[-115.672359,48.206394],[-115.696111,48.177474],[-115.693532,48.166178],[-115.678983,48.165671],[-115.645768,48.134142],[-115.632231,48.088622],[-115.641125,48.078903],[-115.609041,48.059914],[-115.611132,48.047945],[-115.584705,48.021975],[-115.568248,48.020157],[-115.544841,47.999384],[-115.539747,47.979897],[-115.558139,47.942291],[-115.546534,47.922079],[-115.524695,47.908594],[-115.502367,47.908662],[-115.482051,47.918119],[-115.461261,47.920576],[-115.42858,47.910988],[-115.421672,47.933568],[-115.399817,47.936117],[-115.399455,47.912442],[-115.38369,47.905107],[-115.32828,47.917473],[-115.321698,47.921729],[-115.301794,47.912467],[-115.283237,47.89083],[-115.253349,47.904419],[-115.248438,47.915166],[-115.225139,47.908297],[-115.206027,47.919341],[-115.185196,47.919004],[-115.180271,47.932031],[-115.184302,47.958441],[-115.176083,47.974185],[-115.157599,47.961418],[-115.147934,47.963974],[-115.136285,47.984368],[-115.150757,47.995478],[-115.15451,48.017282],[-115.010672,48.017621],[-115.010094,48.139115],[-115.020079,48.225954],[-114.848098,48.226125],[-114.848564,48.359021],[-114.848569,48.366603],[-114.848627,48.395762],[-114.849446,48.423875],[-114.849556,48.446522],[-114.849798,48.465404],[-114.849804,48.494069],[-114.849807,48.519456],[-114.849813,48.544831],[-114.84981,48.561864],[-114.867131,48.573528],[-114.888693,48.590095],[-114.888671,48.613351],[-114.888695,48.635513],[-114.888683,48.64797],[-114.877903,48.658763],[-114.865176,48.658777],[-114.823522,48.658716],[-114.785323,48.65891],[-114.751834,48.658926],[-114.689466,48.658897],[-114.660465,48.658882],[-114.643098,48.664324],[-114.649537,48.667314],[-114.662601,48.671238],[-114.67491,48.6763],[-114.685414,48.676028],[-114.690809,48.677952],[-114.691502,48.682473],[-114.689452,48.685417],[-114.685514,48.693129],[-114.683127,48.694521],[-114.681919,48.699485],[-114.687588,48.702023],[-114.691479,48.708038],[-114.685915,48.713367],[-114.682051,48.719627],[-114.676422,48.725128],[-114.66746,48.727896],[-114.657727,48.730116],[-114.647018,48.731815],[-114.637202,48.732773],[-114.628659,48.738678],[-114.62039,48.742102],[-114.618517,48.748925],[-114.613589,48.75085],[-114.613447,48.75532],[-114.615377,48.757156],[-114.622183,48.759197],[-114.627817,48.758528],[-114.63575,48.760186],[-114.639927,48.76586],[-114.64247,48.772451],[-114.647454,48.778117],[-114.655666,48.781963],[-114.663603,48.784019],[-114.669947,48.787806],[-114.673049,48.792114],[-114.672353,48.796308],[-114.675797,48.798227],[-114.68042,48.797711],[-114.686854,48.799367],[-114.695388,48.800731],[-114.708113,48.8028],[-114.717918,48.803005],[-114.726606,48.807453],[-114.73162,48.811532],[-114.729005,48.81754],[-114.72712,48.822623],[-114.725657,48.828912],[-114.715918,48.831946],[-114.708788,48.832521],[-114.702324,48.839303],[-114.692071,48.844287],[-114.692987,48.850392],[-114.689604,48.859153],[-114.691098,48.865006],[-114.692741,48.872539],[-114.699498,48.878955],[-114.70702,48.88525],[-114.710574,48.890946],[-114.705465,48.897355],[-114.703881,48.905387],[-114.705548,48.912931],[-114.707212,48.91956],[-114.708454,48.928145],[-114.71592,48.930869],[-114.718348,48.937743],[-114.713994,48.943083],[-114.70889,48.946797],[-114.70314,48.952105],[-114.69657,48.956584],[-114.692038,48.963101],[-114.686355,48.966706],[-114.684811,48.972387],[-114.690885,48.976461],[-114.6995,48.980119],[-114.715661,48.979649],[-114.726686,48.98081],[-114.733603,48.982417],[-114.737091,48.988168],[-114.736548,48.993924],[-114.730256,48.999293],[-114.727062852554,49.000507958201],[-114.931628,49.000029],[-115.055844286665,48.9997607372973],[-115.129809,48.999601],[-115.170704854158,48.999693487725],[-115.412310975371,49.0002398903114],[-115.649808,49.000777],[-115.876045,49.001032],[-116.049086,49.000846],[-116.049056678666,48.6197940001786],[-116.049047619379,48.5020620007988],[-116.049046,48.481017]]]}},{"type":"Feature","properties":{"code":"US-30055","name":"McCone","label":"McCone County","type":"County","parentCode":"US-MT"},"geometry":{"type":"Polygon","coordinates":[[[-106.42987,48.018282],[-106.414291,47.972816],[-106.41862,47.957457],[-106.358288,47.957216],[-106.358085,47.868412],[-106.260932,47.868431],[-106.261121,47.529052],[-106.298073,47.529041],[-106.298158,47.354298],[-106.170675,47.354495],[-106.17042,47.180826],[-106.086777,47.180938],[-105.959841,47.180997],[-105.959897,47.092968],[-105.832637,47.093109],[-105.833044,47.181092],[-105.406309,47.181583],[-105.406581,47.529534],[-105.363507,47.529558],[-105.363262,47.790419],[-105.234771,47.790502],[-105.234651,47.868057],[-105.195122,47.868081],[-105.195013,47.904328],[-105.194783,48.066617],[-105.217593,48.063749],[-105.218934,48.081464],[-105.22899,48.089284],[-105.262551,48.089062],[-105.317563,48.079016],[-105.331305,48.092638],[-105.364528,48.088752],[-105.383523,48.092925],[-105.453298,48.089386],[-105.484563,48.090897],[-105.507346,48.097049],[-105.535409,48.066445],[-105.568481,48.08355],[-105.595027,48.08178],[-105.617496,48.073268],[-105.647941,48.077304],[-105.639652,48.066001],[-105.643437,48.051097],[-105.661286,48.045752],[-105.666202,48.057048],[-105.694541,48.053536],[-105.720805,48.03195],[-105.750561,48.025397],[-105.765447,48.03063],[-105.7778,48.047159],[-105.786283,48.022558],[-105.80888,48.024732],[-105.843891,48.010289],[-105.877243,48.021441],[-105.884527,48.034202],[-105.899279,48.034219],[-105.896486,48.014355],[-105.919548,48.003898],[-105.935226,48.013338],[-105.974602,48.015859],[-106.006176,48.033689],[-106.025102,48.026087],[-106.012049,48.016174],[-106.0144,48.006484],[-106.044121,48.008469],[-106.066238,48.032845],[-106.085739,48.034706],[-106.095538,48.010575],[-106.119878,48.004067],[-106.141955,48.006406],[-106.12271,48.028242],[-106.12941,48.03225],[-106.175304,48.027796],[-106.229302,48.026416],[-106.2448,48.029943],[-106.275605,48.046578],[-106.300974,48.041376],[-106.318715,48.05553],[-106.338655,48.046077],[-106.364455,48.046828],[-106.373618,48.062353],[-106.400605,48.061921],[-106.42987,48.018282]]]}},{"type":"Feature","properties":{"code":"US-30057","name":"Madison","label":"Madison County","type":"County","parentCode":"US-MT"},"geometry":{"type":"Polygon","coordinates":[[[-112.694053,45.542756],[-112.704848,45.533232],[-112.691297,45.512279],[-112.687839,45.47724],[-112.638841,45.4551],[-112.628609,45.440586],[-112.600477,45.430013],[-112.577233,45.429838],[-112.53944,45.446534],[-112.505568,45.443009],[-112.46426,45.39382],[-112.464393,45.372453],[-112.458062,45.34991],[-112.456854,45.088509],[-112.333899,45.088423],[-112.334248,45.000519],[-112.191187,45.000512],[-112.190634,44.912735],[-112.166986,44.912587],[-112.167108,44.826738],[-112.14673,44.826137],[-112.065678,44.825985],[-112.065797,44.783475],[-112.025141,44.782112],[-111.903038,44.782112],[-111.893638,44.78101],[-111.781157,44.781027],[-111.781099,44.708845],[-111.481245557837,44.7086973237701],[-111.438684,44.720316],[-111.429495,44.719919],[-111.424105,44.713794],[-111.414162,44.710511],[-111.398466,44.723113],[-111.39435,44.744348],[-111.397696,44.746508],[-111.393745,44.752319],[-111.384896,44.754898],[-111.377116407194,44.7512280368929],[-111.377483,44.911794],[-111.372579,45.080601],[-111.373035,45.285491],[-111.37303,45.350521],[-111.35003,45.350548],[-111.351031,45.497958],[-111.35138,45.641938],[-111.456553,45.642178],[-111.526038,45.642291],[-111.527969,45.642284],[-111.536316,45.656833],[-111.556969,45.656427],[-111.557006,45.670995],[-111.577698,45.670771],[-111.577687,45.685251],[-111.598239,45.685121],[-111.598318,45.699962],[-111.619037,45.699863],[-111.619036,45.714363],[-111.639717,45.714305],[-111.639745,45.728825],[-111.659742,45.728834],[-111.659738,45.743344],[-111.721683,45.743278],[-111.721847,45.772369],[-111.763273,45.772554],[-111.763324,45.786828],[-111.80538,45.786748],[-111.805259,45.798306],[-111.807209,45.809624],[-111.843036,45.821302],[-111.872147,45.818027],[-111.884542,45.830597],[-111.906625,45.827969],[-111.909855,45.839506],[-111.93007,45.857612],[-111.984039,45.846493],[-112.022865,45.858781],[-112.049832,45.849644],[-112.085509,45.851039],[-112.106378,45.841188],[-112.118869,45.812461],[-112.112238,45.805518],[-112.137384,45.781295],[-112.136621,45.771722],[-112.168767,45.749981],[-112.190269,45.748503],[-112.461816,45.742584],[-112.485075,45.758998],[-112.498432,45.759765],[-112.515453,45.746702],[-112.525706,45.727652],[-112.523792,45.70795],[-112.549534,45.684317],[-112.577565,45.678144],[-112.60066,45.661264],[-112.687054,45.624854],[-112.679445,45.612427],[-112.687155,45.601005],[-112.686825,45.569294],[-112.694053,45.542756]]]}},{"type":"Feature","properties":{"code":"US-30059","name":"Meagher","label":"Meagher County","type":"County","parentCode":"US-MT"},"geometry":{"type":"Polygon","coordinates":[[[-111.658132,46.913423],[-111.623864,46.902935],[-111.608678,46.892266],[-111.608529,46.878442],[-111.639154,46.865314],[-111.635437,46.850984],[-111.645739,46.843361],[-111.639502,46.832134],[-111.627579,46.83251],[-111.599121,46.807846],[-111.573536,46.810051],[-111.532301,46.804383],[-111.523814,46.817074],[-111.496029,46.790273],[-111.498095,46.762502],[-111.493687,46.761016],[-111.48633,46.756263],[-111.482245,46.75602],[-111.478084,46.754784],[-111.473202,46.752465],[-111.464758,46.751323],[-111.459862,46.746636],[-111.456911,46.744126],[-111.456105,46.738722],[-111.456404,46.732193],[-111.457428,46.731008],[-111.457489,46.729477],[-111.456751,46.729009],[-111.458273,46.727818],[-111.459956,46.726596],[-111.463193,46.724823],[-111.46172,46.722314],[-111.45907,46.721398],[-111.45318,46.719921],[-111.450075,46.718161],[-111.45004,46.714976],[-111.453078,46.713358],[-111.45781,46.708687],[-111.460527,46.706921],[-111.461567,46.704325],[-111.458489,46.703842],[-111.452719,46.702156],[-111.446631,46.70001],[-111.443994,46.695453],[-111.443301,46.690997],[-111.44555,46.688192],[-111.450235,46.685039],[-111.45109,46.683142],[-111.447487,46.681538],[-111.443188,46.681592],[-111.434514,46.681392],[-111.426013,46.681289],[-111.42257,46.677743],[-111.417072,46.674786],[-111.413554,46.669198],[-111.41099,46.659376],[-111.409842,46.652974],[-111.411461,46.64471],[-111.411584,46.641289],[-111.407284,46.63951],[-111.405146,46.64155],[-111.396489,46.64365],[-111.388811,46.644698],[-111.379253,46.646287],[-111.374729,46.643337],[-111.368987,46.640346],[-111.363939,46.63511],[-111.355028,46.634784],[-111.346625,46.635534],[-111.343428,46.635164],[-111.33717,46.634752],[-111.332044,46.634458],[-111.330335,46.631131],[-111.329673,46.629245],[-111.327258,46.625055],[-111.329288,46.619467],[-111.326951,46.616934],[-111.327,46.613372],[-111.331257,46.610336],[-111.334502,46.605473],[-111.330967,46.595679],[-111.329624,46.589507],[-111.333688,46.583662],[-111.332824,46.577152],[-111.324446,46.571713],[-111.320479,46.564325],[-111.32071,46.560696],[-111.324251,46.556323],[-111.328767,46.555902],[-111.340106,46.549055],[-111.341097,46.542473],[-111.337304,46.538416],[-111.323499,46.534393],[-111.316402,46.530474],[-111.309213,46.530187],[-111.296574,46.528325],[-111.283037,46.522975],[-111.276835,46.514032],[-111.274501,46.507418],[-111.272597,46.502412],[-111.269767,46.498661],[-111.265649,46.496963],[-111.262615,46.498495],[-111.256042,46.495493],[-111.254197,46.491109],[-111.255248,46.483553],[-111.255004,46.477911],[-111.252037,46.46936],[-111.248592,46.45941],[-111.249621,46.453497],[-111.250555,46.444028],[-111.246294,46.43799],[-111.238564,46.43607],[-111.23074,46.430526],[-111.218157,46.429753],[-111.207864,46.427272],[-111.192858,46.429149],[-111.178655,46.435705],[-111.175794,46.445001],[-111.161017,46.449356],[-111.153013,46.449168],[-111.139843,46.449776],[-111.128383,46.45231],[-111.1239,46.452724],[-111.121391,46.446743],[-111.124599,46.44355],[-111.122961,46.439063],[-111.112961,46.436553],[-111.108894,46.434997],[-111.100279,46.433942],[-111.097354,46.429575],[-111.095619,46.426736],[-111.091257,46.42324],[-111.085942,46.420159],[-111.079421,46.416748],[-111.072764,46.412088],[-111.065231,46.409963],[-111.061171,46.407676],[-111.057011,46.40132],[-111.06119,46.394876],[-111.065794,46.391035],[-111.065271,46.38519],[-111.067832,46.379169],[-111.072205,46.3732],[-111.071686,46.368129],[-111.068567,46.361935],[-111.070468,46.355117],[-111.070469,46.35028],[-111.077068,46.346691],[-111.082092,46.34733],[-111.089035,46.346031],[-111.093506,46.339803],[-111.102851,46.33215],[-111.113063,46.319853],[-111.118295,46.309207],[-111.119243,46.297303],[-111.120887,46.289244],[-111.124138,46.280633],[-111.124951,46.276573],[-111.12418,46.271894],[-111.12049,46.269537],[-111.116266,46.266269],[-111.112198,46.265726],[-111.108645,46.264513],[-111.107767,46.262294],[-111.108124,46.260459],[-111.105341,46.258411],[-111.101485,46.25838],[-111.097402,46.257164],[-111.088515,46.253141],[-111.081379,46.250306],[-111.077628,46.248772],[-111.077983,46.246036],[-111.082456,46.239881],[-111.080428,46.233684],[-111.069289,46.231111],[-111.06604,46.225035],[-111.061831,46.220865],[-111.060808,46.209087],[-111.061565,46.195775],[-111.061956,46.192834],[-110.783833,46.192699],[-110.409271,46.192065],[-110.409283,46.184368],[-110.281916,46.184397],[-110.281971,46.220605],[-110.281471,46.489826],[-110.272998,46.48983],[-110.273337,46.710509],[-110.302726,46.688647],[-110.325376,46.685724],[-110.328511,46.673178],[-110.34424,46.672562],[-110.349481,46.682461],[-110.375292,46.692912],[-110.399556,46.68816],[-110.421998,46.678022],[-110.437216,46.686231],[-110.466626,46.678526],[-110.483057,46.70147],[-110.497827,46.702633],[-110.506319,46.712774],[-110.524345,46.712788],[-110.549607,46.733089],[-110.564334,46.738864],[-110.557791,46.759299],[-110.563704,46.771363],[-110.620687,46.772216],[-110.649524,46.801473],[-110.644458,46.816158],[-110.652877,46.823626],[-110.652874,46.823191],[-110.659114,46.819054],[-110.663502,46.819322],[-110.669379,46.820864],[-110.678276,46.824479],[-110.684695,46.831984],[-110.692587,46.838431],[-110.695665,46.841192],[-110.696055,46.843292],[-110.699725,46.843977],[-110.704045,46.841963],[-110.710494,46.841928],[-110.716156,46.838485],[-110.720727,46.838004],[-110.724615,46.841676],[-110.727511,46.846054],[-110.739622,46.847943],[-110.748782,46.845235],[-110.755698,46.847313],[-110.75531,46.853154],[-110.752471,46.857244],[-110.753517,46.863156],[-110.754113,46.868719],[-110.754225,46.871445],[-110.755559,46.87286],[-110.757285,46.872168],[-110.761426,46.875051],[-110.758433,46.878197],[-110.761153,46.88189],[-110.757867,46.886011],[-110.753336,46.887612],[-110.755307,46.893164],[-110.760562,46.896094],[-110.760498,46.898598],[-110.764421,46.898386],[-110.774062,46.898427],[-110.782523,46.901391],[-110.783503,46.907113],[-110.786098,46.910547],[-110.791835,46.909047],[-110.794877,46.906204],[-110.802688,46.903363],[-110.809468,46.903692],[-110.816774,46.910307],[-110.820318,46.913846],[-110.830058,46.914175],[-110.838994,46.918187],[-110.847625,46.920474],[-110.8542,46.92077],[-110.857112,46.926689],[-110.855261,46.930691],[-110.853872,46.935773],[-110.85552,46.942987],[-110.866626,46.945039],[-110.87331,46.950077],[-110.883635,46.956978],[-110.88648,46.959258],[-110.891147,46.963929],[-110.8962,46.967088],[-110.903275,46.969888],[-110.908143,46.973305],[-110.912561,46.979184],[-110.917343,46.98185],[-110.92415,46.984754],[-110.930612,46.985148],[-110.936835,46.986636],[-110.946353,46.990766],[-110.955774,46.992613],[-110.96445,46.99792],[-110.972085,47.00005],[-110.981898,47.000022],[-110.988038,46.998232],[-110.996227,47.000203],[-110.994742,47.002406],[-111.003187,47.004806],[-111.009447,47.002991],[-111.017219,47.003715],[-111.029924,47.006663],[-111.037966,47.005943],[-111.046912,47.005188],[-111.060059,47.007456],[-111.069388,47.005436],[-111.078081,47.008755],[-111.08512,47.011731],[-111.09516,47.018142],[-111.099556,47.024238],[-111.102544,47.027865],[-111.098531,47.032565],[-111.085987,47.039],[-111.077235,47.046562],[-111.080865,47.055509],[-111.083629,47.062809],[-111.083749,47.070291],[-111.079425,47.077065],[-111.077396,47.082899],[-111.079846,47.085726],[-111.098805,47.087933],[-111.131186,47.087992],[-111.158498,47.071447],[-111.158464,47.034378],[-111.204876,47.011762],[-111.24342,47.011751],[-111.285244,47.005637],[-111.286626,47.001026],[-111.539373,47.000559],[-111.539214,46.913371],[-111.658132,46.913423]]]}},{"type":"Feature","properties":{"code":"US-30061","name":"Mineral","label":"Mineral County","type":"County","parentCode":"US-MT"},"geometry":{"type":"Polygon","coordinates":[[[-115.75922,47.423762],[-115.758837513997,47.4237246174057],[-115.74862,47.422726],[-115.737056,47.425538],[-115.721073,47.424812],[-115.713081,47.415948],[-115.698293,47.415968],[-115.675333,47.408905],[-115.673659,47.402503],[-115.657304,47.400208],[-115.642411,47.377645],[-115.617138,47.382291],[-115.576988,47.366599],[-115.576433,47.357087],[-115.565547,47.35242],[-115.556209,47.352846],[-115.548913,47.347034],[-115.550473,47.334263],[-115.539783,47.327636],[-115.528752,47.302677],[-115.508339,47.292961],[-115.486061,47.284539],[-115.480384,47.281641],[-115.4687,47.286292],[-115.457726,47.2824],[-115.457564,47.279235],[-115.452926,47.27743],[-115.430989,47.279644],[-115.420628,47.27595],[-115.419135,47.270433],[-115.407339,47.264137],[-115.38427,47.267126],[-115.359219,47.259643],[-115.339145,47.262259],[-115.3193,47.254404],[-115.324431,47.245746],[-115.31763,47.235238],[-115.311832,47.230142],[-115.306988,47.229624],[-115.298784,47.225504],[-115.292001,47.209631],[-115.295877,47.205428],[-115.301227,47.192787],[-115.300395,47.187909],[-115.287962,47.184688],[-115.262422,47.181687],[-115.256033,47.173152],[-115.254202,47.162043],[-115.243106,47.150729],[-115.221473,47.148748],[-115.202893,47.139757],[-115.18666,47.12976],[-115.178518,47.117226],[-115.172175,47.107151],[-115.158767,47.102778],[-115.143677,47.101045],[-115.140847,47.096223],[-115.141541,47.086868],[-115.128537,47.067002],[-115.12083821219,47.0608795927343],[-115.104362,47.047777],[-115.096033,47.04797],[-115.088044,47.045883],[-115.075038,47.025833],[-115.065856,47.000851],[-115.059241,46.989316],[-115.047857,46.969532],[-115.031968,46.971574],[-115.028386,46.975659],[-115.001274,46.971901],[-114.99944,46.966032],[-114.98643,46.951869],[-114.969075,46.938781],[-114.959317,46.932898],[-114.960597,46.93001],[-114.931584,46.91968],[-114.924401,46.917853],[-114.921828,46.912703],[-114.927839,46.909718],[-114.936696,46.897148],[-114.930949,46.881878],[-114.932937,46.875331],[-114.939166,46.869731],[-114.944571,46.867858],[-114.948261,46.860009],[-114.941044,46.856525],[-114.929957,46.855197],[-114.924257,46.847528],[-114.928341,46.843012],[-114.926799,46.833437],[-114.915275,46.825409],[-114.899571,46.822597],[-114.895468,46.815909],[-114.897989,46.807838],[-114.890593,46.803692],[-114.879241,46.811309],[-114.864783,46.814172],[-114.86113,46.81136],[-114.859968,46.804828],[-114.844685,46.794075],[-114.836649,46.792489],[-114.829613,46.782967],[-114.817511,46.781311],[-114.80796,46.782214],[-114.796223,46.777242],[-114.788986,46.779557],[-114.78647,46.778288],[-114.782543,46.768829],[-114.765346,46.757905],[-114.767071,46.738598],[-114.773556,46.731983],[-114.779876,46.729813],[-114.787462,46.714943],[-114.784901,46.710014],[-114.76929,46.701983],[-114.766008,46.697015],[-114.750097,46.697911],[-114.740557,46.711657],[-114.726135,46.71457],[-114.716103,46.714265],[-114.708484,46.72247],[-114.698899,46.739993],[-114.695757,46.740096],[-114.674940388977,46.7377276357565],[-114.674925,46.747414],[-114.549127,46.747366],[-114.549004,46.833626],[-114.566259,46.833557],[-114.566129,46.963405],[-114.546445,46.963371],[-114.547172,46.992439],[-114.52533,46.992328],[-114.525358,47.00925],[-114.502648,47.009137],[-114.486134,46.999197],[-114.451265,46.993201],[-114.451356,47.0089],[-114.419374,47.008896],[-114.419532,47.023246],[-114.483227,47.023358],[-114.483694,47.067508],[-114.566094,47.06738],[-114.565653,47.09485],[-114.586671,47.094853],[-114.586735,47.123757],[-114.629214,47.123721],[-114.629151,47.138255],[-114.65047,47.138244],[-114.650226,47.167163],[-114.691397,47.167201],[-114.691364,47.18227],[-114.712283,47.182187],[-114.712272,47.207545],[-114.712274,47.22559],[-114.775833,47.225573],[-114.775846,47.240053],[-114.797135,47.240033],[-114.797204,47.268916],[-114.842324,47.268847],[-114.842453,47.297943],[-114.906046,47.29797],[-114.906014,47.312482],[-114.968978,47.312625],[-114.969056,47.37405],[-114.979189,47.395391],[-115.014059,47.400682],[-115.033708,47.414404],[-115.067056,47.417082],[-115.087872,47.427136],[-115.121167,47.419977],[-115.149491,47.432934],[-115.157386,47.447809],[-115.193855,47.461075],[-115.212804,47.46245],[-115.249057,47.480416],[-115.282181,47.486923],[-115.305978,47.471432],[-115.342687,47.470913],[-115.3634,47.48367],[-115.401676,47.484904],[-115.429305,47.476241],[-115.443734,47.465608],[-115.489936,47.47449],[-115.504465,47.494791],[-115.52591,47.49541],[-115.522726,47.484203],[-115.533142,47.475678],[-115.566332,47.471053],[-115.612747,47.474894],[-115.629488,47.47961],[-115.639348,47.461101],[-115.649011,47.456218],[-115.673226,47.453642],[-115.681902,47.456658],[-115.718086,47.451895],[-115.729417,47.446061],[-115.747561,47.441932],[-115.75922,47.423762]]]}},{"type":"Feature","properties":{"code":"US-30063","name":"Missoula","label":"Missoula County","type":"County","parentCode":"US-MT"},"geometry":{"type":"Polygon","coordinates":[[[-114.797204,47.268916],[-114.797135,47.240033],[-114.775846,47.240053],[-114.775833,47.225573],[-114.712274,47.22559],[-114.712272,47.207545],[-114.712283,47.182187],[-114.691364,47.18227],[-114.691397,47.167201],[-114.650226,47.167163],[-114.65047,47.138244],[-114.629151,47.138255],[-114.629214,47.123721],[-114.586735,47.123757],[-114.586671,47.094853],[-114.565653,47.09485],[-114.566094,47.06738],[-114.483694,47.067508],[-114.483227,47.023358],[-114.419532,47.023246],[-114.419374,47.008896],[-114.451356,47.0089],[-114.451265,46.993201],[-114.486134,46.999197],[-114.502648,47.009137],[-114.525358,47.00925],[-114.52533,46.992328],[-114.547172,46.992439],[-114.546445,46.963371],[-114.566129,46.963405],[-114.566259,46.833557],[-114.549004,46.833626],[-114.549127,46.747366],[-114.674925,46.747414],[-114.674940388977,46.7377276357565],[-114.66161,46.736211],[-114.646645,46.730248],[-114.633825,46.715782],[-114.622124,46.708237],[-114.623543,46.690933],[-114.632194,46.683761],[-114.641443,46.679492],[-114.639062,46.666945],[-114.635779,46.659476],[-114.622152,46.658206],[-114.614607,46.655026],[-114.611567,46.647474],[-114.616037,46.644001],[-114.610656,46.637564],[-114.594470157733,46.6342476523111],[-114.590909,46.633518],[-114.580302,46.634604],[-114.566242,46.641939],[-114.544033,46.647613],[-114.51775,46.639788],[-114.499141,46.639226],[-114.480656,46.632028],[-114.464474,46.63373],[-114.452639,46.641561],[-114.45313,46.649036],[-114.424315,46.660418],[-114.410798,46.657236],[-114.403274,46.659403],[-114.394405,46.664616],[-114.35948,46.668846],[-114.331778507445,46.6605789633857],[-114.286064,46.660443],[-114.035656,46.660712],[-113.827743,46.660896],[-113.793557,46.658166],[-113.667996,46.658372],[-113.668166,46.716229],[-113.55153,46.716508],[-113.545081,46.744623],[-113.479856,46.744714],[-113.479835,46.802457],[-113.417085,46.802495],[-113.416599,46.832113],[-113.302903,46.832159],[-113.302943,47.179643],[-113.46645,47.179186],[-113.466411,47.258268],[-113.466485,47.600057],[-113.634079,47.600027],[-113.948745,47.599992],[-113.930289,47.598499],[-113.932258,47.577161],[-113.9195,47.549411],[-113.929688,47.539918],[-113.927674,47.520571],[-113.908581,47.514436],[-113.91422,47.500954],[-113.935457,47.498007],[-113.95118,47.475994],[-113.928775,47.465901],[-113.932412,47.4576],[-113.903678,47.447615],[-113.890834,47.431689],[-113.891339,47.416784],[-113.87111,47.39197],[-113.877248,47.370108],[-113.887667,47.364777],[-113.881838,47.338524],[-113.900685,47.311317],[-113.893264,47.308713],[-113.882738,47.308073],[-113.870769,47.288158],[-113.855385,47.285002],[-113.843538,47.272055],[-113.824348,47.274413],[-113.821166,47.2687],[-113.821447,47.181709],[-113.933568,47.18172],[-113.933503,47.138289],[-114.138995,47.138096],[-114.153219,47.138123],[-114.18717,47.138191],[-114.212098,47.127709],[-114.236088,47.134301],[-114.253584,47.121007],[-114.264148,47.12107],[-114.292457,47.127848],[-114.323102,47.145312],[-114.355922,47.157903],[-114.346111,47.176235],[-114.35384,47.190995],[-114.362241,47.187055],[-114.403361,47.196835],[-114.423858,47.210091],[-114.454395,47.207963],[-114.469089,47.21934],[-114.49132,47.220205],[-114.542704,47.239883],[-114.563737,47.254611],[-114.593458,47.257089],[-114.636642,47.26593],[-114.68721,47.274335],[-114.708847,47.254689],[-114.797204,47.268916]]]}},{"type":"Feature","properties":{"code":"US-30065","name":"Musselshell","label":"Musselshell County","type":"County","parentCode":"US-MT"},"geometry":{"type":"Polygon","coordinates":[[[-109.00957,46.750702],[-109.009982,46.621172],[-108.988727,46.62124],[-108.988995,46.577851],[-108.904904,46.576908],[-108.905259,46.489805],[-108.880114,46.489737],[-108.881795,46.45173],[-108.860801,46.451665],[-108.862277,46.364586],[-108.841331,46.364563],[-108.841724,46.350064],[-108.831262,46.350091],[-108.83161,46.320999],[-108.821158,46.321013],[-108.821129,46.306456],[-108.800203,46.306441],[-108.800141,46.277405],[-108.779272,46.277398],[-108.779733,46.132457],[-108.458294,46.13291],[-108.404795,46.132952],[-108.404856,46.23596],[-108.36294,46.235584],[-108.362927,46.25003],[-108.320952,46.249664],[-108.320812,46.263997],[-108.029363,46.264055],[-108.02933,46.307841],[-108.011597,46.307822],[-108.011948,46.336813],[-107.990834,46.337014],[-107.991101,46.35147],[-107.970009,46.351474],[-107.970165,46.365967],[-107.949322,46.36606],[-107.949395,46.380596],[-107.9285,46.380796],[-107.928547,46.395284],[-107.782087,46.395182],[-107.781214,46.496014],[-107.796755,46.495874],[-107.795473,46.596652],[-107.837732,46.596647],[-107.816987,46.615751],[-107.812174,46.632306],[-107.820919,46.641483],[-107.808655,46.662646],[-107.792957,46.680187],[-107.800323,46.692267],[-107.822949,46.703141],[-107.816882,46.708428],[-107.82719,46.726655],[-107.809508,46.728798],[-107.813427,46.743319],[-107.827687,46.755875],[-108.631462,46.749392],[-109.00957,46.750702]]]}},{"type":"Feature","properties":{"code":"US-30067","name":"Park","label":"Park County","type":"County","parentCode":"US-MT"},"geometry":{"type":"Polygon","coordinates":[[[-111.04661,45.176327],[-111.045064,45.073895],[-111.045065708123,45.0013432628163],[-111.044275,45.001345],[-110.785008,45.002952],[-110.761554,44.999934],[-110.750767,44.997948],[-110.705272,44.992324],[-110.552433,44.992237],[-110.547165,44.992459],[-110.48807,44.992361],[-110.402927,44.99381],[-110.362698,45.000593],[-110.342131,44.999053],[-110.324441,44.999156],[-110.28677,44.99685],[-110.199503,44.996188],[-110.110103,45.003905],[-110.026347,45.003665],[-110.025544,45.003602],[-110.00150729644,45.003264631694],[-109.99505,45.003174],[-109.875735,45.003275],[-109.798687,45.002188],[-109.798484792608,45.0021855418206],[-109.798673,45.167339],[-109.798666,45.172128],[-110.064518,45.172129],[-110.213399,45.172096],[-110.228052,45.172129],[-110.228243,45.348755],[-110.219412,45.348799],[-110.219511,45.519881],[-110.220251,45.747459],[-110.220908,45.784973],[-110.292662,45.785057],[-110.292752,46.133849],[-110.281898,46.13384],[-110.281916,46.184397],[-110.409283,46.184368],[-110.409271,46.192065],[-110.783833,46.192699],[-110.783979,46.158218],[-110.790767,46.141846],[-110.792404,45.988779],[-110.78852,45.931278],[-110.789399,45.786308],[-110.795261,45.699235],[-110.794774,45.590682],[-110.857382,45.59065],[-110.858252,45.524879],[-110.919222,45.524861],[-110.919057,45.456582],[-110.917826,45.360463],[-110.918633,45.351275],[-111.038169,45.351391],[-111.038228,45.265867],[-111.038613,45.176379],[-111.04661,45.176327]]]}},{"type":"Feature","properties":{"code":"US-30069","name":"Petroleum","label":"Petroleum County","type":"County","parentCode":"US-MT"},"geometry":{"type":"Polygon","coordinates":[[[-108.736077,47.183414],[-108.736838,47.098218],[-108.608954,47.098126],[-108.611116,46.836776],[-108.630689,46.836807],[-108.631462,46.749392],[-107.827687,46.755875],[-107.845747,46.780484],[-107.8416,46.801646],[-107.873446,46.835011],[-107.8767,46.845031],[-107.897356,46.849722],[-107.892233,46.851215],[-107.892183,46.851274],[-107.895995,46.853574],[-107.902161,46.852838],[-107.906537,46.855888],[-107.905083,46.860051],[-107.902633,46.861649],[-107.902646,46.865488],[-107.906897,46.864731],[-107.912693,46.866496],[-107.9199,46.86954],[-107.917945,46.872161],[-107.919374,46.875643],[-107.929151,46.877804],[-107.932807,46.87577],[-107.939302,46.876346],[-107.940432,46.879984],[-107.936817,46.886766],[-107.940688,46.891265],[-107.937176,46.896201],[-107.932468,46.896918],[-107.931662,46.899928],[-107.932189,46.902992],[-107.929169,46.909237],[-107.933181,46.913287],[-107.930731,46.918185],[-107.925183,46.917258],[-107.919278,46.918097],[-107.920061,46.921598],[-107.923778,46.922796],[-107.925194,46.92549],[-107.926515,46.928009],[-107.923194,46.927998],[-107.918388,46.928284],[-107.915289,46.929573],[-107.917671,46.930474],[-107.921195,46.930471],[-107.925189,46.931742],[-107.924846,46.934759],[-107.919555,46.937082],[-107.913283,46.936526],[-107.906704,46.936105],[-107.90802,46.939614],[-107.911784,46.940083],[-107.915531,46.943695],[-107.913193,46.949029],[-107.906676,46.95328],[-107.907997,46.957131],[-107.911044,46.959089],[-107.910077,46.961716],[-107.907491,46.961697],[-107.905371,46.963873],[-107.906922,46.965475],[-107.911586,46.969063],[-107.912032,46.971564],[-107.909028,46.971638],[-107.90703,46.972927],[-107.903988,46.971998],[-107.90127,46.973819],[-107.899413,46.976018],[-107.89488,46.977949],[-107.892108,46.976929],[-107.888963,46.978075],[-107.89236,46.978992],[-107.89515,46.980766],[-107.893435,46.983081],[-107.891931,46.982354],[-107.889104,46.982808],[-107.885134,46.985558],[-107.885925,46.98704],[-107.888464,46.989701],[-107.890344,46.992007],[-107.888737,46.994123],[-107.889728,46.995544],[-107.888433,46.997016],[-107.885218,46.997819],[-107.888128,47.001448],[-107.889834,47.004384],[-107.888753,47.007967],[-107.891815,47.009391],[-107.896546,47.008679],[-107.896665,47.012325],[-107.89931,47.017954],[-107.901901,47.019841],[-107.90383,47.018371],[-107.904719,47.016095],[-107.907909,47.013144],[-107.914831,47.014593],[-107.921344,47.019719],[-107.92181,47.022312],[-107.913184,47.028901],[-107.907788,47.029471],[-107.906678,47.027958],[-107.903924,47.031539],[-107.905475,47.031581],[-107.908235,47.033908],[-107.912406,47.039935],[-107.91848,47.043198],[-107.922837,47.043784],[-107.925665,47.045381],[-107.924014,47.047688],[-107.923748,47.052695],[-107.926004,47.054559],[-107.925401,47.054342],[-107.921599,47.056349],[-107.918983,47.058933],[-107.91663,47.060691],[-107.917763,47.061335],[-107.920926,47.060562],[-107.924483,47.06314],[-107.922549,47.065411],[-107.919699,47.067077],[-107.916352,47.067052],[-107.914293,47.069727],[-107.918579,47.070379],[-107.923105,47.069287],[-107.926165,47.072865],[-107.924256,47.075647],[-107.920413,47.077771],[-107.920927,47.081197],[-107.923763,47.083009],[-107.929617,47.081815],[-107.928115,47.079028],[-107.932146,47.077606],[-107.93354,47.081242],[-107.936569,47.083616],[-107.941952,47.087025],[-107.939517,47.086922],[-107.935806,47.086767],[-107.933975,47.093128],[-107.934801,47.098235],[-107.93827,47.104585],[-107.948926,47.107954],[-107.951449,47.110255],[-107.948597,47.110903],[-107.945954,47.109598],[-107.939738,47.110594],[-107.938811,47.113183],[-107.936227,47.114042],[-107.934527,47.112792],[-107.931365,47.11254],[-107.931155,47.113763],[-107.933811,47.116522],[-107.938089,47.116002],[-107.941541,47.119876],[-107.947713,47.121275],[-107.94977,47.119842],[-107.955383,47.121706],[-107.957396,47.123772],[-107.958993,47.126539],[-107.956105,47.130494],[-107.957096,47.133128],[-107.953629,47.134974],[-107.953232,47.131807],[-107.950369,47.130974],[-107.947763,47.131801],[-107.94264,47.135512],[-107.942647,47.139464],[-107.946637,47.13956],[-107.952287,47.138138],[-107.954617,47.137712],[-107.954322,47.140516],[-107.95038,47.14107],[-107.945085,47.140868],[-107.938332,47.14419],[-107.944581,47.147373],[-107.948455,47.151691],[-107.952011,47.155309],[-107.954145,47.159296],[-107.949044,47.159581],[-107.944587,47.159729],[-107.943787,47.158928],[-107.943639,47.157168],[-107.941912,47.155262],[-107.938507,47.155923],[-107.939965,47.158231],[-107.939769,47.162528],[-107.944944,47.165287],[-107.946091,47.168818],[-107.941176,47.171039],[-107.940109,47.169985],[-107.939372,47.168067],[-107.933556,47.165597],[-107.929229,47.167653],[-107.92939,47.170442],[-107.930667,47.171715],[-107.930134,47.175236],[-107.926344,47.176515],[-107.925309,47.180578],[-107.927535,47.181669],[-107.932131,47.182023],[-107.93156,47.179665],[-107.936497,47.178776],[-107.935437,47.182672],[-107.932118,47.184519],[-107.933362,47.187566],[-107.93704,47.18798],[-107.937656,47.190781],[-107.9351,47.19107],[-107.932653,47.190205],[-107.937647,47.193917],[-107.943343,47.194032],[-107.948286,47.194942],[-107.948566,47.194731],[-107.948284,47.197522],[-107.945909,47.200265],[-107.944812,47.202268],[-107.938824,47.205639],[-107.937549,47.214081],[-107.942989,47.218693],[-107.946165,47.221484],[-107.944722,47.221753],[-107.944667,47.224002],[-107.946758,47.22559],[-107.951414,47.226131],[-107.951143,47.224942],[-107.957708,47.224926],[-107.96329,47.228287],[-107.962227,47.232028],[-107.960098,47.229402],[-107.956592,47.227636],[-107.955714,47.230515],[-107.957327,47.233886],[-107.960334,47.235507],[-107.960814,47.236886],[-107.958855,47.239878],[-107.952237,47.237748],[-107.949091,47.239689],[-107.950102,47.243959],[-107.953573,47.24567],[-107.957082,47.245509],[-107.961511,47.246588],[-107.965419,47.247721],[-107.968459,47.25032],[-107.966521,47.252695],[-107.962794,47.256311],[-107.956174,47.255793],[-107.950316,47.255548],[-107.947927,47.257824],[-107.953355,47.259517],[-107.958158,47.261102],[-107.963265,47.264124],[-107.961236,47.267737],[-107.957015,47.268949],[-107.955467,47.269657],[-107.956127,47.268697],[-107.953959,47.26687],[-107.95219,47.268115],[-107.953369,47.270335],[-107.955438,47.274856],[-107.960312,47.27436],[-107.964242,47.276202],[-107.962251,47.278621],[-107.961428,47.281108],[-107.955465,47.284376],[-107.950715,47.2842],[-107.94988,47.286978],[-107.956891,47.289459],[-107.960454,47.288726],[-107.963167,47.290191],[-107.961451,47.293139],[-107.952627,47.295159],[-107.950069,47.298114],[-107.946709,47.300144],[-107.948894,47.302851],[-107.953166,47.302551],[-107.957133,47.306993],[-107.950525,47.315568],[-107.941901,47.316344],[-107.938443,47.318082],[-107.935998,47.31979],[-107.938395,47.320848],[-107.942078,47.321736],[-107.944281,47.321868],[-107.94807,47.32034],[-107.951215,47.320018],[-107.952386,47.321474],[-107.955516,47.321079],[-107.954266,47.319276],[-107.957274,47.317857],[-107.956915,47.321478],[-107.954105,47.324474],[-107.955256,47.326632],[-107.958739,47.326623],[-107.962286,47.330942],[-107.958469,47.334662],[-107.956645,47.340563],[-107.953518,47.341312],[-107.953391,47.345456],[-107.960391,47.348789],[-107.962329,47.352184],[-107.958578,47.355073],[-107.954703,47.354737],[-107.952133,47.357313],[-107.954742,47.359231],[-107.951272,47.362852],[-107.944201,47.365796],[-107.939483,47.367674],[-107.941396,47.369618],[-107.942423,47.371573],[-107.940821,47.371443],[-107.939514,47.37381],[-107.940944,47.373874],[-107.939754,47.377494],[-107.935269,47.376965],[-107.929589,47.379119],[-107.930241,47.380814],[-107.932333,47.383568],[-107.93409,47.383036],[-107.93639,47.385793],[-107.930252,47.387807],[-107.924027,47.387254],[-107.924714,47.389561],[-107.927015,47.392221],[-107.921693,47.397309],[-107.915744,47.39988],[-107.911048,47.402191],[-107.910621,47.404874],[-107.911625,47.410171],[-107.908889,47.413374],[-107.91263,47.413871],[-107.918631,47.414043],[-107.920324,47.416766],[-107.91497,47.416648],[-107.909718,47.418606],[-107.911216,47.422892],[-107.910486,47.430285],[-107.914343,47.434297],[-107.918085,47.436793],[-107.920308,47.438341],[-107.917546,47.439418],[-107.914875,47.442313],[-107.917004,47.443293],[-107.917769,47.446451],[-107.913271,47.448217],[-107.90912,47.450692],[-107.909119,47.488011],[-107.898107,47.510071],[-107.919184,47.520588],[-107.919502,47.535189],[-107.930208,47.544324],[-107.928591,47.567612],[-107.96158,47.569875],[-107.976184,47.585931],[-108.022231,47.582066],[-108.065418,47.598294],[-108.079585,47.592012],[-108.137272,47.592428],[-108.147544,47.583642],[-108.178548,47.580064],[-108.19957,47.589725],[-108.237974,47.582369],[-108.259619,47.587987],[-108.282375,47.579615],[-108.313048,47.58365],[-108.31549,47.531071],[-108.315481,47.315152],[-108.3368,47.307932],[-108.464255,47.306838],[-108.590835,47.306516],[-108.591111,47.270135],[-108.719189,47.270342],[-108.719283,47.183358],[-108.736077,47.183414]]]}},{"type":"Feature","properties":{"code":"US-30071","name":"Phillips","label":"Phillips County","type":"County","parentCode":"US-MT"},"geometry":{"type":"Polygon","coordinates":[[[-108.891069,47.870608],[-108.891115,47.734456],[-108.823987,47.710251],[-108.78406,47.682104],[-108.78982,47.662943],[-108.771619,47.645523],[-108.755437,47.643842],[-108.728836,47.649826],[-108.709856,47.632769],[-108.6883,47.631485],[-108.6714,47.619556],[-108.631376,47.619525],[-108.610972,47.624329],[-108.572422,47.609483],[-108.538516,47.61394],[-108.526067,47.620824],[-108.507494,47.609147],[-108.509227,47.601199],[-108.474541,47.598274],[-108.456908,47.615726],[-108.442461,47.61477],[-108.435911,47.601227],[-108.425143,47.604153],[-108.428956,47.588458],[-108.412458,47.5849],[-108.404464,47.595058],[-108.386342,47.592007],[-108.377853,47.577607],[-108.356267,47.580207],[-108.350385,47.567444],[-108.335819,47.5674],[-108.332682,47.580277],[-108.313048,47.58365],[-108.282375,47.579615],[-108.259619,47.587987],[-108.237974,47.582369],[-108.19957,47.589725],[-108.178548,47.580064],[-108.147544,47.583642],[-108.137272,47.592428],[-108.079585,47.592012],[-108.065418,47.598294],[-108.022231,47.582066],[-107.976184,47.585931],[-107.96158,47.569875],[-107.928591,47.567612],[-107.930208,47.544324],[-107.919502,47.535189],[-107.919184,47.520588],[-107.898107,47.510071],[-107.909119,47.488011],[-107.90912,47.450692],[-107.863544,47.456052],[-107.866219,47.482543],[-107.850475,47.491947],[-107.864922,47.51374],[-107.842235,47.524906],[-107.839431,47.534405],[-107.817189,47.546282],[-107.796198,47.545886],[-107.792844,47.553222],[-107.777865,47.543647],[-107.761921,47.54805],[-107.76311,47.563432],[-107.732268,47.571874],[-107.731521,47.58541],[-107.709522,47.60026],[-107.694687,47.629762],[-107.671173,47.629892],[-107.661986,47.620891],[-107.646679,47.629444],[-107.654416,47.652563],[-107.637578,47.648806],[-107.617108,47.63156],[-107.610852,47.647369],[-107.59425,47.649731],[-107.567572,47.642964],[-107.553672,47.646348],[-107.520788,47.642919],[-107.499344,47.624005],[-107.451508,47.622141],[-107.440064,47.625462],[-107.439116,47.646778],[-107.419745,47.662295],[-107.428086,47.677316],[-107.414886,47.691734],[-107.4144,47.870513],[-107.404513,48.21844],[-107.36973,48.218373],[-107.369252,48.305163],[-107.260458,48.304768],[-107.260279,48.39408],[-107.301073,48.394],[-107.301721,48.480943],[-107.257944,48.480989],[-107.25803,48.514821],[-107.226312,48.509712],[-107.192691,48.509402],[-107.192709,48.568113],[-107.206316,48.56817],[-107.206032,48.91271],[-107.179823,48.912668],[-107.179812,49.000103],[-107.355588,49.000186],[-107.4156,48.999456],[-107.744901,48.999783],[-108.076923,48.999634],[-108.236361401449,48.9995710124833],[-108.236357,48.91352],[-108.259372,48.913592],[-108.259384,48.742225],[-108.319119,48.742209],[-108.319011,48.568431],[-108.346193,48.56845],[-108.346316,48.422305],[-108.367579,48.430923],[-108.359574,48.439003],[-108.404675,48.440634],[-108.410374,48.448484],[-108.411186,48.444981],[-108.411274,48.315983],[-108.411239,48.21955],[-108.433848,48.219551],[-108.43398,47.976553],[-108.569564,47.981272],[-108.598581,47.991896],[-108.607579,47.990997],[-108.623259,47.957242],[-108.625587,47.920411],[-108.671694,47.923256],[-108.885352,47.922729],[-108.88835,47.916293],[-108.891069,47.870608]]]}},{"type":"Feature","properties":{"code":"US-30073","name":"Pondera","label":"Pondera County","type":"County","parentCode":"US-MT"},"geometry":{"type":"Polygon","coordinates":[[[-113.349046,48.310263],[-113.348,48.303113],[-113.322583,48.287724],[-113.2978,48.284251],[-113.289585,48.265339],[-113.236777,48.247211],[-113.226613,48.234355],[-113.236852,48.218002],[-113.230906,48.170426],[-113.207854,48.164377],[-113.190154,48.175254],[-113.166205,48.165455],[-113.152279,48.15124],[-113.130786,48.145457],[-113.13468,48.138183],[-113.090804,48.136443],[-113.063915,48.149976],[-113.052922,48.140902],[-113.052144,48.121542],[-113.030149,48.133269],[-113.014811,48.13103],[-112.890973,48.131029],[-112.837555,48.132365],[-112.826745,48.133176],[-112.455127,48.132018],[-112.264252,48.131346],[-112.177755,48.130717],[-112.177751,48.087162],[-112.047999,48.086612],[-112.048342,48.042909],[-111.984125,48.042767],[-111.984263,47.984592],[-111.789595,47.984162],[-111.666316,47.987273],[-111.408514,47.987178],[-111.409097,48.132218],[-111.409018,48.219542],[-111.665599,48.219549],[-111.665756,48.349456],[-111.795855,48.349812],[-111.79591,48.393081],[-111.925843,48.392961],[-111.982848,48.394234],[-111.990889,48.394265],[-111.990944,48.438546],[-112.004436,48.448886],[-112.025845,48.452353],[-112.094297,48.440646],[-112.099419,48.449961],[-112.151928,48.471408],[-112.153619,48.464571],[-112.174532,48.467348],[-112.184784,48.477578],[-112.20721,48.477023],[-112.228769,48.481885],[-112.229059,48.483614],[-112.576982,48.483348],[-112.575864,48.309684],[-113.349046,48.310263]]]}},{"type":"Feature","properties":{"code":"US-30075","name":"Powder River","label":"Powder River County","type":"County","parentCode":"US-MT"},"geometry":{"type":"Polygon","coordinates":[[[-106.279549,45.351797],[-106.279709,45.179728],[-106.263684,45.179723],[-106.263715092465,44.9937884330015],[-106.263586,44.993788],[-106.024814919023,44.9936876227738],[-105.928184,44.993647],[-105.914258,44.999986],[-105.913382,45.000941],[-105.848065,45.000396],[-105.371302988601,45.0003659690456],[-105.076600973456,45.0003474059416],[-105.038405,45.000345],[-105.038252994286,45.0003443637024],[-105.038205,45.352035],[-104.987318,45.35204],[-104.987306,45.442759],[-104.98194,45.786982],[-105.572147,45.788637],[-106.191734,45.7886],[-106.234502,45.788578],[-106.231728,45.756782],[-106.235716,45.351796],[-106.279549,45.351797]]]}},{"type":"Feature","properties":{"code":"US-30077","name":"Powell","label":"Powell County","type":"County","parentCode":"US-MT"},"geometry":{"type":"Polygon","coordinates":[[[-113.466485,47.600057],[-113.466411,47.258268],[-113.46645,47.179186],[-113.302943,47.179643],[-113.302903,46.832159],[-113.291498,46.832198],[-113.291406,46.806932],[-113.275771,46.812773],[-113.26578,46.825982],[-113.241937,46.813826],[-113.242508,46.801437],[-113.228169,46.783247],[-113.211294,46.779266],[-113.173073,46.754023],[-113.182666,46.745221],[-113.177539,46.730736],[-113.166282,46.733491],[-113.132541,46.725991],[-113.115614,46.713387],[-113.078552,46.720575],[-113.061522,46.731348],[-113.039134,46.73555],[-113.03833,46.483774],[-113.03609,46.411056],[-113.036083,46.401989],[-113.036755,46.396683],[-113.036825,46.266826],[-112.558599,46.265821],[-112.570046,46.304972],[-112.533277,46.331401],[-112.503954,46.330196],[-112.498557,46.342062],[-112.471736,46.340552],[-112.454085,46.328932],[-112.451363,46.349998],[-112.426005,46.357464],[-112.426093,46.36898],[-112.403784,46.386566],[-112.349605,46.385345],[-112.33708,46.403689],[-112.310573,46.421171],[-112.323443,46.43331],[-112.321199,46.443353],[-112.304662,46.449908],[-112.301847,46.489877],[-112.30629,46.510393],[-112.293341,46.517915],[-112.293709,46.531128],[-112.307773,46.549338],[-112.316754,46.574418],[-112.293205,46.605089],[-112.298332,46.62562],[-112.320073,46.654657],[-112.410638,46.656011],[-112.410846,46.699505],[-112.535597,46.699482],[-112.535761,46.771767],[-112.535748,46.834234],[-112.668245,46.834151],[-112.795642,46.831665],[-112.795808,47.177004],[-113.049424,47.177133],[-113.059199,47.488599],[-113.091448,47.480427],[-113.114318,47.490242],[-113.123098,47.51573],[-113.124661,47.55797],[-113.117746,47.570473],[-113.144368,47.595507],[-113.325845,47.595507],[-113.325845,47.600161],[-113.466485,47.600057]]]}},{"type":"Feature","properties":{"code":"US-30079","name":"Prairie","label":"Prairie County","type":"County","parentCode":"US-MT"},"geometry":{"type":"Polygon","coordinates":[[[-106.086777,47.180938],[-106.086585,46.86029],[-105.832674,46.86082],[-105.832631,46.83196],[-105.618158,46.832148],[-105.618097,46.744932],[-105.576394,46.745021],[-105.576063,46.658003],[-105.492002,46.658117],[-105.491919,46.600085],[-105.449406,46.600011],[-105.449196,46.570967],[-105.239058,46.570265],[-105.239238,46.541188],[-104.984714,46.540389],[-104.98474,46.569386],[-104.858749,46.569115],[-104.858738,46.612557],[-104.733059,46.612695],[-104.732843,46.656264],[-104.606835,46.655968],[-104.606903,46.684924],[-104.607307,46.831877],[-104.603766,46.860853],[-105.027526,46.861457],[-105.027542,46.890581],[-105.048789,46.890683],[-105.048831,46.905229],[-105.069583,46.905275],[-105.069524,46.919172],[-105.197011,46.919192],[-105.196735,46.977172],[-105.324757,46.977196],[-105.324853,47.181496],[-105.406309,47.181583],[-105.833044,47.181092],[-105.832637,47.093109],[-105.959897,47.092968],[-105.959841,47.180997],[-106.086777,47.180938]]]}},{"type":"Feature","properties":{"code":"US-30081","name":"Ravalli","label":"Ravalli County","type":"County","parentCode":"US-MT"},"geometry":{"type":"Polygon","coordinates":[[[-114.555378,45.786019],[-114.566063,45.773634],[-114.545968,45.756316],[-114.544657,45.74216],[-114.524428,45.72718],[-114.510878,45.724991],[-114.501525,45.715591],[-114.495312,45.703091],[-114.50766,45.68978],[-114.508407,45.683531],[-114.499234,45.679375],[-114.499528,45.668805],[-114.507536,45.658719],[-114.522033,45.64911],[-114.529569,45.65209],[-114.535661,45.650383],[-114.560937,45.639676],[-114.563543,45.637182],[-114.563196,45.631382],[-114.553828,45.619069],[-114.544796,45.616443],[-114.538023,45.606604],[-114.55389,45.591049],[-114.558144,45.584874],[-114.558929,45.565476],[-114.549399,45.56036],[-114.525966,45.570541],[-114.517652,45.567899],[-114.506232,45.558986],[-114.498067,45.555243],[-114.47365,45.563048],[-114.460433,45.561053],[-114.456655,45.543753],[-114.450754,45.5423],[-114.438882,45.535846],[-114.415695,45.509523],[-114.388509,45.502673],[-114.368411,45.492486],[-114.365511,45.490186],[-114.36061,45.473886],[-114.34491,45.459686],[-114.333109,45.459086],[-114.279108,45.480386],[-114.270608,45.485886],[-114.261507,45.495586],[-114.247715,45.524053],[-114.248074,45.532996],[-114.251727,45.537582],[-114.248012,45.545647],[-114.227833,45.546193],[-114.203556,45.53534],[-114.192693,45.536366],[-114.186361,45.545309],[-114.179934,45.551202],[-114.154728,45.552686],[-114.13514,45.557235],[-114.12899,45.565261],[-114.128492,45.568766],[-114.13225,45.572301],[-114.13136,45.574214],[-114.122213,45.58403],[-114.100199,45.586124],[-114.086475,45.59095],[-114.081991,45.596728],[-114.08304,45.603766],[-114.081681,45.611099],[-114.06751,45.627476],[-114.033347,45.648399],[-114.018622,45.648386],[-114.014864,45.653778],[-114.013677,45.658008],[-114.019961,45.670102],[-114.020424,45.680993],[-114.019206,45.692707],[-114.015524,45.695897],[-113.986547,45.704334],[-113.969872,45.697355],[-113.960794,45.689957],[-113.94831894757,45.6932117484092],[-113.938364,45.695809],[-113.938321908438,45.6956708603326],[-113.922306,45.703976],[-113.911328,45.698877],[-113.904489,45.730735],[-113.916267,45.746133],[-113.896496,45.769723],[-113.870452,45.781574],[-113.854917,45.773141],[-113.849397,45.75278],[-113.829875,45.750746],[-113.804353,45.763062],[-113.787101,45.778497],[-113.791792,45.792216],[-113.777981,45.792129],[-113.744046,45.815074],[-113.729448,45.819538],[-113.712522,45.838384],[-113.697639,45.843545],[-113.667875,45.835373],[-113.654693,45.840373],[-113.622542,45.841305],[-113.610954,45.850455],[-113.592215,45.850224],[-113.5914,45.862898],[-113.568151,45.871916],[-113.528581,45.88116],[-113.53655,45.893877],[-113.535109,45.913198],[-113.516144,45.938814],[-113.517409,45.940089],[-113.554326,45.947261],[-113.579165,45.938665],[-113.608868,45.94984],[-113.615053,45.969726],[-113.648358,45.965038],[-113.66384,45.980528],[-113.676386,46.015518],[-113.671171,46.022841],[-113.690819,46.025953],[-113.687673,46.035406],[-113.732995,46.038807],[-113.744417,46.048665],[-113.760772,46.030053],[-113.776899,46.031582],[-113.803677,46.037675],[-113.787455,46.074444],[-113.771189,46.086112],[-113.767,46.101551],[-113.753246,46.1128],[-113.780361,46.144489],[-113.79522,46.15229],[-113.784889,46.181166],[-113.802629,46.191379],[-113.817777,46.191006],[-113.821174,46.212466],[-113.775082,46.228396],[-113.773653,46.245154],[-113.763768,46.246174],[-113.750527,46.272146],[-113.784181,46.284932],[-113.785169,46.296734],[-113.780368,46.306601],[-113.77182,46.321254],[-113.785503,46.339099],[-113.786055,46.370112],[-113.796105,46.372915],[-113.825811,46.410076],[-113.857017,46.419184],[-113.849218,46.440978],[-113.865926,46.492123],[-113.878358,46.503199],[-113.850029,46.514832],[-113.845183,46.54658],[-113.828715,46.570718],[-113.835256,46.584031],[-113.817158,46.589183],[-113.816393,46.614812],[-113.802835,46.629473],[-113.81765,46.637306],[-113.827743,46.660896],[-114.035656,46.660712],[-114.286064,46.660443],[-114.331778507445,46.6605789633857],[-114.331658,46.660543],[-114.324451,46.653349],[-114.322803,46.642708],[-114.32241,46.610836],[-114.342283,46.588559],[-114.331229,46.577551],[-114.331352394534,46.5757938258987],[-114.331641,46.571684],[-114.339424,46.563809],[-114.347079,46.550623],[-114.344338,46.540828],[-114.349099,46.529284],[-114.341963,46.519449],[-114.352418,46.507493],[-114.375239,46.501625],[-114.384456,46.504906],[-114.400651,46.501916],[-114.403293,46.498181],[-114.399959,46.47695],[-114.394338,46.469319],[-114.383666678203,46.4663721195424],[-114.382942,46.466172],[-114.379465,46.46009],[-114.383136,46.450532],[-114.374511,46.443176],[-114.37278,46.435902],[-114.383165,46.431592],[-114.384334,46.415185],[-114.387415,46.409869],[-114.407695,46.401009],[-114.422349,46.386867],[-114.411483,46.366458],[-114.410573,46.360443],[-114.413649,46.335715],[-114.418067279207,46.3295119329086],[-114.431599,46.310514],[-114.433369,46.305272],[-114.425478,46.287669],[-114.4272,46.283394],[-114.435331,46.27638],[-114.441217,46.27357],[-114.453148,46.270709],[-114.464915,46.272897],[-114.47037,46.26709],[-114.468145,46.248566],[-114.454265708858,46.2421597160027],[-114.451803,46.241023],[-114.445926,46.220992],[-114.44912,46.216552],[-114.443106,46.202713],[-114.445819,46.173703],[-114.452129,46.168601],[-114.463238,46.167825],[-114.478224,46.160646],[-114.489145,46.167454],[-114.510664,46.166139],[-114.524837,46.142031],[-114.520675,46.127438],[-114.492618,46.115587],[-114.474306,46.112285],[-114.466861914649,46.1042994229887],[-114.45994,46.096874],[-114.461755,46.078341],[-114.467451,46.066158],[-114.494532,46.047182],[-114.504727,46.040097],[-114.506213,46.030606],[-114.493288,46.027936],[-114.480132,46.030095],[-114.473702,46.016384],[-114.483854,46.008169],[-114.486654,46.000361],[-114.478393,45.992527],[-114.472345,45.992894],[-114.465514,45.99637],[-114.456105,45.994898],[-114.44878,45.987938],[-114.430843,45.986839],[-114.411783,45.977653],[-114.409244,45.97118],[-114.403603,45.966819],[-114.402152,45.961259],[-114.404599,45.95567],[-114.411824,45.952128],[-114.415868,45.947661],[-114.423572,45.94387],[-114.427608,45.939395],[-114.431219,45.937793],[-114.43105,45.935507],[-114.413059,45.911249],[-114.404205,45.903267],[-114.395127889124,45.9012671913478],[-114.39495,45.901228],[-114.387057,45.888934],[-114.388134,45.88211],[-114.406008,45.864833],[-114.409184,45.853056],[-114.412399,45.852121],[-114.426204,45.857711],[-114.443246,45.861794],[-114.458547,45.854697],[-114.471076,45.849884],[-114.479401,45.848194],[-114.4895,45.850422],[-114.502181,45.848294],[-114.514781,45.840794],[-114.516931,45.832918],[-114.5144,45.827131],[-114.529514,45.819266],[-114.544583,45.791217],[-114.555378,45.786019]]]}},{"type":"Feature","properties":{"code":"US-30083","name":"Richland","label":"Richland County","type":"County","parentCode":"US-MT"},"geometry":{"type":"Polygon","coordinates":[[[-105.234771,47.790502],[-105.235016,47.703581],[-104.97809,47.703293],[-104.978553,47.616272],[-104.593664,47.616294],[-104.594046,47.529335],[-104.513049,47.529442],[-104.513292,47.354719],[-104.420347,47.354435],[-104.385293,47.35346],[-104.131863,47.353901],[-104.131508,47.397403],[-104.045065376246,47.3970661515231],[-104.045069,47.397461],[-104.044797,47.438445],[-104.044621,47.45938],[-104.044109,47.523595],[-104.043912,47.603229],[-104.044241,47.612288],[-104.043742,47.625016],[-104.043528810525,47.6770726060714],[-104.043242,47.747106],[-104.043199,47.747292],[-104.042384,47.803256],[-104.042432,47.805358],[-104.042494650215,47.8066940738407],[-104.042567,47.808237],[-104.041869,47.841699],[-104.041662,47.862282],[-104.04223,47.891031],[-104.043329,47.949554],[-104.043497,47.95449],[-104.043933,47.971515],[-104.044162,47.992836],[-104.044120308422,47.9960829798085],[-104.04412,47.996107],[-104.066179,48.003402],[-104.098921,48.000019],[-104.106695,48.013774],[-104.09497,48.025879],[-104.123554,48.037617],[-104.134413,48.055566],[-104.14247,48.055005],[-104.167221,48.035501],[-104.1883,48.048998],[-104.183153,48.066079],[-104.203194,48.066029],[-104.200698,48.0373],[-104.224029,48.03044],[-104.245936,48.031005],[-104.29044,48.050927],[-104.320674,48.045136],[-104.349492,48.046435],[-104.360398,48.068699],[-104.376549,48.076711],[-104.395056,48.076923],[-104.443255,48.095029],[-104.459967,48.119605],[-104.487092,48.121875],[-104.511696,48.109894],[-104.528335,48.124262],[-104.544517,48.126553],[-104.592125,48.108116],[-104.587269,48.125016],[-104.60975,48.141119],[-104.628634,48.128266],[-104.626098,48.11196],[-104.681633,48.103323],[-104.684148,48.113302],[-104.714307,48.118934],[-104.747636,48.111448],[-104.760735,48.126382],[-104.789218,48.128259],[-104.822581,48.118945],[-104.853055,48.125019],[-104.882039,48.149369],[-104.898447,48.149315],[-104.923002,48.136192],[-104.926139,48.11005],[-104.947319,48.094202],[-104.974058,48.103307],[-104.984108,48.100992],[-104.974812,48.084466],[-104.990346,48.066449],[-104.992493,48.080691],[-105.006225,48.085365],[-105.013845,48.069332],[-105.034969,48.064399],[-105.043563,48.053565],[-105.057163,48.077671],[-105.08487,48.064299],[-105.115222,48.05902],[-105.109414,48.076426],[-105.142334,48.072988],[-105.173367,48.081855],[-105.167189,48.096488],[-105.181111,48.10133],[-105.181574,48.079735],[-105.194783,48.066617],[-105.195013,47.904328],[-105.195122,47.868081],[-105.234651,47.868057],[-105.234771,47.790502]]]}},{"type":"Feature","properties":{"code":"US-30085","name":"Roosevelt","label":"Roosevelt County","type":"County","parentCode":"US-MT"},"geometry":{"type":"Polygon","coordinates":[[[-105.843823,48.219034],[-105.843891,48.010289],[-105.80888,48.024732],[-105.786283,48.022558],[-105.7778,48.047159],[-105.765447,48.03063],[-105.750561,48.025397],[-105.720805,48.03195],[-105.694541,48.053536],[-105.666202,48.057048],[-105.661286,48.045752],[-105.643437,48.051097],[-105.639652,48.066001],[-105.647941,48.077304],[-105.617496,48.073268],[-105.595027,48.08178],[-105.568481,48.08355],[-105.535409,48.066445],[-105.507346,48.097049],[-105.484563,48.090897],[-105.453298,48.089386],[-105.383523,48.092925],[-105.364528,48.088752],[-105.331305,48.092638],[-105.317563,48.079016],[-105.262551,48.089062],[-105.22899,48.089284],[-105.218934,48.081464],[-105.217593,48.063749],[-105.194783,48.066617],[-105.181574,48.079735],[-105.181111,48.10133],[-105.167189,48.096488],[-105.173367,48.081855],[-105.142334,48.072988],[-105.109414,48.076426],[-105.115222,48.05902],[-105.08487,48.064299],[-105.057163,48.077671],[-105.043563,48.053565],[-105.034969,48.064399],[-105.013845,48.069332],[-105.006225,48.085365],[-104.992493,48.080691],[-104.990346,48.066449],[-104.974812,48.084466],[-104.984108,48.100992],[-104.974058,48.103307],[-104.947319,48.094202],[-104.926139,48.11005],[-104.923002,48.136192],[-104.898447,48.149315],[-104.882039,48.149369],[-104.853055,48.125019],[-104.822581,48.118945],[-104.789218,48.128259],[-104.760735,48.126382],[-104.747636,48.111448],[-104.714307,48.118934],[-104.684148,48.113302],[-104.681633,48.103323],[-104.626098,48.11196],[-104.628634,48.128266],[-104.60975,48.141119],[-104.587269,48.125016],[-104.592125,48.108116],[-104.544517,48.126553],[-104.528335,48.124262],[-104.511696,48.109894],[-104.487092,48.121875],[-104.459967,48.119605],[-104.443255,48.095029],[-104.395056,48.076923],[-104.376549,48.076711],[-104.360398,48.068699],[-104.349492,48.046435],[-104.320674,48.045136],[-104.29044,48.050927],[-104.245936,48.031005],[-104.224029,48.03044],[-104.200698,48.0373],[-104.203194,48.066029],[-104.183153,48.066079],[-104.1883,48.048998],[-104.167221,48.035501],[-104.14247,48.055005],[-104.134413,48.055566],[-104.123554,48.037617],[-104.09497,48.025879],[-104.106695,48.013774],[-104.098921,48.000019],[-104.066179,48.003402],[-104.04412,47.996107],[-104.045399,48.16439],[-104.045498,48.176249],[-104.045424,48.192473],[-104.04556,48.193913],[-104.045692,48.241415],[-104.045729,48.244586],[-104.045645,48.246179],[-104.045861,48.255097],[-104.046039,48.256761],[-104.046332,48.34229],[-104.046371,48.374154],[-104.046654,48.374773],[-104.046910625118,48.3892985761957],[-104.579041,48.389365],[-104.62776,48.389362],[-104.627726,48.476349],[-104.757643,48.476556],[-104.757619,48.563127],[-104.973354,48.56319],[-105.431738,48.563141],[-105.804436,48.563358],[-105.804599,48.219037],[-105.843823,48.219034]]]}},{"type":"Feature","properties":{"code":"US-30087","name":"Rosebud","label":"Rosebud County","type":"County","parentCode":"US-MT"},"geometry":{"type":"Polygon","coordinates":[[[-107.892233,46.851215],[-107.897356,46.849722],[-107.8767,46.845031],[-107.873446,46.835011],[-107.8416,46.801646],[-107.845747,46.780484],[-107.827687,46.755875],[-107.813427,46.743319],[-107.809508,46.728798],[-107.82719,46.726655],[-107.816882,46.708428],[-107.822949,46.703141],[-107.800323,46.692267],[-107.792957,46.680187],[-107.808655,46.662646],[-107.820919,46.641483],[-107.812174,46.632306],[-107.816987,46.615751],[-107.837732,46.596647],[-107.795473,46.596652],[-107.796755,46.495874],[-107.781214,46.496014],[-107.754824,46.496043],[-107.738548,46.481806],[-107.174531,46.482713],[-107.174435,46.468176],[-107.153515,46.468101],[-107.153444,46.395613],[-107.028422,46.39546],[-107.028538,46.306639],[-107.007558,46.307645],[-107.007394,46.134198],[-106.939067,46.136667],[-106.939095,45.870041],[-106.939077,45.831608],[-106.877217,45.831714],[-106.877116,45.788217],[-106.9128,45.788221],[-106.912959,45.683915],[-106.846476,45.676587],[-106.727573,45.676469],[-106.729569,45.669885],[-106.729616,45.407405],[-106.729543,45.35148],[-106.768676,45.352826],[-106.768014,45.179728],[-106.39888,45.179746],[-106.279709,45.179728],[-106.279549,45.351797],[-106.235716,45.351796],[-106.231728,45.756782],[-106.234502,45.788578],[-106.191734,45.7886],[-106.191629,46.137183],[-106.153433,46.13726],[-106.15494,46.224287],[-106.154792,46.304461],[-106.155143,46.483634],[-106.120366,46.483648],[-106.12063,46.831438],[-106.086341,46.831462],[-106.086463,46.845881],[-106.720237,46.845176],[-106.720157,46.859603],[-107.467748,46.859254],[-107.46777,46.85116],[-107.892233,46.851215]]]}},{"type":"Feature","properties":{"code":"US-30089","name":"Sanders","label":"Sanders County","type":"County","parentCode":"US-MT"},"geometry":{"type":"Polygon","coordinates":[[[-116.049666903916,48.2161185589082],[-116.048802,48.1247],[-116.049306,48.07699],[-116.049211,48.066414],[-116.04863,48.059863],[-116.049153,47.999923],[-116.049108961716,47.9773352748329],[-116.049108,47.976842],[-116.038505,47.971345],[-116.030387,47.972619],[-116.007484,47.950783],[-116.007203,47.946312],[-115.995012,47.933597],[-115.98919,47.923861],[-115.983123,47.917184],[-115.968967,47.914026],[-115.965044,47.909901],[-115.963013,47.898145],[-115.955878375821,47.8932650250256],[-115.939223,47.881873],[-115.915973,47.853445],[-115.908458,47.852079],[-115.907045,47.847075],[-115.901401,47.843097],[-115.881413,47.849442],[-115.875153,47.843042],[-115.871037,47.835211],[-115.851764,47.826937],[-115.846032,47.813653],[-115.848135,47.807384],[-115.847378,47.784997],[-115.840526,47.780206],[-115.835163,47.769376],[-115.835256,47.760727],[-115.831646,47.755555],[-115.824993,47.752373],[-115.803423,47.758301],[-115.796877,47.756457],[-115.781477,47.743912],[-115.783395,47.729075],[-115.778047,47.721573],[-115.773685,47.717708],[-115.764568,47.717406],[-115.758819,47.719002],[-115.743419,47.711882],[-115.730655,47.704196],[-115.722767,47.695307],[-115.727122,47.67779],[-115.736161,47.654532],[-115.729864,47.64192],[-115.713142,47.635445],[-115.707926,47.634831],[-115.694444,47.623761],[-115.692841,47.59939],[-115.705042,47.580533],[-115.722084,47.573745],[-115.730696,47.569585],[-115.752048497596,47.5538117597544],[-115.755136,47.551531],[-115.752381,47.543388],[-115.74009,47.538482],[-115.716811,47.533935],[-115.705886,47.534801],[-115.695916,47.527942],[-115.70988,47.523548],[-115.710786,47.516277],[-115.69331,47.501808],[-115.685435,47.484603],[-115.682579,47.483966],[-115.667294,47.488227],[-115.660021,47.478053],[-115.648247,47.477727],[-115.634603,47.481616],[-115.629488,47.47961],[-115.612747,47.474894],[-115.566332,47.471053],[-115.533142,47.475678],[-115.522726,47.484203],[-115.52591,47.49541],[-115.504465,47.494791],[-115.489936,47.47449],[-115.443734,47.465608],[-115.429305,47.476241],[-115.401676,47.484904],[-115.3634,47.48367],[-115.342687,47.470913],[-115.305978,47.471432],[-115.282181,47.486923],[-115.249057,47.480416],[-115.212804,47.46245],[-115.193855,47.461075],[-115.157386,47.447809],[-115.149491,47.432934],[-115.121167,47.419977],[-115.087872,47.427136],[-115.067056,47.417082],[-115.033708,47.414404],[-115.014059,47.400682],[-114.979189,47.395391],[-114.969056,47.37405],[-114.968978,47.312625],[-114.906014,47.312482],[-114.906046,47.29797],[-114.842453,47.297943],[-114.842324,47.268847],[-114.797204,47.268916],[-114.708847,47.254689],[-114.68721,47.274335],[-114.636642,47.26593],[-114.593458,47.257089],[-114.563737,47.254611],[-114.542704,47.239883],[-114.49132,47.220205],[-114.469089,47.21934],[-114.454395,47.207963],[-114.423858,47.210091],[-114.403361,47.196835],[-114.362241,47.187055],[-114.35384,47.190995],[-114.346111,47.176235],[-114.355922,47.157903],[-114.323102,47.145312],[-114.292457,47.127848],[-114.264148,47.12107],[-114.253584,47.121007],[-114.236088,47.134301],[-114.212098,47.127709],[-114.18717,47.138191],[-114.187062,47.181889],[-114.203119,47.181908],[-114.203079,47.280176],[-114.203026,47.355746],[-114.288557,47.355875],[-114.305213,47.362521],[-114.325392,47.35644],[-114.324081,47.365058],[-114.35308,47.38985],[-114.343046,47.407803],[-114.342329,47.428256],[-114.340725,47.440549],[-114.326635,47.451859],[-114.326169,47.467144],[-114.293768,47.462416],[-114.282711,47.47154],[-114.296156,47.49477],[-114.350356,47.496695],[-114.3703,47.481102],[-114.381052,47.480803],[-114.364242,47.520819],[-114.362605,47.541157],[-114.333601,47.552372],[-114.327634,47.563373],[-114.339571,47.585027],[-114.320528,47.594551],[-114.340833,47.58934],[-114.350364,47.602142],[-114.58376,47.601718],[-114.584454,47.746355],[-114.604857,47.746421],[-114.604462,47.789871],[-114.604584,47.875605],[-114.818683,47.875773],[-114.861117,47.872802],[-114.989344,47.872807],[-114.989433,48.003141],[-115.010678,48.003139],[-115.010672,48.017621],[-115.15451,48.017282],[-115.150757,47.995478],[-115.136285,47.984368],[-115.147934,47.963974],[-115.157599,47.961418],[-115.176083,47.974185],[-115.184302,47.958441],[-115.180271,47.932031],[-115.185196,47.919004],[-115.206027,47.919341],[-115.225139,47.908297],[-115.248438,47.915166],[-115.253349,47.904419],[-115.283237,47.89083],[-115.301794,47.912467],[-115.321698,47.921729],[-115.32828,47.917473],[-115.38369,47.905107],[-115.399455,47.912442],[-115.399817,47.936117],[-115.421672,47.933568],[-115.42858,47.910988],[-115.461261,47.920576],[-115.482051,47.918119],[-115.502367,47.908662],[-115.524695,47.908594],[-115.546534,47.922079],[-115.558139,47.942291],[-115.539747,47.979897],[-115.544841,47.999384],[-115.568248,48.020157],[-115.584705,48.021975],[-115.611132,48.047945],[-115.609041,48.059914],[-115.641125,48.078903],[-115.632231,48.088622],[-115.645768,48.134142],[-115.678983,48.165671],[-115.693532,48.166178],[-115.696111,48.177474],[-115.672359,48.206394],[-115.692958,48.224127],[-115.708817,48.24739],[-115.737266,48.263274],[-115.771401,48.259064],[-115.78252,48.239714],[-115.800172,48.222818],[-115.829364,48.217383],[-115.831545,48.211318],[-115.855995,48.210707],[-115.900949,48.193956],[-115.908191,48.182753],[-115.936745,48.184166],[-115.957251,48.149042],[-115.980182,48.158405],[-115.999409,48.156606],[-116.018005,48.169538],[-116.016723,48.206217],[-116.049666903916,48.2161185589082]]]}},{"type":"Feature","properties":{"code":"US-30091","name":"Sheridan","label":"Sheridan County","type":"County","parentCode":"US-MT"},"geometry":{"type":"Polygon","coordinates":[[[-105.057642,48.999012],[-105.057742,48.910522],[-105.038171,48.910512],[-105.038548,48.650099],[-104.973283,48.65006],[-104.973353,48.632891],[-104.973354,48.56319],[-104.757619,48.563127],[-104.757643,48.476556],[-104.627726,48.476349],[-104.62776,48.389362],[-104.579041,48.389365],[-104.046910625118,48.3892985761957],[-104.046913,48.389433],[-104.046969,48.390675],[-104.047134,48.411057],[-104.04696,48.421065],[-104.04709,48.445903],[-104.047192,48.447251],[-104.047294,48.452529],[-104.047259,48.452941],[-104.047392,48.467086],[-104.047555,48.49414],[-104.048054,48.500025],[-104.047675,48.517852],[-104.047513,48.525913],[-104.047876,48.530798],[-104.047648,48.531489],[-104.047783,48.539737],[-104.047811,48.56277],[-104.047974,48.591606],[-104.048212,48.599055],[-104.04793,48.62019],[-104.047586,48.625644],[-104.04762,48.627015],[-104.047582398048,48.633911],[-104.047582,48.633984],[-104.047819,48.648631],[-104.047887,48.649911],[-104.047865,48.65745],[-104.047861,48.658856],[-104.047849,48.663163],[-104.047883,48.664191],[-104.04834,48.747133],[-104.048548,48.751356],[-104.048233,48.765636],[-104.048537,48.788552],[-104.048569,48.797052],[-104.0489,48.847387],[-104.048652,48.865734],[-104.048824,48.867539],[-104.048883,48.874008],[-104.048893,48.875739],[-104.048719,48.879921],[-104.048643,48.902609],[-104.048746,48.906858],[-104.048744,48.912113],[-104.048807,48.933636],[-104.048701,48.940331],[-104.04877,48.943301],[-104.048872,48.94963],[-104.048698,48.951823],[-104.048627,48.957124],[-104.0488,48.958997],[-104.048555,48.963772],[-104.048616,48.966736],[-104.048478,48.987007],[-104.048689,48.999593],[-104.304781547763,48.9992120071942],[-104.365954,48.999121],[-104.607565,48.998737],[-104.882041,48.998832],[-105.057642,48.999012]]]}},{"type":"Feature","properties":{"code":"US-30093","name":"Silver Bow","label":"Silver Bow County","type":"County","parentCode":"US-MT"},"geometry":{"type":"Polygon","coordinates":[[[-113.060777,45.869716],[-113.085517,45.860648],[-113.024696,45.829739],[-113.020731,45.822352],[-112.988358,45.808476],[-112.945329,45.799029],[-112.927058,45.801387],[-112.902475,45.780303],[-112.884734,45.789258],[-112.868394,45.777761],[-112.855172,45.779797],[-112.823566,45.774252],[-112.799207,45.75876],[-112.785239,45.763659],[-112.780579,45.755554],[-112.759339,45.748209],[-112.758271,45.734084],[-112.747754,45.729421],[-112.753717,45.711934],[-112.746473,45.705434],[-112.736285,45.704386],[-112.736315,45.686198],[-112.701192,45.67654],[-112.692293,45.655676],[-112.699704,45.645018],[-112.687054,45.624854],[-112.60066,45.661264],[-112.577565,45.678144],[-112.549534,45.684317],[-112.523792,45.70795],[-112.525706,45.727652],[-112.515453,45.746702],[-112.498432,45.759765],[-112.485075,45.758998],[-112.461816,45.742584],[-112.190269,45.748503],[-112.214791,45.765666],[-112.253419,45.770266],[-112.26684,45.786311],[-112.401441,45.831851],[-112.426482,45.843749],[-112.430538,45.854146],[-112.404349,45.888049],[-112.420745,45.910198],[-112.418502,45.924788],[-112.436282,45.940318],[-112.429902,45.958362],[-112.438258,45.967658],[-112.444127,45.996905],[-112.435614,46.013727],[-112.444971,46.03378],[-112.459429,46.036704],[-112.472575,46.039189],[-112.476952,46.051715],[-112.46174,46.075894],[-112.466329,46.092979],[-112.495847,46.108856],[-112.519997,46.136394],[-112.512523,46.157775],[-112.517036,46.165867],[-112.505377,46.184317],[-112.525797,46.185048],[-112.545226,46.175001],[-112.577106,46.178981],[-112.615227,46.165391],[-112.640342,46.174398],[-112.656229,46.152864],[-112.681004,46.135672],[-112.77712,46.135826],[-112.777586,46.058599],[-112.777717,46.048313],[-112.852763,46.048434],[-112.870103,46.028215],[-112.877609,45.999503],[-112.922793,46.004811],[-112.938955,45.993258],[-112.938401,45.968412],[-112.923224,45.934595],[-112.928171,45.927434],[-112.96021,45.922587],[-112.965254,45.90554],[-113.014113,45.883285],[-113.024083,45.871393],[-113.060777,45.869716]]]}},{"type":"Feature","properties":{"code":"US-30095","name":"Stillwater","label":"Stillwater County","type":"County","parentCode":"US-MT"},"geometry":{"type":"Polygon","coordinates":[[[-110.064581,45.348755],[-110.064518,45.172129],[-109.798666,45.172128],[-109.798673,45.167339],[-109.687792,45.167339],[-109.687857,45.26144],[-109.608504,45.261445],[-109.608831,45.304832],[-109.588185,45.304874],[-109.588222,45.333905],[-109.567657,45.333898],[-109.561924,45.362843],[-109.541381,45.362873],[-109.54139,45.377353],[-109.520873,45.377362],[-109.520884,45.391852],[-109.500319,45.391845],[-109.500318,45.406327],[-109.479707,45.40636],[-109.479697,45.420834],[-109.438524,45.420771],[-109.438586,45.435272],[-109.41831,45.435298],[-109.418352,45.449762],[-109.39759,45.449766],[-109.356454,45.449843],[-109.356417,45.464326],[-109.224409,45.464474],[-109.191761,45.464504],[-109.191551,45.523095],[-109.128225,45.523025],[-109.128412,45.586737],[-109.068498,45.583241],[-109.03975,45.590937],[-109.028807,45.601347],[-108.977944,45.616399],[-108.933844,45.602855],[-108.89137,45.602532],[-108.860998,45.613514],[-108.843016,45.611042],[-108.843145,45.639458],[-108.863707,45.639422],[-108.863836,45.653875],[-108.884427,45.653836],[-108.884764,45.682855],[-108.904837,45.681894],[-108.901927,45.784264],[-108.90191,45.8565],[-108.901655,45.959416],[-108.92233,45.959444],[-108.925637,46.046742],[-108.924589,46.13237],[-109.416227,46.132371],[-109.417158,46.044759],[-109.423011,46.033019],[-109.423026,45.960011],[-109.506604,45.959112],[-109.505963,45.870218],[-109.548822,45.870749],[-109.546551,45.783475],[-109.563907,45.783471],[-109.562045,45.704769],[-109.562083,45.646671],[-109.56207,45.609119],[-109.685385,45.609022],[-109.685385,45.56561],[-109.808793,45.565925],[-109.808841,45.52247],[-109.932025,45.522456],[-109.931984,45.348755],[-110.064581,45.348755]]]}},{"type":"Feature","properties":{"code":"US-30097","name":"Sweet Grass","label":"Sweet Grass County","type":"County","parentCode":"US-MT"},"geometry":{"type":"Polygon","coordinates":[[[-110.292752,46.133849],[-110.292662,45.785057],[-110.220908,45.784973],[-110.220251,45.747459],[-110.219511,45.519881],[-110.219412,45.348799],[-110.228243,45.348755],[-110.228052,45.172129],[-110.213399,45.172096],[-110.064518,45.172129],[-110.064581,45.348755],[-109.931984,45.348755],[-109.932025,45.522456],[-109.808841,45.52247],[-109.808793,45.565925],[-109.685385,45.56561],[-109.685385,45.609022],[-109.56207,45.609119],[-109.562083,45.646671],[-109.562045,45.704769],[-109.563907,45.783471],[-109.546551,45.783475],[-109.548822,45.870749],[-109.505963,45.870218],[-109.506604,45.959112],[-109.423026,45.960011],[-109.423011,46.033019],[-109.417158,46.044759],[-109.605153,46.044994],[-109.60419,46.132484],[-109.65384,46.132465],[-109.653871,46.219404],[-110.281971,46.220605],[-110.281916,46.184397],[-110.281898,46.13384],[-110.292752,46.133849]]]}},{"type":"Feature","properties":{"code":"US-30099","name":"Teton","label":"Teton County","type":"County","parentCode":"US-MT"},"geometry":{"type":"Polygon","coordinates":[[[-113.014811,48.13103],[-113.000624,48.130734],[-112.983366,48.117761],[-112.994237,48.098514],[-112.978902,48.088645],[-112.982017,48.073957],[-112.963711,48.07491],[-112.93777,48.060926],[-112.950716,48.049976],[-112.947066,48.030981],[-112.936203,48.035341],[-112.907849,48.029873],[-112.896662,48.019019],[-112.878533,47.975784],[-112.892309,47.976359],[-112.912178,47.946577],[-112.951407,47.944591],[-112.984734,47.953918],[-112.98381,47.952581],[-112.980146,47.941295],[-112.976122,47.926399],[-112.974584,47.915525],[-112.966301,47.910512],[-112.956143,47.907402],[-112.951506,47.89701],[-112.948625,47.891257],[-112.949844,47.883893],[-112.94613,47.875405],[-112.942602,47.870405],[-112.936631,47.86481],[-112.927342,47.859194],[-112.927513,47.852745],[-112.925327,47.848301],[-112.924335,47.843048],[-112.918273,47.837487],[-112.916967,47.832199],[-112.915021,47.82356],[-112.915903,47.817559],[-112.916562,47.809735],[-112.916334,47.804039],[-112.918313,47.795465],[-112.91916,47.79103],[-112.92157,47.783123],[-112.920307,47.77678],[-112.920841,47.76967],[-112.925018,47.760469],[-112.918242,47.753242],[-112.913371,47.742477],[-112.907501,47.736615],[-112.902862,47.731109],[-112.904306,47.725134],[-112.903459,47.717547],[-112.904626,47.707035],[-112.912596,47.69413],[-112.907624,47.688279],[-112.902515,47.682921],[-112.897695,47.677399],[-112.892266,47.673215],[-112.885177,47.66524],[-112.878282,47.65939],[-112.87588,47.651413],[-112.868117,47.64641],[-112.859612,47.638027],[-112.85617,47.630134],[-112.84569,47.62807],[-112.840763,47.623216],[-112.834433,47.619243],[-112.826874,47.612983],[-112.820963,47.609562],[-112.813839,47.607115],[-112.809289,47.610314],[-112.801723,47.610373],[-112.791423,47.602561],[-112.778515,47.598262],[-112.768642,47.599077],[-112.758631,47.602482],[-112.758002,47.605677],[-112.753375,47.607029],[-112.747167,47.607819],[-112.740104,47.610029],[-112.734739,47.61421],[-112.727482,47.617442],[-112.71889,47.616206],[-112.710891,47.619327],[-112.702235,47.621186],[-112.697161,47.62224],[-112.692853,47.619656],[-112.689941,47.616837],[-112.685385,47.614795],[-112.681037,47.616775],[-112.67992,47.619111],[-112.675925,47.621088],[-112.672484,47.621352],[-112.66992,47.620469],[-112.66647,47.61826],[-112.662766,47.619359],[-112.662929,47.62079],[-112.657029,47.622584],[-112.651263,47.621422],[-112.642269,47.622829],[-112.638263,47.627128],[-112.630954,47.627431],[-112.626885,47.631471],[-112.622233,47.633541],[-112.61276,47.635664],[-112.605445,47.633145],[-112.59981,47.63323],[-112.592762,47.634933],[-112.583795,47.634193],[-112.574144,47.635325],[-112.567627,47.637534],[-112.563354,47.639475],[-112.563376,47.643854],[-112.556831,47.646933],[-112.554257,47.650879],[-112.550016,47.651988],[-112.545701,47.650621],[-112.544186,47.648467],[-112.541976,47.646658],[-112.539225,47.646604],[-112.530352,47.642393],[-112.524791,47.642121],[-112.519253,47.641547],[-112.51977,47.638106],[-112.519715,47.633011],[-112.514729,47.628609],[-112.516124,47.624616],[-112.510834,47.620915],[-112.506388,47.619829],[-112.499458,47.619187],[-112.496503,47.615425],[-112.489802,47.613352],[-112.484102,47.615001],[-112.475005,47.614269],[-112.464399,47.611068],[-112.454578,47.610144],[-112.446684,47.607421],[-112.440204,47.605797],[-112.431887,47.606203],[-112.428745,47.603149],[-112.420876,47.599395],[-112.41894,47.592326],[-112.416429,47.587389],[-112.417702,47.584223],[-112.415781,47.580172],[-112.411257,47.577544],[-112.408199,47.578091],[-112.40521,47.573897],[-112.407061,47.570012],[-112.403021,47.564578],[-112.404572,47.559799],[-112.40813,47.556229],[-112.403816,47.552324],[-112.398388,47.552525],[-112.386814,47.552123],[-112.379277,47.548277],[-112.369779,47.547025],[-112.365028,47.547821],[-112.347394,47.551377],[-112.343746,47.539455],[-112.317471,47.54207],[-112.308927,47.528191],[-112.292777,47.522381],[-112.278,47.505623],[-112.250207,47.510095],[-112.218325,47.508747],[-112.205091,47.502366],[-112.177216,47.513657],[-112.160144,47.509416],[-112.14666,47.516719],[-112.120835,47.508036],[-112.063359,47.51694],[-112.047781,47.516034],[-112.026416,47.517836],[-111.99944,47.507289],[-111.938605,47.505723],[-111.926223,47.500289],[-111.922186,47.52407],[-111.922936,47.611231],[-111.795112,47.61112],[-111.66626,47.611253],[-111.666216,47.63949],[-111.666482,47.697761],[-111.40885,47.698123],[-111.408514,47.987178],[-111.666316,47.987273],[-111.789595,47.984162],[-111.984263,47.984592],[-111.984125,48.042767],[-112.048342,48.042909],[-112.047999,48.086612],[-112.177751,48.087162],[-112.177755,48.130717],[-112.264252,48.131346],[-112.455127,48.132018],[-112.826745,48.133176],[-112.837555,48.132365],[-112.890973,48.131029],[-113.014811,48.13103]]]}},{"type":"Feature","properties":{"code":"US-30101","name":"Toole","label":"Toole County","type":"County","parentCode":"US-MT"},"geometry":{"type":"Polygon","coordinates":[[[-112.19341,48.998475],[-112.189016,48.913989],[-112.189132,48.647279],[-112.189102,48.566473],[-112.184784,48.477578],[-112.174532,48.467348],[-112.153619,48.464571],[-112.151928,48.471408],[-112.099419,48.449961],[-112.094297,48.440646],[-112.025845,48.452353],[-112.004436,48.448886],[-111.990944,48.438546],[-111.990889,48.394265],[-111.982848,48.394234],[-111.925843,48.392961],[-111.79591,48.393081],[-111.795855,48.349812],[-111.665756,48.349456],[-111.665599,48.219549],[-111.409018,48.219542],[-111.275306,48.219531],[-111.275529,48.566445],[-111.273339,48.740427],[-111.273311,48.914078],[-111.269862,48.99723],[-111.377133,48.997028],[-111.555528,48.996698],[-111.720587,48.997308],[-111.836088,48.998034],[-112.003567,48.998605],[-112.19341,48.998475]]]}},{"type":"Feature","properties":{"code":"US-30103","name":"Treasure","label":"Treasure County","type":"County","parentCode":"US-MT"},"geometry":{"type":"Polygon","coordinates":[[[-107.738548,46.481806],[-107.738432,46.467556],[-107.717512,46.467508],[-107.717289,46.438507],[-107.696323,46.438477],[-107.6961,46.409482],[-107.675188,46.409433],[-107.675069,46.394936],[-107.654159,46.394888],[-107.654153,46.365951],[-107.633378,46.365993],[-107.633363,46.351525],[-107.612411,46.351557],[-107.612395,46.308113],[-107.591438,46.308156],[-107.591422,46.29365],[-107.570495,46.293652],[-107.570468,46.264705],[-107.549552,46.264717],[-107.549555,46.250222],[-107.528646,46.250245],[-107.528695,46.221227],[-107.507959,46.221294],[-107.507925,46.192283],[-107.487022,46.192296],[-107.487115,46.177794],[-107.466131,46.177774],[-107.474342,46.150838],[-107.462965,46.139913],[-107.483975,46.122842],[-107.473383,46.107717],[-107.49814,46.087872],[-107.500627,46.07132],[-107.517447,46.059519],[-107.511534,46.043403],[-107.424929,46.043374],[-107.425128,45.956674],[-107.176358,45.956761],[-107.17636,45.913323],[-107.051946,45.913489],[-107.052159,45.870052],[-106.939095,45.870041],[-106.939067,46.136667],[-107.007394,46.134198],[-107.007558,46.307645],[-107.028538,46.306639],[-107.028422,46.39546],[-107.153444,46.395613],[-107.153515,46.468101],[-107.174435,46.468176],[-107.174531,46.482713],[-107.738548,46.481806]]]}},{"type":"Feature","properties":{"code":"US-30105","name":"Valley","label":"Valley County","type":"County","parentCode":"US-MT"},"geometry":{"type":"Polygon","coordinates":[[[-107.4144,47.870513],[-107.414886,47.691734],[-107.360231,47.691218],[-107.331757,47.680685],[-107.284283,47.680446],[-107.249,47.661566],[-107.175088,47.66191],[-107.158817,47.667788],[-107.114109,47.669026],[-107.070514,47.662396],[-107.011358,47.663111],[-106.999227,47.67366],[-106.960755,47.672158],[-106.94455,47.676289],[-106.925557,47.66947],[-106.892753,47.674818],[-106.881162,47.678128],[-106.86991,47.702268],[-106.879223,47.718095],[-106.861668,47.737372],[-106.834171,47.743398],[-106.7857,47.742507],[-106.760188,47.731453],[-106.734453,47.734156],[-106.711442,47.755243],[-106.711969,47.772113],[-106.677435,47.775913],[-106.661761,47.771737],[-106.653028,47.790264],[-106.621789,47.790855],[-106.609813,47.777234],[-106.603126,47.784743],[-106.610188,47.804905],[-106.571003,47.812933],[-106.557488,47.828581],[-106.56322,47.840718],[-106.529265,47.850023],[-106.527141,47.860976],[-106.543318,47.874915],[-106.530671,47.880821],[-106.510321,47.878996],[-106.510062,47.891155],[-106.53081,47.903562],[-106.498523,47.914524],[-106.4887,47.932577],[-106.508854,47.946536],[-106.501725,47.958287],[-106.452414,47.970419],[-106.447421,47.98286],[-106.428958,47.976176],[-106.433499,47.964883],[-106.41862,47.957457],[-106.414291,47.972816],[-106.42987,48.018282],[-106.400605,48.061921],[-106.373618,48.062353],[-106.364455,48.046828],[-106.338655,48.046077],[-106.318715,48.05553],[-106.300974,48.041376],[-106.275605,48.046578],[-106.2448,48.029943],[-106.229302,48.026416],[-106.175304,48.027796],[-106.12941,48.03225],[-106.12271,48.028242],[-106.141955,48.006406],[-106.119878,48.004067],[-106.095538,48.010575],[-106.085739,48.034706],[-106.066238,48.032845],[-106.044121,48.008469],[-106.0144,48.006484],[-106.012049,48.016174],[-106.025102,48.026087],[-106.006176,48.033689],[-105.974602,48.015859],[-105.935226,48.013338],[-105.919548,48.003898],[-105.896486,48.014355],[-105.899279,48.034219],[-105.884527,48.034202],[-105.877243,48.021441],[-105.843891,48.010289],[-105.843823,48.219034],[-105.804599,48.219037],[-105.804436,48.563358],[-106.02131,48.563424],[-106.020984,48.63192],[-106.021251,48.823975],[-106.151908,48.823927],[-106.15193,48.910637],[-106.112003,48.910647],[-106.112058,48.99946],[-106.245459,48.999469],[-106.474446,48.999672],[-106.65777,48.999861],[-106.962624,49.000022],[-107.179812,49.000103],[-107.179823,48.912668],[-107.206032,48.91271],[-107.206316,48.56817],[-107.192709,48.568113],[-107.192691,48.509402],[-107.226312,48.509712],[-107.25803,48.514821],[-107.257944,48.480989],[-107.301721,48.480943],[-107.301073,48.394],[-107.260279,48.39408],[-107.260458,48.304768],[-107.369252,48.305163],[-107.36973,48.218373],[-107.404513,48.21844],[-107.4144,47.870513]]]}},{"type":"Feature","properties":{"code":"US-30107","name":"Wheatland","label":"Wheatland County","type":"County","parentCode":"US-MT"},"geometry":{"type":"Polygon","coordinates":[[[-110.281471,46.489826],[-110.281971,46.220605],[-109.653871,46.219404],[-109.402906,46.219706],[-109.403544,46.490657],[-109.388548,46.490638],[-109.389163,46.693625],[-109.745745,46.693593],[-109.745745,46.694097],[-109.819866,46.693446],[-109.845162,46.710814],[-109.857791,46.708259],[-109.895758,46.725927],[-109.936151,46.737808],[-109.969404,46.75295],[-110.028992,46.736207],[-110.051525,46.749393],[-110.086131,46.746895],[-110.115707,46.73887],[-110.127177,46.718932],[-110.157346,46.716396],[-110.191562,46.725631],[-110.210758,46.708503],[-110.273337,46.710509],[-110.272998,46.48983],[-110.281471,46.489826]]]}},{"type":"Feature","properties":{"code":"US-30109","name":"Wibaux","label":"Wibaux County","type":"County","parentCode":"US-MT"},"geometry":{"type":"Polygon","coordinates":[[[-104.607307,46.831877],[-104.606903,46.684924],[-104.417998,46.684892],[-104.418001,46.670435],[-104.354701,46.670381],[-104.354835,46.641409],[-104.045271165876,46.6415039833225],[-104.045474,46.708738],[-104.045572,46.713881],[-104.04537,46.721332],[-104.045403,46.722177],[-104.045402,46.725423],[-104.045901,46.83079],[-104.045542,46.933887],[-104.045535,46.934009],[-104.045566,46.941231],[-104.045076,47.037589],[-104.045052,47.040863],[-104.045195,47.053639],[-104.045227,47.057502],[-104.045259,47.063901],[-104.045354,47.078574],[-104.045018,47.081202],[-104.045081,47.092813],[-104.044788,47.12743],[-104.045517,47.215666],[-104.045159,47.263874],[-104.045091,47.265953],[-104.045057,47.266868],[-104.045088,47.271406],[-104.045155,47.27393],[-104.045121,47.276969],[-104.045306661749,47.3301398174616],[-104.045313,47.331955],[-104.045333,47.343452],[-104.044863,47.375015],[-104.045065376246,47.3970661515231],[-104.131508,47.397403],[-104.131863,47.353901],[-104.385293,47.35346],[-104.420347,47.354435],[-104.422616,47.345007],[-104.450985,47.319277],[-104.430045,47.317949],[-104.419293,47.303343],[-104.387266,47.288716],[-104.387164,47.274256],[-104.373515,47.274291],[-104.352315,47.245391],[-104.34168,47.245392],[-104.341804,47.2165],[-104.33118,47.216506],[-104.331316,47.194862],[-104.316166,47.18054],[-104.31637,47.136863],[-104.306062,47.042046],[-104.327277,47.041967],[-104.327241,47.005803],[-104.359173,46.976582],[-104.369824,46.947576],[-104.401536,46.93307],[-104.412124,46.904003],[-104.433241,46.904095],[-104.433233,46.88961],[-104.454413,46.88966],[-104.464947,46.875204],[-104.486034,46.875266],[-104.496582,46.860813],[-104.603766,46.860853],[-104.607307,46.831877]]]}},{"type":"Feature","properties":{"code":"US-30111","name":"Yellowstone","label":"Yellowstone County","type":"County","parentCode":"US-MT"},"geometry":{"type":"Polygon","coordinates":[[[-108.924589,46.13237],[-108.925637,46.046742],[-108.92233,45.959444],[-108.901655,45.959416],[-108.90191,45.8565],[-108.901927,45.784264],[-108.904837,45.681894],[-108.884764,45.682855],[-108.884427,45.653836],[-108.863836,45.653875],[-108.863707,45.639422],[-108.843145,45.639458],[-108.843016,45.611042],[-108.797787,45.635238],[-108.782,45.638639],[-108.782891,45.613142],[-108.796854,45.588631],[-108.802373,45.587518],[-108.801761,45.551965],[-108.760482,45.55192],[-108.760308,45.522831],[-108.699283,45.522629],[-108.698102,45.464072],[-108.645325,45.464073],[-108.445304,45.464433],[-108.316374,45.460509],[-108.316245,45.489503],[-108.193191,45.489526],[-108.193205,45.518538],[-108.069752,45.518535],[-108.069585,45.681492],[-108.069572,45.782451],[-108.047559,45.783476],[-108.047352,45.899479],[-107.881846,45.899233],[-107.881873,45.928149],[-107.840375,45.928018],[-107.84038,45.956812],[-107.798821,45.956723],[-107.798753,45.98568],[-107.674468,45.985759],[-107.674454,46.04361],[-107.511534,46.043403],[-107.517447,46.059519],[-107.500627,46.07132],[-107.49814,46.087872],[-107.473383,46.107717],[-107.483975,46.122842],[-107.462965,46.139913],[-107.474342,46.150838],[-107.466131,46.177774],[-107.487115,46.177794],[-107.487022,46.192296],[-107.507925,46.192283],[-107.507959,46.221294],[-107.528695,46.221227],[-107.528646,46.250245],[-107.549555,46.250222],[-107.549552,46.264717],[-107.570468,46.264705],[-107.570495,46.293652],[-107.591422,46.29365],[-107.591438,46.308156],[-107.612395,46.308113],[-107.612411,46.351557],[-107.633363,46.351525],[-107.633378,46.365993],[-107.654153,46.365951],[-107.654159,46.394888],[-107.675069,46.394936],[-107.675188,46.409433],[-107.6961,46.409482],[-107.696323,46.438477],[-107.717289,46.438507],[-107.717512,46.467508],[-107.738432,46.467556],[-107.738548,46.481806],[-107.754824,46.496043],[-107.781214,46.496014],[-107.782087,46.395182],[-107.928547,46.395284],[-107.9285,46.380796],[-107.949395,46.380596],[-107.949322,46.36606],[-107.970165,46.365967],[-107.970009,46.351474],[-107.991101,46.35147],[-107.990834,46.337014],[-108.011948,46.336813],[-108.011597,46.307822],[-108.02933,46.307841],[-108.029363,46.264055],[-108.320812,46.263997],[-108.320952,46.249664],[-108.362927,46.25003],[-108.36294,46.235584],[-108.404856,46.23596],[-108.404795,46.132952],[-108.458294,46.13291],[-108.779733,46.132457],[-108.924589,46.13237]]]}}]}
