{"type":"FeatureCollection","name":"admin2_usa_us-tn","adm0A3":"USA","parentCode":"US-TN","parentName":"Tennessee","bbox":[-90.309712,34.982972,-81.6469,36.678118],"features":[{"type":"Feature","properties":{"code":"US-47001","name":"Anderson","label":"Anderson County","type":"County","parentCode":"US-TN"},"geometry":{"type":"Polygon","coordinates":[[[-84.441034,36.163478],[-84.449034,36.139577],[-84.425491,36.123657],[-84.420432,36.108377],[-84.37903,36.095377],[-84.361128,36.069977],[-84.341812,36.048977],[-84.340181,36.044928],[-84.325739,36.006506],[-84.324511,36.003288],[-84.320159,35.991862],[-84.309809,35.973623],[-84.271587,35.910165],[-84.252359,35.918888],[-84.271546,35.942228],[-84.235823,35.931678],[-84.244016,35.95499],[-84.213782,35.950119],[-84.220543,35.960638],[-84.214647,35.975115],[-84.196606,35.978414],[-84.195511,35.991602],[-84.192287,35.995488],[-84.157886,35.991276],[-84.147996,35.986831],[-84.124108,35.998379],[-84.076618,36.02],[-84.070116,36.028881],[-84.058585,36.036304],[-84.068921,36.046022],[-84.092828,36.073231],[-84.081102,36.078144],[-84.043836,36.111583],[-84.029717,36.116475],[-84.015314,36.135378],[-84.007283,36.135887],[-83.976213,36.168079],[-83.968952,36.169562],[-83.963613,36.175379],[-83.941711,36.186378],[-83.96914,36.210105],[-83.990256,36.239557],[-84.009753,36.27031],[-84.004317,36.270378],[-84.021518,36.272278],[-84.025774,36.294179],[-84.033719,36.301779],[-84.041419,36.275278],[-84.068706,36.250569],[-84.072698,36.251989],[-84.069918,36.230378],[-84.09196,36.222613],[-84.104521,36.232078],[-84.182924,36.239678],[-84.227527,36.244879],[-84.226326,36.216479],[-84.230325,36.182078],[-84.237325,36.178478],[-84.264127,36.188178],[-84.274528,36.201878],[-84.301429,36.220978],[-84.33073,36.208078],[-84.346731,36.215078],[-84.372731,36.216778],[-84.392433,36.201678],[-84.403633,36.174778],[-84.441034,36.163478]]]}},{"type":"Feature","properties":{"code":"US-47003","name":"Bedford","label":"Bedford County","type":"County","parentCode":"US-TN"},"geometry":{"type":"Polygon","coordinates":[[[-86.664164,35.491771],[-86.665555,35.456207],[-86.649133,35.419139],[-86.61822,35.366795],[-86.599478,35.36495],[-86.582709,35.370814],[-86.525306,35.354718],[-86.489348,35.361715],[-86.475327,35.338121],[-86.444169,35.3207],[-86.422338,35.318846],[-86.414249,35.324465],[-86.409286,35.346591],[-86.371198,35.347945],[-86.360288,35.361989],[-86.34728,35.361779],[-86.329492,35.376977],[-86.294328,35.392033],[-86.288015,35.40726],[-86.25759,35.412476],[-86.246613,35.449195],[-86.234529,35.453308],[-86.244286,35.458809],[-86.244062,35.472866],[-86.236679,35.505836],[-86.242697,35.545808],[-86.247662,35.624055],[-86.245165,35.631913],[-86.245767,35.631929],[-86.287584,35.648252],[-86.305235,35.646375],[-86.310374,35.661587],[-86.34194,35.664259],[-86.352169,35.650237],[-86.378642,35.642823],[-86.373011,35.6311],[-86.401559,35.61894],[-86.413678,35.623177],[-86.413429,35.640023],[-86.424145,35.652976],[-86.462181,35.63785],[-86.477702,35.655404],[-86.493461,35.658074],[-86.519442,35.677751],[-86.515516,35.688396],[-86.523378,35.689855],[-86.543116,35.697617],[-86.636362,35.701982],[-86.639436,35.6859],[-86.639275,35.677336],[-86.644056,35.640292],[-86.652207,35.587179],[-86.660983,35.588359],[-86.663707,35.581296],[-86.635207,35.577415],[-86.653193,35.57412],[-86.664164,35.491771]]]}},{"type":"Feature","properties":{"code":"US-47005","name":"Benton","label":"Benton County","type":"County","parentCode":"US-TN"},"geometry":{"type":"Polygon","coordinates":[[[-88.215023,35.953049],[-88.217436,35.846582],[-88.177859,35.845841],[-88.084223,35.842688],[-88.051772,35.849975],[-88.029504,35.839803],[-88.028195,35.811021],[-88.003612,35.81638],[-87.970738,35.815705],[-87.966952,35.834755],[-87.96274,35.840921],[-87.940331,35.865986],[-87.928847,35.905116],[-87.926676,35.93557],[-87.93702,35.939943],[-87.974172,35.937213],[-88.012932,35.946648],[-88.019334,35.981686],[-88.00174,35.995459],[-88.00088,36.027839],[-87.988109,36.048183],[-87.963119,36.07232],[-87.939942,36.102389],[-87.938597,36.106856],[-87.919043,36.130049],[-87.915654,36.16075],[-87.933436,36.18382],[-87.951645,36.222325],[-87.949603,36.24316],[-87.944295,36.264177],[-87.955844,36.312223],[-87.98074,36.353307],[-87.99092,36.360133],[-87.993717,36.359022],[-88.093651,36.360254],[-88.102813,36.324617],[-88.100693,36.322804],[-88.10266,36.310933],[-88.090782,36.29485],[-88.090395,36.271365],[-88.083059,36.257128],[-88.10046,36.254369],[-88.097594,36.245033],[-88.113408,36.223251],[-88.135824,36.218678],[-88.136905,36.209537],[-88.13763,36.201426],[-88.147987,36.1947],[-88.170453,36.17455],[-88.181766,36.144808],[-88.185615,36.146212],[-88.212559,36.12029],[-88.214442,35.982752],[-88.215023,35.953049]]]}},{"type":"Feature","properties":{"code":"US-47007","name":"Bledsoe","label":"Bledsoe County","type":"County","parentCode":"US-TN"},"geometry":{"type":"Polygon","coordinates":[[[-85.423804,35.567422],[-85.436147,35.541365],[-85.406969,35.517649],[-85.403298,35.49228],[-85.35973,35.455395],[-85.35878,35.454622],[-85.335114,35.434707],[-85.288247,35.398484],[-85.225877,35.354276],[-85.168302,35.455614],[-85.148792,35.445594],[-85.131094,35.458004],[-85.115979,35.475679],[-85.146393,35.491299],[-85.119276,35.528984],[-85.099069,35.533683],[-85.107762,35.571359],[-85.087121,35.587647],[-85.047641,35.618654],[-85.013728,35.655832],[-84.995463,35.675755],[-84.981568,35.674805],[-84.989907,35.681802],[-84.964006,35.709766],[-84.916062,35.761939],[-84.931038,35.768012],[-84.981205,35.75686],[-85.032567,35.746954],[-85.04114,35.77177],[-85.052969,35.76757],[-85.061698,35.767485],[-85.073831,35.760472],[-85.103406,35.769921],[-85.254062,35.765611],[-85.270427,35.747175],[-85.265387,35.721237],[-85.300336,35.683243],[-85.423804,35.567422]]]}},{"type":"Feature","properties":{"code":"US-47009","name":"Blount","label":"Blount County","type":"County","parentCode":"US-TN"},"geometry":{"type":"Polygon","coordinates":[[[-84.188319,35.610549],[-84.170868,35.593436],[-84.14891,35.591265],[-84.130953,35.576313],[-84.112319,35.587456],[-84.096169,35.575487],[-84.096192,35.568851],[-84.087768,35.559875],[-84.094807,35.55332],[-84.081561,35.541231],[-84.06809,35.546393],[-84.042972,35.542175],[-84.014371,35.54626],[-84.008842,35.553338],[-83.993815,35.550001],[-83.99712,35.541075],[-83.992453,35.530721],[-84.009842,35.510955],[-83.980654,35.487908],[-83.975855,35.500685],[-83.957674,35.489674],[-83.93854,35.487773],[-83.965151,35.471117],[-83.9610558840119,35.4637536584001],[-83.961053,35.464143],[-83.957821,35.464211],[-83.955416,35.463456],[-83.952882,35.460635],[-83.949389,35.461164],[-83.942987,35.465084],[-83.942172,35.467254],[-83.937015,35.471511],[-83.929743,35.47333],[-83.924895,35.473884],[-83.9208783824189,35.4734944687133],[-83.919564,35.473367],[-83.916801,35.473612],[-83.911773,35.476028],[-83.909265,35.479714],[-83.90804,35.484397],[-83.905612,35.48906],[-83.901527,35.491026],[-83.900338,35.493095],[-83.9002,35.494191],[-83.901403,35.495278],[-83.901381,35.496553],[-83.895669,35.501868],[-83.893031,35.502253],[-83.892074,35.503089],[-83.884262,35.512754],[-83.882563,35.517182],[-83.880074,35.518745],[-83.87263,35.521145],[-83.866413,35.52091],[-83.859261,35.521851],[-83.853898,35.521059],[-83.848502,35.519259],[-83.840203,35.52156],[-83.831895,35.524766],[-83.827428,35.524653],[-83.82559,35.523829],[-83.809798,35.53431],[-83.808713,35.536415],[-83.802434,35.541588],[-83.786802,35.5472],[-83.780129,35.550387],[-83.773092,35.557465],[-83.771736,35.562118],[-83.764606,35.561538],[-83.759675,35.562492],[-83.756917,35.563604],[-83.749894,35.561146],[-83.735669,35.565455],[-83.732947,35.563149],[-83.723459,35.561874],[-83.720787,35.563347],[-83.707199,35.568533],[-83.703846,35.568476],[-83.702099,35.567634],[-83.700663,35.567621],[-83.697827,35.568352],[-83.684154,35.568848],[-83.676268,35.570289],[-83.673093,35.568974],[-83.666272,35.569389],[-83.6630236045826,35.5691430430619],[-83.662814,35.690618],[-83.679138,35.688353],[-83.681704,35.698463],[-83.682161,35.709772],[-83.70525,35.71158],[-83.734186,35.772657],[-83.747317,35.798398],[-83.738535,35.811138],[-83.749895,35.808725],[-83.764022,35.830257],[-83.773792,35.853189],[-83.778602,35.853778],[-83.782892,35.8548],[-83.788115,35.882904],[-83.794275,35.887125],[-83.811819,35.878389],[-83.850155,35.842019],[-83.857806,35.841557],[-83.907542,35.846626],[-83.943571,35.871701],[-83.948654,35.87531],[-83.973611,35.863463],[-84.000371,35.881522],[-84.028564,35.87582],[-84.012253,35.866221],[-84.006754,35.849618],[-84.006755,35.849275],[-84.016481,35.839498],[-84.035657,35.853869],[-84.049927,35.851336],[-84.051385,35.831145],[-84.067868,35.831638],[-84.078959,35.85079],[-84.124611,35.83151],[-84.137642,35.850876],[-84.134538,35.835132],[-84.144301,35.795763],[-84.166267,35.805106],[-84.172745,35.804419],[-84.179499,35.768449],[-84.159497,35.762567],[-84.172812,35.712756],[-84.161115,35.692541],[-84.160753,35.683302],[-84.133146,35.660982],[-84.134468,35.647399],[-84.151652,35.627498],[-84.188319,35.610549]]]}},{"type":"Feature","properties":{"code":"US-47011","name":"Bradley","label":"Bradley County","type":"County","parentCode":"US-TN"},"geometry":{"type":"Polygon","coordinates":[[[-85.024043,35.148829],[-85.025562,35.126854],[-85.010251,35.100841],[-85.008478,35.09269],[-85.008351,35.092036],[-84.995148,35.075174],[-85.002282,35.061913],[-84.993893,35.034884],[-84.961146,35.015175],[-84.9769733744412,34.9876687952914],[-84.955623,34.98783],[-84.94442,34.987864],[-84.943897982795,34.9878693079575],[-84.939306,34.987916],[-84.9307801715066,34.9879023354118],[-84.8865270634525,34.987831409695],[-84.861314,34.987791],[-84.858032,34.987746],[-84.831799,34.988004],[-84.82401,34.987707],[-84.820478,34.987913],[-84.817279,34.987753],[-84.810742,34.987615],[-84.8104769358134,34.9876071739714],[-84.809184,34.987569],[-84.808127,34.987592],[-84.7758524571709,34.9877996152421],[-84.772425,35.000078],[-84.751328,35.051289],[-84.735303,35.08135],[-84.747421,35.086011],[-84.723455,35.128479],[-84.713686,35.146125],[-84.703959,35.163703],[-84.697937,35.200473],[-84.702138,35.219073],[-84.697033,35.228397],[-84.715908,35.231785],[-84.703607,35.241043],[-84.697838,35.253173],[-84.716138,35.261773],[-84.730394,35.254713],[-84.744441,35.264223],[-84.74994,35.275886],[-84.72314,35.285471],[-84.74994,35.287373],[-84.782567,35.313536],[-84.798645,35.316068],[-84.805936,35.327766],[-84.824855,35.325693],[-84.851095,35.346489],[-84.860164,35.350074],[-84.877546,35.357871],[-84.884046,35.329172],[-84.927446,35.288869],[-84.946339,35.287717],[-84.94233,35.282242],[-84.980849,35.219772],[-84.99885,35.203072],[-85.009424,35.178172],[-85.007577,35.174248],[-85.024043,35.148829]]]}},{"type":"Feature","properties":{"code":"US-47013","name":"Campbell","label":"Campbell County","type":"County","parentCode":"US-TN"},"geometry":{"type":"Polygon","coordinates":[[[-84.376133,36.260079],[-84.372731,36.216778],[-84.346731,36.215078],[-84.33073,36.208078],[-84.301429,36.220978],[-84.274528,36.201878],[-84.264127,36.188178],[-84.237325,36.178478],[-84.230325,36.182078],[-84.226326,36.216479],[-84.227527,36.244879],[-84.182924,36.239678],[-84.104521,36.232078],[-84.09196,36.222613],[-84.069918,36.230378],[-84.072698,36.251989],[-84.068706,36.250569],[-84.041419,36.275278],[-84.033719,36.301779],[-84.025774,36.294179],[-84.021518,36.272278],[-84.004317,36.270378],[-83.981016,36.284978],[-83.974017,36.298278],[-83.968418,36.354578],[-83.949918,36.369978],[-83.954908,36.387623],[-83.950919,36.401278],[-83.921217,36.387879],[-83.902717,36.405379],[-83.905638,36.419979],[-83.899796,36.42315],[-83.922618,36.427779],[-83.943139,36.473564],[-83.984634,36.560482],[-83.98209,36.584525],[-83.9876109506828,36.5895922860725],[-83.987842,36.5896],[-84.1046432341299,36.5911162474669],[-84.127503,36.591413],[-84.1976141739386,36.591952376149],[-84.2013158553927,36.5919808537593],[-84.2271936534631,36.5921799356786],[-84.227332,36.592181],[-84.261333,36.591981],[-84.263733,36.56668],[-84.249231,36.564684],[-84.251132,36.53418],[-84.259593,36.513985],[-84.286533,36.50388],[-84.330434,36.50948],[-84.341329,36.465579],[-84.355746,36.456678],[-84.343674,36.440876],[-84.345535,36.42956],[-84.326959,36.39494],[-84.323469,36.395527],[-84.322211,36.392865],[-84.312086,36.384573],[-84.334233,36.389079],[-84.329927,36.284686],[-84.333921,36.277988],[-84.362333,36.271579],[-84.376133,36.260079]]]}},{"type":"Feature","properties":{"code":"US-47015","name":"Cannon","label":"Cannon County","type":"County","parentCode":"US-TN"},"geometry":{"type":"Polygon","coordinates":[[[-86.20792,35.732286],[-86.207147,35.70379],[-86.191852,35.701868],[-86.190408,35.692458],[-86.154196,35.673872],[-86.151067,35.666971],[-86.143394,35.661652],[-86.120263,35.660929],[-86.08889,35.646823],[-86.053246,35.643989],[-86.043875,35.647321],[-86.037896,35.643001],[-85.985062,35.660108],[-85.985023,35.666592],[-85.989683,35.678556],[-85.986835,35.703961],[-85.997426,35.711955],[-85.963571,35.761329],[-85.935739,35.785493],[-85.942133,35.786779],[-85.929707,35.802503],[-85.913867,35.822506],[-85.897859,35.830222],[-85.885156,35.839658],[-85.88921,35.857543],[-85.909321,35.873562],[-85.943961,35.902511],[-85.997022,35.952866],[-86.014849,35.96106],[-86.083421,35.964969],[-86.119514,35.959163],[-86.154505,35.963097],[-86.153214,35.954399],[-86.155319,35.932559],[-86.141766,35.914374],[-86.152904,35.909125],[-86.158565,35.880778],[-86.168634,35.884362],[-86.178648,35.83267],[-86.183484,35.763443],[-86.20792,35.732286]]]}},{"type":"Feature","properties":{"code":"US-47017","name":"Carroll","label":"Carroll County","type":"County","parentCode":"US-TN"},"geometry":{"type":"Polygon","coordinates":[[[-88.706002,35.796042],[-88.706811,35.791075],[-88.606862,35.789354],[-88.600001,35.789195],[-88.583784,35.815245],[-88.569047,35.824829],[-88.405614,35.821757],[-88.252439,35.818494],[-88.179177,35.816785],[-88.177859,35.845841],[-88.217436,35.846582],[-88.215023,35.953049],[-88.214442,35.982752],[-88.212559,36.12029],[-88.211698,36.145974],[-88.32348,36.148058],[-88.381171,36.148846],[-88.530322,36.152023],[-88.53108,36.135748],[-88.532233,36.115416],[-88.655488,36.117338],[-88.655403,36.114623],[-88.653843,36.064294],[-88.664878,36.065575],[-88.692709,36.062746],[-88.693972,36.040167],[-88.697833,35.942171],[-88.697836,35.942113],[-88.705789,35.814734],[-88.706002,35.796042]]]}},{"type":"Feature","properties":{"code":"US-47019","name":"Carter","label":"Carter County","type":"County","parentCode":"US-TN"},"geometry":{"type":"Polygon","coordinates":[[[-82.342282,36.263977],[-82.34046,36.252807],[-82.335384,36.253077],[-82.319588,36.260347],[-82.284691,36.251686],[-82.269894,36.239345],[-82.256356,36.233208],[-82.254955,36.224848],[-82.267955,36.210109],[-82.247455,36.206809],[-82.228953,36.19051],[-82.222052,36.156911],[-82.218451,36.157832],[-82.213852,36.159112],[-82.211251,36.159012],[-82.204872,36.157067],[-82.201812,36.154963],[-82.199251,36.152713],[-82.19535,36.150013],[-82.19195,36.148813],[-82.18785,36.147886],[-82.18475,36.145414],[-82.18365,36.144414],[-82.182549,36.143714],[-82.178861,36.143296],[-82.17561,36.14387],[-82.173849,36.145314],[-82.172149,36.146414],[-82.169249,36.146614],[-82.160883,36.146548],[-82.155948,36.148115],[-82.1484717152983,36.1494242843584],[-82.147948,36.149516],[-82.144147,36.144216],[-82.140847,36.136216],[-82.136547,36.128817],[-82.136546,36.123717],[-82.137974,36.119576],[-82.130646,36.106417],[-82.127146,36.104417],[-82.115245,36.104618],[-82.1104459359574,36.1066635027067],[-82.109145,36.107218],[-82.105444,36.108119],[-82.101644,36.106219],[-82.098544,36.105719],[-82.085943,36.10602],[-82.080944957901,36.1057614805811],[-82.080143,36.10572],[-82.079743,36.10652],[-82.067142,36.11202],[-82.061342,36.113121],[-82.056042,36.120721],[-82.056042,36.123921],[-82.054142,36.126821],[-82.043941,36.125421],[-82.037941,36.121122],[-82.033141,36.120422],[-82.02874,36.124322],[-82.02634,36.129222],[-82.02664,36.130222],[-81.9897007174947,36.1845764118609],[-81.9757231867985,36.2051436889906],[-81.960101,36.228131],[-81.938897,36.256067],[-81.933019683861,36.2648426504234],[-81.9515,36.261763],[-81.982535,36.288073],[-81.999842,36.331524],[-82.030543,36.333817],[-82.042145,36.362816],[-82.058946,36.367415],[-82.032544,36.389416],[-81.965978,36.462947],[-81.951844,36.470291],[-81.951482,36.473863],[-81.987503,36.499142],[-81.983843,36.508314],[-81.986944,36.510614],[-81.9979,36.49271],[-82.027791,36.487453],[-82.039946,36.485612],[-82.075348,36.458612],[-82.099049,36.45901],[-82.138575,36.430926],[-82.164652,36.416209],[-82.185355,36.402321],[-82.201354,36.401107],[-82.241995,36.421977],[-82.262316,36.413033],[-82.288615,36.39517],[-82.299859,36.396505],[-82.299968,36.37114],[-82.301759,36.365105],[-82.315109,36.326356],[-82.316528,36.322296],[-82.320759,36.309906],[-82.322038,36.306275],[-82.32578,36.295584],[-82.342282,36.263977]]]}},{"type":"Feature","properties":{"code":"US-47021","name":"Cheatham","label":"Cheatham County","type":"County","parentCode":"US-TN"},"geometry":{"type":"Polygon","coordinates":[[[-87.280597,36.354166],[-87.286501,36.321933],[-87.242495,36.32337],[-87.232461,36.331337],[-87.216732,36.315886],[-87.174058,36.313433],[-87.157657,36.308066],[-87.153043,36.30535],[-87.156439,36.271577],[-87.194168,36.24633],[-87.174046,36.247679],[-87.171508,36.226512],[-87.178306,36.228262],[-87.187968,36.211783],[-87.170027,36.201164],[-87.150049,36.176513],[-87.170827,36.165953],[-87.165776,36.154736],[-87.172791,36.109425],[-87.173222,36.070291],[-87.178624,36.067518],[-87.182573,36.049726],[-87.084916,36.043805],[-87.053722,36.045582],[-87.041362,36.041312],[-87.038792,36.0789],[-87.038201,36.093796],[-87.038173,36.094314],[-87.008176,36.119531],[-86.997705,36.128512],[-86.983613,36.209566],[-86.985255,36.210061],[-86.988205,36.214438],[-86.97461,36.249374],[-86.95771,36.275797],[-86.940536,36.295111],[-86.922975,36.325963],[-86.917522,36.339746],[-86.906254,36.366218],[-86.913233,36.382621],[-86.935876,36.387953],[-86.937628,36.380122],[-86.986188,36.369472],[-86.983612,36.365874],[-86.992967,36.37624],[-87.005364,36.392392],[-87.027498,36.400478],[-87.063143,36.421415],[-87.09455,36.445039],[-87.120443,36.45546],[-87.12577,36.453076],[-87.150276,36.445037],[-87.149487,36.417481],[-87.171307,36.427616],[-87.1794,36.406611],[-87.205617,36.409471],[-87.253922,36.373393],[-87.263398,36.354314],[-87.280597,36.354166]]]}},{"type":"Feature","properties":{"code":"US-47023","name":"Chester","label":"Chester County","type":"County","parentCode":"US-TN"},"geometry":{"type":"Polygon","coordinates":[[[-88.841607,35.427826],[-88.842036,35.384447],[-88.792777,35.329188],[-88.795408,35.323911],[-88.781768,35.247587],[-88.719761,35.24755],[-88.705899,35.266252],[-88.689275,35.310222],[-88.665364,35.319193],[-88.663119,35.340258],[-88.640934,35.361017],[-88.590897,35.376984],[-88.571763,35.382084],[-88.561199,35.369734],[-88.566735,35.382275],[-88.528142,35.384686],[-88.383473,35.38094],[-88.370629,35.374818],[-88.362572,35.380994],[-88.351765,35.406735],[-88.360829,35.418972],[-88.364005,35.492801],[-88.37771,35.492608],[-88.414582,35.482339],[-88.421288,35.489027],[-88.469106,35.495882],[-88.505354,35.51203],[-88.527999,35.530374],[-88.544759,35.549056],[-88.565949,35.586927],[-88.613611,35.588089],[-88.613701,35.586009],[-88.614204,35.569161],[-88.634974,35.535333],[-88.676753,35.488772],[-88.792573,35.437797],[-88.815798,35.427451],[-88.841607,35.427826]]]}},{"type":"Feature","properties":{"code":"US-47025","name":"Claiborne","label":"Claiborne County","type":"County","parentCode":"US-TN"},"geometry":{"type":"Polygon","coordinates":[[[-83.9876109506828,36.5895922860725],[-83.98209,36.584525],[-83.984634,36.560482],[-83.943139,36.473564],[-83.922618,36.427779],[-83.899796,36.42315],[-83.905638,36.419979],[-83.893717,36.419679],[-83.890517,36.431279],[-83.884737,36.421325],[-83.861217,36.434679],[-83.833282,36.419654],[-83.805515,36.435879],[-83.782413,36.408779],[-83.764512,36.398779],[-83.733054,36.345043],[-83.711109,36.346181],[-83.696909,36.365681],[-83.667408,36.344381],[-83.661107,36.332482],[-83.614806,36.345583],[-83.591888,36.368769],[-83.569004,36.364984],[-83.550905,36.368284],[-83.534704,36.352485],[-83.506503,36.372485],[-83.496303,36.362186],[-83.497003,36.378885],[-83.482603,36.379586],[-83.466002,36.369186],[-83.449201,36.374286],[-83.460002,36.389186],[-83.441402,36.402086],[-83.429702,36.417186],[-83.417073,36.411362],[-83.415357,36.42063],[-83.3868,36.413186],[-83.377027,36.430722],[-83.373094,36.43086],[-83.369401,36.459186],[-83.392631,36.522843],[-83.398303,36.534885],[-83.410409,36.548926],[-83.432626,36.573098],[-83.472108,36.597284],[-83.55681,36.597384],[-83.622050248072,36.5980550980634],[-83.622624,36.598061],[-83.645586,36.600002],[-83.670128,36.600764],[-83.670141,36.600797],[-83.675413,36.600814],[-83.675614,36.598582],[-83.6761382396998,36.5978830137336],[-83.677114,36.596582],[-83.679514,36.594082],[-83.683014,36.592182],[-83.687514,36.587182],[-83.688814,36.584382],[-83.690714,36.582581],[-83.6907980433735,36.5825821114247],[-83.789017,36.583881],[-83.8404634007862,36.5851500281398],[-83.894421,36.586481],[-83.9307607839439,36.5876942581124],[-83.9876109506828,36.5895922860725]]]}},{"type":"Feature","properties":{"code":"US-47027","name":"Clay","label":"Clay County","type":"County","parentCode":"US-TN"},"geometry":{"type":"Polygon","coordinates":[[[-85.796462,36.613541],[-85.813885,36.499473],[-85.767125,36.517197],[-85.75359,36.499051],[-85.715799,36.497517],[-85.73599,36.518798],[-85.704075,36.522395],[-85.696107,36.49597],[-85.667376,36.496037],[-85.640633,36.490453],[-85.614367,36.479462],[-85.606806,36.479111],[-85.564358,36.475229],[-85.560772,36.459928],[-85.529958,36.437701],[-85.495422,36.403074],[-85.481736,36.454309],[-85.454086,36.489703],[-85.438808,36.501102],[-85.392619,36.504484],[-85.383184,36.488784],[-85.337916,36.527845],[-85.299,36.522286],[-85.284878,36.531293],[-85.267057,36.573238],[-85.27749,36.586137],[-85.276289,36.626511],[-85.290627,36.62645],[-85.2959488756198,36.6258382676941],[-85.296073,36.625824],[-85.300402,36.624437],[-85.324654,36.62455],[-85.334124,36.622951],[-85.430123,36.618952],[-85.4364330342016,36.6185230953912],[-85.488353,36.614994],[-85.551483,36.615727],[-85.552017,36.615782],[-85.5870608388491,36.6164437459949],[-85.6653476268401,36.6179220648693],[-85.677789,36.618157],[-85.731862,36.620429],[-85.7452192379359,36.6207623252233],[-85.7886129951215,36.6218452013294],[-85.796462,36.613541]]]}},{"type":"Feature","properties":{"code":"US-47029","name":"Cocke","label":"Cocke County","type":"County","parentCode":"US-TN"},"geometry":{"type":"Polygon","coordinates":[[[-83.310782,35.895846],[-83.316827,35.890819],[-83.309655,35.880631],[-83.288918,35.866396],[-83.291206,35.859311],[-83.293702,35.854563],[-83.26246,35.822908],[-83.279019,35.823222],[-83.287445,35.795267],[-83.275055,35.769644],[-83.278151,35.7599],[-83.276413,35.713591],[-83.255476179897,35.7150906815168],[-83.255351,35.71623],[-83.251247,35.719916],[-83.243501,35.722533],[-83.242132,35.723638],[-83.240669,35.72676],[-83.232042,35.726098],[-83.222627,35.726138],[-83.219981,35.726601],[-83.216972,35.725752],[-83.214501,35.724434],[-83.203752,35.726553],[-83.200126,35.725331],[-83.198267,35.725494],[-83.18837,35.729798],[-83.185685,35.72989],[-83.182097,35.735492],[-83.180836,35.738882],[-83.177499,35.743913],[-83.171867,35.745978],[-83.170173,35.746107],[-83.16477,35.754618],[-83.165427,35.7587],[-83.164909,35.759965],[-83.161537,35.763363],[-83.159208,35.764892],[-83.15408,35.76428],[-83.14808,35.764295],[-83.14697,35.765124],[-83.127707,35.768093],[-83.120183,35.766234],[-83.113662,35.770211],[-83.1112053033996,35.7707548666079],[-83.1111464364102,35.7707678986566],[-83.110491,35.770913],[-83.104805,35.77348],[-83.104584,35.77423],[-83.10232,35.775071],[-83.100233,35.774745],[-83.100329,35.774804],[-83.100225,35.774765],[-83.0980540104817,35.7756972652879],[-83.097193,35.776067],[-83.086054,35.783627],[-83.085205,35.785794],[-83.078732,35.789472],[-83.07403,35.790016],[-83.072221,35.78831],[-83.063975,35.786643],[-83.061507,35.786774],[-83.05834,35.788241],[-83.052677,35.789548],[-83.04853,35.787706],[-83.046307,35.785853],[-83.044108,35.785347],[-83.042666,35.785407],[-83.03951,35.786777],[-83.036209,35.787405],[-83.0249098431397,35.7838078741566],[-83.012377,35.779818],[-83.006067,35.778404],[-83.001473,35.773752],[-82.995803,35.773128],[-82.992053,35.773948],[-82.98397,35.77801],[-82.978414,35.78261],[-82.974463,35.78679],[-82.969648,35.789663],[-82.964088,35.78998],[-82.9628979027128,35.7917347927587],[-82.962206,35.792755],[-82.962842,35.795126],[-82.961724,35.800491],[-82.95895,35.803323],[-82.956127,35.807874],[-82.955751,35.809802],[-82.952026,35.816183],[-82.945515,35.824662],[-82.94383,35.825638],[-82.937437,35.82732],[-82.933221,35.832915],[-82.931859,35.836351],[-82.927569,35.838586],[-82.923358,35.839273],[-82.920171,35.841664],[-82.919108,35.844851],[-82.920974,35.851073],[-82.919374,35.860523],[-82.918312,35.863977],[-82.916452,35.866102],[-82.901301,35.872593],[-82.899718,35.874602],[-82.899186,35.877524],[-82.899718,35.879914],[-82.901046,35.882305],[-82.903968,35.885492],[-82.903702,35.887617],[-82.901843,35.890274],[-82.901843,35.89293],[-82.904543,35.897011],[-82.906917,35.907397],[-82.911671,35.914711],[-82.911936,35.921618],[-82.911405,35.925868],[-82.910608,35.92693],[-82.906358,35.927196],[-82.903436,35.928524],[-82.902374,35.929852],[-82.901577,35.931446],[-82.901713,35.937713],[-82.898505,35.945101],[-82.8984628586304,35.9450880979247],[-82.934357,35.9789],[-83.052177,36.077899],[-83.055249,36.087069],[-83.067443,36.096604],[-83.102761,36.120909],[-83.139683,36.129196],[-83.172085,36.156295],[-83.166085,36.180894],[-83.185014,36.176866],[-83.175098,36.127357],[-83.195281,36.128892],[-83.217194,36.150196],[-83.219686,36.127494],[-83.246086,36.123694],[-83.226887,36.092501],[-83.228453,36.081353],[-83.234585,36.085094],[-83.253886,36.082194],[-83.240085,36.057295],[-83.256686,36.044321],[-83.262056,35.997425],[-83.276677,36.007652],[-83.281021,35.982804],[-83.297853,35.901516],[-83.310782,35.895846]]]}},{"type":"Feature","properties":{"code":"US-47031","name":"Coffee","label":"Coffee County","type":"County","parentCode":"US-TN"},"geometry":{"type":"Polygon","coordinates":[[[-86.256663,35.403614],[-86.279905,35.387452],[-86.253335,35.385299],[-86.257364,35.373014],[-86.274391,35.372278],[-86.260929,35.361602],[-86.24429,35.356079],[-86.266376,35.338564],[-86.261489,35.333579],[-86.250174,35.344644],[-86.219164,35.348572],[-86.207591,35.337847],[-86.197589,35.333479],[-86.181904,35.351703],[-86.159489,35.34918],[-86.158018,35.362607],[-86.036549,35.343738],[-86.027966,35.343837],[-86.033482,35.335157],[-86.003899,35.319318],[-86.004683,35.31628],[-85.976862,35.317179],[-85.913593,35.289189],[-85.904877,35.330434],[-85.881077,35.348804],[-85.869937,35.379381],[-85.875092,35.380488],[-85.886982,35.38154],[-85.889216,35.443954],[-85.885043,35.490204],[-85.885485,35.517039],[-85.876962,35.524095],[-85.882493,35.53902],[-85.90455,35.541299],[-85.948601,35.57376],[-85.94693,35.596389],[-85.965197,35.62045],[-85.985062,35.660108],[-86.037896,35.643001],[-86.043875,35.647321],[-86.053246,35.643989],[-86.08889,35.646823],[-86.120263,35.660929],[-86.143394,35.661652],[-86.151067,35.666971],[-86.154196,35.673872],[-86.190408,35.692458],[-86.191852,35.701868],[-86.207147,35.70379],[-86.245406,35.688899],[-86.245165,35.631913],[-86.247662,35.624055],[-86.242697,35.545808],[-86.236679,35.505836],[-86.244062,35.472866],[-86.244286,35.458809],[-86.234529,35.453308],[-86.246613,35.449195],[-86.25759,35.412476],[-86.256663,35.403614]]]}},{"type":"Feature","properties":{"code":"US-47033","name":"Crockett","label":"Crockett County","type":"County","parentCode":"US-TN"},"geometry":{"type":"Polygon","coordinates":[[[-89.359268,35.838629],[-89.356033,35.817635],[-89.350504,35.812094],[-89.342548,35.792205],[-89.309502,35.772923],[-89.2862,35.772012],[-89.271224,35.754922],[-89.240401,35.752898],[-89.189682,35.742716],[-89.171701,35.735714],[-89.165121,35.732465],[-89.116959,35.69924],[-89.069544,35.692679],[-89.059911,35.679393],[-89.019093,35.672794],[-88.984247,35.703433],[-88.895871,35.781254],[-88.894263,35.784875],[-88.912111,35.790584],[-88.916181,35.797307],[-88.966393,35.826897],[-89.019273,35.839751],[-89.021914,35.854491],[-89.046078,35.849199],[-89.051381,35.849414],[-89.109285,35.862089],[-89.129701,35.899882],[-89.124693,35.920972],[-89.135958,35.967841],[-89.167149,35.976676],[-89.188844,35.99976],[-89.198345,35.970209],[-89.250069,35.917348],[-89.267229,35.913542],[-89.280148,35.886499],[-89.342829,35.880934],[-89.344632,35.875321],[-89.339556,35.862383],[-89.359268,35.838629]]]}},{"type":"Feature","properties":{"code":"US-47035","name":"Cumberland","label":"Cumberland County","type":"County","parentCode":"US-TN"},"geometry":{"type":"Polygon","coordinates":[[[-85.269359,35.793388],[-85.272664,35.787718],[-85.26038,35.78258],[-85.257467,35.787169],[-85.247784,35.78666],[-85.253518,35.766927],[-85.254062,35.765611],[-85.103406,35.769921],[-85.073831,35.760472],[-85.061698,35.767485],[-85.052969,35.76757],[-85.04114,35.77177],[-85.032567,35.746954],[-84.981205,35.75686],[-84.931038,35.768012],[-84.916062,35.761939],[-84.905133,35.773738],[-84.882401,35.778785],[-84.79783,35.825151],[-84.781901,35.825],[-84.729634,35.858382],[-84.706181,35.896066],[-84.680633,35.908454],[-84.720727,35.994914],[-84.791936,36.059371],[-84.80546,36.090501],[-84.824312,36.094721],[-84.831893,36.084178],[-84.843876,36.09962],[-84.870888,36.136925],[-84.907753,36.156293],[-84.933157,36.146259],[-84.937109,36.154898],[-84.958954,36.147869],[-84.970144,36.157865],[-84.995149,36.160493],[-84.997455,36.152161],[-85.01509,36.158473],[-85.028641,36.170509],[-85.049684,36.149361],[-85.056614,36.153455],[-85.081654,36.132789],[-85.100213,36.138561],[-85.102781,36.13606],[-85.131748,36.128246],[-85.15275,36.099544],[-85.236148,36.100554],[-85.246362,36.100698],[-85.243303,36.054916],[-85.251364,36.040521],[-85.264206,35.979154],[-85.265528,35.965831],[-85.242698,35.91304],[-85.215722,35.910619],[-85.231587,35.893201],[-85.222524,35.877364],[-85.24138,35.809495],[-85.248435,35.798748],[-85.269359,35.793388]]]}},{"type":"Feature","properties":{"code":"US-47037","name":"Davidson","label":"Davidson County","type":"County","parentCode":"US-TN"},"geometry":{"type":"Polygon","coordinates":[[[-87.041362,36.041312],[-87.053722,36.045582],[-87.039386,35.989242],[-87.016082,35.997874],[-86.968487,36.027906],[-86.962984,36.031386],[-86.936415,36.048156],[-86.919116,36.051693],[-86.896719,36.04892],[-86.864761,36.044896],[-86.832753,36.041024],[-86.816472,36.039217],[-86.790875,36.036715],[-86.783079,36.034886],[-86.777128,36.033239],[-86.750323,36.019339],[-86.738652,36.013256],[-86.712896,36.008122],[-86.692324,35.994753],[-86.687714,35.995343],[-86.681889,35.989399],[-86.648288,35.975573],[-86.627397,35.974027],[-86.621951,35.971627],[-86.618892,35.968224],[-86.607995,35.979772],[-86.612691,36.007523],[-86.600742,36.011876],[-86.5873,36.025604],[-86.578483,36.026803],[-86.567207,36.034496],[-86.562427,36.035323],[-86.565485,36.05085],[-86.561793,36.058282],[-86.546487,36.06652],[-86.546884,36.087817],[-86.52749,36.07402],[-86.529327,36.057156],[-86.524682,36.058631],[-86.521083,36.072395],[-86.517597,36.084081],[-86.515589,36.10061],[-86.531183,36.112049],[-86.527841,36.140769],[-86.556609,36.134928],[-86.550926,36.144355],[-86.56802,36.168859],[-86.57089,36.173679],[-86.57562,36.194597],[-86.576695,36.197411],[-86.577692,36.200178],[-86.583626,36.216703],[-86.595439,36.239407],[-86.594359,36.245376],[-86.613384,36.244085],[-86.622827,36.248754],[-86.637382,36.253562],[-86.641218,36.259633],[-86.642668,36.279446],[-86.642269,36.289385],[-86.668568,36.3008],[-86.666556,36.303489],[-86.672753,36.312213],[-86.687387,36.3182],[-86.699304,36.327723],[-86.709697,36.333606],[-86.717827,36.338987],[-86.727529,36.372316],[-86.745693,36.403097],[-86.754795,36.405496],[-86.76433,36.394289],[-86.772609,36.392519],[-86.791034,36.37676],[-86.787357,36.35964],[-86.823083,36.351648],[-86.854299,36.369796],[-86.852919,36.380135],[-86.86214,36.369569],[-86.898938,36.389979],[-86.913233,36.382621],[-86.906254,36.366218],[-86.917522,36.339746],[-86.922975,36.325963],[-86.940536,36.295111],[-86.95771,36.275797],[-86.97461,36.249374],[-86.988205,36.214438],[-86.985255,36.210061],[-86.983613,36.209566],[-86.997705,36.128512],[-87.008176,36.119531],[-87.038173,36.094314],[-87.038201,36.093796],[-87.038792,36.0789],[-87.041362,36.041312]]]}},{"type":"Feature","properties":{"code":"US-47039","name":"Decatur","label":"Decatur County","type":"County","parentCode":"US-TN"},"geometry":{"type":"Polygon","coordinates":[[[-88.243071,35.528551],[-88.247986,35.42352],[-88.241677,35.423263],[-88.212316,35.408518],[-88.196462,35.379561],[-88.166525,35.392059],[-88.125033,35.383943],[-88.106281,35.390557],[-88.064509,35.417581],[-88.024741,35.392307],[-88.012546,35.386944],[-87.980472,35.394984],[-87.97366,35.404958],[-87.975184,35.414174],[-88.007709,35.423381],[-88.032532,35.429837],[-88.042332,35.444617],[-88.039932,35.459294],[-88.026787,35.472051],[-87.9891,35.482679],[-87.97947,35.493778],[-87.97463,35.521025],[-87.981321,35.535289],[-87.998443,35.553089],[-88.022309,35.592855],[-88.035213,35.616679],[-88.018932,35.660224],[-88.017664,35.683178],[-88.028409,35.693815],[-88.030636,35.699424],[-88.03465,35.718012],[-88.021579,35.737641],[-87.989971,35.761732],[-87.979846,35.778914],[-87.970738,35.815705],[-88.003612,35.81638],[-88.028195,35.811021],[-88.029504,35.839803],[-88.051772,35.849975],[-88.084223,35.842688],[-88.177859,35.845841],[-88.179177,35.816785],[-88.18526,35.779074],[-88.186968,35.671163],[-88.18864,35.638556],[-88.197864,35.630422],[-88.18992,35.617591],[-88.226459,35.554269],[-88.216759,35.548866],[-88.243071,35.528551]]]}},{"type":"Feature","properties":{"code":"US-47041","name":"DeKalb","label":"DeKalb County","type":"County","parentCode":"US-TN"},"geometry":{"type":"Polygon","coordinates":[[[-86.059706,36.086024],[-86.063413,36.070052],[-86.047374,36.057493],[-86.053437,36.043793],[-86.035778,36.031399],[-86.040746,36.008765],[-86.026513,35.998561],[-86.014849,35.96106],[-85.997022,35.952866],[-85.943961,35.902511],[-85.909321,35.873562],[-85.88921,35.857543],[-85.885156,35.839658],[-85.875877,35.845776],[-85.796925,35.851131],[-85.787534,35.843036],[-85.751785,35.850027],[-85.682095,35.831254],[-85.658864,35.825872],[-85.641356,35.840767],[-85.634803,35.853897],[-85.671882,35.851113],[-85.637327,35.881824],[-85.644926,35.889541],[-85.66813,35.883659],[-85.651662,35.904993],[-85.662917,35.971501],[-85.630493,36.006469],[-85.644604,36.015053],[-85.653444,36.012867],[-85.668236,36.029841],[-85.696158,36.070024],[-85.730972,36.081687],[-85.753054,36.067985],[-85.767695,36.072922],[-85.769835,36.094981],[-85.787958,36.102961],[-85.807415,36.131582],[-85.828647,36.122639],[-85.83827,36.128855],[-85.864024,36.093809],[-85.894357,36.104963],[-85.896547,36.116201],[-85.910118,36.116925],[-85.911267,36.097528],[-85.93789,36.109093],[-85.948414,36.101991],[-85.959279,36.110621],[-85.986083,36.087095],[-86.012283,36.09004],[-86.028149,36.083433],[-86.056174,36.09043],[-86.059706,36.086024]]]}},{"type":"Feature","properties":{"code":"US-47043","name":"Dickson","label":"Dickson County","type":"County","parentCode":"US-TN"},"geometry":{"type":"Polygon","coordinates":[[[-87.566798,36.177857],[-87.552182,36.137745],[-87.544503,36.094277],[-87.54917,36.060078],[-87.54601,36.022781],[-87.552372,36.016007],[-87.543126,36.008674],[-87.53453,35.993074],[-87.48969,35.983865],[-87.443328,35.983466],[-87.319891,35.970448],[-87.314036,35.969809],[-87.279901,35.961429],[-87.204242,35.959186],[-87.21195,35.969939],[-87.197406,35.979967],[-87.18714,36.028814],[-87.182573,36.049726],[-87.178624,36.067518],[-87.173222,36.070291],[-87.172791,36.109425],[-87.165776,36.154736],[-87.170827,36.165953],[-87.150049,36.176513],[-87.170027,36.201164],[-87.187968,36.211783],[-87.178306,36.228262],[-87.171508,36.226512],[-87.174046,36.247679],[-87.194168,36.24633],[-87.156439,36.271577],[-87.153043,36.30535],[-87.157657,36.308066],[-87.174058,36.313433],[-87.216732,36.315886],[-87.232461,36.331337],[-87.242495,36.32337],[-87.286501,36.321933],[-87.289739,36.317766],[-87.305703,36.313854],[-87.305167,36.319252],[-87.327204,36.31593],[-87.43417,36.32683],[-87.513533,36.334713],[-87.523627,36.24889],[-87.566798,36.177857]]]}},{"type":"Feature","properties":{"code":"US-47045","name":"Dyer","label":"Dyer County","type":"County","parentCode":"US-TN"},"geometry":{"type":"Polygon","coordinates":[[[-89.733095,36.000608],[-89.722916,35.989061],[-89.724027,35.980803],[-89.721677,35.967673],[-89.716527,35.961533],[-89.652157,35.929113],[-89.644307,35.920943],[-89.6423394880732,35.9060661639323],[-89.637309,35.923175],[-89.578089,35.925089],[-89.558335,35.937137],[-89.515183,35.928164],[-89.490639,35.933223],[-89.490925,35.947723],[-89.406965,35.946599],[-89.398186,35.941369],[-89.384072,35.920672],[-89.353849,35.902457],[-89.342829,35.880934],[-89.280148,35.886499],[-89.267229,35.913542],[-89.250069,35.917348],[-89.198345,35.970209],[-89.188844,35.99976],[-89.195045,36.007277],[-89.206297,36.011814],[-89.201707,36.017374],[-89.172925,36.023711],[-89.163862,36.02619],[-89.161877,36.058322],[-89.156663,36.111832],[-89.154464,36.204678],[-89.245684,36.207167],[-89.267259,36.207417],[-89.267423,36.207422],[-89.482971,36.212659],[-89.488283,36.187544],[-89.629452,36.185382],[-89.623804,36.183128],[-89.618228,36.179966],[-89.607004,36.171179],[-89.600871,36.164558],[-89.594397,36.155457],[-89.592206,36.15012],[-89.591605,36.144096],[-89.592102,36.135637],[-89.59307,36.129699],[-89.594,36.12719],[-89.598946,36.121778],[-89.601936,36.11947],[-89.6128789961007,36.1147799075232],[-89.615128,36.113816],[-89.625078,36.108131],[-89.628305,36.106853],[-89.64302,36.10362],[-89.657709,36.099128],[-89.666598,36.095802],[-89.672463,36.091837],[-89.678821,36.084636],[-89.680029,36.082494],[-89.681946,36.072336],[-89.684439,36.051719],[-89.687254,36.034048],[-89.688577,36.029238],[-89.692437,36.020507],[-89.703571,36.00804],[-89.705677,36.005018],[-89.706932,36.000981],[-89.733095,36.000608]]]}},{"type":"Feature","properties":{"code":"US-47047","name":"Fayette","label":"Fayette County","type":"County","parentCode":"US-TN"},"geometry":{"type":"Polygon","coordinates":[[[-89.643772,35.012013],[-89.6440499795058,34.9952920623604],[-89.6179405718771,34.9951865492017],[-89.5287482993956,34.994826106003],[-89.511153,34.994755],[-89.5111332271887,34.9947545526308],[-89.493739,34.994361],[-89.486897,34.993975],[-89.4844620142958,34.9939646399546],[-89.434954,34.993754],[-89.3526801644102,34.9941227781396],[-89.2331900554542,34.9946583717431],[-89.217433,34.994729],[-89.198288,34.994484],[-89.192528,35.150469],[-89.191556,35.17751],[-89.189198,35.251156],[-89.188531,35.270979],[-89.183944,35.397126],[-89.411441,35.400588],[-89.474171,35.403039],[-89.540562,35.404771],[-89.598603,35.394564],[-89.628966,35.382599],[-89.632776,35.375824],[-89.63546,35.316645],[-89.635482,35.31191],[-89.634401,35.29586],[-89.635179,35.277951],[-89.634163,35.271526],[-89.63714,35.210194],[-89.637878,35.20984],[-89.638476,35.155892],[-89.640077,35.105625],[-89.640886,35.081545],[-89.642786,35.04486],[-89.643772,35.012013]]]}},{"type":"Feature","properties":{"code":"US-47049","name":"Fentress","label":"Fentress County","type":"County","parentCode":"US-TN"},"geometry":{"type":"Polygon","coordinates":[[[-85.121757,36.328401],[-85.122245,36.304599],[-85.114858,36.281139],[-85.082497,36.196171],[-85.119583,36.144719],[-85.100213,36.138561],[-85.081654,36.132789],[-85.056614,36.153455],[-85.049684,36.149361],[-85.028641,36.170509],[-85.01509,36.158473],[-84.997455,36.152161],[-84.995149,36.160493],[-84.970144,36.157865],[-84.958954,36.147869],[-84.937109,36.154898],[-84.933157,36.146259],[-84.907753,36.156293],[-84.905173,36.159273],[-84.900779,36.173693],[-84.914155,36.20829],[-84.883816,36.239215],[-84.878553,36.280204],[-84.859158,36.292167],[-84.84294,36.286997],[-84.82224,36.299513],[-84.79568,36.297689],[-84.78668,36.324692],[-84.739671,36.337932],[-84.745486,36.351083],[-84.726938,36.353983],[-84.723261,36.37661],[-84.700785,36.370824],[-84.685913,36.388016],[-84.659115,36.395222],[-84.692534,36.435468],[-84.692648,36.435777],[-84.715139,36.498874],[-84.731839,36.524674],[-84.784041,36.524973],[-84.81804,36.550073],[-84.862343,36.569871],[-84.899845,36.57827],[-84.943144,36.58127],[-84.999151,36.565862],[-85.008972,36.569322],[-85.010715,36.574078],[-85.012828,36.565541],[-85.043924,36.558791],[-85.052454,36.54788],[-85.047683,36.536494],[-85.064608,36.52766],[-85.088459,36.500065],[-85.102839,36.409939],[-85.120445,36.407164],[-85.118899,36.399812],[-85.121757,36.328401]]]}},{"type":"Feature","properties":{"code":"US-47051","name":"Franklin","label":"Franklin County","type":"County","parentCode":"US-TN"},"geometry":{"type":"Polygon","coordinates":[[[-86.333353,35.146485],[-86.318168,35.126986],[-86.3187611440952,34.9911469680432],[-86.311274,34.991098],[-86.1529311285418,34.990135571978],[-86.0671363915752,34.9896141007035],[-86.0670596523409,34.9896136342727],[-85.8639354755464,34.9883790198068],[-85.863327,35.22028],[-85.873025,35.223362],[-85.88675,35.247379],[-85.899154,35.264828],[-85.907955,35.276199],[-85.913593,35.289189],[-85.976862,35.317179],[-86.004683,35.31628],[-86.003899,35.319318],[-86.033482,35.335157],[-86.027966,35.343837],[-86.036549,35.343738],[-86.158018,35.362607],[-86.159489,35.34918],[-86.181904,35.351703],[-86.197589,35.333479],[-86.207591,35.337847],[-86.219164,35.348572],[-86.250174,35.344644],[-86.261489,35.333579],[-86.245315,35.324051],[-86.255762,35.295829],[-86.28719,35.259681],[-86.281191,35.241761],[-86.306076,35.231178],[-86.297492,35.222187],[-86.316224,35.219745],[-86.294638,35.216379],[-86.293717,35.207287],[-86.308956,35.19648],[-86.319973,35.161316],[-86.316935,35.146484],[-86.333353,35.146485]]]}},{"type":"Feature","properties":{"code":"US-47053","name":"Gibson","label":"Gibson County","type":"County","parentCode":"US-TN"},"geometry":{"type":"Polygon","coordinates":[[[-89.201707,36.017374],[-89.206297,36.011814],[-89.195045,36.007277],[-89.188844,35.99976],[-89.167149,35.976676],[-89.135958,35.967841],[-89.124693,35.920972],[-89.129701,35.899882],[-89.109285,35.862089],[-89.051381,35.849414],[-89.046078,35.849199],[-89.021914,35.854491],[-89.019273,35.839751],[-88.966393,35.826897],[-88.916181,35.797307],[-88.911121,35.797343],[-88.830115,35.794569],[-88.789107,35.793289],[-88.706811,35.791075],[-88.706002,35.796042],[-88.705789,35.814734],[-88.697836,35.942113],[-88.697833,35.942171],[-88.693972,36.040167],[-88.692709,36.062746],[-88.749795,36.092543],[-88.754581,36.107622],[-88.799282,36.113849],[-88.840884,36.123495],[-88.847823,36.135246],[-88.86361,36.137831],[-88.894533,36.176835],[-88.93308,36.194567],[-88.9407,36.203893],[-88.950987,36.211381],[-88.959839,36.222834],[-88.961232,36.201635],[-88.997935,36.202229],[-89.092369,36.203293],[-89.154464,36.204678],[-89.156663,36.111832],[-89.161877,36.058322],[-89.163862,36.02619],[-89.172925,36.023711],[-89.201707,36.017374]]]}},{"type":"Feature","properties":{"code":"US-47055","name":"Giles","label":"Giles County","type":"County","parentCode":"US-TN"},"geometry":{"type":"Polygon","coordinates":[[[-87.232442,35.28767],[-87.2153,35.286625],[-87.216013,35.268465],[-87.219067,35.227549],[-87.213842,35.22157],[-87.219586,35.21867],[-87.209499,35.209142],[-87.22156,35.173321],[-87.214912,35.165516],[-87.198677,35.151672],[-87.20842,35.136526],[-87.200121,35.133027],[-87.213984,35.12331],[-87.214429,35.104295],[-87.211254,35.103938],[-87.218027,35.095254],[-87.224877,35.046503],[-87.224053220297,34.9993266591169],[-87.216683,34.999148],[-87.210759,34.999024],[-87.0899784494007,34.9966868780398],[-87.0300940691376,34.9955281062054],[-87.011174,34.995162],[-87.000007,34.995121],[-86.974412,34.994513],[-86.972613,34.99461],[-86.970236,34.994546],[-86.96712,34.9944],[-86.9374605990549,34.9937094645679],[-86.8792364883071,34.9923538804971],[-86.862147,34.991956],[-86.849794,34.991924],[-86.846466,34.99186],[-86.83637,34.991764],[-86.836306,34.991764],[-86.833678,35.082324],[-86.831591,35.150907],[-86.828301,35.263677],[-86.8285,35.293376],[-86.84249,35.319206],[-86.864102,35.304877],[-86.910636,35.318151],[-86.902303,35.337476],[-86.920107,35.35218],[-86.917831,35.363663],[-86.924829,35.373963],[-86.922802,35.406775],[-86.960804,35.417021],[-86.987005,35.417975],[-86.990705,35.408175],[-87.017499,35.415816],[-87.032728,35.431709],[-87.058964,35.431265],[-87.094477,35.441967],[-87.129112,35.456019],[-87.160192,35.435377],[-87.206578,35.433207],[-87.214994,35.381302],[-87.214325,35.363908],[-87.214207,35.337342],[-87.215082,35.295769],[-87.232442,35.28767]]]}},{"type":"Feature","properties":{"code":"US-47057","name":"Grainger","label":"Grainger County","type":"County","parentCode":"US-TN"},"geometry":{"type":"Polygon","coordinates":[[[-83.732704,36.164583],[-83.723703,36.137483],[-83.717445,36.132969],[-83.691433,36.122027],[-83.66746,36.080587],[-83.659387,36.085533],[-83.659171,36.087848],[-83.660048,36.091278],[-83.662187,36.093784],[-83.667578,36.099022],[-83.669564,36.102002],[-83.67033,36.106295],[-83.672188,36.110526],[-83.673681,36.125495],[-83.651522,36.125151],[-83.654559,36.105672],[-83.641323,36.09707],[-83.628063,36.113443],[-83.637701,36.143685],[-83.604223,36.138299],[-83.597766,36.164182],[-83.564399,36.166486],[-83.563013,36.191976],[-83.5591,36.180486],[-83.536999,36.180787],[-83.528262,36.162559],[-83.517993,36.178384],[-83.504385,36.168556],[-83.484397,36.166888],[-83.467097,36.174688],[-83.465897,36.188888],[-83.449097,36.190289],[-83.449498,36.217989],[-83.441898,36.222789],[-83.437561,36.211483],[-83.416096,36.219389],[-83.419897,36.236289],[-83.407397,36.249589],[-83.396297,36.253689],[-83.389831,36.262743],[-83.362196,36.26769],[-83.362996,36.27899],[-83.333495,36.28409],[-83.327095,36.29669],[-83.30507,36.268186],[-83.287892,36.262293],[-83.284111,36.261996],[-83.263286,36.288487],[-83.255292,36.289092],[-83.27369,36.319086],[-83.264498,36.344993],[-83.273295,36.37019],[-83.288896,36.378789],[-83.280595,36.394689],[-83.292996,36.392489],[-83.304197,36.388189],[-83.308597,36.399589],[-83.340998,36.408388],[-83.352099,36.419787],[-83.389443,36.408162],[-83.3868,36.413186],[-83.415357,36.42063],[-83.417073,36.411362],[-83.429702,36.417186],[-83.441402,36.402086],[-83.460002,36.389186],[-83.449201,36.374286],[-83.466002,36.369186],[-83.482603,36.379586],[-83.497003,36.378885],[-83.496303,36.362186],[-83.506503,36.372485],[-83.534704,36.352485],[-83.550905,36.368284],[-83.569004,36.364984],[-83.591888,36.368769],[-83.614806,36.345583],[-83.661107,36.332482],[-83.667408,36.344381],[-83.689107,36.295981],[-83.682147,36.292038],[-83.70392,36.260344],[-83.695606,36.254382],[-83.700205,36.207583],[-83.729905,36.186382],[-83.714904,36.173483],[-83.732704,36.164583]]]}},{"type":"Feature","properties":{"code":"US-47059","name":"Greene","label":"Greene County","type":"County","parentCode":"US-TN"},"geometry":{"type":"Polygon","coordinates":[[[-83.166085,36.180894],[-83.172085,36.156295],[-83.139683,36.129196],[-83.102761,36.120909],[-83.067443,36.096604],[-83.055249,36.087069],[-83.052177,36.077899],[-82.934357,35.9789],[-82.8984628586304,35.9450880979247],[-82.896947,35.944624],[-82.892659,35.945182],[-82.883933,35.949192],[-82.874159,35.952698],[-82.870666,35.95199],[-82.869315,35.950565],[-82.860724,35.94743],[-82.852554,35.949089],[-82.849849,35.947772],[-82.841259,35.941721],[-82.839994,35.940166],[-82.833268,35.934993],[-82.830112,35.932972],[-82.828933,35.932932],[-82.826045,35.929721],[-82.82257,35.922531],[-82.821861,35.921839],[-82.81613,35.923986],[-82.811067,35.926801],[-82.809038,35.927241],[-82.804997,35.927168],[-82.802892,35.929013],[-82.802769,35.930129],[-82.805771,35.935316],[-82.806174,35.936908],[-82.805851,35.937938],[-82.800431,35.944155],[-82.7876265911168,35.9520631988537],[-82.787465,35.952163],[-82.785191,35.959231],[-82.785356,35.96253],[-82.784536,35.963905],[-82.783085,35.964982],[-82.777751,35.966912],[-82.774905,35.971978],[-82.776434,35.973886],[-82.778625,35.974792],[-82.780319,35.974365],[-82.781809,35.974562],[-82.785558,35.977795],[-82.7852918582795,35.98706148767],[-82.785267,35.987927],[-82.779397,35.992511],[-82.778589,35.997001],[-82.777283,35.998811],[-82.776001,36.000103],[-82.765365,36.003003],[-82.759165,36.004203],[-82.754465,36.004304],[-82.750065,36.006004],[-82.731865,36.017604],[-82.727865,36.018504],[-82.725065,36.018204],[-82.715965,36.022804],[-82.715365,36.024253],[-82.715565,36.026904],[-82.715165,36.028604],[-82.707465,36.030104],[-82.703165,36.032404],[-82.701065,36.034404],[-82.688865,36.038604],[-82.685565,36.042004],[-82.684765,36.045004],[-82.683565,36.046104],[-82.672965,36.050405],[-82.668365,36.052905],[-82.662665,36.055005],[-82.657249,36.056636],[-82.654815,36.056225],[-82.650165,36.057805],[-82.643565,36.062805],[-82.637165,36.065805],[-82.632265,36.065705],[-82.628365,36.062105],[-82.618664,36.056105],[-82.617264,36.054205],[-82.618064,36.051205],[-82.618164,36.047005],[-82.613563,36.046406],[-82.609663,36.044906],[-82.606163,36.041006],[-82.602877,36.039833],[-82.5772,36.078387],[-82.595065,36.096205],[-82.627535,36.12798],[-82.63662,36.14347],[-82.647038,36.159135],[-82.646202,36.176646],[-82.644769,36.199195],[-82.649583,36.199527],[-82.651122,36.209103],[-82.643057,36.225907],[-82.636661,36.312102],[-82.63357,36.356347],[-82.628624,36.359342],[-82.63052,36.39984],[-82.631794,36.418769],[-82.702566,36.410412],[-82.715579,36.4016],[-82.721894,36.403904],[-82.75148,36.3858],[-82.779718,36.388243],[-82.813281,36.363399],[-82.827517,36.367163],[-82.858182,36.365098],[-82.885082,36.353398],[-82.916082,36.328598],[-82.929689,36.33332],[-82.937183,36.334797],[-82.967583,36.316397],[-82.976783,36.301497],[-83.023597,36.271815],[-83.02395,36.274147],[-83.031705,36.276696],[-83.073679,36.241932],[-83.082312,36.242296],[-83.111954,36.220759],[-83.14219,36.18739],[-83.166085,36.180894]]]}},{"type":"Feature","properties":{"code":"US-47061","name":"Grundy","label":"Grundy County","type":"County","parentCode":"US-TN"},"geometry":{"type":"Polygon","coordinates":[[[-85.913593,35.289189],[-85.907955,35.276199],[-85.899154,35.264828],[-85.88675,35.247379],[-85.873025,35.223362],[-85.845123,35.24111],[-85.813986,35.237854],[-85.773489,35.218736],[-85.743067,35.215516],[-85.693581,35.239257],[-85.70789,35.290609],[-85.690415,35.286075],[-85.655553,35.305536],[-85.645353,35.301997],[-85.558551,35.319292],[-85.542347,35.341453],[-85.506166,35.357657],[-85.489224,35.383494],[-85.485635,35.406433],[-85.512878,35.407612],[-85.512284,35.422958],[-85.535814,35.431494],[-85.537985,35.445394],[-85.536658,35.487095],[-85.607326,35.531651],[-85.70326,35.528653],[-85.7537,35.524154],[-85.791307,35.517884],[-85.820334,35.504573],[-85.832925,35.515303],[-85.876962,35.524095],[-85.885485,35.517039],[-85.885043,35.490204],[-85.889216,35.443954],[-85.886982,35.38154],[-85.875092,35.380488],[-85.869937,35.379381],[-85.881077,35.348804],[-85.904877,35.330434],[-85.913593,35.289189]]]}},{"type":"Feature","properties":{"code":"US-47063","name":"Hamblen","label":"Hamblen County","type":"County","parentCode":"US-TN"},"geometry":{"type":"Polygon","coordinates":[[[-83.465897,36.188888],[-83.467097,36.174688],[-83.458695,36.155289],[-83.426814,36.15457],[-83.393894,36.155191],[-83.386393,36.142391],[-83.388293,36.15359],[-83.341013,36.146017],[-83.331391,36.145892],[-83.287003,36.135576],[-83.281486,36.13251],[-83.259101,36.120629],[-83.234585,36.085094],[-83.228453,36.081353],[-83.226887,36.092501],[-83.246086,36.123694],[-83.219686,36.127494],[-83.217194,36.150196],[-83.195281,36.128892],[-83.175098,36.127357],[-83.185014,36.176866],[-83.166085,36.180894],[-83.14219,36.18739],[-83.111954,36.220759],[-83.082312,36.242296],[-83.103533,36.278285],[-83.134458,36.296285],[-83.159889,36.332893],[-83.15429,36.342293],[-83.182491,36.336192],[-83.17499,36.313493],[-83.196691,36.322192],[-83.200291,36.306993],[-83.232107,36.287996],[-83.232291,36.282392],[-83.255292,36.289092],[-83.263286,36.288487],[-83.284111,36.261996],[-83.287892,36.262293],[-83.30507,36.268186],[-83.327095,36.29669],[-83.333495,36.28409],[-83.362996,36.27899],[-83.362196,36.26769],[-83.389831,36.262743],[-83.396297,36.253689],[-83.407397,36.249589],[-83.419897,36.236289],[-83.416096,36.219389],[-83.437561,36.211483],[-83.441898,36.222789],[-83.449498,36.217989],[-83.449097,36.190289],[-83.465897,36.188888]]]}},{"type":"Feature","properties":{"code":"US-47065","name":"Hamilton","label":"Hamilton County","type":"County","parentCode":"US-TN"},"geometry":{"type":"Polygon","coordinates":[[[-85.4741053158651,34.9830630878201],[-85.466713,34.982972],[-85.384967,34.982987],[-85.3652390998717,34.9833506652057],[-85.3647577149925,34.9833595390813],[-85.363919,34.983375],[-85.3453656990581,34.9837083207743],[-85.3424738733792,34.983760274094],[-85.3274249646424,34.984030636437],[-85.308257,34.984375],[-85.3054619936306,34.984474821656],[-85.305457,34.984475],[-85.301488,34.984475],[-85.2946458897122,34.9846473256169],[-85.2945,34.984651],[-85.286906607921,34.9847961994236],[-85.277556,34.984975],[-85.275856,34.984975],[-85.2730202430754,34.9850012545776],[-85.265055,34.985075],[-85.254955,34.985175],[-85.2421827037588,34.9853725097357],[-85.235555,34.985475],[-85.2304104194756,34.985475],[-85.230354,34.985475],[-85.221854,34.985475],[-85.220554,34.985575],[-85.217854,34.985675],[-85.216554,34.985675],[-85.216540001526,34.9856751461552],[-85.2013615575317,34.985833621214],[-85.1956951984211,34.9858927825216],[-85.185905,34.985995],[-85.180553,34.986075],[-85.1752494260489,34.986106656111],[-85.1438855336063,34.9862938617334],[-85.1266971177727,34.9863964563998],[-85.0960883213421,34.9865791549852],[-85.0836083174295,34.9866536459593],[-85.0648372260983,34.9867656873407],[-85.045183,34.986883],[-85.045052,34.986859],[-84.97986,34.987647],[-84.9769733744412,34.9876687952914],[-84.961146,35.015175],[-84.993893,35.034884],[-85.002282,35.061913],[-84.995148,35.075174],[-85.008351,35.092036],[-85.008478,35.09269],[-85.010251,35.100841],[-85.025562,35.126854],[-85.024043,35.148829],[-85.007577,35.174248],[-85.009424,35.178172],[-84.99885,35.203072],[-84.980849,35.219772],[-84.94233,35.282242],[-84.946339,35.287717],[-84.958722,35.301705],[-84.97985,35.36277],[-85.000522,35.380359],[-85.030369,35.379122],[-85.02302,35.408188],[-85.016661,35.409101],[-85.066908,35.436476],[-85.102158,35.428442],[-85.110728,35.437238],[-85.109568,35.455311],[-85.131094,35.458004],[-85.148792,35.445594],[-85.168302,35.455614],[-85.225877,35.354276],[-85.246005,35.319077],[-85.292544,35.26291],[-85.353065,35.188854],[-85.382889,35.152221],[-85.387089,35.147169],[-85.385791,35.137095],[-85.391819,35.120448],[-85.361959,35.087773],[-85.382255,35.04473],[-85.408712,35.041195],[-85.427779,35.006673],[-85.4741053158651,34.9830630878201]]]}},{"type":"Feature","properties":{"code":"US-47067","name":"Hancock","label":"Hancock County","type":"County","parentCode":"US-TN"},"geometry":{"type":"Polygon","coordinates":[[[-83.472108,36.597284],[-83.432626,36.573098],[-83.410409,36.548926],[-83.398303,36.534885],[-83.392631,36.522843],[-83.369401,36.459186],[-83.373094,36.43086],[-83.377027,36.430722],[-83.3868,36.413186],[-83.389443,36.408162],[-83.352099,36.419787],[-83.340998,36.408388],[-83.308597,36.399589],[-83.304197,36.388189],[-83.292996,36.392489],[-83.280595,36.394689],[-83.235495,36.40609],[-83.193894,36.42429],[-83.206937,36.441559],[-83.162093,36.46159],[-83.167194,36.47129],[-83.134432,36.497301],[-83.120966,36.513883],[-83.040489,36.551891],[-83.010789,36.563691],[-82.99016,36.561895],[-82.98388,36.544489],[-82.960772,36.555155],[-82.942691,36.546294],[-82.936363,36.549454],[-82.849782,36.586436],[-82.830433,36.593761],[-82.888013,36.593461],[-82.9851235492625,36.5937302148783],[-83.02725,36.593847],[-83.028357,36.593893],[-83.1017155812756,36.593871049895],[-83.248933,36.593827],[-83.249899,36.593898],[-83.250304,36.593935],[-83.261099,36.593887],[-83.2763,36.598187],[-83.2876129183054,36.5980951006089],[-83.3082877900125,36.5979271503002],[-83.374904,36.597386],[-83.472108,36.597284]]]}},{"type":"Feature","properties":{"code":"US-47069","name":"Hardeman","label":"Hardeman County","type":"County","parentCode":"US-TN"},"geometry":{"type":"Polygon","coordinates":[[[-89.192528,35.150469],[-89.198288,34.994484],[-89.156827,34.993926],[-89.139136,34.994307],[-89.138997,34.99433],[-89.02654,34.994956],[-89.0171270872889,34.9949454068841],[-88.9936842139341,34.9949190247129],[-88.925241,34.994842],[-88.886979,34.995868],[-88.851037,34.995085],[-88.8230487339323,34.9951575501037],[-88.786612,34.995252],[-88.786799,35.062521],[-88.786703,35.105419],[-88.784725,35.174901],[-88.781768,35.247587],[-88.795408,35.323911],[-88.792777,35.329188],[-88.842036,35.384447],[-88.841607,35.427826],[-89.076807,35.431396],[-89.078876,35.431428],[-89.182551,35.432816],[-89.183944,35.397126],[-89.188531,35.270979],[-89.189198,35.251156],[-89.191556,35.17751],[-89.192528,35.150469]]]}},{"type":"Feature","properties":{"code":"US-47071","name":"Hardin","label":"Hardin County","type":"County","parentCode":"US-TN"},"geometry":{"type":"Polygon","coordinates":[[[-88.37374,35.140608],[-88.380508,34.99561],[-88.3635308623519,34.9955896102908],[-88.258111,34.995463],[-88.253825,34.995553],[-88.200064,34.995634],[-88.20082,34.997774],[-88.201987,35.005421],[-88.202959,35.008028],[-88.000032,35.005939],[-87.9849162019114,35.0058806732269],[-87.984972,35.015449],[-87.984229,35.132134],[-87.982928,35.220596],[-87.981585,35.295678],[-87.997385,35.30227],[-88.017568,35.29957],[-88.016473,35.33476],[-88.004872,35.350912],[-88.024654,35.369588],[-88.024741,35.392307],[-88.064509,35.417581],[-88.106281,35.390557],[-88.125033,35.383943],[-88.166525,35.392059],[-88.196462,35.379561],[-88.212316,35.408518],[-88.241677,35.423263],[-88.246192,35.416307],[-88.360829,35.418972],[-88.351765,35.406735],[-88.362572,35.380994],[-88.365568,35.315715],[-88.374404,35.304102],[-88.367243,35.290985],[-88.371918,35.186039],[-88.37374,35.140608]]]}},{"type":"Feature","properties":{"code":"US-47073","name":"Hawkins","label":"Hawkins County","type":"County","parentCode":"US-TN"},"geometry":{"type":"Polygon","coordinates":[[[-83.280595,36.394689],[-83.288896,36.378789],[-83.273295,36.37019],[-83.264498,36.344993],[-83.27369,36.319086],[-83.255292,36.289092],[-83.232291,36.282392],[-83.232107,36.287996],[-83.200291,36.306993],[-83.196691,36.322192],[-83.17499,36.313493],[-83.182491,36.336192],[-83.15429,36.342293],[-83.159889,36.332893],[-83.134458,36.296285],[-83.103533,36.278285],[-83.082312,36.242296],[-83.073679,36.241932],[-83.031705,36.276696],[-83.02395,36.274147],[-83.023597,36.271815],[-82.976783,36.301497],[-82.967583,36.316397],[-82.937183,36.334797],[-82.929689,36.33332],[-82.916082,36.328598],[-82.885082,36.353398],[-82.858182,36.365098],[-82.827517,36.367163],[-82.813281,36.363399],[-82.779718,36.388243],[-82.75148,36.3858],[-82.721894,36.403904],[-82.715579,36.4016],[-82.702566,36.410412],[-82.676177,36.4234],[-82.680677,36.4318],[-82.702279,36.455799],[-82.626776,36.4954],[-82.627676,36.513599],[-82.610175,36.5193],[-82.610779,36.527936],[-82.611985,36.545532],[-82.61495,36.554195],[-82.616576,36.579199],[-82.601479,36.579976],[-82.609176,36.594099],[-82.6540774589595,36.5938443363359],[-82.679879,36.593698],[-82.6881447837838,36.593698],[-82.69578,36.593698],[-82.830433,36.593761],[-82.849782,36.586436],[-82.936363,36.549454],[-82.942691,36.546294],[-82.960772,36.555155],[-82.98388,36.544489],[-82.99016,36.561895],[-83.010789,36.563691],[-83.040489,36.551891],[-83.120966,36.513883],[-83.134432,36.497301],[-83.167194,36.47129],[-83.162093,36.46159],[-83.206937,36.441559],[-83.193894,36.42429],[-83.235495,36.40609],[-83.280595,36.394689]]]}},{"type":"Feature","properties":{"code":"US-47075","name":"Haywood","label":"Haywood County","type":"County","parentCode":"US-TN"},"geometry":{"type":"Polygon","coordinates":[[[-89.502118,35.580621],[-89.477397,35.560751],[-89.482701,35.54664],[-89.469862,35.546566],[-89.472076,35.475238],[-89.474171,35.403039],[-89.411441,35.400588],[-89.183944,35.397126],[-89.182551,35.432816],[-89.078876,35.431428],[-89.078847,35.432067],[-89.077391,35.46506],[-89.069544,35.692679],[-89.116959,35.69924],[-89.165121,35.732465],[-89.171701,35.735714],[-89.189682,35.742716],[-89.240401,35.752898],[-89.271224,35.754922],[-89.2862,35.772012],[-89.309502,35.772923],[-89.342548,35.792205],[-89.350504,35.812094],[-89.356033,35.817635],[-89.401805,35.822657],[-89.425477,35.786878],[-89.431327,35.78264],[-89.440123,35.747919],[-89.427469,35.747378],[-89.452712,35.682545],[-89.466861,35.667726],[-89.469993,35.595226],[-89.502118,35.580621]]]}},{"type":"Feature","properties":{"code":"US-47077","name":"Henderson","label":"Henderson County","type":"County","parentCode":"US-TN"},"geometry":{"type":"Polygon","coordinates":[[[-88.603575,35.626084],[-88.613611,35.588089],[-88.565949,35.586927],[-88.544759,35.549056],[-88.527999,35.530374],[-88.505354,35.51203],[-88.469106,35.495882],[-88.421288,35.489027],[-88.414582,35.482339],[-88.37771,35.492608],[-88.364005,35.492801],[-88.360829,35.418972],[-88.246192,35.416307],[-88.241677,35.423263],[-88.247986,35.42352],[-88.243071,35.528551],[-88.216759,35.548866],[-88.226459,35.554269],[-88.18992,35.617591],[-88.197864,35.630422],[-88.18864,35.638556],[-88.186968,35.671163],[-88.18526,35.779074],[-88.179177,35.816785],[-88.252439,35.818494],[-88.405614,35.821757],[-88.569047,35.824829],[-88.583784,35.815245],[-88.600001,35.789195],[-88.606862,35.789354],[-88.610736,35.646424],[-88.603575,35.626084]]]}},{"type":"Feature","properties":{"code":"US-47079","name":"Henry","label":"Henry County","type":"County","parentCode":"US-TN"},"geometry":{"type":"Polygon","coordinates":[[[-88.524857,36.267411],[-88.530322,36.152023],[-88.381171,36.148846],[-88.32348,36.148058],[-88.211698,36.145974],[-88.212559,36.12029],[-88.185615,36.146212],[-88.181766,36.144808],[-88.170453,36.17455],[-88.147987,36.1947],[-88.13763,36.201426],[-88.136905,36.209537],[-88.135824,36.218678],[-88.113408,36.223251],[-88.097594,36.245033],[-88.10046,36.254369],[-88.083059,36.257128],[-88.090395,36.271365],[-88.090782,36.29485],[-88.10266,36.310933],[-88.100693,36.322804],[-88.102813,36.324617],[-88.093651,36.360254],[-87.993717,36.359022],[-87.99092,36.360133],[-88.037497,36.422112],[-88.061456,36.444093],[-88.052243,36.469061],[-88.0532916180151,36.4971306477427],[-88.127378,36.49854],[-88.1377328246476,36.4986412911457],[-88.1760579266606,36.4990161882225],[-88.3093239605968,36.5003197997965],[-88.320794,36.500432],[-88.325895,36.500483],[-88.330799,36.500531],[-88.41636,36.500756],[-88.450161,36.501101],[-88.452543,36.500872],[-88.472564,36.501028],[-88.4890752146435,36.5010676761135],[-88.48921,36.501068],[-88.51192,36.501457],[-88.51227,36.501506],[-88.5163456859488,36.5014314866172],[-88.517847,36.463615],[-88.523587,36.294206],[-88.524857,36.267411]]]}},{"type":"Feature","properties":{"code":"US-47081","name":"Hickman","label":"Hickman County","type":"County","parentCode":"US-TN"},"geometry":{"type":"Polygon","coordinates":[[[-87.737811,35.702342],[-87.74375,35.663952],[-87.733083,35.656931],[-87.676483,35.627054],[-87.658189,35.609349],[-87.618123,35.619428],[-87.623391,35.632744],[-87.586676,35.653117],[-87.568831,35.652296],[-87.549164,35.630228],[-87.526441,35.626554],[-87.50779,35.628383],[-87.458129,35.615605],[-87.418709,35.62487],[-87.357379,35.659514],[-87.339232,35.65911],[-87.325284,35.657768],[-87.298037,35.68948],[-87.265994,35.695765],[-87.250501,35.707157],[-87.265391,35.719016],[-87.234143,35.724691],[-87.215099,35.850651],[-87.20507,35.914639],[-87.202092,35.936075],[-87.205665,35.940967],[-87.204242,35.959186],[-87.279901,35.961429],[-87.314036,35.969809],[-87.319891,35.970448],[-87.443328,35.983466],[-87.48969,35.983865],[-87.53453,35.993074],[-87.532493,35.96946],[-87.569304,35.947747],[-87.587584,35.953378],[-87.61186,35.949981],[-87.609189,35.946391],[-87.658423,35.915511],[-87.683608,35.916076],[-87.70696,35.905884],[-87.71676,35.83875],[-87.717337,35.834782],[-87.732935,35.72626],[-87.72428,35.728996],[-87.710669,35.703616],[-87.737811,35.702342]]]}},{"type":"Feature","properties":{"code":"US-47083","name":"Houston","label":"Houston County","type":"County","parentCode":"US-TN"},"geometry":{"type":"Polygon","coordinates":[[[-87.98074,36.353307],[-87.955844,36.312223],[-87.944295,36.264177],[-87.949603,36.24316],[-87.834641,36.232368],[-87.798508,36.244754],[-87.775289,36.243595],[-87.737308,36.237133],[-87.707509,36.227205],[-87.662191,36.201227],[-87.585973,36.197699],[-87.566798,36.177857],[-87.523627,36.24889],[-87.513533,36.334713],[-87.586957,36.34178],[-87.592358,36.367663],[-87.646244,36.367928],[-87.715494,36.36824],[-87.733924,36.353944],[-87.784438,36.334124],[-87.846309,36.328947],[-87.892839,36.334712],[-87.944984,36.354128],[-87.98074,36.353307]]]}},{"type":"Feature","properties":{"code":"US-47085","name":"Humphreys","label":"Humphreys County","type":"County","parentCode":"US-TN"},"geometry":{"type":"Polygon","coordinates":[[[-88.019334,35.981686],[-88.012932,35.946648],[-87.974172,35.937213],[-87.93702,35.939943],[-87.926676,35.93557],[-87.928847,35.905116],[-87.940331,35.865986],[-87.96274,35.840921],[-87.910297,35.838336],[-87.893127,35.824858],[-87.852682,35.803799],[-87.844142,35.820724],[-87.825957,35.823921],[-87.818738,35.836769],[-87.71676,35.83875],[-87.70696,35.905884],[-87.683608,35.916076],[-87.658423,35.915511],[-87.609189,35.946391],[-87.61186,35.949981],[-87.587584,35.953378],[-87.569304,35.947747],[-87.532493,35.96946],[-87.53453,35.993074],[-87.543126,36.008674],[-87.552372,36.016007],[-87.54601,36.022781],[-87.54917,36.060078],[-87.544503,36.094277],[-87.552182,36.137745],[-87.566798,36.177857],[-87.585973,36.197699],[-87.662191,36.201227],[-87.707509,36.227205],[-87.737308,36.237133],[-87.775289,36.243595],[-87.798508,36.244754],[-87.834641,36.232368],[-87.949603,36.24316],[-87.951645,36.222325],[-87.933436,36.18382],[-87.915654,36.16075],[-87.919043,36.130049],[-87.938597,36.106856],[-87.939942,36.102389],[-87.963119,36.07232],[-87.988109,36.048183],[-88.00088,36.027839],[-88.00174,35.995459],[-88.019334,35.981686]]]}},{"type":"Feature","properties":{"code":"US-47087","name":"Jackson","label":"Jackson County","type":"County","parentCode":"US-TN"},"geometry":{"type":"Polygon","coordinates":[[[-85.828584,36.34228],[-85.846483,36.288167],[-85.821098,36.250057],[-85.803693,36.255669],[-85.791603,36.251326],[-85.780148,36.238011],[-85.779621,36.24889],[-85.743009,36.22833],[-85.724815,36.233048],[-85.635425,36.221585],[-85.613029,36.215124],[-85.613046,36.221248],[-85.575207,36.230466],[-85.56407,36.222512],[-85.555607,36.234015],[-85.526197,36.239626],[-85.523468,36.260617],[-85.512571,36.256879],[-85.508283,36.27772],[-85.494,36.279817],[-85.495124,36.302278],[-85.496431,36.344467],[-85.497587,36.375051],[-85.495422,36.403074],[-85.529958,36.437701],[-85.560772,36.459928],[-85.564358,36.475229],[-85.606806,36.479111],[-85.614367,36.479462],[-85.640633,36.490453],[-85.667376,36.496037],[-85.696107,36.49597],[-85.704075,36.522395],[-85.73599,36.518798],[-85.715799,36.497517],[-85.75359,36.499051],[-85.767125,36.517197],[-85.813885,36.499473],[-85.828026,36.411836],[-85.835768,36.351848],[-85.828584,36.34228]]]}},{"type":"Feature","properties":{"code":"US-47089","name":"Jefferson","label":"Jefferson County","type":"County","parentCode":"US-TN"},"geometry":{"type":"Polygon","coordinates":[[[-83.707976,36.094264],[-83.694599,36.058249],[-83.692177,36.05804],[-83.671169,36.053105],[-83.673297,36.038486],[-83.656181,36.034559],[-83.655597,36.043119],[-83.618852,36.019299],[-83.607494,36.015685],[-83.569934,35.992479],[-83.569259,35.992054],[-83.525858,35.964796],[-83.524522,35.964224],[-83.508303,35.939409],[-83.490299,35.928044],[-83.470863,35.923082],[-83.395377,35.93308],[-83.387457,35.913605],[-83.353374,35.919628],[-83.310782,35.895846],[-83.297853,35.901516],[-83.281021,35.982804],[-83.276677,36.007652],[-83.262056,35.997425],[-83.256686,36.044321],[-83.240085,36.057295],[-83.253886,36.082194],[-83.234585,36.085094],[-83.259101,36.120629],[-83.281486,36.13251],[-83.287003,36.135576],[-83.331391,36.145892],[-83.341013,36.146017],[-83.388293,36.15359],[-83.386393,36.142391],[-83.393894,36.155191],[-83.426814,36.15457],[-83.458695,36.155289],[-83.467097,36.174688],[-83.484397,36.166888],[-83.504385,36.168556],[-83.517993,36.178384],[-83.528262,36.162559],[-83.536999,36.180787],[-83.5591,36.180486],[-83.563013,36.191976],[-83.564399,36.166486],[-83.597766,36.164182],[-83.604223,36.138299],[-83.637701,36.143685],[-83.628063,36.113443],[-83.641323,36.09707],[-83.654559,36.105672],[-83.651522,36.125151],[-83.673681,36.125495],[-83.672188,36.110526],[-83.67033,36.106295],[-83.669564,36.102002],[-83.667578,36.099022],[-83.662187,36.093784],[-83.660048,36.091278],[-83.659171,36.087848],[-83.659387,36.085533],[-83.66746,36.080587],[-83.691292,36.09463],[-83.707976,36.094264]]]}},{"type":"Feature","properties":{"code":"US-47091","name":"Johnson","label":"Johnson County","type":"County","parentCode":"US-TN"},"geometry":{"type":"Polygon","coordinates":[[[-82.058946,36.367415],[-82.042145,36.362816],[-82.030543,36.333817],[-81.999842,36.331524],[-81.982535,36.288073],[-81.9515,36.261763],[-81.933019683861,36.2648426504234],[-81.932994,36.264881],[-81.9181112586581,36.2871132062802],[-81.908137,36.302013],[-81.897701,36.307446],[-81.894569,36.307183],[-81.887243,36.309193],[-81.879382,36.313767],[-81.876182,36.316075],[-81.874336,36.31919],[-81.863148,36.330209],[-81.857333,36.334787],[-81.850889,36.3375],[-81.845638,36.34036],[-81.841268,36.343321],[-81.833202,36.347339],[-81.822493,36.348819],[-81.812904,36.351066],[-81.808255,36.354121],[-81.800812,36.358073],[-81.7963949112567,36.3578944995709],[-81.795269,36.357849],[-81.791877,36.354797],[-81.790181,36.351744],[-81.787468,36.348692],[-81.784077,36.347674],[-81.781318,36.347656],[-81.777972,36.346318],[-81.768977,36.341042],[-81.766102,36.338517],[-81.762371,36.338856],[-81.760675,36.338178],[-81.757962,36.3375],[-81.75442,36.337044],[-81.747842,36.337356],[-81.744461,36.337778],[-81.7403376084011,36.3394222055156],[-81.739498,36.339757],[-81.7349,36.340891],[-81.730976,36.341187],[-81.725938,36.340364],[-81.721015,36.338645],[-81.717186,36.336169],[-81.713194,36.334108],[-81.707438,36.335171],[-81.705966,36.338496],[-81.705299,36.341852],[-81.707785,36.346007],[-81.713873,36.34937],[-81.718282,36.350388],[-81.721334,36.353101],[-81.722691,36.354797],[-81.723708,36.358527],[-81.724047,36.360901],[-81.724047,36.364293],[-81.726082,36.368893],[-81.731178,36.374062],[-81.732865,36.376502],[-81.732187,36.379894],[-81.730737,36.382943],[-81.729813,36.388033],[-81.730491,36.390407],[-81.731509,36.392103],[-81.733877,36.39457],[-81.737952,36.39719],[-81.739648,36.401599],[-81.739648,36.406686],[-81.738292,36.410756],[-81.734312,36.413342],[-81.729924,36.415422],[-81.720734,36.422537],[-81.717939,36.428762],[-81.716925,36.43314],[-81.715229,36.436532],[-81.715229,36.438567],[-81.715569,36.44128],[-81.715229,36.444332],[-81.714212,36.447045],[-81.714277,36.450978],[-81.715082,36.453365],[-81.71489,36.45722],[-81.708247,36.462217],[-81.701076,36.464212],[-81.699223,36.463959],[-81.697975,36.464741],[-81.695311,36.467912],[-81.694533,36.473283],[-81.694829,36.474463],[-81.696281,36.475499],[-81.697287,36.484738],[-81.695907,36.49158],[-81.696835,36.493393],[-81.697261,36.496141],[-81.698265,36.497221],[-81.699928,36.498018],[-81.700238,36.500475],[-81.699923,36.500865],[-81.69797,36.504063],[-81.69729,36.504887],[-81.697829,36.507544],[-81.697744,36.508448],[-81.699446,36.511504],[-81.699601,36.512883],[-81.700093,36.514158],[-81.700553,36.51519],[-81.702543,36.520317],[-81.707573,36.526101],[-81.708262,36.532113],[-81.707963,36.536209],[-81.699962,36.536829],[-81.699962,36.539714],[-81.697539,36.544359],[-81.693844,36.549083],[-81.69003,36.552154],[-81.689115,36.555912],[-81.690132,36.559643],[-81.692167,36.562695],[-81.692506,36.565748],[-81.690236,36.568718],[-81.686436,36.567918],[-81.679936,36.568618],[-81.677036,36.570718],[-81.677236,36.574406],[-81.679036,36.578918],[-81.680137,36.585518],[-81.677535,36.588117],[-81.6469,36.611918],[-81.73694,36.612379],[-81.7546361214299,36.6127407968302],[-81.7705260627446,36.6130656663459],[-81.826742,36.614215],[-81.871443,36.602015],[-81.875067,36.588258],[-81.928044,36.567914],[-81.931743,36.552214],[-81.964945,36.531517],[-81.983843,36.508314],[-81.987503,36.499142],[-81.951482,36.473863],[-81.951844,36.470291],[-81.965978,36.462947],[-82.032544,36.389416],[-82.058946,36.367415]]]}},{"type":"Feature","properties":{"code":"US-47093","name":"Knox","label":"Knox County","type":"County","parentCode":"US-TN"},"geometry":{"type":"Polygon","coordinates":[[[-84.271587,35.910165],[-84.263383,35.89694],[-84.250743,35.885963],[-84.240753,35.876654],[-84.224015,35.861045],[-84.195349,35.834689],[-84.195195,35.834542],[-84.180645,35.821007],[-84.168202,35.809477],[-84.166267,35.805106],[-84.144301,35.795763],[-84.134538,35.835132],[-84.137642,35.850876],[-84.124611,35.83151],[-84.078959,35.85079],[-84.067868,35.831638],[-84.051385,35.831145],[-84.049927,35.851336],[-84.035657,35.853869],[-84.016481,35.839498],[-84.006755,35.849275],[-84.006754,35.849618],[-84.012253,35.866221],[-84.028564,35.87582],[-84.000371,35.881522],[-83.973611,35.863463],[-83.948654,35.87531],[-83.943571,35.871701],[-83.907542,35.846626],[-83.857806,35.841557],[-83.850155,35.842019],[-83.811819,35.878389],[-83.794275,35.887125],[-83.767242,35.911862],[-83.743876,35.920582],[-83.738506,35.916966],[-83.694578,35.943887],[-83.683965,35.936692],[-83.686586,35.949967],[-83.667341,35.961643],[-83.659711,35.985887],[-83.650947,35.986481],[-83.650917,35.987063],[-83.67749,36.027721],[-83.673297,36.038486],[-83.671169,36.053105],[-83.692177,36.05804],[-83.694599,36.058249],[-83.707976,36.094264],[-83.691292,36.09463],[-83.66746,36.080587],[-83.691433,36.122027],[-83.717445,36.132969],[-83.723703,36.137483],[-83.732704,36.164583],[-83.79949,36.166273],[-83.852414,36.167711],[-83.903972,36.16898],[-83.905169,36.160906],[-83.941711,36.186378],[-83.963613,36.175379],[-83.968952,36.169562],[-83.976213,36.168079],[-84.007283,36.135887],[-84.015314,36.135378],[-84.029717,36.116475],[-84.043836,36.111583],[-84.081102,36.078144],[-84.092828,36.073231],[-84.068921,36.046022],[-84.058585,36.036304],[-84.070116,36.028881],[-84.076618,36.02],[-84.124108,35.998379],[-84.147996,35.986831],[-84.157886,35.991276],[-84.192287,35.995488],[-84.195511,35.991602],[-84.196606,35.978414],[-84.214647,35.975115],[-84.220543,35.960638],[-84.213782,35.950119],[-84.244016,35.95499],[-84.235823,35.931678],[-84.271546,35.942228],[-84.252359,35.918888],[-84.271587,35.910165]]]}},{"type":"Feature","properties":{"code":"US-47095","name":"Lake","label":"Lake County","type":"County","parentCode":"US-TN"},"geometry":{"type":"Polygon","coordinates":[[[-89.705328,36.239898],[-89.705545,36.238136],[-89.70525,36.236568],[-89.704459,36.235468],[-89.699677,36.230821],[-89.69263,36.224959],[-89.679548,36.215911],[-89.6725378330548,36.2116372738391],[-89.664144,36.20652],[-89.6581725079971,36.2033048786044],[-89.654876,36.20153],[-89.64479,36.194101],[-89.636893,36.188951],[-89.629452,36.185382],[-89.488283,36.187544],[-89.482971,36.212659],[-89.444587,36.235538],[-89.428987,36.259334],[-89.404284,36.313674],[-89.400588,36.331604],[-89.405062,36.35211],[-89.373495,36.388405],[-89.36012,36.409277],[-89.369237,36.434289],[-89.36005,36.456487],[-89.340158,36.47717],[-89.346053,36.50321],[-89.356593,36.502195],[-89.380085,36.500416],[-89.381792,36.500062],[-89.391044,36.499079],[-89.403913,36.499141],[-89.417293,36.499033],[-89.41977,36.493896],[-89.422942,36.489381],[-89.429311,36.481875],[-89.436763,36.474432],[-89.448468,36.46442],[-89.453081,36.461285],[-89.460436,36.45814],[-89.464153,36.457189],[-89.471718,36.457001],[-89.476532,36.457846],[-89.486215,36.46162],[-89.49067,36.465528],[-89.493198,36.470124],[-89.494074,36.473225],[-89.494248,36.475972],[-89.493495,36.4787],[-89.48671,36.494954],[-89.485427,36.497491],[-89.492537,36.497775],[-89.498036,36.497887],[-89.539232,36.497934],[-89.534524,36.491432],[-89.522674,36.481305],[-89.520642,36.478668],[-89.519501,36.475419],[-89.51972,36.467002],[-89.521021,36.461934],[-89.523427,36.456572],[-89.52519,36.453991],[-89.527274,36.451545],[-89.540868,36.441559],[-89.543406,36.43877],[-89.545061,36.434915],[-89.545503,36.4307],[-89.545255,36.427079],[-89.544221,36.423684],[-89.542337,36.420103],[-89.525293,36.400446],[-89.513956,36.384891],[-89.51038,36.378356],[-89.509558,36.375065],[-89.509722,36.373626],[-89.5111775125918,36.3678439593827],[-89.513178,36.359897],[-89.519,36.3486],[-89.522695,36.344789],[-89.527029,36.341679],[-89.531822,36.339246],[-89.538079,36.337496],[-89.5385029246464,36.337453956369],[-89.545006,36.336809],[-89.560439,36.337746],[-89.581636,36.342357],[-89.600544,36.342985],[-89.605668,36.342234],[-89.610689,36.340442],[-89.615841,36.336085],[-89.6198,36.329546],[-89.620255,36.323006],[-89.619242,36.320726],[-89.611819,36.309088],[-89.58982,36.296814],[-89.584337,36.29334],[-89.578492,36.288317],[-89.554289,36.277751],[-89.549219,36.27875],[-89.546577,36.280439],[-89.544797,36.280458],[-89.539487,36.277368],[-89.537675,36.275279],[-89.535529,36.270541],[-89.534507,36.261802],[-89.534745,36.252576],[-89.539229,36.248821],[-89.541621,36.247891],[-89.544743,36.247484],[-89.548952,36.2482],[-89.553563,36.250341],[-89.557991,36.251037],[-89.562206,36.250909],[-89.564997,36.250067],[-89.573928,36.243843],[-89.577544,36.242262],[-89.587326,36.239484],[-89.602374,36.238106],[-89.60651,36.238328],[-89.611145,36.239271],[-89.624416,36.243305],[-89.63679,36.248079],[-89.642182,36.249486],[-89.652518,36.250692],[-89.678046,36.248284],[-89.686229,36.249507],[-89.691308,36.252079],[-89.6937894191635,36.2525131061791],[-89.695235,36.252766],[-89.698568,36.250591],[-89.699817,36.248384],[-89.703511,36.243412],[-89.705328,36.239898]]]}},{"type":"Feature","properties":{"code":"US-47097","name":"Lauderdale","label":"Lauderdale County","type":"County","parentCode":"US-TN"},"geometry":{"type":"Polygon","coordinates":[[[-89.958623,35.726018],[-89.9578419578286,35.7193902332661],[-89.956933,35.711677],[-89.956589,35.695486],[-89.955946,35.690756],[-89.946135,35.678517],[-89.939267,35.670943],[-89.930209,35.661352],[-89.919285,35.655297],[-89.906635,35.651435],[-89.896869,35.651215],[-89.887266,35.653591],[-89.877322,35.666069],[-89.865137,35.670437],[-89.857942,35.668312],[-89.852153,35.660268],[-89.850767,35.650319],[-89.855125,35.636223],[-89.864558,35.630546],[-89.873406,35.627618],[-89.887718,35.618066],[-89.893669,35.615336],[-89.903467,35.615796],[-89.911275,35.617594],[-89.9325,35.607865],[-89.946419,35.601127],[-89.957158,35.589421],[-89.957198,35.583007],[-89.947262,35.564335],[-89.939888,35.555668],[-89.929585,35.55173],[-89.913818,35.549481],[-89.910051,35.545379],[-89.909909,35.537938],[-89.9098135698954,35.5378411382555],[-89.898302,35.544646],[-89.881262,35.577438],[-89.884497,35.584976],[-89.862249,35.585114],[-89.837763,35.601363],[-89.823484,35.603764],[-89.826486,35.614379],[-89.804497,35.622518],[-89.790692,35.637283],[-89.769518,35.638585],[-89.757773,35.650423],[-89.728793,35.647079],[-89.727414,35.63655],[-89.706053,35.639674],[-89.671629,35.638757],[-89.66654,35.631269],[-89.647663,35.647063],[-89.631001,35.645051],[-89.623015,35.652344],[-89.609566,35.637087],[-89.602153,35.623777],[-89.559059,35.610666],[-89.545844,35.609783],[-89.502118,35.580621],[-89.469993,35.595226],[-89.466861,35.667726],[-89.452712,35.682545],[-89.427469,35.747378],[-89.440123,35.747919],[-89.431327,35.78264],[-89.425477,35.786878],[-89.401805,35.822657],[-89.356033,35.817635],[-89.359268,35.838629],[-89.339556,35.862383],[-89.344632,35.875321],[-89.342829,35.880934],[-89.353849,35.902457],[-89.384072,35.920672],[-89.398186,35.941369],[-89.406965,35.946599],[-89.490925,35.947723],[-89.490639,35.933223],[-89.515183,35.928164],[-89.558335,35.937137],[-89.578089,35.925089],[-89.637309,35.923175],[-89.6423394880732,35.9060661639323],[-89.641572,35.900263],[-89.645617,35.885833],[-89.657917,35.876743],[-89.665939,35.874451],[-89.676378,35.876698],[-89.719416,35.908311],[-89.727787,35.911243],[-89.744547,35.910699],[-89.768303,35.889355],[-89.773617,35.875705],[-89.772904,35.865632],[-89.762693,35.857413],[-89.729517,35.847632],[-89.695531,35.835673],[-89.693569,35.829107],[-89.695987,35.821298],[-89.720117,35.805933],[-89.729713,35.802116],[-89.735734,35.80426],[-89.762802,35.810966],[-89.777906,35.806283],[-89.794652,35.794219],[-89.799565,35.788331],[-89.798006,35.777638],[-89.79895,35.759356],[-89.800728,35.757152],[-89.816857,35.748692],[-89.831817,35.743503],[-89.842887,35.742723],[-89.850349,35.746489],[-89.852753,35.755453],[-89.863064,35.757134],[-89.874067,35.755286],[-89.890254,35.75079],[-89.898306,35.752516],[-89.904886,35.757927],[-89.909111,35.758963],[-89.9108766859732,35.7578730108017],[-89.920452,35.751962],[-89.93792,35.744172],[-89.939974,35.739429],[-89.955011,35.730122],[-89.958623,35.726018]]]}},{"type":"Feature","properties":{"code":"US-47099","name":"Lawrence","label":"Lawrence County","type":"County","parentCode":"US-TN"},"geometry":{"type":"Polygon","coordinates":[[[-87.611925,35.019006],[-87.606178379167,35.0036420906069],[-87.5774876474615,35.0035052190532],[-87.4929179481542,35.0031017721749],[-87.4370737168059,35.0028353625626],[-87.428613,35.002795],[-87.4245661499548,35.0027286018946],[-87.421543,35.002679],[-87.4174,35.002669],[-87.391314,35.002374],[-87.381071,35.002118],[-87.359281,35.001823],[-87.3592674303837,35.0018227821826],[-87.3493239330524,35.00166317071],[-87.349251,35.001662],[-87.299185,35.000915],[-87.270014,35.00039],[-87.230544,34.999484],[-87.224053220297,34.9993266591169],[-87.224877,35.046503],[-87.218027,35.095254],[-87.211254,35.103938],[-87.214429,35.104295],[-87.213984,35.12331],[-87.200121,35.133027],[-87.20842,35.136526],[-87.198677,35.151672],[-87.214912,35.165516],[-87.22156,35.173321],[-87.209499,35.209142],[-87.219586,35.21867],[-87.213842,35.22157],[-87.219067,35.227549],[-87.216013,35.268465],[-87.2153,35.286625],[-87.232442,35.28767],[-87.215082,35.295769],[-87.214207,35.337342],[-87.214325,35.363908],[-87.214994,35.381302],[-87.206578,35.433207],[-87.226311,35.440509],[-87.227932,35.429332],[-87.279531,35.439252],[-87.294534,35.444676],[-87.326948,35.447699],[-87.325796,35.456415],[-87.448485,35.457844],[-87.44882,35.420622],[-87.509612,35.414679],[-87.516794,35.398188],[-87.575352,35.398454],[-87.578686,35.244649],[-87.578758,35.221863],[-87.578943,35.186953],[-87.572654,35.190451],[-87.583407,35.143109],[-87.588833,35.058431],[-87.57275,35.049051],[-87.578649,35.03487],[-87.605733,35.035865],[-87.611925,35.019006]]]}},{"type":"Feature","properties":{"code":"US-47101","name":"Lewis","label":"Lewis County","type":"County","parentCode":"US-TN"},"geometry":{"type":"Polygon","coordinates":[[[-87.716609,35.491818],[-87.717559,35.483347],[-87.685809,35.472811],[-87.645896,35.472745],[-87.646485,35.442071],[-87.607276,35.436176],[-87.597164,35.411723],[-87.57525,35.403907],[-87.575352,35.398454],[-87.516794,35.398188],[-87.509612,35.414679],[-87.44882,35.420622],[-87.448485,35.457844],[-87.325796,35.456415],[-87.326948,35.447699],[-87.294534,35.444676],[-87.274764,35.483405],[-87.283376,35.496856],[-87.269432,35.505851],[-87.282393,35.50486],[-87.285953,35.542156],[-87.303984,35.548789],[-87.314884,35.567597],[-87.352305,35.584621],[-87.352894,35.617898],[-87.332768,35.634672],[-87.339232,35.65911],[-87.357379,35.659514],[-87.418709,35.62487],[-87.458129,35.615605],[-87.50779,35.628383],[-87.526441,35.626554],[-87.549164,35.630228],[-87.568831,35.652296],[-87.586676,35.653117],[-87.623391,35.632744],[-87.618123,35.619428],[-87.658189,35.609349],[-87.64853,35.590012],[-87.651755,35.564864],[-87.685834,35.548065],[-87.690651,35.505329],[-87.711014,35.505289],[-87.716609,35.491818]]]}},{"type":"Feature","properties":{"code":"US-47103","name":"Lincoln","label":"Lincoln County","type":"County","parentCode":"US-TN"},"geometry":{"type":"Polygon","coordinates":[[[-86.833678,35.082324],[-86.836306,34.991764],[-86.820657,34.991764],[-86.783648,34.991925],[-86.7836280170906,34.9919250273269],[-86.6776727086777,34.9920699224502],[-86.677616,34.99207],[-86.676726,34.99207],[-86.67436,34.992001],[-86.670853,34.992],[-86.65961,34.991792],[-86.6413928487564,34.9917405111499],[-86.641212,34.99174],[-86.600039,34.99124],[-86.588962,34.991197],[-86.5713080004837,34.9910119538512],[-86.571217,34.991011],[-86.555864,34.990971],[-86.5557676701894,34.9909699655954],[-86.528485,34.990677],[-86.5227079907133,34.9906784279028],[-86.4732990364922,34.9906906403093],[-86.467798,34.990692],[-86.433927,34.991085],[-86.397203,34.99166],[-86.3187611440952,34.9911469680432],[-86.318168,35.126986],[-86.344768,35.129514],[-86.349057,35.14552],[-86.366203,35.124382],[-86.370547,35.144251],[-86.368491,35.171582],[-86.392192,35.235381],[-86.41652,35.232313],[-86.410992,35.25948],[-86.426101,35.259489],[-86.46126,35.292767],[-86.531014,35.318275],[-86.539485,35.335435],[-86.525306,35.354718],[-86.582709,35.370814],[-86.599478,35.36495],[-86.602613,35.327013],[-86.654997,35.314977],[-86.697998,35.295277],[-86.730666,35.269557],[-86.746899,35.252878],[-86.828301,35.263677],[-86.831591,35.150907],[-86.833678,35.082324]]]}},{"type":"Feature","properties":{"code":"US-47105","name":"Loudon","label":"Loudon County","type":"County","parentCode":"US-TN"},"geometry":{"type":"Polygon","coordinates":[[[-84.584472,35.644424],[-84.584296,35.633086],[-84.557872,35.629651],[-84.547603,35.641327],[-84.52585,35.624186],[-84.504727,35.619671],[-84.522162,35.651394],[-84.504595,35.651034],[-84.504274,35.665866],[-84.495592,35.655445],[-84.45724,35.659081],[-84.457249,35.665763],[-84.423549,35.671735],[-84.424785,35.661078],[-84.410509,35.666698],[-84.398074,35.640208],[-84.36227,35.647189],[-84.355212,35.665162],[-84.317628,35.672107],[-84.317513,35.66017],[-84.290867,35.650327],[-84.297522,35.643152],[-84.282185,35.641346],[-84.281835,35.635572],[-84.2476,35.633782],[-84.253584,35.618327],[-84.195961,35.617935],[-84.188319,35.610549],[-84.151652,35.627498],[-84.134468,35.647399],[-84.133146,35.660982],[-84.160753,35.683302],[-84.161115,35.692541],[-84.172812,35.712756],[-84.159497,35.762567],[-84.179499,35.768449],[-84.172745,35.804419],[-84.166267,35.805106],[-84.168202,35.809477],[-84.180645,35.821007],[-84.195195,35.834542],[-84.195349,35.834689],[-84.224015,35.861045],[-84.240753,35.876654],[-84.250743,35.885963],[-84.263383,35.89694],[-84.285811,35.894283],[-84.283256,35.874952],[-84.330159,35.892115],[-84.338222,35.877217],[-84.342791,35.83189],[-84.375568,35.822429],[-84.388333,35.768683],[-84.416415,35.776451],[-84.431359,35.748888],[-84.43857,35.749192],[-84.44733,35.759083],[-84.494488,35.716362],[-84.510472,35.716448],[-84.531909,35.683997],[-84.521936,35.676597],[-84.553352,35.658825],[-84.575602,35.658889],[-84.584472,35.644424]]]}},{"type":"Feature","properties":{"code":"US-47107","name":"McMinn","label":"McMinn County","type":"County","parentCode":"US-TN"},"geometry":{"type":"Polygon","coordinates":[[[-84.860164,35.350074],[-84.851095,35.346489],[-84.824855,35.325693],[-84.805936,35.327766],[-84.798645,35.316068],[-84.782567,35.313536],[-84.74994,35.287373],[-84.72314,35.285471],[-84.74994,35.275886],[-84.744441,35.264223],[-84.730394,35.254713],[-84.716138,35.261773],[-84.697838,35.253173],[-84.703607,35.241043],[-84.676569,35.253712],[-84.667398,35.268041],[-84.605805,35.26756],[-84.51613,35.266772],[-84.495529,35.285472],[-84.45344,35.319027],[-84.401025,35.330374],[-84.406867,35.354597],[-84.40921,35.358711],[-84.409232,35.397657],[-84.426326,35.401874],[-84.4406,35.453383],[-84.452227,35.455274],[-84.443216,35.462648],[-84.471124,35.516665],[-84.471681,35.517684],[-84.499741,35.57108],[-84.504786,35.586154],[-84.522615,35.591247],[-84.522511,35.622269],[-84.52585,35.624186],[-84.547603,35.641327],[-84.557872,35.629651],[-84.584296,35.633086],[-84.584472,35.644424],[-84.619865,35.644651],[-84.629744,35.640016],[-84.666959,35.592594],[-84.689814,35.577603],[-84.690717,35.567521],[-84.724634,35.521551],[-84.761443,35.493972],[-84.775826,35.467258],[-84.799643,35.456679],[-84.800376,35.451708],[-84.801943,35.43777],[-84.814543,35.43697],[-84.860164,35.350074]]]}},{"type":"Feature","properties":{"code":"US-47109","name":"McNairy","label":"McNairy County","type":"County","parentCode":"US-TN"},"geometry":{"type":"Polygon","coordinates":[[[-88.786703,35.105419],[-88.786799,35.062521],[-88.786612,34.995252],[-88.6058652359321,34.9956976824245],[-88.5284971515357,34.9958884553859],[-88.5142131311916,34.9959236766904],[-88.478834,34.9960109139754],[-88.469877,34.996033],[-88.469801,34.996052],[-88.380508,34.99561],[-88.37374,35.140608],[-88.371918,35.186039],[-88.367243,35.290985],[-88.374404,35.304102],[-88.365568,35.315715],[-88.362572,35.380994],[-88.370629,35.374818],[-88.383473,35.38094],[-88.528142,35.384686],[-88.566735,35.382275],[-88.561199,35.369734],[-88.571763,35.382084],[-88.590897,35.376984],[-88.640934,35.361017],[-88.663119,35.340258],[-88.665364,35.319193],[-88.689275,35.310222],[-88.705899,35.266252],[-88.719761,35.24755],[-88.781768,35.247587],[-88.784725,35.174901],[-88.786703,35.105419]]]}},{"type":"Feature","properties":{"code":"US-47111","name":"Macon","label":"Macon County","type":"County","parentCode":"US-TN"},"geometry":{"type":"Polygon","coordinates":[[[-86.225028,36.488556],[-86.228434,36.487472],[-86.190066,36.482725],[-86.168261,36.444293],[-86.122976,36.440234],[-85.978893,36.426073],[-85.956079,36.423499],[-85.947281,36.420861],[-85.895732,36.420446],[-85.828026,36.411836],[-85.813885,36.499473],[-85.796462,36.613541],[-85.7886129951215,36.6218452013294],[-85.788645,36.621846],[-85.80149,36.622418],[-85.832172,36.622046],[-85.873857,36.623642],[-85.9207280166585,36.6260795932796],[-85.959981,36.628121],[-85.9758456222591,36.6286105237137],[-86.03277,36.630367],[-86.033139,36.630413],[-86.038366,36.630804],[-86.080666,36.63394],[-86.081944,36.633848],[-86.12811632196,36.6360502187826],[-86.1650459242246,36.6378116000666],[-86.197573,36.639363],[-86.204859,36.639741],[-86.2054686100012,36.6397833130926],[-86.221051,36.550192],[-86.225104,36.528776],[-86.215709,36.515422],[-86.225028,36.488556]]]}},{"type":"Feature","properties":{"code":"US-47113","name":"Madison","label":"Madison County","type":"County","parentCode":"US-TN"},"geometry":{"type":"Polygon","coordinates":[[[-89.078847,35.432067],[-89.078876,35.431428],[-89.076807,35.431396],[-88.841607,35.427826],[-88.815798,35.427451],[-88.792573,35.437797],[-88.676753,35.488772],[-88.634974,35.535333],[-88.614204,35.569161],[-88.613701,35.586009],[-88.613611,35.588089],[-88.603575,35.626084],[-88.610736,35.646424],[-88.606862,35.789354],[-88.706811,35.791075],[-88.789107,35.793289],[-88.830115,35.794569],[-88.911121,35.797343],[-88.916181,35.797307],[-88.912111,35.790584],[-88.894263,35.784875],[-88.895871,35.781254],[-88.984247,35.703433],[-89.019093,35.672794],[-89.059911,35.679393],[-89.069544,35.692679],[-89.077391,35.46506],[-89.078847,35.432067]]]}},{"type":"Feature","properties":{"code":"US-47115","name":"Marion","label":"Marion County","type":"County","parentCode":"US-TN"},"geometry":{"type":"Polygon","coordinates":[[[-85.873025,35.223362],[-85.863327,35.22028],[-85.8639354755464,34.9883790198068],[-85.8609202846465,34.9883606930947],[-85.828724,34.988165],[-85.824411,34.988142],[-85.748942822758,34.9869496326776],[-85.7008436226794,34.9861896843589],[-85.611494932012,34.9847780104197],[-85.605165,34.984678],[-85.5142012711736,34.9835571485758],[-85.4741053158651,34.9830630878201],[-85.427779,35.006673],[-85.408712,35.041195],[-85.382255,35.04473],[-85.361959,35.087773],[-85.391819,35.120448],[-85.385791,35.137095],[-85.387089,35.147169],[-85.39486,35.167329],[-85.392303,35.203807],[-85.403816,35.223952],[-85.443026,35.26185],[-85.459139,35.266806],[-85.492282,35.273954],[-85.494021,35.278476],[-85.556757,35.308294],[-85.558551,35.319292],[-85.645353,35.301997],[-85.655553,35.305536],[-85.690415,35.286075],[-85.70789,35.290609],[-85.693581,35.239257],[-85.743067,35.215516],[-85.773489,35.218736],[-85.813986,35.237854],[-85.845123,35.24111],[-85.873025,35.223362]]]}},{"type":"Feature","properties":{"code":"US-47117","name":"Marshall","label":"Marshall County","type":"County","parentCode":"US-TN"},"geometry":{"type":"Polygon","coordinates":[[[-86.955004,35.451474],[-86.960804,35.417021],[-86.922802,35.406775],[-86.924829,35.373963],[-86.917831,35.363663],[-86.920107,35.35218],[-86.902303,35.337476],[-86.910636,35.318151],[-86.864102,35.304877],[-86.84249,35.319206],[-86.8285,35.293376],[-86.828301,35.263677],[-86.746899,35.252878],[-86.730666,35.269557],[-86.697998,35.295277],[-86.654997,35.314977],[-86.602613,35.327013],[-86.599478,35.36495],[-86.61822,35.366795],[-86.649133,35.419139],[-86.665555,35.456207],[-86.664164,35.491771],[-86.653193,35.57412],[-86.635207,35.577415],[-86.663707,35.581296],[-86.660983,35.588359],[-86.652207,35.587179],[-86.644056,35.640292],[-86.639275,35.677336],[-86.639436,35.6859],[-86.682628,35.704097],[-86.686193,35.710051],[-86.746606,35.707889],[-86.751651,35.696447],[-86.782016,35.706595],[-86.796935,35.691479],[-86.811864,35.696412],[-86.816961,35.658251],[-86.821716,35.624413],[-86.823127,35.614026],[-86.82843,35.596246],[-86.839846,35.591527],[-86.827394,35.58211],[-86.840489,35.567286],[-86.849573,35.525515],[-86.87128,35.502486],[-86.870568,35.520796],[-86.875589,35.521251],[-86.878332,35.505892],[-86.895502,35.481073],[-86.955004,35.451474]]]}},{"type":"Feature","properties":{"code":"US-47119","name":"Maury","label":"Maury County","type":"County","parentCode":"US-TN"},"geometry":{"type":"Polygon","coordinates":[[[-87.352894,35.617898],[-87.352305,35.584621],[-87.314884,35.567597],[-87.303984,35.548789],[-87.285953,35.542156],[-87.282393,35.50486],[-87.269432,35.505851],[-87.283376,35.496856],[-87.274764,35.483405],[-87.294534,35.444676],[-87.279531,35.439252],[-87.227932,35.429332],[-87.226311,35.440509],[-87.206578,35.433207],[-87.160192,35.435377],[-87.129112,35.456019],[-87.094477,35.441967],[-87.058964,35.431265],[-87.032728,35.431709],[-87.017499,35.415816],[-86.990705,35.408175],[-86.987005,35.417975],[-86.960804,35.417021],[-86.955004,35.451474],[-86.895502,35.481073],[-86.878332,35.505892],[-86.875589,35.521251],[-86.870568,35.520796],[-86.87128,35.502486],[-86.849573,35.525515],[-86.840489,35.567286],[-86.827394,35.58211],[-86.839846,35.591527],[-86.82843,35.596246],[-86.823127,35.614026],[-86.821716,35.624413],[-86.816961,35.658251],[-86.811864,35.696412],[-86.796935,35.691479],[-86.782016,35.706595],[-86.797898,35.707988],[-86.811891,35.720455],[-86.845491,35.725166],[-86.873047,35.739204],[-86.879403,35.740787],[-86.913083,35.752518],[-86.92162,35.755236],[-86.925189,35.756173],[-86.938747,35.7622],[-86.929027,35.778129],[-86.929251,35.77816],[-86.962471,35.782883],[-86.96951,35.771676],[-87.054072,35.799275],[-87.215099,35.850651],[-87.234143,35.724691],[-87.265391,35.719016],[-87.250501,35.707157],[-87.265994,35.695765],[-87.298037,35.68948],[-87.325284,35.657768],[-87.339232,35.65911],[-87.332768,35.634672],[-87.352894,35.617898]]]}},{"type":"Feature","properties":{"code":"US-47121","name":"Meigs","label":"Meigs County","type":"County","parentCode":"US-TN"},"geometry":{"type":"Polygon","coordinates":[[[-85.02302,35.408188],[-85.030369,35.379122],[-85.000522,35.380359],[-84.97985,35.36277],[-84.958722,35.301705],[-84.946339,35.287717],[-84.927446,35.288869],[-84.884046,35.329172],[-84.877546,35.357871],[-84.860164,35.350074],[-84.814543,35.43697],[-84.801943,35.43777],[-84.800376,35.451708],[-84.799643,35.456679],[-84.775826,35.467258],[-84.761443,35.493972],[-84.724634,35.521551],[-84.690717,35.567521],[-84.689814,35.577603],[-84.666959,35.592594],[-84.629744,35.640016],[-84.619865,35.644651],[-84.628061,35.690117],[-84.619031,35.70788],[-84.636388,35.720384],[-84.672223,35.702943],[-84.67654,35.717501],[-84.69873,35.717869],[-84.698416,35.741814],[-84.721557,35.752235],[-84.723853,35.752896],[-84.711872,35.725029],[-84.721082,35.691725],[-84.75162,35.680516],[-84.753598,35.698914],[-84.766321,35.700056],[-84.781804,35.673908],[-84.779965,35.66143],[-84.786305,35.632767],[-84.777791,35.613241],[-84.782366,35.594799],[-84.80989,35.582465],[-84.811143,35.573488],[-84.798815,35.563504],[-84.797209,35.549911],[-84.815513,35.54539],[-84.866967,35.554066],[-84.880439,35.539201],[-84.858149,35.500072],[-84.895348,35.48297],[-84.906509,35.448765],[-84.93879,35.437909],[-84.965725,35.459302],[-84.980056,35.470075],[-84.980051,35.43927],[-84.992255,35.427511],[-85.00729,35.414876],[-85.016661,35.409101],[-85.02302,35.408188]]]}},{"type":"Feature","properties":{"code":"US-47123","name":"Monroe","label":"Monroe County","type":"County","parentCode":"US-TN"},"geometry":{"type":"Polygon","coordinates":[[[-84.52585,35.624186],[-84.522511,35.622269],[-84.522615,35.591247],[-84.504786,35.586154],[-84.499741,35.57108],[-84.471681,35.517684],[-84.471124,35.516665],[-84.443216,35.462648],[-84.452227,35.455274],[-84.4406,35.453383],[-84.426326,35.401874],[-84.409232,35.397657],[-84.40921,35.358711],[-84.406867,35.354597],[-84.401025,35.330374],[-84.45344,35.319027],[-84.495529,35.285472],[-84.356923,35.233676],[-84.344822,35.220376],[-84.348223,35.205725],[-84.342451,35.207445],[-84.325722,35.219377],[-84.292319677455,35.2066890084035],[-84.29024,35.225572],[-84.289621,35.224677],[-84.287982,35.224468],[-84.28322,35.226577],[-84.28252,35.227877],[-84.27542,35.234777],[-84.260319,35.241877],[-84.257719,35.246177],[-84.252819,35.249477],[-84.243019,35.253178],[-84.240219,35.255178],[-84.231818,35.264778],[-84.227818,35.267878],[-84.223718,35.269078],[-84.216318,35.267978],[-84.211818,35.266078],[-84.205517,35.259679],[-84.205317,35.258279],[-84.202879,35.255772],[-84.201717,35.247779],[-84.200117,35.244679],[-84.199117,35.243679],[-84.192217,35.243079],[-84.188417,35.239979],[-84.178516,35.240679],[-84.177016,35.242379],[-84.170416,35.245779],[-84.168616,35.24578],[-84.161316,35.24348],[-84.160416,35.24388],[-84.158916,35.24588],[-84.155316,35.24648],[-84.143124,35.246879],[-84.139715,35.24618],[-84.136415,35.24478],[-84.133299,35.243679],[-84.13057,35.243364],[-84.12889,35.243679],[-84.127315,35.244414],[-84.126815,35.246481],[-84.125615,35.249381],[-84.124915,35.24983],[-84.12115,35.250644],[-84.115279,35.250438],[-84.115048,35.249765],[-84.114414,35.249081],[-84.113314,35.248981],[-84.108449,35.25033],[-84.103135,35.248781],[-84.10227,35.248115],[-84.097508,35.247382],[-84.092213,35.249981],[-84.082913,35.257082],[-84.082813,35.258882],[-84.081117,35.261146],[-84.074713,35.263182],[-84.070612,35.263782],[-84.063712,35.266682],[-84.055712,35.268182],[-84.052612,35.269982],[-84.042711,35.278383],[-84.036011,35.288683],[-84.0290849697824,35.2921883356242],[-84.02791,35.292783],[-84.02351,35.295783],[-84.02141,35.301383],[-84.02651,35.309283],[-84.02871,35.310383],[-84.03501,35.311983],[-84.03571,35.312883],[-84.03551,35.317783],[-84.032479,35.325318],[-84.03245,35.32653],[-84.032209,35.328583],[-84.030409,35.330483],[-84.029377,35.333197],[-84.031272,35.336438],[-84.03243,35.336845],[-84.038057971844,35.3483160634754],[-84.038081,35.348363],[-84.037494,35.34985],[-84.035343,35.350833],[-84.024756,35.353896],[-84.023456,35.354217],[-84.020188,35.357503],[-84.019193,35.359569],[-84.015121,35.364868],[-84.0076580287821,35.371596064165],[-84.007586,35.371661],[-84.008307,35.378883],[-84.0095061641702,35.3819208825644],[-84.009807,35.382683],[-84.011207,35.384383],[-84.010607,35.386183],[-84.008207,35.389683],[-84.008207,35.390383],[-84.014107,35.397783],[-84.015207,35.398483],[-84.018107,35.399083],[-84.018807,35.399783],[-84.021507,35.404183],[-84.021782,35.407418],[-84.020633,35.409843],[-84.017607,35.411183],[-84.014707,35.411983],[-84.011706,35.415383],[-84.005306,35.420883],[-84.00225,35.422548],[-83.999906,35.425201],[-83.999242,35.42614],[-83.998154,35.430786],[-83.996619,35.433761],[-83.992568,35.438065],[-83.983233,35.44235],[-83.978286,35.44782],[-83.973057,35.448921],[-83.973171,35.452582],[-83.971439,35.455145],[-83.969845,35.455443],[-83.966656,35.454941],[-83.965229,35.455399],[-83.9614,35.459496],[-83.961054,35.462838],[-83.961056,35.463738],[-83.9610558840119,35.4637536584001],[-83.965151,35.471117],[-83.93854,35.487773],[-83.957674,35.489674],[-83.975855,35.500685],[-83.980654,35.487908],[-84.009842,35.510955],[-83.992453,35.530721],[-83.99712,35.541075],[-83.993815,35.550001],[-84.008842,35.553338],[-84.014371,35.54626],[-84.042972,35.542175],[-84.06809,35.546393],[-84.081561,35.541231],[-84.094807,35.55332],[-84.087768,35.559875],[-84.096192,35.568851],[-84.096169,35.575487],[-84.112319,35.587456],[-84.130953,35.576313],[-84.14891,35.591265],[-84.170868,35.593436],[-84.188319,35.610549],[-84.195961,35.617935],[-84.253584,35.618327],[-84.2476,35.633782],[-84.281835,35.635572],[-84.282185,35.641346],[-84.297522,35.643152],[-84.290867,35.650327],[-84.317513,35.66017],[-84.317628,35.672107],[-84.355212,35.665162],[-84.36227,35.647189],[-84.398074,35.640208],[-84.410509,35.666698],[-84.424785,35.661078],[-84.423549,35.671735],[-84.457249,35.665763],[-84.45724,35.659081],[-84.495592,35.655445],[-84.504274,35.665866],[-84.504595,35.651034],[-84.522162,35.651394],[-84.504727,35.619671],[-84.52585,35.624186]]]}},{"type":"Feature","properties":{"code":"US-47125","name":"Montgomery","label":"Montgomery County","type":"County","parentCode":"US-TN"},"geometry":{"type":"Polygon","coordinates":[[[-87.64115,36.638036],[-87.626107,36.543051],[-87.602597,36.418979],[-87.592358,36.367663],[-87.586957,36.34178],[-87.513533,36.334713],[-87.43417,36.32683],[-87.327204,36.31593],[-87.305167,36.319252],[-87.305703,36.313854],[-87.289739,36.317766],[-87.286501,36.321933],[-87.280597,36.354166],[-87.263398,36.354314],[-87.253922,36.373393],[-87.205617,36.409471],[-87.1794,36.406611],[-87.171307,36.427616],[-87.149487,36.417481],[-87.150276,36.445037],[-87.12577,36.453076],[-87.120443,36.45546],[-87.127528,36.468887],[-87.113244,36.523046],[-87.116147,36.539212],[-87.117722,36.549641],[-87.141268,36.554908],[-87.150341,36.565257],[-87.133346,36.562763],[-87.114976,36.642414],[-87.1979612531896,36.6420412794849],[-87.2035604632039,36.642016131156],[-87.23053,36.641895],[-87.231037,36.641888],[-87.247655,36.641841],[-87.2483624527813,36.6418381695445],[-87.278398,36.641718],[-87.281506,36.641761],[-87.3149492444387,36.6416269600103],[-87.335979533755,36.6415426709465],[-87.344131,36.64151],[-87.347796,36.64144],[-87.3558691509244,36.6413922988241],[-87.3627626139486,36.6413515679749],[-87.3836601191704,36.6412280925708],[-87.4079059092589,36.6410848334259],[-87.4094478325022,36.6410757227884],[-87.4142959709118,36.6410470769839],[-87.414309,36.641047],[-87.425009,36.641047],[-87.4363215449599,36.6407518901315],[-87.4363256493118,36.6407517830615],[-87.436509,36.640747],[-87.4516284216772,36.6405517688531],[-87.4754637047213,36.6402439932156],[-87.4756760017987,36.6402412519069],[-87.563052,36.639113],[-87.564928,36.639113],[-87.64115,36.638036]]]}},{"type":"Feature","properties":{"code":"US-47127","name":"Moore","label":"Moore County","type":"County","parentCode":"US-TN"},"geometry":{"type":"Polygon","coordinates":[[[-86.539485,35.335435],[-86.531014,35.318275],[-86.46126,35.292767],[-86.426101,35.259489],[-86.410992,35.25948],[-86.41652,35.232313],[-86.392192,35.235381],[-86.368491,35.171582],[-86.370547,35.144251],[-86.366203,35.124382],[-86.349057,35.14552],[-86.344768,35.129514],[-86.318168,35.126986],[-86.333353,35.146485],[-86.316935,35.146484],[-86.319973,35.161316],[-86.308956,35.19648],[-86.293717,35.207287],[-86.294638,35.216379],[-86.316224,35.219745],[-86.297492,35.222187],[-86.306076,35.231178],[-86.281191,35.241761],[-86.28719,35.259681],[-86.255762,35.295829],[-86.245315,35.324051],[-86.261489,35.333579],[-86.266376,35.338564],[-86.24429,35.356079],[-86.260929,35.361602],[-86.274391,35.372278],[-86.257364,35.373014],[-86.253335,35.385299],[-86.279905,35.387452],[-86.256663,35.403614],[-86.25759,35.412476],[-86.288015,35.40726],[-86.294328,35.392033],[-86.329492,35.376977],[-86.34728,35.361779],[-86.360288,35.361989],[-86.371198,35.347945],[-86.409286,35.346591],[-86.414249,35.324465],[-86.422338,35.318846],[-86.444169,35.3207],[-86.475327,35.338121],[-86.489348,35.361715],[-86.525306,35.354718],[-86.539485,35.335435]]]}},{"type":"Feature","properties":{"code":"US-47129","name":"Morgan","label":"Morgan County","type":"County","parentCode":"US-TN"},"geometry":{"type":"Polygon","coordinates":[[[-84.914155,36.20829],[-84.900779,36.173693],[-84.905173,36.159273],[-84.907753,36.156293],[-84.870888,36.136925],[-84.843876,36.09962],[-84.831893,36.084178],[-84.824312,36.094721],[-84.80546,36.090501],[-84.791936,36.059371],[-84.720727,35.994914],[-84.680633,35.908454],[-84.651598,35.928652],[-84.627157,35.934387],[-84.620887,35.932199],[-84.603013,35.954199],[-84.575412,35.949858],[-84.55499,35.950359],[-84.550433,35.966489],[-84.487147,35.985183],[-84.481805,35.983773],[-84.446054,35.985984],[-84.341812,36.048977],[-84.361128,36.069977],[-84.37903,36.095377],[-84.420432,36.108377],[-84.425491,36.123657],[-84.449034,36.139577],[-84.441034,36.163478],[-84.459136,36.181578],[-84.458336,36.186542],[-84.472036,36.197978],[-84.471037,36.203778],[-84.55244,36.233777],[-84.573299,36.22977],[-84.573041,36.266577],[-84.591841,36.276277],[-84.611042,36.270377],[-84.699555,36.36948],[-84.700785,36.370824],[-84.723261,36.37661],[-84.726938,36.353983],[-84.745486,36.351083],[-84.739671,36.337932],[-84.78668,36.324692],[-84.79568,36.297689],[-84.82224,36.299513],[-84.84294,36.286997],[-84.859158,36.292167],[-84.878553,36.280204],[-84.883816,36.239215],[-84.914155,36.20829]]]}},{"type":"Feature","properties":{"code":"US-47131","name":"Obion","label":"Obion County","type":"County","parentCode":"US-TN"},"geometry":{"type":"Polygon","coordinates":[[[-89.444587,36.235538],[-89.482971,36.212659],[-89.267423,36.207422],[-89.267259,36.207417],[-89.245684,36.207167],[-89.154464,36.204678],[-89.092369,36.203293],[-88.997935,36.202229],[-88.961232,36.201635],[-88.959839,36.222834],[-88.95977,36.223926],[-88.956614,36.27767],[-88.950205,36.409248],[-88.91181,36.405383],[-88.885917,36.392887],[-88.851449,36.409515],[-88.839128,36.414165],[-88.81642,36.410732],[-88.814016,36.470802],[-88.8273011555617,36.5028524305169],[-88.834626,36.502914],[-88.834865800811,36.5029112012574],[-88.874725,36.502446],[-88.884557,36.501704],[-88.89951,36.502218],[-88.9641660287314,36.5021911267564],[-88.964471,36.502191],[-89.000063,36.502633],[-89.006825,36.502684],[-89.010439,36.50271],[-89.034649,36.502964],[-89.058871,36.503157],[-89.072118,36.503249],[-89.090146,36.503392],[-89.117537,36.503603],[-89.119805,36.503647],[-89.120002076277,36.5036509715733],[-89.1602570254511,36.5044622081409],[-89.163224,36.504522],[-89.163429,36.504526],[-89.211409,36.50563],[-89.279091,36.506511],[-89.282298,36.506782],[-89.300284,36.507147],[-89.346053,36.50321],[-89.340158,36.47717],[-89.36005,36.456487],[-89.369237,36.434289],[-89.36012,36.409277],[-89.373495,36.388405],[-89.405062,36.35211],[-89.400588,36.331604],[-89.404284,36.313674],[-89.428987,36.259334],[-89.444587,36.235538]]]}},{"type":"Feature","properties":{"code":"US-47133","name":"Overton","label":"Overton County","type":"County","parentCode":"US-TN"},"geometry":{"type":"Polygon","coordinates":[[[-85.497587,36.375051],[-85.496431,36.344467],[-85.495124,36.302278],[-85.458729,36.303986],[-85.452888,36.26146],[-85.435652,36.262233],[-85.43585,36.247148],[-85.402196,36.232174],[-85.380335,36.227342],[-85.377304,36.224949],[-85.326706,36.217867],[-85.326902,36.200977],[-85.297553,36.191364],[-85.274077,36.181628],[-85.264839,36.186836],[-85.263077,36.176957],[-85.204156,36.152489],[-85.119583,36.144719],[-85.082497,36.196171],[-85.114858,36.281139],[-85.122245,36.304599],[-85.121757,36.328401],[-85.118899,36.399812],[-85.120445,36.407164],[-85.132763,36.405769],[-85.147937,36.456164],[-85.200582,36.501283],[-85.249954,36.523114],[-85.269219,36.540265],[-85.284878,36.531293],[-85.299,36.522286],[-85.337916,36.527845],[-85.383184,36.488784],[-85.392619,36.504484],[-85.438808,36.501102],[-85.454086,36.489703],[-85.481736,36.454309],[-85.495422,36.403074],[-85.497587,36.375051]]]}},{"type":"Feature","properties":{"code":"US-47135","name":"Perry","label":"Perry County","type":"County","parentCode":"US-TN"},"geometry":{"type":"Polygon","coordinates":[[[-88.039932,35.459294],[-88.042332,35.444617],[-88.032532,35.429837],[-88.007709,35.423381],[-88.011815,35.432826],[-87.988894,35.453666],[-87.97318,35.459968],[-87.952092,35.458121],[-87.932058,35.465701],[-87.90579,35.462456],[-87.864865,35.475976],[-87.858506,35.465413],[-87.827406,35.46988],[-87.803589,35.484954],[-87.733811,35.491691],[-87.717559,35.483347],[-87.716609,35.491818],[-87.711014,35.505289],[-87.690651,35.505329],[-87.685834,35.548065],[-87.651755,35.564864],[-87.64853,35.590012],[-87.658189,35.609349],[-87.676483,35.627054],[-87.733083,35.656931],[-87.74375,35.663952],[-87.737811,35.702342],[-87.710669,35.703616],[-87.72428,35.728996],[-87.732935,35.72626],[-87.717337,35.834782],[-87.71676,35.83875],[-87.818738,35.836769],[-87.825957,35.823921],[-87.844142,35.820724],[-87.852682,35.803799],[-87.893127,35.824858],[-87.910297,35.838336],[-87.96274,35.840921],[-87.966952,35.834755],[-87.970738,35.815705],[-87.979846,35.778914],[-87.989971,35.761732],[-88.021579,35.737641],[-88.03465,35.718012],[-88.030636,35.699424],[-88.028409,35.693815],[-88.017664,35.683178],[-88.018932,35.660224],[-88.035213,35.616679],[-88.022309,35.592855],[-87.998443,35.553089],[-87.981321,35.535289],[-87.97463,35.521025],[-87.97947,35.493778],[-87.9891,35.482679],[-88.026787,35.472051],[-88.039932,35.459294]]]}},{"type":"Feature","properties":{"code":"US-47137","name":"Pickett","label":"Pickett County","type":"County","parentCode":"US-TN"},"geometry":{"type":"Polygon","coordinates":[[[-85.284878,36.531293],[-85.269219,36.540265],[-85.249954,36.523114],[-85.200582,36.501283],[-85.147937,36.456164],[-85.132763,36.405769],[-85.120445,36.407164],[-85.102839,36.409939],[-85.088459,36.500065],[-85.064608,36.52766],[-85.047683,36.536494],[-85.052454,36.54788],[-85.043924,36.558791],[-85.012828,36.565541],[-85.010715,36.574078],[-85.008972,36.569322],[-84.999151,36.565862],[-84.943144,36.58127],[-84.899845,36.57827],[-84.862343,36.569871],[-84.81804,36.550073],[-84.784041,36.524973],[-84.731839,36.524674],[-84.7853995566039,36.6033748414415],[-84.803744,36.604265],[-84.843091,36.605127],[-84.859759,36.606428],[-84.859738,36.606495],[-84.9125839367586,36.6103067351843],[-84.943948,36.612569],[-84.9748750576222,36.6155518237457],[-84.986448,36.616668],[-85.024627,36.619354],[-85.086415,36.621913],[-85.096128,36.622483],[-85.1701387810015,36.624731423126],[-85.195372,36.625498],[-85.2038271394698,36.6256038498991],[-85.276289,36.626511],[-85.27749,36.586137],[-85.267057,36.573238],[-85.284878,36.531293]]]}},{"type":"Feature","properties":{"code":"US-47139","name":"Polk","label":"Polk County","type":"County","parentCode":"US-TN"},"geometry":{"type":"Polygon","coordinates":[[[-84.772425,35.000078],[-84.7758524571709,34.9877996152421],[-84.731022,34.988088],[-84.727434,34.98802],[-84.624933,34.987978],[-84.621483,34.988329],[-84.5682403464334,34.9881768058865],[-84.509886,34.98801],[-84.509052,34.988033],[-84.394903,34.98803],[-84.393935,34.988068],[-84.3828895619546,34.9881201112443],[-84.321869,34.988408],[-84.3174751604271,35.0219635529126],[-84.310022,35.078883],[-84.308576,35.092761],[-84.3085689929147,35.0927817692025],[-84.308437,35.093173],[-84.3048456370629,35.121413902214],[-84.304809,35.121702],[-84.298006,35.167468],[-84.2978436668293,35.1683461708446],[-84.295238,35.182442],[-84.292321,35.206677],[-84.292319677455,35.2066890084035],[-84.325722,35.219377],[-84.342451,35.207445],[-84.348223,35.205725],[-84.344822,35.220376],[-84.356923,35.233676],[-84.495529,35.285472],[-84.51613,35.266772],[-84.605805,35.26756],[-84.667398,35.268041],[-84.676569,35.253712],[-84.703607,35.241043],[-84.715908,35.231785],[-84.697033,35.228397],[-84.702138,35.219073],[-84.697937,35.200473],[-84.703959,35.163703],[-84.713686,35.146125],[-84.723455,35.128479],[-84.747421,35.086011],[-84.735303,35.08135],[-84.751328,35.051289],[-84.772425,35.000078]]]}},{"type":"Feature","properties":{"code":"US-47141","name":"Putnam","label":"Putnam County","type":"County","parentCode":"US-TN"},"geometry":{"type":"Polygon","coordinates":[[[-85.809168,36.206598],[-85.795517,36.191738],[-85.805127,36.142425],[-85.807415,36.131582],[-85.787958,36.102961],[-85.769835,36.094981],[-85.767695,36.072922],[-85.753054,36.067985],[-85.730972,36.081687],[-85.696158,36.070024],[-85.668236,36.029841],[-85.653444,36.012867],[-85.644604,36.015053],[-85.611138,36.04605],[-85.584076,36.037034],[-85.582834,36.060418],[-85.560459,36.073471],[-85.552158,36.072943],[-85.506291,36.081827],[-85.395356,36.055085],[-85.372181,36.052388],[-85.334253,36.034237],[-85.330309,36.032235],[-85.309363,36.031592],[-85.311302,35.992997],[-85.264206,35.979154],[-85.251364,36.040521],[-85.243303,36.054916],[-85.246362,36.100698],[-85.236148,36.100554],[-85.15275,36.099544],[-85.131748,36.128246],[-85.102781,36.13606],[-85.100213,36.138561],[-85.119583,36.144719],[-85.204156,36.152489],[-85.263077,36.176957],[-85.264839,36.186836],[-85.274077,36.181628],[-85.297553,36.191364],[-85.326902,36.200977],[-85.326706,36.217867],[-85.377304,36.224949],[-85.380335,36.227342],[-85.402196,36.232174],[-85.43585,36.247148],[-85.435652,36.262233],[-85.452888,36.26146],[-85.458729,36.303986],[-85.495124,36.302278],[-85.494,36.279817],[-85.508283,36.27772],[-85.512571,36.256879],[-85.523468,36.260617],[-85.526197,36.239626],[-85.555607,36.234015],[-85.56407,36.222512],[-85.575207,36.230466],[-85.613046,36.221248],[-85.613029,36.215124],[-85.635425,36.221585],[-85.724815,36.233048],[-85.743009,36.22833],[-85.779621,36.24889],[-85.780148,36.238011],[-85.786212,36.210696],[-85.809168,36.206598]]]}},{"type":"Feature","properties":{"code":"US-47143","name":"Rhea","label":"Rhea County","type":"County","parentCode":"US-TN"},"geometry":{"type":"Polygon","coordinates":[[[-85.119276,35.528984],[-85.146393,35.491299],[-85.115979,35.475679],[-85.131094,35.458004],[-85.109568,35.455311],[-85.110728,35.437238],[-85.102158,35.428442],[-85.066908,35.436476],[-85.016661,35.409101],[-85.00729,35.414876],[-84.992255,35.427511],[-84.980051,35.43927],[-84.980056,35.470075],[-84.965725,35.459302],[-84.93879,35.437909],[-84.906509,35.448765],[-84.895348,35.48297],[-84.858149,35.500072],[-84.880439,35.539201],[-84.866967,35.554066],[-84.815513,35.54539],[-84.797209,35.549911],[-84.798815,35.563504],[-84.811143,35.573488],[-84.80989,35.582465],[-84.782366,35.594799],[-84.777791,35.613241],[-84.786305,35.632767],[-84.779965,35.66143],[-84.781804,35.673908],[-84.766321,35.700056],[-84.753598,35.698914],[-84.75162,35.680516],[-84.721082,35.691725],[-84.711872,35.725029],[-84.723853,35.752896],[-84.754472,35.75439],[-84.750638,35.774371],[-84.738033,35.779291],[-84.751127,35.794963],[-84.789191,35.814677],[-84.781901,35.825],[-84.79783,35.825151],[-84.882401,35.778785],[-84.905133,35.773738],[-84.916062,35.761939],[-84.964006,35.709766],[-84.989907,35.681802],[-84.981568,35.674805],[-84.995463,35.675755],[-85.013728,35.655832],[-85.047641,35.618654],[-85.087121,35.587647],[-85.107762,35.571359],[-85.099069,35.533683],[-85.119276,35.528984]]]}},{"type":"Feature","properties":{"code":"US-47145","name":"Roane","label":"Roane County","type":"County","parentCode":"US-TN"},"geometry":{"type":"Polygon","coordinates":[[[-84.781901,35.825],[-84.789191,35.814677],[-84.751127,35.794963],[-84.738033,35.779291],[-84.750638,35.774371],[-84.754472,35.75439],[-84.723853,35.752896],[-84.721557,35.752235],[-84.698416,35.741814],[-84.69873,35.717869],[-84.67654,35.717501],[-84.672223,35.702943],[-84.636388,35.720384],[-84.619031,35.70788],[-84.628061,35.690117],[-84.619865,35.644651],[-84.584472,35.644424],[-84.575602,35.658889],[-84.553352,35.658825],[-84.521936,35.676597],[-84.531909,35.683997],[-84.510472,35.716448],[-84.494488,35.716362],[-84.44733,35.759083],[-84.43857,35.749192],[-84.431359,35.748888],[-84.416415,35.776451],[-84.388333,35.768683],[-84.375568,35.822429],[-84.342791,35.83189],[-84.338222,35.877217],[-84.330159,35.892115],[-84.283256,35.874952],[-84.285811,35.894283],[-84.263383,35.89694],[-84.271587,35.910165],[-84.309809,35.973623],[-84.320159,35.991862],[-84.324511,36.003288],[-84.325739,36.006506],[-84.340181,36.044928],[-84.341812,36.048977],[-84.446054,35.985984],[-84.481805,35.983773],[-84.487147,35.985183],[-84.550433,35.966489],[-84.55499,35.950359],[-84.575412,35.949858],[-84.603013,35.954199],[-84.620887,35.932199],[-84.627157,35.934387],[-84.651598,35.928652],[-84.680633,35.908454],[-84.706181,35.896066],[-84.729634,35.858382],[-84.781901,35.825]]]}},{"type":"Feature","properties":{"code":"US-47147","name":"Robertson","label":"Robertson County","type":"County","parentCode":"US-TN"},"geometry":{"type":"Polygon","coordinates":[[[-87.150341,36.565257],[-87.141268,36.554908],[-87.117722,36.549641],[-87.116147,36.539212],[-87.113244,36.523046],[-87.127528,36.468887],[-87.120443,36.45546],[-87.09455,36.445039],[-87.063143,36.421415],[-87.027498,36.400478],[-87.005364,36.392392],[-86.992967,36.37624],[-86.983612,36.365874],[-86.986188,36.369472],[-86.937628,36.380122],[-86.935876,36.387953],[-86.913233,36.382621],[-86.898938,36.389979],[-86.86214,36.369569],[-86.852919,36.380135],[-86.854299,36.369796],[-86.823083,36.351648],[-86.787357,36.35964],[-86.791034,36.37676],[-86.772609,36.392519],[-86.76433,36.394289],[-86.754795,36.405496],[-86.748396,36.418347],[-86.690759,36.409742],[-86.694441,36.423711],[-86.688652,36.430888],[-86.675473,36.449752],[-86.662615,36.461548],[-86.652325,36.469489],[-86.645129,36.487425],[-86.640893,36.495637],[-86.637097,36.527224],[-86.636388,36.529603],[-86.633984,36.536363],[-86.606335,36.569218],[-86.602487,36.573157],[-86.59263,36.590088],[-86.564287,36.632991],[-86.5639157484191,36.6335518059594],[-86.564143,36.633472],[-86.5714468167198,36.6388624735904],[-86.589906,36.652486],[-86.605042,36.652125],[-86.606394,36.652107],[-86.713786,36.649341],[-86.75892,36.649018],[-86.7632948135703,36.6489071684793],[-86.813037,36.647647],[-86.816186,36.647722],[-86.818405,36.647639],[-86.833155,36.64721],[-86.8540255298461,36.6468877439147],[-86.854268,36.646884],[-86.906023,36.646302],[-86.906583,36.646255],[-87.011522,36.643949],[-87.0608458150142,36.6432171572868],[-87.114976,36.642414],[-87.133346,36.562763],[-87.150341,36.565257]]]}},{"type":"Feature","properties":{"code":"US-47149","name":"Rutherford","label":"Rutherford County","type":"County","parentCode":"US-TN"},"geometry":{"type":"Polygon","coordinates":[[[-86.696904,35.752334],[-86.699281,35.717837],[-86.686193,35.710051],[-86.682628,35.704097],[-86.639436,35.6859],[-86.636362,35.701982],[-86.543116,35.697617],[-86.523378,35.689855],[-86.515516,35.688396],[-86.519442,35.677751],[-86.493461,35.658074],[-86.477702,35.655404],[-86.462181,35.63785],[-86.424145,35.652976],[-86.413429,35.640023],[-86.413678,35.623177],[-86.401559,35.61894],[-86.373011,35.6311],[-86.378642,35.642823],[-86.352169,35.650237],[-86.34194,35.664259],[-86.310374,35.661587],[-86.305235,35.646375],[-86.287584,35.648252],[-86.245767,35.631929],[-86.245165,35.631913],[-86.245406,35.688899],[-86.207147,35.70379],[-86.20792,35.732286],[-86.183484,35.763443],[-86.178648,35.83267],[-86.168634,35.884362],[-86.158565,35.880778],[-86.152904,35.909125],[-86.141766,35.914374],[-86.155319,35.932559],[-86.153214,35.954399],[-86.164953,35.963522],[-86.176951,35.957508],[-86.251731,35.961141],[-86.255838,35.968322],[-86.326252,35.985008],[-86.364201,36.010172],[-86.388359,36.027193],[-86.382528,36.035251],[-86.39512,36.03103],[-86.43103,36.050066],[-86.435008,36.049888],[-86.502285,36.091754],[-86.515589,36.10061],[-86.517597,36.084081],[-86.521083,36.072395],[-86.524682,36.058631],[-86.529327,36.057156],[-86.52749,36.07402],[-86.546884,36.087817],[-86.546487,36.06652],[-86.561793,36.058282],[-86.565485,36.05085],[-86.562427,36.035323],[-86.567207,36.034496],[-86.578483,36.026803],[-86.5873,36.025604],[-86.600742,36.011876],[-86.612691,36.007523],[-86.607995,35.979772],[-86.618892,35.968224],[-86.618899,35.968141],[-86.625036,35.966706],[-86.616395,35.940263],[-86.628,35.910163],[-86.615132,35.88944],[-86.621372,35.882569],[-86.605648,35.855156],[-86.60343,35.838704],[-86.626027,35.826526],[-86.612707,35.819215],[-86.624996,35.808196],[-86.613531,35.809965],[-86.613328,35.790331],[-86.623703,35.791191],[-86.662855,35.790934],[-86.681813,35.750066],[-86.696904,35.752334]]]}},{"type":"Feature","properties":{"code":"US-47151","name":"Scott","label":"Scott County","type":"County","parentCode":"US-TN"},"geometry":{"type":"Polygon","coordinates":[[[-84.785341,36.603372],[-84.7853995566039,36.6033748414415],[-84.731839,36.524674],[-84.715139,36.498874],[-84.692648,36.435777],[-84.692534,36.435468],[-84.659115,36.395222],[-84.685913,36.388016],[-84.700785,36.370824],[-84.699555,36.36948],[-84.611042,36.270377],[-84.591841,36.276277],[-84.573041,36.266577],[-84.573299,36.22977],[-84.55244,36.233777],[-84.471037,36.203778],[-84.472036,36.197978],[-84.458336,36.186542],[-84.459136,36.181578],[-84.441034,36.163478],[-84.403633,36.174778],[-84.392433,36.201678],[-84.372731,36.216778],[-84.376133,36.260079],[-84.362333,36.271579],[-84.333921,36.277988],[-84.329927,36.284686],[-84.334233,36.389079],[-84.312086,36.384573],[-84.322211,36.392865],[-84.323469,36.395527],[-84.326959,36.39494],[-84.345535,36.42956],[-84.343674,36.440876],[-84.355746,36.456678],[-84.341329,36.465579],[-84.330434,36.50948],[-84.286533,36.50388],[-84.259593,36.513985],[-84.251132,36.53418],[-84.249231,36.564684],[-84.263733,36.56668],[-84.261333,36.591981],[-84.271176,36.591882],[-84.442837,36.596079],[-84.499938,36.596678],[-84.5209215590057,36.5964832220564],[-84.543138,36.596277],[-84.5624024129033,36.5970536901842],[-84.6051908837286,36.5987788081752],[-84.624939,36.599575],[-84.7784559169908,36.6032090178664],[-84.785341,36.603372]]]}},{"type":"Feature","properties":{"code":"US-47153","name":"Sequatchie","label":"Sequatchie County","type":"County","parentCode":"US-TN"},"geometry":{"type":"Polygon","coordinates":[[[-85.557535,35.532977],[-85.607326,35.531651],[-85.536658,35.487095],[-85.537985,35.445394],[-85.535814,35.431494],[-85.512284,35.422958],[-85.512878,35.407612],[-85.485635,35.406433],[-85.489224,35.383494],[-85.506166,35.357657],[-85.542347,35.341453],[-85.558551,35.319292],[-85.556757,35.308294],[-85.494021,35.278476],[-85.492282,35.273954],[-85.459139,35.266806],[-85.443026,35.26185],[-85.403816,35.223952],[-85.392303,35.203807],[-85.39486,35.167329],[-85.387089,35.147169],[-85.382889,35.152221],[-85.353065,35.188854],[-85.292544,35.26291],[-85.246005,35.319077],[-85.225877,35.354276],[-85.288247,35.398484],[-85.335114,35.434707],[-85.35878,35.454622],[-85.35973,35.455395],[-85.403298,35.49228],[-85.406969,35.517649],[-85.436147,35.541365],[-85.423804,35.567422],[-85.45352,35.55813],[-85.459856,35.54685],[-85.495752,35.547618],[-85.557535,35.532977]]]}},{"type":"Feature","properties":{"code":"US-47155","name":"Sevier","label":"Sevier County","type":"County","parentCode":"US-TN"},"geometry":{"type":"Polygon","coordinates":[[[-83.794275,35.887125],[-83.788115,35.882904],[-83.782892,35.8548],[-83.778602,35.853778],[-83.773792,35.853189],[-83.764022,35.830257],[-83.749895,35.808725],[-83.738535,35.811138],[-83.747317,35.798398],[-83.734186,35.772657],[-83.70525,35.71158],[-83.682161,35.709772],[-83.681704,35.698463],[-83.679138,35.688353],[-83.662814,35.690618],[-83.6630236045826,35.5691430430619],[-83.662957,35.569138],[-83.660925,35.568207],[-83.657933,35.569211],[-83.653159,35.568309],[-83.645481,35.565825],[-83.640498,35.566075],[-83.637182,35.567096],[-83.635832,35.568169],[-83.632358,35.569093],[-83.629734,35.567889],[-83.615312,35.574026],[-83.608889,35.579451],[-83.604806,35.57934],[-83.601854,35.578228],[-83.59427,35.572912],[-83.587827,35.566963],[-83.58714,35.564017],[-83.58559,35.562941],[-83.582,35.562684],[-83.576345,35.564019],[-83.572424,35.565518],[-83.56609,35.565993],[-83.559264,35.564796],[-83.552167,35.564346],[-83.540826,35.565702],[-83.534169,35.564668],[-83.520469,35.565602],[-83.517564,35.562871],[-83.498335,35.562981],[-83.491647,35.566867],[-83.485527,35.568204],[-83.480617,35.576633],[-83.478523,35.579202],[-83.479317,35.582764],[-83.479082,35.583316],[-83.475367,35.584775],[-83.472684,35.586552],[-83.472668,35.589125],[-83.471362,35.590304],[-83.462678,35.5926],[-83.455722,35.598045],[-83.452431,35.602918],[-83.447137,35.608664],[-83.445802,35.611803],[-83.441197,35.611739],[-83.432298,35.609941],[-83.421576,35.611186],[-83.420964,35.611596],[-83.42037,35.613467],[-83.411852,35.61692],[-83.406061,35.620185],[-83.403569,35.621313],[-83.396626,35.62272],[-83.392652,35.625095],[-83.388602,35.632352],[-83.388722,35.633584],[-83.380251,35.634705],[-83.377984,35.634496],[-83.376785,35.636638],[-83.373712,35.638935],[-83.372174,35.63931],[-83.370369,35.638204],[-83.368162,35.638202],[-83.366941,35.638728],[-83.358209,35.647277],[-83.356202,35.650019],[-83.355367,35.652338],[-83.355537,35.654632],[-83.353776,35.657478],[-83.35156,35.659858],[-83.349255,35.660854],[-83.347262,35.660474],[-83.337683,35.663074],[-83.334965,35.665471],[-83.321101,35.662815],[-83.317905,35.659015],[-83.312757,35.654809],[-83.31049,35.654452],[-83.302279,35.656064],[-83.297154,35.65775],[-83.293676,35.661919],[-83.291075,35.667131],[-83.290682,35.672638],[-83.289165,35.674509],[-83.281178,35.677802],[-83.27548,35.679463],[-83.271378,35.681476],[-83.269277,35.685403],[-83.26539,35.687535],[-83.261252,35.689165],[-83.258117,35.691924],[-83.25561,35.696061],[-83.255126,35.701493],[-83.256111,35.703961],[-83.255108,35.707096],[-83.25423,35.709478],[-83.254481,35.712362],[-83.255489,35.714974],[-83.255476179897,35.7150906815168],[-83.276413,35.713591],[-83.278151,35.7599],[-83.275055,35.769644],[-83.287445,35.795267],[-83.279019,35.823222],[-83.26246,35.822908],[-83.293702,35.854563],[-83.291206,35.859311],[-83.288918,35.866396],[-83.309655,35.880631],[-83.316827,35.890819],[-83.310782,35.895846],[-83.353374,35.919628],[-83.387457,35.913605],[-83.395377,35.93308],[-83.470863,35.923082],[-83.490299,35.928044],[-83.508303,35.939409],[-83.524522,35.964224],[-83.525858,35.964796],[-83.569259,35.992054],[-83.569934,35.992479],[-83.607494,36.015685],[-83.618852,36.019299],[-83.655597,36.043119],[-83.656181,36.034559],[-83.673297,36.038486],[-83.67749,36.027721],[-83.650917,35.987063],[-83.650947,35.986481],[-83.659711,35.985887],[-83.667341,35.961643],[-83.686586,35.949967],[-83.683965,35.936692],[-83.694578,35.943887],[-83.738506,35.916966],[-83.743876,35.920582],[-83.767242,35.911862],[-83.794275,35.887125]]]}},{"type":"Feature","properties":{"code":"US-47157","name":"Shelby","label":"Shelby County","type":"County","parentCode":"US-TN"},"geometry":{"type":"Polygon","coordinates":[[[-90.309712,35.008478],[-90.309297,34.995694],[-90.1374523893088,34.9951411487055],[-90.1274689125031,34.9951090302815],[-90.1269475389888,34.9951073529404],[-90.0963407558625,34.9950088860778],[-90.0607853008089,34.9948944985549],[-90.060784302204,34.9948944953422],[-90.0313767177914,34.9947998864916],[-90.0250168365057,34.9947794257475],[-90.008136877334,34.9947251202488],[-90.0025384419794,34.9947071091967],[-89.9899073593362,34.9946664730059],[-89.972195508899,34.9946094911814],[-89.9367552242117,34.9944954741798],[-89.9367527187411,34.9944954661193],[-89.9014606033329,34.9943819258016],[-89.893402,34.994356],[-89.883365,34.994261],[-89.8783097856676,34.9942511438032],[-89.848488,34.994193],[-89.8483845951183,34.9941931940018],[-89.8306894904269,34.9942263924496],[-89.8131287302322,34.9942593388487],[-89.7953564909701,34.9942926820116],[-89.795187,34.994293],[-89.759612330556,34.9948932167928],[-89.7419450298609,34.9951912999718],[-89.741785,34.995194],[-89.7243244282036,34.9952117286505],[-89.7066059367629,34.9952297191806],[-89.644282,34.995293],[-89.6440499795058,34.9952920623604],[-89.643772,35.012013],[-89.642786,35.04486],[-89.640886,35.081545],[-89.640077,35.105625],[-89.638476,35.155892],[-89.637878,35.20984],[-89.63714,35.210194],[-89.634163,35.271526],[-89.635179,35.277951],[-89.634401,35.29586],[-89.635482,35.31191],[-89.63546,35.316645],[-89.632776,35.375824],[-89.644985,35.371211],[-89.642796,35.387983],[-89.702893,35.389059],[-89.70928,35.409483],[-89.737341,35.401398],[-89.751089,35.402708],[-89.776736,35.405173],[-89.778755,35.38782],[-89.81165,35.390319],[-89.828702,35.392192],[-89.849825,35.39121],[-89.855372,35.391],[-89.889317,35.390906],[-89.898508,35.392054],[-89.955261,35.393583],[-90.041563,35.39662],[-90.04658,35.399001],[-90.049340177528,35.3953109294014],[-90.051258,35.392747],[-90.0538286717081,35.3930804317931],[-90.054322,35.389277],[-90.061788,35.386184],[-90.0667,35.385167],[-90.074992,35.384152],[-90.077971,35.384501],[-90.080873,35.386005],[-90.081897715975,35.3854531186829],[-90.078279,35.378734],[-90.0798,35.372486],[-90.093384,35.354088],[-90.102915,35.326202],[-90.108555,35.311968],[-90.109966,35.304988],[-90.12756,35.302386],[-90.140657,35.299144],[-90.14904,35.303025],[-90.158321,35.301006],[-90.16486,35.294014],[-90.168875,35.281516],[-90.166594,35.274588],[-90.153772,35.257601],[-90.14632,35.253562],[-90.1451891125195,35.2534579749278],[-90.135677,35.252583],[-90.116463,35.255868],[-90.104278,35.254087],[-90.092603,35.246775],[-90.085344,35.234593],[-90.081839,35.227763],[-90.074971,35.218715],[-90.077163,35.211033],[-90.08135,35.208806],[-90.087798,35.212185],[-90.098064,35.195137],[-90.105542,35.198321],[-90.114451,35.198923],[-90.11733,35.189256],[-90.114808,35.184348],[-90.108041,35.181339],[-90.106304,35.175481],[-90.100093,35.170209],[-90.076825,35.158679],[-90.067897,35.155285],[-90.0668225711223,35.1531373363861],[-90.0667230343856,35.1529383735399],[-90.064298,35.148091],[-90.0659840029074,35.1384702798649],[-90.06616,35.137466],[-90.0752327736565,35.1271262342202],[-90.075641,35.126661],[-90.087416,35.118892],[-90.100169,35.118071],[-90.138893,35.132251],[-90.147147,35.133054],[-90.157828,35.128998],[-90.169232,35.121883],[-90.175382,35.114177],[-90.180777,35.096482],[-90.181362,35.087424],[-90.178513,35.079811],[-90.1765254449192,35.0770004952485],[-90.17504,35.0749],[-90.181157,35.053943],[-90.191217,35.040213],[-90.206997,35.025849],[-90.214143,35.025649],[-90.231348,35.030946],[-90.242059,35.03268],[-90.252342,35.031754],[-90.260385,35.035871],[-90.265544,35.040582],[-90.292348,35.041356],[-90.296607,35.038672],[-90.299609,35.028507],[-90.305612,35.019578],[-90.305103,35.013847],[-90.309712,35.008478]]]}},{"type":"Feature","properties":{"code":"US-47159","name":"Smith","label":"Smith County","type":"County","parentCode":"US-TN"},"geometry":{"type":"Polygon","coordinates":[[[-86.126152,36.294086],[-86.136803,36.295859],[-86.115607,36.268886],[-86.123021,36.260995],[-86.090005,36.170371],[-86.066132,36.124178],[-86.059706,36.086024],[-86.056174,36.09043],[-86.028149,36.083433],[-86.012283,36.09004],[-85.986083,36.087095],[-85.959279,36.110621],[-85.948414,36.101991],[-85.93789,36.109093],[-85.911267,36.097528],[-85.910118,36.116925],[-85.896547,36.116201],[-85.894357,36.104963],[-85.864024,36.093809],[-85.83827,36.128855],[-85.828647,36.122639],[-85.807415,36.131582],[-85.805127,36.142425],[-85.795517,36.191738],[-85.809168,36.206598],[-85.786212,36.210696],[-85.780148,36.238011],[-85.791603,36.251326],[-85.803693,36.255669],[-85.821098,36.250057],[-85.846483,36.288167],[-85.828584,36.34228],[-85.835768,36.351848],[-85.828026,36.411836],[-85.895732,36.420446],[-85.947281,36.420861],[-85.956079,36.423499],[-85.978893,36.426073],[-85.971168,36.419477],[-85.982708,36.395903],[-86.036052,36.38198],[-86.0809,36.355367],[-86.095461,36.341934],[-86.126152,36.294086]]]}},{"type":"Feature","properties":{"code":"US-47161","name":"Stewart","label":"Stewart County","type":"County","parentCode":"US-TN"},"geometry":{"type":"Polygon","coordinates":[[[-88.070532,36.678118],[-88.068208,36.659747],[-88.064401,36.650854],[-88.05858,36.643315],[-88.057042,36.64054],[-88.055604,36.63571],[-88.0556537762859,36.6337653816661],[-88.055738,36.630475],[-88.045127,36.602939],[-88.041196,36.584123],[-88.039625,36.572783],[-88.035625,36.561736],[-88.033802,36.551733],[-88.032489,36.540662],[-88.034132,36.53112],[-88.035854,36.525912],[-88.03727,36.523783],[-88.03783,36.521015],[-88.037329,36.51783],[-88.037822,36.51385],[-88.039481,36.510408],[-88.045304,36.504081],[-88.050466,36.500053],[-88.053205,36.497129],[-88.0532916180151,36.4971306477427],[-88.052243,36.469061],[-88.061456,36.444093],[-88.037497,36.422112],[-87.99092,36.360133],[-87.98074,36.353307],[-87.944984,36.354128],[-87.892839,36.334712],[-87.846309,36.328947],[-87.784438,36.334124],[-87.733924,36.353944],[-87.715494,36.36824],[-87.646244,36.367928],[-87.592358,36.367663],[-87.602597,36.418979],[-87.626107,36.543051],[-87.64115,36.638036],[-87.694191328389,36.6370710817038],[-87.744768,36.636151],[-87.7967639070715,36.6347585093683],[-87.8018430728621,36.6346224853776],[-87.853204,36.633247],[-87.849567,36.663701],[-87.872062,36.665089],[-87.9119412773028,36.6684955630422],[-87.9123130699728,36.6685273222729],[-88.011792,36.677025],[-88.044772,36.677983],[-88.070532,36.678118]]]}},{"type":"Feature","properties":{"code":"US-47163","name":"Sullivan","label":"Sullivan County","type":"County","parentCode":"US-TN"},"geometry":{"type":"Polygon","coordinates":[[[-82.702279,36.455799],[-82.680677,36.4318],[-82.662877,36.4425],[-82.627921,36.433117],[-82.601474,36.4232],[-82.570178,36.427566],[-82.523281,36.434278],[-82.441662,36.445204],[-82.438355,36.445639],[-82.437266,36.437603],[-82.420713,36.446966],[-82.408571,36.426284],[-82.374535,36.420098],[-82.386163,36.392104],[-82.370547,36.40224],[-82.366262,36.402904],[-82.348298,36.401381],[-82.346099,36.397165],[-82.299859,36.396505],[-82.288615,36.39517],[-82.262316,36.413033],[-82.241995,36.421977],[-82.201354,36.401107],[-82.185355,36.402321],[-82.164652,36.416209],[-82.138575,36.430926],[-82.099049,36.45901],[-82.075348,36.458612],[-82.039946,36.485612],[-82.027791,36.487453],[-81.9979,36.49271],[-81.986944,36.510614],[-81.983843,36.508314],[-81.964945,36.531517],[-81.931743,36.552214],[-81.928044,36.567914],[-81.875067,36.588258],[-81.871443,36.602015],[-81.826742,36.614215],[-81.8693876360908,36.6151034692802],[-81.922644,36.616213],[-81.934144,36.594213],[-82.0537298775231,36.5944946409847],[-82.1022994618737,36.594609028953],[-82.1455730331036,36.594710944091],[-82.148569,36.594718],[-82.150727,36.594673],[-82.1512694710039,36.5946714604134],[-82.173982,36.594607],[-82.177247,36.594768],[-82.1800833242883,36.5948979203796],[-82.1800850352466,36.5948979987516],[-82.18074,36.594928],[-82.1808198838466,36.5949305868721],[-82.188491,36.595179],[-82.1897574570275,36.595213127466],[-82.2089950157338,36.5957315257353],[-82.210497,36.595772],[-82.211005,36.59586],[-82.221713,36.595814],[-82.223445,36.595721],[-82.225716,36.595744],[-82.226653,36.595743],[-82.2350650373334,36.5957383360801],[-82.2426815243427,36.5957341132403],[-82.24409004842,36.5957333323066],[-82.2941391924011,36.595705583357],[-82.296995,36.595704],[-82.3869092861722,36.5950556892547],[-82.466613,36.594481],[-82.478668,36.595588],[-82.487238,36.595822],[-82.4938325003088,36.5957289673513],[-82.5172711030511,36.5953983046485],[-82.5455829729465,36.5949988917858],[-82.554294,36.594876],[-82.559774,36.5948],[-82.561074,36.5948],[-82.5721345801877,36.5946388119681],[-82.609176,36.594099],[-82.601479,36.579976],[-82.616576,36.579199],[-82.61495,36.554195],[-82.611985,36.545532],[-82.610779,36.527936],[-82.610175,36.5193],[-82.627676,36.513599],[-82.626776,36.4954],[-82.702279,36.455799]]]}},{"type":"Feature","properties":{"code":"US-47165","name":"Sumner","label":"Sumner County","type":"County","parentCode":"US-TN"},"geometry":{"type":"Polygon","coordinates":[[[-86.748396,36.418347],[-86.754795,36.405496],[-86.745693,36.403097],[-86.727529,36.372316],[-86.717827,36.338987],[-86.709697,36.333606],[-86.699304,36.327723],[-86.687387,36.3182],[-86.672753,36.312213],[-86.666556,36.303489],[-86.668568,36.3008],[-86.642269,36.289385],[-86.642668,36.279446],[-86.641218,36.259633],[-86.637382,36.253562],[-86.622827,36.248754],[-86.613384,36.244085],[-86.594359,36.245376],[-86.594395,36.245853],[-86.579554,36.25649],[-86.574376,36.2602],[-86.567098,36.271308],[-86.559794,36.287451],[-86.565795,36.30532],[-86.546578,36.321255],[-86.537826,36.290727],[-86.52453,36.278059],[-86.516994,36.285151],[-86.512146,36.300482],[-86.483229,36.316811],[-86.474093,36.32145],[-86.451721,36.335629],[-86.437184,36.339656],[-86.41884,36.333489],[-86.41544,36.313698],[-86.402791,36.305941],[-86.393113,36.307671],[-86.38624,36.337625],[-86.375705,36.352119],[-86.361323,36.357684],[-86.346517,36.345112],[-86.346094,36.329848],[-86.362023,36.311505],[-86.344832,36.314195],[-86.330452,36.318772],[-86.300075,36.312374],[-86.296429,36.334636],[-86.283256,36.3475],[-86.272488,36.35874],[-86.271481,36.387138],[-86.268788,36.452897],[-86.23722,36.45192],[-86.239992,36.486384],[-86.228434,36.487472],[-86.225028,36.488556],[-86.215709,36.515422],[-86.225104,36.528776],[-86.221051,36.550192],[-86.2054686100012,36.6397833130926],[-86.216183,36.640527],[-86.21641,36.640595],[-86.219081,36.640824],[-86.222151,36.640891],[-86.293357,36.645356],[-86.333051,36.648778],[-86.359073,36.649845],[-86.373784,36.650126],[-86.374991,36.649803],[-86.4110524007623,36.6505889723948],[-86.4113861435174,36.6505962464493],[-86.4596729894085,36.651648677223],[-86.468497,36.651841],[-86.47219,36.651763],[-86.473413,36.651676],[-86.473497,36.651671],[-86.507771,36.652445],[-86.543777,36.640536],[-86.543388,36.64389],[-86.550054,36.644817],[-86.551292,36.637985],[-86.5639157484191,36.6335518059594],[-86.564287,36.632991],[-86.59263,36.590088],[-86.602487,36.573157],[-86.606335,36.569218],[-86.633984,36.536363],[-86.636388,36.529603],[-86.637097,36.527224],[-86.640893,36.495637],[-86.645129,36.487425],[-86.652325,36.469489],[-86.662615,36.461548],[-86.675473,36.449752],[-86.688652,36.430888],[-86.694441,36.423711],[-86.690759,36.409742],[-86.748396,36.418347]]]}},{"type":"Feature","properties":{"code":"US-47167","name":"Tipton","label":"Tipton County","type":"County","parentCode":"US-TN"},"geometry":{"type":"MultiPolygon","coordinates":[[[[-90.050564,35.409635],[-90.04658,35.399001],[-90.041563,35.39662],[-89.955261,35.393583],[-89.898508,35.392054],[-89.889317,35.390906],[-89.855372,35.391],[-89.849825,35.39121],[-89.828702,35.392192],[-89.81165,35.390319],[-89.778755,35.38782],[-89.776736,35.405173],[-89.751089,35.402708],[-89.737341,35.401398],[-89.70928,35.409483],[-89.702893,35.389059],[-89.642796,35.387983],[-89.644985,35.371211],[-89.632776,35.375824],[-89.628966,35.382599],[-89.598603,35.394564],[-89.540562,35.404771],[-89.474171,35.403039],[-89.472076,35.475238],[-89.469862,35.546566],[-89.482701,35.54664],[-89.477397,35.560751],[-89.502118,35.580621],[-89.545844,35.609783],[-89.559059,35.610666],[-89.602153,35.623777],[-89.609566,35.637087],[-89.623015,35.652344],[-89.631001,35.645051],[-89.647663,35.647063],[-89.66654,35.631269],[-89.671629,35.638757],[-89.706053,35.639674],[-89.727414,35.63655],[-89.728793,35.647079],[-89.757773,35.650423],[-89.769518,35.638585],[-89.790692,35.637283],[-89.804497,35.622518],[-89.826486,35.614379],[-89.823484,35.603764],[-89.837763,35.601363],[-89.862249,35.585114],[-89.884497,35.584976],[-89.881262,35.577438],[-89.898302,35.544646],[-89.9098135698954,35.5378411382555],[-89.90231,35.530225],[-89.904638,35.519348],[-89.911923,35.512841],[-89.926539,35.511607],[-89.9361965908948,35.5152770935277],[-89.95519,35.522495],[-89.958464,35.52607],[-89.955888,35.535044],[-89.958266,35.541411],[-89.984046,35.557794],[-89.994272,35.560973],[-90.002235,35.560651],[-90.016165,35.556808],[-90.024772,35.556161],[-90.032927,35.553461],[-90.039681,35.547723],[-90.041962,35.537468],[-90.048328,35.523726],[-90.049524,35.510356],[-90.044138,35.494622],[-90.034183,35.481915],[-90.024683,35.475754],[-90.019152,35.472578],[-90.0151730799995,35.4663520581386],[-90.006801,35.453252],[-90.002675,35.430529],[-90.017108,35.421939],[-90.046316,35.412331],[-90.050564,35.409635]]],[[[-90.179342,35.385313],[-90.178458,35.382144],[-90.165282,35.373982],[-90.141588,35.375154],[-90.137757,35.379393],[-90.144883,35.391118],[-90.145446,35.402522],[-90.138888,35.410802],[-90.129884,35.41382],[-90.112691,35.410298],[-90.10525,35.402194],[-90.097112,35.395539],[-90.083243,35.387951],[-90.081897715975,35.3854531186829],[-90.080873,35.386005],[-90.077971,35.384501],[-90.074992,35.384152],[-90.0667,35.385167],[-90.061788,35.386184],[-90.054322,35.389277],[-90.0538286717081,35.3930804317931],[-90.059492,35.393815],[-90.069528,35.408132],[-90.064918,35.416387],[-90.070616,35.423497],[-90.074098,35.43414],[-90.072831,35.444583],[-90.067239,35.460945],[-90.069036,35.467773],[-90.080017,35.477067],[-90.090137,35.4785],[-90.108746,35.476011],[-90.119031,35.468039],[-90.129435,35.442119],[-90.1400646101515,35.4366745720845],[-90.169002,35.421853],[-90.170599,35.418352],[-90.1707,35.410065],[-90.179342,35.385313]]]]}},{"type":"Feature","properties":{"code":"US-47169","name":"Trousdale","label":"Trousdale County","type":"County","parentCode":"US-TN"},"geometry":{"type":"Polygon","coordinates":[[[-86.272488,36.35874],[-86.283256,36.3475],[-86.26913,36.344862],[-86.264643,36.328292],[-86.272664,36.307286],[-86.263446,36.299448],[-86.247399,36.311521],[-86.244456,36.336405],[-86.229897,36.349349],[-86.20656,36.342659],[-86.184277,36.319287],[-86.175916,36.328836],[-86.136803,36.295859],[-86.126152,36.294086],[-86.095461,36.341934],[-86.0809,36.355367],[-86.036052,36.38198],[-85.982708,36.395903],[-85.971168,36.419477],[-85.978893,36.426073],[-86.122976,36.440234],[-86.168261,36.444293],[-86.190066,36.482725],[-86.228434,36.487472],[-86.239992,36.486384],[-86.23722,36.45192],[-86.268788,36.452897],[-86.271481,36.387138],[-86.272488,36.35874]]]}},{"type":"Feature","properties":{"code":"US-47171","name":"Unicoi","label":"Unicoi County","type":"County","parentCode":"US-TN"},"geometry":{"type":"Polygon","coordinates":[[[-82.614362,36.003506],[-82.615062,36.000306],[-82.613028,35.994],[-82.612604,35.993488],[-82.606944,35.99217],[-82.604239,35.987319],[-82.60674,35.984446],[-82.610885,35.974442],[-82.611602,35.971418],[-82.610889,35.967409],[-82.607761,35.966023],[-82.60037,35.964626],[-82.59486,35.965347],[-82.591977,35.966385],[-82.581003,35.965557],[-82.577719,35.964196],[-82.576678,35.959255],[-82.57517,35.958384],[-82.567503,35.955552],[-82.557874,35.953901],[-82.553192,35.960627],[-82.549682,35.964275],[-82.542463,35.967994],[-82.539273,35.969115],[-82.534763,35.969887],[-82.531292,35.972188],[-82.522702,35.973436],[-82.52066,35.974633],[-82.516444,35.975958],[-82.512598,35.975664],[-82.507068,35.977475],[-82.5054541504531,35.9776714603071],[-82.505384,35.97768],[-82.500206,35.982561],[-82.487451,35.991557],[-82.487411,35.991634],[-82.484678,35.992849],[-82.483666,35.993866],[-82.483498,35.996284],[-82.482292,35.997823],[-82.47419,36.000108],[-82.464558,36.006508],[-82.460658,36.007809],[-82.4166602889166,36.0727743702716],[-82.409458,36.083409],[-82.404458,36.087609],[-82.389958,36.096909],[-82.380458,36.099309],[-82.378758,36.102809],[-82.375558,36.105609],[-82.371383,36.106388],[-82.366566,36.10765],[-82.3609852894429,36.1105792059662],[-82.360919,36.110614],[-82.360357,36.111609],[-82.355157,36.115609],[-82.349957,36.117109],[-82.348422,36.115929],[-82.346857,36.115209],[-82.336756,36.114909],[-82.332289,36.116935],[-82.329177,36.117427],[-82.325169,36.119363],[-82.321448,36.119551],[-82.318156,36.12091],[-82.308655,36.12651],[-82.307255,36.12851],[-82.302855,36.13131],[-82.297655,36.13351],[-82.289455,36.13571],[-82.288455,36.13541],[-82.280354,36.12881],[-82.278654,36.12851],[-82.274054,36.12941],[-82.270954,36.12761],[-82.26875,36.12704],[-82.26569,36.127614],[-82.263354,36.13011],[-82.260353,36.13371],[-82.256319,36.133925],[-82.253253,36.13371],[-82.251853,36.13221],[-82.247521,36.130865],[-82.244461,36.132777],[-82.243353,36.134311],[-82.241553,36.137111],[-82.237737,36.139189],[-82.236415,36.139926],[-82.235479,36.140748],[-82.234807,36.14172],[-82.228288,36.146622],[-82.224852,36.150011],[-82.223232,36.154772],[-82.222052,36.156911],[-82.228953,36.19051],[-82.247455,36.206809],[-82.267955,36.210109],[-82.254955,36.224848],[-82.256356,36.233208],[-82.269894,36.239345],[-82.284691,36.251686],[-82.319588,36.260347],[-82.335384,36.253077],[-82.34046,36.252807],[-82.355761,36.242807],[-82.370647,36.209879],[-82.391561,36.19925],[-82.416662,36.179207],[-82.420661,36.163207],[-82.441518,36.154779],[-82.487564,36.155706],[-82.527909,36.148716],[-82.595065,36.096205],[-82.5772,36.078387],[-82.602877,36.039833],[-82.600741,36.037422],[-82.598785,36.034162],[-82.596177,36.03188],[-82.594873,36.029598],[-82.595525,36.026012],[-82.600089,36.021774],[-82.604327,36.018187],[-82.611862,36.006206],[-82.613862,36.004706],[-82.614362,36.003506]]]}},{"type":"Feature","properties":{"code":"US-47173","name":"Union","label":"Union County","type":"County","parentCode":"US-TN"},"geometry":{"type":"Polygon","coordinates":[[[-84.004317,36.270378],[-84.009753,36.27031],[-83.990256,36.239557],[-83.96914,36.210105],[-83.941711,36.186378],[-83.905169,36.160906],[-83.903972,36.16898],[-83.852414,36.167711],[-83.79949,36.166273],[-83.732704,36.164583],[-83.714904,36.173483],[-83.729905,36.186382],[-83.700205,36.207583],[-83.695606,36.254382],[-83.70392,36.260344],[-83.682147,36.292038],[-83.689107,36.295981],[-83.667408,36.344381],[-83.696909,36.365681],[-83.711109,36.346181],[-83.733054,36.345043],[-83.764512,36.398779],[-83.782413,36.408779],[-83.805515,36.435879],[-83.833282,36.419654],[-83.861217,36.434679],[-83.884737,36.421325],[-83.890517,36.431279],[-83.893717,36.419679],[-83.905638,36.419979],[-83.902717,36.405379],[-83.921217,36.387879],[-83.950919,36.401278],[-83.954908,36.387623],[-83.949918,36.369978],[-83.968418,36.354578],[-83.974017,36.298278],[-83.981016,36.284978],[-84.004317,36.270378]]]}},{"type":"Feature","properties":{"code":"US-47175","name":"Van Buren","label":"Van Buren County","type":"County","parentCode":"US-TN"},"geometry":{"type":"Polygon","coordinates":[[[-85.602876,35.794996],[-85.61502,35.760153],[-85.591894,35.75436],[-85.592716,35.734102],[-85.597875,35.725055],[-85.605018,35.708703],[-85.603362,35.693637],[-85.594632,35.617898],[-85.557535,35.532977],[-85.495752,35.547618],[-85.459856,35.54685],[-85.45352,35.55813],[-85.423804,35.567422],[-85.300336,35.683243],[-85.265387,35.721237],[-85.270427,35.747175],[-85.254062,35.765611],[-85.253518,35.766927],[-85.256125,35.768277],[-85.257842,35.771483],[-85.255871,35.774128],[-85.2586,35.774874],[-85.258988,35.777206],[-85.255304,35.777754],[-85.256846,35.780818],[-85.26294,35.778764],[-85.268056,35.779556],[-85.270213,35.78227],[-85.273945,35.78365],[-85.272664,35.787718],[-85.269359,35.793388],[-85.27749,35.809077],[-85.265064,35.821973],[-85.362267,35.796774],[-85.423179,35.814691],[-85.462996,35.822209],[-85.466952,35.814614],[-85.479951,35.819616],[-85.499398,35.806515],[-85.512614,35.815018],[-85.526581,35.807283],[-85.519775,35.792077],[-85.571577,35.806576],[-85.602876,35.794996]]]}},{"type":"Feature","properties":{"code":"US-47177","name":"Warren","label":"Warren County","type":"County","parentCode":"US-TN"},"geometry":{"type":"Polygon","coordinates":[[[-85.997426,35.711955],[-85.986835,35.703961],[-85.989683,35.678556],[-85.985023,35.666592],[-85.985062,35.660108],[-85.965197,35.62045],[-85.94693,35.596389],[-85.948601,35.57376],[-85.90455,35.541299],[-85.882493,35.53902],[-85.876962,35.524095],[-85.832925,35.515303],[-85.820334,35.504573],[-85.791307,35.517884],[-85.7537,35.524154],[-85.70326,35.528653],[-85.607326,35.531651],[-85.557535,35.532977],[-85.594632,35.617898],[-85.603362,35.693637],[-85.605018,35.708703],[-85.597875,35.725055],[-85.592716,35.734102],[-85.591894,35.75436],[-85.61502,35.760153],[-85.602876,35.794996],[-85.609881,35.804727],[-85.6203,35.801247],[-85.641655,35.816717],[-85.682602,35.827246],[-85.682095,35.831254],[-85.751785,35.850027],[-85.787534,35.843036],[-85.796925,35.851131],[-85.875877,35.845776],[-85.885156,35.839658],[-85.897859,35.830222],[-85.913867,35.822506],[-85.929707,35.802503],[-85.942133,35.786779],[-85.935739,35.785493],[-85.963571,35.761329],[-85.997426,35.711955]]]}},{"type":"Feature","properties":{"code":"US-47179","name":"Washington","label":"Washington County","type":"County","parentCode":"US-TN"},"geometry":{"type":"Polygon","coordinates":[[[-82.676177,36.4234],[-82.702566,36.410412],[-82.631794,36.418769],[-82.63052,36.39984],[-82.628624,36.359342],[-82.63357,36.356347],[-82.636661,36.312102],[-82.643057,36.225907],[-82.651122,36.209103],[-82.649583,36.199527],[-82.644769,36.199195],[-82.646202,36.176646],[-82.647038,36.159135],[-82.63662,36.14347],[-82.627535,36.12798],[-82.595065,36.096205],[-82.527909,36.148716],[-82.487564,36.155706],[-82.441518,36.154779],[-82.420661,36.163207],[-82.416662,36.179207],[-82.391561,36.19925],[-82.370647,36.209879],[-82.355761,36.242807],[-82.34046,36.252807],[-82.342282,36.263977],[-82.32578,36.295584],[-82.322038,36.306275],[-82.320759,36.309906],[-82.316528,36.322296],[-82.315109,36.326356],[-82.301759,36.365105],[-82.299968,36.37114],[-82.299859,36.396505],[-82.346099,36.397165],[-82.348298,36.401381],[-82.366262,36.402904],[-82.370547,36.40224],[-82.386163,36.392104],[-82.374535,36.420098],[-82.408571,36.426284],[-82.420713,36.446966],[-82.437266,36.437603],[-82.438355,36.445639],[-82.441662,36.445204],[-82.523281,36.434278],[-82.570178,36.427566],[-82.601474,36.4232],[-82.627921,36.433117],[-82.662877,36.4425],[-82.680677,36.4318],[-82.676177,36.4234]]]}},{"type":"Feature","properties":{"code":"US-47181","name":"Wayne","label":"Wayne County","type":"County","parentCode":"US-TN"},"geometry":{"type":"Polygon","coordinates":[[[-88.024741,35.392307],[-88.024654,35.369588],[-88.004872,35.350912],[-88.016473,35.33476],[-88.017568,35.29957],[-87.997385,35.30227],[-87.981585,35.295678],[-87.982928,35.220596],[-87.984229,35.132134],[-87.984972,35.015449],[-87.9849162019114,35.0058806732269],[-87.9269766619543,35.0056571040592],[-87.877969,35.005468],[-87.877742,35.005512],[-87.872626,35.005571],[-87.853528,35.005541],[-87.853411,35.005576],[-87.851886,35.005656],[-87.8211342757523,35.0053771529474],[-87.773586,35.004946],[-87.767602,35.004783],[-87.75889,35.004711],[-87.709491,35.004089],[-87.702321,35.003945],[-87.700543,35.003988],[-87.696834,35.003852],[-87.6887093751075,35.0037513567643],[-87.671405,35.003537],[-87.664123,35.003523],[-87.625025,35.003732],[-87.6192815618009,35.003704600444],[-87.606178379167,35.0036420906069],[-87.611925,35.019006],[-87.605733,35.035865],[-87.578649,35.03487],[-87.57275,35.049051],[-87.588833,35.058431],[-87.583407,35.143109],[-87.572654,35.190451],[-87.578943,35.186953],[-87.578758,35.221863],[-87.578686,35.244649],[-87.575352,35.398454],[-87.57525,35.403907],[-87.597164,35.411723],[-87.607276,35.436176],[-87.646485,35.442071],[-87.645896,35.472745],[-87.685809,35.472811],[-87.717559,35.483347],[-87.733811,35.491691],[-87.803589,35.484954],[-87.827406,35.46988],[-87.858506,35.465413],[-87.864865,35.475976],[-87.90579,35.462456],[-87.932058,35.465701],[-87.952092,35.458121],[-87.97318,35.459968],[-87.988894,35.453666],[-88.011815,35.432826],[-88.007709,35.423381],[-87.975184,35.414174],[-87.97366,35.404958],[-87.980472,35.394984],[-88.012546,35.386944],[-88.024741,35.392307]]]}},{"type":"Feature","properties":{"code":"US-47183","name":"Weakley","label":"Weakley County","type":"County","parentCode":"US-TN"},"geometry":{"type":"Polygon","coordinates":[[[-88.95977,36.223926],[-88.959839,36.222834],[-88.950987,36.211381],[-88.9407,36.203893],[-88.93308,36.194567],[-88.894533,36.176835],[-88.86361,36.137831],[-88.847823,36.135246],[-88.840884,36.123495],[-88.799282,36.113849],[-88.754581,36.107622],[-88.749795,36.092543],[-88.692709,36.062746],[-88.664878,36.065575],[-88.653843,36.064294],[-88.655403,36.114623],[-88.655488,36.117338],[-88.532233,36.115416],[-88.53108,36.135748],[-88.530322,36.152023],[-88.524857,36.267411],[-88.523587,36.294206],[-88.517847,36.463615],[-88.5163456859488,36.5014314866172],[-88.516427,36.50143],[-88.545192,36.501814],[-88.577283,36.50194],[-88.661133,36.502243],[-88.6614646923627,36.5022455678855],[-88.715255,36.502662],[-88.747523,36.502834],[-88.799594,36.502757],[-88.8167651860365,36.5028152435007],[-88.827012,36.50285],[-88.8273011555617,36.5028524305169],[-88.814016,36.470802],[-88.81642,36.410732],[-88.839128,36.414165],[-88.851449,36.409515],[-88.885917,36.392887],[-88.91181,36.405383],[-88.950205,36.409248],[-88.956614,36.27767],[-88.95977,36.223926]]]}},{"type":"Feature","properties":{"code":"US-47185","name":"White","label":"White County","type":"County","parentCode":"US-TN"},"geometry":{"type":"MultiPolygon","coordinates":[[[[-85.272664,35.787718],[-85.273945,35.78365],[-85.270213,35.78227],[-85.268056,35.779556],[-85.26294,35.778764],[-85.256846,35.780818],[-85.255304,35.777754],[-85.258988,35.777206],[-85.2586,35.774874],[-85.255871,35.774128],[-85.257842,35.771483],[-85.256125,35.768277],[-85.253518,35.766927],[-85.247784,35.78666],[-85.257467,35.787169],[-85.26038,35.78258],[-85.272664,35.787718]]],[[[-85.682095,35.831254],[-85.682602,35.827246],[-85.641655,35.816717],[-85.6203,35.801247],[-85.609881,35.804727],[-85.602876,35.794996],[-85.571577,35.806576],[-85.519775,35.792077],[-85.526581,35.807283],[-85.512614,35.815018],[-85.499398,35.806515],[-85.479951,35.819616],[-85.466952,35.814614],[-85.462996,35.822209],[-85.423179,35.814691],[-85.362267,35.796774],[-85.265064,35.821973],[-85.27749,35.809077],[-85.269359,35.793388],[-85.248435,35.798748],[-85.24138,35.809495],[-85.222524,35.877364],[-85.231587,35.893201],[-85.215722,35.910619],[-85.242698,35.91304],[-85.265528,35.965831],[-85.264206,35.979154],[-85.311302,35.992997],[-85.309363,36.031592],[-85.330309,36.032235],[-85.334253,36.034237],[-85.372181,36.052388],[-85.395356,36.055085],[-85.506291,36.081827],[-85.552158,36.072943],[-85.560459,36.073471],[-85.582834,36.060418],[-85.584076,36.037034],[-85.611138,36.04605],[-85.644604,36.015053],[-85.630493,36.006469],[-85.662917,35.971501],[-85.651662,35.904993],[-85.66813,35.883659],[-85.644926,35.889541],[-85.637327,35.881824],[-85.671882,35.851113],[-85.634803,35.853897],[-85.641356,35.840767],[-85.658864,35.825872],[-85.682095,35.831254]]]]}},{"type":"Feature","properties":{"code":"US-47187","name":"Williamson","label":"Williamson County","type":"County","parentCode":"US-TN"},"geometry":{"type":"Polygon","coordinates":[[[-87.20507,35.914639],[-87.215099,35.850651],[-87.054072,35.799275],[-86.96951,35.771676],[-86.962471,35.782883],[-86.929251,35.77816],[-86.929027,35.778129],[-86.938747,35.7622],[-86.925189,35.756173],[-86.92162,35.755236],[-86.913083,35.752518],[-86.879403,35.740787],[-86.873047,35.739204],[-86.845491,35.725166],[-86.811891,35.720455],[-86.797898,35.707988],[-86.782016,35.706595],[-86.751651,35.696447],[-86.746606,35.707889],[-86.686193,35.710051],[-86.699281,35.717837],[-86.696904,35.752334],[-86.681813,35.750066],[-86.662855,35.790934],[-86.623703,35.791191],[-86.613328,35.790331],[-86.613531,35.809965],[-86.624996,35.808196],[-86.612707,35.819215],[-86.626027,35.826526],[-86.60343,35.838704],[-86.605648,35.855156],[-86.621372,35.882569],[-86.615132,35.88944],[-86.628,35.910163],[-86.616395,35.940263],[-86.625036,35.966706],[-86.618899,35.968141],[-86.618892,35.968224],[-86.621951,35.971627],[-86.627397,35.974027],[-86.648288,35.975573],[-86.681889,35.989399],[-86.687714,35.995343],[-86.692324,35.994753],[-86.712896,36.008122],[-86.738652,36.013256],[-86.750323,36.019339],[-86.777128,36.033239],[-86.783079,36.034886],[-86.790875,36.036715],[-86.816472,36.039217],[-86.832753,36.041024],[-86.864761,36.044896],[-86.896719,36.04892],[-86.919116,36.051693],[-86.936415,36.048156],[-86.962984,36.031386],[-86.968487,36.027906],[-87.016082,35.997874],[-87.039386,35.989242],[-87.053722,36.045582],[-87.084916,36.043805],[-87.182573,36.049726],[-87.18714,36.028814],[-87.197406,35.979967],[-87.21195,35.969939],[-87.204242,35.959186],[-87.205665,35.940967],[-87.202092,35.936075],[-87.20507,35.914639]]]}},{"type":"Feature","properties":{"code":"US-47189","name":"Wilson","label":"Wilson County","type":"County","parentCode":"US-TN"},"geometry":{"type":"Polygon","coordinates":[[[-86.594359,36.245376],[-86.595439,36.239407],[-86.583626,36.216703],[-86.577692,36.200178],[-86.576695,36.197411],[-86.57562,36.194597],[-86.57089,36.173679],[-86.56802,36.168859],[-86.550926,36.144355],[-86.556609,36.134928],[-86.527841,36.140769],[-86.531183,36.112049],[-86.515589,36.10061],[-86.502285,36.091754],[-86.435008,36.049888],[-86.43103,36.050066],[-86.39512,36.03103],[-86.382528,36.035251],[-86.388359,36.027193],[-86.364201,36.010172],[-86.326252,35.985008],[-86.255838,35.968322],[-86.251731,35.961141],[-86.176951,35.957508],[-86.164953,35.963522],[-86.153214,35.954399],[-86.154505,35.963097],[-86.119514,35.959163],[-86.083421,35.964969],[-86.014849,35.96106],[-86.026513,35.998561],[-86.040746,36.008765],[-86.035778,36.031399],[-86.053437,36.043793],[-86.047374,36.057493],[-86.063413,36.070052],[-86.059706,36.086024],[-86.066132,36.124178],[-86.090005,36.170371],[-86.123021,36.260995],[-86.115607,36.268886],[-86.136803,36.295859],[-86.175916,36.328836],[-86.184277,36.319287],[-86.20656,36.342659],[-86.229897,36.349349],[-86.244456,36.336405],[-86.247399,36.311521],[-86.263446,36.299448],[-86.272664,36.307286],[-86.264643,36.328292],[-86.26913,36.344862],[-86.283256,36.3475],[-86.296429,36.334636],[-86.300075,36.312374],[-86.330452,36.318772],[-86.344832,36.314195],[-86.362023,36.311505],[-86.346094,36.329848],[-86.346517,36.345112],[-86.361323,36.357684],[-86.375705,36.352119],[-86.38624,36.337625],[-86.393113,36.307671],[-86.402791,36.305941],[-86.41544,36.313698],[-86.41884,36.333489],[-86.437184,36.339656],[-86.451721,36.335629],[-86.474093,36.32145],[-86.483229,36.316811],[-86.512146,36.300482],[-86.516994,36.285151],[-86.52453,36.278059],[-86.537826,36.290727],[-86.546578,36.321255],[-86.565795,36.30532],[-86.559794,36.287451],[-86.567098,36.271308],[-86.574376,36.2602],[-86.579554,36.25649],[-86.594395,36.245853],[-86.594359,36.245376]]]}}]}
