{"type":"FeatureCollection","name":"admin2_usa_us-va","adm0A3":"USA","parentCode":"US-VA","parentName":"Virginia","bbox":[-83.675413,36.540738,-75.242469,39.466012],"features":[{"type":"Feature","properties":{"code":"US-51001","name":"Accomack","label":"Accomack County","type":"County","parentCode":"US-VA"},"geometry":{"type":"MultiPolygon","coordinates":[[[[-75.941182,37.563839],[-75.941153,37.558436],[-75.937299,37.551729],[-75.9376646225106,37.5496523755582],[-75.931272,37.554753],[-75.90041,37.557265],[-75.884455,37.549542],[-75.841297,37.555532],[-75.788012,37.528816],[-75.804797,37.514726],[-75.791656,37.50381],[-75.793521,37.488837],[-75.812793,37.473895],[-75.808115,37.464626],[-75.78703,37.464578],[-75.776564,37.454589],[-75.763912,37.463308],[-75.72852,37.459775],[-75.713275,37.449876],[-75.68326,37.454744],[-75.6765221891521,37.4637005550846],[-75.684048,37.46323],[-75.686306,37.478604],[-75.672877,37.483696],[-75.642474,37.517112],[-75.615816,37.551659],[-75.602168,37.567107],[-75.600504,37.573889],[-75.612863,37.57728],[-75.613059949493,37.5808648117808],[-75.613339,37.585944],[-75.614527,37.609296],[-75.603831,37.628028],[-75.591953,37.663178],[-75.583629,37.69313],[-75.576379,37.699431],[-75.568696,37.723987],[-75.562951,37.736469],[-75.551898,37.748122],[-75.5426509337019,37.7626006334837],[-75.520881,37.796687],[-75.5015533993456,37.8185574968337],[-75.48927,37.832457],[-75.469114,37.851506],[-75.453987,37.864164],[-75.432076,37.878594],[-75.421117,37.883314],[-75.410914134136,37.8795211058458],[-75.400092,37.875498],[-75.391346,37.864175],[-75.389056,37.856169],[-75.386056,37.852424],[-75.380638,37.851702],[-75.373321,37.856155],[-75.364777,37.863166],[-75.35246,37.87483],[-75.338623,37.894986],[-75.319335,37.922484],[-75.3159537205092,37.9279868577682],[-75.2987927337136,37.955915477616],[-75.296871,37.959043],[-75.242469,38.027028],[-75.254403,38.026326],[-75.283355,38.023772],[-75.3231659225932,38.0201461997272],[-75.375125,38.015414],[-75.448679,38.009329],[-75.4862300839808,38.0061382950582],[-75.5272787962799,38.0026503976315],[-75.5419798362911,38.0014012544367],[-75.563261,37.999593],[-75.624343,37.994208],[-75.624449,37.994195],[-75.625084,37.990577],[-75.626655,37.988892],[-75.630869,37.987818],[-75.632532,37.986693],[-75.633979,37.983553],[-75.638221,37.979397],[-75.641823,37.975967],[-75.644725,37.969779],[-75.648229,37.966775],[-75.6481846993491,37.9653707475848],[-75.647606,37.947027],[-75.655681,37.945433],[-75.665273,37.949493],[-75.66983,37.950564],[-75.693942,37.930362],[-75.704318,37.92901],[-75.712065,37.936082],[-75.757694,37.903912],[-75.759835,37.899333],[-75.758796,37.897615],[-75.753048,37.896605],[-75.726699,37.897299],[-75.724505,37.900184],[-75.72049,37.901926],[-75.709626,37.900622],[-75.687584,37.88634],[-75.685293,37.873341],[-75.689837,37.861817],[-75.697208861969,37.8549632034244],[-75.702914,37.849659],[-75.709114,37.8477],[-75.714487,37.837777],[-75.71659,37.826696],[-75.723224,37.820124],[-75.7297499183195,37.8182867807386],[-75.73588,37.816561],[-75.743097,37.806656],[-75.770607,37.804602],[-75.784599,37.806826],[-75.793399,37.804493],[-75.818125,37.791698],[-75.812125,37.776589],[-75.80063,37.759414],[-75.802976,37.752915],[-75.82481,37.741671],[-75.827922,37.737986],[-75.831438,37.73169],[-75.830773,37.725486],[-75.837685,37.712985],[-75.845579,37.707993],[-75.859262,37.703111],[-75.868355,37.687609],[-75.864278,37.67569],[-75.8652420325418,37.6739775405765],[-75.868481,37.668224],[-75.877059,37.660641],[-75.8955812307866,37.6390192979381],[-75.9028347873752,37.6305519463942],[-75.909586,37.622671],[-75.924756,37.600215],[-75.941182,37.563839]]],[[[-75.999658,37.848198],[-76.001116,37.834947],[-75.9983,37.812626],[-75.987301,37.804917],[-75.982158,37.806226],[-75.977301,37.825821],[-75.971705,37.830928],[-75.973607,37.835817],[-75.982098,37.837253],[-75.988018,37.841085],[-75.992556,37.848889],[-75.996859,37.85042],[-75.999658,37.848198]]],[[[-76.041527,37.954011],[-76.04653,37.953586],[-76.03632,37.927652],[-76.028235,37.923965],[-76.019839,37.927479],[-76.011849,37.940603],[-75.997349,37.946302],[-75.993905,37.953489],[-76.022274,37.953716],[-76.029463,37.953775],[-76.030122,37.953655],[-76.037933,37.953972],[-76.041527,37.954011]]]]}},{"type":"Feature","properties":{"code":"US-51003","name":"Albemarle","label":"Albemarle County","type":"County","parentCode":"US-VA"},"geometry":{"type":"Polygon","coordinates":[[[-78.792788,38.069504],[-78.838874,38.04737],[-78.760379,37.914346],[-78.732117,37.865174],[-78.708046,37.825101],[-78.667455,37.759409],[-78.683104,37.759992],[-78.686087,37.737505],[-78.668862,37.724752],[-78.643918,37.733084],[-78.612023,37.756321],[-78.580797,37.754047],[-78.544774,37.763941],[-78.512848,37.757222],[-78.497714,37.7631],[-78.491345,37.796956],[-78.467764,37.823414],[-78.366568,37.938288],[-78.351164,37.955804],[-78.324615,37.986009],[-78.306763,38.006474],[-78.253686,38.06327],[-78.209384,38.131128],[-78.332451,38.173829],[-78.344325,38.177786],[-78.368984,38.184146],[-78.438379,38.205844],[-78.465449,38.214047],[-78.606539,38.258172],[-78.663145,38.277933],[-78.655347,38.26026],[-78.681032,38.254905],[-78.726443,38.229972],[-78.742136,38.21772],[-78.749396,38.206648],[-78.771769,38.166101],[-78.772112,38.153362],[-78.788073,38.126404],[-78.781152,38.097835],[-78.7792,38.08347],[-78.792788,38.069504]],[[-78.52368,38.022327],[-78.523038,38.026337],[-78.520179,38.029781],[-78.498922,38.032907],[-78.501248,38.040409],[-78.515527,38.036644],[-78.513997,38.044161],[-78.504839,38.047275],[-78.507616,38.056269],[-78.503748,38.057069],[-78.495034,38.065337],[-78.485202,38.068974],[-78.471754,38.070509],[-78.466889,38.06783],[-78.464405,38.064699],[-78.472213,38.052543],[-78.46613,38.0457],[-78.449326,38.058851],[-78.446488,38.048728],[-78.455013,38.037399],[-78.458535,38.034559],[-78.452213,38.027733],[-78.454668,38.021604],[-78.462089,38.022528],[-78.475109,38.013917],[-78.485365,38.015923],[-78.503313,38.0102],[-78.505442,38.010324],[-78.519333,38.010678],[-78.520375,38.018355],[-78.52368,38.022327]]]}},{"type":"Feature","properties":{"code":"US-51005","name":"Alleghany","label":"Alleghany County","type":"County","parentCode":"US-VA"},"geometry":{"type":"Polygon","coordinates":[[[-80.294108,37.693852],[-80.296138,37.691783],[-80.292337,37.683976],[-80.292258,37.683732],[-80.279372,37.657077],[-80.270323,37.648982],[-80.270352,37.648929],[-80.267455,37.646108],[-80.267228,37.646011],[-80.264874,37.645511],[-80.26483,37.645526],[-80.263291,37.645101],[-80.263281,37.645082],[-80.254469,37.642333],[-80.254431,37.642352],[-80.239288,37.637672],[-80.220984,37.627767],[-80.205198,37.616293],[-80.178175,37.615134],[-80.145565,37.596428],[-80.104798,37.62269],[-80.087462,37.626671],[-80.032705,37.66029],[-80.020554,37.647442],[-79.957365,37.683782],[-79.941717,37.698951],[-79.91756,37.701848],[-79.910182,37.712176],[-79.890347,37.738063],[-79.86708,37.748685],[-79.844455,37.774588],[-79.845321,37.782314],[-79.816721,37.800973],[-79.674162,37.763093],[-79.642641,37.814185],[-79.625437,37.829726],[-79.616659,37.852201],[-79.606735,37.860893],[-79.609676,37.864297],[-79.628228,37.875003],[-79.647589,37.874538],[-79.660575,37.872104],[-79.692793,37.844458],[-79.749814,37.885402],[-79.80806,37.880769],[-79.854728,37.887808],[-79.887256,37.892959],[-79.894205,37.898022],[-79.933499,37.953441],[-79.976133,37.953958],[-80.001856,37.960503],[-80.027439,37.942999],[-80.0563291815345,37.9522744732365],[-80.056839,37.951833],[-80.063682,37.947968],[-80.066569,37.947171],[-80.074514,37.942221],[-80.075441,37.939629],[-80.080823,37.935526],[-80.086954,37.929547],[-80.096563,37.918112],[-80.102931,37.918911],[-80.106819,37.914698],[-80.116884,37.906292],[-80.118967,37.903614],[-80.119106,37.902018],[-80.11748,37.900581],[-80.117747,37.89772],[-80.120613,37.896735],[-80.123021,37.898046],[-80.12362,37.897943],[-80.129555,37.894134],[-80.130464,37.893194],[-80.13104,37.890697],[-80.131931,37.8895],[-80.141947,37.882616],[-80.14613,37.884453],[-80.147316,37.885936],[-80.148951,37.886892],[-80.153832,37.881824],[-80.162202,37.875122],[-80.168957,37.867116],[-80.172033,37.862144],[-80.172076,37.860066],[-80.176712,37.854029],[-80.181815,37.852724],[-80.183062,37.850646],[-80.183555,37.84681],[-80.179391,37.839751],[-80.181768,37.838343],[-80.18638,37.837741],[-80.19465,37.831759],[-80.199633,37.827507],[-80.202853,37.82424],[-80.205841,37.818921],[-80.206482,37.81597],[-80.210965,37.812598],[-80.216229,37.80982],[-80.216939,37.809505],[-80.218611,37.809783],[-80.227092,37.798886],[-80.229228,37.79466],[-80.229489,37.792331],[-80.227965,37.791714],[-80.2243386129028,37.7877739370978],[-80.220092,37.78316],[-80.218616,37.783291],[-80.215892,37.781989],[-80.215658,37.777481],[-80.216498,37.776445],[-80.216899,37.776056],[-80.217634,37.776775],[-80.221827,37.778293],[-80.227498,37.778889],[-80.230458,37.778305],[-80.232011,37.775621],[-80.24139,37.769443],[-80.246902,37.768309],[-80.251319,37.762958],[-80.250427,37.761301],[-80.2503686552047,37.7609172249725],[-80.24979,37.757111],[-80.251622,37.755866],[-80.25641,37.756372],[-80.257411,37.756084],[-80.262765,37.738336],[-80.260313,37.733517],[-80.252024,37.729825],[-80.252227,37.727261],[-80.253077,37.725899],[-80.258143,37.720612],[-80.264406,37.718786],[-80.27199,37.711532],[-80.275007,37.707844],[-80.287107,37.696403],[-80.294108,37.693852]],[[-80.008015,37.760481],[-79.998426,37.775748],[-80.001295,37.790703],[-79.994108,37.796032],[-79.999279,37.805782],[-79.987314,37.813561],[-79.967071,37.803405],[-79.975766,37.776721],[-79.975699,37.776551],[-79.966509,37.757109],[-79.992566,37.748244],[-80.008015,37.760481]]]}},{"type":"Feature","properties":{"code":"US-51007","name":"Amelia","label":"Amelia County","type":"County","parentCode":"US-VA"},"geometry":{"type":"Polygon","coordinates":[[[-78.240748,37.376252],[-78.235039,37.368102],[-78.231234,37.29622],[-78.124861,37.271196],[-78.118901,37.270121],[-77.945288,37.230641],[-77.8236,37.201302],[-77.795926,37.192592],[-77.747693,37.192729],[-77.711099,37.218316],[-77.693989,37.222163],[-77.686807,37.235068],[-77.660687,37.241815],[-77.65061,37.265112],[-77.664765,37.287776],[-77.669835,37.292771],[-77.693035,37.281556],[-77.701485,37.29613],[-77.716211,37.296878],[-77.717442,37.284855],[-77.734912,37.284575],[-77.738024,37.270358],[-77.75862,37.268717],[-77.784864,37.296492],[-77.80675,37.304526],[-77.808857,37.31599],[-77.797462,37.333712],[-77.837346,37.33838],[-77.851804,37.354867],[-77.877556,37.366247],[-77.867779,37.394498],[-77.875093,37.417137],[-77.855148,37.418363],[-77.866126,37.456521],[-77.886352,37.449299],[-77.895282,37.472275],[-77.924261,37.482055],[-77.937427,37.475422],[-77.965226,37.484403],[-77.999575,37.498052],[-78.014437,37.492081],[-78.016851,37.471982],[-78.050491,37.471672],[-78.06658,37.452054],[-78.091757,37.456102],[-78.098749,37.440575],[-78.132048,37.454686],[-78.13877,37.459666],[-78.197446,37.427661],[-78.220344,37.388179],[-78.240748,37.376252]]]}},{"type":"Feature","properties":{"code":"US-51009","name":"Amherst","label":"Amherst County","type":"County","parentCode":"US-VA"},"geometry":{"type":"Polygon","coordinates":[[[-79.436947,37.617057],[-79.424213,37.601078],[-79.404525,37.607514],[-79.384118,37.594329],[-79.367342,37.551148],[-79.345314,37.521041],[-79.339299,37.516608],[-79.32727,37.512275],[-79.313804,37.510224],[-79.302683,37.504856],[-79.298105,37.500925],[-79.262593,37.508055],[-79.258075,37.494165],[-79.223714,37.506344],[-79.225093,37.494444],[-79.209467,37.477518],[-79.185702,37.46582],[-79.185328,37.4591],[-79.165994,37.442411],[-79.144054,37.433237],[-79.138433,37.419481],[-79.13923,37.416725],[-79.134335,37.410098],[-79.119593,37.397964],[-79.096757,37.401262],[-79.084898,37.394137],[-79.066776,37.38593],[-79.070862,37.421341],[-79.045476,37.416111],[-79.040766,37.433677],[-79.021687,37.429243],[-79.010943,37.445055],[-78.97623,37.468301],[-78.943609,37.481579],[-78.949942,37.503142],[-78.923725,37.497553],[-78.89554,37.513242],[-78.898741,37.530242],[-78.869245,37.542092],[-78.897905,37.543857],[-78.937508,37.616075],[-78.954613,37.647048],[-78.96696,37.676479],[-78.983322,37.682554],[-78.986017,37.695546],[-79.005982,37.697475],[-79.014477,37.705285],[-79.030946,37.702646],[-79.067355,37.720255],[-79.065845,37.74634],[-79.071417,37.778303],[-79.089887,37.787891],[-79.109485,37.784691],[-79.121505,37.802418],[-79.137964,37.814141],[-79.172131,37.803097],[-79.209372,37.789156],[-79.231557,37.813175],[-79.264674,37.794694],[-79.303011,37.740923],[-79.322317,37.692874],[-79.340576,37.678634],[-79.345235,37.660625],[-79.40158,37.626049],[-79.436947,37.617057]]]}},{"type":"Feature","properties":{"code":"US-51011","name":"Appomattox","label":"Appomattox County","type":"County","parentCode":"US-VA"},"geometry":{"type":"Polygon","coordinates":[[[-79.010943,37.445055],[-79.021687,37.429243],[-78.973397,37.349927],[-78.967596,37.340386],[-78.953447,37.317112],[-78.949703,37.292501],[-78.92901,37.278684],[-78.921904,37.247553],[-78.919869,37.245545],[-78.892712,37.248638],[-78.863198,37.24049],[-78.856928,37.212008],[-78.824209,37.205361],[-78.808198,37.201852],[-78.777293,37.229107],[-78.734854,37.220229],[-78.720331,37.237098],[-78.681573,37.248759],[-78.679791,37.2588],[-78.632979,37.314325],[-78.594483,37.344949],[-78.601434,37.351367],[-78.594436,37.397974],[-78.630175,37.38425],[-78.635714,37.416193],[-78.683224,37.428974],[-78.705011,37.456593],[-78.825238,37.552542],[-78.824938,37.537342],[-78.869245,37.542092],[-78.898741,37.530242],[-78.89554,37.513242],[-78.923725,37.497553],[-78.949942,37.503142],[-78.943609,37.481579],[-78.97623,37.468301],[-79.010943,37.445055]]]}},{"type":"Feature","properties":{"code":"US-51013","name":"Arlington","label":"Arlington County","type":"County","parentCode":"US-VA"},"geometry":{"type":"Polygon","coordinates":[[[-77.172276,38.893245],[-77.165947,38.888287],[-77.163517,38.886391],[-77.149701,38.87567],[-77.14713,38.873606],[-77.137631,38.866199],[-77.137495,38.866093],[-77.131849,38.861727],[-77.127183,38.858109],[-77.121151,38.853325],[-77.113365,38.847382],[-77.110799,38.843446],[-77.109239,38.842819],[-77.106716,38.841934],[-77.105963,38.840082],[-77.09783,38.834874],[-77.097662,38.834775],[-77.087805,38.827357],[-77.085407,38.833862],[-77.085158,38.840425],[-77.0857,38.84296],[-77.085704,38.843965],[-77.082245,38.843433],[-77.079302,38.842926],[-77.064722,38.844677],[-77.055388,38.841064],[-77.0524,38.840445],[-77.048948,38.841256],[-77.048171,38.841259],[-77.044487611898,38.8395986997167],[-77.044199,38.840212],[-77.041699,38.840212],[-77.032798,38.841712],[-77.031698,38.850512],[-77.0318917188571,38.8508637063844],[-77.039299,38.864312],[-77.038899,38.865812],[-77.039099,38.868112],[-77.040599,38.871212],[-77.0410926577838,38.8717239414054],[-77.043299,38.874012],[-77.045399,38.875212],[-77.046599,38.874912],[-77.045599,38.873012],[-77.046299,38.871312],[-77.049099,38.870712],[-77.051299,38.873212],[-77.051099,38.875212],[-77.054099,38.879112],[-77.055199,38.880012],[-77.058254,38.880069],[-77.063499,38.888611],[-77.0646579445255,38.8918438452555],[-77.067299,38.899211],[-77.068199,38.899811],[-77.0693711968326,38.9003662511312],[-77.070099,38.900711],[-77.0706217017928,38.9007628339105],[-77.0792973903799,38.9016231616772],[-77.0822,38.901911],[-77.0828392117323,38.902094773373],[-77.0902,38.904211],[-77.0937,38.905911],[-77.1010155931084,38.9109831445552],[-77.1012,38.911111],[-77.1034,38.912911],[-77.1054024360726,38.9171920702241],[-77.1063,38.919111],[-77.1134,38.925211],[-77.1166,38.928911],[-77.1168162618117,38.9294932433392],[-77.1179,38.932411],[-77.119759,38.934343],[-77.1197966910841,38.9343702373596],[-77.121179,38.933287],[-77.145809,38.914006],[-77.159681,38.903147],[-77.172276,38.893245]]]}},{"type":"Feature","properties":{"code":"US-51015","name":"Augusta","label":"Augusta County","type":"County","parentCode":"US-VA"},"geometry":{"type":"Polygon","coordinates":[[[-79.52732,38.170797],[-79.527044,38.151831],[-79.509181,38.154939],[-79.481603,38.170301],[-79.458334,38.163057],[-79.436678,38.1628],[-79.445118,38.147568],[-79.46918,38.124534],[-79.493253,38.095384],[-79.482668,38.086054],[-79.367861,38.018032],[-79.223947,37.936632],[-79.183978,37.914194],[-79.15739,37.891003],[-79.146639,37.888826],[-79.118283,37.901083],[-79.062283,37.91752],[-79.044552,37.890888],[-79.017225,37.89345],[-79.00579,37.881587],[-78.985157,37.901996],[-78.942068,37.940237],[-78.899379,37.948999],[-78.901923,37.95325],[-78.893611,37.977148],[-78.906945,37.987538],[-78.889757,37.995045],[-78.873692,38.028624],[-78.857456,38.03263],[-78.854384,38.036452],[-78.838874,38.04737],[-78.792788,38.069504],[-78.7792,38.08347],[-78.781152,38.097835],[-78.788073,38.126404],[-78.772112,38.153362],[-78.771769,38.166101],[-78.749396,38.206648],[-78.849234,38.273926],[-78.854173,38.278129],[-78.854301,38.278239],[-78.894094,38.306607],[-78.914289,38.304319],[-78.930195,38.313144],[-78.996579,38.350404],[-79.024659,38.366145],[-79.2243090862597,38.4776607800969],[-79.225669,38.476471],[-79.23162,38.474041],[-79.234408,38.473011],[-79.240059,38.469841],[-79.242024,38.464332],[-79.241854,38.457055],[-79.242641,38.454168],[-79.247342,38.453294],[-79.253067,38.455818],[-79.254435,38.455949],[-79.261107,38.448082],[-79.26291,38.444586],[-79.263376,38.443762],[-79.265327,38.441772],[-79.267414,38.438322],[-79.272064,38.437376],[-79.274529,38.436337],[-79.282225,38.432078],[-79.282762,38.431647],[-79.282663,38.431021],[-79.28247,38.429168],[-79.280581,38.426833],[-79.280263,38.425475],[-79.279678,38.424173],[-79.280149,38.42076],[-79.282971,38.418095],[-79.285613,38.419249],[-79.286874,38.420555],[-79.288432,38.42096],[-79.290529,38.420757],[-79.291813,38.419627],[-79.295712,38.418129],[-79.297758,38.416438],[-79.300081,38.414888],[-79.312276,38.411876],[-79.312348,38.411853],[-79.322823,38.401667],[-79.308669,38.39393],[-79.308692,38.382707],[-79.324983,38.381359],[-79.340276,38.366334],[-79.387487,38.309051],[-79.391411,38.292132],[-79.400218,38.293538],[-79.408647,38.278007],[-79.399613,38.260675],[-79.409738,38.243094],[-79.43367,38.229493],[-79.438103,38.216235],[-79.464806,38.222231],[-79.481132,38.216478],[-79.483456,38.205399],[-79.495946,38.200918],[-79.512158,38.180419],[-79.52732,38.170797]],[[-79.113042,38.152277],[-79.109982,38.161841],[-79.101322,38.179419],[-79.098403,38.182775],[-79.082282,38.188322],[-79.078367,38.186014],[-79.060144,38.18684],[-79.033789,38.199018],[-79.022162,38.190705],[-79.024304,38.176508],[-79.013051,38.16828],[-79.013061,38.165159],[-79.019319,38.148071],[-79.030656,38.132835],[-79.038096,38.130024],[-79.048755,38.122104],[-79.086569,38.126964],[-79.091559,38.132128],[-79.108033,38.14314],[-79.113042,38.152277]],[[-78.943198,38.06202],[-78.950277,38.069486],[-78.932074,38.083463],[-78.92872,38.091305],[-78.916365,38.090917],[-78.903795,38.099802],[-78.898685,38.098046],[-78.89065,38.098292],[-78.877008,38.092661],[-78.864449,38.095738],[-78.855918,38.074652],[-78.871469,38.040441],[-78.901192,38.045255],[-78.924319,38.032706],[-78.93023,38.049548],[-78.949417,38.056956],[-78.943229,38.061896],[-78.943198,38.06202]]]}},{"type":"Feature","properties":{"code":"US-51017","name":"Bath","label":"Bath County","type":"County","parentCode":"US-VA"},"geometry":{"type":"Polygon","coordinates":[[[-80.051043,37.956852],[-80.0563291815345,37.9522744732365],[-80.027439,37.942999],[-80.001856,37.960503],[-79.976133,37.953958],[-79.933499,37.953441],[-79.894205,37.898022],[-79.887256,37.892959],[-79.854728,37.887808],[-79.80806,37.880769],[-79.749814,37.885402],[-79.692793,37.844458],[-79.660575,37.872104],[-79.647589,37.874538],[-79.609241,37.935486],[-79.581865,37.954397],[-79.53386,38.003321],[-79.511144,38.035258],[-79.524495,38.041123],[-79.510286,38.051398],[-79.482668,38.086054],[-79.493253,38.095384],[-79.46918,38.124534],[-79.445118,38.147568],[-79.436678,38.1628],[-79.458334,38.163057],[-79.481603,38.170301],[-79.509181,38.154939],[-79.527044,38.151831],[-79.52732,38.170797],[-79.512158,38.180419],[-79.562018,38.198805],[-79.706196,38.221192],[-79.753795,38.242698],[-79.7961001204602,38.266413403698],[-79.798295,38.265957],[-79.801274,38.261474],[-79.806333,38.259193],[-79.811987,38.260401],[-79.814202,38.258174],[-79.815708,38.255065],[-79.815719,38.253645],[-79.814865,38.251568],[-79.817149,38.249511],[-79.819623,38.248234],[-79.82101,38.248277],[-79.825283,38.250488],[-79.830882,38.249687],[-79.832971,38.247553],[-79.834031,38.244957],[-79.834171,38.242899],[-79.835124,38.241892],[-79.837494,38.241276],[-79.842981,38.241594],[-79.845207,38.241082],[-79.846445,38.240003],[-79.850324,38.233329],[-79.856962,38.231075],[-79.863625,38.223945],[-79.879087,38.211016],[-79.884234,38.207868],[-79.886413,38.207953],[-79.888045,38.20736],[-79.891591,38.204652],[-79.891999,38.203378],[-79.892345,38.202397],[-79.892916,38.199868],[-79.898426,38.193045],[-79.90609,38.188999],[-79.910961,38.18792],[-79.91441,38.188418],[-79.916344,38.186278],[-79.916174,38.184386],[-79.917061,38.183741],[-79.921196,38.180378],[-79.921026,38.179954],[-79.916622,38.177994],[-79.916765,38.175504],[-79.918629,38.172671],[-79.918913,38.170439],[-79.917924,38.168399],[-79.916072,38.168428],[-79.915065,38.168088],[-79.914884,38.167524],[-79.918662,38.15479],[-79.923125,38.150874],[-79.925251,38.150465],[-79.925512,38.150237],[-79.928683,38.144928],[-79.928747,38.144436],[-79.929031,38.139771],[-79.933751,38.135508],[-79.942747,38.134333],[-79.944843,38.131585],[-79.9422501492873,38.1227972123017],[-79.938952,38.111619],[-79.938051,38.110759],[-79.934364,38.109718],[-79.929687,38.109197],[-79.92633,38.107151],[-79.927645,38.104826],[-79.931034,38.101402],[-79.933911,38.099168],[-79.93425,38.097669],[-79.935101,38.096541],[-79.938274,38.094741],[-79.942364,38.091588],[-79.949113,38.084238],[-79.953509,38.081484],[-79.954369,38.080397],[-79.960093,38.068677],[-79.959844,38.063697],[-79.968189,38.047709],[-79.971231,38.044326],[-79.973895,38.040004],[-79.973777,38.038744],[-79.972165,38.036102],[-79.973701,38.032556],[-79.975269,38.030075],[-79.976732,38.029278],[-79.978427,38.029082],[-79.98029,38.027596],[-79.985619,38.01916],[-79.985792,38.018089],[-79.984842,38.01661],[-79.986142,38.014182],[-79.990114,38.013246],[-79.994985,38.007853],[-79.995901,38.005791],[-79.995398,38.003309],[-79.996134,38.000996],[-79.999384,37.995842],[-80.002507,37.992767],[-80.008888,37.99083],[-80.012193,37.988633],[-80.012891,37.987443],[-80.012555,37.985999],[-80.013145,37.984253],[-80.024168,37.976907],[-80.036236,37.96792],[-80.04841,37.957481],[-80.051043,37.956852]]]}},{"type":"Feature","properties":{"code":"US-51019","name":"Bedford","label":"Bedford County","type":"County","parentCode":"US-VA"},"geometry":{"type":"Polygon","coordinates":[[[-79.850993,37.284442],[-79.858405,37.267155],[-79.846901,37.241304],[-79.847217,37.225406],[-79.842677,37.216547],[-79.818161,37.226201],[-79.806065,37.215174],[-79.782145,37.232729],[-79.776606,37.202627],[-79.751251,37.189156],[-79.722359,37.192307],[-79.71173,37.173593],[-79.702476,37.149103],[-79.666536,37.145417],[-79.650888,37.126175],[-79.649006,37.118231],[-79.641069,37.103113],[-79.611628,37.086487],[-79.622408,37.078611],[-79.593061,37.052868],[-79.594069,37.042206],[-79.562621,37.035017],[-79.548938,37.053218],[-79.535614,37.041127],[-79.475454,37.010771],[-79.458993,37.016944],[-79.483272,37.03529],[-79.487418,37.052758],[-79.489516,37.0625],[-79.442859,37.055867],[-79.39946,37.126242],[-79.350182,37.206178],[-79.330477,37.238418],[-79.290055,37.305056],[-79.282155,37.316788],[-79.269812,37.336416],[-79.257603,37.35576],[-79.254097,37.361217],[-79.250341,37.36708],[-79.232734,37.394687],[-79.246468,37.40085],[-79.241444,37.419145],[-79.26838,37.431251],[-79.266986,37.447868],[-79.246499,37.447286],[-79.220767,37.459851],[-79.209961,37.46897],[-79.185702,37.46582],[-79.209467,37.477518],[-79.225093,37.494444],[-79.223714,37.506344],[-79.258075,37.494165],[-79.262593,37.508055],[-79.298105,37.500925],[-79.302683,37.504856],[-79.313804,37.510224],[-79.32727,37.512275],[-79.339299,37.516608],[-79.345314,37.521041],[-79.367342,37.551148],[-79.384118,37.594329],[-79.404525,37.607514],[-79.424213,37.601078],[-79.436947,37.617057],[-79.457967,37.605835],[-79.446226,37.576255],[-79.434068,37.572327],[-79.478987,37.548379],[-79.498699,37.532797],[-79.518941,37.508447],[-79.546351,37.489194],[-79.567365,37.487717],[-79.588526,37.449596],[-79.626124,37.455284],[-79.634206,37.457021],[-79.659606,37.485073],[-79.69006,37.476374],[-79.719076,37.448957],[-79.757369,37.424743],[-79.762841,37.423703],[-79.786615,37.410957],[-79.791802,37.408758],[-79.814203,37.403654],[-79.797385,37.385158],[-79.776984,37.380839],[-79.779208,37.370823],[-79.788679,37.34935],[-79.820209,37.33103],[-79.844198,37.31775],[-79.847476,37.309352],[-79.839607,37.300414],[-79.850993,37.284442]]]}},{"type":"Feature","properties":{"code":"US-51021","name":"Bland","label":"Bland County","type":"County","parentCode":"US-VA"},"geometry":{"type":"Polygon","coordinates":[[[-81.462279,37.035402],[-81.43673,37.010135],[-81.379402,36.952442],[-81.367228,36.967217],[-81.355827,36.964517],[-81.338326,36.975417],[-81.315425,36.998517],[-81.286458,37.018993],[-81.224624,37.047835],[-81.191819,37.037035],[-81.178854,37.025099],[-81.166057,37.024653],[-81.131036,37.038095],[-81.114319,37.022612],[-81.106884,37.025146],[-81.032514,37.046858],[-80.972963,37.054817],[-80.912674,37.073349],[-80.930627,37.115087],[-80.896151,37.122989],[-80.887031,37.127274],[-80.854627,37.147482],[-80.881129,37.171058],[-80.867261,37.187671],[-80.894041,37.179375],[-80.993872,37.260672],[-81.014079,37.27563],[-80.980146,37.292743],[-80.981322,37.293465],[-80.982173,37.296023],[-80.979106,37.300581],[-80.979589,37.302279],[-80.996013,37.299545],[-81.000576,37.297868],[-81.008457,37.296073],[-81.021937,37.294143],[-81.037191,37.290251],[-81.084012,37.284401],[-81.09482,37.28264],[-81.112596,37.278497],[-81.1234048818848,37.2751130599252],[-81.1236616608042,37.2750326700676],[-81.142404,37.269165],[-81.158964,37.265382],[-81.1602707804801,37.2649767603248],[-81.167029,37.262881],[-81.178151,37.257979],[-81.1844879477754,37.2544167132402],[-81.204774,37.243013],[-81.225104,37.234874],[-81.243553,37.224062],[-81.283786,37.213749],[-81.263864,37.173018],[-81.31376,37.159447],[-81.333009,37.149137],[-81.32814,37.138949],[-81.269362,37.12779],[-81.261318,37.114727],[-81.270078,37.093012],[-81.326273,37.067374],[-81.357998,37.058295],[-81.399281,37.057678],[-81.436602,37.041137],[-81.462279,37.035402]]]}},{"type":"Feature","properties":{"code":"US-51023","name":"Botetourt","label":"Botetourt County","type":"County","parentCode":"US-VA"},"geometry":{"type":"Polygon","coordinates":[[[-80.074119,37.422469],[-80.062622,37.408325],[-80.051755,37.404087],[-79.94604,37.363176],[-79.945616,37.362997],[-79.920321,37.352193],[-79.887589,37.338102],[-79.865684,37.328668],[-79.857699,37.320408],[-79.847476,37.309352],[-79.844198,37.31775],[-79.820209,37.33103],[-79.788679,37.34935],[-79.779208,37.370823],[-79.776984,37.380839],[-79.797385,37.385158],[-79.814203,37.403654],[-79.791802,37.408758],[-79.786615,37.410957],[-79.762841,37.423703],[-79.757369,37.424743],[-79.719076,37.448957],[-79.69006,37.476374],[-79.659606,37.485073],[-79.634206,37.457021],[-79.626124,37.455284],[-79.588526,37.449596],[-79.567365,37.487717],[-79.546351,37.489194],[-79.518941,37.508447],[-79.498699,37.532797],[-79.57791,37.580807],[-79.573231,37.595569],[-79.608748,37.616751],[-79.673048,37.655446],[-79.683554,37.661763],[-79.667733,37.694509],[-79.676341,37.698803],[-79.68877,37.734747],[-79.674162,37.763093],[-79.816721,37.800973],[-79.845321,37.782314],[-79.844455,37.774588],[-79.86708,37.748685],[-79.890347,37.738063],[-79.910182,37.712176],[-79.91756,37.701848],[-79.941717,37.698951],[-79.957365,37.683782],[-80.020554,37.647442],[-80.032033,37.638563],[-80.027621,37.624218],[-79.969071,37.544408],[-80.009496,37.510827],[-80.047594,37.443103],[-80.074119,37.422469]]]}},{"type":"Feature","properties":{"code":"US-51025","name":"Brunswick","label":"Brunswick County","type":"County","parentCode":"US-VA"},"geometry":{"type":"Polygon","coordinates":[[[-78.040489,36.61209],[-78.0462112119251,36.5441680334942],[-78.03942,36.544196],[-78.038938,36.544173],[-77.899771,36.544663],[-77.882357,36.544737],[-77.8822265251281,36.5447373134199],[-77.87528,36.544754],[-77.7722852822259,36.5453822666301],[-77.7671232503754,36.5454137549669],[-77.655841,36.713539],[-77.656377,36.757209],[-77.657092,36.829343],[-77.657895,36.894514],[-77.715194,36.914802],[-77.715683,36.927227],[-77.76269,36.971748],[-77.775406,36.974703],[-77.781907,36.979441],[-77.841382,36.995941],[-77.850695,36.988107],[-77.889813,36.988818],[-77.917549,36.983673],[-77.968114,36.987292],[-77.978425,36.998579],[-77.996024,37.022362],[-78.003639,37.022756],[-78.00762,36.981692],[-78.026698,36.783691],[-78.027411,36.777858],[-78.040489,36.61209]]]}},{"type":"Feature","properties":{"code":"US-51027","name":"Buchanan","label":"Buchanan County","type":"County","parentCode":"US-VA"},"geometry":{"type":"Polygon","coordinates":[[[-82.309415,37.300066],[-82.3143123901533,37.296224662827],[-82.293344,37.30607],[-82.250647,37.273201],[-82.236308,37.212014],[-82.201173,37.155885],[-82.172349,37.128869],[-82.168322,37.113975],[-82.157589,37.088641],[-82.136024,37.061303],[-82.149375,37.041641],[-82.13629,37.04378],[-82.110953,37.041228],[-82.101748,37.050963],[-82.075701,37.038217],[-82.045338,37.046669],[-82.027235,37.065971],[-82.007037,37.120198],[-82.001471,37.117849],[-81.991447,37.12833],[-81.914916,37.130706],[-81.900892,37.142553],[-81.897262,37.152228],[-81.875186,37.153141],[-81.866285,37.158765],[-81.870608,37.166838],[-81.857503,37.1743],[-81.821729,37.178675],[-81.786977,37.191498],[-81.761894,37.201927],[-81.7392766866866,37.2388369743647],[-81.744003,37.242528],[-81.744291,37.244178],[-81.74342,37.245858],[-81.743505,37.247601],[-81.740974,37.254052],[-81.741662,37.254784],[-81.7417015805407,37.2547940862745],[-81.743008,37.255127],[-81.745445,37.258125],[-81.745505,37.26133],[-81.746109,37.263597],[-81.747656,37.264329],[-81.75129,37.265131],[-81.752123,37.265568],[-81.752912,37.266614],[-81.755012,37.26772],[-81.757531,37.27001],[-81.757714,37.271124],[-81.75773,37.271934],[-81.757631,37.274003],[-81.76022,37.275254],[-81.761752,37.275713],[-81.762776,37.275391],[-81.763836,37.275218],[-81.765195,37.275099],[-81.767837,37.274216],[-81.774684,37.274807],[-81.774747,37.274847],[-81.777319,37.275873],[-81.77935,37.277394],[-81.779362,37.279982],[-81.783122,37.28258],[-81.7884619911651,37.2841685002883],[-81.789294,37.284416],[-81.793425,37.281674],[-81.793639,37.282188],[-81.793115,37.283538],[-81.793595,37.284838],[-81.803275,37.285916],[-81.805382,37.285622],[-81.807232,37.283175],[-81.809184,37.283003],[-81.810559,37.28298],[-81.813222,37.281091],[-81.816702,37.279865],[-81.819625,37.279411],[-81.825065,37.279536],[-81.83447,37.281763],[-81.834387,37.283086],[-81.833406,37.284535],[-81.834432,37.285416],[-81.838762,37.286343],[-81.84231,37.285556],[-81.843167,37.285586],[-81.846807,37.284649],[-81.849949,37.285227],[-81.853551,37.287701],[-81.854059,37.291352],[-81.853488,37.294763],[-81.854465,37.299937],[-81.853978,37.300418],[-81.853645,37.300779],[-81.85446,37.30657],[-81.856032,37.306742],[-81.859624,37.304765],[-81.862031,37.305648],[-81.86476,37.308404],[-81.865219,37.308839],[-81.865683,37.309484],[-81.865429,37.31012],[-81.863712,37.31223],[-81.859928,37.313965],[-81.860267,37.315715],[-81.867425,37.320838],[-81.87018,37.320667],[-81.872662,37.323314],[-81.873213,37.325065],[-81.878343,37.328837],[-81.878713,37.331753],[-81.879601,37.332074],[-81.880886,37.331146],[-81.885075,37.330665],[-81.886952,37.330725],[-81.887722,37.331156],[-81.892876,37.330134],[-81.893773,37.330105],[-81.894768,37.331381],[-81.894797,37.332012],[-81.895489,37.332022],[-81.896001,37.331967],[-81.8963764047878,37.3328691439523],[-81.899459,37.340277],[-81.899495,37.341102],[-81.902992,37.34234],[-81.903795,37.34305],[-81.905945,37.342775],[-81.906368,37.34276],[-81.907322,37.343119],[-81.907895,37.343783],[-81.910875,37.348729],[-81.911487,37.348839],[-81.911951,37.349339],[-81.916678,37.349346],[-81.920279,37.353402],[-81.920711,37.355416],[-81.921571,37.356423],[-81.925643,37.357316],[-81.926589,37.358942],[-81.928497,37.360645],[-81.926697,37.364618],[-81.929915,37.366589],[-81.9299369841502,37.366599952677],[-81.930194,37.366728],[-81.933895,37.372747],[-81.932763,37.374229],[-81.93388,37.377796],[-81.935872,37.378554],[-81.936744,37.38073],[-81.933601,37.389217],[-81.928778,37.393845],[-81.92828,37.398059],[-81.930786,37.401656],[-81.930042,37.405291],[-81.927338,37.406844],[-81.925764,37.406874],[-81.924506,37.407613],[-81.923481,37.411379],[-81.932468,37.415217],[-81.93695,37.41992],[-81.940553,37.429058],[-81.937838,37.432111],[-81.935316,37.43639],[-81.935621,37.438397],[-81.938843,37.440463],[-81.941175,37.440485],[-81.942856,37.439929],[-81.945765,37.440214],[-81.949367,37.445687],[-81.9541415827977,37.4468969372635],[-81.958672,37.448045],[-81.965582,37.446918],[-81.969342,37.450324],[-81.968795,37.451496],[-81.976176,37.457186],[-81.980013,37.45721],[-81.984891,37.454315],[-81.987006,37.454878],[-81.99227,37.460916],[-81.995649,37.469833],[-81.996578,37.476705],[-81.992916,37.482969],[-81.989849,37.484879],[-81.985703,37.485681],[-81.980327,37.485447],[-81.979169,37.484604],[-81.977593,37.484603],[-81.97073,37.489904],[-81.964986,37.493488],[-81.957213,37.491504],[-81.953264,37.491763],[-81.952681,37.492274],[-81.952735,37.494162],[-81.954167,37.495302],[-81.954364,37.496084],[-81.954077,37.499822],[-81.953147,37.501314],[-81.951831,37.50205],[-81.949188,37.502376],[-81.945957,37.501901],[-81.943912,37.502929],[-81.944188,37.506976],[-81.943045,37.508609],[-81.941151,37.509483],[-81.932279,37.511961],[-81.92787,37.512118],[-81.9277586640962,37.5122085217842],[-81.926736,37.51304],[-81.926391,37.514207],[-81.933088,37.518968],[-81.943693,37.521212],[-81.947085,37.523913],[-81.94766,37.52508],[-81.947545,37.52753],[-81.943981,37.5303],[-81.94401,37.530964],[-81.946022,37.531742],[-81.953524,37.528056],[-81.95663,37.52849],[-81.957693,37.529841],[-81.957436,37.533206],[-81.956947,37.534259],[-81.957379,37.535198],[-81.959362,37.53522],[-81.967583,37.532815],[-81.969279,37.534325],[-81.968297,37.537798],[-82.050888,37.480527],[-82.062809,37.470911],[-82.124854,37.427272],[-82.1498258152267,37.4103307484948],[-82.201745,37.375108],[-82.202688,37.374041],[-82.254352,37.337745],[-82.2544624321979,37.3376682449765],[-82.2864525052966,37.3154337983343],[-82.291908,37.311642],[-82.309415,37.300066]]]}},{"type":"Feature","properties":{"code":"US-51029","name":"Buckingham","label":"Buckingham County","type":"County","parentCode":"US-VA"},"geometry":{"type":"Polygon","coordinates":[[[-78.82914,37.594642],[-78.830339,37.580942],[-78.813339,37.568152],[-78.825238,37.552542],[-78.705011,37.456593],[-78.683224,37.428974],[-78.635714,37.416193],[-78.630175,37.38425],[-78.594436,37.397974],[-78.580828,37.391515],[-78.591669,37.3806],[-78.579357,37.377362],[-78.578951,37.364115],[-78.569751,37.372218],[-78.548482,37.346728],[-78.536469,37.350462],[-78.511491,37.329724],[-78.490165,37.329612],[-78.486567,37.340052],[-78.47154,37.340623],[-78.465089,37.339677],[-78.30759,37.556578],[-78.302315,37.563517],[-78.249021,37.635546],[-78.239748,37.690495],[-78.261569,37.692483],[-78.302422,37.710463],[-78.324226,37.714565],[-78.365616,37.731897],[-78.405596,37.735263],[-78.464149,37.7602],[-78.491345,37.796956],[-78.497714,37.7631],[-78.512848,37.757222],[-78.544774,37.763941],[-78.580797,37.754047],[-78.612023,37.756321],[-78.643918,37.733084],[-78.646734,37.722245],[-78.653937,37.716039],[-78.655935,37.703543],[-78.641666,37.683675],[-78.664359,37.680181],[-78.677134,37.69624],[-78.695737,37.692943],[-78.688241,37.678643],[-78.71904,37.661543],[-78.719279,37.635386],[-78.739437,37.631542],[-78.788128,37.642038],[-78.82124,37.631842],[-78.811042,37.601741],[-78.82914,37.594642]]]}},{"type":"Feature","properties":{"code":"US-51031","name":"Campbell","label":"Campbell County","type":"County","parentCode":"US-VA"},"geometry":{"type":"Polygon","coordinates":[[[-79.442859,37.055867],[-79.405242,37.063242],[-79.404731,37.091777],[-79.387549,37.092948],[-79.362538,37.119797],[-79.339519,37.137454],[-79.321913,37.120921],[-79.295256,37.104805],[-79.282818,37.105627],[-79.272657,37.111164],[-79.269642,37.119063],[-79.259288,37.131076],[-79.25191,37.132441],[-79.243837,37.123124],[-79.227887,37.098529],[-79.215895,37.11892],[-79.200845,37.098401],[-79.205975,37.076588],[-79.193691,37.054911],[-79.182374,37.069618],[-79.143478,37.075852],[-79.127139,37.089864],[-79.111053,37.068737],[-79.092264,37.061498],[-79.060686,37.047543],[-79.015081,37.038976],[-79.001608,37.030975],[-78.971675,37.05006],[-78.904587,37.022288],[-78.902227,37.026799],[-78.830889,37.189887],[-78.824209,37.205361],[-78.856928,37.212008],[-78.863198,37.24049],[-78.892712,37.248638],[-78.919869,37.245545],[-78.921904,37.247553],[-78.92901,37.278684],[-78.949703,37.292501],[-78.953447,37.317112],[-78.967596,37.340386],[-78.973397,37.349927],[-79.021687,37.429243],[-79.040766,37.433677],[-79.045476,37.416111],[-79.070862,37.421341],[-79.066776,37.38593],[-79.084898,37.394137],[-79.101984,37.377878],[-79.11991,37.368844],[-79.1326,37.376006],[-79.179497,37.341998],[-79.18481,37.342154],[-79.187354,37.343045],[-79.197072,37.344918],[-79.206723,37.341138],[-79.212943,37.334789],[-79.215418,37.333192],[-79.233188,37.346763],[-79.252749,37.357504],[-79.257603,37.35576],[-79.269812,37.336416],[-79.282155,37.316788],[-79.290055,37.305056],[-79.330477,37.238418],[-79.350182,37.206178],[-79.39946,37.126242],[-79.442859,37.055867]]]}},{"type":"Feature","properties":{"code":"US-51033","name":"Caroline","label":"Caroline County","type":"County","parentCode":"US-VA"},"geometry":{"type":"Polygon","coordinates":[[[-77.642518,37.990688],[-77.643457,37.979708],[-77.613874,37.958973],[-77.618429,37.950216],[-77.581241,37.950597],[-77.562118,37.936377],[-77.55662,37.922047],[-77.528882,37.9208],[-77.514783,37.904329],[-77.493333,37.897271],[-77.48417,37.883369],[-77.458267,37.890153],[-77.445147,37.894696],[-77.421989,37.864929],[-77.428267,37.829567],[-77.407813,37.80333],[-77.404745,37.779913],[-77.373677,37.777013],[-77.369909,37.78865],[-77.36226,37.797653],[-77.345223,37.789285],[-77.345575,37.792204],[-77.315057,37.816325],[-77.250228,37.872453],[-77.24809,37.87747],[-77.2485,37.886086],[-77.243162,37.900241],[-77.241679,37.90955],[-77.211493,37.901163],[-77.210202,37.886184],[-77.181418,37.891654],[-77.186414,37.911249],[-77.181962,37.949577],[-77.167284,37.963904],[-77.148634,37.972],[-77.105848,37.971431],[-77.070115,37.96477],[-77.072658,37.994739],[-77.08897,38.013644],[-77.130691,38.017731],[-77.121793,38.033628],[-77.145491,38.046356],[-77.144905,38.057395],[-77.169637,38.078654],[-77.145262,38.094261],[-77.144408,38.120851],[-77.105198,38.127613],[-77.115997,38.149931],[-77.130397,38.163431],[-77.164598,38.16503],[-77.18839,38.174665],[-77.2143,38.197029],[-77.2323,38.196929],[-77.2298,38.18783],[-77.254001,38.18943],[-77.242001,38.210729],[-77.251801,38.229628],[-77.22871,38.235106],[-77.226713,38.24394],[-77.249801,38.250728],[-77.275302,38.247528],[-77.279802,38.224729],[-77.291402,38.223729],[-77.290302,38.238728],[-77.309419,38.234737],[-77.326692,38.245136],[-77.340623,38.252616],[-77.370297,38.246576],[-77.379694,38.238413],[-77.440229,38.177318],[-77.480014,38.141077],[-77.53137,38.092434],[-77.570659,38.055441],[-77.610901,38.017757],[-77.626219,38.003429],[-77.642518,37.990688]]]}},{"type":"Feature","properties":{"code":"US-51035","name":"Carroll","label":"Carroll County","type":"County","parentCode":"US-VA"},"geometry":{"type":"Polygon","coordinates":[[[-81.030306,36.814522],[-81.042428,36.806448],[-80.932271,36.671593],[-80.917573,36.694133],[-80.883689,36.694731],[-80.878301,36.692618],[-80.888758,36.675437],[-80.900219,36.665606],[-80.900242,36.663898],[-80.914173,36.650246],[-80.906706,36.641356],[-80.8379544979468,36.5591308803947],[-80.837641,36.559118],[-80.837089,36.559154],[-80.80392,36.560813],[-80.773663,36.560307],[-80.7450534648508,36.5616558333666],[-80.7450526069525,36.5616558738133],[-80.730351,36.562349],[-80.704831,36.562319],[-80.6960472824307,36.5617904277412],[-80.6533824177394,36.5592230109583],[-80.653349,36.559221],[-80.6329592503052,36.5586405978256],[-80.624788,36.558408],[-80.6120580996221,36.5578718895589],[-80.615254,36.588909],[-80.625704,36.604287],[-80.621751,36.619833],[-80.591767,36.657226],[-80.594947,36.661372],[-80.552399,36.652112],[-80.549872,36.642479],[-80.525522,36.644114],[-80.500701,36.656551],[-80.488737,36.650354],[-80.489307,36.661633],[-80.465776,36.67342],[-80.45811,36.696526],[-80.45377,36.700447],[-80.46418,36.708718],[-80.567009,36.843305],[-80.633987,36.93178],[-80.67613,36.908037],[-80.68259,36.895144],[-80.740483,36.879001],[-80.794776,36.863387],[-80.812735,36.853232],[-80.856422,36.848196],[-80.860193,36.847356],[-80.951778,36.827191],[-81.022269,36.811313],[-81.030306,36.814522]]]}},{"type":"Feature","properties":{"code":"US-51036","name":"Charles City","label":"Charles City County","type":"County","parentCode":"US-VA"},"geometry":{"type":"Polygon","coordinates":[[[-77.264595,37.344052],[-77.270675,37.320756],[-77.251502,37.308863],[-77.220492,37.319275],[-77.187549,37.31146],[-77.135869,37.303693],[-77.12511,37.302921],[-77.096655,37.312183],[-77.086164,37.310904],[-77.079555,37.274275],[-77.069269,37.269742],[-77.010096,37.305251],[-76.996003,37.300979],[-76.991363,37.278005],[-76.972439,37.248501],[-76.969589,37.246221],[-76.9431873557451,37.2342444451873],[-76.936145,37.238817],[-76.907624,37.242601],[-76.8753156074675,37.2609825276334],[-76.882047,37.271683],[-76.871685,37.295597],[-76.880005,37.309874],[-76.874437,37.365427],[-76.88477,37.368566],[-76.909647,37.348643],[-76.904471,37.377665],[-76.917932,37.384261],[-76.90492,37.404914],[-76.92761,37.399566],[-76.942518,37.383238],[-76.93847,37.407354],[-76.968821,37.406511],[-76.971672,37.418353],[-77.021316,37.41601],[-77.026677,37.429006],[-77.038375,37.429178],[-77.046913,37.431791],[-77.058965,37.42888],[-77.076287,37.441287],[-77.095814,37.440292],[-77.138175,37.469814],[-77.142443,37.468569],[-77.177324,37.4906],[-77.222839,37.407099],[-77.214593,37.393522],[-77.224269,37.380221],[-77.248749,37.394735],[-77.249665,37.382],[-77.244167,37.369274],[-77.264595,37.344052]]]}},{"type":"Feature","properties":{"code":"US-51037","name":"Charlotte","label":"Charlotte County","type":"County","parentCode":"US-VA"},"geometry":{"type":"Polygon","coordinates":[[[-78.902227,37.026799],[-78.904587,37.022288],[-78.891773,37.00269],[-78.897094,36.977685],[-78.870371,36.986068],[-78.817455,36.98402],[-78.805039,36.976566],[-78.794862,36.955988],[-78.775898,36.955481],[-78.774715,36.980976],[-78.748358,36.987057],[-78.757614,36.997722],[-78.749727,37.008483],[-78.740441,37.001564],[-78.7337,36.949163],[-78.727686,36.937454],[-78.748461,36.929295],[-78.749727,36.920065],[-78.723376,36.90567],[-78.701854,36.883308],[-78.666554,36.846452],[-78.686878,36.824331],[-78.666995,36.811822],[-78.682652,36.797222],[-78.666145,36.764363],[-78.687824,36.744845],[-78.6909,36.73876],[-78.665822,36.706763],[-78.648541,36.697909],[-78.563265,36.803598],[-78.507365,36.872868],[-78.493028,36.89122],[-78.47794,36.950062],[-78.443644,37.079371],[-78.447977,37.078171],[-78.475129,37.086049],[-78.503764,37.106854],[-78.515336,37.132722],[-78.541917,37.140776],[-78.547468,37.150487],[-78.592817,37.143974],[-78.634927,37.170064],[-78.644621,37.194323],[-78.692432,37.203673],[-78.681573,37.248759],[-78.720331,37.237098],[-78.734854,37.220229],[-78.777293,37.229107],[-78.808198,37.201852],[-78.824209,37.205361],[-78.830889,37.189887],[-78.902227,37.026799]]]}},{"type":"Feature","properties":{"code":"US-51041","name":"Chesterfield","label":"Chesterfield County","type":"County","parentCode":"US-VA"},"geometry":{"type":"Polygon","coordinates":[[[-77.867779,37.394498],[-77.877556,37.366247],[-77.851804,37.354867],[-77.837346,37.33838],[-77.797462,37.333712],[-77.808857,37.31599],[-77.80675,37.304526],[-77.784864,37.296492],[-77.75862,37.268717],[-77.738024,37.270358],[-77.734912,37.284575],[-77.717442,37.284855],[-77.716211,37.296878],[-77.701485,37.29613],[-77.693035,37.281556],[-77.669835,37.292771],[-77.664765,37.287776],[-77.65061,37.265112],[-77.613349,37.270877],[-77.600494,37.253683],[-77.57212,37.23712],[-77.568683,37.239648],[-77.5604,37.225661],[-77.536115,37.226335],[-77.519026,37.217351],[-77.499715,37.224266],[-77.4861,37.225353],[-77.475999,37.225036],[-77.471602,37.22557],[-77.447408,37.223066],[-77.432655,37.225866],[-77.416501,37.233208],[-77.417705,37.247149],[-77.415595,37.263948],[-77.416505,37.264574],[-77.426774,37.269139],[-77.431794,37.275912],[-77.423108,37.274456],[-77.412319,37.28303],[-77.400761,37.271686],[-77.390992,37.28655],[-77.389379,37.287365],[-77.389149,37.287357],[-77.368203,37.298549],[-77.362322,37.282162],[-77.379193,37.26758],[-77.382521,37.242837],[-77.395435,37.239376],[-77.403671,37.237346],[-77.395349,37.238088],[-77.385773,37.238192],[-77.376785,37.244849],[-77.373735,37.266949],[-77.356582,37.283125],[-77.350326,37.311925],[-77.335666,37.313039],[-77.334713,37.314403],[-77.297908,37.312508],[-77.296952,37.31016],[-77.295229,37.309622],[-77.296227,37.310221],[-77.29316,37.31275],[-77.284019,37.313012],[-77.281955,37.319012],[-77.270675,37.320756],[-77.264595,37.344052],[-77.244167,37.369274],[-77.249665,37.382],[-77.263818,37.378289],[-77.277085,37.352231],[-77.305485,37.357997],[-77.311526,37.373278],[-77.298205,37.392087],[-77.304214,37.405938],[-77.315591,37.382842],[-77.327171,37.377465],[-77.361937,37.376057],[-77.369495,37.392041],[-77.386654,37.387134],[-77.401652,37.422951],[-77.403006,37.418],[-77.426873,37.426148],[-77.427682,37.436569],[-77.420737,37.447524],[-77.426479,37.451379],[-77.442643,37.460359],[-77.450238,37.460597],[-77.459383,37.464327],[-77.461608,37.462524],[-77.466828,37.463924],[-77.479551,37.458851],[-77.486165,37.4591],[-77.486388,37.459024],[-77.495549,37.463127],[-77.500739,37.464014],[-77.512248,37.472483],[-77.513655,37.479122],[-77.513697,37.479251],[-77.51673,37.482554],[-77.523139,37.501714],[-77.523176,37.5019],[-77.526715,37.515993],[-77.528468,37.525476],[-77.528469,37.526235],[-77.528859,37.531875],[-77.545036,37.528101],[-77.55452,37.543028],[-77.567764,37.534844],[-77.592448,37.532949],[-77.601173,37.545161],[-77.595462,37.55575],[-77.64984,37.559837],[-77.655399,37.563986],[-77.665331,37.554548],[-77.676264,37.546678],[-77.732738,37.506021],[-77.747867,37.494682],[-77.762624,37.484492],[-77.79784,37.458961],[-77.809003,37.426234],[-77.855148,37.418363],[-77.875093,37.417137],[-77.867779,37.394498]]]}},{"type":"Feature","properties":{"code":"US-51043","name":"Clarke","label":"Clarke County","type":"County","parentCode":"US-VA"},"geometry":{"type":"Polygon","coordinates":[[[-78.142073,39.061735],[-78.151614,39.036629],[-78.096992,39.012923],[-78.058174,39.019263],[-78.056262,39.016001],[-78.004313,38.979438],[-77.990275,38.996493],[-77.962203,39.013733],[-77.893279,39.055425],[-77.877596,39.078042],[-77.862825,39.080979],[-77.845843,39.115892],[-77.842687,39.1202],[-77.8283018332673,39.1324224548325],[-77.86088412513,39.1534464411503],[-77.8609286356256,39.1534751619062],[-78.032841,39.264403],[-78.0331853088999,39.2646209889705],[-78.04254,39.236631],[-78.057917,39.227727],[-78.075529,39.197812],[-78.073474,39.19336],[-78.07736,39.192094],[-78.073001,39.178085],[-78.085094,39.158536],[-78.090269,39.147661],[-78.108112,39.118103],[-78.101983,39.106261],[-78.110639,39.104255],[-78.142073,39.061735]]]}},{"type":"Feature","properties":{"code":"US-51045","name":"Craig","label":"Craig County","type":"County","parentCode":"US-VA"},"geometry":{"type":"Polygon","coordinates":[[[-80.46482,37.426144],[-80.4727968266129,37.4237800299575],[-80.436053,37.339744],[-80.443721,37.321124],[-80.430943,37.316378],[-80.351522,37.349193],[-80.32484,37.368833],[-80.262184,37.341526],[-80.246508,37.353942],[-80.200301,37.378356],[-80.147679,37.382492],[-80.074119,37.422469],[-80.047594,37.443103],[-80.009496,37.510827],[-79.969071,37.544408],[-80.027621,37.624218],[-80.032033,37.638563],[-80.020554,37.647442],[-80.032705,37.66029],[-80.087462,37.626671],[-80.104798,37.62269],[-80.145565,37.596428],[-80.178175,37.615134],[-80.205198,37.616293],[-80.220984,37.627767],[-80.223386,37.623185],[-80.226017,37.620059],[-80.240272,37.606961],[-80.24978,37.602117],[-80.258919,37.595499],[-80.26356,37.593374],[-80.270342,37.591149],[-80.28244,37.585481],[-80.294882,37.57877],[-80.328504,37.564315],[-80.312393,37.546239],[-80.314464,37.54412],[-80.321249,37.541419],[-80.324384,37.541052],[-80.327489,37.540022],[-80.330306,37.536244],[-80.309346,37.527381],[-80.291644,37.536505],[-80.282385,37.533517],[-80.299789,37.508271],[-80.309833,37.503827],[-80.309331,37.50288],[-80.314806,37.500943],[-80.320627,37.49888],[-80.327103,37.495376],[-80.332038,37.493744],[-80.343789,37.492148],[-80.366838,37.484879],[-80.36317,37.480001],[-80.369449,37.476599],[-80.371952,37.474069],[-80.378308,37.471381],[-80.382535,37.470367],[-80.39988,37.462314],[-80.402816,37.460322],[-80.425656,37.449876],[-80.443025,37.438126],[-80.451367,37.434039],[-80.457313,37.432267],[-80.46482,37.426144]]]}},{"type":"Feature","properties":{"code":"US-51047","name":"Culpeper","label":"Culpeper County","type":"County","parentCode":"US-VA"},"geometry":{"type":"Polygon","coordinates":[[[-78.214882,38.538439],[-78.231803,38.532539],[-78.181792,38.487378],[-78.134804,38.445104],[-78.131427,38.443741],[-78.118822,38.434382],[-78.126894,38.425882],[-78.096083,38.404343],[-78.091762,38.390235],[-78.111338,38.38188],[-78.117961,38.368822],[-78.107784,38.343808],[-78.091178,38.338835],[-78.091203,38.327403],[-78.104873,38.311839],[-78.09585,38.31232],[-78.094498,38.311242],[-78.077815,38.316294],[-78.066376,38.310824],[-78.036994,38.311945],[-78.029472,38.32843],[-77.993872,38.349348],[-77.975732,38.347087],[-77.972949,38.358946],[-77.958711,38.353656],[-77.911858,38.370668],[-77.908979,38.381503],[-77.886978,38.388159],[-77.884655,38.379137],[-77.841715,38.377502],[-77.835746,38.382087],[-77.794488,38.370697],[-77.782494,38.364465],[-77.78218,38.385897],[-77.771186,38.39303],[-77.702843,38.36084],[-77.679539,38.359908],[-77.645744,38.378107],[-77.633418,38.360183],[-77.618727,38.367835],[-77.621458,38.388107],[-77.63494,38.410218],[-77.69189,38.426873],[-77.735516,38.413116],[-77.755075,38.429398],[-77.761096,38.458148],[-77.774297,38.463036],[-77.781466,38.488057],[-77.800582,38.510707],[-77.814292,38.530554],[-77.820203,38.529071],[-77.838878,38.539888],[-77.847912,38.551413],[-77.877169,38.584891],[-77.862378,38.598527],[-77.860415,38.619395],[-77.880506,38.636511],[-77.871699,38.648548],[-77.885738,38.666509],[-77.901255,38.665503],[-77.902908,38.684181],[-77.906102,38.695893],[-77.931341,38.698374],[-77.935355,38.69584],[-78.065408,38.612636],[-78.090132,38.596786],[-78.175975,38.520792],[-78.214882,38.538439]]]}},{"type":"Feature","properties":{"code":"US-51049","name":"Cumberland","label":"Cumberland County","type":"County","parentCode":"US-VA"},"geometry":{"type":"Polygon","coordinates":[[[-78.465089,37.339677],[-78.440662,37.327241],[-78.413067,37.324179],[-78.392843,37.304651],[-78.389125,37.307309],[-78.385665,37.306175],[-78.35275,37.301606],[-78.350054,37.312559],[-78.322436,37.309126],[-78.292349,37.324918],[-78.277968,37.346694],[-78.258998,37.342837],[-78.259063,37.360645],[-78.235039,37.368102],[-78.240748,37.376252],[-78.220344,37.388179],[-78.197446,37.427661],[-78.13877,37.459666],[-78.132048,37.454686],[-78.116088,37.516994],[-78.087488,37.628044],[-78.089466,37.639415],[-78.072174,37.657385],[-78.109823,37.680406],[-78.090345,37.697637],[-78.093798,37.70945],[-78.134689,37.738013],[-78.159326,37.748528],[-78.18099,37.744959],[-78.225302,37.711579],[-78.239748,37.690495],[-78.249021,37.635546],[-78.302315,37.563517],[-78.30759,37.556578],[-78.465089,37.339677]]]}},{"type":"Feature","properties":{"code":"US-51051","name":"Dickenson","label":"Dickenson County","type":"County","parentCode":"US-VA"},"geometry":{"type":"Polygon","coordinates":[[[-82.553835,37.202841],[-82.5538643292855,37.2028191532953],[-82.546535,37.129195],[-82.544712,37.12499],[-82.497601,37.064584],[-82.494358,37.059954],[-82.478392,37.022845],[-82.467071,37.021968],[-82.450648,37.012582],[-82.403702,36.98589],[-82.394444,36.982159],[-82.378821,36.980806],[-82.362386,36.955717],[-82.32783,36.970982],[-82.284965,36.998429],[-82.261926,36.98945],[-82.246603,36.995716],[-82.196419,37.03103],[-82.184013,37.026797],[-82.168374,37.041159],[-82.149375,37.041641],[-82.136024,37.061303],[-82.157589,37.088641],[-82.168322,37.113975],[-82.172349,37.128869],[-82.201173,37.155885],[-82.236308,37.212014],[-82.250647,37.273201],[-82.293344,37.30607],[-82.3143123901533,37.296224662827],[-82.316028,37.294879],[-82.317083,37.293635],[-82.317395,37.290975],[-82.318957,37.287524],[-82.324619,37.28318],[-82.33157,37.282211],[-82.336942,37.279737],[-82.341849,37.280886],[-82.342068,37.274109],[-82.350948,37.267077],[-82.355343,37.26522],[-82.364535,37.264415],[-82.376595,37.2599],[-82.3794587766288,37.2600087293369],[-82.383285,37.260154],[-82.385663,37.259631],[-82.3860983414952,37.2595195530069],[-82.418085,37.251331],[-82.431022,37.246773],[-82.435728,37.246491],[-82.449164,37.243908],[-82.451998,37.242559],[-82.457016,37.238288],[-82.463073,37.238292],[-82.473275,37.235569],[-82.486439,37.231204],[-82.487317,37.230578],[-82.496308,37.227562],[-82.498858,37.227044],[-82.507895,37.222727],[-82.508342,37.222385],[-82.524464,37.214957],[-82.528746,37.213742],[-82.531787,37.212097],[-82.5359190760644,37.2103985911188],[-82.550372,37.204458],[-82.553835,37.202841]]]}},{"type":"Feature","properties":{"code":"US-51053","name":"Dinwiddie","label":"Dinwiddie County","type":"County","parentCode":"US-VA"},"geometry":{"type":"Polygon","coordinates":[[[-77.900254,37.143885],[-77.898892,37.117094],[-77.889813,36.988818],[-77.850695,36.988107],[-77.841382,36.995941],[-77.781907,36.979441],[-77.775406,36.974703],[-77.76269,36.971748],[-77.715683,36.927227],[-77.715194,36.914802],[-77.657895,36.894514],[-77.64827,36.897496],[-77.639012,36.873966],[-77.631052,36.887773],[-77.619029,36.877844],[-77.449409,36.966022],[-77.398498,36.992985],[-77.394725,37.034038],[-77.395862,37.112182],[-77.396887,37.154006],[-77.399203,37.17085],[-77.42347,37.165095],[-77.421978,37.179465],[-77.454588,37.187474],[-77.445202,37.196951],[-77.445423,37.199528],[-77.44172,37.213078],[-77.447408,37.223066],[-77.471602,37.22557],[-77.475999,37.225036],[-77.4861,37.225353],[-77.499715,37.224266],[-77.519026,37.217351],[-77.536115,37.226335],[-77.5604,37.225661],[-77.568683,37.239648],[-77.57212,37.23712],[-77.600494,37.253683],[-77.613349,37.270877],[-77.65061,37.265112],[-77.660687,37.241815],[-77.686807,37.235068],[-77.693989,37.222163],[-77.711099,37.218316],[-77.747693,37.192729],[-77.795926,37.192592],[-77.805982,37.175933],[-77.841723,37.169839],[-77.870524,37.150368],[-77.900254,37.143885]]]}},{"type":"Feature","properties":{"code":"US-51057","name":"Essex","label":"Essex County","type":"County","parentCode":"US-VA"},"geometry":{"type":"Polygon","coordinates":[[[-77.145262,38.094261],[-77.169637,38.078654],[-77.144905,38.057395],[-77.145491,38.046356],[-77.121793,38.033628],[-77.130691,38.017731],[-77.08897,38.013644],[-77.072658,37.994739],[-77.070115,37.96477],[-77.073036,37.94616],[-77.059718,37.943097],[-77.055231,37.930883],[-77.033619,37.925278],[-77.024053,37.904937],[-77.031458,37.890808],[-77.022917,37.879594],[-77.042721,37.873143],[-77.020204,37.86105],[-77.012691,37.840366],[-76.992618,37.834594],[-76.981638,37.839027],[-76.969882,37.828592],[-76.945212,37.828174],[-76.943221,37.782955],[-76.906446,37.796236],[-76.87231,37.782729],[-76.842628,37.79804],[-76.819514,37.7924],[-76.80197,37.794727],[-76.790992,37.786734],[-76.790036,37.771844],[-76.760859,37.751037],[-76.751072,37.728605],[-76.723086,37.756697],[-76.703069,37.755714],[-76.6833585929492,37.7702577191032],[-76.683343,37.775783],[-76.681901,37.778118],[-76.683775,37.781391],[-76.689773,37.78519],[-76.715498,37.785873],[-76.723863,37.788503],[-76.734309,37.79866],[-76.7512,37.824141],[-76.766328,37.840437],[-76.782826,37.863184],[-76.784618,37.869569],[-76.806325,37.896597],[-76.8208531512486,37.9045859339547],[-76.84618,37.918513],[-76.8877501704098,37.9515438071312],[-76.888206,37.951906],[-76.904962,37.972519],[-76.927423,37.981793],[-76.918272,37.999026],[-76.9064359784404,37.9987793062827],[-76.928169,38.073736],[-76.936959,38.077074],[-76.984018,38.087494],[-76.987732,38.102352],[-77.004793,38.108332],[-77.014693,38.093532],[-77.032394,38.091733],[-77.049695,38.109832],[-77.052195,38.144331],[-77.061695,38.161631],[-77.073796,38.141331],[-77.084596,38.160231],[-77.115997,38.149931],[-77.105198,38.127613],[-77.144408,38.120851],[-77.145262,38.094261]]]}},{"type":"Feature","properties":{"code":"US-51059","name":"Fairfax","label":"Fairfax County","type":"County","parentCode":"US-VA"},"geometry":{"type":"MultiPolygon","coordinates":[[[[-77.308216,38.846608],[-77.308765,38.84284],[-77.306605,38.846259],[-77.308216,38.846608]]],[[[-77.535991,38.847368],[-77.529616,38.837011],[-77.508812,38.84107],[-77.503886,38.824041],[-77.505059,38.816199],[-77.490341,38.810254],[-77.493724,38.798071],[-77.469081,38.795913],[-77.457743,38.797291],[-77.448935,38.80317],[-77.443084,38.803653],[-77.432739,38.77976],[-77.429376,38.780887],[-77.41352,38.772681],[-77.411324,38.744667],[-77.388469,38.749054],[-77.380526,38.722537],[-77.369465,38.710283],[-77.360757,38.721669],[-77.359123,38.723761],[-77.355542,38.725239],[-77.332296,38.716525],[-77.320233,38.710842],[-77.326908,38.704131],[-77.317154,38.701208],[-77.308567,38.706727],[-77.298759,38.704329],[-77.281142,38.695845],[-77.276383,38.694588],[-77.266055,38.68781],[-77.257915,38.684701],[-77.245756,38.672273],[-77.245387,38.672129],[-77.240631,38.667749],[-77.239495,38.666534],[-77.220718,38.647408],[-77.230146,38.625085],[-77.2272883208399,38.6044877437611],[-77.203694,38.618164],[-77.166459,38.627645],[-77.1302,38.635017],[-77.132201,38.641217],[-77.131901,38.644217],[-77.135901,38.649817],[-77.1344628993383,38.6599678758177],[-77.132501,38.673816],[-77.1225521415929,38.6851861238938],[-77.122001,38.685816],[-77.1059,38.696815],[-77.1027,38.698315],[-77.099,38.698615],[-77.0951676153846,38.7011699230769],[-77.0918,38.703415],[-77.0863289190155,38.70612807975],[-77.079499,38.709515],[-77.073714031001,38.7112534298651],[-77.072807,38.711526],[-77.071861,38.710581],[-77.065322,38.709564],[-77.0621909521188,38.7096546539476],[-77.059725183957,38.7097260458988],[-77.053199,38.709915],[-77.0485241794801,38.712585979131],[-77.045498,38.714315],[-77.042298,38.718515],[-77.041398,38.724515],[-77.0413126345888,38.7273745278629],[-77.0412793492709,38.7284895027976],[-77.0412397340543,38.7298165135175],[-77.040998,38.737914],[-77.041898,38.741514],[-77.0417671402927,38.7467155097909],[-77.0414383309299,38.7597852709485],[-77.04140688254,38.7610353051364],[-77.041098,38.773313],[-77.040372554527,38.785355394851],[-77.051365,38.789938],[-77.056524,38.792465],[-77.060829,38.794402],[-77.077475,38.80081],[-77.077701,38.800837],[-77.09122,38.802462],[-77.112891,38.802822],[-77.121,38.800529],[-77.134491,38.798603],[-77.137742,38.800757],[-77.140034,38.800587],[-77.142704,38.805703],[-77.143677,38.81296],[-77.14367,38.813588],[-77.141153,38.817404],[-77.139558,38.819575],[-77.138948,38.820071],[-77.13491,38.830813],[-77.135274,38.83216],[-77.121391,38.840544],[-77.121375,38.840492],[-77.110799,38.843446],[-77.113365,38.847382],[-77.121151,38.853325],[-77.127183,38.858109],[-77.131849,38.861727],[-77.137495,38.866093],[-77.137631,38.866199],[-77.14713,38.873606],[-77.149701,38.87567],[-77.153711,38.872715],[-77.15751,38.873323],[-77.178049,38.879295],[-77.18464,38.878923],[-77.189754,38.878136],[-77.191302,38.891672],[-77.189922,38.894267],[-77.189854,38.894395],[-77.194712,38.899073],[-77.175749,38.893879],[-77.172276,38.893245],[-77.159681,38.903147],[-77.145809,38.914006],[-77.121179,38.933287],[-77.1197966910841,38.9343702373596],[-77.127601,38.94001],[-77.131901,38.94741],[-77.137701,38.95531],[-77.146601,38.96421],[-77.148179,38.965002],[-77.151084,38.965832],[-77.165301,38.96801],[-77.166901,38.96811],[-77.168001,38.96741],[-77.171901,38.96751],[-77.1796039928508,38.9684120710482],[-77.1798557763067,38.9684415565443],[-77.183002,38.96881],[-77.188302,38.96751],[-77.197502,38.96681],[-77.202502,38.96791],[-77.203602,38.96891],[-77.209302,38.97041],[-77.211502,38.96941],[-77.221502,38.97131],[-77.224969,38.973349],[-77.228395,38.978404],[-77.229992,38.979858],[-77.231601,38.979917],[-77.232268,38.979502],[-77.234803,38.97631],[-77.249803,38.985909],[-77.248303,38.992309],[-77.249203,38.993709],[-77.253003,38.995709],[-77.255703,39.002409],[-77.251803,39.011409],[-77.246903,39.014809],[-77.244603,39.020109],[-77.246003,39.024909],[-77.2483830315804,39.0268923596504],[-77.248403,39.026909],[-77.255303,39.030009],[-77.266004,39.031909],[-77.274706,39.034091],[-77.293105,39.046508],[-77.301005,39.049508],[-77.3084577592187,39.0514288142316],[-77.310705,39.052008],[-77.314905,39.052208],[-77.324206,39.056508],[-77.328281093199,39.0577948715365],[-77.334249,39.051695],[-77.37041,39.015177],[-77.371103,39.01448],[-77.371316,39.014265],[-77.378344,39.007161],[-77.394338,38.990984],[-77.400955,38.984292],[-77.40257,38.982649],[-77.413524,38.971573],[-77.422416,38.962579],[-77.422788,38.9622],[-77.429278,38.95563],[-77.465651,38.91878],[-77.485021,38.899128],[-77.496821,38.887154],[-77.535991,38.847368]],[[-77.334822,38.851492],[-77.333327,38.85642],[-77.32261,38.865947],[-77.307546,38.863178],[-77.297607,38.870404],[-77.292264,38.871586],[-77.27415,38.86631],[-77.26994,38.86504],[-77.271744,38.848488],[-77.27052,38.840902],[-77.278598,38.841977],[-77.288295,38.836235],[-77.297162,38.834984],[-77.311862,38.836782],[-77.318693,38.835172],[-77.318755,38.842014],[-77.334822,38.851492]]]]}},{"type":"Feature","properties":{"code":"US-51061","name":"Fauquier","label":"Fauquier County","type":"County","parentCode":"US-VA"},"geometry":{"type":"Polygon","coordinates":[[[-78.130059,38.870011],[-78.130574,38.864865],[-78.099732,38.830392],[-78.025832,38.795787],[-78.019536,38.777841],[-78.02803,38.759529],[-78.028047,38.759309],[-78.016445,38.754016],[-78.014368,38.727061],[-77.995664,38.710416],[-77.954567,38.694789],[-77.935355,38.69584],[-77.931341,38.698374],[-77.906102,38.695893],[-77.902908,38.684181],[-77.901255,38.665503],[-77.885738,38.666509],[-77.871699,38.648548],[-77.880506,38.636511],[-77.860415,38.619395],[-77.862378,38.598527],[-77.877169,38.584891],[-77.847912,38.551413],[-77.838878,38.539888],[-77.820203,38.529071],[-77.814292,38.530554],[-77.800582,38.510707],[-77.781466,38.488057],[-77.774297,38.463036],[-77.761096,38.458148],[-77.755075,38.429398],[-77.735516,38.413116],[-77.69189,38.426873],[-77.63494,38.410218],[-77.635128,38.415005],[-77.628989,38.430343],[-77.633895,38.466589],[-77.599188,38.49546],[-77.560869,38.527059],[-77.531328,38.55655],[-77.535485,38.561247],[-77.561824,38.601018],[-77.57596,38.62234],[-77.579484,38.627653],[-77.61326,38.678534],[-77.624978,38.696168],[-77.669725,38.763418],[-77.679735,38.77844],[-77.679854,38.77862],[-77.709962,38.823761],[-77.71589,38.841613],[-77.704931,38.843152],[-77.692622,38.887004],[-77.680402,38.893235],[-77.655169,38.942656],[-77.797225,38.975667],[-77.820128,38.980967],[-77.921694,39.004408],[-77.962203,39.013733],[-77.990275,38.996493],[-78.004313,38.979438],[-78.041576,38.938096],[-78.059086,38.932595],[-78.075149,38.912607],[-78.061804,38.891946],[-78.112247,38.88026],[-78.130059,38.870011]]]}},{"type":"Feature","properties":{"code":"US-51063","name":"Floyd","label":"Floyd County","type":"County","parentCode":"US-VA"},"geometry":{"type":"Polygon","coordinates":[[[-80.597585,36.94309],[-80.633987,36.93178],[-80.567009,36.843305],[-80.46418,36.708718],[-80.458572,36.738359],[-80.443794,36.747859],[-80.409332,36.742676],[-80.394658,36.744867],[-80.386909,36.797676],[-80.344442,36.813471],[-80.341953,36.833249],[-80.321006,36.84082],[-80.305165,36.842286],[-80.28999,36.857579],[-80.235455,36.87213],[-80.198854,36.901524],[-80.197797,36.921076],[-80.172041,36.953449],[-80.144809,36.949532],[-80.134607,36.965284],[-80.139539,36.970786],[-80.143946,36.980188],[-80.121247,36.991669],[-80.135867,37.004085],[-80.113542,37.009215],[-80.117142,37.025145],[-80.104413,37.026449],[-80.122798,37.055642],[-80.10822,37.078006],[-80.113024,37.098109],[-80.128674,37.122901],[-80.133247,37.119347],[-80.173492,37.109095],[-80.178125,37.1134],[-80.283675,37.07883],[-80.288837,37.074418],[-80.345412,37.026506],[-80.389465,37.0217],[-80.42237,37.002493],[-80.42641,37.014303],[-80.442416,37.007141],[-80.451612,37.021453],[-80.463009,37.008378],[-80.471583,36.993452],[-80.485986,36.999096],[-80.492149,36.981564],[-80.515619,37.011125],[-80.520714,36.996968],[-80.543933,36.984639],[-80.552847,36.970239],[-80.597585,36.94309]]]}},{"type":"Feature","properties":{"code":"US-51065","name":"Fluvanna","label":"Fluvanna County","type":"County","parentCode":"US-VA"},"geometry":{"type":"Polygon","coordinates":[[[-78.467764,37.823414],[-78.491345,37.796956],[-78.464149,37.7602],[-78.405596,37.735263],[-78.365616,37.731897],[-78.324226,37.714565],[-78.302422,37.710463],[-78.261569,37.692483],[-78.239748,37.690495],[-78.225302,37.711579],[-78.18099,37.744959],[-78.159326,37.748528],[-78.154463,37.76337],[-78.083302,37.871168],[-78.06331,37.905108],[-78.173929,37.950196],[-78.195959,37.953628],[-78.230175,37.97855],[-78.276527,37.99154],[-78.306763,38.006474],[-78.324615,37.986009],[-78.351164,37.955804],[-78.366568,37.938288],[-78.467764,37.823414]]]}},{"type":"Feature","properties":{"code":"US-51067","name":"Franklin","label":"Franklin County","type":"County","parentCode":"US-VA"},"geometry":{"type":"Polygon","coordinates":[[[-80.198854,36.901524],[-80.235455,36.87213],[-80.198285,36.864747],[-80.066652,36.841604],[-80.07267,36.823278],[-80.041493,36.794365],[-80.01681,36.781048],[-80.012032,36.789644],[-79.999437,36.830618],[-79.990857,36.828797],[-79.932949,36.817616],[-79.821453,36.795942],[-79.802056,36.792137],[-79.792556,36.798637],[-79.762756,36.797838],[-79.761056,36.788337],[-79.738155,36.811638],[-79.690354,36.828838],[-79.669153,36.827838],[-79.640652,36.856139],[-79.633407,36.88615],[-79.621868,36.934753],[-79.61232,36.975016],[-79.594157,37.041928],[-79.594069,37.042206],[-79.593061,37.052868],[-79.622408,37.078611],[-79.611628,37.086487],[-79.641069,37.103113],[-79.649006,37.118231],[-79.650888,37.126175],[-79.666536,37.145417],[-79.702476,37.149103],[-79.71173,37.173593],[-79.722359,37.192307],[-79.751251,37.189156],[-79.776606,37.202627],[-79.782145,37.232729],[-79.806065,37.215174],[-79.818161,37.226201],[-79.842677,37.216547],[-79.847217,37.225406],[-79.893859,37.199308],[-79.896686,37.180962],[-79.911823,37.176955],[-79.911878,37.169887],[-79.962822,37.137274],[-79.972429,37.139558],[-80.001182,37.151665],[-80.005309,37.167816],[-80.030635,37.174806],[-80.07739,37.15751],[-80.08651,37.161748],[-80.128674,37.122901],[-80.113024,37.098109],[-80.10822,37.078006],[-80.122798,37.055642],[-80.104413,37.026449],[-80.117142,37.025145],[-80.113542,37.009215],[-80.135867,37.004085],[-80.121247,36.991669],[-80.143946,36.980188],[-80.139539,36.970786],[-80.134607,36.965284],[-80.144809,36.949532],[-80.172041,36.953449],[-80.197797,36.921076],[-80.198854,36.901524]]]}},{"type":"Feature","properties":{"code":"US-51069","name":"Frederick","label":"Frederick County","type":"County","parentCode":"US-VA"},"geometry":{"type":"Polygon","coordinates":[[[-78.540216,39.060631],[-78.5441928910609,39.0565696646112],[-78.454136,39.027797],[-78.444811,39.047234],[-78.448199,39.056038],[-78.430937,39.066333],[-78.418053,39.086166],[-78.391624,39.101897],[-78.37587,39.092066],[-78.343927,39.095749],[-78.336648,39.101997],[-78.336723,39.084438],[-78.32569,39.077888],[-78.347186,39.059724],[-78.343261,39.057653],[-78.331646,39.041179],[-78.309464,39.033923],[-78.31408,39.007994],[-78.18583,39.016544],[-78.185596,39.020181],[-78.170476,39.017491],[-78.163871,39.017928],[-78.151614,39.036629],[-78.142073,39.061735],[-78.110639,39.104255],[-78.101983,39.106261],[-78.108112,39.118103],[-78.090269,39.147661],[-78.085094,39.158536],[-78.073001,39.178085],[-78.07736,39.192094],[-78.073474,39.19336],[-78.075529,39.197812],[-78.057917,39.227727],[-78.04254,39.236631],[-78.0331853088999,39.2646209889705],[-78.0331865984578,39.2646218054158],[-78.108304826211,39.3121806838973],[-78.1083085187363,39.3121830217102],[-78.108746,39.31246],[-78.1359202829741,39.33043739209],[-78.14092,39.333745],[-78.158194,39.343392],[-78.1715209919069,39.3528002825715],[-78.18737,39.363989],[-78.205401,39.375099],[-78.228766,39.391233],[-78.262785,39.414323],[-78.28798,39.428755],[-78.307396270479,39.4409936855911],[-78.3470356953256,39.4659796610511],[-78.347087,39.466012],[-78.349476,39.462205],[-78.345143,39.459484],[-78.345823,39.453499],[-78.346962,39.450679],[-78.347333,39.447659],[-78.346061,39.445613],[-78.346546,39.442616],[-78.347773,39.440583],[-78.353227,39.436792],[-78.347942,39.430879],[-78.346718,39.427618],[-78.348354,39.424431],[-78.351236,39.420595],[-78.356627,39.415902],[-78.359352,39.412534],[-78.359918,39.409028],[-78.357949,39.404192],[-78.349436,39.397252],[-78.350014,39.392861],[-78.343214,39.388807],[-78.354837,39.371616],[-78.362632,39.362888],[-78.366867,39.35929],[-78.3624277996426,39.3578366444047],[-78.362267,39.357784],[-78.348698,39.354744],[-78.34048,39.353492],[-78.338958,39.349889],[-78.339284,39.348605],[-78.341308,39.345555],[-78.342514,39.346769],[-78.343685,39.346713],[-78.347409,39.343402],[-78.347634,39.34272],[-78.3456298036274,39.3411564686992],[-78.34546,39.341024],[-78.346301,39.339108],[-78.35894,39.319484],[-78.360035,39.317771],[-78.361567,39.318037],[-78.364686,39.317312],[-78.367242,39.310148],[-78.371604,39.307692],[-78.374728,39.305136],[-78.385888,39.294888],[-78.387242,39.29343],[-78.387194,39.291444],[-78.388785,39.288572],[-78.3920994623151,39.2845362482409],[-78.393371,39.282988],[-78.398682,39.281332],[-78.402275,39.277238],[-78.401813,39.276754],[-78.402783,39.275471],[-78.414204,39.26391],[-78.419422,39.257476],[-78.418584,39.256065],[-78.41612,39.25541],[-78.414631,39.255733],[-78.409116,39.252564],[-78.399785,39.244129],[-78.399669,39.243874],[-78.404214,39.241214],[-78.40498,39.238006],[-78.405585,39.231176],[-78.41789,39.217504],[-78.423968,39.212049],[-78.427911,39.208611],[-78.429803,39.207014],[-78.431167,39.205744],[-78.43213,39.204717],[-78.437053,39.199766],[-78.438651,39.198049],[-78.436662,39.196658],[-78.430846,39.196227],[-78.424905,39.193301],[-78.424292,39.192156],[-78.428697,39.187217],[-78.426315,39.182762],[-78.411972,39.172734],[-78.406966,39.170903],[-78.4039395737215,39.1677071531009],[-78.403697,39.167451],[-78.412599,39.160038],[-78.413943,39.158415],[-78.427294,39.152726],[-78.436658,39.141691],[-78.437771,39.135426],[-78.439429,39.132146],[-78.459869,39.113351],[-78.466662,39.112858],[-78.46953,39.111204],[-78.470261,39.110063],[-78.473209,39.108143],[-78.475376,39.107469],[-78.47732,39.109398],[-78.478426,39.109843],[-78.484283,39.107372],[-78.49516,39.100992],[-78.495984,39.09898],[-78.504384,39.091398],[-78.508132,39.08863],[-78.512103,39.084878],[-78.516479,39.081802],[-78.515955,39.080046],[-78.516789,39.077569],[-78.522714,39.071062],[-78.526543,39.068221],[-78.531695,39.066519],[-78.540216,39.060631]],[[-78.200497,39.180163],[-78.19729,39.19091],[-78.187901,39.204759],[-78.164187,39.198713],[-78.155418,39.20097],[-78.153206,39.194025],[-78.137607,39.184895],[-78.148026,39.175899],[-78.157964,39.162433],[-78.183183,39.131027],[-78.196629,39.142151],[-78.193797,39.163055],[-78.189348,39.175189],[-78.200497,39.180163]]]}},{"type":"Feature","properties":{"code":"US-51071","name":"Giles","label":"Giles County","type":"County","parentCode":"US-VA"},"geometry":{"type":"Polygon","coordinates":[[[-81.014079,37.27563],[-80.993872,37.260672],[-80.894041,37.179375],[-80.867261,37.187671],[-80.881129,37.171058],[-80.854627,37.147482],[-80.80149,37.179632],[-80.734593,37.19799],[-80.734248,37.19805],[-80.72832,37.202218],[-80.672201,37.224115],[-80.606962,37.244871],[-80.573592,37.256596],[-80.520399,37.268893],[-80.479194,37.285258],[-80.467436,37.293831],[-80.430943,37.316378],[-80.443721,37.321124],[-80.436053,37.339744],[-80.4727968266129,37.4237800299575],[-80.475601,37.422949],[-80.494867,37.43507],[-80.49728,37.444779],[-80.4968041237195,37.4462147095505],[-80.492981,37.457749],[-80.511391,37.481672],[-80.513409,37.479446],[-80.515139,37.478566],[-80.5215568481343,37.4772881235014],[-80.523481,37.476905],[-80.528349,37.477368],[-80.532372,37.477124],[-80.533449,37.476406],[-80.539786,37.474527],[-80.544836,37.474695],[-80.552036,37.473563],[-80.561442,37.469775],[-80.566297,37.466575],[-80.585856,37.456654],[-80.59024,37.453296],[-80.591377,37.45144],[-80.600204,37.446173],[-80.616802,37.439443],[-80.622117,37.435969],[-80.622664,37.433307],[-80.626365,37.433328],[-80.6318538926435,37.432227477025],[-80.632365,37.432125],[-80.63439,37.431227],[-80.637379,37.429372],[-80.637554,37.428556],[-80.636947,37.427471],[-80.645893,37.422147],[-80.653589,37.419514],[-80.656687,37.417585],[-80.664112,37.41422],[-80.664971,37.414215],[-80.684576,37.40463],[-80.691709,37.401749],[-80.705203,37.394618],[-80.7135189072823,37.3914530025904],[-80.715479,37.390707],[-80.723596,37.388261],[-80.731589,37.38471],[-80.73804,37.382547],[-80.745527,37.380111],[-80.748722,37.38005],[-80.759886,37.374882],[-80.770082,37.372363],[-80.776649,37.383679],[-80.776766,37.384131],[-80.782295,37.389016],[-80.783382,37.390649],[-80.783324,37.392793],[-80.784188,37.394587],[-80.790317,37.395668],[-80.798869,37.395807],[-80.800447,37.395738],[-80.806129,37.398074],[-80.807134,37.401348],[-80.806358,37.404119],[-80.808769,37.406271],[-80.811639,37.407507],[-80.836446,37.424355],[-80.837678,37.425658],[-80.841672,37.425971],[-80.844213,37.423555],[-80.846324,37.423394],[-80.850656,37.426062],[-80.853163,37.426902],[-80.856997,37.427052],[-80.85836,37.428168],[-80.8584733682993,37.4283007053671],[-80.859476204487,37.4294745938811],[-80.859556,37.429568],[-80.85956311282,37.429558233261],[-80.863142,37.424644],[-80.865148,37.419927],[-80.865174,37.416996],[-80.864455,37.41418],[-80.862761,37.411829],[-80.883248,37.383933],[-80.876558219407,37.3766044667966],[-80.849451,37.346909],[-80.865321,37.340523],[-80.868986,37.338573],[-80.880103,37.328903],[-80.900535,37.315],[-80.919259,37.306163],[-80.92704,37.303683],[-80.931118,37.302872],[-80.938135,37.300278],[-80.947896,37.295872],[-80.966556,37.292158],[-80.973889,37.291444],[-80.980146,37.292743],[-81.014079,37.27563]]]}},{"type":"Feature","properties":{"code":"US-51073","name":"Gloucester","label":"Gloucester County","type":"County","parentCode":"US-VA"},"geometry":{"type":"Polygon","coordinates":[[[-76.704721,37.448035],[-76.712305,37.431309],[-76.672296,37.395808],[-76.658651,37.380139],[-76.64952,37.374282],[-76.623484,37.339138],[-76.616325,37.333087],[-76.600713,37.314038],[-76.566602,37.286352],[-76.545962,37.277136],[-76.53641,37.271119],[-76.516057,37.248752],[-76.4988999709057,37.2410151037221],[-76.493302,37.24947],[-76.48284,37.254831],[-76.4815143009264,37.2540086945425],[-76.475927,37.250543],[-76.429141,37.25331],[-76.421765,37.255198],[-76.417173,37.26395],[-76.392788,37.264973],[-76.36229,37.270226],[-76.349489,37.273963],[-76.352556,37.278334],[-76.369029,37.279311],[-76.381075,37.28534],[-76.385603,37.294108],[-76.38777,37.30767],[-76.3966376771824,37.3196983768162],[-76.406388,37.332924],[-76.434965,37.354524],[-76.445333,37.36646],[-76.4434723901015,37.3696269448707],[-76.437525,37.37975],[-76.422503,37.381355],[-76.418176,37.385064],[-76.418719,37.3978],[-76.415167,37.402133],[-76.4047560317518,37.4002130024531],[-76.407336,37.412722],[-76.447944,37.420064],[-76.446539,37.465085],[-76.451657,37.484069],[-76.437561,37.51436],[-76.456263,37.520926],[-76.475763,37.533294],[-76.481221,37.536217],[-76.499822,37.537232],[-76.55208,37.566374],[-76.55593,37.555054],[-76.595767,37.588079],[-76.614983,37.583979],[-76.654076,37.603174],[-76.66765,37.520348],[-76.652118,37.500099],[-76.646794,37.481154],[-76.667425,37.455525],[-76.704721,37.448035]]]}},{"type":"Feature","properties":{"code":"US-51075","name":"Goochland","label":"Goochland County","type":"County","parentCode":"US-VA"},"geometry":{"type":"Polygon","coordinates":[[[-78.154463,37.76337],[-78.159326,37.748528],[-78.134689,37.738013],[-78.093798,37.70945],[-78.090345,37.697637],[-78.109823,37.680406],[-78.072174,37.657385],[-78.06336,37.64839],[-78.020934,37.642951],[-77.979559,37.623791],[-77.950101,37.628414],[-77.943671,37.638616],[-77.953084,37.668907],[-77.943645,37.681196],[-77.916347,37.691472],[-77.895376,37.667008],[-77.859405,37.645235],[-77.829882,37.632386],[-77.823365,37.610977],[-77.814985,37.606603],[-77.766941,37.612814],[-77.732842,37.589958],[-77.707984,37.58925],[-77.703865,37.588436],[-77.655399,37.563986],[-77.61643,37.577555],[-77.618368,37.587558],[-77.626031,37.597944],[-77.640257,37.602767],[-77.652103,37.617369],[-77.650681,37.62394],[-77.650728,37.624026],[-77.65445,37.639797],[-77.649356,37.659367],[-77.644019,37.669175],[-77.642005,37.687918],[-77.632984,37.699881],[-77.630817,37.705696],[-77.636168,37.706545],[-77.660112,37.710323],[-77.71175,37.706245],[-77.781995,37.720125],[-77.797322,37.729318],[-77.816307,37.745287],[-77.857974,37.759524],[-77.866285,37.754996],[-77.9091,37.776283],[-77.898904,37.799519],[-77.918739,37.825997],[-77.923622,37.828911],[-77.946863,37.852647],[-77.993003,37.859291],[-77.99128,37.866914],[-78.055572,37.904378],[-78.06331,37.905108],[-78.083302,37.871168],[-78.154463,37.76337]]]}},{"type":"Feature","properties":{"code":"US-51077","name":"Grayson","label":"Grayson County","type":"County","parentCode":"US-VA"},"geometry":{"type":"Polygon","coordinates":[[[-81.6469,36.611918],[-81.677535,36.588117],[-81.6178926183888,36.5872620851163],[-81.600934,36.587019],[-81.521032,36.58052],[-81.499831,36.57982],[-81.4966613252149,36.5795790270223],[-81.489387,36.579026],[-81.47643,36.580421],[-81.442228,36.576822],[-81.374824,36.574673],[-81.353322,36.574723],[-81.3532592063955,36.5747234125838],[-81.32358106681,36.5749184120384],[-81.307511,36.575024],[-81.262303,36.573924],[-81.249816,36.573225],[-81.176712,36.571926],[-81.171212,36.571026],[-81.1536053405208,36.5701283609768],[-81.1535808021292,36.5701271099378],[-81.14181,36.569527],[-81.124809,36.569227],[-81.103399337148,36.5682497399525],[-81.0852022741728,36.5674191214252],[-81.083206,36.567328],[-81.0690845606748,36.5671241854118],[-81.061866,36.56702],[-81.058844,36.566976],[-81.011402,36.564429],[-81.003802,36.563629],[-80.945988,36.563196],[-80.944338,36.563058],[-80.901726,36.561751],[-80.9016647889236,36.5617484850782],[-80.8379544979468,36.5591308803947],[-80.906706,36.641356],[-80.914173,36.650246],[-80.921073,36.625549],[-80.921711,36.643533],[-80.945328,36.647437],[-80.945491,36.647496],[-80.941704,36.678158],[-80.932271,36.671593],[-81.042428,36.806448],[-81.072309,36.790822],[-81.084188,36.788097],[-81.08851,36.767422],[-81.172813,36.763226],[-81.186016,36.758421],[-81.261987,36.763033],[-81.300897,36.753561],[-81.38403,36.739987],[-81.439214,36.716908],[-81.467913,36.715064],[-81.543957,36.701517],[-81.531409,36.693595],[-81.533047,36.676308],[-81.547229,36.65648],[-81.559965,36.65867],[-81.605865,36.638079],[-81.6109,36.616952],[-81.6469,36.611918]]]}},{"type":"Feature","properties":{"code":"US-51079","name":"Greene","label":"Greene County","type":"County","parentCode":"US-VA"},"geometry":{"type":"Polygon","coordinates":[[[-78.651214,38.293463],[-78.663145,38.277933],[-78.606539,38.258172],[-78.465449,38.214047],[-78.438379,38.205844],[-78.368984,38.184146],[-78.35569,38.198044],[-78.342678,38.214411],[-78.288478,38.272312],[-78.31928,38.268728],[-78.341132,38.280094],[-78.34132,38.280185],[-78.347178,38.276872],[-78.365763,38.317437],[-78.381816,38.317923],[-78.397698,38.332539],[-78.429254,38.366411],[-78.423755,38.383027],[-78.440823,38.410075],[-78.43489,38.450113],[-78.452801,38.475527],[-78.465073,38.447],[-78.48574,38.421579],[-78.493214,38.406286],[-78.515141,38.39372],[-78.522792,38.36951],[-78.54541,38.356933],[-78.551583,38.336318],[-78.587506,38.32483],[-78.602248,38.307485],[-78.642031,38.29169],[-78.651214,38.293463]]]}},{"type":"Feature","properties":{"code":"US-51081","name":"Greensville","label":"Greensville County","type":"County","parentCode":"US-VA"},"geometry":{"type":"Polygon","coordinates":[[[-77.7671232503754,36.5454137549669],[-77.749706,36.54552],[-77.5764069410784,36.5452211701105],[-77.372709824248,36.5448699230392],[-77.2968141999365,36.5447390516936],[-77.327805,36.556891],[-77.355164,36.554287],[-77.361366,36.569921],[-77.355875,36.580646],[-77.357653,36.600799],[-77.371357,36.607169],[-77.373502,36.629637],[-77.396573,36.646698],[-77.411947,36.652879],[-77.463298,36.652065],[-77.46936,36.660142],[-77.493247,36.672032],[-77.501917,36.670506],[-77.430951,36.707218],[-77.472506,36.719377],[-77.489855,36.720943],[-77.458678,36.862963],[-77.475194,36.861127],[-77.491243,36.848474],[-77.51036,36.845082],[-77.543073,36.8531],[-77.557538,36.845572],[-77.576228,36.852133],[-77.594735,36.87108],[-77.619029,36.877844],[-77.631052,36.887773],[-77.639012,36.873966],[-77.64827,36.897496],[-77.657895,36.894514],[-77.657092,36.829343],[-77.656377,36.757209],[-77.655841,36.713539],[-77.7671232503754,36.5454137549669]],[[-77.560099,36.696796],[-77.557345,36.71328],[-77.531948,36.712616],[-77.512092,36.719489],[-77.50898,36.684218],[-77.52307,36.678749],[-77.526058,36.672698],[-77.551027,36.67249],[-77.55595,36.67483],[-77.560099,36.696796]]]}},{"type":"Feature","properties":{"code":"US-51083","name":"Halifax","label":"Halifax County","type":"County","parentCode":"US-VA"},"geometry":{"type":"Polygon","coordinates":[[[-79.2184541869829,36.5414925778669],[-79.20948,36.541594],[-79.208686,36.541571],[-79.146772655729,36.5417180168457],[-79.1383311871639,36.541738061605],[-79.137936,36.541739],[-79.126078,36.541533],[-79.124736,36.541568],[-78.971814,36.542123],[-78.970577,36.542154],[-78.942254,36.542079],[-78.942009,36.542113],[-78.91542,36.541974],[-78.914543,36.541972],[-78.901712996422,36.5419438971023],[-78.8481994803976,36.5418266808557],[-78.7963,36.541713],[-78.7962710014091,36.5417130131513],[-78.7775800783612,36.5417214897604],[-78.76543,36.541727],[-78.758392,36.541852],[-78.7341219239254,36.5419022759072],[-78.737799,36.555875],[-78.715694,36.580836],[-78.720028,36.588877],[-78.712316,36.609583],[-78.711702,36.641078],[-78.697302,36.66888],[-78.677596,36.688326],[-78.653551,36.69085],[-78.640221,36.684668],[-78.624724,36.667317],[-78.594883,36.652895],[-78.578771,36.638539],[-78.56393,36.64014],[-78.549377,36.626152],[-78.554057,36.636165],[-78.624724,36.673309],[-78.648541,36.697909],[-78.665822,36.706763],[-78.6909,36.73876],[-78.687824,36.744845],[-78.666145,36.764363],[-78.682652,36.797222],[-78.666995,36.811822],[-78.686878,36.824331],[-78.666554,36.846452],[-78.701854,36.883308],[-78.723376,36.90567],[-78.749727,36.920065],[-78.748461,36.929295],[-78.727686,36.937454],[-78.7337,36.949163],[-78.740441,37.001564],[-78.749727,37.008483],[-78.757614,36.997722],[-78.748358,36.987057],[-78.774715,36.980976],[-78.775898,36.955481],[-78.794862,36.955988],[-78.805039,36.976566],[-78.817455,36.98402],[-78.870371,36.986068],[-78.897094,36.977685],[-78.891773,37.00269],[-78.904587,37.022288],[-78.971675,37.05006],[-79.001608,37.030975],[-79.015081,37.038976],[-79.060686,37.047543],[-79.092264,37.061498],[-79.112981,36.974635],[-79.127736,36.915151],[-79.164338,36.766236],[-79.171374,36.736711],[-79.180857,36.697709],[-79.2184541869829,36.5414925778669]]]}},{"type":"Feature","properties":{"code":"US-51085","name":"Hanover","label":"Hanover County","type":"County","parentCode":"US-VA"},"geometry":{"type":"Polygon","coordinates":[[[-77.786479,37.756787],[-77.797322,37.729318],[-77.781995,37.720125],[-77.71175,37.706245],[-77.660112,37.710323],[-77.636168,37.706545],[-77.630817,37.705696],[-77.622701,37.704951],[-77.608504,37.709899],[-77.594808,37.700569],[-77.592074,37.695513],[-77.562249,37.682569],[-77.542905,37.686104],[-77.542686,37.686167],[-77.522216,37.700149],[-77.499191,37.700921],[-77.478553,37.680865],[-77.451133,37.680272],[-77.448572,37.684445],[-77.42143,37.641682],[-77.405218,37.625632],[-77.407189,37.612524],[-77.406257,37.611851],[-77.404957,37.60641],[-77.382879,37.595247],[-77.373431,37.593364],[-77.336967,37.575736],[-77.302213,37.559773],[-77.296158,37.560332],[-77.291233,37.560616],[-77.286913,37.556313],[-77.270908,37.551959],[-77.265909,37.551856],[-77.240988,37.538088],[-77.233949,37.546862],[-77.170941,37.596524],[-77.140457,37.592169],[-77.138029,37.616932],[-77.123675,37.626881],[-77.109171,37.662293],[-77.15209,37.663839],[-77.186674,37.657708],[-77.183489,37.685675],[-77.202388,37.678575],[-77.214539,37.688959],[-77.239674,37.685748],[-77.243859,37.699191],[-77.230225,37.71386],[-77.246478,37.730975],[-77.243731,37.712159],[-77.269703,37.723581],[-77.289165,37.715153],[-77.293509,37.739804],[-77.322496,37.733701],[-77.303586,37.755136],[-77.330788,37.753117],[-77.338456,37.763184],[-77.321719,37.769954],[-77.332847,37.792351],[-77.345223,37.789285],[-77.36226,37.797653],[-77.369909,37.78865],[-77.373677,37.777013],[-77.404745,37.779913],[-77.407813,37.80333],[-77.428267,37.829567],[-77.421989,37.864929],[-77.445147,37.894696],[-77.458267,37.890153],[-77.48417,37.883369],[-77.493333,37.897271],[-77.514783,37.904329],[-77.528882,37.9208],[-77.55662,37.922047],[-77.562118,37.936377],[-77.581241,37.950597],[-77.618429,37.950216],[-77.613874,37.958973],[-77.643457,37.979708],[-77.642518,37.990688],[-77.659129,37.991814],[-77.687469,38.007806],[-77.721962,37.920537],[-77.733108,37.885191],[-77.739286,37.87435],[-77.754845,37.84149],[-77.759713,37.81148],[-77.768204,37.802962],[-77.786479,37.756787]]]}},{"type":"Feature","properties":{"code":"US-51087","name":"Henrico","label":"Henrico County","type":"County","parentCode":"US-VA"},"geometry":{"type":"Polygon","coordinates":[[[-77.655399,37.563986],[-77.64984,37.559837],[-77.595462,37.55575],[-77.559398,37.55569],[-77.544161,37.5604],[-77.538563,37.559548],[-77.529495,37.559656],[-77.525855,37.568235],[-77.539021,37.572863],[-77.547469,37.572535],[-77.543883,37.581331],[-77.531647,37.591951],[-77.516464,37.581666],[-77.511943,37.581835],[-77.511812,37.581751],[-77.500521,37.57572],[-77.49381,37.581987],[-77.492899,37.581786],[-77.488597,37.578346],[-77.473094,37.578331],[-77.472527,37.578747],[-77.479206,37.587651],[-77.478146,37.598892],[-77.470903,37.598396],[-77.466905,37.598975],[-77.454334,37.6019],[-77.450257,37.602449],[-77.447509,37.602217],[-77.43762,37.598566],[-77.438045,37.58474],[-77.43144,37.580848],[-77.424844,37.582109],[-77.413323,37.579964],[-77.413216,37.576267],[-77.415236,37.56292],[-77.408937,37.557921],[-77.409465,37.555842],[-77.411538,37.552592],[-77.395079,37.549355],[-77.395822,37.546736],[-77.394993,37.544018],[-77.386037,37.528919],[-77.393905,37.526108],[-77.387597,37.517483],[-77.39427,37.514884],[-77.393877,37.504954],[-77.408877,37.514617],[-77.414001,37.517248],[-77.41651,37.517133],[-77.417615,37.504776],[-77.421705,37.498988],[-77.417791,37.457487],[-77.420737,37.447524],[-77.427682,37.436569],[-77.426873,37.426148],[-77.403006,37.418],[-77.401652,37.422951],[-77.386654,37.387134],[-77.369495,37.392041],[-77.361937,37.376057],[-77.327171,37.377465],[-77.315591,37.382842],[-77.304214,37.405938],[-77.298205,37.392087],[-77.311526,37.373278],[-77.305485,37.357997],[-77.277085,37.352231],[-77.263818,37.378289],[-77.249665,37.382],[-77.248749,37.394735],[-77.224269,37.380221],[-77.214593,37.393522],[-77.222839,37.407099],[-77.177324,37.4906],[-77.179941,37.493329],[-77.207007,37.513446],[-77.209279,37.517769],[-77.231846,37.539638],[-77.232358,37.539688],[-77.232946,37.539394],[-77.233238,37.539074],[-77.233785,37.538835],[-77.234303,37.538871],[-77.235132,37.538574],[-77.235963,37.538877],[-77.236731,37.538959],[-77.237241,37.53887],[-77.237736,37.539094],[-77.238307,37.538891],[-77.23843,37.538574],[-77.239902,37.537933],[-77.240732,37.537803],[-77.240988,37.538088],[-77.265909,37.551856],[-77.270908,37.551959],[-77.286913,37.556313],[-77.291233,37.560616],[-77.296158,37.560332],[-77.302213,37.559773],[-77.336967,37.575736],[-77.373431,37.593364],[-77.382879,37.595247],[-77.404957,37.60641],[-77.406257,37.611851],[-77.407189,37.612524],[-77.405218,37.625632],[-77.42143,37.641682],[-77.448572,37.684445],[-77.451133,37.680272],[-77.478553,37.680865],[-77.499191,37.700921],[-77.522216,37.700149],[-77.542686,37.686167],[-77.542905,37.686104],[-77.562249,37.682569],[-77.592074,37.695513],[-77.594808,37.700569],[-77.608504,37.709899],[-77.622701,37.704951],[-77.630817,37.705696],[-77.632984,37.699881],[-77.642005,37.687918],[-77.644019,37.669175],[-77.649356,37.659367],[-77.65445,37.639797],[-77.650728,37.624026],[-77.650681,37.62394],[-77.652103,37.617369],[-77.640257,37.602767],[-77.626031,37.597944],[-77.618368,37.587558],[-77.61643,37.577555],[-77.655399,37.563986]]]}},{"type":"Feature","properties":{"code":"US-51089","name":"Henry","label":"Henry County","type":"County","parentCode":"US-VA"},"geometry":{"type":"Polygon","coordinates":[[[-80.094744,36.746326],[-80.094207,36.724581],[-80.069095,36.674018],[-80.059653,36.663544],[-80.059501,36.632911],[-80.050364,36.605752],[-80.0534585356035,36.5425366652957],[-80.0273389759592,36.5424951113257],[-80.027269,36.542495],[-79.988026006864,36.54249959689],[-79.967511,36.542502],[-79.966979,36.542475],[-79.9106061510891,36.5424415292711],[-79.904662,36.542438],[-79.887262,36.542838],[-79.8655964281237,36.542732998024],[-79.8413238677603,36.5426153613046],[-79.8077156244974,36.542452479292],[-79.731891718906,36.542084999497],[-79.7148401962592,36.5420023594642],[-79.690513,36.645404],[-79.689447,36.649864],[-79.680921,36.685479],[-79.640652,36.856139],[-79.669153,36.827838],[-79.690354,36.828838],[-79.738155,36.811638],[-79.761056,36.788337],[-79.762756,36.797838],[-79.792556,36.798637],[-79.802056,36.792137],[-79.821453,36.795942],[-79.932949,36.817616],[-79.990857,36.828797],[-79.999437,36.830618],[-80.012032,36.789644],[-80.01681,36.781048],[-80.041493,36.794365],[-80.075721,36.790453],[-80.094389,36.779552],[-80.089908,36.753379],[-80.089839,36.753211],[-80.094744,36.746326]],[[-79.904077,36.684127],[-79.89585,36.694016],[-79.889502,36.70164],[-79.877885,36.713511],[-79.837359,36.704137],[-79.841434,36.683877],[-79.843375,36.674244],[-79.843024,36.669264],[-79.826648,36.659314],[-79.831433,36.646321],[-79.838012,36.659295],[-79.837139,36.645957],[-79.859761,36.650368],[-79.866263,36.663589],[-79.881533,36.670246],[-79.892878,36.672037],[-79.904077,36.684127]]]}},{"type":"Feature","properties":{"code":"US-51091","name":"Highland","label":"Highland County","type":"County","parentCode":"US-VA"},"geometry":{"type":"Polygon","coordinates":[[[-79.810154,38.306707],[-79.810115,38.305037],[-79.807542,38.301694],[-79.804026,38.298622],[-79.803346,38.296682],[-79.8028623940791,38.2927578104064],[-79.802778,38.292073],[-79.797848,38.292053],[-79.795448,38.290228],[-79.789791,38.281167],[-79.787542,38.273298],[-79.788945,38.268703],[-79.790134,38.267654],[-79.7961001204602,38.266413403698],[-79.753795,38.242698],[-79.706196,38.221192],[-79.562018,38.198805],[-79.512158,38.180419],[-79.495946,38.200918],[-79.483456,38.205399],[-79.481132,38.216478],[-79.464806,38.222231],[-79.438103,38.216235],[-79.43367,38.229493],[-79.409738,38.243094],[-79.399613,38.260675],[-79.408647,38.278007],[-79.400218,38.293538],[-79.391411,38.292132],[-79.387487,38.309051],[-79.340276,38.366334],[-79.324983,38.381359],[-79.308692,38.382707],[-79.308669,38.39393],[-79.322823,38.401667],[-79.312348,38.411853],[-79.312276,38.411876],[-79.370302,38.427244],[-79.4763956583835,38.457159665936],[-79.476638,38.457228],[-79.499768,38.49772],[-79.521469,38.533918],[-79.53187,38.542817],[-79.53317,38.544717],[-79.53337,38.546217],[-79.53687,38.550917],[-79.537523299639,38.5513369783393],[-79.53827,38.551817],[-79.54257,38.553217],[-79.555471,38.560217],[-79.566271,38.562517],[-79.571771,38.563117],[-79.649075,38.591515],[-79.6543188029416,38.5800977634275],[-79.656109,38.5762],[-79.658175,38.573016],[-79.659375,38.572616],[-79.661575,38.567316],[-79.660675,38.566216],[-79.659275,38.562416],[-79.662575,38.560516],[-79.665075,38.560916],[-79.669275,38.549516],[-79.669675,38.543416],[-79.666874,38.538317],[-79.668774,38.534217],[-79.672974,38.528717],[-79.671574,38.527517],[-79.669774,38.526917],[-79.666774,38.524317],[-79.662974,38.518717],[-79.662074,38.515517],[-79.663474,38.514117],[-79.665674,38.513817],[-79.667574,38.512917],[-79.668774,38.512017],[-79.669128,38.510975],[-79.669128,38.510883],[-79.670474,38.507717],[-79.674074,38.510417],[-79.680374,38.510617],[-79.681574,38.508217],[-79.681606,38.504504],[-79.682974,38.501317],[-79.688345,38.496183],[-79.691301,38.496768],[-79.692273,38.496474],[-79.694506,38.494232],[-79.697572,38.487223],[-79.696959,38.484574],[-79.695462,38.481454],[-79.693424,38.481011],[-79.69418,38.478311],[-79.695565,38.477842],[-79.699006,38.475148],[-79.699622,38.473967],[-79.698929,38.469869],[-79.695588,38.469058],[-79.691088,38.463744],[-79.688882,38.458714],[-79.688365,38.45687],[-79.688205,38.450476],[-79.688962,38.449538],[-79.691478,38.446282],[-79.689544,38.442511],[-79.691377,38.439558],[-79.691656,38.436436],[-79.69093,38.433995],[-79.689909,38.432864],[-79.689675,38.431439],[-79.706634,38.41573],[-79.70914,38.412064],[-79.708965,38.409553],[-79.712904,38.405034],[-79.717365,38.401562],[-79.722653,38.389517],[-79.72635,38.38707],[-79.729895,38.380351],[-79.731698,38.373376],[-79.730494,38.372217],[-79.727676,38.371701],[-79.72679,38.370832],[-79.725804,38.366128],[-79.725597,38.363828],[-79.725973,38.363229],[-79.727053,38.362233],[-79.729344,38.36183],[-79.732059,38.360168],[-79.7346,38.356728],[-79.740615,38.354101],[-79.744105,38.353968],[-79.75556,38.357372],[-79.757626,38.357566],[-79.764432,38.356514],[-79.767263,38.353395],[-79.766403,38.350873],[-79.769906,38.341843],[-79.77309,38.335529],[-79.779272,38.331609],[-79.785972,38.330878],[-79.79655,38.32348],[-79.798159,38.319161],[-79.799617,38.317149],[-79.804093,38.313922],[-79.808711,38.309429],[-79.810154,38.306707]]]}},{"type":"Feature","properties":{"code":"US-51093","name":"Isle of Wight","label":"Isle of Wight County","type":"County","parentCode":"US-VA"},"geometry":{"type":"Polygon","coordinates":[[[-76.917008,36.734076],[-76.924629,36.707729],[-76.912221,36.698408],[-76.918465,36.680597],[-76.912015,36.672717],[-76.909672,36.648175],[-76.897592,36.64405],[-76.793189,36.719455],[-76.741229,36.7575],[-76.632902,36.840717],[-76.631277,36.84196],[-76.537863,36.912395],[-76.529279,36.916698],[-76.521099,36.90633],[-76.501754,36.913646],[-76.4841070658135,36.928916],[-76.487559,36.952372],[-76.500355,36.965212],[-76.5116455791115,36.9676813801947],[-76.513363,36.968057],[-76.521006,36.973187],[-76.524142,36.978316],[-76.522971,36.981085],[-76.524853,36.983833],[-76.551246,36.998946],[-76.562923,37.003796],[-76.5658027113464,37.0074926283658],[-76.577531,37.022548],[-76.586491,37.02874],[-76.612124,37.035604],[-76.646013,37.036228],[-76.653998,37.039172],[-76.662558,37.045748],[-76.66835,37.05506],[-76.669822,37.06426],[-76.667646,37.076228],[-76.65811,37.096787],[-76.656894,37.109843],[-76.666542,37.138179],[-76.671588,37.14206],[-76.680286,37.126291],[-76.675166,37.108643],[-76.68419,37.103891],[-76.693322,37.074838],[-76.698255,37.05914],[-76.771586,37.030907],[-76.849684,36.996211],[-76.85897,36.956031],[-76.836282,36.922725],[-76.817073,36.906167],[-76.818031,36.880584],[-76.835088,36.868556],[-76.851915,36.853731],[-76.868881,36.808449],[-76.867007,36.787959],[-76.889389,36.771535],[-76.884547,36.765097],[-76.894807,36.747034],[-76.917008,36.734076]]]}},{"type":"Feature","properties":{"code":"US-51095","name":"James City","label":"James City County","type":"County","parentCode":"US-VA"},"geometry":{"type":"Polygon","coordinates":[[[-76.904471,37.377665],[-76.909647,37.348643],[-76.88477,37.368566],[-76.874437,37.365427],[-76.880005,37.309874],[-76.871685,37.295597],[-76.882047,37.271683],[-76.8753156074675,37.2609825276334],[-76.872209,37.26275],[-76.858424,37.241385],[-76.822178,37.243642],[-76.793537,37.231248],[-76.7885770855513,37.2228910876279],[-76.780532,37.209336],[-76.773752,37.206061],[-76.757765,37.191658],[-76.75047,37.190098],[-76.74304,37.192611],[-76.74,37.195379],[-76.73432,37.204211],[-76.7326381417154,37.2090044708367],[-76.730951,37.213813],[-76.698943,37.219059],[-76.6933723186333,37.2212281299952],[-76.689166,37.222866],[-76.649869,37.220914],[-76.641085,37.216002],[-76.629868,37.206738],[-76.623292,37.198738],[-76.61934,37.192146],[-76.616268,37.178962],[-76.611017579599,37.1670970016316],[-76.600701,37.17521],[-76.581218,37.182511],[-76.591302,37.213205],[-76.601521,37.237751],[-76.627323,37.231469],[-76.631469,37.235783],[-76.656542,37.243161],[-76.662309,37.2517],[-76.667113,37.265074],[-76.680151,37.265997],[-76.68029,37.265732],[-76.664237,37.251064],[-76.682638,37.247226],[-76.700271,37.248744],[-76.726996,37.250145],[-76.732155,37.253666],[-76.736717,37.259249],[-76.738657,37.27537],[-76.741143,37.27338],[-76.737478,37.280194],[-76.725294,37.279904],[-76.740465,37.305737],[-76.727859,37.305927],[-76.729601,37.312979],[-76.734956,37.331885],[-76.753072,37.338675],[-76.755511,37.35422],[-76.74531,37.364744],[-76.743239,37.370118],[-76.711808,37.36509],[-76.673712,37.367728],[-76.658651,37.380139],[-76.672296,37.395808],[-76.712305,37.431309],[-76.732961,37.450235],[-76.741984,37.467076],[-76.756789,37.461715],[-76.770279,37.434992],[-76.79254,37.435495],[-76.82413,37.450728],[-76.861409,37.445603],[-76.892062,37.432418],[-76.893602,37.429719],[-76.892807,37.382725],[-76.904471,37.377665]]]}},{"type":"Feature","properties":{"code":"US-51097","name":"King and Queen","label":"King and Queen County","type":"County","parentCode":"US-VA"},"geometry":{"type":"Polygon","coordinates":[[[-77.181962,37.949577],[-77.186414,37.911249],[-77.181418,37.891654],[-77.169004,37.897045],[-77.164718,37.883934],[-77.149497,37.882063],[-77.163198,37.872476],[-77.134,37.866108],[-77.139784,37.852037],[-77.123591,37.839297],[-77.126454,37.826637],[-77.113241,37.805144],[-77.099368,37.813314],[-77.103108,37.786034],[-77.073723,37.773227],[-77.089542,37.755191],[-77.082197,37.747133],[-77.06046,37.749751],[-77.033273,37.720809],[-77.025552,37.723034],[-76.9972,37.707236],[-76.972264,37.705731],[-76.956408,37.688059],[-76.916734,37.695296],[-76.907545,37.654682],[-76.880491,37.65713],[-76.863461,37.641867],[-76.857939,37.627477],[-76.870304,37.620487],[-76.840999,37.617521],[-76.816304,37.605456],[-76.818873,37.589905],[-76.795663,37.589344],[-76.799341,37.575795],[-76.777729,37.554446],[-76.792184,37.517594],[-76.79085,37.505762],[-76.751693,37.483941],[-76.741984,37.467076],[-76.732961,37.450235],[-76.712305,37.431309],[-76.704721,37.448035],[-76.667425,37.455525],[-76.646794,37.481154],[-76.652118,37.500099],[-76.66765,37.520348],[-76.654076,37.603174],[-76.693584,37.627876],[-76.695921,37.633615],[-76.728199,37.675591],[-76.726736,37.685004],[-76.751067,37.711665],[-76.751072,37.728605],[-76.760859,37.751037],[-76.790036,37.771844],[-76.790992,37.786734],[-76.80197,37.794727],[-76.819514,37.7924],[-76.842628,37.79804],[-76.87231,37.782729],[-76.906446,37.796236],[-76.943221,37.782955],[-76.945212,37.828174],[-76.969882,37.828592],[-76.981638,37.839027],[-76.992618,37.834594],[-77.012691,37.840366],[-77.020204,37.86105],[-77.042721,37.873143],[-77.022917,37.879594],[-77.031458,37.890808],[-77.024053,37.904937],[-77.033619,37.925278],[-77.055231,37.930883],[-77.059718,37.943097],[-77.073036,37.94616],[-77.070115,37.96477],[-77.105848,37.971431],[-77.148634,37.972],[-77.167284,37.963904],[-77.181962,37.949577]]]}},{"type":"Feature","properties":{"code":"US-51099","name":"King George","label":"King George County","type":"County","parentCode":"US-VA"},"geometry":{"type":"Polygon","coordinates":[[[-77.34467,38.260612],[-77.341344,38.260682],[-77.328208,38.252925],[-77.326692,38.245136],[-77.309419,38.234737],[-77.290302,38.238728],[-77.291402,38.223729],[-77.279802,38.224729],[-77.275302,38.247528],[-77.249801,38.250728],[-77.226713,38.24394],[-77.22871,38.235106],[-77.251801,38.229628],[-77.242001,38.210729],[-77.254001,38.18943],[-77.2298,38.18783],[-77.2323,38.196929],[-77.2143,38.197029],[-77.18839,38.174665],[-77.164598,38.16503],[-77.130397,38.163431],[-77.115997,38.149931],[-77.084596,38.160231],[-77.073796,38.141331],[-77.061695,38.161631],[-77.064671,38.166378],[-77.050215,38.177916],[-77.047307,38.203779],[-77.04474,38.256268],[-77.044202,38.260582],[-77.034929,38.258626],[-76.999695,38.276636],[-76.99767,38.278047],[-77.026304,38.302685],[-77.029608,38.313012],[-77.018542,38.329199],[-77.016932,38.341697],[-77.011827,38.374554],[-77.024866,38.386791],[-77.043526,38.400548],[-77.051437,38.399083],[-77.056032,38.3962],[-77.069956,38.377895],[-77.08481,38.368297],[-77.094665,38.367715],[-77.104717,38.369655],[-77.138224,38.367917],[-77.155191,38.351047],[-77.162692,38.345994],[-77.17934,38.341915],[-77.199433,38.34089],[-77.240072,38.331598],[-77.265295,38.333165],[-77.2675279734811,38.3341428797941],[-77.279633,38.339444],[-77.284121,38.343411],[-77.2870333378232,38.3488341875994],[-77.318013,38.346302],[-77.321454,38.345242],[-77.330094,38.33401],[-77.326681,38.318743],[-77.339157,38.298558],[-77.34467,38.260612]]]}},{"type":"Feature","properties":{"code":"US-51101","name":"King William","label":"King William County","type":"County","parentCode":"US-VA"},"geometry":{"type":"Polygon","coordinates":[[[-77.345575,37.792204],[-77.345223,37.789285],[-77.332847,37.792351],[-77.321719,37.769954],[-77.338456,37.763184],[-77.330788,37.753117],[-77.303586,37.755136],[-77.322496,37.733701],[-77.293509,37.739804],[-77.289165,37.715153],[-77.269703,37.723581],[-77.243731,37.712159],[-77.246478,37.730975],[-77.230225,37.71386],[-77.243859,37.699191],[-77.239674,37.685748],[-77.214539,37.688959],[-77.202388,37.678575],[-77.183489,37.685675],[-77.186674,37.657708],[-77.15209,37.663839],[-77.109171,37.662293],[-77.123675,37.626881],[-77.096183,37.616805],[-77.091698,37.61837],[-77.091015,37.604127],[-77.079455,37.596434],[-77.068419,37.603857],[-77.01916,37.581945],[-77.019163,37.567417],[-76.990531,37.564679],[-76.981158,37.567113],[-76.9919,37.581468],[-76.963635,37.583073],[-76.95676,37.557035],[-76.973225,37.541082],[-76.944206,37.538797],[-76.942711,37.559552],[-76.92155,37.568943],[-76.903125,37.565791],[-76.905261,37.548963],[-76.893857,37.545668],[-76.874686,37.552535],[-76.881423,37.576891],[-76.868479,37.581383],[-76.853577,37.572627],[-76.863776,37.549149],[-76.878069,37.531377],[-76.863826,37.523224],[-76.851001,37.526083],[-76.829017,37.546494],[-76.822589,37.552399],[-76.792184,37.517594],[-76.777729,37.554446],[-76.799341,37.575795],[-76.795663,37.589344],[-76.818873,37.589905],[-76.816304,37.605456],[-76.840999,37.617521],[-76.870304,37.620487],[-76.857939,37.627477],[-76.863461,37.641867],[-76.880491,37.65713],[-76.907545,37.654682],[-76.916734,37.695296],[-76.956408,37.688059],[-76.972264,37.705731],[-76.9972,37.707236],[-77.025552,37.723034],[-77.033273,37.720809],[-77.06046,37.749751],[-77.082197,37.747133],[-77.089542,37.755191],[-77.073723,37.773227],[-77.103108,37.786034],[-77.099368,37.813314],[-77.113241,37.805144],[-77.126454,37.826637],[-77.123591,37.839297],[-77.139784,37.852037],[-77.134,37.866108],[-77.163198,37.872476],[-77.149497,37.882063],[-77.164718,37.883934],[-77.169004,37.897045],[-77.181418,37.891654],[-77.210202,37.886184],[-77.211493,37.901163],[-77.241679,37.90955],[-77.243162,37.900241],[-77.2485,37.886086],[-77.24809,37.87747],[-77.250228,37.872453],[-77.315057,37.816325],[-77.345575,37.792204]]]}},{"type":"Feature","properties":{"code":"US-51103","name":"Lancaster","label":"Lancaster County","type":"County","parentCode":"US-VA"},"geometry":{"type":"Polygon","coordinates":[[[-76.629799,37.805219],[-76.6422756727082,37.7923167043293],[-76.615351,37.780759],[-76.602024,37.772731],[-76.595939,37.77168],[-76.593835,37.772848],[-76.584289,37.76889],[-76.576387,37.757493],[-76.560476,37.727827],[-76.54005,37.704432],[-76.537228,37.698892],[-76.535302,37.687516],[-76.537698,37.66893],[-76.536548,37.663574],[-76.510187,37.642324],[-76.501522,37.643762],[-76.497564,37.647056],[-76.491799,37.663614],[-76.489576,37.666201],[-76.4770740824448,37.6658888885806],[-76.472392,37.665772],[-76.443254,37.652347],[-76.4401533737628,37.6506767980665],[-76.399236,37.628636],[-76.390054,37.630326],[-76.381106,37.627003],[-76.36232,37.610368],[-76.309174,37.621892],[-76.28037,37.613715],[-76.279447,37.618225],[-76.287959,37.631771],[-76.292534,37.636098],[-76.306464,37.642005],[-76.332562,37.645817],[-76.339892,37.655966],[-76.3326776753595,37.6660112621576],[-76.326857,37.674116],[-76.326329,37.682649],[-76.3260935925906,37.6827885096607],[-76.376131,37.713204],[-76.364348,37.728353],[-76.363922,37.765577],[-76.381917,37.779534],[-76.401056,37.780249],[-76.417752,37.804119],[-76.419761,37.807766],[-76.418735,37.822934],[-76.468482,37.8229],[-76.477639,37.837394],[-76.507867,37.8333],[-76.507828,37.838814],[-76.564735,37.837288],[-76.577525,37.831488],[-76.583016,37.81347],[-76.629799,37.805219]]]}},{"type":"Feature","properties":{"code":"US-51105","name":"Lee","label":"Lee County","type":"County","parentCode":"US-VA"},"geometry":{"type":"Polygon","coordinates":[[[-83.674614,36.603082],[-83.675413,36.600814],[-83.670141,36.600797],[-83.670128,36.600764],[-83.645586,36.600002],[-83.622624,36.598061],[-83.622050248072,36.5980550980634],[-83.55681,36.597384],[-83.472108,36.597284],[-83.374904,36.597386],[-83.3082877900125,36.5979271503002],[-83.2876129183054,36.5980951006089],[-83.2763,36.598187],[-83.261099,36.593887],[-83.250304,36.593935],[-83.249899,36.593898],[-83.248933,36.593827],[-83.1017155812756,36.593871049895],[-83.028357,36.593893],[-83.02725,36.593847],[-82.9851235492625,36.5937302148783],[-82.947587,36.67587],[-82.87502,36.71048],[-82.82438,36.732023],[-82.829812,36.747219],[-82.818416,36.76109],[-82.790289,36.776567],[-82.771595,36.800031],[-82.787543,36.811797],[-82.823679,36.838584],[-82.835564,36.847975],[-82.845883,36.8469],[-82.851532,36.870187],[-82.8782081655467,36.8927955121479],[-82.877862,36.891843],[-82.878569,36.889585],[-82.879492,36.889085],[-82.884626,36.888477],[-82.887627,36.88689],[-82.890028,36.884287],[-82.895445,36.882145],[-82.906325,36.87974],[-82.907981,36.878749],[-82.908004,36.877233],[-82.907276,36.875643],[-82.907774,36.874706],[-82.910315,36.874055],[-82.91169,36.874248],[-82.911824,36.874243],[-82.92241,36.873925],[-82.937573,36.867275],[-82.951685,36.866152],[-82.960955,36.862536],[-82.970253,36.857686],[-82.971934,36.857767],[-82.973395,36.859097],[-82.979227,36.859693],[-82.988707,36.859137],[-82.998376,36.85663],[-83.003786,36.851789],[-83.006086,36.847889],[-83.009222,36.847295],[-83.012587,36.847289],[-83.021887,36.849989],[-83.024387,36.851689],[-83.025887,36.855289],[-83.026887,36.855489],[-83.042188,36.854389],[-83.044288,36.852989],[-83.047589,36.851789],[-83.052489,36.851989],[-83.060489,36.853789],[-83.063989,36.851689],[-83.066189,36.851889],[-83.06929,36.853589],[-83.07259,36.854589],[-83.07274192,36.85438644],[-83.07559,36.850589],[-83.07379,36.844889],[-83.07519,36.840889],[-83.07969,36.840589],[-83.086991,36.838189],[-83.088991,36.835989],[-83.091291,36.834389],[-83.098892,36.831789],[-83.101792,36.829089],[-83.102092,36.828189],[-83.10205006042,36.8280317265751],[-83.101692,36.826689],[-83.099792,36.824889],[-83.098892,36.822989],[-83.098492,36.814289],[-83.103092,36.806689],[-83.108029,36.802181],[-83.110793,36.800388],[-83.114693,36.796088],[-83.119144,36.789531],[-83.123341,36.786654],[-83.128794,36.785388],[-83.131694,36.781488],[-83.128494,36.775588],[-83.128894,36.769888],[-83.131245,36.767105],[-83.132286,36.76561],[-83.132477,36.764398],[-83.1256656539027,36.7614116710383],[-83.125655,36.761407],[-83.125728,36.761276],[-83.126719,36.761],[-83.128813,36.757864],[-83.128272,36.75637],[-83.127833,36.750828],[-83.130994,36.749788],[-83.134294,36.746588],[-83.136395,36.743088],[-83.146095,36.741788],[-83.156696,36.742187],[-83.161496,36.739887],[-83.167396,36.739187],[-83.175696,36.739587],[-83.194597,36.739487],[-83.199698,36.737487],[-83.219999,36.731287],[-83.236399,36.726887],[-83.238499,36.727087],[-83.2463,36.725287],[-83.2555,36.721787],[-83.263601,36.720987],[-83.269301,36.718487],[-83.272501,36.717787],[-83.275501,36.717987],[-83.285702,36.715187],[-83.286902,36.713987],[-83.287802,36.713787],[-83.307103,36.711387],[-83.311403,36.710287],[-83.313003,36.709087],[-83.315703,36.708187],[-83.342804,36.701286],[-83.349705,36.698386],[-83.350468678733,36.6976917466063],[-83.350805,36.697386],[-83.353613,36.696699],[-83.354606,36.696153],[-83.356405,36.694686],[-83.359205,36.693586],[-83.360205,36.693586],[-83.362105,36.694786],[-83.364005,36.694586],[-83.367505,36.692686],[-83.386099,36.686589],[-83.389306,36.684986],[-83.395306,36.679486],[-83.395607,36.678987],[-83.394906,36.677586],[-83.395806,36.676786],[-83.411807,36.670786],[-83.419507,36.668486],[-83.423707,36.667385],[-83.431708,36.666485],[-83.436508,36.666185],[-83.440808,36.666885],[-83.448108,36.665285],[-83.454709,36.664785],[-83.458009,36.665785],[-83.460808,36.664885],[-83.4610151191699,36.6648782480975],[-83.466483,36.6647],[-83.48261,36.666185],[-83.48891,36.667685],[-83.493911,36.670085],[-83.498011,36.670485],[-83.499911,36.670185],[-83.501411,36.669085],[-83.506911,36.668685],[-83.511711,36.669085],[-83.516011,36.667585],[-83.527112,36.665985],[-83.529612,36.666184],[-83.531912,36.664984],[-83.533012,36.663284],[-83.533112,36.661884],[-83.541812,36.656584],[-83.547312,36.654484],[-83.554112,36.653784],[-83.562612,36.651284],[-83.565712,36.648384],[-83.569812,36.645684],[-83.577312,36.641784],[-83.5842272676923,36.6413998184615],[-83.584512,36.641384],[-83.600713,36.637084],[-83.603013,36.636883],[-83.604313,36.637683],[-83.605613,36.637783],[-83.607913,36.637083],[-83.614513,36.633983],[-83.616413,36.631383],[-83.619913,36.627983],[-83.625013,36.625183],[-83.628913,36.624083],[-83.635013,36.622883],[-83.639813,36.624783],[-83.645213,36.624183],[-83.648314,36.622683],[-83.649513,36.616683],[-83.657714,36.611782],[-83.663614,36.606782],[-83.665614,36.605782],[-83.673114,36.604682],[-83.6738978357588,36.6038459085239],[-83.674614,36.603082]]]}},{"type":"Feature","properties":{"code":"US-51107","name":"Loudoun","label":"Loudoun County","type":"County","parentCode":"US-VA"},"geometry":{"type":"Polygon","coordinates":[[[-77.962203,39.013733],[-77.921694,39.004408],[-77.820128,38.980967],[-77.797225,38.975667],[-77.655169,38.942656],[-77.637298,38.941672],[-77.625044,38.931825],[-77.580302,38.890969],[-77.55224,38.886588],[-77.548752,38.846609],[-77.535991,38.847368],[-77.496821,38.887154],[-77.485021,38.899128],[-77.465651,38.91878],[-77.429278,38.95563],[-77.422788,38.9622],[-77.422416,38.962579],[-77.413524,38.971573],[-77.40257,38.982649],[-77.400955,38.984292],[-77.394338,38.990984],[-77.378344,39.007161],[-77.371316,39.014265],[-77.371103,39.01448],[-77.37041,39.015177],[-77.334249,39.051695],[-77.328281093199,39.0577948715365],[-77.333706,39.059508],[-77.3337299212557,39.059624537433],[-77.33401,39.060989],[-77.335511,39.061771],[-77.340287,39.062991],[-77.3421002787855,39.0628357931766],[-77.350311,39.062133],[-77.359702,39.062004],[-77.3668224561035,39.0611697776611],[-77.367529,39.061087],[-77.375079,39.061297],[-77.3784960318384,39.0623236723221],[-77.380108,39.062808],[-77.38568,39.061987],[-77.399204,39.064784],[-77.4019135386037,39.064639196304],[-77.404593,39.064496],[-77.41543,39.066435],[-77.4207106867182,39.0667368508666],[-77.42318,39.066878],[-77.4374,39.070611],[-77.4436083499535,39.0713583200145],[-77.452827,39.072468],[-77.458202,39.073723],[-77.46145,39.075151],[-77.462617,39.076248],[-77.4649653848213,39.0797361737039],[-77.4686982662398,39.0852808096111],[-77.469443,39.086387],[-77.472414,39.092524],[-77.47701,39.100331],[-77.4775532767993,39.1010089188358],[-77.481279,39.105658],[-77.4858,39.109303],[-77.494955,39.113038],[-77.499711,39.11395],[-77.5020761733592,39.1146532333628],[-77.51532,39.118591],[-77.519929,39.120925],[-77.524559,39.127821],[-77.526728,39.137315],[-77.527282,39.146236],[-77.524872,39.148455],[-77.5244156331222,39.1500306535325],[-77.521222,39.161057],[-77.516426,39.170891],[-77.510631,39.178484],[-77.505162,39.18205],[-77.485971,39.185665],[-77.478596,39.189168],[-77.477362,39.190495],[-77.475013,39.194934],[-77.475929,39.202024],[-77.47361,39.208407],[-77.470113,39.21184],[-77.459883,39.218682],[-77.4589223494682,39.2203363986735],[-77.457943,39.222023],[-77.45768,39.22502],[-77.45812,39.22614],[-77.46021,39.228359],[-77.471213,39.234509],[-77.4802430566701,39.2412434231264],[-77.480807,39.241664],[-77.484664,39.246123],[-77.486813,39.247586],[-77.496606,39.251045],[-77.508427,39.25263],[-77.519634,39.257232],[-77.520986,39.258491],[-77.522486,39.259086],[-77.534461,39.262361],[-77.540581,39.264947],[-77.543228,39.266937],[-77.544258,39.26966],[-77.545846,39.271535],[-77.5465552833747,39.2721270228168],[-77.551054,39.275882],[-77.5512682504984,39.276234161256],[-77.553114,39.279268],[-77.560854,39.286152],[-77.562768,39.294501],[-77.561826,39.301913],[-77.56321,39.303903],[-77.5658310251171,39.3056199030448],[-77.566596,39.306121],[-77.570041,39.30635],[-77.578491,39.305228],[-77.5830918701483,39.30368257225],[-77.588235,39.301955],[-77.592739,39.30129],[-77.598892,39.301883],[-77.6059,39.303688],[-77.615939,39.302722],[-77.6316568943776,39.3066666754067],[-77.6316976325714,39.3066768993558],[-77.636101,39.307782],[-77.640282,39.308241],[-77.650997,39.310784],[-77.66613,39.317008],[-77.671341,39.321675],[-77.675846,39.324192],[-77.6771230127463,39.3240773739412],[-77.681706,39.323666],[-77.687124,39.319914],[-77.692984,39.31845],[-77.697461,39.318633],[-77.707709,39.321559],[-77.715865,39.320641],[-77.719519,39.321314],[-77.719946,39.319693],[-77.721638,39.318494],[-77.730047,39.315666],[-77.734899,39.312409],[-77.747287,39.295001],[-77.750267,39.289284],[-77.752726,39.283373],[-77.753357,39.280331],[-77.75306,39.277971],[-77.753105,39.27734],[-77.755193,39.275191],[-77.755698,39.274575],[-77.758412,39.269197],[-77.758733,39.268114],[-77.761217,39.263721],[-77.761768,39.263031],[-77.7621944059562,39.2612136229413],[-77.7622312213775,39.2610567126049],[-77.762844,39.258445],[-77.766525,39.25734],[-77.768,39.257657],[-77.768992,39.256417],[-77.770281,39.255977],[-77.770669,39.255262],[-77.770876,39.24976],[-77.770589,39.249393],[-77.767277,39.24938],[-77.771415,39.236776],[-77.7737089403333,39.2342000149963],[-77.778068,39.229305],[-77.781268,39.226909],[-77.78364,39.224081],[-77.788763,39.215243],[-77.793631,39.210125],[-77.794596,39.206299],[-77.79819,39.200658],[-77.798478,39.199574],[-77.797714,39.19424],[-77.797943,39.192826],[-77.8000146886198,39.1887227160104],[-77.804712,39.179419],[-77.804415,39.178045],[-77.805099,39.174222],[-77.805991,39.172421],[-77.809125,39.168567],[-77.811295,39.167563],[-77.813206,39.165023],[-77.818446,39.155279],[-77.821413,39.15241],[-77.822874,39.147755],[-77.82299,39.145451],[-77.82223,39.142734],[-77.822182,39.139985],[-77.828157,39.132329],[-77.8283018332673,39.1324224548325],[-77.842687,39.1202],[-77.845843,39.115892],[-77.862825,39.080979],[-77.877596,39.078042],[-77.893279,39.055425],[-77.962203,39.013733]]]}},{"type":"Feature","properties":{"code":"US-51109","name":"Louisa","label":"Louisa County","type":"County","parentCode":"US-VA"},"geometry":{"type":"Polygon","coordinates":[[[-78.306763,38.006474],[-78.276527,37.99154],[-78.230175,37.97855],[-78.195959,37.953628],[-78.173929,37.950196],[-78.06331,37.905108],[-78.055572,37.904378],[-77.99128,37.866914],[-77.993003,37.859291],[-77.946863,37.852647],[-77.923622,37.828911],[-77.918739,37.825997],[-77.898904,37.799519],[-77.9091,37.776283],[-77.866285,37.754996],[-77.857974,37.759524],[-77.816307,37.745287],[-77.797322,37.729318],[-77.786479,37.756787],[-77.768204,37.802962],[-77.759713,37.81148],[-77.754845,37.84149],[-77.739286,37.87435],[-77.733108,37.885191],[-77.721962,37.920537],[-77.687469,38.007806],[-77.71189,38.012721],[-77.739513,38.033038],[-77.74767,38.024295],[-77.740913,38.038237],[-77.778514,38.058737],[-77.786614,38.076337],[-77.812893,38.085296],[-77.838217,38.106239],[-77.847017,38.098438],[-77.913718,38.115797],[-77.934219,38.114106],[-77.947054,38.120035],[-77.950141,38.117622],[-77.979936,38.119533],[-78.001947,38.137582],[-78.047876,38.135883],[-78.070823,38.142703],[-78.101989,38.152546],[-78.116561,38.140046],[-78.14438,38.142977],[-78.183764,38.128854],[-78.19167,38.128371],[-78.208217,38.130945],[-78.209384,38.131128],[-78.253686,38.06327],[-78.306763,38.006474]]]}},{"type":"Feature","properties":{"code":"US-51111","name":"Lunenburg","label":"Lunenburg County","type":"County","parentCode":"US-VA"},"geometry":{"type":"Polygon","coordinates":[[[-78.47794,36.950062],[-78.493028,36.89122],[-78.422011,36.858631],[-78.359711,36.859654],[-78.349483,36.846041],[-78.329585,36.854512],[-78.277528,36.819861],[-78.212262,36.805523],[-78.195044,36.802363],[-78.16781,36.801515],[-78.119364,36.78707],[-78.112318,36.798215],[-78.082905,36.791735],[-78.055509,36.776215],[-78.027411,36.777858],[-78.026698,36.783691],[-78.00762,36.981692],[-78.003639,37.022756],[-78.021517,37.01743],[-78.028451,37.017938],[-78.079284,37.010481],[-78.149125,37.046068],[-78.172207,37.055963],[-78.169406,37.067471],[-78.224286,37.089685],[-78.239354,37.120089],[-78.279567,37.102384],[-78.324931,37.102923],[-78.359844,37.106108],[-78.382321,37.089494],[-78.443644,37.079371],[-78.47794,36.950062]]]}},{"type":"Feature","properties":{"code":"US-51113","name":"Madison","label":"Madison County","type":"County","parentCode":"US-VA"},"geometry":{"type":"Polygon","coordinates":[[[-78.441658,38.489952],[-78.452801,38.475527],[-78.43489,38.450113],[-78.440823,38.410075],[-78.423755,38.383027],[-78.429254,38.366411],[-78.397698,38.332539],[-78.381816,38.317923],[-78.365763,38.317437],[-78.347178,38.276872],[-78.34132,38.280185],[-78.341132,38.280094],[-78.31928,38.268728],[-78.288478,38.272312],[-78.267215,38.263244],[-78.270424,38.250027],[-78.252822,38.234483],[-78.220025,38.231506],[-78.217333,38.242475],[-78.177738,38.254306],[-78.183143,38.267554],[-78.152165,38.265846],[-78.14857,38.284028],[-78.139561,38.281026],[-78.125012,38.278309],[-78.094498,38.311242],[-78.09585,38.31232],[-78.104873,38.311839],[-78.091203,38.327403],[-78.091178,38.338835],[-78.107784,38.343808],[-78.117961,38.368822],[-78.111338,38.38188],[-78.091762,38.390235],[-78.096083,38.404343],[-78.126894,38.425882],[-78.118822,38.434382],[-78.131427,38.443741],[-78.134804,38.445104],[-78.181792,38.487378],[-78.231803,38.532539],[-78.338176,38.627312],[-78.360018,38.613783],[-78.383193,38.588319],[-78.386752,38.556468],[-78.41376,38.547201],[-78.419754,38.534396],[-78.442767,38.527775],[-78.43888,38.51695],[-78.441658,38.489952]]]}},{"type":"Feature","properties":{"code":"US-51115","name":"Mathews","label":"Mathews County","type":"County","parentCode":"US-VA"},"geometry":{"type":"Polygon","coordinates":[[[-76.451657,37.484069],[-76.446539,37.465085],[-76.447944,37.420064],[-76.407336,37.412722],[-76.4047560317518,37.4002130024531],[-76.393125,37.398068],[-76.393958,37.39594],[-76.391437,37.390284],[-76.387112,37.385061],[-76.366751,37.374495],[-76.337476,37.364014],[-76.31205,37.338088],[-76.308581,37.329366],[-76.291324,37.324145],[-76.282555,37.319107],[-76.275552,37.309964],[-76.272005,37.322194],[-76.272888,37.335174],[-76.264847,37.357399],[-76.262407,37.360786],[-76.258277,37.36202],[-76.252855001544,37.369263507156],[-76.24846,37.375135],[-76.245283,37.386839],[-76.246617,37.404122],[-76.2481263525395,37.4111097869458],[-76.250454,37.421886],[-76.2516851452452,37.437824967611],[-76.252415,37.447274],[-76.265056,37.481365],[-76.281043,37.507821],[-76.288167,37.514118],[-76.293599,37.516499],[-76.297651,37.515424],[-76.298456,37.512677],[-76.296445,37.511235],[-76.297739,37.506863],[-76.306952,37.497488],[-76.317006121589,37.4963414068638],[-76.32947,37.49492],[-76.352678,37.504913],[-76.359378,37.513426],[-76.360474,37.51924],[-76.3550844814706,37.5273641758149],[-76.404118,37.535542],[-76.419897,37.510297],[-76.437561,37.51436],[-76.451657,37.484069]]]}},{"type":"Feature","properties":{"code":"US-51117","name":"Mecklenburg","label":"Mecklenburg County","type":"County","parentCode":"US-VA"},"geometry":{"type":"Polygon","coordinates":[[[-78.737799,36.555875],[-78.7341219239254,36.5419022759072],[-78.670051,36.542035],[-78.663317,36.542011],[-78.6259589897076,36.5414192014125],[-78.605304,36.541092],[-78.533013,36.541004],[-78.529722,36.540981],[-78.509965,36.541065],[-78.471022,36.542307],[-78.470792,36.542316],[-78.45697,36.542474],[-78.4569670005471,36.54247404051],[-78.441199,36.542687],[-78.436333,36.542666],[-78.3240036520265,36.543808068161],[-78.3239883198679,36.5438082240465],[-78.323912,36.543809],[-78.2644230174927,36.5442187854319],[-78.246681,36.544341],[-78.245462,36.544411],[-78.133323,36.543847],[-78.132911,36.543811],[-78.1296851159471,36.5438242843307],[-78.1215181836615,36.5438579161127],[-78.0691745799136,36.5440734693471],[-78.0462187396896,36.5441680024946],[-78.0462112119251,36.5441680334942],[-78.040489,36.61209],[-78.027411,36.777858],[-78.055509,36.776215],[-78.082905,36.791735],[-78.112318,36.798215],[-78.119364,36.78707],[-78.16781,36.801515],[-78.195044,36.802363],[-78.212262,36.805523],[-78.277528,36.819861],[-78.329585,36.854512],[-78.349483,36.846041],[-78.359711,36.859654],[-78.422011,36.858631],[-78.493028,36.89122],[-78.507365,36.872868],[-78.563265,36.803598],[-78.648541,36.697909],[-78.624724,36.673309],[-78.554057,36.636165],[-78.549377,36.626152],[-78.56393,36.64014],[-78.578771,36.638539],[-78.594883,36.652895],[-78.624724,36.667317],[-78.640221,36.684668],[-78.653551,36.69085],[-78.677596,36.688326],[-78.697302,36.66888],[-78.711702,36.641078],[-78.712316,36.609583],[-78.720028,36.588877],[-78.715694,36.580836],[-78.737799,36.555875]]]}},{"type":"Feature","properties":{"code":"US-51119","name":"Middlesex","label":"Middlesex County","type":"County","parentCode":"US-VA"},"geometry":{"type":"Polygon","coordinates":[[[-76.751072,37.728605],[-76.751067,37.711665],[-76.726736,37.685004],[-76.728199,37.675591],[-76.695921,37.633615],[-76.693584,37.627876],[-76.654076,37.603174],[-76.614983,37.583979],[-76.595767,37.588079],[-76.55593,37.555054],[-76.55208,37.566374],[-76.499822,37.537232],[-76.481221,37.536217],[-76.475763,37.533294],[-76.456263,37.520926],[-76.437561,37.51436],[-76.419897,37.510297],[-76.404118,37.535542],[-76.3550844814706,37.5273641758149],[-76.348992,37.536548],[-76.339989,37.53833],[-76.330598,37.536391],[-76.302762,37.551295],[-76.29796,37.557636],[-76.300144,37.561734],[-76.332641,37.570042],[-76.357835,37.573699],[-76.383188,37.573056],[-76.4088707430113,37.581208616462],[-76.410781,37.581815],[-76.420252,37.598686],[-76.435474,37.612807],[-76.5064619182684,37.6116521711401],[-76.527188,37.611315],[-76.533777,37.61253],[-76.542666,37.616857],[-76.574049,37.646781],[-76.583143,37.661986],[-76.5813479816967,37.6667979831881],[-76.579591,37.671508],[-76.597868,37.702918],[-76.598073,37.70912],[-76.595943,37.712989],[-76.597213,37.717269],[-76.606466,37.724819],[-76.61997,37.731271],[-76.621433,37.737973],[-76.617373,37.742347],[-76.61971,37.744795],[-76.639962,37.750941],[-76.663887,37.751887],[-76.677002,37.7561],[-76.680922,37.759647],[-76.683372,37.765507],[-76.6833585929492,37.7702577191032],[-76.703069,37.755714],[-76.723086,37.756697],[-76.751072,37.728605]]]}},{"type":"Feature","properties":{"code":"US-51121","name":"Montgomery","label":"Montgomery County","type":"County","parentCode":"US-VA"},"geometry":{"type":"Polygon","coordinates":[[[-80.606962,37.244871],[-80.614295,37.214259],[-80.601675,37.202283],[-80.585999,37.182764],[-80.58007,37.185147],[-80.56483,37.197711],[-80.518646,37.205561],[-80.526019,37.191628],[-80.551959,37.191544],[-80.565363,37.177154],[-80.55006,37.156228],[-80.527158,37.14827],[-80.529762,37.133842],[-80.530709,37.132381],[-80.526464,37.136307],[-80.52476,37.147873],[-80.511287,37.147782],[-80.50854,37.135708],[-80.532121,37.119029],[-80.530959,37.110504],[-80.549088,37.118304],[-80.556803,37.099876],[-80.578286,37.09325],[-80.580469,37.089662],[-80.578134,37.082819],[-80.560091,37.082313],[-80.543626,37.049576],[-80.558159,37.038034],[-80.555587,37.00958],[-80.543933,36.984639],[-80.520714,36.996968],[-80.515619,37.011125],[-80.492149,36.981564],[-80.485986,36.999096],[-80.471583,36.993452],[-80.463009,37.008378],[-80.451612,37.021453],[-80.442416,37.007141],[-80.42641,37.014303],[-80.42237,37.002493],[-80.389465,37.0217],[-80.345412,37.026506],[-80.288837,37.074418],[-80.283675,37.07883],[-80.178125,37.1134],[-80.177677,37.133178],[-80.183548,37.175898],[-80.191118,37.231689],[-80.189938,37.233437],[-80.191808,37.233734],[-80.192536,37.234383],[-80.205091,37.248116],[-80.218979,37.263706],[-80.258577,37.308702],[-80.262184,37.341526],[-80.32484,37.368833],[-80.351522,37.349193],[-80.430943,37.316378],[-80.467436,37.293831],[-80.479194,37.285258],[-80.520399,37.268893],[-80.573592,37.256596],[-80.606962,37.244871]]]}},{"type":"Feature","properties":{"code":"US-51125","name":"Nelson","label":"Nelson County","type":"County","parentCode":"US-VA"},"geometry":{"type":"Polygon","coordinates":[[[-79.143958,37.859283],[-79.172131,37.803097],[-79.137964,37.814141],[-79.121505,37.802418],[-79.109485,37.784691],[-79.089887,37.787891],[-79.071417,37.778303],[-79.065845,37.74634],[-79.067355,37.720255],[-79.030946,37.702646],[-79.014477,37.705285],[-79.005982,37.697475],[-78.986017,37.695546],[-78.983322,37.682554],[-78.96696,37.676479],[-78.954613,37.647048],[-78.937508,37.616075],[-78.897905,37.543857],[-78.869245,37.542092],[-78.824938,37.537342],[-78.825238,37.552542],[-78.813339,37.568152],[-78.830339,37.580942],[-78.82914,37.594642],[-78.811042,37.601741],[-78.82124,37.631842],[-78.788128,37.642038],[-78.739437,37.631542],[-78.719279,37.635386],[-78.71904,37.661543],[-78.688241,37.678643],[-78.695737,37.692943],[-78.677134,37.69624],[-78.664359,37.680181],[-78.641666,37.683675],[-78.655935,37.703543],[-78.653937,37.716039],[-78.646734,37.722245],[-78.643918,37.733084],[-78.668862,37.724752],[-78.686087,37.737505],[-78.683104,37.759992],[-78.667455,37.759409],[-78.708046,37.825101],[-78.732117,37.865174],[-78.760379,37.914346],[-78.838874,38.04737],[-78.854384,38.036452],[-78.857456,38.03263],[-78.873692,38.028624],[-78.889757,37.995045],[-78.906945,37.987538],[-78.893611,37.977148],[-78.901923,37.95325],[-78.899379,37.948999],[-78.942068,37.940237],[-78.985157,37.901996],[-79.00579,37.881587],[-79.017225,37.89345],[-79.044552,37.890888],[-79.062283,37.91752],[-79.118283,37.901083],[-79.146639,37.888826],[-79.15739,37.891003],[-79.143958,37.859283]]]}},{"type":"Feature","properties":{"code":"US-51127","name":"New Kent","label":"New Kent County","type":"County","parentCode":"US-VA"},"geometry":{"type":"Polygon","coordinates":[[[-77.240988,37.538088],[-77.240732,37.537803],[-77.239902,37.537933],[-77.23843,37.538574],[-77.238307,37.538891],[-77.237736,37.539094],[-77.237241,37.53887],[-77.236731,37.538959],[-77.235963,37.538877],[-77.235132,37.538574],[-77.234303,37.538871],[-77.233785,37.538835],[-77.233238,37.539074],[-77.232946,37.539394],[-77.232358,37.539688],[-77.231846,37.539638],[-77.209279,37.517769],[-77.207007,37.513446],[-77.179941,37.493329],[-77.177324,37.4906],[-77.142443,37.468569],[-77.138175,37.469814],[-77.095814,37.440292],[-77.076287,37.441287],[-77.058965,37.42888],[-77.046913,37.431791],[-77.038375,37.429178],[-77.026677,37.429006],[-77.021316,37.41601],[-76.971672,37.418353],[-76.968821,37.406511],[-76.93847,37.407354],[-76.942518,37.383238],[-76.92761,37.399566],[-76.90492,37.404914],[-76.917932,37.384261],[-76.904471,37.377665],[-76.892807,37.382725],[-76.893602,37.429719],[-76.892062,37.432418],[-76.861409,37.445603],[-76.82413,37.450728],[-76.79254,37.435495],[-76.770279,37.434992],[-76.756789,37.461715],[-76.741984,37.467076],[-76.751693,37.483941],[-76.79085,37.505762],[-76.792184,37.517594],[-76.822589,37.552399],[-76.829017,37.546494],[-76.851001,37.526083],[-76.863826,37.523224],[-76.878069,37.531377],[-76.863776,37.549149],[-76.853577,37.572627],[-76.868479,37.581383],[-76.881423,37.576891],[-76.874686,37.552535],[-76.893857,37.545668],[-76.905261,37.548963],[-76.903125,37.565791],[-76.92155,37.568943],[-76.942711,37.559552],[-76.944206,37.538797],[-76.973225,37.541082],[-76.95676,37.557035],[-76.963635,37.583073],[-76.9919,37.581468],[-76.981158,37.567113],[-76.990531,37.564679],[-77.019163,37.567417],[-77.01916,37.581945],[-77.068419,37.603857],[-77.079455,37.596434],[-77.091015,37.604127],[-77.091698,37.61837],[-77.096183,37.616805],[-77.123675,37.626881],[-77.138029,37.616932],[-77.140457,37.592169],[-77.170941,37.596524],[-77.233949,37.546862],[-77.240988,37.538088]]]}},{"type":"Feature","properties":{"code":"US-51131","name":"Northampton","label":"Northampton County","type":"County","parentCode":"US-VA"},"geometry":{"type":"Polygon","coordinates":[[[-76.023664,37.268971],[-76.025753,37.257407],[-76.014026,37.235381],[-76.0107030308277,37.2317620000593],[-76.010535,37.231579],[-76.013778,37.219263],[-76.013071,37.205366],[-76.006094,37.19481],[-75.998647,37.188739],[-75.978083,37.157338],[-75.970004,37.128861],[-75.97043,37.118608],[-75.979608,37.100448],[-75.97996,37.09217],[-75.971876,37.085376],[-75.955241,37.083827],[-75.942399,37.089607],[-75.943417,37.10066],[-75.952983,37.105724],[-75.955122,37.11975],[-75.945872,37.120514],[-75.942539,37.125142],[-75.927789,37.130268],[-75.911508,37.122877],[-75.915786,37.112169],[-75.9088558281837,37.1137185655939],[-75.906734,37.114193],[-75.897298,37.118037],[-75.8969856647082,37.1182670004052],[-75.886369,37.126085],[-75.87767,37.135604],[-75.856366,37.158497],[-75.834692,37.173261],[-75.830934,37.183591],[-75.817387,37.193437],[-75.815604,37.202241],[-75.819882,37.212463],[-75.8099,37.216249],[-75.80138,37.229936],[-75.805808,37.241847],[-75.796985,37.25602],[-75.792408,37.278812],[-75.798448,37.296285],[-75.791913,37.300589],[-75.784634,37.300976],[-75.779193,37.298557],[-75.777244,37.298511],[-75.763101,37.307874],[-75.735829,37.335426],[-75.726691,37.350127],[-75.725634,37.358416],[-75.727335,37.360346],[-75.723670452852,37.3674478657053],[-75.720739,37.373129],[-75.697914,37.405301],[-75.677542,37.428612],[-75.665957,37.439209],[-75.658379,37.451815],[-75.66444,37.464456],[-75.6765221891521,37.4637005550846],[-75.68326,37.454744],[-75.713275,37.449876],[-75.72852,37.459775],[-75.763912,37.463308],[-75.776564,37.454589],[-75.78703,37.464578],[-75.808115,37.464626],[-75.812793,37.473895],[-75.793521,37.488837],[-75.791656,37.50381],[-75.804797,37.514726],[-75.788012,37.528816],[-75.841297,37.555532],[-75.884455,37.549542],[-75.90041,37.557265],[-75.931272,37.554753],[-75.9376646225106,37.5496523755582],[-75.940318,37.534582],[-75.949974,37.521876],[-75.958966,37.500133],[-75.963326,37.481785],[-75.963496,37.475352],[-75.9621126302945,37.4712372806391],[-75.960877,37.467562],[-75.976491,37.444878],[-75.981624,37.434116],[-75.983105,37.415802],[-75.97997,37.404608],[-75.987122,37.368548],[-75.997778,37.351739],[-76.014251,37.331943],[-76.018645,37.31782],[-76.023475,37.289067],[-76.0216348594627,37.2871748976629],[-76.015507,37.280874],[-76.023664,37.268971]]]}},{"type":"Feature","properties":{"code":"US-51133","name":"Northumberland","label":"Northumberland County","type":"County","parentCode":"US-VA"},"geometry":{"type":"Polygon","coordinates":[[[-76.63423,37.96663],[-76.628125,37.968582],[-76.604151,37.949008],[-76.556042,37.931524],[-76.54866,37.917098],[-76.541073,37.890331],[-76.547885,37.867643],[-76.510877,37.84909],[-76.507828,37.838814],[-76.507867,37.8333],[-76.477639,37.837394],[-76.468482,37.8229],[-76.418735,37.822934],[-76.419761,37.807766],[-76.417752,37.804119],[-76.401056,37.780249],[-76.381917,37.779534],[-76.363922,37.765577],[-76.364348,37.728353],[-76.376131,37.713204],[-76.3260935925906,37.6827885096607],[-76.321471,37.685528],[-76.312079,37.684651],[-76.302545,37.689],[-76.300067,37.695364],[-76.302803,37.704474],[-76.312858,37.720338],[-76.304917,37.729913],[-76.312108,37.750522],[-76.306489,37.788646],[-76.310307,37.794849],[-76.307482,37.81235],[-76.293525,37.822717],[-76.284904,37.822308],[-76.2830715727555,37.8196463036943],[-76.281985,37.818068],[-76.282592,37.814109],[-76.280544,37.812597],[-76.275178,37.812664],[-76.266057,37.8174],[-76.251358,37.833072],[-76.245072,37.861918],[-76.236728,37.889164],[-76.236725,37.889174],[-76.265998,37.91138],[-76.3136966648586,37.9334157415753],[-76.343848,37.947345],[-76.360211,37.952329],[-76.391439,37.958742],[-76.412932,37.966324],[-76.427487,37.977038],[-76.4337980211891,37.982146971776],[-76.451596,37.996555],[-76.466088,38.013298],[-76.491998,38.017222],[-76.516547,38.026566],[-76.5174406959996,38.0347548140709],[-76.571899,38.027046],[-76.590917,38.003725],[-76.616294,38.001623],[-76.63423,37.96663]]]}},{"type":"Feature","properties":{"code":"US-51135","name":"Nottoway","label":"Nottoway County","type":"County","parentCode":"US-VA"},"geometry":{"type":"Polygon","coordinates":[[[-78.238147,37.194968],[-78.239354,37.120089],[-78.224286,37.089685],[-78.169406,37.067471],[-78.172207,37.055963],[-78.149125,37.046068],[-78.079284,37.010481],[-78.028451,37.017938],[-78.021517,37.01743],[-78.003639,37.022756],[-77.996024,37.022362],[-77.978425,36.998579],[-77.968114,36.987292],[-77.917549,36.983673],[-77.889813,36.988818],[-77.898892,37.117094],[-77.900254,37.143885],[-77.870524,37.150368],[-77.841723,37.169839],[-77.805982,37.175933],[-77.795926,37.192592],[-77.8236,37.201302],[-77.945288,37.230641],[-78.118901,37.270121],[-78.124861,37.271196],[-78.231234,37.29622],[-78.238147,37.194968]]]}},{"type":"Feature","properties":{"code":"US-51137","name":"Orange","label":"Orange County","type":"County","parentCode":"US-VA"},"geometry":{"type":"Polygon","coordinates":[[[-78.35569,38.198044],[-78.368984,38.184146],[-78.344325,38.177786],[-78.332451,38.173829],[-78.209384,38.131128],[-78.208217,38.130945],[-78.19167,38.128371],[-78.183764,38.128854],[-78.14438,38.142977],[-78.116561,38.140046],[-78.101989,38.152546],[-78.070823,38.142703],[-78.047876,38.135883],[-78.001947,38.137582],[-77.979936,38.119533],[-77.950141,38.117622],[-77.947054,38.120035],[-77.929044,38.135863],[-77.925457,38.143986],[-77.874822,38.187737],[-77.874811,38.189356],[-77.877422,38.202185],[-77.859859,38.200601],[-77.834769,38.231304],[-77.827736,38.230001],[-77.792919,38.259591],[-77.781057,38.277718],[-77.74804,38.304924],[-77.740433,38.312462],[-77.739329,38.32095],[-77.726411,38.325329],[-77.726146,38.325562],[-77.714863,38.349201],[-77.702843,38.36084],[-77.771186,38.39303],[-77.78218,38.385897],[-77.782494,38.364465],[-77.794488,38.370697],[-77.835746,38.382087],[-77.841715,38.377502],[-77.884655,38.379137],[-77.886978,38.388159],[-77.908979,38.381503],[-77.911858,38.370668],[-77.958711,38.353656],[-77.972949,38.358946],[-77.975732,38.347087],[-77.993872,38.349348],[-78.029472,38.32843],[-78.036994,38.311945],[-78.066376,38.310824],[-78.077815,38.316294],[-78.094498,38.311242],[-78.125012,38.278309],[-78.139561,38.281026],[-78.14857,38.284028],[-78.152165,38.265846],[-78.183143,38.267554],[-78.177738,38.254306],[-78.217333,38.242475],[-78.220025,38.231506],[-78.252822,38.234483],[-78.270424,38.250027],[-78.267215,38.263244],[-78.288478,38.272312],[-78.342678,38.214411],[-78.35569,38.198044]]]}},{"type":"Feature","properties":{"code":"US-51139","name":"Page","label":"Page County","type":"County","parentCode":"US-VA"},"geometry":{"type":"Polygon","coordinates":[[[-78.691312,38.510008],[-78.682131,38.506097],[-78.646308,38.491641],[-78.633082,38.496867],[-78.627309,38.480981],[-78.617493,38.474193],[-78.62292,38.466379],[-78.559098,38.447336],[-78.54784,38.426191],[-78.48574,38.421579],[-78.465073,38.447],[-78.452801,38.475527],[-78.441658,38.489952],[-78.43888,38.51695],[-78.442767,38.527775],[-78.419754,38.534396],[-78.41376,38.547201],[-78.386752,38.556468],[-78.383193,38.588319],[-78.360018,38.613783],[-78.338176,38.627312],[-78.327615,38.628777],[-78.319693,38.660693],[-78.314386,38.682509],[-78.331705,38.702642],[-78.318775,38.737866],[-78.303477,38.738913],[-78.284805,38.759315],[-78.290403,38.780373],[-78.321229,38.789534],[-78.348759,38.806204],[-78.34993,38.806747],[-78.394704,38.82279],[-78.425019,38.798537],[-78.470091,38.752583],[-78.50926,38.725626],[-78.546907,38.738022],[-78.589891,38.686406],[-78.612102,38.643052],[-78.627449,38.616848],[-78.641769,38.604719],[-78.663181,38.571927],[-78.675729,38.533996],[-78.691312,38.510008]]]}},{"type":"Feature","properties":{"code":"US-51141","name":"Patrick","label":"Patrick County","type":"County","parentCode":"US-VA"},"geometry":{"type":"Polygon","coordinates":[[[-80.621751,36.619833],[-80.625704,36.604287],[-80.615254,36.588909],[-80.6120580996221,36.5578718895589],[-80.5638456739035,36.5558414585226],[-80.4804875636461,36.5523308926949],[-80.4802648117057,36.5523215116599],[-80.4403411541913,36.5506401560323],[-80.4401,36.55063],[-80.432628,36.550302],[-80.431605,36.550219],[-80.295243,36.543973],[-80.2765530911762,36.5439434220613],[-80.228263,36.543867],[-80.225408,36.543748],[-80.225339,36.5437473211895],[-80.1729665072297,36.543232089309],[-80.171636,36.543219],[-80.169535,36.54319],[-80.122183,36.542646],[-80.0534585356035,36.5425366652957],[-80.050364,36.605752],[-80.059501,36.632911],[-80.059653,36.663544],[-80.069095,36.674018],[-80.094207,36.724581],[-80.094744,36.746326],[-80.089839,36.753211],[-80.089908,36.753379],[-80.094389,36.779552],[-80.075721,36.790453],[-80.041493,36.794365],[-80.07267,36.823278],[-80.066652,36.841604],[-80.198285,36.864747],[-80.235455,36.87213],[-80.28999,36.857579],[-80.305165,36.842286],[-80.321006,36.84082],[-80.341953,36.833249],[-80.344442,36.813471],[-80.386909,36.797676],[-80.394658,36.744867],[-80.409332,36.742676],[-80.443794,36.747859],[-80.458572,36.738359],[-80.46418,36.708718],[-80.45377,36.700447],[-80.45811,36.696526],[-80.465776,36.67342],[-80.489307,36.661633],[-80.488737,36.650354],[-80.500701,36.656551],[-80.525522,36.644114],[-80.549872,36.642479],[-80.552399,36.652112],[-80.594947,36.661372],[-80.591767,36.657226],[-80.621751,36.619833]]]}},{"type":"Feature","properties":{"code":"US-51143","name":"Pittsylvania","label":"Pittsylvania County","type":"County","parentCode":"US-VA"},"geometry":{"type":"Polygon","coordinates":[[[-79.690513,36.645404],[-79.7148401962592,36.5420023594642],[-79.667309,36.541772],[-79.666827,36.541772],[-79.6060285382053,36.5413694797702],[-79.5178257644934,36.5407855274842],[-79.5136470557863,36.5407578620674],[-79.510647,36.540738],[-79.4700322670177,36.5410249389508],[-79.472112,36.560621],[-79.456537,36.576699],[-79.478272,36.584375],[-79.490187,36.580621],[-79.518995,36.603359],[-79.500848,36.618262],[-79.449509,36.610653],[-79.443219,36.606204],[-79.428731,36.598908],[-79.419418,36.606467],[-79.415663,36.617967],[-79.404291,36.629754],[-79.399619,36.643446],[-79.369323,36.634436],[-79.368776,36.616894],[-79.36426,36.608109],[-79.354662,36.609288],[-79.349263,36.599625],[-79.330969,36.601669],[-79.328484,36.582638],[-79.305566,36.582294],[-79.304635,36.580776],[-79.30521,36.569948],[-79.327208,36.569958],[-79.33392,36.57327],[-79.351535,36.55124],[-79.3431171666517,36.5411766468951],[-79.3428159854101,36.5411765254678],[-79.24974,36.541139],[-79.2184541869829,36.5414925778669],[-79.180857,36.697709],[-79.171374,36.736711],[-79.164338,36.766236],[-79.127736,36.915151],[-79.112981,36.974635],[-79.092264,37.061498],[-79.111053,37.068737],[-79.127139,37.089864],[-79.143478,37.075852],[-79.182374,37.069618],[-79.193691,37.054911],[-79.205975,37.076588],[-79.200845,37.098401],[-79.215895,37.11892],[-79.227887,37.098529],[-79.243837,37.123124],[-79.25191,37.132441],[-79.259288,37.131076],[-79.269642,37.119063],[-79.272657,37.111164],[-79.282818,37.105627],[-79.295256,37.104805],[-79.321913,37.120921],[-79.339519,37.137454],[-79.362538,37.119797],[-79.387549,37.092948],[-79.404731,37.091777],[-79.405242,37.063242],[-79.442859,37.055867],[-79.489516,37.0625],[-79.487418,37.052758],[-79.483272,37.03529],[-79.458993,37.016944],[-79.475454,37.010771],[-79.535614,37.041127],[-79.548938,37.053218],[-79.562621,37.035017],[-79.594069,37.042206],[-79.594157,37.041928],[-79.61232,36.975016],[-79.621868,36.934753],[-79.633407,36.88615],[-79.640652,36.856139],[-79.680921,36.685479],[-79.689447,36.649864],[-79.690513,36.645404]]]}},{"type":"Feature","properties":{"code":"US-51145","name":"Powhatan","label":"Powhatan County","type":"County","parentCode":"US-VA"},"geometry":{"type":"Polygon","coordinates":[[[-78.116088,37.516994],[-78.132048,37.454686],[-78.098749,37.440575],[-78.091757,37.456102],[-78.06658,37.452054],[-78.050491,37.471672],[-78.016851,37.471982],[-78.014437,37.492081],[-77.999575,37.498052],[-77.965226,37.484403],[-77.937427,37.475422],[-77.924261,37.482055],[-77.895282,37.472275],[-77.886352,37.449299],[-77.866126,37.456521],[-77.855148,37.418363],[-77.809003,37.426234],[-77.79784,37.458961],[-77.762624,37.484492],[-77.747867,37.494682],[-77.732738,37.506021],[-77.676264,37.546678],[-77.665331,37.554548],[-77.655399,37.563986],[-77.703865,37.588436],[-77.707984,37.58925],[-77.732842,37.589958],[-77.766941,37.612814],[-77.814985,37.606603],[-77.823365,37.610977],[-77.829882,37.632386],[-77.859405,37.645235],[-77.895376,37.667008],[-77.916347,37.691472],[-77.943645,37.681196],[-77.953084,37.668907],[-77.943671,37.638616],[-77.950101,37.628414],[-77.979559,37.623791],[-78.020934,37.642951],[-78.06336,37.64839],[-78.072174,37.657385],[-78.089466,37.639415],[-78.087488,37.628044],[-78.116088,37.516994]]]}},{"type":"Feature","properties":{"code":"US-51147","name":"Prince Edward","label":"Prince Edward County","type":"County","parentCode":"US-VA"},"geometry":{"type":"Polygon","coordinates":[[[-78.681573,37.248759],[-78.692432,37.203673],[-78.644621,37.194323],[-78.634927,37.170064],[-78.592817,37.143974],[-78.547468,37.150487],[-78.541917,37.140776],[-78.515336,37.132722],[-78.503764,37.106854],[-78.475129,37.086049],[-78.447977,37.078171],[-78.443644,37.079371],[-78.382321,37.089494],[-78.359844,37.106108],[-78.324931,37.102923],[-78.279567,37.102384],[-78.239354,37.120089],[-78.238147,37.194968],[-78.231234,37.29622],[-78.235039,37.368102],[-78.259063,37.360645],[-78.258998,37.342837],[-78.277968,37.346694],[-78.292349,37.324918],[-78.322436,37.309126],[-78.350054,37.312559],[-78.35275,37.301606],[-78.385665,37.306175],[-78.389125,37.307309],[-78.392843,37.304651],[-78.413067,37.324179],[-78.440662,37.327241],[-78.465089,37.339677],[-78.47154,37.340623],[-78.486567,37.340052],[-78.490165,37.329612],[-78.511491,37.329724],[-78.536469,37.350462],[-78.548482,37.346728],[-78.569751,37.372218],[-78.578951,37.364115],[-78.579357,37.377362],[-78.591669,37.3806],[-78.580828,37.391515],[-78.594436,37.397974],[-78.601434,37.351367],[-78.594483,37.344949],[-78.632979,37.314325],[-78.679791,37.2588],[-78.681573,37.248759]]]}},{"type":"Feature","properties":{"code":"US-51149","name":"Prince George","label":"Prince George County","type":"County","parentCode":"US-VA"},"geometry":{"type":"Polygon","coordinates":[[[-77.399203,37.17085],[-77.396887,37.154006],[-77.395862,37.112182],[-77.394725,37.034038],[-77.398498,36.992985],[-77.320094,37.031627],[-77.196689,37.092958],[-77.187038,37.098933],[-77.17344,37.105238],[-77.155415,37.112034],[-77.073145,37.184072],[-77.04265,37.193775],[-77.044688,37.201543],[-77.031491,37.198671],[-77.01178,37.21241],[-77.01273,37.232372],[-76.972439,37.248501],[-76.991363,37.278005],[-76.996003,37.300979],[-77.010096,37.305251],[-77.069269,37.269742],[-77.079555,37.274275],[-77.086164,37.310904],[-77.096655,37.312183],[-77.12511,37.302921],[-77.135869,37.303693],[-77.187549,37.31146],[-77.220492,37.319275],[-77.251502,37.308863],[-77.270675,37.320756],[-77.281955,37.319012],[-77.284019,37.313012],[-77.277006,37.317656],[-77.270174,37.3094],[-77.252442,37.293536],[-77.278568,37.280331],[-77.289004,37.273686],[-77.308905,37.260984],[-77.330951,37.257644],[-77.324378,37.267816],[-77.326686,37.293226],[-77.333564,37.298798],[-77.335666,37.313039],[-77.350326,37.311925],[-77.356582,37.283125],[-77.373735,37.266949],[-77.376785,37.244849],[-77.365753,37.241278],[-77.358269,37.231922],[-77.35248,37.219162],[-77.344949,37.213797],[-77.329767,37.197495],[-77.351164,37.172906],[-77.359793,37.171902],[-77.376702,37.180549],[-77.399203,37.17085]]]}},{"type":"Feature","properties":{"code":"US-51153","name":"Prince William","label":"Prince William County","type":"County","parentCode":"US-VA"},"geometry":{"type":"Polygon","coordinates":[[[-77.71589,38.841613],[-77.709962,38.823761],[-77.679854,38.77862],[-77.679735,38.77844],[-77.669725,38.763418],[-77.624978,38.696168],[-77.61326,38.678534],[-77.579484,38.627653],[-77.57596,38.62234],[-77.561824,38.601018],[-77.535485,38.561247],[-77.531328,38.55655],[-77.481781,38.592252],[-77.464019,38.57867],[-77.448793,38.581284],[-77.396866,38.5472],[-77.372027,38.521189],[-77.334446,38.514116],[-77.308814,38.500817],[-77.30187096508,38.504510713288],[-77.2997177341975,38.5071212046287],[-77.283754,38.526475],[-77.2825048116151,38.5291426489793],[-77.276972,38.540958],[-77.277105,38.548541],[-77.2585639794228,38.5612970272449],[-77.25808,38.56163],[-77.2528965659776,38.5756955931922],[-77.24636,38.593433],[-77.2380171386603,38.5982688717432],[-77.2272883208399,38.6044877437611],[-77.230146,38.625085],[-77.220718,38.647408],[-77.239495,38.666534],[-77.240631,38.667749],[-77.245387,38.672129],[-77.245756,38.672273],[-77.257915,38.684701],[-77.266055,38.68781],[-77.276383,38.694588],[-77.281142,38.695845],[-77.298759,38.704329],[-77.308567,38.706727],[-77.317154,38.701208],[-77.326908,38.704131],[-77.320233,38.710842],[-77.332296,38.716525],[-77.355542,38.725239],[-77.359123,38.723761],[-77.360757,38.721669],[-77.369465,38.710283],[-77.380526,38.722537],[-77.388469,38.749054],[-77.411324,38.744667],[-77.41352,38.772681],[-77.429376,38.780887],[-77.432739,38.77976],[-77.443084,38.803653],[-77.448935,38.80317],[-77.457743,38.797291],[-77.469081,38.795913],[-77.493724,38.798071],[-77.490341,38.810254],[-77.505059,38.816199],[-77.503886,38.824041],[-77.508812,38.84107],[-77.529616,38.837011],[-77.535991,38.847368],[-77.548752,38.846609],[-77.55224,38.886588],[-77.580302,38.890969],[-77.625044,38.931825],[-77.637298,38.941672],[-77.655169,38.942656],[-77.680402,38.893235],[-77.692622,38.887004],[-77.704931,38.843152],[-77.71589,38.841613]],[[-77.523891,38.718138],[-77.526087,38.729617],[-77.52257,38.740854],[-77.50305,38.759022],[-77.502751,38.759378],[-77.495598,38.770462],[-77.487813,38.769113],[-77.478499,38.778302],[-77.475584,38.781112],[-77.479113,38.782255],[-77.458507,38.787394],[-77.4521,38.773417],[-77.440333,38.783473],[-77.432828,38.779303],[-77.431107,38.779549],[-77.422013,38.776644],[-77.423616,38.769374],[-77.420581,38.762287],[-77.427332,38.753598],[-77.439148,38.759181],[-77.442056,38.750903],[-77.446993,38.756199],[-77.443502,38.763699],[-77.453591,38.769031],[-77.458695,38.772319],[-77.456577,38.765945],[-77.447707,38.760856],[-77.451288,38.740035],[-77.451321,38.73991],[-77.454573,38.735569],[-77.471177,38.727665],[-77.493912,38.725451],[-77.513196,38.73688],[-77.502414,38.713279],[-77.506239,38.706106],[-77.523891,38.718138]]]}},{"type":"Feature","properties":{"code":"US-51155","name":"Pulaski","label":"Pulaski County","type":"County","parentCode":"US-VA"},"geometry":{"type":"Polygon","coordinates":[[[-80.930627,37.115087],[-80.912674,37.073349],[-80.893249,37.027399],[-80.865973,37.005754],[-80.862576,37.003642],[-80.835144,36.978942],[-80.835014,36.978813],[-80.809345,36.953385],[-80.809293,36.940399],[-80.789941,36.93357],[-80.740483,36.879001],[-80.68259,36.895144],[-80.67613,36.908037],[-80.633987,36.93178],[-80.597585,36.94309],[-80.552847,36.970239],[-80.543933,36.984639],[-80.555587,37.00958],[-80.558159,37.038034],[-80.543626,37.049576],[-80.560091,37.082313],[-80.578134,37.082819],[-80.580469,37.089662],[-80.596069,37.115857],[-80.595167,37.125125],[-80.582819,37.134061],[-80.568062,37.141675],[-80.550105,37.14678],[-80.544642,37.143705],[-80.529762,37.133842],[-80.527158,37.14827],[-80.55006,37.156228],[-80.565363,37.177154],[-80.551959,37.191544],[-80.526019,37.191628],[-80.518646,37.205561],[-80.56483,37.197711],[-80.58007,37.185147],[-80.585999,37.182764],[-80.601675,37.202283],[-80.614295,37.214259],[-80.606962,37.244871],[-80.672201,37.224115],[-80.72832,37.202218],[-80.734248,37.19805],[-80.734593,37.19799],[-80.80149,37.179632],[-80.854627,37.147482],[-80.887031,37.127274],[-80.896151,37.122989],[-80.930627,37.115087]]]}},{"type":"Feature","properties":{"code":"US-51157","name":"Rappahannock","label":"Rappahannock County","type":"County","parentCode":"US-VA"},"geometry":{"type":"Polygon","coordinates":[[[-78.327615,38.628777],[-78.338176,38.627312],[-78.231803,38.532539],[-78.214882,38.538439],[-78.175975,38.520792],[-78.090132,38.596786],[-78.065408,38.612636],[-77.935355,38.69584],[-77.954567,38.694789],[-77.995664,38.710416],[-78.014368,38.727061],[-78.016445,38.754016],[-78.028047,38.759309],[-78.02803,38.759529],[-78.019536,38.777841],[-78.025832,38.795787],[-78.099732,38.830392],[-78.130574,38.864865],[-78.152641,38.854384],[-78.170941,38.823847],[-78.184702,38.792836],[-78.201026,38.776568],[-78.252959,38.757042],[-78.284805,38.759315],[-78.303477,38.738913],[-78.318775,38.737866],[-78.331705,38.702642],[-78.314386,38.682509],[-78.319693,38.660693],[-78.327615,38.628777]]]}},{"type":"Feature","properties":{"code":"US-51159","name":"Richmond","label":"Richmond County","type":"County","parentCode":"US-VA"},"geometry":{"type":"Polygon","coordinates":[[[-76.939407,38.085067],[-76.936959,38.077074],[-76.928169,38.073736],[-76.9064359784404,37.9987793062827],[-76.900328,37.998652],[-76.868003,37.983666],[-76.851603,37.973175],[-76.846255,37.94872],[-76.836629,37.934193],[-76.820705,37.933162],[-76.798482,37.925194],[-76.768772,37.899129],[-76.765711,37.879274],[-76.747552,37.875864],[-76.738395,37.865373],[-76.733046,37.852009],[-76.72718,37.842263],[-76.722156,37.83668],[-76.701606,37.822677],[-76.692747,37.82277],[-76.680197,37.825654],[-76.658302,37.806815],[-76.651413,37.796239],[-76.6422756727082,37.7923167043293],[-76.629799,37.805219],[-76.583016,37.81347],[-76.577525,37.831488],[-76.564735,37.837288],[-76.507828,37.838814],[-76.510877,37.84909],[-76.547885,37.867643],[-76.541073,37.890331],[-76.54866,37.917098],[-76.556042,37.931524],[-76.604151,37.949008],[-76.628125,37.968582],[-76.63423,37.96663],[-76.656292,37.982169],[-76.700569,37.984545],[-76.728989,37.99919],[-76.765411,38.001636],[-76.758969,38.032022],[-76.797574,38.058557],[-76.822922,38.065224],[-76.86339,38.102635],[-76.876889,38.124444],[-76.911392,38.097435],[-76.939407,38.085067]]]}},{"type":"Feature","properties":{"code":"US-51161","name":"Roanoke","label":"Roanoke County","type":"County","parentCode":"US-VA"},"geometry":{"type":"Polygon","coordinates":[[[-80.262184,37.341526],[-80.258577,37.308702],[-80.218979,37.263706],[-80.205091,37.248116],[-80.192536,37.234383],[-80.191808,37.233734],[-80.189938,37.233437],[-80.191118,37.231689],[-80.183548,37.175898],[-80.177677,37.133178],[-80.178125,37.1134],[-80.173492,37.109095],[-80.133247,37.119347],[-80.128674,37.122901],[-80.08651,37.161748],[-80.07739,37.15751],[-80.030635,37.174806],[-80.005309,37.167816],[-80.001182,37.151665],[-79.972429,37.139558],[-79.962822,37.137274],[-79.911878,37.169887],[-79.911823,37.176955],[-79.896686,37.180962],[-79.893859,37.199308],[-79.847217,37.225406],[-79.846901,37.241304],[-79.858405,37.267155],[-79.850993,37.284442],[-79.839607,37.300414],[-79.847476,37.309352],[-79.857699,37.320408],[-79.865684,37.328668],[-79.887589,37.338102],[-79.920321,37.352193],[-79.945616,37.362997],[-79.94604,37.363176],[-80.051755,37.404087],[-80.062622,37.408325],[-80.074119,37.422469],[-80.147679,37.382492],[-80.200301,37.378356],[-80.246508,37.353942],[-80.262184,37.341526]],[[-80.105716,37.280734],[-80.12034,37.286886],[-80.084224,37.297499],[-80.058967,37.31259],[-80.047729,37.317732],[-80.038176,37.320277],[-80.033596,37.324293],[-80.027941,37.311026],[-80.022226,37.308338],[-80.004961,37.315644],[-79.989021,37.327208],[-79.971662,37.334878],[-79.968835,37.337313],[-79.964265,37.333846],[-79.959013,37.320139],[-79.949734,37.326254],[-79.934026,37.320846],[-79.929288,37.319974],[-79.926634,37.324037],[-79.918066,37.328414],[-79.887867,37.3079],[-79.879723,37.297104],[-79.87855,37.29189],[-79.883273,37.293765],[-79.917959,37.279503],[-79.907422,37.275336],[-79.907393,37.275258],[-79.904886,37.266259],[-79.905032,37.266023],[-79.901072,37.264656],[-79.929166,37.222245],[-79.936217,37.227136],[-79.946282,37.218171],[-79.957781,37.21272],[-79.966532,37.219848],[-79.973967,37.231265],[-79.974073,37.231346],[-79.975902,37.236707],[-79.988175,37.237319],[-79.994392,37.241179],[-79.994117,37.241383],[-79.998191,37.252158],[-80.004179,37.24642],[-80.02883,37.24365],[-80.037477,37.251804],[-80.033464,37.26289],[-80.046455,37.253852],[-80.051202,37.2522],[-80.064839,37.260343],[-80.074512,37.257062],[-80.088464,37.28227],[-80.105036,37.278118],[-80.105716,37.280734]]]}},{"type":"Feature","properties":{"code":"US-51163","name":"Rockbridge","label":"Rockbridge County","type":"County","parentCode":"US-VA"},"geometry":{"type":"Polygon","coordinates":[[[-79.68877,37.734747],[-79.676341,37.698803],[-79.667733,37.694509],[-79.683554,37.661763],[-79.673048,37.655446],[-79.608748,37.616751],[-79.573231,37.595569],[-79.57791,37.580807],[-79.498699,37.532797],[-79.478987,37.548379],[-79.434068,37.572327],[-79.446226,37.576255],[-79.457967,37.605835],[-79.436947,37.617057],[-79.40158,37.626049],[-79.345235,37.660625],[-79.340576,37.678634],[-79.322317,37.692874],[-79.303011,37.740923],[-79.264674,37.794694],[-79.231557,37.813175],[-79.209372,37.789156],[-79.172131,37.803097],[-79.143958,37.859283],[-79.15739,37.891003],[-79.183978,37.914194],[-79.223947,37.936632],[-79.367861,38.018032],[-79.482668,38.086054],[-79.510286,38.051398],[-79.524495,38.041123],[-79.511144,38.035258],[-79.53386,38.003321],[-79.581865,37.954397],[-79.609241,37.935486],[-79.647589,37.874538],[-79.628228,37.875003],[-79.609676,37.864297],[-79.606735,37.860893],[-79.616659,37.852201],[-79.625437,37.829726],[-79.642641,37.814185],[-79.674162,37.763093],[-79.68877,37.734747]],[[-79.455667,37.765219],[-79.45409,37.792403],[-79.437337,37.794784],[-79.431646,37.793563],[-79.427317,37.792008],[-79.414948,37.788627],[-79.4349,37.778308],[-79.455667,37.765219]],[[-79.381509,37.742149],[-79.380274,37.74359],[-79.371454,37.745348],[-79.364923,37.744623],[-79.34286,37.762093],[-79.326012,37.743269],[-79.333912,37.740643],[-79.334678,37.729342],[-79.371705,37.695747],[-79.37485,37.738859],[-79.381509,37.742149]]]}},{"type":"Feature","properties":{"code":"US-51165","name":"Rockingham","label":"Rockingham County","type":"County","parentCode":"US-VA"},"geometry":{"type":"Polygon","coordinates":[[[-79.220961,38.48059],[-79.2243090862597,38.4776607800969],[-79.024659,38.366145],[-78.996579,38.350404],[-78.930195,38.313144],[-78.914289,38.304319],[-78.894094,38.306607],[-78.854301,38.278239],[-78.854173,38.278129],[-78.849234,38.273926],[-78.749396,38.206648],[-78.742136,38.21772],[-78.726443,38.229972],[-78.681032,38.254905],[-78.655347,38.26026],[-78.663145,38.277933],[-78.651214,38.293463],[-78.642031,38.29169],[-78.602248,38.307485],[-78.587506,38.32483],[-78.551583,38.336318],[-78.54541,38.356933],[-78.522792,38.36951],[-78.515141,38.39372],[-78.493214,38.406286],[-78.48574,38.421579],[-78.54784,38.426191],[-78.559098,38.447336],[-78.62292,38.466379],[-78.617493,38.474193],[-78.627309,38.480981],[-78.633082,38.496867],[-78.646308,38.491641],[-78.682131,38.506097],[-78.691312,38.510008],[-78.675729,38.533996],[-78.663181,38.571927],[-78.641769,38.604719],[-78.686218,38.635742],[-78.705731,38.648882],[-78.794197,38.710119],[-78.800155,38.714232],[-78.869276,38.762991],[-78.993997,38.850102],[-78.998171,38.847353],[-79.000252,38.845412],[-78.998863,38.840962],[-78.999014,38.840074],[-79.002352,38.836512],[-79.005152,38.829912],[-79.006352,38.826112],[-79.006152,38.824512],[-79.006552,38.823712],[-79.007952,38.822312],[-79.011952,38.820412],[-79.016752,38.820012],[-79.019553,38.817912],[-79.024053,38.809212],[-79.024453,38.803712],[-79.023453,38.802612],[-79.023053,38.798613],[-79.027253,38.792113],[-79.029253,38.791013],[-79.033153,38.791013],[-79.046554,38.792113],[-79.048954,38.790713],[-79.054954,38.785713],[-79.055654,38.783013],[-79.054354,38.780613],[-79.052454,38.779213],[-79.051654,38.778013],[-79.051254,38.773913],[-79.051554,38.772613],[-79.053754,38.772313],[-79.055654,38.770913],[-79.056754,38.766513],[-79.057253,38.761413],[-79.057554,38.760213],[-79.060954,38.756713],[-79.064854,38.754413],[-79.072555,38.747513],[-79.072755,38.744614],[-79.073855,38.742114],[-79.076555,38.739214],[-79.079655,38.734714],[-79.081955,38.729714],[-79.085455,38.724614],[-79.087255,38.720114],[-79.086555,38.716015],[-79.092755,38.702315],[-79.092555,38.700149],[-79.092271,38.699208],[-79.090755,38.692515],[-79.088055,38.690115],[-79.085555,38.688816],[-79.084355,38.686516],[-79.087855,38.673816],[-79.091055,38.669316],[-79.092364674221,38.6643084220963],[-79.092755,38.662816],[-79.092955,38.659517],[-79.106356,38.656217],[-79.111556,38.659717],[-79.120256,38.660216],[-79.122256,38.659817],[-79.129757,38.655017],[-79.131057,38.653217],[-79.133557,38.646017],[-79.135472,38.644057],[-79.135546,38.643715],[-79.136374,38.6424],[-79.137012,38.640655],[-79.137557,38.638017],[-79.139657,38.637217],[-79.142657,38.634417],[-79.146741,38.625819],[-79.146974,38.625641],[-79.151257,38.620618],[-79.155355,38.611225],[-79.155557,38.609218],[-79.154357,38.606518],[-79.159158,38.601219],[-79.158957,38.594519],[-79.158257,38.593919],[-79.158657,38.592319],[-79.163458,38.583119],[-79.1673213887043,38.5793395980066],[-79.168058,38.578619],[-79.170858,38.574119],[-79.171658,38.57162],[-79.170658,38.56922],[-79.170958,38.56812],[-79.174512,38.566531],[-79.174881,38.566314],[-79.176658,38.56552],[-79.180858,38.55992],[-79.184058,38.55152],[-79.188958,38.54742],[-79.193458,38.542421],[-79.196959,38.536721],[-79.201459,38.527821],[-79.205859,38.524521],[-79.210959,38.507422],[-79.206959,38.503522],[-79.207884,38.500428],[-79.207873,38.500122],[-79.209703,38.495574],[-79.210008,38.494283],[-79.210026,38.494231],[-79.210591,38.492913],[-79.215212,38.489261],[-79.219067,38.487441],[-79.221406,38.484837],[-79.220961,38.48059]],[[-78.916852,38.393414],[-78.917537,38.396224],[-78.902483,38.424147],[-78.906989,38.431181],[-78.915443,38.437455],[-78.902947,38.456026],[-78.900589,38.459217],[-78.888973,38.455357],[-78.883335,38.469615],[-78.871246,38.489338],[-78.857903,38.475412],[-78.849852,38.463116],[-78.848589,38.452278],[-78.834579,38.45554],[-78.827316,38.420474],[-78.836856,38.417778],[-78.837168,38.417689],[-78.85108,38.413759],[-78.874806,38.412516],[-78.878521,38.412135],[-78.890002,38.390814],[-78.913936,38.390004],[-78.916852,38.393414]]]}},{"type":"Feature","properties":{"code":"US-51167","name":"Russell","label":"Russell County","type":"County","parentCode":"US-VA"},"geometry":{"type":"Polygon","coordinates":[[[-82.389739,36.885621],[-82.406633,36.876356],[-82.356356,36.779852],[-82.348417,36.75752],[-82.332078,36.708969],[-82.308651,36.726674],[-82.241382,36.753549],[-82.224516,36.762904],[-82.103704,36.798521],[-82.114758,36.815613],[-82.107931,36.835369],[-82.078777,36.854725],[-81.979884,36.881193],[-81.976049,36.869502],[-81.946975,36.864681],[-81.885255,36.889544],[-81.837096,36.929039],[-81.818728,36.947258],[-81.780545,36.958629],[-81.800576,37.006988],[-81.805419,37.018655],[-81.815877,37.037943],[-81.827205,37.053848],[-81.840917,37.065584],[-81.889809,37.111265],[-81.900892,37.142553],[-81.914916,37.130706],[-81.991447,37.12833],[-82.001471,37.117849],[-82.007037,37.120198],[-82.027235,37.065971],[-82.045338,37.046669],[-82.075701,37.038217],[-82.101748,37.050963],[-82.110953,37.041228],[-82.13629,37.04378],[-82.149375,37.041641],[-82.168374,37.041159],[-82.184013,37.026797],[-82.196419,37.03103],[-82.246603,36.995716],[-82.261926,36.98945],[-82.284965,36.998429],[-82.32783,36.970982],[-82.302121,36.913556],[-82.309117,36.90212],[-82.317169,36.908066],[-82.336474,36.887155],[-82.34261,36.896458],[-82.376477,36.890131],[-82.389739,36.885621]]]}},{"type":"Feature","properties":{"code":"US-51169","name":"Scott","label":"Scott County","type":"County","parentCode":"US-VA"},"geometry":{"type":"Polygon","coordinates":[[[-82.947587,36.67587],[-82.9851235492625,36.5937302148783],[-82.888013,36.593461],[-82.830433,36.593761],[-82.69578,36.593698],[-82.6881447837838,36.593698],[-82.679879,36.593698],[-82.6540774589595,36.5938443363359],[-82.609176,36.594099],[-82.5721345801877,36.5946388119681],[-82.561074,36.5948],[-82.559774,36.5948],[-82.554294,36.594876],[-82.5455829729465,36.5949988917858],[-82.5172711030511,36.5953983046485],[-82.4938325003088,36.5957289673513],[-82.487238,36.595822],[-82.478668,36.595588],[-82.466613,36.594481],[-82.3869092861722,36.5950556892547],[-82.296995,36.595704],[-82.2941391924011,36.595705583357],[-82.307823,36.619667],[-82.332078,36.708969],[-82.348417,36.75752],[-82.356356,36.779852],[-82.406633,36.876356],[-82.402601,36.88464],[-82.441544,36.884427],[-82.554437,36.882086],[-82.616175,36.880805],[-82.634338,36.8786],[-82.656819,36.845319],[-82.691031,36.820582],[-82.748147,36.832633],[-82.771595,36.800031],[-82.790289,36.776567],[-82.818416,36.76109],[-82.829812,36.747219],[-82.82438,36.732023],[-82.87502,36.71048],[-82.947587,36.67587]]]}},{"type":"Feature","properties":{"code":"US-51171","name":"Shenandoah","label":"Shenandoah County","type":"County","parentCode":"US-VA"},"geometry":{"type":"Polygon","coordinates":[[[-78.865905,38.767034],[-78.869276,38.762991],[-78.800155,38.714232],[-78.794197,38.710119],[-78.705731,38.648882],[-78.686218,38.635742],[-78.641769,38.604719],[-78.627449,38.616848],[-78.612102,38.643052],[-78.589891,38.686406],[-78.546907,38.738022],[-78.50926,38.725626],[-78.470091,38.752583],[-78.425019,38.798537],[-78.394704,38.82279],[-78.33437,38.88144],[-78.300414,38.943592],[-78.307248,38.95263],[-78.335155,38.94934],[-78.33538,38.973844],[-78.338699,38.980418],[-78.316352,38.983319],[-78.333502,39.000027],[-78.31408,39.007994],[-78.309464,39.033923],[-78.331646,39.041179],[-78.343261,39.057653],[-78.347186,39.059724],[-78.32569,39.077888],[-78.336723,39.084438],[-78.336648,39.101997],[-78.343927,39.095749],[-78.37587,39.092066],[-78.391624,39.101897],[-78.418053,39.086166],[-78.430937,39.066333],[-78.448199,39.056038],[-78.444811,39.047234],[-78.454136,39.027797],[-78.5441928910609,39.0565696646112],[-78.545679,39.055052],[-78.547734,39.054069],[-78.554263,39.048058],[-78.556748,39.044527],[-78.559997,39.041573],[-78.571901,39.031995],[-78.565837,39.026303],[-78.565073,39.025935],[-78.563294,39.026328],[-78.55964,39.024456],[-78.55738,39.021393],[-78.550467,39.018065],[-78.552321,39.016374],[-78.554919,39.015124],[-78.5594,39.011877],[-78.561711,39.009007],[-78.570462,39.001552],[-78.580465,38.990567],[-78.581981,38.988398],[-78.582928,38.985416],[-78.588704,38.978579],[-78.593261,38.971918],[-78.596015,38.970192],[-78.598894,38.969546],[-78.601399,38.96653],[-78.601655,38.964603],[-78.608369,38.969743],[-78.611184,38.976134],[-78.614312,38.97585],[-78.618676,38.974082],[-78.619982,38.977338],[-78.619914,38.981288],[-78.620453,38.982601],[-78.625672,38.982575],[-78.629553,38.980866],[-78.630846,38.979586],[-78.632452,38.976983],[-78.632471,38.974739],[-78.638423,38.966819],[-78.646589,38.968138],[-78.652352,38.960677],[-78.655043,38.953766],[-78.65905,38.947375],[-78.662083,38.945702],[-78.665886,38.941579],[-78.666594,38.9392],[-78.670679,38.9338],[-78.680456,38.925313],[-78.681617,38.92584],[-78.688266,38.92478],[-78.6896204623449,38.9236803501377],[-78.69145,38.922195],[-78.69738,38.915602],[-78.704323,38.915231],[-78.712622,38.908665],[-78.716168,38.90483],[-78.717178,38.904296],[-78.718647,38.904561],[-78.71981,38.905907],[-78.7209,38.909844],[-78.719451,38.92026],[-78.719755,38.922135],[-78.719806,38.922638],[-78.720095,38.923863],[-78.71962,38.92651],[-78.717076,38.936028],[-78.718482,38.934267],[-78.722451,38.931405],[-78.724062,38.930846],[-78.726222,38.930932],[-78.7386774121291,38.9273529938689],[-78.738921,38.927283],[-78.750517,38.916029],[-78.754658,38.907582],[-78.754516,38.905728],[-78.757278,38.903203],[-78.759085,38.900529],[-78.772793,38.893742],[-78.779198,38.892298],[-78.786025,38.887187],[-78.788031,38.885123],[-78.790078,38.880076],[-78.79161,38.877593],[-78.796213,38.874606],[-78.8060012001695,38.859531942737],[-78.808181,38.856175],[-78.810943,38.849616],[-78.815116,38.841594],[-78.821167,38.830982],[-78.827262,38.82161],[-78.832267,38.814388],[-78.835191,38.811499],[-78.848187,38.794978],[-78.863684,38.7718],[-78.865905,38.767034]]]}},{"type":"Feature","properties":{"code":"US-51173","name":"Smyth","label":"Smyth County","type":"County","parentCode":"US-VA"},"geometry":{"type":"Polygon","coordinates":[[[-81.837096,36.929039],[-81.836279,36.928213],[-81.751766,36.84251],[-81.727576,36.817764],[-81.699561,36.789316],[-81.696803,36.783804],[-81.687177,36.765604],[-81.61903,36.633997],[-81.605865,36.638079],[-81.559965,36.65867],[-81.547229,36.65648],[-81.533047,36.676308],[-81.531409,36.693595],[-81.543957,36.701517],[-81.467913,36.715064],[-81.439214,36.716908],[-81.38403,36.739987],[-81.300897,36.753561],[-81.261987,36.763033],[-81.272446,36.792109],[-81.316608,36.876504],[-81.326855,36.899459],[-81.327673,36.900438],[-81.379402,36.952442],[-81.43673,37.010135],[-81.480325,36.986436],[-81.474539,37.018476],[-81.533791,36.996065],[-81.576142,36.989693],[-81.640781,36.948506],[-81.676851,36.933998],[-81.708788,36.977011],[-81.780545,36.958629],[-81.818728,36.947258],[-81.837096,36.929039]]]}},{"type":"Feature","properties":{"code":"US-51175","name":"Southampton","label":"Southampton County","type":"County","parentCode":"US-VA"},"geometry":{"type":"Polygon","coordinates":[[[-77.501917,36.670506],[-77.493247,36.672032],[-77.46936,36.660142],[-77.463298,36.652065],[-77.411947,36.652879],[-77.396573,36.646698],[-77.373502,36.629637],[-77.371357,36.607169],[-77.357653,36.600799],[-77.355875,36.580646],[-77.361366,36.569921],[-77.355164,36.554287],[-77.327805,36.556891],[-77.2968141999365,36.5447390516936],[-77.2532080706078,36.5446638590475],[-77.205156,36.544581],[-77.190175,36.546164],[-77.16966,36.547315],[-77.1645,36.54633],[-77.164370064468,36.5463052210333],[-77.152691,36.544078],[-77.124812,36.543986],[-77.1030250031878,36.5444546950575],[-77.095062,36.544626],[-76.9216282207176,36.5438402804753],[-76.916048,36.543815],[-76.916060288835,36.5438365877093],[-76.917318,36.546046],[-76.916989,36.550742],[-76.915897,36.552093],[-76.930936,36.559569],[-76.909268,36.579747],[-76.910964,36.619229],[-76.893351,36.626393],[-76.895112,36.63964],[-76.897592,36.64405],[-76.909672,36.648175],[-76.936938,36.65997],[-76.954635,36.664263],[-76.949327,36.67873],[-76.968027,36.682971],[-76.967212,36.702588],[-76.924629,36.707729],[-76.917008,36.734076],[-76.894807,36.747034],[-76.884547,36.765097],[-76.889389,36.771535],[-76.867007,36.787959],[-76.868881,36.808449],[-76.851915,36.853731],[-76.835088,36.868556],[-76.818031,36.880584],[-76.817073,36.906167],[-76.836282,36.922725],[-76.85897,36.956031],[-76.849684,36.996211],[-76.953546,36.94445],[-77.002103,36.920747],[-77.027015,36.907677],[-77.090722,36.873596],[-77.179908,36.829457],[-77.226043,36.807043],[-77.344798,36.752586],[-77.430951,36.707218],[-77.501917,36.670506]]]}},{"type":"Feature","properties":{"code":"US-51177","name":"Spotsylvania","label":"Spotsylvania County","type":"County","parentCode":"US-VA"},"geometry":{"type":"Polygon","coordinates":[[[-77.947054,38.120035],[-77.934219,38.114106],[-77.913718,38.115797],[-77.847017,38.098438],[-77.838217,38.106239],[-77.812893,38.085296],[-77.786614,38.076337],[-77.778514,38.058737],[-77.740913,38.038237],[-77.74767,38.024295],[-77.739513,38.033038],[-77.71189,38.012721],[-77.687469,38.007806],[-77.659129,37.991814],[-77.642518,37.990688],[-77.626219,38.003429],[-77.610901,38.017757],[-77.570659,38.055441],[-77.53137,38.092434],[-77.480014,38.141077],[-77.440229,38.177318],[-77.379694,38.238413],[-77.370297,38.246576],[-77.388895,38.245183],[-77.422337,38.262063],[-77.438882,38.281579],[-77.447126,38.284614],[-77.454402,38.283573],[-77.457512,38.271402],[-77.460561,38.277843],[-77.473836,38.270151],[-77.49186,38.273714],[-77.492015,38.273719],[-77.497025,38.283045],[-77.511671,38.279953],[-77.507785,38.292383],[-77.516623,38.29501],[-77.514803,38.305331],[-77.530283,38.309175],[-77.567119,38.335279],[-77.5706,38.347951],[-77.589275,38.341465],[-77.601677,38.332547],[-77.606849,38.336711],[-77.602568,38.348671],[-77.618727,38.367835],[-77.633418,38.360183],[-77.645744,38.378107],[-77.679539,38.359908],[-77.702843,38.36084],[-77.714863,38.349201],[-77.726146,38.325562],[-77.726411,38.325329],[-77.739329,38.32095],[-77.740433,38.312462],[-77.74804,38.304924],[-77.781057,38.277718],[-77.792919,38.259591],[-77.827736,38.230001],[-77.834769,38.231304],[-77.859859,38.200601],[-77.877422,38.202185],[-77.874811,38.189356],[-77.874822,38.187737],[-77.925457,38.143986],[-77.929044,38.135863],[-77.947054,38.120035]]]}},{"type":"Feature","properties":{"code":"US-51179","name":"Stafford","label":"Stafford County","type":"County","parentCode":"US-VA"},"geometry":{"type":"Polygon","coordinates":[[[-77.635128,38.415005],[-77.63494,38.410218],[-77.621458,38.388107],[-77.618727,38.367835],[-77.602568,38.348671],[-77.606849,38.336711],[-77.601677,38.332547],[-77.589275,38.341465],[-77.5706,38.347951],[-77.567119,38.335279],[-77.530283,38.309175],[-77.527185,38.320655],[-77.502307,38.325902],[-77.490036,38.321612],[-77.481386,38.316477],[-77.471358,38.319528],[-77.463946,38.311388],[-77.458106,38.30429],[-77.454608,38.299209],[-77.447126,38.284614],[-77.438882,38.281579],[-77.422337,38.262063],[-77.388895,38.245183],[-77.370297,38.246576],[-77.340623,38.252616],[-77.326692,38.245136],[-77.328208,38.252925],[-77.341344,38.260682],[-77.34467,38.260612],[-77.339157,38.298558],[-77.326681,38.318743],[-77.330094,38.33401],[-77.321454,38.345242],[-77.318013,38.346302],[-77.2870333378232,38.3488341875994],[-77.28835,38.351286],[-77.288591,38.357842],[-77.297629,38.370026],[-77.305649,38.375261],[-77.3095720696198,38.3909805578581],[-77.31097,38.396582],[-77.319621,38.418221],[-77.323371,38.433327],[-77.31918,38.473096],[-77.3164701719976,38.4793004481674],[-77.309498,38.495264],[-77.30187096508,38.504510713288],[-77.308814,38.500817],[-77.334446,38.514116],[-77.372027,38.521189],[-77.396866,38.5472],[-77.448793,38.581284],[-77.464019,38.57867],[-77.481781,38.592252],[-77.531328,38.55655],[-77.560869,38.527059],[-77.599188,38.49546],[-77.633895,38.466589],[-77.628989,38.430343],[-77.635128,38.415005]]]}},{"type":"Feature","properties":{"code":"US-51181","name":"Surry","label":"Surry County","type":"County","parentCode":"US-VA"},"geometry":{"type":"Polygon","coordinates":[[[-77.155415,37.112034],[-77.153363,37.104544],[-77.127281,37.097097],[-77.110934,37.100349],[-77.102296,37.084333],[-77.079557,37.084477],[-77.075468,37.072324],[-77.048936,37.062781],[-77.03471,37.069668],[-76.984108,37.049791],[-76.965196,37.054514],[-76.968529,37.037233],[-76.966068,37.000151],[-76.953546,36.94445],[-76.849684,36.996211],[-76.771586,37.030907],[-76.698255,37.05914],[-76.693322,37.074838],[-76.68419,37.103891],[-76.675166,37.108643],[-76.680286,37.126291],[-76.671588,37.14206],[-76.67147,37.158739],[-76.66867,37.166771],[-76.66427,37.171027],[-76.663774,37.173875],[-76.669886,37.183571],[-76.685614,37.198851],[-76.691918,37.195731],[-76.692926,37.186147],[-76.696735,37.174403],[-76.715295,37.148035],[-76.73032,37.145395],[-76.73728,37.146164],[-76.747632,37.150548],[-76.756899,37.161582],[-76.796905,37.189404],[-76.802511,37.198308],[-76.836201,37.20598],[-76.865704,37.209024],[-76.890927,37.199506],[-76.908455,37.202667],[-76.928302,37.216864],[-76.948386,37.230869],[-76.9431873557451,37.2342444451873],[-76.969589,37.246221],[-76.972439,37.248501],[-77.01273,37.232372],[-77.01178,37.21241],[-77.031491,37.198671],[-77.044688,37.201543],[-77.04265,37.193775],[-77.073145,37.184072],[-77.155415,37.112034]]]}},{"type":"Feature","properties":{"code":"US-51183","name":"Sussex","label":"Sussex County","type":"County","parentCode":"US-VA"},"geometry":{"type":"Polygon","coordinates":[[[-77.619029,36.877844],[-77.594735,36.87108],[-77.576228,36.852133],[-77.557538,36.845572],[-77.543073,36.8531],[-77.51036,36.845082],[-77.491243,36.848474],[-77.475194,36.861127],[-77.458678,36.862963],[-77.489855,36.720943],[-77.472506,36.719377],[-77.430951,36.707218],[-77.344798,36.752586],[-77.226043,36.807043],[-77.179908,36.829457],[-77.090722,36.873596],[-77.027015,36.907677],[-77.002103,36.920747],[-76.953546,36.94445],[-76.966068,37.000151],[-76.968529,37.037233],[-76.965196,37.054514],[-76.984108,37.049791],[-77.03471,37.069668],[-77.048936,37.062781],[-77.075468,37.072324],[-77.079557,37.084477],[-77.102296,37.084333],[-77.110934,37.100349],[-77.127281,37.097097],[-77.153363,37.104544],[-77.155415,37.112034],[-77.17344,37.105238],[-77.187038,37.098933],[-77.196689,37.092958],[-77.320094,37.031627],[-77.398498,36.992985],[-77.449409,36.966022],[-77.619029,36.877844]]]}},{"type":"Feature","properties":{"code":"US-51185","name":"Tazewell","label":"Tazewell County","type":"County","parentCode":"US-VA"},"geometry":{"type":"Polygon","coordinates":[[[-81.897262,37.152228],[-81.900892,37.142553],[-81.889809,37.111265],[-81.840917,37.065584],[-81.827205,37.053848],[-81.815877,37.037943],[-81.805419,37.018655],[-81.800576,37.006988],[-81.780545,36.958629],[-81.708788,36.977011],[-81.676851,36.933998],[-81.640781,36.948506],[-81.576142,36.989693],[-81.533791,36.996065],[-81.474539,37.018476],[-81.480325,36.986436],[-81.43673,37.010135],[-81.462279,37.035402],[-81.436602,37.041137],[-81.399281,37.057678],[-81.357998,37.058295],[-81.326273,37.067374],[-81.270078,37.093012],[-81.261318,37.114727],[-81.269362,37.12779],[-81.32814,37.138949],[-81.333009,37.149137],[-81.31376,37.159447],[-81.263864,37.173018],[-81.283786,37.213749],[-81.243553,37.224062],[-81.225104,37.234874],[-81.2327302271123,37.2400476582895],[-81.2420528468917,37.246372155107],[-81.2569873300908,37.2565037590659],[-81.2744856162342,37.2683746556213],[-81.2921503143867,37.280358446647],[-81.3178643846482,37.2978029589603],[-81.320105,37.299323],[-81.362156,37.337687],[-81.366315,37.335927],[-81.367052,37.334504],[-81.36809,37.332423],[-81.369379,37.331827],[-81.369264,37.330568],[-81.36803,37.329447],[-81.367599,37.327569],[-81.371315,37.324115],[-81.37261,37.320195],[-81.374455,37.318614],[-81.377349,37.318447],[-81.380159,37.317838],[-81.384127,37.318596],[-81.384914,37.318832],[-81.38581,37.320085],[-81.386727,37.320474],[-81.388132,37.319903],[-81.394287,37.316411],[-81.398548,37.310635],[-81.398702,37.307806],[-81.397357,37.306358],[-81.396817,37.304498],[-81.398185,37.302965],[-81.402195,37.30166],[-81.40506,37.298794],[-81.403764,37.296597],[-81.409196,37.286071],[-81.409729,37.284837],[-81.409577,37.284025],[-81.411593,37.28033],[-81.416663,37.273214],[-81.427946,37.271015],[-81.43285,37.272697],[-81.448285,37.270575],[-81.449068,37.269583],[-81.454199,37.266999],[-81.4544345864767,37.2669722607342],[-81.458895,37.266466],[-81.460585,37.265527],[-81.459874,37.263901],[-81.46,37.262547],[-81.462107,37.259899],[-81.476431,37.255127],[-81.480144,37.251121],[-81.483559,37.250604],[-81.492287,37.25096],[-81.495738,37.252393],[-81.498045,37.254659],[-81.498445,37.256568],[-81.497773,37.25719],[-81.497775,37.257899],[-81.498874,37.258025],[-81.4989951769625,37.2578720969097],[-81.50319,37.252579],[-81.504168,37.250115],[-81.50488,37.247697],[-81.506428,37.244469],[-81.50626,37.239272],[-81.507325,37.2338],[-81.508786,37.232564],[-81.520729,37.226914],[-81.527458,37.225817],[-81.53307,37.223414],[-81.544437,37.220761],[-81.545211,37.220165],[-81.549248,37.213732],[-81.5536,37.208443],[-81.556119,37.207413],[-81.556892,37.207275],[-81.557315,37.207697],[-81.558353,37.208145],[-81.560625,37.206663],[-81.6366288229209,37.2033147854936],[-81.67821,37.201483],[-81.678603,37.202467],[-81.681379,37.203634],[-81.683268,37.205649],[-81.684012,37.211098],[-81.683544,37.211452],[-81.686717,37.213105],[-81.695113,37.21357],[-81.698954,37.218201],[-81.71573,37.228771],[-81.716248,37.234321],[-81.719554,37.237785],[-81.723061,37.240493],[-81.726171,37.240522],[-81.728194,37.239823],[-81.73332,37.238127],[-81.738543,37.238264],[-81.7392766866866,37.2388369743647],[-81.761894,37.201927],[-81.786977,37.191498],[-81.821729,37.178675],[-81.857503,37.1743],[-81.870608,37.166838],[-81.866285,37.158765],[-81.875186,37.153141],[-81.897262,37.152228]]]}},{"type":"Feature","properties":{"code":"US-51187","name":"Warren","label":"Warren County","type":"County","parentCode":"US-VA"},"geometry":{"type":"Polygon","coordinates":[[[-78.394704,38.82279],[-78.34993,38.806747],[-78.348759,38.806204],[-78.321229,38.789534],[-78.290403,38.780373],[-78.284805,38.759315],[-78.252959,38.757042],[-78.201026,38.776568],[-78.184702,38.792836],[-78.170941,38.823847],[-78.152641,38.854384],[-78.130574,38.864865],[-78.130059,38.870011],[-78.112247,38.88026],[-78.061804,38.891946],[-78.075149,38.912607],[-78.059086,38.932595],[-78.041576,38.938096],[-78.004313,38.979438],[-78.056262,39.016001],[-78.058174,39.019263],[-78.096992,39.012923],[-78.151614,39.036629],[-78.163871,39.017928],[-78.170476,39.017491],[-78.185596,39.020181],[-78.18583,39.016544],[-78.31408,39.007994],[-78.333502,39.000027],[-78.316352,38.983319],[-78.338699,38.980418],[-78.33538,38.973844],[-78.335155,38.94934],[-78.307248,38.95263],[-78.300414,38.943592],[-78.33437,38.88144],[-78.394704,38.82279]]]}},{"type":"Feature","properties":{"code":"US-51191","name":"Washington","label":"Washington County","type":"County","parentCode":"US-VA"},"geometry":{"type":"Polygon","coordinates":[[[-82.308651,36.726674],[-82.332078,36.708969],[-82.307823,36.619667],[-82.2941391924011,36.595705583357],[-82.24409004842,36.5957333323066],[-82.2426815243427,36.5957341132403],[-82.233384,36.604083],[-82.18927,36.621861],[-82.178502,36.627066],[-82.15784,36.626745],[-82.114325,36.638403],[-82.133135,36.675593],[-82.129019,36.676005],[-82.10299,36.646397],[-82.110509,36.6349],[-82.105678,36.629731],[-82.132973,36.608502],[-82.1455730331036,36.594710944091],[-82.1022994618737,36.594609028953],[-82.0537298775231,36.5944946409847],[-81.934144,36.594213],[-81.922644,36.616213],[-81.8693876360908,36.6151034692802],[-81.826742,36.614215],[-81.7705260627446,36.6130656663459],[-81.7546361214299,36.6127407968302],[-81.73694,36.612379],[-81.6469,36.611918],[-81.6109,36.616952],[-81.605865,36.638079],[-81.61903,36.633997],[-81.687177,36.765604],[-81.696803,36.783804],[-81.699561,36.789316],[-81.727576,36.817764],[-81.751766,36.84251],[-81.836279,36.928213],[-81.837096,36.929039],[-81.885255,36.889544],[-81.946975,36.864681],[-81.976049,36.869502],[-81.979884,36.881193],[-82.078777,36.854725],[-82.107931,36.835369],[-82.114758,36.815613],[-82.103704,36.798521],[-82.224516,36.762904],[-82.241382,36.753549],[-82.308651,36.726674]]]}},{"type":"Feature","properties":{"code":"US-51193","name":"Westmoreland","label":"Westmoreland County","type":"County","parentCode":"US-VA"},"geometry":{"type":"Polygon","coordinates":[[[-77.064671,38.166378],[-77.061695,38.161631],[-77.052195,38.144331],[-77.049695,38.109832],[-77.032394,38.091733],[-77.014693,38.093532],[-77.004793,38.108332],[-76.987732,38.102352],[-76.984018,38.087494],[-76.936959,38.077074],[-76.939407,38.085067],[-76.911392,38.097435],[-76.876889,38.124444],[-76.86339,38.102635],[-76.822922,38.065224],[-76.797574,38.058557],[-76.758969,38.032022],[-76.765411,38.001636],[-76.728989,37.99919],[-76.700569,37.984545],[-76.656292,37.982169],[-76.63423,37.96663],[-76.616294,38.001623],[-76.590917,38.003725],[-76.571899,38.027046],[-76.5174406959996,38.0347548140709],[-76.518475,38.044232],[-76.530526,38.058502],[-76.543155,38.076971],[-76.579497,38.09487],[-76.5958637774829,38.106483999656],[-76.600937,38.110084],[-76.604131,38.128771],[-76.613939,38.148587],[-76.628554,38.152304],[-76.63573,38.151907],[-76.673781,38.156986],[-76.712951,38.161394],[-76.7267773121697,38.1623548223724],[-76.751833,38.164096],[-76.767465,38.167916],[-76.788445,38.169199],[-76.802968,38.167988],[-76.824274,38.163639],[-76.838795,38.163476],[-76.875272,38.172207],[-76.9019261402754,38.1908454097887],[-76.910832,38.197073],[-76.916922,38.199751],[-76.937134,38.202384],[-76.949101,38.208542],[-76.953123255473,38.2150723320551],[-76.9622493568424,38.2298890120771],[-76.962375,38.230093],[-76.957417,38.236341],[-76.957796,38.243183],[-76.96215,38.256486],[-76.981372,38.274214],[-76.990255,38.273935],[-76.99767,38.278047],[-76.999695,38.276636],[-77.034929,38.258626],[-77.044202,38.260582],[-77.04474,38.256268],[-77.047307,38.203779],[-77.050215,38.177916],[-77.064671,38.166378]]]}},{"type":"Feature","properties":{"code":"US-51195","name":"Wise","label":"Wise County","type":"County","parentCode":"US-VA"},"geometry":{"type":"Polygon","coordinates":[[[-82.878639,36.893981],[-82.8782081655467,36.8927955121479],[-82.851532,36.870187],[-82.845883,36.8469],[-82.835564,36.847975],[-82.823679,36.838584],[-82.787543,36.811797],[-82.771595,36.800031],[-82.748147,36.832633],[-82.691031,36.820582],[-82.656819,36.845319],[-82.634338,36.8786],[-82.616175,36.880805],[-82.554437,36.882086],[-82.441544,36.884427],[-82.402601,36.88464],[-82.406633,36.876356],[-82.389739,36.885621],[-82.376477,36.890131],[-82.34261,36.896458],[-82.336474,36.887155],[-82.317169,36.908066],[-82.309117,36.90212],[-82.302121,36.913556],[-82.32783,36.970982],[-82.362386,36.955717],[-82.378821,36.980806],[-82.394444,36.982159],[-82.403702,36.98589],[-82.450648,37.012582],[-82.467071,37.021968],[-82.478392,37.022845],[-82.494358,37.059954],[-82.497601,37.064584],[-82.544712,37.12499],[-82.546535,37.129195],[-82.5538643292855,37.2028191532953],[-82.558178,37.199606],[-82.565329,37.196118],[-82.5653752160821,37.1960922172527],[-82.578988,37.188498],[-82.586718,37.185623],[-82.592451,37.182847],[-82.593232,37.18206],[-82.592766,37.180391],[-82.597447,37.177088],[-82.60829,37.173047],[-82.617423,37.168129],[-82.624878,37.162932],[-82.6328527306302,37.1549082083456],[-82.633493,37.154264],[-82.651646,37.151908],[-82.653268,37.151314],[-82.65476,37.150601],[-82.657468,37.145024],[-82.662449,37.143865],[-82.667717,37.141949],[-82.67153,37.138444],[-82.6743550722579,37.1365665546542],[-82.676765,37.134965],[-82.679428,37.135575],[-82.684601,37.135835],[-82.695667,37.131514],[-82.70787,37.125488],[-82.716334,37.122093],[-82.718334,37.122267],[-82.722097,37.120168],[-82.726201,37.115882],[-82.726449,37.114985],[-82.7264401572135,37.1148062616125],[-82.726294,37.111852],[-82.721941,37.105689],[-82.721617,37.101276],[-82.722179,37.094309],[-82.724358,37.09299],[-82.724954,37.091905],[-82.72304,37.084992],[-82.720597,37.081833],[-82.718183,37.080679],[-82.717204,37.079544],[-82.71674,37.07722],[-82.718353,37.075706],[-82.721676,37.07519],[-82.723747,37.075525],[-82.727022,37.073019],[-82.726312,37.06687],[-82.723904,37.062542],[-82.722254,37.057948],[-82.723128,37.052436],[-82.723279,37.047616],[-82.722472,37.045101],[-82.724714,37.042758],[-82.7250951724975,37.0425972499372],[-82.726279,37.042098],[-82.731722,37.043447],[-82.733603,37.044525],[-82.742454,37.04298],[-82.743684,37.041397],[-82.745562,37.029839],[-82.747981,37.025214],[-82.750715,37.024107],[-82.751852,37.025624],[-82.754051,37.026587],[-82.759175,37.027333],[-82.766408,37.023106],[-82.767083,37.020935],[-82.771795,37.015716],[-82.7743562471201,37.0155151629299],[-82.777368,37.015279],[-82.778386,37.012521],[-82.782144,37.008242],[-82.788897,37.00816],[-82.789092,37.007995],[-82.790462,37.007263],[-82.79089,37.00676],[-82.793441,37.005491],[-82.794824,37.005899],[-82.795695,37.006702],[-82.796187,37.008502],[-82.797487,37.009654],[-82.800531,37.007944],[-82.813579,37.00532],[-82.815748,37.007196],[-82.818006,37.006161],[-82.819715,37.006212],[-82.821798,37.00438],[-82.822684,37.004128],[-82.825224,37.006279],[-82.828592,37.005707],[-82.829961,37.003555],[-82.830588,37.000945],[-82.829125,36.997541],[-82.830802,36.993445],[-82.833843,36.991973],[-82.836008,36.988837],[-82.838549,36.987027],[-82.840051,36.987113],[-82.841252,36.986858],[-82.845002,36.983812],[-82.849429,36.983479],[-82.851397,36.984497],[-82.852614,36.984963],[-82.853729,36.985178],[-82.856417,36.982216],[-82.856768,36.979095],[-82.857936,36.978276],[-82.860561,36.978265],[-82.862926,36.979975],[-82.864909,36.97901],[-82.866019,36.978272],[-82.866689,36.978052],[-82.867535,36.977518],[-82.868455,36.976481],[-82.869183,36.974182],[-82.8694630847178,36.9720796959173],[-82.870274,36.965993],[-82.87023,36.965498],[-82.867358,36.963182],[-82.865404,36.958084],[-82.864211,36.957983],[-82.862866,36.957765],[-82.860534,36.956015],[-82.858443,36.954036],[-82.855705,36.953808],[-82.856099,36.952471],[-82.859969,36.949074],[-82.860633,36.94584],[-82.861282,36.944848],[-82.861684,36.939316],[-82.860537,36.937439],[-82.858784,36.933065],[-82.858461,36.932717],[-82.857965,36.929529],[-82.858635,36.927785],[-82.860032,36.925241],[-82.861943,36.924236],[-82.863468,36.922308],[-82.865192,36.920923],[-82.867116,36.917965],[-82.872136,36.913456],[-82.873777,36.912299],[-82.8744623576499,36.9117140002996],[-82.876215,36.910218],[-82.877473,36.90796],[-82.872561,36.903376],[-82.870068,36.901735],[-82.873213,36.897263],[-82.876438,36.896238],[-82.878639,36.893981]],[[-82.643992,36.900116],[-82.663289,36.920733],[-82.634101,36.952248],[-82.615761,36.956708],[-82.611077,36.948653],[-82.603422,36.959671],[-82.589279,36.94339],[-82.621684,36.929167],[-82.618264,36.906756],[-82.633959,36.90624],[-82.643992,36.900116]]]}},{"type":"Feature","properties":{"code":"US-51197","name":"Wythe","label":"Wythe County","type":"County","parentCode":"US-VA"},"geometry":{"type":"Polygon","coordinates":[[[-81.367228,36.967217],[-81.379402,36.952442],[-81.327673,36.900438],[-81.326855,36.899459],[-81.316608,36.876504],[-81.272446,36.792109],[-81.261987,36.763033],[-81.186016,36.758421],[-81.172813,36.763226],[-81.08851,36.767422],[-81.084188,36.788097],[-81.072309,36.790822],[-81.042428,36.806448],[-81.030306,36.814522],[-81.022269,36.811313],[-80.951778,36.827191],[-80.860193,36.847356],[-80.856422,36.848196],[-80.812735,36.853232],[-80.794776,36.863387],[-80.740483,36.879001],[-80.789941,36.93357],[-80.809293,36.940399],[-80.809345,36.953385],[-80.835014,36.978813],[-80.835144,36.978942],[-80.862576,37.003642],[-80.865973,37.005754],[-80.893249,37.027399],[-80.912674,37.073349],[-80.972963,37.054817],[-81.032514,37.046858],[-81.106884,37.025146],[-81.114319,37.022612],[-81.131036,37.038095],[-81.166057,37.024653],[-81.178854,37.025099],[-81.191819,37.037035],[-81.224624,37.047835],[-81.286458,37.018993],[-81.315425,36.998517],[-81.338326,36.975417],[-81.355827,36.964517],[-81.367228,36.967217]]]}},{"type":"Feature","properties":{"code":"US-51199","name":"York","label":"York County","type":"County","parentCode":"US-VA"},"geometry":{"type":"Polygon","coordinates":[[[-76.755511,37.35422],[-76.753072,37.338675],[-76.734956,37.331885],[-76.729601,37.312979],[-76.727859,37.305927],[-76.727314,37.29891],[-76.710106,37.277362],[-76.709861,37.282726],[-76.68187,37.292642],[-76.684705,37.270068],[-76.680151,37.265997],[-76.667113,37.265074],[-76.662309,37.2517],[-76.656542,37.243161],[-76.631469,37.235783],[-76.627323,37.231469],[-76.601521,37.237751],[-76.591302,37.213205],[-76.575184,37.212988],[-76.565189,37.220539],[-76.533993,37.185432],[-76.526565,37.177073],[-76.515102,37.173185],[-76.504453,37.158506],[-76.500302,37.147502],[-76.483628,37.128713],[-76.470977,37.114445],[-76.458498,37.100727],[-76.444799,37.094673],[-76.437748,37.094048],[-76.434632,37.094911],[-76.430189,37.09613],[-76.412174,37.092954],[-76.40029,37.095851],[-76.402002,37.103988],[-76.395795,37.107174],[-76.401761,37.119233],[-76.405844,37.125577],[-76.407757,37.129118],[-76.410806,37.128078],[-76.412885,37.155808],[-76.402177711648,37.1619499944324],[-76.402237,37.161985],[-76.3963502229975,37.1715785440963],[-76.391252,37.179887],[-76.389284,37.193503],[-76.396052,37.201087],[-76.3951977335006,37.2056029063482],[-76.3944186550664,37.20972134626],[-76.3942538325579,37.2105926469759],[-76.3936,37.214049],[-76.389793,37.222981],[-76.394132,37.22515],[-76.469360607044,37.2163027663391],[-76.471799,37.216016],[-76.494008,37.225408],[-76.50364,37.233856],[-76.4988999709057,37.2410151037221],[-76.516057,37.248752],[-76.53641,37.271119],[-76.545962,37.277136],[-76.566602,37.286352],[-76.600713,37.314038],[-76.616325,37.333087],[-76.623484,37.339138],[-76.64952,37.374282],[-76.658651,37.380139],[-76.673712,37.367728],[-76.711808,37.36509],[-76.743239,37.370118],[-76.74531,37.364744],[-76.755511,37.35422]]]}},{"type":"Feature","properties":{"code":"US-51510","name":"Alexandria","label":"Alexandria city","type":"city","parentCode":"US-VA"},"geometry":{"type":"Polygon","coordinates":[[[-77.14367,38.813588],[-77.143677,38.81296],[-77.142704,38.805703],[-77.140034,38.800587],[-77.137742,38.800757],[-77.134491,38.798603],[-77.121,38.800529],[-77.112891,38.802822],[-77.09122,38.802462],[-77.077701,38.800837],[-77.077475,38.80081],[-77.060829,38.794402],[-77.056524,38.792465],[-77.051365,38.789938],[-77.040372554527,38.785355394851],[-77.040098,38.789913],[-77.039498,38.791113],[-77.039006,38.791645],[-77.0389430537894,38.7969884338797],[-77.038898,38.800813],[-77.0387199366664,38.8016229009692],[-77.0379710580559,38.8050290907782],[-77.0372124445351,38.8084795587276],[-77.035798,38.814913],[-77.038098,38.815613],[-77.0387883445095,38.8196169981551],[-77.039098,38.821413],[-77.0388839758188,38.8229537600804],[-77.038098,38.828612],[-77.039199,38.832212],[-77.041199,38.833712],[-77.042599,38.833812],[-77.043499,38.833212],[-77.044899,38.834712],[-77.044999,38.838512],[-77.044487611898,38.8395986997167],[-77.048171,38.841259],[-77.048948,38.841256],[-77.0524,38.840445],[-77.055388,38.841064],[-77.064722,38.844677],[-77.079302,38.842926],[-77.082245,38.843433],[-77.085704,38.843965],[-77.0857,38.84296],[-77.085158,38.840425],[-77.085407,38.833862],[-77.087805,38.827357],[-77.097662,38.834775],[-77.09783,38.834874],[-77.105963,38.840082],[-77.106716,38.841934],[-77.109239,38.842819],[-77.110799,38.843446],[-77.121375,38.840492],[-77.121391,38.840544],[-77.135274,38.83216],[-77.13491,38.830813],[-77.138948,38.820071],[-77.139558,38.819575],[-77.141153,38.817404],[-77.14367,38.813588]]]}},{"type":"Feature","properties":{"code":"US-51520","name":"Bristol","label":"Bristol city","type":"city","parentCode":"US-VA"},"geometry":{"type":"Polygon","coordinates":[[[-82.2426815243427,36.5957341132403],[-82.2350650373334,36.5957383360801],[-82.226653,36.595743],[-82.225716,36.595744],[-82.223445,36.595721],[-82.221713,36.595814],[-82.211005,36.59586],[-82.210497,36.595772],[-82.2089950157338,36.5957315257353],[-82.1897574570275,36.595213127466],[-82.188491,36.595179],[-82.1808198838466,36.5949305868721],[-82.18074,36.594928],[-82.1800850352466,36.5948979987516],[-82.1800833242883,36.5948979203796],[-82.177247,36.594768],[-82.173982,36.594607],[-82.1512694710039,36.5946714604134],[-82.150727,36.594673],[-82.148569,36.594718],[-82.1455730331036,36.594710944091],[-82.132973,36.608502],[-82.105678,36.629731],[-82.110509,36.6349],[-82.10299,36.646397],[-82.129019,36.676005],[-82.133135,36.675593],[-82.114325,36.638403],[-82.15784,36.626745],[-82.178502,36.627066],[-82.18927,36.621861],[-82.233384,36.604083],[-82.2426815243427,36.5957341132403]]]}},{"type":"Feature","properties":{"code":"US-51530","name":"Buena Vista","label":"Buena Vista city","type":"city","parentCode":"US-VA"},"geometry":{"type":"Polygon","coordinates":[[[-79.380274,37.74359],[-79.381509,37.742149],[-79.37485,37.738859],[-79.371705,37.695747],[-79.334678,37.729342],[-79.333912,37.740643],[-79.326012,37.743269],[-79.34286,37.762093],[-79.364923,37.744623],[-79.371454,37.745348],[-79.380274,37.74359]]]}},{"type":"Feature","properties":{"code":"US-51540","name":"Charlottesville","label":"Charlottesville city","type":"city","parentCode":"US-VA"},"geometry":{"type":"Polygon","coordinates":[[[-78.523038,38.026337],[-78.52368,38.022327],[-78.520375,38.018355],[-78.519333,38.010678],[-78.505442,38.010324],[-78.503313,38.0102],[-78.485365,38.015923],[-78.475109,38.013917],[-78.462089,38.022528],[-78.454668,38.021604],[-78.452213,38.027733],[-78.458535,38.034559],[-78.455013,38.037399],[-78.446488,38.048728],[-78.449326,38.058851],[-78.46613,38.0457],[-78.472213,38.052543],[-78.464405,38.064699],[-78.466889,38.06783],[-78.471754,38.070509],[-78.485202,38.068974],[-78.495034,38.065337],[-78.503748,38.057069],[-78.507616,38.056269],[-78.504839,38.047275],[-78.513997,38.044161],[-78.515527,38.036644],[-78.501248,38.040409],[-78.498922,38.032907],[-78.520179,38.029781],[-78.523038,38.026337]]]}},{"type":"Feature","properties":{"code":"US-51550","name":"Chesapeake","label":"Chesapeake city","type":"city","parentCode":"US-VA"},"geometry":{"type":"Polygon","coordinates":[[[-76.466768,36.746249],[-76.491482764957,36.5507317975136],[-76.465268,36.550951],[-76.3766927385896,36.5507179884543],[-76.3133029178411,36.5505512312821],[-76.313215,36.550551],[-76.1931223845596,36.5505949893372],[-76.1927870447291,36.5505951121705],[-76.1223521611215,36.5506209121235],[-76.121955,36.66575],[-76.099778,36.673372],[-76.069153,36.67745],[-76.065553,36.68555],[-76.082154,36.71245],[-76.098455,36.71675],[-76.100054,36.718177],[-76.143253,36.757045],[-76.18716,36.764095],[-76.2037,36.769742],[-76.206447,36.777048],[-76.212882,36.794165],[-76.213635,36.79599],[-76.219331,36.810941],[-76.223164,36.819813],[-76.223249,36.819972],[-76.22806,36.832874],[-76.22606,36.839947],[-76.24196,36.837147],[-76.243765,36.836862],[-76.246058,36.832438],[-76.257475,36.820757],[-76.260416,36.822384],[-76.272416,36.82714],[-76.280615,36.823191],[-76.289962,36.822048],[-76.290061,36.808742],[-76.292144,36.798663],[-76.301452,36.799106],[-76.302971,36.797849],[-76.328806,36.792999],[-76.336043,36.791923],[-76.342065,36.791032],[-76.363839,36.787804],[-76.375679,36.786062],[-76.386998,36.798547],[-76.400265,36.806437],[-76.403666,36.814048],[-76.397927,36.823719],[-76.395466,36.828148],[-76.388796,36.833516],[-76.383466,36.837548],[-76.387421,36.852199],[-76.394267,36.856848],[-76.396218,36.856947],[-76.398976,36.861012],[-76.399658,36.866246],[-76.420368,36.866348],[-76.421312,36.865403],[-76.436535,36.847752],[-76.44067,36.841553],[-76.456168,36.816948],[-76.457469,36.814841],[-76.461781,36.782566],[-76.463398,36.77046],[-76.463475,36.769852],[-76.466768,36.746249]]]}},{"type":"Feature","properties":{"code":"US-51570","name":"Colonial Heights","label":"Colonial Heights city","type":"city","parentCode":"US-VA"},"geometry":{"type":"Polygon","coordinates":[[[-77.431794,37.275912],[-77.426774,37.269139],[-77.416505,37.264574],[-77.415595,37.263948],[-77.417705,37.247149],[-77.416501,37.233208],[-77.404188,37.236785],[-77.403671,37.237346],[-77.395435,37.239376],[-77.382521,37.242837],[-77.379193,37.26758],[-77.362322,37.282162],[-77.368203,37.298549],[-77.389149,37.287357],[-77.389379,37.287365],[-77.390992,37.28655],[-77.400761,37.271686],[-77.412319,37.28303],[-77.423108,37.274456],[-77.431794,37.275912]]]}},{"type":"Feature","properties":{"code":"US-51580","name":"Covington","label":"Covington city","type":"city","parentCode":"US-VA"},"geometry":{"type":"Polygon","coordinates":[[[-79.998426,37.775748],[-80.008015,37.760481],[-79.992566,37.748244],[-79.966509,37.757109],[-79.975699,37.776551],[-79.975766,37.776721],[-79.967071,37.803405],[-79.987314,37.813561],[-79.999279,37.805782],[-79.994108,37.796032],[-80.001295,37.790703],[-79.998426,37.775748]]]}},{"type":"Feature","properties":{"code":"US-51590","name":"Danville","label":"Danville city","type":"city","parentCode":"US-VA"},"geometry":{"type":"Polygon","coordinates":[[[-79.500848,36.618262],[-79.518995,36.603359],[-79.490187,36.580621],[-79.478272,36.584375],[-79.456537,36.576699],[-79.472112,36.560621],[-79.4700322670177,36.5410249389508],[-79.4569018293564,36.5411177041552],[-79.445961,36.541195],[-79.445687,36.541218],[-79.3431171666517,36.5411766468951],[-79.351535,36.55124],[-79.33392,36.57327],[-79.327208,36.569958],[-79.30521,36.569948],[-79.304635,36.580776],[-79.305566,36.582294],[-79.328484,36.582638],[-79.330969,36.601669],[-79.349263,36.599625],[-79.354662,36.609288],[-79.36426,36.608109],[-79.368776,36.616894],[-79.369323,36.634436],[-79.399619,36.643446],[-79.404291,36.629754],[-79.415663,36.617967],[-79.419418,36.606467],[-79.428731,36.598908],[-79.443219,36.606204],[-79.449509,36.610653],[-79.500848,36.618262]]]}},{"type":"Feature","properties":{"code":"US-51595","name":"Emporia","label":"Emporia city","type":"city","parentCode":"US-VA"},"geometry":{"type":"Polygon","coordinates":[[[-77.557345,36.71328],[-77.560099,36.696796],[-77.55595,36.67483],[-77.551027,36.67249],[-77.526058,36.672698],[-77.52307,36.678749],[-77.50898,36.684218],[-77.512092,36.719489],[-77.531948,36.712616],[-77.557345,36.71328]]]}},{"type":"Feature","properties":{"code":"US-51600","name":"Fairfax","label":"Fairfax city","type":"city","parentCode":"US-VA"},"geometry":{"type":"Polygon","coordinates":[[[-77.333327,38.85642],[-77.334822,38.851492],[-77.318755,38.842014],[-77.318693,38.835172],[-77.311862,38.836782],[-77.297162,38.834984],[-77.288295,38.836235],[-77.278598,38.841977],[-77.27052,38.840902],[-77.271744,38.848488],[-77.26994,38.86504],[-77.27415,38.86631],[-77.292264,38.871586],[-77.297607,38.870404],[-77.307546,38.863178],[-77.32261,38.865947],[-77.333327,38.85642]],[[-77.308765,38.84284],[-77.308216,38.846608],[-77.306605,38.846259],[-77.308765,38.84284]]]}},{"type":"Feature","properties":{"code":"US-51610","name":"Falls Church","label":"Falls Church city","type":"city","parentCode":"US-VA"},"geometry":{"type":"Polygon","coordinates":[[[-77.194712,38.899073],[-77.189854,38.894395],[-77.189922,38.894267],[-77.191302,38.891672],[-77.189754,38.878136],[-77.18464,38.878923],[-77.178049,38.879295],[-77.15751,38.873323],[-77.153711,38.872715],[-77.149701,38.87567],[-77.163517,38.886391],[-77.165947,38.888287],[-77.172276,38.893245],[-77.175749,38.893879],[-77.194712,38.899073]]]}},{"type":"Feature","properties":{"code":"US-51620","name":"Franklin","label":"Franklin city","type":"city","parentCode":"US-VA"},"geometry":{"type":"Polygon","coordinates":[[[-76.967212,36.702588],[-76.968027,36.682971],[-76.949327,36.67873],[-76.954635,36.664263],[-76.936938,36.65997],[-76.909672,36.648175],[-76.912015,36.672717],[-76.918465,36.680597],[-76.912221,36.698408],[-76.924629,36.707729],[-76.967212,36.702588]]]}},{"type":"Feature","properties":{"code":"US-51630","name":"Fredericksburg","label":"Fredericksburg city","type":"city","parentCode":"US-VA"},"geometry":{"type":"Polygon","coordinates":[[[-77.527185,38.320655],[-77.530283,38.309175],[-77.514803,38.305331],[-77.516623,38.29501],[-77.507785,38.292383],[-77.511671,38.279953],[-77.497025,38.283045],[-77.492015,38.273719],[-77.49186,38.273714],[-77.473836,38.270151],[-77.460561,38.277843],[-77.457512,38.271402],[-77.454402,38.283573],[-77.447126,38.284614],[-77.454608,38.299209],[-77.458106,38.30429],[-77.463946,38.311388],[-77.471358,38.319528],[-77.481386,38.316477],[-77.490036,38.321612],[-77.502307,38.325902],[-77.527185,38.320655]]]}},{"type":"Feature","properties":{"code":"US-51640","name":"Galax","label":"Galax city","type":"city","parentCode":"US-VA"},"geometry":{"type":"Polygon","coordinates":[[[-80.945491,36.647496],[-80.945328,36.647437],[-80.921711,36.643533],[-80.921073,36.625549],[-80.914173,36.650246],[-80.900242,36.663898],[-80.900219,36.665606],[-80.888758,36.675437],[-80.878301,36.692618],[-80.883689,36.694731],[-80.917573,36.694133],[-80.932271,36.671593],[-80.941704,36.678158],[-80.945491,36.647496]]]}},{"type":"Feature","properties":{"code":"US-51650","name":"Hampton","label":"Hampton city","type":"city","parentCode":"US-VA"},"geometry":{"type":"Polygon","coordinates":[[[-76.449738,37.056585],[-76.45048,37.04955],[-76.449733,37.043236],[-76.449112,37.037561],[-76.440707,37.02132],[-76.44073,37.021101],[-76.438213,37.020019],[-76.424712,37.025397],[-76.420167,37.017991],[-76.414398,37.008724],[-76.407709,36.997915],[-76.404668,36.99357],[-76.400566,36.991216],[-76.401266,36.99724],[-76.393636,36.994153],[-76.3877113044092,36.989671332859],[-76.383367,36.993347],[-76.373567,36.998347],[-76.356366,37.002947],[-76.348066,37.006747],[-76.340666,37.015246],[-76.3401099401393,37.015211555338],[-76.3295308204956,37.0145562406395],[-76.3214673740768,37.0140567572102],[-76.318065,37.013846],[-76.3176874292411,37.0133504726687],[-76.314624,37.00933],[-76.315008,37.001683],[-76.312048,37.000371],[-76.304272,37.001378],[-76.300352,37.00885],[-76.2929497505441,37.0348404058541],[-76.292863,37.035145],[-76.2921500326614,37.0368488177862],[-76.2811893588552,37.0630421508754],[-76.271329,37.086606],[-76.278738,37.100671],[-76.2939248459267,37.1135313838259],[-76.301564,37.103244],[-76.311744,37.102],[-76.317364,37.103044],[-76.344666,37.096844],[-76.367467,37.113044],[-76.385179,37.105118],[-76.393401,37.108321],[-76.395795,37.107174],[-76.402002,37.103988],[-76.40029,37.095851],[-76.412174,37.092954],[-76.430189,37.09613],[-76.434632,37.094911],[-76.437748,37.094048],[-76.436915,37.090365],[-76.448845,37.079297],[-76.448998,37.079152],[-76.446591,37.068556],[-76.449738,37.056585]]]}},{"type":"Feature","properties":{"code":"US-51660","name":"Harrisonburg","label":"Harrisonburg city","type":"city","parentCode":"US-VA"},"geometry":{"type":"Polygon","coordinates":[[[-78.917537,38.396224],[-78.916852,38.393414],[-78.913936,38.390004],[-78.890002,38.390814],[-78.878521,38.412135],[-78.874806,38.412516],[-78.85108,38.413759],[-78.837168,38.417689],[-78.836856,38.417778],[-78.827316,38.420474],[-78.834579,38.45554],[-78.848589,38.452278],[-78.849852,38.463116],[-78.857903,38.475412],[-78.871246,38.489338],[-78.883335,38.469615],[-78.888973,38.455357],[-78.900589,38.459217],[-78.902947,38.456026],[-78.915443,38.437455],[-78.906989,38.431181],[-78.902483,38.424147],[-78.917537,38.396224]]]}},{"type":"Feature","properties":{"code":"US-51670","name":"Hopewell","label":"Hopewell city","type":"city","parentCode":"US-VA"},"geometry":{"type":"Polygon","coordinates":[[[-77.334713,37.314403],[-77.335666,37.313039],[-77.333564,37.298798],[-77.326686,37.293226],[-77.324378,37.267816],[-77.330951,37.257644],[-77.308905,37.260984],[-77.289004,37.273686],[-77.278568,37.280331],[-77.252442,37.293536],[-77.270174,37.3094],[-77.277006,37.317656],[-77.284019,37.313012],[-77.29316,37.31275],[-77.296227,37.310221],[-77.295229,37.309622],[-77.296952,37.31016],[-77.297908,37.312508],[-77.334713,37.314403]]]}},{"type":"Feature","properties":{"code":"US-51678","name":"Lexington","label":"Lexington city","type":"city","parentCode":"US-VA"},"geometry":{"type":"Polygon","coordinates":[[[-79.45409,37.792403],[-79.455667,37.765219],[-79.4349,37.778308],[-79.414948,37.788627],[-79.427317,37.792008],[-79.431646,37.793563],[-79.437337,37.794784],[-79.45409,37.792403]]]}},{"type":"Feature","properties":{"code":"US-51680","name":"Lynchburg","label":"Lynchburg city","type":"city","parentCode":"US-VA"},"geometry":{"type":"Polygon","coordinates":[[[-79.266986,37.447868],[-79.26838,37.431251],[-79.241444,37.419145],[-79.246468,37.40085],[-79.232734,37.394687],[-79.250341,37.36708],[-79.254097,37.361217],[-79.257603,37.35576],[-79.252749,37.357504],[-79.233188,37.346763],[-79.215418,37.333192],[-79.212943,37.334789],[-79.206723,37.341138],[-79.197072,37.344918],[-79.187354,37.343045],[-79.18481,37.342154],[-79.179497,37.341998],[-79.1326,37.376006],[-79.11991,37.368844],[-79.101984,37.377878],[-79.084898,37.394137],[-79.096757,37.401262],[-79.119593,37.397964],[-79.134335,37.410098],[-79.13923,37.416725],[-79.138433,37.419481],[-79.144054,37.433237],[-79.165994,37.442411],[-79.185328,37.4591],[-79.185702,37.46582],[-79.209961,37.46897],[-79.220767,37.459851],[-79.246499,37.447286],[-79.266986,37.447868]]]}},{"type":"Feature","properties":{"code":"US-51683","name":"Manassas","label":"Manassas city","type":"city","parentCode":"US-VA"},"geometry":{"type":"Polygon","coordinates":[[[-77.526087,38.729617],[-77.523891,38.718138],[-77.506239,38.706106],[-77.502414,38.713279],[-77.513196,38.73688],[-77.493912,38.725451],[-77.471177,38.727665],[-77.454573,38.735569],[-77.451321,38.73991],[-77.451288,38.740035],[-77.447707,38.760856],[-77.456577,38.765945],[-77.458695,38.772319],[-77.475584,38.781112],[-77.478499,38.778302],[-77.487813,38.769113],[-77.495598,38.770462],[-77.502751,38.759378],[-77.50305,38.759022],[-77.52257,38.740854],[-77.526087,38.729617]]]}},{"type":"Feature","properties":{"code":"US-51685","name":"Manassas Park","label":"Manassas Park city","type":"city","parentCode":"US-VA"},"geometry":{"type":"Polygon","coordinates":[[[-77.479113,38.782255],[-77.475584,38.781112],[-77.458695,38.772319],[-77.453591,38.769031],[-77.443502,38.763699],[-77.446993,38.756199],[-77.442056,38.750903],[-77.439148,38.759181],[-77.427332,38.753598],[-77.420581,38.762287],[-77.423616,38.769374],[-77.422013,38.776644],[-77.431107,38.779549],[-77.432828,38.779303],[-77.440333,38.783473],[-77.4521,38.773417],[-77.458507,38.787394],[-77.479113,38.782255]]]}},{"type":"Feature","properties":{"code":"US-51690","name":"Martinsville","label":"Martinsville city","type":"city","parentCode":"US-VA"},"geometry":{"type":"Polygon","coordinates":[[[-79.89585,36.694016],[-79.904077,36.684127],[-79.892878,36.672037],[-79.881533,36.670246],[-79.866263,36.663589],[-79.859761,36.650368],[-79.837139,36.645957],[-79.838012,36.659295],[-79.831433,36.646321],[-79.826648,36.659314],[-79.843024,36.669264],[-79.843375,36.674244],[-79.841434,36.683877],[-79.837359,36.704137],[-79.877885,36.713511],[-79.889502,36.70164],[-79.89585,36.694016]]]}},{"type":"Feature","properties":{"code":"US-51700","name":"Newport News","label":"Newport News city","type":"city","parentCode":"US-VA"},"geometry":{"type":"Polygon","coordinates":[[[-76.622252,37.142146],[-76.62478,37.127091],[-76.618252,37.119347],[-76.579499,37.096627],[-76.567931,37.080467],[-76.564219,37.077507],[-76.555066,37.075859],[-76.5423663977523,37.081501948984],[-76.536875,37.083942],[-76.5289974281673,37.0793883323992],[-76.526203,37.077773],[-76.526573,37.070047],[-76.527973,37.068247],[-76.526273,37.062947],[-76.518242,37.055351],[-76.512289,37.054858],[-76.4888377919778,37.041463965488],[-76.464471,37.027547],[-76.4577026098777,37.0192773942853],[-76.448231,37.007705],[-76.449891,37.004868],[-76.452461,37.004603],[-76.452118,36.998163],[-76.4379538827198,36.9809728097476],[-76.428869,36.969947],[-76.418969,36.964047],[-76.411768,36.962847],[-76.408568,36.969147],[-76.4056600583655,36.9722932975062],[-76.396368,36.982347],[-76.3944412989288,36.9839771601249],[-76.3877113044092,36.989671332859],[-76.393636,36.994153],[-76.401266,36.99724],[-76.400566,36.991216],[-76.404668,36.99357],[-76.407709,36.997915],[-76.414398,37.008724],[-76.420167,37.017991],[-76.424712,37.025397],[-76.438213,37.020019],[-76.44073,37.021101],[-76.440707,37.02132],[-76.449112,37.037561],[-76.449733,37.043236],[-76.45048,37.04955],[-76.449738,37.056585],[-76.446591,37.068556],[-76.448998,37.079152],[-76.448845,37.079297],[-76.436915,37.090365],[-76.437748,37.094048],[-76.444799,37.094673],[-76.458498,37.100727],[-76.470977,37.114445],[-76.483628,37.128713],[-76.500302,37.147502],[-76.504453,37.158506],[-76.515102,37.173185],[-76.526565,37.177073],[-76.533993,37.185432],[-76.565189,37.220539],[-76.575184,37.212988],[-76.591302,37.213205],[-76.581218,37.182511],[-76.600701,37.17521],[-76.611017579599,37.1670970016316],[-76.610972,37.166994],[-76.606684,37.166674],[-76.604476,37.160034],[-76.617084,37.144498],[-76.622252,37.142146]]]}},{"type":"Feature","properties":{"code":"US-51710","name":"Norfolk","label":"Norfolk city","type":"city","parentCode":"US-VA"},"geometry":{"type":"Polygon","coordinates":[[[-76.336784,36.875027],[-76.330784,36.868403],[-76.317211,36.860657],[-76.313533,36.858533],[-76.306663,36.854047],[-76.301263,36.850647],[-76.29796,36.846412],[-76.295863,36.843847],[-76.294543,36.8324],[-76.293135,36.829219],[-76.289962,36.822048],[-76.280615,36.823191],[-76.272416,36.82714],[-76.260416,36.822384],[-76.257475,36.820757],[-76.246058,36.832438],[-76.243765,36.836862],[-76.24196,36.837147],[-76.22606,36.839947],[-76.210412,36.832907],[-76.19543,36.829828],[-76.194742,36.829967],[-76.187624,36.842118],[-76.183058,36.846003],[-76.177672,36.8542],[-76.176905,36.856971],[-76.193259,36.865247],[-76.193122,36.877425],[-76.198459,36.886642],[-76.182012,36.906668],[-76.187011,36.91055],[-76.192531,36.918035],[-76.187509,36.922912],[-76.177019231978,36.9292904575734],[-76.1800286059524,36.929792],[-76.189959,36.931447],[-76.1990128310266,36.9337603664968],[-76.2147675024174,36.9377858810946],[-76.22166,36.939547],[-76.228029374837,36.9422286404095],[-76.234961,36.945147],[-76.2424102992473,36.9495261523105],[-76.2592206202597,36.9594082839925],[-76.267962,36.964547],[-76.285063,36.968747],[-76.297663,36.968147],[-76.299364,36.965547],[-76.3130943017262,36.9570640480276],[-76.315867,36.955351],[-76.322764,36.959147],[-76.327365,36.959447],[-76.330765,36.938647],[-76.328279,36.915029],[-76.326021,36.903722],[-76.3211454848823,36.9032149201712],[-76.3187362851182,36.9029643504213],[-76.314137,36.902486],[-76.314731,36.896024],[-76.3174106463965,36.8872998507492],[-76.3179906688127,36.8854114664707],[-76.318059,36.885189],[-76.3304922262524,36.8891435854775],[-76.336784,36.875027]]]}},{"type":"Feature","properties":{"code":"US-51720","name":"Norton","label":"Norton city","type":"city","parentCode":"US-VA"},"geometry":{"type":"Polygon","coordinates":[[[-82.663289,36.920733],[-82.643992,36.900116],[-82.633959,36.90624],[-82.618264,36.906756],[-82.621684,36.929167],[-82.589279,36.94339],[-82.603422,36.959671],[-82.611077,36.948653],[-82.615761,36.956708],[-82.634101,36.952248],[-82.663289,36.920733]]]}},{"type":"Feature","properties":{"code":"US-51730","name":"Petersburg","label":"Petersburg city","type":"city","parentCode":"US-VA"},"geometry":{"type":"Polygon","coordinates":[[[-77.445202,37.196951],[-77.454588,37.187474],[-77.421978,37.179465],[-77.42347,37.165095],[-77.399203,37.17085],[-77.376702,37.180549],[-77.359793,37.171902],[-77.351164,37.172906],[-77.329767,37.197495],[-77.344949,37.213797],[-77.35248,37.219162],[-77.358269,37.231922],[-77.365753,37.241278],[-77.376785,37.244849],[-77.385773,37.238192],[-77.395349,37.238088],[-77.403671,37.237346],[-77.404188,37.236785],[-77.416501,37.233208],[-77.432655,37.225866],[-77.447408,37.223066],[-77.44172,37.213078],[-77.445423,37.199528],[-77.445202,37.196951]]]}},{"type":"Feature","properties":{"code":"US-51735","name":"Poquoson","label":"Poquoson city","type":"city","parentCode":"US-VA"},"geometry":{"type":"Polygon","coordinates":[[[-76.412885,37.155808],[-76.410806,37.128078],[-76.407757,37.129118],[-76.405844,37.125577],[-76.401761,37.119233],[-76.395795,37.107174],[-76.393401,37.108321],[-76.385179,37.105118],[-76.367467,37.113044],[-76.344666,37.096844],[-76.317364,37.103044],[-76.311744,37.102],[-76.301564,37.103244],[-76.2939248459267,37.1135313838259],[-76.294196,37.113761],[-76.298549,37.12983],[-76.311088,37.138495],[-76.324353,37.142895],[-76.330481,37.141727],[-76.334017,37.144223],[-76.340129,37.151823],[-76.34405,37.160367],[-76.344898,37.164479],[-76.343234,37.166207],[-76.348658,37.170655],[-76.35969,37.16858],[-76.375255,37.16084],[-76.376714140078,37.1596179344448],[-76.3776319778057,37.1588492228665],[-76.3784810113786,37.1581381364531],[-76.381379,37.155711],[-76.394756,37.157568],[-76.402177711648,37.1619499944324],[-76.412885,37.155808]]]}},{"type":"Feature","properties":{"code":"US-51740","name":"Portsmouth","label":"Portsmouth city","type":"city","parentCode":"US-VA"},"geometry":{"type":"Polygon","coordinates":[[[-76.413434,36.874257],[-76.420368,36.866348],[-76.399658,36.866246],[-76.398976,36.861012],[-76.396218,36.856947],[-76.394267,36.856848],[-76.387421,36.852199],[-76.383466,36.837548],[-76.388796,36.833516],[-76.395466,36.828148],[-76.397927,36.823719],[-76.403666,36.814048],[-76.400265,36.806437],[-76.386998,36.798547],[-76.375679,36.786062],[-76.363839,36.787804],[-76.342065,36.791032],[-76.336043,36.791923],[-76.328806,36.792999],[-76.302971,36.797849],[-76.301452,36.799106],[-76.292144,36.798663],[-76.290061,36.808742],[-76.289962,36.822048],[-76.293135,36.829219],[-76.294543,36.8324],[-76.295863,36.843847],[-76.29796,36.846412],[-76.301263,36.850647],[-76.306663,36.854047],[-76.313533,36.858533],[-76.317211,36.860657],[-76.330784,36.868403],[-76.336784,36.875027],[-76.3304922262524,36.8891435854775],[-76.349433,36.895168],[-76.353765,36.922747],[-76.385867,36.923247],[-76.387567,36.899547],[-76.395685184874,36.8986908042733],[-76.4069080052877,36.8975071738154],[-76.403942,36.89396],[-76.411067,36.876148],[-76.413434,36.874257]]]}},{"type":"Feature","properties":{"code":"US-51750","name":"Radford","label":"Radford city","type":"city","parentCode":"US-VA"},"geometry":{"type":"Polygon","coordinates":[[[-80.595167,37.125125],[-80.596069,37.115857],[-80.580469,37.089662],[-80.578286,37.09325],[-80.556803,37.099876],[-80.549088,37.118304],[-80.530959,37.110504],[-80.532121,37.119029],[-80.50854,37.135708],[-80.511287,37.147782],[-80.52476,37.147873],[-80.526464,37.136307],[-80.530709,37.132381],[-80.529762,37.133842],[-80.544642,37.143705],[-80.550105,37.14678],[-80.568062,37.141675],[-80.582819,37.134061],[-80.595167,37.125125]]]}},{"type":"Feature","properties":{"code":"US-51760","name":"Richmond","label":"Richmond city","type":"city","parentCode":"US-VA"},"geometry":{"type":"Polygon","coordinates":[[[-77.595462,37.55575],[-77.601173,37.545161],[-77.592448,37.532949],[-77.567764,37.534844],[-77.55452,37.543028],[-77.545036,37.528101],[-77.528859,37.531875],[-77.528469,37.526235],[-77.528468,37.525476],[-77.526715,37.515993],[-77.523176,37.5019],[-77.523139,37.501714],[-77.51673,37.482554],[-77.513697,37.479251],[-77.513655,37.479122],[-77.512248,37.472483],[-77.500739,37.464014],[-77.495549,37.463127],[-77.486388,37.459024],[-77.486165,37.4591],[-77.479551,37.458851],[-77.466828,37.463924],[-77.461608,37.462524],[-77.459383,37.464327],[-77.450238,37.460597],[-77.442643,37.460359],[-77.426479,37.451379],[-77.420737,37.447524],[-77.417791,37.457487],[-77.421705,37.498988],[-77.417615,37.504776],[-77.41651,37.517133],[-77.414001,37.517248],[-77.408877,37.514617],[-77.393877,37.504954],[-77.39427,37.514884],[-77.387597,37.517483],[-77.393905,37.526108],[-77.386037,37.528919],[-77.394993,37.544018],[-77.395822,37.546736],[-77.395079,37.549355],[-77.411538,37.552592],[-77.409465,37.555842],[-77.408937,37.557921],[-77.415236,37.56292],[-77.413216,37.576267],[-77.413323,37.579964],[-77.424844,37.582109],[-77.43144,37.580848],[-77.438045,37.58474],[-77.43762,37.598566],[-77.447509,37.602217],[-77.450257,37.602449],[-77.454334,37.6019],[-77.466905,37.598975],[-77.470903,37.598396],[-77.478146,37.598892],[-77.479206,37.587651],[-77.472527,37.578747],[-77.473094,37.578331],[-77.488597,37.578346],[-77.492899,37.581786],[-77.49381,37.581987],[-77.500521,37.57572],[-77.511812,37.581751],[-77.511943,37.581835],[-77.516464,37.581666],[-77.531647,37.591951],[-77.543883,37.581331],[-77.547469,37.572535],[-77.539021,37.572863],[-77.525855,37.568235],[-77.529495,37.559656],[-77.538563,37.559548],[-77.544161,37.5604],[-77.559398,37.55569],[-77.595462,37.55575]]]}},{"type":"Feature","properties":{"code":"US-51770","name":"Roanoke","label":"Roanoke city","type":"city","parentCode":"US-VA"},"geometry":{"type":"Polygon","coordinates":[[[-80.033464,37.26289],[-80.037477,37.251804],[-80.02883,37.24365],[-80.004179,37.24642],[-79.998191,37.252158],[-79.994117,37.241383],[-79.994392,37.241179],[-79.988175,37.237319],[-79.975902,37.236707],[-79.974073,37.231346],[-79.973967,37.231265],[-79.966532,37.219848],[-79.957781,37.21272],[-79.946282,37.218171],[-79.936217,37.227136],[-79.929166,37.222245],[-79.901072,37.264656],[-79.905032,37.266023],[-79.904886,37.266259],[-79.907393,37.275258],[-79.907422,37.275336],[-79.917959,37.279503],[-79.883273,37.293765],[-79.87855,37.29189],[-79.879723,37.297104],[-79.887867,37.3079],[-79.918066,37.328414],[-79.926634,37.324037],[-79.929288,37.319974],[-79.934026,37.320846],[-79.949734,37.326254],[-79.959013,37.320139],[-79.964265,37.333846],[-79.968835,37.337313],[-79.971662,37.334878],[-79.989021,37.327208],[-80.004961,37.315644],[-80.022226,37.308338],[-80.019215,37.299034],[-80.023263,37.290266],[-80.013916,37.280327],[-80.014253,37.270984],[-80.015672,37.271379],[-80.018446,37.264254],[-80.033464,37.26289]]]}},{"type":"Feature","properties":{"code":"US-51775","name":"Salem","label":"Salem city","type":"city","parentCode":"US-VA"},"geometry":{"type":"Polygon","coordinates":[[[-80.12034,37.286886],[-80.105716,37.280734],[-80.105036,37.278118],[-80.088464,37.28227],[-80.074512,37.257062],[-80.064839,37.260343],[-80.051202,37.2522],[-80.046455,37.253852],[-80.033464,37.26289],[-80.018446,37.264254],[-80.015672,37.271379],[-80.014253,37.270984],[-80.013916,37.280327],[-80.023263,37.290266],[-80.019215,37.299034],[-80.022226,37.308338],[-80.027941,37.311026],[-80.033596,37.324293],[-80.038176,37.320277],[-80.047729,37.317732],[-80.058967,37.31259],[-80.084224,37.297499],[-80.12034,37.286886]]]}},{"type":"Feature","properties":{"code":"US-51790","name":"Staunton","label":"Staunton city","type":"city","parentCode":"US-VA"},"geometry":{"type":"Polygon","coordinates":[[[-79.109982,38.161841],[-79.113042,38.152277],[-79.108033,38.14314],[-79.091559,38.132128],[-79.086569,38.126964],[-79.048755,38.122104],[-79.038096,38.130024],[-79.030656,38.132835],[-79.019319,38.148071],[-79.013061,38.165159],[-79.013051,38.16828],[-79.024304,38.176508],[-79.022162,38.190705],[-79.033789,38.199018],[-79.060144,38.18684],[-79.078367,38.186014],[-79.082282,38.188322],[-79.098403,38.182775],[-79.101322,38.179419],[-79.109982,38.161841]]]}},{"type":"Feature","properties":{"code":"US-51800","name":"Suffolk","label":"Suffolk city","type":"city","parentCode":"US-VA"},"geometry":{"type":"Polygon","coordinates":[[[-76.930936,36.559569],[-76.915897,36.552093],[-76.807078,36.550606],[-76.7813994753598,36.5506587872859],[-76.781296,36.550659],[-76.7552893942129,36.5504303379591],[-76.749678,36.550381],[-76.738329,36.550985],[-76.7151510790619,36.5509506956578],[-76.632872902435,36.5508289203385],[-76.575496,36.550744],[-76.541687,36.550312],[-76.5415364676522,36.5503132587206],[-76.491482764957,36.5507317975136],[-76.466768,36.746249],[-76.463475,36.769852],[-76.463398,36.77046],[-76.461781,36.782566],[-76.457469,36.814841],[-76.456168,36.816948],[-76.44067,36.841553],[-76.436535,36.847752],[-76.421312,36.865403],[-76.420368,36.866348],[-76.413434,36.874257],[-76.411067,36.876148],[-76.403942,36.89396],[-76.4069080052877,36.8975071738154],[-76.407507,36.897444],[-76.4232445599545,36.9021480789844],[-76.43122,36.904532],[-76.441605,36.906116],[-76.447413,36.90322],[-76.453941,36.89274],[-76.45329,36.887031],[-76.454692,36.884077],[-76.4553520178657,36.8840258791838],[-76.469914,36.882898],[-76.4786792132429,36.891588948337],[-76.483369,36.896239],[-76.482135,36.901108],[-76.482407,36.917364],[-76.4841070658135,36.928916],[-76.501754,36.913646],[-76.521099,36.90633],[-76.529279,36.916698],[-76.537863,36.912395],[-76.631277,36.84196],[-76.632902,36.840717],[-76.741229,36.7575],[-76.793189,36.719455],[-76.897592,36.64405],[-76.895112,36.63964],[-76.893351,36.626393],[-76.910964,36.619229],[-76.909268,36.579747],[-76.930936,36.559569]]]}},{"type":"Feature","properties":{"code":"US-51810","name":"Virginia Beach","label":"Virginia Beach city","type":"city","parentCode":"US-VA"},"geometry":{"type":"Polygon","coordinates":[[[-76.22606,36.839947],[-76.22806,36.832874],[-76.223249,36.819972],[-76.223164,36.819813],[-76.219331,36.810941],[-76.213635,36.79599],[-76.212882,36.794165],[-76.206447,36.777048],[-76.2037,36.769742],[-76.18716,36.764095],[-76.143253,36.757045],[-76.100054,36.718177],[-76.098455,36.71675],[-76.082154,36.71245],[-76.065553,36.68555],[-76.069153,36.67745],[-76.099778,36.673372],[-76.121955,36.66575],[-76.1223521611215,36.5506209121235],[-76.034751,36.550653],[-76.02675,36.550553],[-76.026721,36.550553],[-75.957648,36.550553],[-75.955748,36.550553],[-75.953447,36.550553],[-75.952847,36.550553],[-75.922046,36.550654],[-75.911446,36.550654],[-75.909046,36.550654],[-75.90688,36.550654],[-75.904745,36.550654],[-75.903445,36.550654],[-75.894145,36.550754],[-75.893245,36.550654],[-75.891945,36.550754],[-75.886545,36.550754],[-75.885945,36.550754],[-75.880644,36.550754],[-75.880247,36.550736],[-75.8683,36.550394],[-75.874145,36.583853],[-75.890946,36.630753],[-75.9200911371676,36.6887537343062],[-75.921748,36.692051],[-75.9493946111252,36.760763796998],[-75.94955,36.76115],[-75.965451,36.812449],[-75.9668352743951,36.8186098474906],[-75.972151,36.842268],[-75.9730919562015,36.8455941087234],[-75.9770333959515,36.8595263800813],[-75.9820262160534,36.8771750894145],[-75.9853442838543,36.8889038545148],[-75.991552,36.910847],[-75.9932880598317,36.9149839936415],[-75.996252,36.922047],[-76.007553,36.929047],[-76.013753,36.930746],[-76.033454,36.931946],[-76.043054,36.927547],[-76.0579536334571,36.9170876546593],[-76.058154,36.916947],[-76.0694578183494,36.9137987267105],[-76.0778530752029,36.9114605289358],[-76.087955,36.908647],[-76.0916075232336,36.9087292095789],[-76.095508,36.908817],[-76.1201507311726,36.9167778178298],[-76.1295204284118,36.9198046922586],[-76.1366415575978,36.9221051682811],[-76.139557,36.923047],[-76.177019231978,36.9292904575734],[-76.187509,36.922912],[-76.192531,36.918035],[-76.187011,36.91055],[-76.182012,36.906668],[-76.198459,36.886642],[-76.193122,36.877425],[-76.193259,36.865247],[-76.176905,36.856971],[-76.177672,36.8542],[-76.183058,36.846003],[-76.187624,36.842118],[-76.194742,36.829967],[-76.19543,36.829828],[-76.210412,36.832907],[-76.22606,36.839947]]]}},{"type":"Feature","properties":{"code":"US-51820","name":"Waynesboro","label":"Waynesboro city","type":"city","parentCode":"US-VA"},"geometry":{"type":"Polygon","coordinates":[[[-78.950277,38.069486],[-78.943198,38.06202],[-78.943229,38.061896],[-78.949417,38.056956],[-78.93023,38.049548],[-78.924319,38.032706],[-78.901192,38.045255],[-78.871469,38.040441],[-78.855918,38.074652],[-78.864449,38.095738],[-78.877008,38.092661],[-78.89065,38.098292],[-78.898685,38.098046],[-78.903795,38.099802],[-78.916365,38.090917],[-78.92872,38.091305],[-78.932074,38.083463],[-78.950277,38.069486]]]}},{"type":"Feature","properties":{"code":"US-51830","name":"Williamsburg","label":"Williamsburg city","type":"city","parentCode":"US-VA"},"geometry":{"type":"Polygon","coordinates":[[[-76.741143,37.27338],[-76.738657,37.27537],[-76.736717,37.259249],[-76.732155,37.253666],[-76.726996,37.250145],[-76.700271,37.248744],[-76.682638,37.247226],[-76.664237,37.251064],[-76.68029,37.265732],[-76.680151,37.265997],[-76.684705,37.270068],[-76.68187,37.292642],[-76.709861,37.282726],[-76.710106,37.277362],[-76.727314,37.29891],[-76.727859,37.305927],[-76.740465,37.305737],[-76.725294,37.279904],[-76.737478,37.280194],[-76.741143,37.27338]]]}},{"type":"Feature","properties":{"code":"US-51840","name":"Winchester","label":"Winchester city","type":"city","parentCode":"US-VA"},"geometry":{"type":"Polygon","coordinates":[[[-78.19729,39.19091],[-78.200497,39.180163],[-78.189348,39.175189],[-78.193797,39.163055],[-78.196629,39.142151],[-78.183183,39.131027],[-78.157964,39.162433],[-78.148026,39.175899],[-78.137607,39.184895],[-78.153206,39.194025],[-78.155418,39.20097],[-78.164187,39.198713],[-78.187901,39.204759],[-78.19729,39.19091]]]}}]}
